lsoa11,LSOA21CD,LSOA21NM,LAD22NM,is_lincolnshire,year,actual_samhi,lag_1,delta_1,pred_naive,err_naive,pred_ridge,err_ridge,pred_random,err_random,pred_lightgbm,err_lightgbm
E01026006,E01034681,Boston 003E,Boston,1,2020,0.302920800405521,0.40798565934505,0.26861744563032697,0.6766031049753769,0.3736823045698559,0.579020809843419,0.276100009437898,0.646228946417865,0.343308146012344,0.6637928223742695,0.3608720219687485
E01026007,E01026007,Boston 001A,Boston,1,2020,0.209190521866846,0.182767282102185,0.369964221676434,0.552731503778619,0.343540981911773,0.33106821501693584,0.12187769315008984,0.29223102972219517,0.08304050785534917,0.2909005579217512,0.08171003605490518
E01026008,E01026008,Boston 001B,Boston,1,2020,0.515195008799564,0.765157989397317,0.6804660222479844,1.4456240116453014,0.9304290028457374,0.7293868344069402,0.21419182560737615,0.48225071191693103,-0.032944296882633006,0.5698292434111073,0.054634234611543264
E01026009,E01026009,Boston 001C,Boston,1,2020,0.63673156555769,0.823188432751918,0.588158502856117,1.411346935608035,0.7746153700503451,0.8278297278637022,0.1910981623060123,0.7888670508825107,0.1521354853248208,0.884995809886538,0.24826424432884808
E01026010,E01026010,Boston 002A,Boston,1,2020,0.928020751902342,0.853974209871001,0.8646983664642444,1.7186725763352455,0.7906518244329035,0.8104829646753073,-0.11753778722703467,0.6641025227107371,-0.2639182291916049,0.6771334657124727,-0.25088728618986933
E01026011,E01034679,Boston 002F,Boston,1,2020,0.293354804002235,0.381343057624186,0.4416638743114332,0.8230069319356192,0.5296521279333842,0.4810513209085703,0.18769651690633526,0.44861696868490875,0.15526216468267373,0.4499476291712987,0.1565928251690637
E01026012,E01026012,Boston 004A,Boston,1,2020,0.495929329881876,1.38069070829999,1.091722715247538,2.472413423547528,1.9764840936656523,1.2300458567726724,0.7341165268907964,1.1289802621573637,0.6330509322754877,1.1180395634197087,0.6221102335378327
E01026013,E01026013,Boston 008A,Boston,1,2020,0.215499369314276,0.0788120321592077,0.6335004676234057,0.7123124997826135,0.49681313046833747,0.1711096619040618,-0.044389707410214196,0.05097743269992041,-0.16452193661435557,0.07539940802389893,-0.14009996129037705
E01026014,E01026014,Boston 008B,Boston,1,2020,0.0649035017789702,0.19604388428872,0.307960420895907,0.504004305184627,0.4391008034056568,0.3266492897500424,0.26174578797107223,0.2465655701870522,0.181662068408082,0.2416416738209891,0.17673817204201892
E01026015,E01026015,Boston 004B,Boston,1,2020,0.0976785392566882,-0.142536697955281,0.277175607350235,0.134638909394954,0.036960370138265794,0.03143492384301402,-0.06624361541367417,0.027476130573021392,-0.0702024086836668,-0.000893941711227458,-0.09857248096791565
E01026016,E01026016,Boston 006A,Boston,1,2020,0.619908956543889,0.41412803992828,0.22543668355923202,0.639564723487512,0.019655766943623032,0.5612590607244875,-0.0586498958194015,0.5413685045122915,-0.07854045203159754,0.5170644557685643,-0.1028445007753247
E01026017,E01026017,Boston 007A,Boston,1,2020,0.779253440286485,0.838673816789069,0.4340813601925301,1.2727551769815992,0.4935017366951142,0.8396935499023304,0.06044010961584534,0.8731439059886706,0.09389046570218562,0.8072930986843625,0.028039658397877476
E01026018,E01026018,Boston 007B,Boston,1,2020,0.518743359312058,0.657950499867917,0.6998273059815455,1.3577778058494625,0.8390344465374046,0.64865511464987,0.12991175533781207,0.48563150523134807,-0.03311185408070988,0.5353526032788422,0.016609243966784204
E01026019,E01026019,Boston 007C,Boston,1,2020,0.543855929584882,0.361125381463806,0.2983033966021397,0.6594287780659458,0.11557284848106375,0.4859415517404179,-0.05791437784446413,0.4322547496081789,-0.11160117997670316,0.463557742391712,-0.08029818719317006
E01026020,E01026020,Boston 007D,Boston,1,2020,0.25522644014562,0.598663072028738,0.5632549916972424,1.1619180637259805,0.9066916235803605,0.6639102165565821,0.4086837764109621,0.5280719059967219,0.2728454658511019,0.5251304265961944,0.26990398645057434
E01026021,E01026021,Boston 003B,Boston,1,2020,1.08495604102768,0.740800622550787,0.45457429345690703,1.195374916007694,0.11041887498001413,0.971965982165224,-0.11299005886245594,1.2384628808971392,0.15350683986945923,1.267196757265824,0.18224071623814408
E01026022,E01026022,Boston 008C,Boston,1,2020,0.125066638930064,0.319790166326186,0.7165221389877641,1.03631230531395,0.911245666383886,0.2996229433839451,0.17455630445388107,0.4093192245222393,0.28425258559217526,0.36011143406242735,0.23504479513236334
E01026023,E01026023,Boston 001D,Boston,1,2020,1.39314782866336,1.20340263431006,0.005344152372309896,1.2087467866823698,-0.18440104198099028,1.2584795502178505,-0.13466827844550955,1.233622457252535,-0.15952537141082512,1.2441969273724625,-0.1489509012908976
E01026024,E01026024,Boston 001E,Boston,1,2020,0.837804721216844,0.57580803655164,0.33083742578406405,0.9066454623357041,0.06884074111886007,0.7234563037728905,-0.11434841744395352,0.741577394281586,-0.09622732693525804,0.745180232475405,-0.09262448874143903
E01026025,E01026025,Boston 003C,Boston,1,2020,0.16257326635105,0.251518839217717,0.5057665857602189,0.7572854249779359,0.594712158626886,0.36827980221714796,0.20570653586609797,0.43135742216068473,0.2687841558096348,0.48167677967198136,0.31910351332093134
E01026026,E01026026,Boston 004C,Boston,1,2020,0.642359803109872,0.610743796434142,0.34300622780434,0.953750024238482,0.31139022112861003,0.7521591408896259,0.10979933777975392,0.7809085737871068,0.1385487706772348,0.7688521885474643,0.12649238543759234
E01026027,E01026027,Boston 004D,Boston,1,2020,0.174677602582111,0.393278015634333,0.6656023954676791,1.058880411102012,0.884202808519901,0.42145129026428046,0.24677368768216945,0.4990984650567382,0.3244208624746272,0.43200468021185534,0.2573270776297443
E01026028,E01026028,Boston 004E,Boston,1,2020,0.909721508016324,0.744066522134043,0.305519564391882,1.049586086525925,0.139864578509601,0.8414951187280173,-0.06822638928830671,0.8636318509791456,-0.04608965703717838,0.8238542838532807,-0.08586722416304327
E01026029,E01034683,Boston 009E,Boston,1,2020,0.168716775723949,0.646925583133603,0.5979001054566182,1.2448256885902214,1.0761089128662724,0.6141486500197989,0.4454318742958499,0.6629715823569833,0.4942548066330343,0.6515877275559845,0.4828709518320355
E01026030,E01026030,Boston 002C,Boston,1,2020,0.849989482127519,1.03694266262879,0.4547461081261811,1.4916887707549713,0.6416992886274523,1.1078322334742143,0.2578427513466953,1.2544423415213888,0.40445285939386977,1.2054627968537364,0.35547331472621735
E01026031,E01026031,Boston 009B,Boston,1,2020,0.866957367481624,0.719157548672549,0.309646723400844,1.028804272073393,0.16184690459176898,0.8414403531493843,-0.02551701433223974,0.9335058610294712,0.0665484935478472,0.8527070050686271,-0.01425036241299693
E01026032,E01026032,Boston 002D,Boston,1,2020,-0.186139856791681,-0.0918482941204675,0.1439408023870025,0.052092508266535,0.238232365058216,0.13954982551923456,0.32568968231091555,0.07552972886158313,0.26166958565326415,0.13272028966475505,0.318860146456436
E01026033,E01026033,Boston 006B,Boston,1,2020,0.710283490895318,0.420345756487472,0.187176412168109,0.6075221686555811,-0.10276132223973689,0.6003553574436783,-0.10992813345163965,0.7253529048015728,0.015069413906254825,0.6965573039469087,-0.013726186948409214
E01026034,E01026034,Boston 006C,Boston,1,2020,0.762624740441926,0.854452149721905,0.5266312232984129,1.381083373020318,0.6184586325783921,0.9039659657409416,0.1413412252990156,0.8470023611074339,0.08437762066550791,0.8475175375345854,0.0848927970926594
E01026035,E01026035,Boston 009C,Boston,1,2020,-0.248599229389372,-0.185439285634057,0.239459643676708,0.054020358042650984,0.302619587432023,0.01243355723179801,0.26103278662117,-0.0637045382850912,0.1848946911042808,-0.034745896038106405,0.2138533333512656
E01026036,E01026036,Boston 003D,Boston,1,2020,0.64774346437331,0.212198282808231,0.20654495921313099,0.418743242021362,-0.229000222351948,0.37534573625579615,-0.27239772811751384,0.29891438447375474,-0.34882907989955525,0.2858607218910474,-0.3618827424822626
E01026037,E01026037,Boston 002E,Boston,1,2020,0.669495541806803,0.887949271700815,0.769413702361649,1.657362974062464,0.987867432255661,0.8391128032674394,0.16961726146063638,0.7132760813267208,0.04378053951991778,0.6897182869008693,0.020222745094066297
E01026038,E01026038,Boston 008D,Boston,1,2020,0.269500901522154,0.0157568054835776,0.1332840339040646,0.1490408393876422,-0.1204600621345118,0.15983119843445015,-0.10966970308770385,0.0640845316980063,-0.20541636982414768,0.1141023026638,-0.155398598858354
E01026039,E01026039,Boston 009D,Boston,1,2020,0.909456197189157,0.181084066688913,0.061389521352613,0.242473588041526,-0.6669826091476311,0.3352609309821349,-0.5741952662070222,0.2989444690807186,-0.6105117281084385,0.26907993608335906,-0.6403762611057979
E01026040,E01026040,Boston 008E,Boston,1,2020,0.249769013994728,0.384172353156243,0.743817069528734,1.1279894226849771,0.8782204086902492,0.4079929025842432,0.1582238885895152,0.45237425194903835,0.20260523795431035,0.3941437029274723,0.1443746889327443
E01026041,E01026041,Boston 007E,Boston,1,2020,0.877738227286092,1.52171761840908,0.881336170425884,2.403053788834964,1.5253155615488718,1.3912684091866505,0.5135301819005585,1.2893157711481193,0.4115775438620274,1.403214304633536,0.525476077347444
E01026042,E01026042,East Lindsey 008A,East Lindsey,1,2020,0.731619578898213,0.729502046136481,-0.3248885364320391,0.4046135097044419,-0.3270060691937712,0.965988681563962,0.23436910266574895,1.020131880095636,0.288512301197423,1.0102281499297674,0.27860857103155434
E01026043,E01026043,East Lindsey 008B,East Lindsey,1,2020,0.450949466470259,0.735383818001782,0.320086885854737,1.055470703856519,0.60452123738626,0.7902357648154863,0.3392862983452273,0.8508355283390372,0.3998860618687782,0.7751781253384606,0.3242286588682016
E01026044,E01026044,East Lindsey 008C,East Lindsey,1,2020,0.645518177618575,0.541764019159603,0.43368967605655506,0.9754536952161581,0.3299355175975831,0.6508853598104078,0.005367182191832853,0.630290680451928,-0.015227497166646953,0.6405297679298803,-0.004988409688694739
E01026045,E01026045,East Lindsey 001A,East Lindsey,1,2020,0.526427770017395,0.712880983533108,0.11524335958266707,0.8281243431157751,0.30169657309838005,0.8530338326148589,0.32660606259746383,0.8794769582628306,0.3530491882454355,0.8509401611327513,0.32451239111535624
E01026046,E01026046,East Lindsey 013A,East Lindsey,1,2020,1.22554863430711,1.0775513983392,0.385337452809976,1.462888851149176,0.23734021684206597,1.1275573475275973,-0.09799128677951274,1.3359790825433044,0.11043044823619441,1.2521331994320422,0.026584565124932125
E01026047,E01026047,East Lindsey 013B,East Lindsey,1,2020,0.901319527165646,0.768351420169739,0.336009267408106,1.1043606875778451,0.2030411604121991,0.85333576192416,-0.047983765241485954,0.8736243191792278,-0.027695207986418224,0.8438919679936806,-0.0574275591719654
E01026048,E01026048,East Lindsey 010A,East Lindsey,1,2020,1.975428579989,3.30420025784873,1.3615805736151503,4.665780831463881,2.6903522514748808,2.9327847851222835,0.9573562051332836,2.5609695022372,0.5855409222482,2.298482456069379,0.32305387608037917
E01026049,E01026049,East Lindsey 010B,East Lindsey,1,2020,1.87897866336305,1.44983113356652,0.5740538907572429,2.023885024323763,0.14490636096071285,1.4603715365821637,-0.4186071267808864,1.5422861599625872,-0.33669250340046286,1.4248108139424251,-0.45416784942062494
E01026050,E01026050,East Lindsey 010C,East Lindsey,1,2020,2.5990417155614,2.52893715772538,1.3102279779728598,3.8391651356982397,1.2401234201368396,2.3053626645098224,-0.29367905105157766,2.5310120027342027,-0.06802971282719739,2.1351873371515553,-0.4638543784098448
E01026051,E01026051,East Lindsey 016A,East Lindsey,1,2020,0.414006672594957,0.250708507663204,0.14696300985891303,0.39767151752211705,-0.016335155072839946,0.44069583950238456,0.026689166907427564,0.42318708686158424,0.009180414266627246,0.42592932429811015,0.011922651703153153
E01026052,E01026052,East Lindsey 016B,East Lindsey,1,2020,1.28267336775852,0.9778793405089,0.8782439531697324,1.8561232936786323,0.5734499259201122,0.8736068717047973,-0.4090664960537227,0.8196964363222656,-0.4629769314362544,0.7297247185846869,-0.5529486491738331
E01026053,E01026053,East Lindsey 016C,East Lindsey,1,2020,0.184084736820387,0.12844449372859,0.416554558130672,0.544999051859262,0.360914315038875,0.2616981874735498,0.07761345065316277,0.22210891677204075,0.03802417995165375,0.20192922434066693,0.017844487520279922
E01026054,E01026054,East Lindsey 016D,East Lindsey,1,2020,1.04318341485044,1.30122045376076,0.5633122826819379,1.8645327364426978,0.8213493215922578,1.2669130460477103,0.2237296311972703,1.3510908672464308,0.3079074523959908,1.3599408629746947,0.31675744812425477
E01026055,E01026055,East Lindsey 013C,East Lindsey,1,2020,0.426070558552913,0.782981878717602,0.49963193277863205,1.2826138114962342,0.8565432529433212,0.8460750833579104,0.4200045248049974,0.8694522618049185,0.44338170325200554,0.842024377015777,0.41595381846286406
E01026056,E01026056,East Lindsey 017A,East Lindsey,1,2020,0.985035510675036,1.64770974886754,1.084717443268403,2.732427192135943,1.7473916814609072,1.433786178750429,0.4487506680753929,1.283269305957746,0.29823379528271,1.3686791331055217,0.38364362243048566
E01026057,E01026057,East Lindsey 018A,East Lindsey,1,2020,0.274780080133354,0.267386911598889,0.400510785510741,0.66789769710963,0.393117616976276,0.3259708241130409,0.051190743979686926,0.3251480678378381,0.05036798770448414,0.32146289184241417,0.04668281170906019
E01026058,E01026058,East Lindsey 002A,East Lindsey,1,2020,0.372015670732994,0.473133167600095,0.00023183029928097731,0.47336499789937597,0.10134932716638195,0.6494398718250792,0.2774242010920852,0.7070671418512616,0.3350514711182676,0.662548496882141,0.290532826149147
E01026059,E01026059,East Lindsey 013D,East Lindsey,1,2020,1.20334519323254,0.766648739044654,0.07404255974795304,0.8406912987926071,-0.362653894439933,0.947757662061225,-0.25558753117131505,0.9358533675241584,-0.2674918257083817,0.9656869204820473,-0.23765827275049278
E01026060,E01026060,East Lindsey 009A,East Lindsey,1,2020,0.669077691269483,1.07017882540012,0.6487261850906161,1.7189050104907362,1.049827319221253,1.0854702405420407,0.41639254927255764,0.8848430165088579,0.21576532523937486,0.9973458846805577,0.3282681934110747
E01026061,E01026061,East Lindsey 001B,East Lindsey,1,2020,-0.132724834859971,-0.240704581295949,0.10600543952651001,-0.13469914176943898,-0.001974306909467982,-0.012356716547677657,0.12036811831229334,-0.033551734696897866,0.09917310016307312,-0.04324348194957201,0.08948135291039899
E01026062,E01026062,East Lindsey 001C,East Lindsey,1,2020,0.224408284335102,-0.155899628121253,0.034777278892894004,-0.12112234922835899,-0.345530633563461,0.0720405941400678,-0.15236769019503418,-0.04607103292915988,-0.2704793172642619,0.026068388780281292,-0.1983398955548207
E01026063,E01026063,East Lindsey 001D,East Lindsey,1,2020,-0.0121228030863824,-0.0605354105373551,0.027759743225775804,-0.0327756673115793,-0.0206528642251969,0.12540220125855914,0.13752500434494153,0.09691780864702912,0.10904061173341152,0.1271815673925532,0.1393043704789356
E01026064,E01026064,East Lindsey 011A,East Lindsey,1,2020,1.21773448117073,1.63927912040472,0.005732108404229885,1.6450112288089498,0.42727674763821977,1.753655869827339,0.535921388656609,1.8882368511376897,0.6705023699669597,1.8111932901963141,0.5934588090255841
E01026065,E01026065,East Lindsey 011B,East Lindsey,1,2020,0.967901526661772,1.62502821652605,1.153421963299023,2.778450179825073,1.810548653163301,1.4315159686042804,0.46361444194250845,1.2789644128343067,0.31106288617253475,1.3798563831742476,0.41195485651247565
E01026066,E01026066,East Lindsey 011C,East Lindsey,1,2020,0.187158729740787,0.484249250389246,0.152783545339514,0.63703279572876,0.449874065987973,0.6594469017225507,0.4722881719817637,0.6970649287013795,0.5099061989605924,0.71221478913545,0.5250560593946629
E01026067,E01026067,East Lindsey 011D,East Lindsey,1,2020,1.23124718981485,1.10874828465069,0.08591351699146998,1.19466180164216,-0.03658538817269008,1.2416232083964271,0.010376018581577107,1.2278093425711603,-0.0034378472436897844,1.224244627863601,-0.007002561951249042
E01026068,E01026068,East Lindsey 009B,East Lindsey,1,2020,0.501490292893636,0.563492894861909,0.476895361900924,1.040388256762833,0.5388979638691971,0.6338101847728973,0.1323198918792613,0.5236250579494012,0.02213476505576517,0.5461867872744907,0.04469649438085466
E01026069,E01026069,East Lindsey 010D,East Lindsey,1,2020,2.6800363363073,2.4229919092371,0.45645595324793997,2.8794478624850397,0.1994115261777396,2.4006299538011,-0.2794063825062003,2.5047545545919165,-0.17528178171538356,2.1793090516158684,-0.5007272846914317
E01026070,E01026070,East Lindsey 009C,East Lindsey,1,2020,0.328565666829427,0.55226286730924,0.14384666492021603,0.696109532229456,0.36754386540002904,0.6774042364067615,0.3488385695773345,0.5671058532840854,0.23854018645465835,0.5959494600088079,0.2673837931793809
E01026071,E01026071,East Lindsey 007A,East Lindsey,1,2020,0.436702927611378,0.0672087435477403,-0.1619149012515067,-0.0947061577037664,-0.5314090853151444,0.35941021748188107,-0.07729271012949696,0.35520968415882487,-0.08149324345255315,0.31374749592581275,-0.12295543168556528
E01026072,E01026072,East Lindsey 005A,East Lindsey,1,2020,2.03952186239666,2.45159437878429,0.4716825977546102,2.9232769765389004,0.8837551141422404,2.4700791627234233,0.4305573003267633,2.5357027596841224,0.4961808972874624,2.1559705051551163,0.11644864275845634
E01026073,E01026073,East Lindsey 005B,East Lindsey,1,2020,1.91437226528405,2.23020997114621,0.39575815571337003,2.62596812685958,0.71159586157553,2.188283995948843,0.27391173066479313,1.917658659888076,0.0032863946040260217,2.2523581523856078,0.33798588710155775
E01026074,E01026074,East Lindsey 005C,East Lindsey,1,2020,1.75821293946595,1.61705198513451,-0.06609435958866006,1.55095762554585,-0.2072553139201001,1.8190775414649252,0.06086460199897514,2.0459195492935054,0.28770660982755536,1.9478177627640172,0.18960482329806716
E01026075,E01026075,East Lindsey 018B,East Lindsey,1,2020,0.602775032616113,0.260202998131666,0.24863653553643839,0.5088395336681044,-0.09393549894800857,0.4097287856838066,-0.19304624693230638,0.40128584373164666,-0.20148918888446632,0.41360799432803713,-0.18916703828807585
E01026076,E01026076,East Lindsey 002B,East Lindsey,1,2020,0.483983480304016,0.403589474348764,0.067433511951076,0.47102298629984,-0.012960494004175982,0.5512253941221803,0.0672419138181643,0.5201134224369839,0.036129942132967885,0.5299764981790017,0.04599301787498572
E01026077,E01026077,East Lindsey 003A,East Lindsey,1,2020,1.44963374327538,1.9215440263244,0.6613887715365898,2.5829327978609897,1.1332990545856096,1.8924740587049134,0.4428403154295333,1.8430620832461542,0.3934283399707741,1.7515365096784776,0.30190276640309754
E01026078,E01026078,East Lindsey 003B,East Lindsey,1,2020,1.60670013598127,1.94565160527444,-0.028591840153689985,1.91705976512075,0.3103596291394799,2.1540164711385943,0.5473163351573243,1.9571174170128816,0.3504172810316115,2.158811451603313,0.552111315622043
E01026079,E01026079,East Lindsey 002C,East Lindsey,1,2020,0.731902579459968,0.327730472939842,-0.12310349716075103,0.20462697577909095,-0.527275603680877,0.5508222037669365,-0.18108037569303148,0.5038743909472303,-0.22802818851273765,0.5328343613661434,-0.19906821809382458
E01026080,E01026080,East Lindsey 001E,East Lindsey,1,2020,0.243411694734924,-0.105309913337105,0.059038322913524,-0.046271590423581005,-0.289683285158505,0.10871674649304236,-0.13469494824188163,0.04207359011676234,-0.20133810461816165,0.05174592033257406,-0.19166577440234994
E01026081,E01026081,East Lindsey 004A,East Lindsey,1,2020,0.977383637564808,1.03095765196761,-0.029571962266329965,1.00138568970128,0.024002052136472107,1.227965059814269,0.2505814222494611,1.2809700689296937,0.3035864313648857,1.223829832193917,0.246446194629109
E01026082,E01026082,East Lindsey 007B,East Lindsey,1,2020,0.327705316799913,0.377327348156897,0.44494691328611413,0.8222742614430112,0.4945689446430982,0.49529648864738984,0.16759117184747685,0.5792099985176773,0.2515046817177643,0.5660837967276857,0.23837847992777272
E01026083,E01026083,East Lindsey 015A,East Lindsey,1,2020,2.69032716574292,2.90330259906404,0.3807859776179203,3.2840885766819605,0.5937614109390403,2.8427910473137805,0.15246388157086033,2.5910212986307695,-0.09930586711215073,2.3137695170561545,-0.37655764868676567
E01026084,E01026084,East Lindsey 012A,East Lindsey,1,2020,2.01489027874326,1.33674621436353,0.13979171877529994,1.47653793313883,-0.5383523456044299,1.4327603651110739,-0.582129913632186,1.4589226264124904,-0.5559676523307695,1.468188069495172,-0.5467022092480878
E01026085,E01034685,East Lindsey 012E,East Lindsey,1,2020,1.72156434964282,1.98392060047817,0.6691312496786299,2.6530518501567997,0.9314875005139798,1.9211310278062552,0.19956667816343532,1.8877540763374085,0.16618972669458865,1.7353721331760943,0.013807783533274387
E01026087,E01026087,East Lindsey 003C,East Lindsey,1,2020,1.16669613066071,1.72943733575681,0.14516487889897012,1.8746022146557801,0.7079060839950702,1.8255461228598675,0.6588499921991575,1.925605735873289,0.758909605212579,1.9423870499111109,0.7756909192504009
E01026088,E01026088,East Lindsey 003D,East Lindsey,1,2020,0.917119780704634,1.11725454008547,-0.3100121281042898,0.8072424119811803,-0.10987736872345366,1.396406039914177,0.47928625920954315,1.2484984515535231,0.33137867084888917,1.2772142595593854,0.36009447885475143
E01026089,E01026089,East Lindsey 004C,East Lindsey,1,2020,0.763715267825578,0.898256631132102,0.25681475830172795,1.15507138943383,0.39135612160825206,1.0011978922216547,0.2374826243960767,0.9196836543177845,0.15596838649220657,0.9643420716438965,0.20062680381831854
E01026090,E01026090,East Lindsey 003E,East Lindsey,1,2020,0.904178572773719,1.01301972962045,0.01443876388918297,1.027458493509633,0.12327992073591387,1.2424409810005241,0.3382624082268051,1.320689332596775,0.41651075982305596,1.2665365456703952,0.36235797289667615
E01026091,E01026091,East Lindsey 003F,East Lindsey,1,2020,0.498211325410296,1.01520643466565,0.29355503820638795,1.308761472872038,0.810550147461742,1.0196071263348923,0.5213958009245963,0.9842336409707145,0.4860223155604185,0.9959722041044297,0.49776087869413366
E01026092,E01026092,East Lindsey 014A,East Lindsey,1,2020,1.9715821816332,2.56114103607098,0.94715976814212,3.5083008042131,1.5367186225798999,2.511764390579229,0.5401822089460289,2.58608911627639,0.6145069346431902,2.1960822509787423,0.22450006934554234
E01026093,E01026093,East Lindsey 014B,East Lindsey,1,2020,2.28216886327586,2.41418165196057,0.5234459073323301,2.9376275592929,0.6554586960170399,2.3672838472606066,0.08511498398474648,2.4570367492173784,0.17486788594151825,2.2670453314846597,-0.015123531791200406
E01026094,E01026094,East Lindsey 015B,East Lindsey,1,2020,2.06309499549582,1.88555028124179,0.6529759212786899,2.5385262025204796,0.4754312070246596,1.809125886024644,-0.253969109471176,1.5078419004970605,-0.5552530949987595,1.7176355641589174,-0.3454594313369026
E01026095,E01026095,East Lindsey 014C,East Lindsey,1,2020,2.97795037069339,4.13372248788648,1.99167991914925,6.125402407035731,3.1474520363423406,3.7252757617843733,0.7473253910909832,2.6447583075695746,-0.33319206312381544,2.321705201221526,-0.6562451694718643
E01026096,E01026096,East Lindsey 015C,East Lindsey,1,2020,1.05037676695617,0.990955372559378,0.5728048144604541,1.563760187019832,0.513383420063662,0.9701655767203051,-0.08021119023586498,0.8829914571285166,-0.16738530982765354,0.8869907821939034,-0.16338598476226673
E01026097,E01026097,East Lindsey 015D,East Lindsey,1,2020,1.54253168678054,1.86693836124671,0.43396498040866005,2.30090334165537,0.75837165487483,1.8211880036718948,0.2786563168913547,1.5404869948323145,-0.002044691948225541,1.5834711256546388,0.04093943887409868
E01026098,E01026098,East Lindsey 018C,East Lindsey,1,2020,0.662985403292803,0.98984864821216,0.724027282502422,1.713875930714582,1.050890527421779,0.8822116109141194,0.2192262076213164,0.9039209794552052,0.24093557616240224,0.8795218659228218,0.2165364626300188
E01026099,E01026099,East Lindsey 005D,East Lindsey,1,2020,0.870312708924059,0.698281480807877,0.293078315262164,0.991359796070041,0.121047087145982,0.8046664378385423,-0.06564627108551668,0.8705830443488136,0.0002703354247546308,0.8368228784789454,-0.033489830445113555
E01026100,E01026100,East Lindsey 013E,East Lindsey,1,2020,0.850455721675981,0.412842448934307,0.217580026634974,0.630422475569281,-0.22003324610670005,0.559084154454819,-0.2913715672211621,0.5513920227777409,-0.29906369889824014,0.5052881330715636,-0.34516758860441743
E01026101,E01026101,East Lindsey 013F,East Lindsey,1,2020,1.85824496387201,2.00352155483667,0.8416189627339501,2.84514051757062,0.9868955536986099,1.9859509918227383,0.12770602795072827,1.9414033886091224,0.08315842473711244,1.9557439542341244,0.0974989903621144
E01026102,E01026102,East Lindsey 018D,East Lindsey,1,2020,0.97985337644601,0.740516639982465,0.41563475258949295,1.156151392571958,0.17629801612594798,0.7885804848350597,-0.1912728916109503,0.8282370000419459,-0.1516163764040641,0.8313738086538283,-0.14847956779218174
E01026103,E01026103,East Lindsey 006A,East Lindsey,1,2020,1.77590062401745,1.77963007798479,-0.1102634974627501,1.66936658052204,-0.10653404349541007,1.9354657857672863,0.15956516174983637,1.938224413229475,0.16232378921202506,2.052709657793408,0.2768090337759579
E01026104,E01026104,East Lindsey 006B,East Lindsey,1,2020,1.13541915981441,0.962651004089791,0.21565157981705696,1.178302583906848,0.04288342409243784,1.1221741576472533,-0.01324500216715685,1.2797012361798161,0.14428207636540602,1.2422236750729316,0.10680451525852153
E01026105,E01026105,East Lindsey 009D,East Lindsey,1,2020,0.527845371928383,0.508371972471297,0.31136240151168093,0.8197343739829779,0.2918890020545949,0.6215346857102823,0.09368931378189926,0.5665337746396222,0.03868840271123919,0.54916509184531,0.02131971991692705
E01026106,E01026106,East Lindsey 001F,East Lindsey,1,2020,0.391481439342042,0.440958136717501,0.28913683832209003,0.7300949750395911,0.3386135356975491,0.5395647394512909,0.14808330010924892,0.451100634298129,0.05961919495608703,0.45129921195614137,0.059817772614099374
E01026107,E01026107,East Lindsey 001G,East Lindsey,1,2020,-0.381325031822632,-0.223696013196426,0.06039395452331997,-0.16330205867310604,0.21802297314952596,-0.06458335933295213,0.3167416724896799,-0.07057601346839376,0.31074901835423824,-0.05094468639132546,0.33038034543130657
E01026108,E01026108,East Lindsey 003G,East Lindsey,1,2020,1.44428679042107,1.302343761072,-0.023443067187560063,1.2789006938844398,-0.16538609653663028,1.4235699807675128,-0.020716809653557267,1.2998033285949686,-0.1444834618261015,1.425430555202609,-0.018856235218461137
E01026109,E01026109,East Lindsey 006C,East Lindsey,1,2020,1.8721727609318,1.24295014137977,-0.17443994480288016,1.0685101965768897,-0.8036625643549102,1.454846787073203,-0.41732597385859704,1.5031449921659539,-0.3690277687658461,1.4907858174018622,-0.38138694352993774
E01026110,E01026110,East Lindsey 017B,East Lindsey,1,2020,0.969459109097495,0.4527282479861,0.24152539004693402,0.694253638033034,-0.275205471064461,0.5989323595595704,-0.37052674953792464,0.6794527268619919,-0.2900063822355031,0.6685075090327524,-0.30095160006474264
E01026111,E01026111,East Lindsey 017C,East Lindsey,1,2020,1.57877497847702,0.981212130084061,0.35888030185961006,1.3400924319436711,-0.23868254653334886,0.9928073262681217,-0.5859676522088982,0.8919754920347164,-0.6867994864423036,0.9072557487740966,-0.6715192297029233
E01026112,E01026112,East Lindsey 017D,East Lindsey,1,2020,1.79364773858964,1.56140812396214,0.07802888714687994,1.63943701110902,-0.15421072748062015,1.6526925806062975,-0.14095515798334257,1.6515800803281024,-0.14206765826153767,1.6408091206139923,-0.1528386179756478
E01026113,E01026113,East Lindsey 008D,East Lindsey,1,2020,0.696089434201953,0.675018640656526,0.30294844321672393,0.9779670838732499,0.2818776496712969,0.7709911474366291,0.07490171323467609,0.763492287532676,0.06740285333072293,0.7820460536863447,0.0859566194843917
E01026114,E01026114,East Lindsey 014D,East Lindsey,1,2020,1.99263060615272,1.83669964853998,0.68915855016302,2.525858198703,0.5332275925502803,1.875140421798799,-0.11749018435392089,1.9209950958528872,-0.07163551029983273,1.6516577437488864,-0.3409728624038335
E01026115,E01026115,East Lindsey 012C,East Lindsey,1,2020,1.83680852772482,1.7326626197884,0.2195271291473302,1.9521897489357303,0.11538122121091021,1.8071938992350953,-0.029614628489724737,1.8688740626945273,0.03206553496970721,1.785943304152547,-0.05086522357227308
E01026116,E01026116,East Lindsey 012D,East Lindsey,1,2020,1.40432223117951,1.72631202519932,0.730058117744342,2.456370142943662,1.052047911764152,1.6545876684061858,0.2502654372266757,1.3067658838637977,-0.09755634731571239,1.3677382573225645,-0.03658397385694556
E01026117,E01026117,East Lindsey 008E,East Lindsey,1,2020,0.367383506099178,0.858235475570528,0.388774895007072,1.2470103705776001,0.8796268644784221,0.9429686945502916,0.5755851884511136,0.9482216096734747,0.5808381035742967,0.9779967443351559,0.6106132382359779
E01026118,E01026118,East Lindsey 016E,East Lindsey,1,2020,0.566454286041191,0.345468590058682,0.5488208058864801,0.8942893959451621,0.32783510990397113,0.37862538775952265,-0.18782889828166832,0.4298755625554586,-0.13657872348573236,0.44038049209844377,-0.1260737939427472
E01026119,E01026119,East Lindsey 016F,East Lindsey,1,2020,0.876709400254363,0.645979804508354,0.7284859834681271,1.3744657879764812,0.4977563877221183,0.5893882074236758,-0.28732119283068713,0.6658864769117596,-0.21082292334260333,0.653288422327285,-0.22342097792707794
E01026120,E01026120,East Lindsey 016G,East Lindsey,1,2020,0.804878109879109,0.643772029789417,-0.0019106282020628917,0.6418614015873542,-0.16301670829175485,0.8020368143760948,-0.002841295503014263,0.7940418239839873,-0.010836285895121756,0.7977635079583397,-0.007114601920769292
E01026121,E01026121,East Lindsey 007C,East Lindsey,1,2020,0.432516408793423,0.0299443804646725,-0.2328804912160345,-0.20293611075136198,-0.635452519544785,0.2824208678066575,-0.15009554098676553,0.36815898690940263,-0.06435742188402038,0.34250734796084237,-0.09000906083258065
E01026122,E01026122,Lincoln 004A,Lincoln,1,2020,1.01200500657077,1.19532047360315,0.531131574081681,1.7264520476848308,0.7144470411140609,1.2939718116518268,0.28196680508105687,1.3773188883428085,0.3653138817720385,1.314365611050267,0.3023606044794971
E01026123,E01026123,Lincoln 004B,Lincoln,1,2020,1.20870268960286,1.01373892899617,0.08745115211063004,1.1011900811068,-0.10751260849606004,1.182083904813741,-0.026618784789119054,1.3501990155534924,0.14149632595063233,1.226302588154749,0.017599898551888815
E01026124,E01026124,Lincoln 004C,Lincoln,1,2020,1.04050988936209,0.983491046067045,0.08214709629112493,1.06563814235817,0.025128252996079903,1.203230958820956,0.16272106945886589,1.3225946696829214,0.2820847803208313,1.3159448706576888,0.27543498129559874
E01026125,E01026125,Lincoln 003A,Lincoln,1,2020,1.70091076508982,2.95163845726727,0.7458567442761996,3.6974952015434694,1.9965844364536494,2.998902964715045,1.2979921996252248,2.618140519433699,0.917229754343879,2.2043597445717924,0.5034489794819723
E01026126,E01026126,Lincoln 004D,Lincoln,1,2020,2.50485139742615,1.61047842002945,-0.4466320543241702,1.1638463657052798,-1.3410050317208704,1.9319398515969595,-0.5729115458291907,1.9952798645715806,-0.5095715328545696,2.050686448823045,-0.45416494860310497
E01026127,E01026127,Lincoln 007A,Lincoln,1,2020,1.98000567661486,2.17369815746661,0.16791552903652995,2.34161368650314,0.3616080098882799,2.2366684067679015,0.25666273015304153,1.901186472144435,-0.07881920447042501,2.2227070888593956,0.24270141224453567
E01026128,E01034689,Lincoln 007E,Lincoln,1,2020,1.08360260076251,0.820722521178227,-0.007640634797148049,0.8130818863810789,-0.270520714381431,1.0080875167202166,-0.07551508404229335,1.027496347270059,-0.05610625349245102,0.9701585314782009,-0.11344406928430906
E01026129,E01026129,Lincoln 007C,Lincoln,1,2020,2.28013311007844,2.42243050151833,0.5111919209226798,2.93362242244101,0.65348931236257,2.44111455990402,0.16098144982557994,2.4881061566534206,0.20797304657498072,2.130433619839396,-0.14969949023904405
E01026130,E01026130,Lincoln 009A,Lincoln,1,2020,1.27980915016027,1.41423738340981,0.5837059261126691,1.9979433095224792,0.7181341593622093,1.4130744139935576,0.13326526383328763,1.5686828602229812,0.28887371006271123,1.4760564219816876,0.19624727182141766
E01026131,E01026131,Lincoln 007D,Lincoln,1,2020,1.55787057318089,1.44782972278026,-0.17639088895741017,1.2714388338228497,-0.2864317393580402,1.6966748576706927,0.13880428448980275,1.9234659950090094,0.36559542182811944,1.8005050295598501,0.2426344563789602
E01026132,E01026132,Lincoln 005A,Lincoln,1,2020,-0.121719434526493,-0.270691236460034,0.216207012740382,-0.054484223719652,0.067235210806841,-0.06447470815882815,0.05724472636766485,-0.09880814235842837,0.02291129216806463,-0.13904523797153567,-0.01732580344504267
E01026133,E01034692,Lincoln 008F,Lincoln,1,2020,-0.0447516451098273,0.0715611198531958,0.3840090118549848,0.4555701317081806,0.5003217768180079,0.19204609330347433,0.23679773841330162,0.22649657337205795,0.27124821848188524,0.167507276410777,0.2122589215206043
E01026134,E01026134,Lincoln 006A,Lincoln,1,2020,1.36359895526056,1.54445814923076,0.41417673130371013,1.9586348805344702,0.5950359252739101,1.5339480115278046,0.1703490562672445,1.3516469871522023,-0.011951968108357747,1.39324185614446,0.02964290088389987
E01026135,E01026135,Lincoln 008B,Lincoln,1,2020,0.769818439845569,1.02089690984354,0.707067482087919,1.7279643919314591,0.9581459520858902,0.9945528098862942,0.22473437004072527,0.8347462000490521,0.06492776020348312,0.9222260875446316,0.15240764769906268
E01026136,E01026136,Lincoln 008C,Lincoln,1,2020,0.664778865504804,0.888295895581962,0.40231952693901396,1.2906154225209758,0.6258365570161718,0.9887147920696392,0.32393592656483516,0.9498452731261608,0.2850664076213568,0.9832366686204415,0.31845780311563743
E01026137,E01026137,Lincoln 011A,Lincoln,1,2020,0.809869545159465,0.584372296603553,0.14877096243648907,0.7331432590400422,-0.07672628611942278,0.7504514748158507,-0.05941807034361424,0.7548509024164187,-0.05501864274304624,0.76093778122624,-0.04893176393322496
E01026138,E01026138,Lincoln 011B,Lincoln,1,2020,0.645612560237186,0.551605672601992,0.326490815404262,0.8780964880062541,0.232483927769068,0.6450107295907399,-0.0006018306464461443,0.5034830188513711,-0.1421295413858149,0.5077995877668084,-0.1378129724703776
E01026139,E01026139,Lincoln 011C,Lincoln,1,2020,0.883516724763743,0.272237113907053,0.21094080242792002,0.48317791633497303,-0.40033880842876995,0.4743547578665776,-0.4091619668971654,0.44407958751619303,-0.43943713724754996,0.48528628276393515,-0.39823044199980784
E01026140,E01026140,Lincoln 011D,Lincoln,1,2020,1.30586651795471,1.55878745058244,0.5435572629927599,2.1023447135752,0.7964781956204898,1.5774439479018973,0.27157742994718737,1.5282612636891904,0.22239474573448037,1.5040409878487633,0.1981744698940533
E01026141,E01026141,Lincoln 011E,Lincoln,1,2020,0.308295440142007,0.499471164849861,0.04289794321499596,0.5423691080648569,0.23407366792284995,0.6707355225778387,0.36244008243583176,0.711564602418973,0.403269162276966,0.7371348970368637,0.42883945689485675
E01026142,E01026142,Lincoln 011F,Lincoln,1,2020,1.53752911504176,0.666075060677873,-0.304095569138945,0.36197949153892806,-1.175549623502832,0.934111611736061,-0.603417503305699,1.0466898573040764,-0.49083925773768367,1.0327593536677446,-0.5047697613740154
E01026143,E01034687,Lincoln 005E,Lincoln,1,2020,0.0844214973753452,0.131596269521759,0.0029097198725360207,0.13450598939429503,0.050084492018949836,0.35537046107446496,0.27094896369911975,0.23315125284233365,0.14872975546698847,0.2543905605201606,0.1699690631448154
E01026144,E01026144,Lincoln 003B,Lincoln,1,2020,0.433939142092402,0.70837106897827,0.5229937645762219,1.2313648335544918,0.7974256914620899,0.7023561532774998,0.2684170111850978,0.5775538802226915,0.14361473813028952,0.532174282122386,0.09823514002998407
E01026145,E01026145,Lincoln 005C,Lincoln,1,2020,0.320298578482392,0.18977366782543,0.2753809952321631,0.4651546630575931,0.1448560845752011,0.3368662592920133,0.016567680809621288,0.3154816859093285,-0.004816892573063503,0.29759280483871586,-0.022705773643676153
E01026146,E01026146,Lincoln 005D,Lincoln,1,2020,0.209891688738686,0.69677000152141,0.19194205990749802,0.888712061428908,0.678820372690222,0.8465417999131272,0.6366501111744411,0.9387697391888077,0.7288780504501217,0.8895037597306084,0.6796120709919223
E01026147,E01026147,Lincoln 003C,Lincoln,1,2020,1.39958172215024,1.14299072954261,1.003675423321513,2.146666152864123,0.7470844307138829,0.9804847696151321,-0.4190969525351079,1.0871327438307197,-0.31244897831952034,1.0008363154252766,-0.3987454067249634
E01026148,E01026148,Lincoln 003D,Lincoln,1,2020,0.967147129192057,1.46103428511513,1.1829649907265039,2.643999275841634,1.676852146649577,1.2357258367657884,0.26857870757373137,1.1512329505021397,0.18408582131008266,1.1537181263409493,0.18657099714889225
E01026149,E01026149,Lincoln 001A,Lincoln,1,2020,1.82749296769334,1.11605843715085,0.10622232070312987,1.2222807578539798,-0.6052122098393602,1.2577342514582748,-0.5697587162350652,1.293477811844947,-0.534015155848393,1.2602789149089288,-0.5672140527844112
E01026150,E01026150,Lincoln 001B,Lincoln,1,2020,2.67774964343979,1.63042701296301,0.056503588095550006,1.68693060105856,-0.9908190423812298,1.824286800796807,-0.8534628426429829,1.9886421304702782,-0.6891075129695117,1.8948765624835964,-0.7828730809561935
E01026151,E01026151,Lincoln 003E,Lincoln,1,2020,0.787445261019595,1.12905690854071,0.880739528318498,2.009796436859208,1.222351175839613,1.0479520355812413,0.2605067745616463,1.0764324833936687,0.2889872223740737,1.0216594216119672,0.2342141605923722
E01026152,E01026152,Lincoln 004E,Lincoln,1,2020,2.24034481716782,1.86626472416581,0.7007681246279198,2.5670328487937297,0.32668803162590976,1.820032577752593,-0.420312239415227,1.590395655602867,-0.6499491615649529,1.4399946389049654,-0.8003501782628546
E01026153,E01026153,Lincoln 002A,Lincoln,1,2020,1.30339104515277,1.17608040680143,0.4396561932513179,1.6157366000527478,0.31234555489997784,1.2253579346095334,-0.07803311054323658,1.308058971068743,0.004667925915972981,1.3291223547795519,0.02573130962678194
E01026154,E01026154,Lincoln 004F,Lincoln,1,2020,0.930452252644662,1.0014915516352,0.40362943848783206,1.4051209901230322,0.47466873747837013,1.049593700374018,0.11914144772935586,0.933646824963555,0.003194572318892974,0.9669090878063147,0.036456835161652656
E01026155,E01026155,Lincoln 002B,Lincoln,1,2020,0.284588042531761,0.18899932879769,0.2259556331166758,0.41495496191436576,0.13036691938260475,0.34233339842759003,0.05774535589582902,0.3029463341309749,0.018358291599213872,0.2881566013749044,0.003568558843143388
E01026156,E01026156,Lincoln 004G,Lincoln,1,2020,1.303082652421,1.3823819644173,0.33570484713712,1.7180868115544201,0.41500415913342015,1.3632170119360911,0.06013435951509116,1.2565398913049801,-0.04654276111601985,1.2674519849350552,-0.03563066748594479
E01026157,E01026157,Lincoln 002C,Lincoln,1,2020,1.7702625046035,1.79144950716247,0.2943128077768902,2.0857623149393603,0.31549981033586016,1.8330992418362229,0.06283673723272276,1.8739157164057811,0.10365321180228104,1.6189486047456751,-0.15131389985782495
E01026158,E01026158,Lincoln 009B,Lincoln,1,2020,1.65397419631122,1.2435939649936,0.21681818005996,1.46041214505356,-0.1935620512576599,1.3502390659641361,-0.3037351303470839,1.3904944648782374,-0.26347973143298264,1.3394261071196374,-0.3145480891915826
E01026159,E01026159,Lincoln 009C,Lincoln,1,2020,1.15540086479547,1.20986221365129,0.13101050301744,1.34087271666873,0.18547185187325987,1.3921226170812753,0.23672175228580516,1.4821861485941823,0.3267852837987122,1.42520344123236,0.2698025764368899
E01026160,E01026160,Lincoln 009D,Lincoln,1,2020,1.0256040255268,0.688009248294973,-0.05580583953999796,0.632203408754975,-0.3934006167718249,0.8681010752172493,-0.15750295030955064,0.9229125716216287,-0.10269145390517131,0.9233974709051097,-0.10220655462169026
E01026161,E01026161,Lincoln 010A,Lincoln,1,2020,2.71021811462177,2.30577421758577,-0.04861953438141997,2.25715468320435,-0.4530634314174202,2.3942360218976297,-0.31598209272414035,2.07136570562877,-0.6388524089929999,2.238226050302826,-0.47199206431894414
E01026162,E01026162,Lincoln 009E,Lincoln,1,2020,1.16052323522486,0.970710260858569,0.3136928473817241,1.2844031082402931,0.12387987301543313,1.0296355307437512,-0.13088770448110876,0.8857536892609355,-0.27476954596392456,0.9214334443913224,-0.23908979083353765
E01026163,E01026163,Lincoln 009F,Lincoln,1,2020,1.08174801006842,0.687369167481968,0.14846905881942396,0.8358382263013919,-0.2459097837670281,0.8558387382857452,-0.22590927178267484,0.9277024909018686,-0.1540455191665514,0.9309784320343291,-0.15076957803409097
E01026164,E01026164,Lincoln 003F,Lincoln,1,2020,0.999560624783913,1.34850406387159,0.645661198366619,1.994165262238209,0.9946046374542958,1.323483335616202,0.32392271083228885,1.324934976425618,0.3253743516417049,1.1778659416440849,0.17830531686017181
E01026165,E01026165,Lincoln 002D,Lincoln,1,2020,1.45965324231348,2.00301733218487,0.6429164418410902,2.64593377402596,1.18628053171248,1.9532103094156443,0.4935570671021643,1.9107157169253497,0.45106247461186966,1.88927042334811,0.42961718103462987
E01026166,E01026166,Lincoln 001C,Lincoln,1,2020,1.4963617851246,1.34028987396952,0.11236808058934988,1.4526579545588698,-0.04370383056573024,1.4267688532311529,-0.06959293189344717,1.2934029376801044,-0.20295884744449566,1.3665909027727696,-0.12977088235183043
E01026167,E01026167,Lincoln 003G,Lincoln,1,2020,1.04526692867201,1.08003454864272,-0.012671881634199966,1.0673626670085201,0.02209573833651013,1.2357266678702472,0.19045973919823722,1.1165677973342545,0.0713008686622445,1.1704094190002428,0.12514249032823277
E01026168,E01026168,Lincoln 001D,Lincoln,1,2020,1.65841002414728,1.60451369908617,-0.07833718258813005,1.5261765164980399,-0.13223350764924002,1.7319839912992419,0.07357396715196196,1.88643862139204,0.2280285972447602,1.891156360872773,0.23274633672549316
E01026169,E01026169,Lincoln 011G,Lincoln,1,2020,1.34334939618021,0.974502623795364,0.493364313553855,1.467866937349219,0.12451754116900893,1.04667246118808,-0.2966769349921301,1.0047825823859295,-0.33856681379428055,0.9967748928103888,-0.3465745033698213
E01026170,E01026170,Lincoln 010B,Lincoln,1,2020,1.16748317810181,0.805473033766112,0.12967449234899597,0.935147526115108,-0.23233565198670203,0.9964925596995143,-0.17099061840229568,1.0507316593669829,-0.11675151873482714,0.9979222298559967,-0.16956094824581336
E01026171,E01026171,Lincoln 011H,Lincoln,1,2020,0.661641203092477,0.743046095246748,0.203755379006618,0.946801474253366,0.28516027116088905,0.855552493230872,0.19391129013839503,0.8493732990977483,0.1877320960052713,0.8435894025917523,0.18194819949927532
E01026172,E01026172,Lincoln 010C,Lincoln,1,2020,1.01530728555865,1.35736982597042,0.5123129070776401,1.86968273304806,0.8543754474894101,1.3065911346924028,0.2912838491337528,1.3498175558540313,0.3345102702953813,1.3451985540356053,0.32989126847695527
E01026173,E01026173,Lincoln 010D,Lincoln,1,2020,2.21751755296939,2.4854009937222,1.2437155769641999,3.7291165706864,1.51159901771701,2.257762663816719,0.04024511084732918,2.505316792763196,0.2877992397938063,2.1371759442157834,-0.08034160875360641
E01026174,E01026174,Lincoln 008D,Lincoln,1,2020,0.923462174819336,0.788253005857771,0.09578282642108804,0.8840358322788591,-0.039426342540476944,1.006160466765836,0.08269829194649991,1.266327536219015,0.34286536139967894,1.192624161168943,0.269161986349607
E01026175,E01026175,Lincoln 010E,Lincoln,1,2020,1.63314873575272,1.68539331065521,0.920039008784376,2.605432319439586,0.972283583686866,1.6315984078090011,-0.0015503279437187878,1.3318597318813437,-0.30128900387137625,1.363665068698576,-0.26948366705414384
E01026176,E01026176,Lincoln 006B,Lincoln,1,2020,1.08958615425451,1.07054047774277,0.183042441707987,1.253582919450757,0.16399676519624706,1.2419509044456534,0.15236475019114337,1.414527578388228,0.32494142413371807,1.379213758036788,0.28962760378227803
E01026177,E01026177,Lincoln 006C,Lincoln,1,2020,0.731407104822192,1.3290643756933,0.748913648223813,2.077978023917113,1.346570919094921,1.3244553020411143,0.5930481972189223,1.2756200880115645,0.5442129831893725,1.323041875668916,0.591634770846724
E01026178,E01026178,Lincoln 006D,Lincoln,1,2020,0.827769602402325,1.25581450512805,0.6355005660956831,1.8913150712237332,1.0635454688214083,1.1908059501016053,0.3630363476992803,1.1312029718698966,0.3034333694675716,1.117642042471457,0.28987244006913204
E01026179,E01026179,North Kesteven 008A,North Kesteven,1,2020,0.232147378836866,0.279935428848308,0.439763550670769,0.719698979519077,0.48755160068221104,0.3233300325115376,0.09118265367467157,0.32239952205771244,0.09025214322084643,0.3072426550275623,0.07509527619069631
E01026180,E01026180,North Kesteven 007A,North Kesteven,1,2020,0.684067483908726,0.318490934618779,0.3047796496842895,0.6232705843030685,-0.060796899605657484,0.4660384644265715,-0.21802901948215447,0.4608950646253948,-0.22317241928333115,0.4602614172564836,-0.22380606665224234
E01026182,E01026182,North Kesteven 003B,North Kesteven,1,2020,0.270329682839235,0.348570792373579,0.2520522755233856,0.6006230678969646,0.33029338505772965,0.5339028519941053,0.2635731691548703,0.5980979040585251,0.32776822121929017,0.5790812931283488,0.3087516102891138
E01026183,E01026183,North Kesteven 007B,North Kesteven,1,2020,0.615392132268339,0.980061110724248,0.5617791601492439,1.5418402708734917,0.9264481386051527,0.9055458541066589,0.2901537218383199,0.9586635789541069,0.3432714466857679,0.9955209132643521,0.3801287809960131
E01026184,E01026184,North Kesteven 004A,North Kesteven,1,2020,-0.147624786508502,-0.409745617393336,-0.057245922370041,-0.466991539763377,-0.31936675325487496,-0.13016450717001304,0.017460279338488954,-0.23568871322699647,-0.08806392671849447,-0.21803315158340478,-0.07040836507490278
E01026185,E01026185,North Kesteven 004B,North Kesteven,1,2020,0.588965654767569,0.848062007343115,0.17241905550751202,1.0204810628506271,0.4315154080830581,1.0079024932275245,0.41893683845995544,0.9533083749372764,0.36434272016970737,0.9771687909170459,0.3882031361494769
E01026186,E01026186,North Kesteven 001A,North Kesteven,1,2020,0.639542964464497,0.327621103953094,0.580970252854587,0.9085913568076811,0.2690483923431841,0.38161394450756,-0.257929019956937,0.43375322440715564,-0.20578974005734135,0.38804830667594586,-0.2514946577885511
E01026187,E01026187,North Kesteven 001B,North Kesteven,1,2020,0.221261238241749,-0.0853277193690999,-0.0836283796851117,-0.1689560990542116,-0.39021733729596064,0.19563391654855317,-0.025627321693195843,0.21616084578497183,-0.005100392456777181,0.18928471854206244,-0.03197651969968657
E01026188,E01026188,North Kesteven 004C,North Kesteven,1,2020,0.712174531234442,0.654127098585782,0.12364131784972998,0.777768416435512,0.06559388520107001,0.785126687928311,0.07295215669386901,0.8055077344170425,0.09333320318260052,0.8167900618089093,0.10461553057446737
E01026189,E01026189,North Kesteven 001C,North Kesteven,1,2020,-0.0063161608073152,-0.168888394581534,0.26651777180316394,0.09762937722162993,0.10394553802894513,-0.04126784032708948,-0.03495167951977428,-0.1689192629295069,-0.1626031021221917,-0.11596687919928728,-0.10965071839197207
E01026190,E01026190,North Kesteven 004D,North Kesteven,1,2020,0.990274235262067,1.2885886270068,0.9335767051529381,2.2221653321597383,1.2318910968976713,1.1736556065848782,0.18338137132281118,1.1097089276194665,0.11943469235739945,1.0124179499432429,0.02214371468117582
E01026191,E01026191,North Kesteven 005A,North Kesteven,1,2020,0.0188560985633301,0.282796057168161,0.37410913728323214,0.6569051944513931,0.6380490958880629,0.32994206728424,0.31108596872090993,0.3570276969981156,0.3381715984347855,0.29936356784656265,0.28050746928323256
E01026192,E01026192,North Kesteven 006A,North Kesteven,1,2020,0.276907731008152,0.0186495165172103,0.0702392024969338,0.08888871901414411,-0.18801901199400792,0.20093514104508536,-0.07597258996306666,0.20916315157587215,-0.06774457943227988,0.22493792100542148,-0.05196981000273054
E01026193,E01026193,North Kesteven 003C,North Kesteven,1,2020,0.334818845951045,0.213819804532307,0.2160393956218443,0.4298592001541513,0.0950403542031063,0.3984951238510565,0.06367627790001151,0.34010046520962683,0.005281619258581838,0.3402148819711478,0.005396036020102801
E01026194,E01026194,North Kesteven 006B,North Kesteven,1,2020,0.377457520958352,-0.0322486691794539,-0.1366878039623599,-0.16893647314181381,-0.5463939941001659,0.21319430063064063,-0.16426322032771137,0.23455179234191395,-0.14290572861643805,0.2306602656596883,-0.1467972552986637
E01026195,E01026195,North Kesteven 006C,North Kesteven,1,2020,0.0264667121680701,-0.276092263800474,-0.020957503819218015,-0.29704976761969204,-0.32351647978776216,-0.048230112040193215,-0.07469682420826332,-0.02658373338857477,-0.05305044555664487,-0.040793931729240195,-0.06726064389731029
E01026196,E01026196,North Kesteven 006D,North Kesteven,1,2020,0.305912817119909,0.225110472650159,-0.12020060277455902,0.10490986987559997,-0.201002947244309,0.4309147997726647,0.12500198265275575,0.4255758542471736,0.11966303712726462,0.4481580813777332,0.14224526425782424
E01026197,E01026197,North Kesteven 008B,North Kesteven,1,2020,-0.043648371810391,0.196686047737464,0.39973936701524504,0.596425414752709,0.6400737865631001,0.3194577811063371,0.3631061529167281,0.2841331529606333,0.3277815247710243,0.26043909493473777,0.30408746674512876
E01026198,E01026198,North Kesteven 008C,North Kesteven,1,2020,-0.54060142249408,-0.552319638093908,0.2309090278453949,-0.32141061024851314,0.2191908122455669,-0.332246568831023,0.20835485366305706,-0.3281509064434435,0.21245051605063653,-0.31636933191790595,0.2242320905761741
E01026199,E01026199,North Kesteven 003D,North Kesteven,1,2020,0.372683845090796,0.348361037294193,0.2763650764294699,0.6247261137236628,0.25204226863286683,0.45939968443812856,0.08671583934733257,0.43987418425081176,0.06719033916001577,0.4786932897792441,0.10600944468844808
E01026200,E01026200,North Kesteven 012A,North Kesteven,1,2020,-0.0425434957399389,0.114679601506061,0.578191859569862,0.692871461075923,0.7354149568158619,0.18202935350782323,0.22457284924776214,0.0860518178139228,0.12859531355386172,0.05568949087630575,0.09823298661624466
E01026201,E01026201,North Kesteven 012B,North Kesteven,1,2020,0.283549572907859,0.160110752559362,0.2213318526470943,0.3814426052064563,0.0978930322985973,0.34283444515706796,0.059284872249208975,0.24658538118766907,-0.036964191720189915,0.24650223961560758,-0.037047333292251405
E01026202,E01026202,North Kesteven 012C,North Kesteven,1,2020,0.92128452078537,0.77422917399002,0.458437562582415,1.232666736572435,0.31138221578706504,0.7922665600887336,-0.1290179606966364,0.7317166247276943,-0.18956789605767577,0.7047957825574757,-0.21648873822789438
E01026203,E01026203,North Kesteven 001D,North Kesteven,1,2020,0.0920723001056206,0.0105344318626035,0.0598040970292534,0.0703385288918569,-0.0217337712137637,0.18234307068747985,0.09027077058185924,0.1896622042128017,0.09758990410718109,0.21823301857297914,0.12616071846735855
E01026204,E01026204,North Kesteven 001E,North Kesteven,1,2020,0.099439223147513,0.0523482018801049,0.18244329929428993,0.23479150117439485,0.13535227802688185,0.20952777801712325,0.11008855486961025,0.22953227004342544,0.13009304689591245,0.2098931267320954,0.1104539035845824
E01026205,E01026205,North Kesteven 005B,North Kesteven,1,2020,0.848918219696509,0.744743446701581,0.47124244727121,1.215985893972791,0.36706767427628195,0.8198735008080466,-0.029044718888462495,0.870354830480967,0.02143661078445791,0.8337885365167375,-0.015129683179771591
E01026206,E01026206,North Kesteven 001F,North Kesteven,1,2020,-0.327722461489882,-0.237782685278068,0.139388104467993,-0.09839458081007502,0.22932788067980697,-0.06801913207756481,0.25970332941231716,-0.09440167255757453,0.23332078893230745,-0.09167009360691769,0.2360523678829643
E01026207,E01026207,North Kesteven 012D,North Kesteven,1,2020,0.414295864541673,0.617836986068755,0.39568369863933006,1.013520684708085,0.5992248201664121,0.6855816626712155,0.27128579812954245,0.5273245051226786,0.11302864058100559,0.5270067972109395,0.11271093266926646
E01026208,E01026208,North Kesteven 012E,North Kesteven,1,2020,0.28004630401937,0.346383510880654,0.190656633476027,0.537040144356681,0.25699384033731104,0.5165885599094199,0.2365422558900499,0.5175182332992624,0.2374719292798924,0.52583762652805,0.24579132250868002
E01026209,E01026209,North Kesteven 009A,North Kesteven,1,2020,0.522594552032736,0.362783268818808,0.184107451861997,0.546890720680805,0.02429616864806905,0.5551084133963454,0.03251386136360945,0.6174890625151412,0.09489451048240527,0.5948846523125529,0.07229010027981697
E01026210,E01026210,North Kesteven 007C,North Kesteven,1,2020,0.668662681978204,0.491730451406533,0.131928559469616,0.6236590108761491,-0.04500367110205494,0.5864327234367744,-0.08222995854142956,0.7035735424050636,0.03491086042685965,0.7005102598766874,0.03184757789848336
E01026211,E01026211,North Kesteven 005C,North Kesteven,1,2020,0.130721230423854,0.0118809912811774,0.2530050808666454,0.26488607214782284,0.13416484172396884,0.23284596807749885,0.10212473765364485,0.23231846119435506,0.10159723077050106,0.2682667362380674,0.1375455058142134
E01026212,E01026212,North Kesteven 005D,North Kesteven,1,2020,0.287840651376501,-0.18906696589677,-0.1926665093754989,-0.38173347527226886,-0.6695741266487698,0.13334525945263176,-0.15449539192386924,0.1573816435172564,-0.1304590078592446,0.16630082416812905,-0.12153982720837195
E01026213,E01026213,North Kesteven 005E,North Kesteven,1,2020,0.585912454166795,0.798885976487168,0.13487868260712899,0.933764659094297,0.3478522049275019,1.0050999616148362,0.4191875074480411,1.2835263093805367,0.6976138552137416,1.205865879557179,0.619953425390384
E01026214,E01026214,North Kesteven 014A,North Kesteven,1,2020,1.04542661471737,0.948301940267562,0.669889366061195,1.618191306328757,0.5727646916113869,0.919313577695878,-0.12611303702149212,0.8046653973535978,-0.24076121736377232,0.7950945412157983,-0.25033207350157183
E01026215,E01026215,North Kesteven 014B,North Kesteven,1,2020,0.667032118051977,0.804161198375586,0.264463392049169,1.068624590424755,0.40159247237277806,0.862135310408957,0.19510319235697993,0.9024338800951551,0.2354017620431781,0.8307673358063675,0.16373521775439048
E01026218,E01026218,North Kesteven 014C,North Kesteven,1,2020,0.491357755080623,0.512102546917749,0.04209427922176301,0.554196826139512,0.06283907105888903,0.7205441892683724,0.22918643418774937,0.6931021665368585,0.2017444114562355,0.7617025505474404,0.2703447954668174
E01026219,E01026219,North Kesteven 014D,North Kesteven,1,2020,0.880745589432842,0.778691212919904,0.6053681978412779,1.3840594107611819,0.5033138213283399,0.7588701857393203,-0.12187540369352168,0.6268465477951504,-0.2538990416376916,0.643591536846391,-0.23715405258645095
E01026220,E01026220,North Kesteven 013A,North Kesteven,1,2020,1.38332909675907,1.42822189964742,0.31687216581078004,1.7450940654582001,0.3617649686991302,1.509192064773992,0.12586296801492214,1.537308167058484,0.15397907029941416,1.5922979024589832,0.20896880569991327
E01026221,E01026221,North Kesteven 009B,North Kesteven,1,2020,0.426116335621735,0.356491421349408,0.2640961429295695,0.6205875642789775,0.19447122865724253,0.4844684903637609,0.058352154742025875,0.4237435084621288,-0.0023728271596061834,0.46353852017831354,0.03742218455657853
E01026222,E01026222,North Kesteven 009C,North Kesteven,1,2020,0.637424847908244,0.579633912876407,0.369015310928305,0.948649223804712,0.3112243758964679,0.6363830063897427,-0.0010418415185013963,0.4904917550109799,-0.14693309289726414,0.4944287065096966,-0.14299614139854744
E01026223,E01026223,North Kesteven 008D,North Kesteven,1,2020,0.0242959135139978,0.0002304789202732,0.2727130228449272,0.27294350176520044,0.24864758825120264,0.161990935853145,0.1376950223391472,0.17919496252425265,0.15489904901025486,0.20615563894984157,0.18185972543584378
E01026224,E01026224,North Kesteven 007D,North Kesteven,1,2020,0.950081997795563,0.420415132319088,0.5780205279930071,0.9984356603120951,0.04835366251653206,0.43143756965073904,-0.5186444281448239,0.5425922338738948,-0.40748976392166825,0.4806998569600139,-0.46938214083554913
E01026225,E01026225,North Kesteven 003E,North Kesteven,1,2020,0.467189271672596,0.391135478012481,0.4325227786385998,0.8236582566510808,0.35646898497848484,0.4916800890844124,0.024490817411816412,0.45032620189838446,-0.016863069774211537,0.4625350432064208,-0.004654228466175192
E01026226,E01026226,North Kesteven 003F,North Kesteven,1,2020,1.20754460559633,1.09121905784959,0.42916284423165496,1.5203819020812448,0.3128372964849149,1.1228016286878366,-0.0847429769084933,1.0770901049093566,-0.13045450068697328,1.1235736344517904,-0.08397097114453955
E01026227,E01026227,North Kesteven 010A,North Kesteven,1,2020,0.727419920818145,1.24474726133893,0.5006023925319131,1.7453496538708433,1.0179297330526982,1.2277844864601768,0.5003645656420318,1.330096298264936,0.602676377446791,1.2388045699804762,0.5113846491623312
E01026228,E01026228,North Kesteven 011A,North Kesteven,1,2020,-0.136276374666221,0.177808116108938,0.562674672339004,0.740482788447942,0.876759163114163,0.24204484168312312,0.3783212163493441,0.2620337263320678,0.3983101009982888,0.21190283596401818,0.34817921063023916
E01026229,E01026229,North Kesteven 011B,North Kesteven,1,2020,0.17580071236225,0.29044690240635,0.572175518982137,0.862622421388487,0.686821709026237,0.37118265321622523,0.19538194085397523,0.3994256925204778,0.22362498015822782,0.37229692517855123,0.19649621281630122
E01026230,E01026230,North Kesteven 010B,North Kesteven,1,2020,1.03934454030133,1.47041717506828,0.853939322837189,2.3243564979054687,1.2850119576041388,1.3803377702979343,0.3409932299966043,1.2707727505394972,0.2314282102381673,1.253045530633087,0.21370099033175705
E01026231,E01026231,North Kesteven 010C,North Kesteven,1,2020,-0.107838717192197,0.0100896638840065,0.4096831654366455,0.419772829320652,0.527611546512849,0.14102414608407515,0.24886286327627216,0.09739481106976539,0.2052335282619624,0.16892543303769236,0.27676415022988937
E01026232,E01026232,North Kesteven 010D,North Kesteven,1,2020,0.982794242700555,1.75952640384414,0.6658881475279501,2.42541455137209,1.4426203086715352,1.6541416388936192,0.6713473961930642,1.295740445938217,0.31294620323766187,1.5738565545523011,0.5910623118517461
E01026233,E01026233,North Kesteven 011C,North Kesteven,1,2020,-0.0703127983002713,-0.113880399426158,0.37655766189641,0.26267726247025197,0.3329900607705233,0.040933677882667,0.1112464761829383,0.024238116528786567,0.09455091482905786,-0.005186643256753331,0.06512615504351797
E01026234,E01034695,North Kesteven 011F,North Kesteven,1,2020,0.0813135429003097,0.0975096733853277,0.2323348083273537,0.32984448171268144,0.24853093881237173,0.2553193929214983,0.1740058500211886,0.22599337534672703,0.14467983244641733,0.21631865189022642,0.13500510898991672
E01026235,E01026235,North Kesteven 010E,North Kesteven,1,2020,0.519391035442344,0.397392135706067,-0.16643259649033593,0.2309595392157311,-0.2884314962266129,0.6459576054582136,0.12656657001586957,0.6345484386681893,0.11515740322584533,0.6383720659986742,0.11898103055633025
E01026236,E01026236,North Kesteven 011E,North Kesteven,1,2020,0.247169118776908,0.254111185845376,0.2731049910726175,0.5272161769179935,0.2800470581410855,0.39653506615548056,0.14936594737857256,0.40296521466846547,0.15579609589155746,0.4083880337985342,0.16121891502162622
E01026237,E01026237,North Kesteven 004E,North Kesteven,1,2020,0.735450162368043,0.370962652240709,0.12570627682430702,0.49666892906501603,-0.23878123330302692,0.5219107622100672,-0.2135394001579758,0.42570770879256514,-0.3097424535754778,0.44377701229292515,-0.2916731500751178
E01026238,E01026238,North Kesteven 004F,North Kesteven,1,2020,0.508434335760405,0.363072457451279,0.30478517130109894,0.6678576287523779,0.1594232929919729,0.46290255302066186,-0.04553178273974312,0.4472830257355925,-0.0611513100248125,0.4755357664312454,-0.03289856932915958
E01026239,E01026239,South Holland 011A,South Holland,1,2020,0.212918129011463,-0.105212790685262,-0.323372518977154,-0.42858530966241604,-0.641503438673879,0.2026610406514217,-0.0102570883600413,0.19420063484839217,-0.018717494163070836,0.22234322074313617,0.009425091731673163
E01026240,E01026240,South Holland 011B,South Holland,1,2020,0.146481814171755,-0.0891024934151595,0.1752577724643645,0.086155279049205,-0.060326535122549985,0.1053843579972584,-0.04109745617449659,0.04778201684907555,-0.09869979732267944,0.06515188135306287,-0.08132993281869212
E01026241,E01026241,South Holland 005A,South Holland,1,2020,-0.0133732634154638,-0.165597259310191,-0.07278584263958021,-0.23838310194977122,-0.22500983853430742,0.08210114741032049,0.09547441082578428,0.03831384149943553,0.05168710491489933,0.02276526645053588,0.03613852986599968
E01026242,E01026242,South Holland 001A,South Holland,1,2020,1.34416836345969,0.841204663684374,0.212612675122683,1.053817338807057,-0.29035102465263285,0.9034489046610591,-0.44071945879863084,0.8800636289803307,-0.4641047344793592,0.887225790804987,-0.45694257265470295
E01026243,E01026243,South Holland 001B,South Holland,1,2020,0.972709341146395,1.42487176336488,0.9051099606316799,2.3299817239965597,1.3572723828501647,1.30972344047009,0.33701409932369497,1.2534026730690329,0.2806933319226379,1.247018435892774,0.2743090947463791
E01026244,E01026244,South Holland 001C,South Holland,1,2020,1.3821754131206,1.08382060819194,0.07753896361431001,1.16135957180625,-0.22081584131435017,1.216501264528602,-0.16567414859199814,1.2713789083420766,-0.11079650477852354,1.185839982077034,-0.1963354310435661
E01026245,E01026245,South Holland 010A,South Holland,1,2020,0.834461480610173,1.12983238674318,0.49768639404305115,1.6275187807862312,0.7930573001760582,1.0872430370178126,0.25278155640763955,1.1351842491291733,0.30072276851900026,1.07420741458575,0.23974593397557709
E01026246,E01026246,South Holland 002A,South Holland,1,2020,1.26021466986628,1.10582487321838,0.230155390724886,1.335980263943266,0.07576559407698613,1.2039228923293739,-0.05629177753690606,1.3202103182710088,0.05999564840472882,1.2754513647707733,0.015236694904493309
E01026247,E01026247,South Holland 001D,South Holland,1,2020,1.36310935618346,1.76746286049082,0.7204707323198101,2.48793359281063,1.12482423662717,1.7166903581184803,0.3535810019350203,1.5356720219360969,0.1725626657526369,1.4302307549301352,0.06712139874667522
E01026248,E01026248,South Holland 002B,South Holland,1,2020,0.25496418156334,0.576737093711513,0.974620086753836,1.5513571804653492,1.296392998902009,0.46591560636975643,0.21095142480641643,0.5830446137821244,0.32808043221878436,0.4923193913897041,0.2373552098263641
E01026249,E01026249,South Holland 010B,South Holland,1,2020,0.4140491372734,0.117434462929906,0.376340120938265,0.493774583868171,0.07972544659477104,0.2768428423609647,-0.1372062949124353,0.20309755674712274,-0.21095158052627724,0.25208198460229586,-0.16196715267110412
E01026250,E01026250,South Holland 003A,South Holland,1,2020,0.55498509096469,0.258188013008507,0.1991895950736191,0.45737760808212613,-0.09760748288256382,0.37283081031373844,-0.18215428065095152,0.35122129674288866,-0.2037637942218013,0.3658130297454851,-0.18917206121920488
E01026251,E01026251,South Holland 003B,South Holland,1,2020,0.480903240779519,0.318727799107911,0.649585956814255,0.968313755922166,0.48741051514264694,0.374135564713667,-0.10676767606585202,0.4322575542004412,-0.04864568657907781,0.36044093485972917,-0.12046230591978985
E01026252,E01026252,South Holland 003C,South Holland,1,2020,0.360041296218258,1.10290692414616,0.802393293688207,1.905300217834367,1.545258921616109,0.9816242974361584,0.6215830012179004,1.14736374515373,0.787322448935472,1.0630324886097144,0.7029911923914565
E01026253,E01026253,South Holland 003D,South Holland,1,2020,0.476124854002781,0.7269035457301,1.137700008747026,1.8646035544771258,1.3884787004743449,0.5869497964688453,0.11082494246606428,0.6195884919401391,0.1434636379373581,0.5481504727815972,0.07202561877881625
E01026254,E01026254,South Holland 008A,South Holland,1,2020,1.62639743983889,1.46061269063635,-0.3625533231872502,1.0980593674490997,-0.5283380723897904,1.7214950347557605,0.09509759491687042,1.8815236040886516,0.25512616424976153,1.7400615185088564,0.1136640786699663
E01026255,E01026255,South Holland 008B,South Holland,1,2020,2.0739572842687,2.46516050494806,0.32228471407230996,2.78744521902037,0.7134879347516696,2.523857796615051,0.44990051234635065,2.517614647053091,0.44365736278439094,2.1266094032388003,0.05265211897010014
E01026256,E01026256,South Holland 008C,South Holland,1,2020,1.50480850513716,1.84813892644682,0.47807137896044005,2.32621030540726,0.8214018002701,1.8223378918104292,0.31752938667326913,1.6633358364832114,0.15852733134605135,1.655696224411744,0.1508877192745839
E01026257,E01026257,South Holland 002C,South Holland,1,2020,1.86266071239629,1.66320748334583,0.18402313238057988,1.8472306157264098,-0.015430096669880156,1.7107280487632184,-0.15193266363307156,1.522243077417885,-0.34041763497840494,1.497279438962447,-0.36538127343384286
E01026258,E01026258,South Holland 005B,South Holland,1,2020,0.216818249089827,0.457501776318246,0.641206012725118,1.098707789043364,0.8818895399535371,0.46961915317864134,0.25280090408881434,0.6130982562264377,0.39628000713661066,0.4731107749742183,0.2562925258843913
E01026259,E01026259,South Holland 005C,South Holland,1,2020,0.525958114463435,0.356503221858323,0.2835712250437997,0.6400744469021227,0.11411633243868768,0.4642530363691917,-0.061705078094243304,0.43741835071265056,-0.08853976375078443,0.4786932897792441,-0.04726482468419091
E01026260,E01026260,South Holland 005D,South Holland,1,2020,0.704355585625548,1.10483488661503,0.8179778750793139,1.9228127616943438,1.2184571760687959,0.9697270510590409,0.2653714654334929,1.122897959675916,0.4185423740503681,1.0618685120998095,0.35751292647426147
E01026262,E01026262,South Holland 009A,South Holland,1,2020,-0.274380110991685,-0.124843960898207,0.15115978580016404,0.02631582490195704,0.3006959358936421,0.057764493194360694,0.33214460418604574,0.016538831666414497,0.29091894265809953,0.03634720135048547,0.3107273123421705
E01026263,E01026263,South Holland 009B,South Holland,1,2020,-0.0943227380179399,-0.307545807321665,0.386225026844302,0.07867921952263701,0.1730019575405769,-0.16784721253225898,-0.07352447451431908,-0.18081723841502867,-0.08649450039708877,-0.16619662678850275,-0.07187388877056285
E01026264,E01026264,South Holland 009C,South Holland,1,2020,-0.024508475884347,0.0509951500373724,0.31537585275081337,0.3663710027881858,0.3908794786725328,0.18227217534430107,0.20678065122864808,0.12208560024110836,0.14659407612545536,0.20634923096645888,0.23085770685080587
E01026265,E01026265,South Holland 009D,South Holland,1,2020,1.22045397601809,0.700751392093927,0.6507528665397636,1.3515042586336907,0.1310502826156008,0.7053930642098004,-0.5150609118082895,0.4871127396433888,-0.7333412363747012,0.5100874366113456,-0.7103665394067443
E01026266,E01026266,South Holland 006B,South Holland,1,2020,0.0072814049669228,0.0169144439495055,0.32251168889814646,0.33942613284765194,0.33214472788072913,0.1770110128450394,0.16972960787811658,0.2001884132576133,0.1929070082906905,0.1742447589136809,0.1669633539467581
E01026267,E01034699,South Holland 009F,South Holland,1,2020,0.212101537087647,0.0670662208124744,0.09608790591424421,0.1631541267267186,-0.048947410360928395,0.26271693789054607,0.05061540080289906,0.22440660434940982,0.012305067261762809,0.22089281001146477,0.008791272923817761
E01026268,E01026268,South Holland 007A,South Holland,1,2020,0.315084461531874,0.237099056864861,0.32824857794148576,0.5653476348063468,0.25026317327447273,0.4004864169793765,0.08540195544750245,0.33463888022105626,0.01955441868918223,0.4067514692377276,0.09166700770585356
E01026269,E01026269,South Holland 007B,South Holland,1,2020,0.567965805267229,0.436800694006688,0.7375375721101429,1.174338266116831,0.606372460849602,0.4411805378672041,-0.12678526740002483,0.5348071154614907,-0.03315868980573822,0.3744337042419341,-0.19353210102529483
E01026270,E01026270,South Holland 007C,South Holland,1,2020,-0.0281402362607815,0.47740984811426,0.5816689366494711,1.059078784763731,1.0872190210245125,0.48507072746969976,0.5132109637304813,0.6471524244676249,0.6752926607284064,0.5392297366701644,0.5673699729309459
E01026271,E01026271,South Holland 007D,South Holland,1,2020,1.1990950156249,1.10510889793479,0.4681120560475741,1.5732209539823643,0.3741259383574642,1.1242318704726133,-0.07486314515228676,1.0786441532438273,-0.12045086238107272,1.1246613329167037,-0.07443368270819639
E01026272,E01026272,South Holland 007E,South Holland,1,2020,0.453551839510243,0.0522374041456329,0.20797178897161891,0.2602091931172518,-0.1933426463929912,0.195839551110417,-0.257712288399826,0.21617160960944112,-0.2373802299008019,0.20359260061892712,-0.2499592388913159
E01026273,E01026273,South Holland 006C,South Holland,1,2020,0.249700015084396,0.385557420096365,0.3429182071235868,0.7284756272199517,0.47877561213555575,0.5136827244106817,0.26398270932628576,0.5078934380887957,0.25819342300439974,0.511892073047419,0.26219205796302303
E01026274,E01034697,South Holland 006H,South Holland,1,2020,-0.203367085571857,-0.295121385668568,0.15266206978963703,-0.14245931587893096,0.06090776969292605,-0.09285831619909736,0.11050876937275965,-0.134399963370231,0.06896712220162601,-0.12800512536956496,0.07536196020229205
E01026275,E01026275,South Holland 006E,South Holland,1,2020,0.173009509287269,-0.0565352750908397,0.19456270578707033,0.13802743069623064,-0.03498207859103836,0.13122315716207406,-0.04178635212519494,0.07615797339308408,-0.09685153589418491,0.0841718260454689,-0.0888376832418001
E01026276,E01026276,South Holland 001E,South Holland,1,2020,0.784392971933111,0.595671986502436,0.14607592868020103,0.741747915182637,-0.04264505675047392,0.7355863912970887,-0.04880658063602228,0.7546522734078525,-0.029740698525258513,0.7982966551811407,0.013903683248029708
E01026277,E01026277,South Holland 008D,South Holland,1,2020,2.40509845398998,2.2401042461204,0.2916525893850501,2.5317568355054503,0.12665838151547026,2.3011307484841494,-0.10396770550583057,1.9046297225066164,-0.5004687314833636,2.1067472589581797,-0.2983511950318003
E01026278,E01026278,South Holland 008E,South Holland,1,2020,1.76082036979301,1.49308731620005,0.5141935928614599,2.00728090906151,0.24646053926849976,1.5201336663268972,-0.24068670346611287,1.5029468827293142,-0.25787348706369584,1.4090318717871313,-0.35178849800587875
E01026279,E01026279,South Holland 008F,South Holland,1,2020,1.83310742803916,1.72840709884422,0.4738213603822299,2.2022284592264496,0.36912103118728967,1.7375118683928334,-0.09559555964632649,1.6498668580339215,-0.1832405700052384,1.6745162357455012,-0.1585911922936587
E01026280,E01026280,South Holland 010C,South Holland,1,2020,0.621224469803863,0.667785922351381,0.317298950164908,0.9850848725162891,0.36386040271242603,0.7317639689992091,0.11053949919534611,0.6436245727108261,0.022400102906963038,0.6349674854442297,0.013743015640366618
E01026281,E01026281,South Holland 004A,South Holland,1,2020,-0.0277307934719801,-0.425731019301156,-0.07559039000486295,-0.501321409306019,-0.4735906158340389,-0.16116125032633644,-0.13343045685435634,-0.245219485235676,-0.2174886917636959,-0.21788106733071871,-0.19015027385873862
E01026282,E01026282,South Holland 004B,South Holland,1,2020,0.340187529420933,0.380257877949879,0.22035121964568596,0.6006090975955649,0.2604215681746319,0.528875671621942,0.18868814220100905,0.4924974709898175,0.1523099415688845,0.4951235734065646,0.1549360439856316
E01026283,E01026283,South Holland 004C,South Holland,1,2020,0.54784482257158,0.419486130154469,0.3775699681002824,0.7970560982547514,0.24921127568317147,0.46407137894519623,-0.08377344362638373,0.5386738761159937,-0.009170946455586249,0.5065699162152395,-0.04127490635634046
E01026284,E01026284,South Holland 011C,South Holland,1,2020,0.178476441822092,0.104594790371694,0.1759295372999784,0.2805243276716724,0.10204788584958041,0.25067491450755236,0.07219847268546037,0.24032471797763744,0.061848276155545445,0.235402018773524,0.05692557695143202
E01026285,E01026285,South Holland 004D,South Holland,1,2020,-0.0712157092011665,-0.0226087451027448,0.4095964399348692,0.3869876948321244,0.4582034040332909,0.15796646915164816,0.22918217835281468,0.11676680794658069,0.1879825171477472,0.13906122172389174,0.21027693092505823
E01026286,E01026286,South Holland 004E,South Holland,1,2020,0.365334983408798,0.198463782853823,0.705397166698186,0.9038609495520089,0.5385259661432109,0.19590292417962318,-0.16943205922917481,0.08649212269717857,-0.27884286071161946,0.16646010178097068,-0.19887488162782732
E01026287,E01026287,South Kesteven 015A,South Kesteven,1,2020,0.0281187894315117,0.274425875740603,0.2243112781185172,0.4987371538591202,0.4706183644276085,0.4539261857367147,0.42580739630520303,0.41976423319755246,0.39164544376604077,0.47000825945419455,0.44188947002268286
E01026288,E01026288,South Kesteven 015B,South Kesteven,1,2020,0.965339046204981,0.615251768261684,0.030207404741528054,0.6454591730032121,-0.3198798732017689,0.8034801893488459,-0.1618588568561351,0.8119400198924169,-0.15339902631256408,0.7968260094787062,-0.16851303672627482
E01026289,E01026289,South Kesteven 015C,South Kesteven,1,2020,0.0759702866388287,-0.192739985998452,-0.005705810601750988,-0.19844579660020298,-0.27441608323903166,0.04248505377541159,-0.033485232863417105,-0.07413625097049475,-0.15010653760932346,-0.0015542144542672806,-0.07752450109309597
E01026290,E01026290,South Kesteven 008A,South Kesteven,1,2020,0.848101813898145,0.71421098862084,0.260870878564949,0.975081867185789,0.12698005328764406,0.8869421669791745,0.03884035308102951,0.9792234955225346,0.13112168162438964,0.9801734604304977,0.1320716465323527
E01026291,E01026291,South Kesteven 002A,South Kesteven,1,2020,0.552155869935438,0.529986957130545,0.257753030141799,0.7877399872723441,0.2355841173369061,0.5978135886887346,0.045657718753296606,0.643093170661151,0.09093730072571304,0.6163901765689448,0.06423430663350682
E01026292,E01026292,South Kesteven 007A,South Kesteven,1,2020,0.679772449089791,0.294206981957511,0.14619640327800798,0.440403385235519,-0.23936906385427198,0.4862150448791006,-0.19355740421069034,0.45897058047367806,-0.2208018686161129,0.46080101293541803,-0.21897143615437292
E01026293,E01026293,South Kesteven 007B,South Kesteven,1,2020,0.374511403436752,0.186379768340892,0.19373819786202612,0.38011796620291816,0.005606562766166168,0.3363550726350122,-0.0381563308017398,0.295252504165086,-0.07925889927166596,0.28588421988426926,-0.08862718355248272
E01026294,E01026294,South Kesteven 007C,South Kesteven,1,2020,0.328344684501278,0.194894579188129,0.381365990125589,0.576260569313718,0.24791588481244003,0.30603517542565317,-0.022309509075624845,0.2774082820184757,-0.05093640248280229,0.24699180947838184,-0.08135287502289618
E01026296,E01026296,South Kesteven 011B,South Kesteven,1,2020,0.550946302182362,0.22756818147256,0.05071555545977699,0.278283736932337,-0.27266256525002497,0.43697833982284945,-0.11396796235951251,0.3028377445013135,-0.24810855768104845,0.31698554051540884,-0.23396076166695312
E01026297,E01026297,South Kesteven 011C,South Kesteven,1,2020,0.624310267087795,0.939971191094555,0.2692312360670349,1.20920242716159,0.584892160073795,1.058130850262667,0.43382058317487193,1.2028228863905044,0.5785126193027094,1.1812682098502294,0.5569579427624344
E01026298,E01026298,South Kesteven 011D,South Kesteven,1,2020,1.15463715061659,0.809935277941229,0.127353713702281,0.93728899164351,-0.21734815897308002,1.0129832247727157,-0.14165392584387426,1.2916679592536113,0.13703080863702133,1.1987195767643246,0.04408242614773461
E01026299,E01026299,South Kesteven 010A,South Kesteven,1,2020,1.08856126731461,0.82541988210316,-0.01854722307855905,0.8068726590246009,-0.28168860829000897,1.0060804196481592,-0.0824808476664507,0.992325369754435,-0.09623589756017492,0.9662175559421866,-0.12234371137242328
E01026300,E01026300,South Kesteven 010B,South Kesteven,1,2020,0.31681462322892,0.44654320132058,0.45178012751695223,0.8983233288375323,0.5815087056086123,0.506890598412608,0.19007597518368796,0.5443350890836546,0.22752046585473457,0.5102442392568709,0.1934296160279509
E01026301,E01034705,South Kesteven 010G,South Kesteven,1,2020,0.47367092945184,0.50890425127357,0.12033396319057799,0.629238214464148,0.155567285012308,0.6963622284973953,0.2226912990455553,0.6868754991087443,0.21320456965690437,0.7454477986616073,0.2717768692097673
E01026302,E01026302,South Kesteven 010D,South Kesteven,1,2020,0.818515810226559,0.325624046672985,0.215199540407583,0.540823587080568,-0.27769222314599096,0.5575306167481294,-0.2609851934784295,0.5564360368313757,-0.2620797733951833,0.6200993300597984,-0.1984164801667605
E01026303,E01026303,South Kesteven 014A,South Kesteven,1,2020,0.286111239642883,0.25163430867454,0.1541368980677458,0.40577120674228584,0.11965996709940285,0.4160446586889754,0.1299334190460924,0.40175219561877457,0.11564095597589158,0.40371300937872945,0.11760176973584646
E01026304,E01026304,South Kesteven 014B,South Kesteven,1,2020,0.0788789394874981,-0.0353719030968287,0.1264685436041573,0.0910966405073286,0.012217701019830496,0.19986216422100306,0.12098322473350495,0.17854371835180352,0.09966477886430541,0.1544644353260679,0.0755854958385698
E01026305,E01026305,South Kesteven 014C,South Kesteven,1,2020,0.0740661268410045,-0.0155081758320492,0.10995192170677681,0.09444374587472762,0.02037761903372312,0.1953664640552844,0.12130033721427991,0.1613887752328618,0.0873226483918573,0.15066067008551812,0.07659454324451362
E01026306,E01026306,South Kesteven 014D,South Kesteven,1,2020,1.13336992314553,0.964337662884937,-0.007548111115921907,0.9567895517690151,-0.17658037137651494,1.1725109691822753,0.039141046036745175,1.328194659379939,0.19482473623440888,1.1944458140733893,0.061075890927859255
E01026307,E01026307,South Kesteven 014E,South Kesteven,1,2020,0.242191088536405,0.162942016491754,0.130250843247403,0.293192859739157,0.05100177120275198,0.326622114792644,0.08443102625623902,0.2329079661409771,-0.00928312239542789,0.23211997168769366,-0.010071116848711342
E01026308,E01026308,South Kesteven 005A,South Kesteven,1,2020,1.26695471390022,1.61106286928537,0.8581665515103959,2.4692294207957657,1.2022747068955457,1.5131992806683077,0.2462445667680877,1.3296813131409126,0.06272659924069268,1.3219763873811525,0.055021673480932565
E01026309,E01026309,South Kesteven 005B,South Kesteven,1,2020,0.982036916527227,0.771646384629022,0.19830379019376798,0.96995017482279,-0.01208674170443702,0.8832571766659066,-0.09877973986132038,0.8707167022530484,-0.1113202142741786,0.8540803547378583,-0.12795656178936876
E01026310,E01026310,South Kesteven 005C,South Kesteven,1,2020,0.889079378741291,0.666841781654804,-0.303652425026282,0.36318935662852203,-0.5258900221127689,0.8689170741351436,-0.02016230460614732,0.8336100841740713,-0.05546929456721961,0.8844059653590768,-0.004673413382214164
E01026311,E01026311,South Kesteven 005D,South Kesteven,1,2020,1.39867616612196,1.22725717503222,0.6052982951654601,1.83255547019768,0.43387930407572006,1.2207867293995986,-0.17788943672236135,1.2099293078270896,-0.18874685829487037,1.1911188226209835,-0.20755734350097654
E01026312,E01026312,South Kesteven 005E,South Kesteven,1,2020,0.971858171403526,1.12970181062145,0.368088816994414,1.497790627615864,0.5259324562123379,1.2277907091542324,0.25593253775070635,1.3048131010835413,0.3329549296800153,1.2715226138997893,0.29966444249626323
E01026313,E01026313,South Kesteven 001A,South Kesteven,1,2020,0.0729112396231236,0.147464677930056,0.49263406926731,0.640098747197366,0.5671875075742424,0.17719361218837437,0.10428237256525077,0.06706882988161335,-0.005842409741510249,0.0916453237948212,0.0187340841716976
E01026314,E01026314,South Kesteven 001B,South Kesteven,1,2020,-0.349991137479272,-0.142842917948947,0.23940966527764201,0.09656674732869502,0.44655788480796704,-0.06687776397807223,0.2831133735011998,-0.14277222569701192,0.2072189117822601,-0.12226173771350515,0.22772939976576687
E01026315,E01026315,South Kesteven 009A,South Kesteven,1,2020,0.367823642450713,0.481827270231206,0.6736171972186029,1.1554444674498088,0.7876208249990958,0.4606954564370606,0.09287181398634764,0.6048546948257505,0.23703105237503752,0.4824123144030862,0.11458867195237321
E01026316,E01026316,South Kesteven 007D,South Kesteven,1,2020,0.254369950245196,-0.123737248590921,0.109425125272784,-0.014312123318136999,-0.26868207356333296,0.0859931490567541,-0.1683768011884419,-0.007155162112901057,-0.26152511235809706,0.03737890080559285,-0.21699104943960312
E01026317,E01026317,South Kesteven 006A,South Kesteven,1,2020,1.13667623802656,1.094024915015,0.3559832496463051,1.4500081646613052,0.3133319266347452,1.1380388433535973,0.0013626053270372473,1.2776862336065904,0.14100999558003036,1.2464532502503356,0.10977701222377556
E01026318,E01026318,South Kesteven 006B,South Kesteven,1,2020,1.1633905033276,1.15122679029005,0.7768536045338109,1.9280803948238607,0.7646898914962608,1.0770826308152261,-0.08630787251237382,1.1023239930095432,-0.061066510318056766,1.0200938894882001,-0.14329661383939984
E01026319,E01026319,South Kesteven 006C,South Kesteven,1,2020,0.811933503668159,0.657234882784705,0.221813594982868,0.879048477767573,0.06711497409941403,0.7826247145791437,-0.02930878908901524,0.79373684635872,-0.01819665730943898,0.7918705125845894,-0.02006299108356957
E01026320,E01034701,South Kesteven 004F,South Kesteven,1,2020,0.723802240184078,0.870865350447429,0.20189436191292998,1.072759712360359,0.3489574721762809,0.9935522179589007,0.2697499777748227,0.9183350642133087,0.19453282402923067,0.9752874472665622,0.25148520708248423
E01026321,E01026321,South Kesteven 004B,South Kesteven,1,2020,1.04569024767993,0.792342206418763,-0.24074167112738698,0.551600535291376,-0.4940897123885539,0.9573563750332896,-0.08833387264664028,0.9243560542388255,-0.12133419344110441,0.9502771106584894,-0.0954131370214405
E01026322,E01026322,South Kesteven 004C,South Kesteven,1,2020,0.834036942670151,0.609827572912196,0.146960170386499,0.756787743298695,-0.07724919937145602,0.7569772770152071,-0.07705966565494393,0.7474562129525946,-0.08658072971755648,0.7936890459213043,-0.04034789674884676
E01026323,E01026323,South Kesteven 004D,South Kesteven,1,2020,1.1463340539108,1.24093923186227,0.04996002352629003,1.29089925538856,0.14456520147776009,1.44214149364735,0.29580743973655,1.4668774191111407,0.32054336520034066,1.405328078374152,0.25899402446335196
E01026324,E01026324,South Kesteven 004E,South Kesteven,1,2020,0.223316877403818,0.0904213568541563,0.2811432843380343,0.3715646411921906,0.14824776378837262,0.24289705885591106,0.01958018145209306,0.20541012188718263,-0.01790675551663537,0.21737909459782023,-0.005937782805997771
E01026325,E01026325,South Kesteven 003A,South Kesteven,1,2020,0.678970763223774,1.22435199983493,0.36627597406980694,1.5906279739047369,0.9116572106809628,1.2527883780417381,0.5738176148179641,1.3284773484553947,0.6495065852316206,1.2752132202675732,0.5962424570437992
E01026326,E01026326,South Kesteven 003B,South Kesteven,1,2020,0.72706854321964,0.460919574186378,0.330032982900673,0.790952557087051,0.06388401386741105,0.5917743129072546,-0.1352942303123854,0.6340745981160133,-0.09299394510362669,0.6503255367318856,-0.07674300648775434
E01026327,E01026327,South Kesteven 003C,South Kesteven,1,2020,0.887358992495847,0.817914653832629,0.40180899891069594,1.2197236527433248,0.3323646602474778,0.9577759713402841,0.0704169788444371,0.9491168817550044,0.06175788925915737,1.0029322242044028,0.11557323170855571
E01026328,E01026328,South Kesteven 003D,South Kesteven,1,2020,1.40126589248831,1.63100662007838,1.1063054051990768,2.7373120252774568,1.3360461327891469,1.5123808150250002,0.11111492253669031,1.3038689819275413,-0.0973969105607686,1.3771469944196044,-0.024118898068705485
E01026329,E01026329,South Kesteven 001C,South Kesteven,1,2020,-0.325558843675608,-0.21042537532063,0.14345687812242203,-0.06696849719820797,0.25859034647740003,-0.02306298242312846,0.3024958612524795,-0.05541783528013648,0.2701410083954715,-0.03876646477395578,0.2867923789016522
E01026330,E01026330,South Kesteven 012A,South Kesteven,1,2020,0.0794529571226835,0.0554954681109219,0.2324923020388329,0.2879877701497548,0.20853481302707128,0.20452609451996673,0.1250731373972832,0.22967170388659272,0.15021874676390923,0.2121655082227306,0.1327125511000471
E01026331,E01026331,South Kesteven 009B,South Kesteven,1,2020,0.129095476370043,0.0581725456762345,0.4689086775302535,0.527081223206488,0.39798574683644494,0.07351088399718816,-0.055584592372854846,-0.046934373480722005,-0.17602984985076503,0.05106067014611903,-0.07803480622392397
E01026332,E01026332,South Kesteven 007E,South Kesteven,1,2020,0.184983608858801,-0.183423324089872,0.05070850689888301,-0.132714817190989,-0.31769842604979,0.02537921110102459,-0.1596043977577764,-0.005249497280279154,-0.19023310613908015,-0.0027354873845092313,-0.18771909624331024
E01026333,E01026333,South Kesteven 001D,South Kesteven,1,2020,-0.298529965803373,-0.182875346496397,0.387813699533054,0.204938353036657,0.50346831884003,-0.12788444756578,0.170645518237593,-0.19717754592619754,0.10135241987717544,-0.16709058516686334,0.13143938063650965
E01026334,E01026334,South Kesteven 013A,South Kesteven,1,2020,0.0889138724486434,0.0091877218129977,-0.047488701313239,-0.0383009795002413,-0.1272148519488847,0.2558176694734557,0.16690379702481228,0.2508662032858924,0.16195233083724897,0.23777806218401018,0.14886418973536678
E01026335,E01026335,South Kesteven 013B,South Kesteven,1,2020,1.36763324550379,1.12726454125593,-0.21770269621030014,0.9095618450456298,-0.4580714004581603,1.3814005414058526,0.013767295902062493,1.189108097828577,-0.178525147675213,1.2821393201364923,-0.08549392536729772
E01026336,E01026336,South Kesteven 013C,South Kesteven,1,2020,0.809398508077049,0.715972273865201,0.242017431671816,0.957989705537017,0.14859119745996796,0.8779214288702007,0.0685229207931517,0.9469346074482543,0.13753609937120526,0.9542050520981719,0.1448065440211228
E01026337,E01026337,South Kesteven 013D,South Kesteven,1,2020,0.282147574232784,0.308419107975454,0.20600882325175202,0.514427931227206,0.23228035699442195,0.469351023501882,0.187203449269098,0.41521622760540566,0.13306865337262164,0.4467475369245409,0.16459996269175686
E01026338,E01026338,South Kesteven 009C,South Kesteven,1,2020,-0.0299734084306256,-0.457159671020853,0.04600534628672903,-0.41115432473412394,-0.3811809163034983,-0.256567716176979,-0.2265943077463534,-0.154503118740476,-0.12452971030985041,-0.22380867925902506,-0.19383527082839946
E01026339,E01026339,South Kesteven 009D,South Kesteven,1,2020,-0.16865741214447,-0.376701364242073,0.20686871173846,-0.169832652503613,-0.001175240359143015,-0.22934040079731016,-0.060682988652840164,-0.19613644238594055,-0.027479030241470553,-0.23288569834666192,-0.06422828620219193
E01026340,E01026340,South Kesteven 002B,South Kesteven,1,2020,0.808494252228568,0.791816044193921,0.5321758150677671,1.3239918592616882,0.5154976070331202,0.7864796437890286,-0.022014608439539396,0.7225586400982291,-0.08593561213033885,0.6793436748784704,-0.1291505773500976
E01026341,E01026341,South Kesteven 008B,South Kesteven,1,2020,0.480884055615462,0.424827405557583,0.23768762813262204,0.662515033690205,0.18163097807474304,0.559420196078823,0.07853614046336099,0.5402317427193744,0.05934768710391236,0.5170644557685643,0.03618040015310231
E01026342,E01026342,South Kesteven 008C,South Kesteven,1,2020,0.342110349739259,0.117452035865554,0.1540504429299853,0.2715024787955393,-0.07060787094371973,0.3429022295080434,0.0007918797687843648,0.29293523038113933,-0.04917511935811969,0.2762538748415605,-0.06585647489769852
E01026343,E01026343,South Kesteven 006D,South Kesteven,1,2020,1.14553004694598,1.18639626633374,0.364379301990977,1.5507755683247169,0.40524552137873693,1.1822329639879217,0.03670291704194173,1.2559373442732296,0.11040729732724963,1.2758192504573138,0.13028920351133388
E01026344,E01026344,South Kesteven 006E,South Kesteven,1,2020,0.676287004479718,0.982086430066317,0.690873204789574,1.672959634855891,0.996672630376173,0.926596222387622,0.25030921790790395,0.8780111279053935,0.20172412342567547,0.8499794251843624,0.1736924207046444
E01026345,E01026345,South Kesteven 006F,South Kesteven,1,2020,1.62234198285557,1.4696523763024,0.13326626322235002,1.60291863952475,-0.019423343330819964,1.5625621545815467,-0.059779828274023394,1.4936866225976808,-0.12865536025788926,1.4719476879543332,-0.1503942949012369
E01026346,E01026346,South Kesteven 015D,South Kesteven,1,2020,0.215379316589339,0.108893029806613,0.19506198204724728,0.3039550118538603,0.0885756952645213,0.26680063325678616,0.05142131666744715,0.23881853220151472,0.023439215612175712,0.23907744087971539,0.023698124290376377
E01026347,E01026347,South Kesteven 015E,South Kesteven,1,2020,1.20840094709891,0.969782070064028,-0.14634585923120202,0.8234362108328259,-0.3849647362660842,1.1762083045657528,-0.032192642533157345,1.0627958304861627,-0.14560511661274744,1.079820362401263,-0.1285805846976471
E01026348,E01026348,South Kesteven 015F,South Kesteven,1,2020,0.193841957447226,0.415458582412491,0.741970916759933,1.1574294991724239,0.9635875417251979,0.4028977240614872,0.20905576661426123,0.5359351680538977,0.34209321060667175,0.42735950302732784,0.23351754558010185
E01026349,E01026349,South Kesteven 016A,South Kesteven,1,2020,0.150169936451195,0.172597536831672,-0.012155578296696001,0.160441958534976,0.010272022083781002,0.4116322493298225,0.26146231287862753,0.2820237299188387,0.13185379346764367,0.2982715171071718,0.1481015806559768
E01026350,E01026350,South Kesteven 016B,South Kesteven,1,2020,0.670278852114424,0.643984363699362,0.46881736282820297,1.112801726527565,0.442522874413141,0.6607256475334427,-0.0095532045809813,0.5212279744156184,-0.14905087769880554,0.5275503413749486,-0.14272851073947534
E01026351,E01026351,South Kesteven 016C,South Kesteven,1,2020,0.502206767294638,0.411372803478907,0.5390172008866989,0.950390004365606,0.44818323707096797,0.505504640003246,0.0032978727086080406,0.5519816811580278,0.049774913863389836,0.5300172705660602,0.027810503271422204
E01026352,E01026352,South Kesteven 003E,South Kesteven,1,2020,0.726854821421978,0.463486402692232,0.12731312868795702,0.590799531380189,-0.13605529004178896,0.6754579902589222,-0.05139683116305582,0.7006182982786338,-0.026236523143344237,0.7333337846757114,0.006478963253733427
E01026353,E01026353,South Kesteven 003F,South Kesteven,1,2020,1.96907985272146,2.30607132138736,0.78019929674386,3.08627061813122,1.11719076540976,2.2603515046277,0.29127165190624016,1.9858100472524793,0.016730194531019427,2.0965681887550254,0.12748833603356546
E01026354,E01026354,South Kesteven 003G,South Kesteven,1,2020,0.680794703656671,0.290277349295475,0.2463412096463525,0.5366185589418275,-0.14417614471484352,0.4020235203270001,-0.27877118332967094,0.3409380584987891,-0.33985664515788194,0.39258412665623665,-0.2882105770004344
E01026355,E01026355,South Kesteven 002C,South Kesteven,1,2020,-0.491647895425779,-0.380596519743365,0.40005368779631395,0.019457168052948948,0.511105063478728,-0.27040569403019676,0.22124220139558226,-0.3163707204939164,0.17527717493186262,-0.27986392917652825,0.21178396624925078
E01026356,E01026356,South Kesteven 016D,South Kesteven,1,2020,-0.0259913218013504,-0.142978416543883,-0.11907323404139158,-0.2620516505852746,-0.2360603287839242,0.0781767739727497,0.1041680957741001,0.08903776906349849,0.11502909086484889,0.1378842293404541,0.16387555114180452
E01026357,E01026357,South Kesteven 016E,South Kesteven,1,2020,0.0316384479396827,-0.234449865542434,0.225992479950777,-0.008457385591656985,-0.040095833531339685,-0.040968860566772,-0.07260730850645469,-0.08078044107482132,-0.11241888901450403,-0.0772092499449904,-0.1088476978846731
E01026358,E01026358,South Kesteven 016F,South Kesteven,1,2020,-0.016024134679634,-0.388866335397642,-0.252668638742454,-0.641534974140096,-0.6255108394604619,-0.13393463779084092,-0.11791050311120692,-0.18255070152200656,-0.16652656684237255,-0.18258259816133926,-0.16655846348170525
E01026359,E01026359,South Kesteven 016G,South Kesteven,1,2020,-0.0949260175054934,-0.263056105884352,-0.08826772958245002,-0.351323835466802,-0.2563978179613086,-0.04189002419841838,0.05303599330707502,-0.0422616858839164,0.052664331621577,-0.027454644171279578,0.06747137333421382
E01026360,E01026360,South Kesteven 012B,South Kesteven,1,2020,0.294034939259823,0.195248348219818,0.43308448733415805,0.6283328355539761,0.33429789629415313,0.3159235620311567,0.021888622771333688,0.28642874557290315,-0.007606193686919838,0.27832467595670274,-0.015710263303120253
E01026361,E01026361,South Kesteven 008D,South Kesteven,1,2020,1.07029303449949,0.896548362764297,0.5076502219368529,1.4041985847011498,0.3339055502016597,0.9445208981915258,-0.12577213630796424,0.8960861747989014,-0.1742068597005887,0.8730412382995658,-0.19725179619992428
E01026362,E01026362,South Kesteven 012C,South Kesteven,1,2020,0.20084731760994,0.234924141885938,0.127970971711507,0.362895113597445,0.16204779598750496,0.38216858385886043,0.18132126624892042,0.30806376752818987,0.10721644991824986,0.29037508586314514,0.08952776825320513
E01026363,E01026363,South Kesteven 012D,South Kesteven,1,2020,0.770351354099659,0.290961944215109,0.22503517700281672,0.5159971212179257,-0.2543542328817333,0.4323228748386605,-0.33802847926099855,0.39194771980578097,-0.3784036342938781,0.4105639284733953,-0.35978742562626376
E01026364,E01026364,South Kesteven 012E,South Kesteven,1,2020,0.0463058009754291,0.0690394993936417,0.104583882521049,0.1736233819146907,0.1273175809392616,0.2833960826761298,0.2370902817007007,0.23790796857953364,0.19160216760410453,0.23356699630697092,0.1872611953315418
E01026365,E01026365,South Kesteven 002D,South Kesteven,1,2020,-0.520188439716083,-0.555335917781709,0.30596913172206996,-0.24936678605963902,0.27082165365644395,-0.3741110520907287,0.14607738762535427,-0.42169316123089495,0.09849527848518802,-0.41819741084572887,0.1019910288703541
E01026366,E01026366,West Lindsey 011A,West Lindsey,1,2020,0.0539114806924974,-0.190248090377188,-0.10503722298534761,-0.2952853133625356,-0.349196794055033,0.11787417910055764,0.06396269840806024,0.16677772372521485,0.11286624303271744,0.13611030183569622,0.08219882114319882
E01026367,E01026367,West Lindsey 001A,West Lindsey,1,2020,0.343197756491487,0.545708787162235,-0.09135622677286992,0.4543525603893651,0.11115480389787813,0.7365056803251309,0.3933079238336439,0.7662063037462995,0.4230085472548125,0.7777148680654572,0.4345171115739702
E01026368,E01026368,West Lindsey 001B,West Lindsey,1,2020,-0.210194884711622,-0.43701568540848,0.30200842046647003,-0.13500726494200999,0.07518761976961202,-0.24703270434871633,-0.036837819637094316,-0.29655471299403907,-0.08635982828241706,-0.26240548490530186,-0.052210600193679846
E01026369,E01026369,West Lindsey 011B,West Lindsey,1,2020,1.21773737566916,1.25770115295683,0.16705046354258002,1.42475161649941,0.20701424083025,1.3570279346751186,0.13929055900595855,1.3673920696404593,0.14965469397129927,1.3310020056329512,0.11326462996379116
E01026370,E01026370,West Lindsey 011C,West Lindsey,1,2020,0.544432749974732,0.52843042943102,0.285052145701437,0.813482575132457,0.269049825157725,0.6071840024176056,0.0627512524428736,0.5061392890392052,-0.03829346093552677,0.507238730745808,-0.03719401922892396
E01026371,E01026371,West Lindsey 011D,West Lindsey,1,2020,0.537942383963463,0.250289935233881,0.2792765723310296,0.5295665075649105,-0.008375876398552418,0.4238796834755159,-0.11406270048794703,0.43766175570654026,-0.10028062825692269,0.48721253365955947,-0.05072985030390348
E01026372,E01026372,West Lindsey 008A,West Lindsey,1,2020,0.316983381157852,0.245498397750412,0.12205539130929499,0.367553789059707,0.050570407901854963,0.42762569723428673,0.11064231607643471,0.4187578249227468,0.1017744437648948,0.40905407417146816,0.09207069301361614
E01026373,E01026373,West Lindsey 011E,West Lindsey,1,2020,0.840738356115619,0.735029375185902,0.25103536887727795,0.9860647440631799,0.14532638794756092,0.8309061282433036,-0.009832227872315413,0.8718202587837951,0.03108190266817612,0.85160278881073,0.01086443269511106
E01026374,E01026374,West Lindsey 006A,West Lindsey,1,2020,1.19613672478774,1.4333308534531,0.29023981471948,1.72357066817258,0.5274339433848401,1.4670922824726522,0.2709555576849123,1.3508090432214694,0.15467231843372953,1.405076185264722,0.2089394604769821
E01026375,E01026375,West Lindsey 006B,West Lindsey,1,2020,2.54828139868175,2.17754775295849,0.18478611908457987,2.3623338720430698,-0.1859475266386803,2.218637671974096,-0.32964372670765396,1.8358338006943413,-0.7124475979874088,2.16286792285946,-0.38541347582229024
E01026376,E01026376,West Lindsey 006C,West Lindsey,1,2020,1.67652114202778,1.5503173895791,0.48921460464463995,2.03953199422374,0.3630108521959601,1.527926660089723,-0.1485944819380569,1.4055959338576205,-0.2709252081701594,1.4476400949491455,-0.22888104707863444
E01026377,E01026377,West Lindsey 006D,West Lindsey,1,2020,1.43821071308565,1.19627841178177,0.0034735799734799677,1.19975199175525,-0.23845872133040014,1.3837504905256124,-0.054460222560037685,1.3770625264960106,-0.0611481865896395,1.3813830697049574,-0.05682764338069268
E01026378,E01026378,West Lindsey 004A,West Lindsey,1,2020,1.28333883066929,1.26821809362572,0.5837403359658829,1.851958429591603,0.5686195989223128,1.2335738760503483,-0.049764954618941815,1.3338733405598895,0.05053450989059938,1.313801441959252,0.03046261128996197
E01026379,E01026379,West Lindsey 004B,West Lindsey,1,2020,1.12789029498051,0.951312106848994,0.08416027710529306,1.035472383954287,-0.0924179110262231,1.1222887724422401,-0.005601522538269954,1.310296234825423,0.18240593984491293,1.2183255738505385,0.09043527887002845
E01026380,E01026380,West Lindsey 002A,West Lindsey,1,2020,1.00925023868085,0.887142993306853,0.34560031723861395,1.2327433105454668,0.22349307186461687,0.975681301398171,-0.03356893728267896,0.9583722729731201,-0.050877965707729844,0.9581208956073825,-0.051129343073467504
E01026381,E01026381,West Lindsey 004C,West Lindsey,1,2020,1.12634672429871,1.42044564588284,0.07199456164660001,1.49244020752944,0.3660934832307301,1.4778071309856387,0.3514604066869287,1.352793507355278,0.22644678305656796,1.4377346144200913,0.31138789012138135
E01026382,E01026382,West Lindsey 004D,West Lindsey,1,2020,2.05589433975499,2.07647700798778,0.47014117253945,2.54661818052723,0.4907238407722403,2.033148409541585,-0.022745930213404986,1.923373305043301,-0.13252103471168875,2.247533449223599,0.19163910946860918
E01026383,E01026383,West Lindsey 004E,West Lindsey,1,2020,1.926433531653,1.89911251854507,-0.13328438834639988,1.76582813019867,-0.1606054014543299,2.1671559770027753,0.24072244534977538,2.0655587424232076,0.13912521077020767,2.239673552412108,0.31324002075910795
E01026384,E01026384,West Lindsey 004F,West Lindsey,1,2020,1.88191619176302,2.06565125231932,0.14614451361790004,2.21179576593722,0.3298795741741998,2.2508718634888303,0.36895567172581023,1.9808246009062822,0.09890840914326215,2.143823263833437,0.2619070720704171
E01026385,E01026385,West Lindsey 005A,West Lindsey,1,2020,0.188870714105152,0.235722672492334,0.1878886733412265,0.4236113458335605,0.23474063172840853,0.4337677188888328,0.24489700478368082,0.3348976096949625,0.14602689558981052,0.34295125084974526,0.15408053674459327
E01026386,E01026386,West Lindsey 005B,West Lindsey,1,2020,0.487980711882594,0.695496644905649,-0.13975583330755803,0.555740811598091,0.06776009971549696,0.9287407498692283,0.44076003798663427,0.961330507822683,0.473349795940089,0.8929800407656165,0.40499932888302254
E01026387,E01026387,West Lindsey 001C,West Lindsey,1,2020,-0.187333279162565,-0.283245265674588,0.269863083888447,-0.013382181786141034,0.17395109737642397,-0.10402178960334162,0.08331148955922339,-0.10892259065772388,0.07841068850484113,-0.1163293760816504,0.0710039030809146
E01026388,E01026388,West Lindsey 007A,West Lindsey,1,2020,0.877572936248174,0.389450841861512,0.25941804923928,0.648868891100792,-0.22870404514738196,0.552277562017337,-0.325295374230837,0.6208863310913717,-0.2566866051568023,0.6329801977460385,-0.24459273850213548
E01026389,E01026389,West Lindsey 003A,West Lindsey,1,2020,1.18014602844716,1.28188022830677,0.3207736292749861,1.6026538575817562,0.42250782913459606,1.3683125802826461,0.18816655183548603,1.4839695826732175,0.30382355422605745,1.4640401366225517,0.2838941081753916
E01026390,E01026390,West Lindsey 003B,West Lindsey,1,2020,0.715814752215454,0.874073139780769,0.22069087764737794,1.094764017428147,0.378949265212693,0.9594469212776269,0.2436321690621729,0.8517896228995245,0.13597487068407055,0.8718391800886499,0.15602442787319593
E01026391,E01026391,West Lindsey 003C,West Lindsey,1,2020,0.33303312328035,-0.0901079732335652,-0.009604645145608298,-0.0997126183791735,-0.4327457416595235,0.20264061506849695,-0.13039250821185305,0.20210041867420991,-0.1309327046061401,0.20408379256515372,-0.1289493307151963
E01026392,E01026392,West Lindsey 003D,West Lindsey,1,2020,0.308126911942122,0.039897962652608,0.0929946609013246,0.1328926235539326,-0.17523428838818939,0.2548712990405039,-0.05325561290161812,0.2243271219453853,-0.0837997899967367,0.23278646874982514,-0.07534044319229685
E01026393,E01026393,West Lindsey 010A,West Lindsey,1,2020,0.463504903296096,0.514441291749248,0.321564226562971,0.836005518312219,0.372500615016123,0.6334604272226964,0.16995552392660035,0.6132726738826026,0.14976777058650664,0.6320565511599767,0.16855164786388072
E01026394,E01026394,West Lindsey 010B,West Lindsey,1,2020,0.597915043171388,0.438620488270255,0.282047220652056,0.720667708922311,0.12275266575092303,0.5428848252021546,-0.05503021796923335,0.44019294283600485,-0.15772210033538314,0.4540304643499378,-0.14388457882145017
E01026395,E01026395,West Lindsey 010C,West Lindsey,1,2020,0.700309499513665,0.362290716469954,0.20232241263766598,0.56461312910762,-0.13569637040604499,0.5249576010453211,-0.17535189846834387,0.4901510743216316,-0.21015842519203337,0.4759741979274461,-0.22433530158621884
E01026396,E01026396,West Lindsey 009A,West Lindsey,1,2020,0.20701209844995,0.284010117035214,0.3448319312013033,0.6288420482365173,0.42182994978656735,0.42945039931626217,0.22243830086631217,0.40873225996409734,0.20172016151414734,0.4790933711691869,0.2720812727192369
E01026397,E01034706,West Lindsey 009E,West Lindsey,1,2020,0.362024470501942,0.367417962481741,0.21026661668050003,0.577684579162241,0.21566010866029905,0.5254244057874133,0.16339993528547136,0.48612494108813953,0.12410047058619755,0.47853866405243345,0.11651419355049147
E01026398,E01026398,West Lindsey 009C,West Lindsey,1,2020,0.322409715389479,0.441559620932904,0.33210388691980003,0.7736635078527041,0.4512537924632251,0.5465327401317114,0.2241230247422324,0.46598125439030114,0.14357153900082215,0.4900374247082638,0.1676277093187848
E01026399,E01026399,West Lindsey 005C,West Lindsey,1,2020,0.917837526576723,0.335587865765656,0.083444576185007,0.419032441950663,-0.49880508462606,0.5292788094402098,-0.38855871713651324,0.5407931498676747,-0.37704437670904833,0.5238306847906983,-0.39400684178602474
E01026400,E01026400,West Lindsey 009D,West Lindsey,1,2020,0.425495025335263,0.100185738041513,0.020692689832479905,0.1208784278739929,-0.3046165974612701,0.30507585440964474,-0.12041917092561827,0.23742727214647283,-0.18806775318879018,0.2395894805291795,-0.1859055448060835
E01026401,E01026401,West Lindsey 002B,West Lindsey,1,2020,0.294109893794125,0.321380656382696,0.2864357704039382,0.6078164267866342,0.31370653299250917,0.44404966181056216,0.14993976801643716,0.412339412657876,0.118229518863751,0.43769519231431747,0.14358529852019247
E01026402,E01026402,West Lindsey 002C,West Lindsey,1,2020,0.636464169132683,0.432197706015579,0.3855622520042517,0.8177599580198307,0.1812957888871477,0.4979248970540472,-0.1385392720786358,0.6100313602188387,-0.026432808913844252,0.5411595733220711,-0.0953045958106119
E01026403,E01026403,West Lindsey 002D,West Lindsey,1,2020,0.848414711857961,0.63942110789834,-0.26381482489085906,0.3756062830074809,-0.47280842885048013,0.8824954126689719,0.03408070081101089,0.7925823689002643,-0.05583234295769668,0.8249279558915527,-0.023486755966408368
E01026404,E01026404,West Lindsey 007B,West Lindsey,1,2020,0.759605370739411,0.64937176800992,0.43790953501695706,1.087281303026877,0.32767593228746605,0.7266655248391772,-0.0329398459002338,0.71133560342114,-0.04826976731827104,0.7162341009239529,-0.043371269815458136
E01026405,E01026405,West Lindsey 010D,West Lindsey,1,2020,0.237949945626176,0.24391026599075,0.1523549939889787,0.3962652599797287,0.15831531435355273,0.4163869308014827,0.1784369851753067,0.3938210045495992,0.15587105892342318,0.4098079056567541,0.17185796003057813
E01026406,E01026406,West Lindsey 010E,West Lindsey,1,2020,0.414401820681268,0.438617867789258,0.38582893574252286,0.8244468035317809,0.4100449828505129,0.5059880654423112,0.09158624476104321,0.6100568574292997,0.1956550367480317,0.5411595733220711,0.12675775264080308
E01026407,E01026407,West Lindsey 002E,West Lindsey,1,2020,0.750930896432868,0.344150873288843,-0.057845922159732,0.286304951129111,-0.46462594530375706,0.5816199816283086,-0.1693109148045594,0.7718195951000538,0.02088869866718579,0.7215721816746339,-0.02935871475823415
E01026408,E01026408,West Lindsey 002F,West Lindsey,1,2020,1.17319863607084,1.44546691430216,0.38269981619465,1.8281667304968099,0.6549680944259699,1.4669850931182586,0.2937864570474187,1.4310935251070769,0.2578948890362369,1.3650038457992162,0.19180520972837622
E01026409,E01026409,West Lindsey 007C,West Lindsey,1,2020,0.281225064247575,0.230543918927533,0.371078572088544,0.601622491016077,0.320397426768502,0.32886923554189945,0.04764417129432447,0.26559443981566544,-0.015630624431909546,0.23920324180890018,-0.042021822438674805
E01026410,E01026410,West Lindsey 007D,West Lindsey,1,2020,0.815021598887958,0.609524511889567,0.399730620342323,1.00925513223189,0.1942335333439319,0.7190842666323832,-0.09593733225557477,0.7288495496703498,-0.08617204921760824,0.7232498252470491,-0.09177177364090894
E01026411,E01026411,West Lindsey 005D,West Lindsey,1,2020,0.454719635949773,0.289380397136313,0.09270626255392897,0.3820866596902419,-0.07263297625953108,0.47324293629634295,0.01852330034656996,0.4014892107326053,-0.0532304252171677,0.3946294802610975,-0.060090155688675484
E01026412,E01026412,West Lindsey 008B,West Lindsey,1,2020,0.486948323610691,0.352700355571698,-0.004469697185235988,0.348230658386462,-0.13871766522422901,0.6211868964366692,0.13423857282597823,0.6742851350697514,0.1873368114590604,0.7131301289885743,0.2261818053778833
E01026413,E01026413,West Lindsey 008C,West Lindsey,1,2020,0.319007550390024,0.0168029109422437,-0.0489017811579542,-0.03209887021571049,-0.3511064206057345,0.2517175969359876,-0.06728995345403638,0.24088400453503528,-0.07812354585498871,0.23542737588539903,-0.08358017450462496
E01026414,E01026414,West Lindsey 008D,West Lindsey,1,2020,0.0213044115943068,0.0491717472318898,-0.045518935299099006,0.003652811932790795,-0.017651599661516006,0.32343542506469186,0.30213101347038507,0.30693543677880436,0.28563102518449757,0.2904964629787381,0.2691920513844313
E01026415,E01026415,West Lindsey 003E,West Lindsey,1,2020,0.234675393447012,0.402001179719357,0.3318675863504454,0.7338687660698024,0.49919337262279045,0.535849183748572,0.30117379030156005,0.5396197544752864,0.30494436102827444,0.5427860506489924,0.30811065720198044
E01026416,E01026416,West Lindsey 001D,West Lindsey,1,2020,0.148112887468362,0.181730310124528,-0.04803320274925599,0.13369710737527202,-0.01441578009308997,0.4468386997269082,0.2987258122585462,0.4187900207421642,0.2706771332738022,0.42175243022286885,0.27363954275450686
E01032683,E01032683,West Lindsey 001G,West Lindsey,1,2020,-0.0968270837616567,-0.135634684632336,0.08852431657944101,-0.04711036805289498,0.049716715708761725,-0.01171981168787109,0.08510727207378561,-0.034545743223136464,0.06228134053852024,-0.03268043328007132,0.06414665048158538
E01032986,E01032986,East Lindsey 004D,East Lindsey,1,2020,0.83858233237675,1.68129600268945,0.34064412960657986,2.02194013229603,1.1833577999192801,1.6200209552698042,0.7814386228930542,1.2853385001344078,0.4467561677576578,1.498006445148852,0.659424112772102
E01032987,E01032987,East Lindsey 004E,East Lindsey,1,2020,1.03838474963689,0.925414017013059,-0.15687003185692106,0.768543985156138,-0.2698407644807521,1.0652073348871407,0.026822585250250608,1.149798635277296,0.11141388564040589,1.0246559241753883,-0.013728825461501781
E01032988,E01032988,North Kesteven 013B,North Kesteven,1,2020,0.782770547192108,0.853723624083832,0.45503119519390794,1.3087548192777398,0.5259842720856318,0.9482546734044477,0.16548412621233966,0.9640118897466755,0.18124134255456747,0.9302372874088517,0.14746674021674366
E01032989,E01032989,North Kesteven 013C,North Kesteven,1,2020,0.520618330669224,0.410000396207156,0.266597561030678,0.676597957237834,0.15597962656860997,0.5828457712348744,0.06222744056565033,0.651728495454434,0.13111016478520998,0.6627105958270826,0.14209226515785855
E01032990,E01034693,North Kesteven 003I,North Kesteven,1,2020,-0.155656106451099,-0.309312620385158,0.19371276153246203,-0.11559985885269597,0.04005624759840304,-0.10807766940044734,0.047578437050651665,-0.11938987562174082,0.03626623082935819,-0.12995147884203434,0.025704627609064667
E01032991,E01032991,North Kesteven 014E,North Kesteven,1,2020,0.509982393074437,0.52955029366815,0.184326838143132,0.713877131811282,0.20389473873684494,0.663997891022628,0.15401549794819092,0.6486778249134559,0.1386954318390189,0.6533455489684452,0.14336315589400817
E01032992,E01032992,North Kesteven 014F,North Kesteven,1,2020,0.834123539832083,1.02976143738926,0.5439032005551061,1.5736646379443662,0.7395410981122832,1.0261811532082512,0.19205761337616822,0.9188458468936512,0.08472230706156825,1.116273437656626,0.2821498978245429
E01032993,E01032993,North Kesteven 013D,North Kesteven,1,2020,0.449461027162051,0.233162919268117,0.349862914075869,0.5830258333439859,0.13356480618193495,0.3492952754701846,-0.10016575169186642,0.2709918961197351,-0.17846913104231588,0.246878173330832,-0.202582853831219
E01032994,E01032994,North Kesteven 003H,North Kesteven,1,2020,0.415419906407311,0.0897351159652162,0.34312993267925324,0.43286504864446945,0.01744514223715843,0.22212223156167166,-0.19329767484563937,0.22477238419203982,-0.1906475222152712,0.20929319735252885,-0.20612670905478217
E01032995,E01032995,South Holland 006F,South Holland,1,2020,0.456021340553304,0.560498861038794,0.711634364306226,1.27213322534502,0.8161118847917159,0.5868190511048719,0.13079771055156786,0.5356340398734849,0.07961269932018089,0.5091429289720125,0.05312158841870851
E01032996,E01032996,South Holland 006G,South Holland,1,2020,0.0589888395983663,0.254319630771653,0.2847531361322548,0.5390727669039077,0.4800839273055414,0.3528781673037033,0.293889327705337,0.34382615105362496,0.28483731145525865,0.36049415430588444,0.3015053147075181
E01032997,E01032997,South Kesteven 011E,South Kesteven,1,2020,0.849252535208786,0.767189291716415,-0.23099543504959097,0.5361938566668241,-0.3130586785419619,0.9654877530465757,0.11623521783778978,0.9427579091080679,0.09350537389928193,0.9027290322962063,0.053476497087420305
E01032998,E01032998,South Kesteven 011F,South Kesteven,1,2020,0.435573499695488,-0.0441116121509141,-0.0190906038622285,-0.0632022160131426,-0.49877571570863055,0.23822549046521618,-0.1973480092302718,0.29607731358442974,-0.13949618611105824,0.2572017931992071,-0.17837170649628087
E01032999,E01032999,South Kesteven 011G,South Kesteven,1,2020,0.573152054346482,0.119519242508539,-0.12668625007900203,-0.007167007570463027,-0.580319061916945,0.36805630696284053,-0.20509574738364145,0.3708707917914179,-0.20228126255506407,0.3592221567483914,-0.21392989759809056
E01026006,E01034681,Boston 003E,Boston,1,2021,0.543013599654348,0.302920800405521,-0.105064858939529,0.197855941465992,-0.34515765818835603,0.5425162440504938,-0.0004973556038542215,0.6258601364279669,0.08284653677361886,0.6162586689531574,0.07324506929880936
E01026007,E01026007,Boston 001A,Boston,1,2021,0.279106113573203,0.209190521866846,0.02642323976466099,0.235613761631507,-0.043492351941695984,0.39785449077180357,0.1187483771986006,0.315697048390283,0.036590934817080034,0.3068552635943374,0.027749150021134428
E01026008,E01026008,Boston 001B,Boston,1,2021,0.262744298578305,0.515195008799564,-0.24996298059775302,0.265232028201811,0.0024877296235060187,0.7228019807646937,0.4600576821863887,0.6967734364877027,0.43402913790939773,0.7025673116001414,0.4398230130218364
E01026009,E01026009,Boston 001C,Boston,1,2021,0.718583293472933,0.63673156555769,-0.18645686719422805,0.4502746983634619,-0.26830859510947114,0.8394062063469664,0.12082291287403335,0.7989165784691231,0.08033328499619008,0.7930789976809426,0.07449570420800955
E01026010,E01026010,Boston 002A,Boston,1,2021,1.28197265568727,0.928020751902342,0.07404654203134098,1.002067293933683,-0.27990536175358693,0.9740017528280462,-0.3079709028592237,0.9684902425906116,-0.31348241309665836,0.9587700437354898,-0.3232026119517801
E01026011,E01034679,Boston 002F,Boston,1,2021,0.738637925997887,0.293354804002235,-0.08798825362195101,0.205366550380284,-0.5332713756176031,0.4977440317543861,-0.24089389424350094,0.47056332848236837,-0.26807459751551865,0.476047974289387,-0.2625899517085
E01026012,E01026012,Boston 004A,Boston,1,2021,1.26257151127389,0.495929329881876,-0.884761378418114,-0.388832048536238,-1.651403559810128,0.8411172805526809,-0.42145423072120913,0.8968872344081835,-0.3656842768657065,1.0192663599378204,-0.24330515133606956
E01026013,E01026013,Boston 008A,Boston,1,2021,0.464768301681928,0.215499369314276,0.13668733715506828,0.35218670646934425,-0.11258159521258376,0.3212744517074475,-0.1434938499744805,0.4135882520863662,-0.05118004959556183,0.33832254271186724,-0.12644575897006077
E01026014,E01026014,Boston 008B,Boston,1,2021,0.536361639269075,0.0649035017789702,-0.1311403825097498,-0.0662368807307796,-0.6025985199998546,0.31664426121831296,-0.21971737805076202,0.2529691483405967,-0.2833924909284783,0.2395204817376836,-0.2968411575313914
E01026015,E01026015,Boston 004B,Boston,1,2021,0.673145675870246,0.0976785392566882,0.2402152372119692,0.33789377646865737,-0.3352518994015886,0.22763132324998092,-0.44551435262026506,0.22023406226722614,-0.45291161360301985,0.20541654686266883,-0.4677291290075771
E01026016,E01026016,Boston 006A,Boston,1,2021,0.848922775976653,0.619908956543889,0.205780916615609,0.8256898731594979,-0.023232902817155066,0.750453628483523,-0.09846914749312996,0.7304256162224092,-0.1184971597542438,0.7891745090201568,-0.059748266956496154
E01026017,E01026017,Boston 007A,Boston,1,2021,0.804245073649804,0.779253440286485,-0.05942037650258403,0.719833063783901,-0.08441200986590303,0.9549961243206389,0.15075105067083483,0.910088796787989,0.10584372313818502,0.9280716855722347,0.12382661192243072
E01026018,E01026018,Boston 007B,Boston,1,2021,0.879873469356857,0.518743359312058,-0.13920714055585903,0.3795362187561989,-0.500337250600658,0.6860492740546305,-0.1938241953022265,0.6767311842228361,-0.20314228513402088,0.5911570723482837,-0.2887163970085732
E01026019,E01026019,Boston 007C,Boston,1,2021,0.97369075379094,0.543855929584882,0.18273054812107603,0.7265864777059581,-0.24710427608498187,0.6698269144509325,-0.3038638393400075,0.5811176448880212,-0.39257310890291874,0.6062265092809128,-0.3674642445100271
E01026020,E01026020,Boston 007D,Boston,1,2021,0.828378321906672,0.25522644014562,-0.343436631883118,-0.088210191737498,-0.91658851364417,0.5232761783050869,-0.30510214360158516,0.565361398558168,-0.263016923348504,0.4854989790834597,-0.34287934282321236
E01026021,E01026021,Boston 003B,Boston,1,2021,2.28032628486816,1.08495604102768,0.3441554184768929,1.4291114595045729,-0.851214825363587,1.1081695489061325,-1.1721567359620273,1.041027779644808,-1.2392985052233518,1.020469009281064,-1.2598572755870958
E01026022,E01026022,Boston 008C,Boston,1,2021,0.401811727362478,0.125066638930064,-0.194723527396122,-0.069656888466058,-0.471468615828536,0.32885476847077083,-0.07295695889170717,0.38884586541780214,-0.01296586194467586,0.33502504469379213,-0.06678668266868587
E01026023,E01026023,Boston 001D,Boston,1,2021,0.704392094522088,1.39314782866336,0.18974519435330017,1.5828930230166602,0.8785009284945723,1.5353099719697145,0.8309178774476266,1.548302000967107,0.843909906445019,1.6163523882905328,0.9119602937684449
E01026024,E01026024,Boston 001E,Boston,1,2021,0.694949543564598,0.837804721216844,0.261996684665204,1.099801405882048,0.40485186231744996,0.9207017101414475,0.2257521665768495,0.852744160827108,0.15779461726250998,0.8398295441967097,0.1448800006321117
E01026025,E01026025,Boston 003C,Boston,1,2021,0.627837503435243,0.16257326635105,-0.08894557286666702,0.07362769348438297,-0.5542098099508601,0.3669650383632073,-0.2608724650720357,0.3947541564425764,-0.23308334699266664,0.41472881273806195,-0.21310869069718108
E01026026,E01026026,Boston 004C,Boston,1,2021,1.14774351707017,0.642359803109872,0.031616006675729946,0.6739758097856019,-0.4737677072845681,0.8021410339319842,-0.34560248313818576,0.7943554632914825,-0.3533880537786874,0.8032087827310511,-0.34453473433911885
E01026027,E01026027,Boston 004D,Boston,1,2021,0.236307474553188,0.174677602582111,-0.218600413052222,-0.043922810470110984,-0.280230285023299,0.3953095034911523,0.15900202893796428,0.43104700331419965,0.19473952876101164,0.4020783856749404,0.1657709111217524
E01026028,E01026028,Boston 004E,Boston,1,2021,0.889327983536554,0.909721508016324,0.165654985882281,1.075376493898605,0.18604851036205106,1.019591282218619,0.1302632986820651,0.948627152818142,0.05929916928158807,0.9847154117792177,0.09538742824266377
E01026029,E01034683,Boston 009E,Boston,1,2021,0.543857617652634,0.168716775723949,-0.47820880740965405,-0.30949203168570505,-0.853349649338339,0.4852349404743933,-0.058622677178240656,0.4109256375008855,-0.13293198015174845,0.3134857368210345,-0.23037188083159948
E01026030,E01026030,Boston 002C,Boston,1,2021,1.7071024079041,0.849989482127519,-0.18695318050127108,0.6630363016262479,-1.044066106277852,1.0651632030518747,-0.6419392048522252,1.0074516489984684,-0.6996507589056316,1.0327088137718596,-0.6743935941322403
E01026031,E01026031,Boston 009B,Boston,1,2021,1.47879494579122,0.866957367481624,0.147799818809075,1.014757186290699,-0.46403775950052095,0.9933376673072088,-0.4854572784840111,0.8942944539657571,-0.5845004918254628,0.9042011007932899,-0.5745938449979301
E01026032,E01026032,Boston 002D,Boston,1,2021,0.396160131591681,-0.186139856791681,-0.0942915626712135,-0.2804314194628945,-0.6765915510545755,0.0911160800456426,-0.3050440515460384,0.07057126935175452,-0.3255888622399265,0.08971120576140007,-0.30644892583028094
E01026033,E01026033,Boston 006B,Boston,1,2021,1.05224446945148,0.710283490895318,0.2899377344078459,1.000221225303164,-0.05202324414831616,0.8068803133298531,-0.245364156121627,0.8611691095483082,-0.19107535990317193,0.8220897860875037,-0.23015468336397638
E01026034,E01026034,Boston 006C,Boston,1,2021,0.840904348975438,0.762624740441926,-0.09182740927997901,0.670797331161947,-0.17010701781349102,0.933413289080594,0.09250894010515598,0.9223764230972974,0.08147207412185942,0.9487447636582554,0.10784041468281746
E01026035,E01026035,Boston 009C,Boston,1,2021,0.196432571788398,-0.248599229389372,-0.063159943755315,-0.31175917314468704,-0.508191744933085,0.013214019494301607,-0.1832185522940964,-0.06455382673337423,-0.26098639852177224,-0.05099840891687729,-0.2474309807052753
E01026036,E01026036,Boston 003D,Boston,1,2021,0.737463769607328,0.64774346437331,0.435545181565079,1.083288645938389,0.34582487633106107,0.6895993593312187,-0.047864410276109215,0.5295617749299111,-0.20790199467741688,0.5370543919352119,-0.20040937767211608
E01026037,E01026037,Boston 002E,Boston,1,2021,1.16204638416296,0.669495541806803,-0.2184537298940119,0.45104181191279114,-0.7110045722501689,0.8409657709762673,-0.3210806131866927,0.8337590987949034,-0.3282872853680566,0.8070703362440873,-0.3549760479188727
E01026038,E01026038,Boston 008D,Boston,1,2021,0.369449066667294,0.269500901522154,0.2537440960385764,0.5232449975607304,0.1537959308934364,0.40824870452872725,0.038799637861433256,0.39562305210889753,0.026173985441603542,0.4124440568394663,0.04299499017217229
E01026039,E01026039,Boston 009D,Boston,1,2021,0.513509880039854,0.909456197189157,0.7283721305002441,1.6378283276894012,1.1243184476495474,0.8612540722359023,0.34774419219604835,0.8318365820129497,0.31832670197309576,0.8280247839911898,0.31451490395133586
E01026040,E01026040,Boston 008E,Boston,1,2021,1.25607266461705,0.249769013994728,-0.13440333916151498,0.11536567483321303,-1.1407069897838369,0.4179825765868416,-0.8380900880302082,0.5384596247669355,-0.7176130398501144,0.5450810197567033,-0.7109916448603466
E01026041,E01026041,Boston 007E,Boston,1,2021,0.868455270261735,0.877738227286092,-0.643979391122988,0.233758836163104,-0.634696434098631,1.1706107483083628,0.3021554780466278,1.2263906982739392,0.35793542801220424,1.2031596302201466,0.33470435995841163
E01026042,E01026042,East Lindsey 008A,East Lindsey,1,2021,0.816626882132914,0.731619578898213,0.0021175327617320994,0.7337371116599452,-0.08288977047296886,0.99452647555998,0.17789959342706596,1.2942539525694505,0.4776270704365365,1.2728088701147848,0.4561819879818708
E01026043,E01026043,East Lindsey 008B,East Lindsey,1,2021,0.887319241395488,0.450949466470259,-0.28443435153152297,0.16651511493873605,-0.720804126456752,0.7294653010389267,-0.1578539403565613,0.6728407829748545,-0.2144784584206335,0.6680989382313911,-0.2192203031640969
E01026044,E01026044,East Lindsey 008C,East Lindsey,1,2021,0.870232747444083,0.645518177618575,0.10375415845897196,0.749272336077547,-0.12096041136653601,0.7650342550476454,-0.10519849239643753,0.7850084430454622,-0.08522430439862072,0.7529490408871382,-0.11728370655694476
E01026045,E01026045,East Lindsey 001A,East Lindsey,1,2021,0.643113411386072,0.526427770017395,-0.18645321351571298,0.33997455650168207,-0.30313885488438996,0.8055293880095705,0.1624159766234985,0.8137973397962551,0.1706839284101831,0.7522063421689751,0.10909293078290305
E01026046,E01026046,East Lindsey 013A,East Lindsey,1,2021,1.2319909143022,1.22554863430711,0.14799723596791003,1.37354587027502,0.14155495597281997,1.3181351513244113,0.08614423702221119,1.2437850993240627,0.01179418502186258,1.2084268145541301,-0.023564099748069944
E01026047,E01026047,East Lindsey 013B,East Lindsey,1,2021,1.51679803821247,0.901319527165646,0.132968106995907,1.034287634161553,-0.48251040405091694,1.0173125447901012,-0.4994854934223687,0.9767050946976906,-0.5400929435147793,0.9687012346558662,-0.5480968035566037
E01026048,E01026048,East Lindsey 010A,East Lindsey,1,2021,3.41635929590381,1.975428579989,-1.3287716778597303,0.6466569021292696,-2.76970239377454,2.3795327191107387,-1.036826576793071,2.5267321396485345,-0.8896271562552753,2.3673268815056954,-1.0490324143981145
E01026049,E01026049,East Lindsey 010B,East Lindsey,1,2021,2.24191224309754,1.87897866336305,0.42914752979653015,2.3081261931595805,0.06621395006204045,1.8333845807566278,-0.4085276623409122,1.5472846044184978,-0.6946276386790422,1.5834711256546388,-0.6584411174429012
E01026050,E01026050,East Lindsey 010C,East Lindsey,1,2021,2.17437924557104,2.5990417155614,0.07010455783602021,2.6691462733974203,0.49476702782638027,2.5548449946908405,0.38046574911980047,2.572041905402947,0.39766265983190685,2.3609602892237116,0.18658104365267159
E01026051,E01026051,East Lindsey 016A,East Lindsey,1,2021,0.912570738842816,0.414006672594957,0.16329816493175298,0.57730483752671,-0.335265901316106,0.5828984587614339,-0.32967228008138216,0.680835210163832,-0.23173552867898406,0.5938846499219491,-0.3186860889208669
E01026052,E01026052,East Lindsey 016B,East Lindsey,1,2021,1.43754230528971,1.28267336775852,0.30479402724962,1.5874673950081402,0.1499250897184301,1.2372892060648222,-0.20025309922488788,1.2155300146288568,-0.22201229066085326,1.2697270496491295,-0.16781525564058053
E01026053,E01026053,East Lindsey 016C,East Lindsey,1,2021,0.613652840240899,0.184084736820387,0.05564024309179702,0.23972497991218403,-0.37392786032871494,0.3546654559111839,-0.258987384329715,0.28019198469832424,-0.3334608555425747,0.26043924210331604,-0.3532135981375829
E01026054,E01026054,East Lindsey 016D,East Lindsey,1,2021,1.29519629797309,1.04318341485044,-0.2580370389103199,0.78514637594012,-0.51004992203297,1.2531237232795136,-0.04207257469357639,1.1196960904293054,-0.1755002075437846,1.1408088249936772,-0.1543874729794128
E01026055,E01026055,East Lindsey 013C,East Lindsey,1,2021,0.834905741070061,0.426070558552913,-0.35691132016468907,0.06915923838822391,-0.7657465026818371,0.6984944487025025,-0.13641129236755845,0.6475775042354656,-0.18732823683459543,0.659934604458709,-0.174971136611352
E01026056,E01026056,East Lindsey 017A,East Lindsey,1,2021,1.07443663203051,0.985035510675036,-0.662674238192504,0.322361272482532,-0.7520753595479781,1.2397138684590518,0.16527723642854175,1.2220032478257852,0.14756661579527508,1.2334454909691839,0.15900885893867378
E01026057,E01026057,East Lindsey 018A,East Lindsey,1,2021,0.486152976731893,0.274780080133354,0.007393168534464978,0.28217324866781895,-0.20397972806407405,0.45379419398685056,-0.03235878274504245,0.366930470667312,-0.11922250606458101,0.38948391604361277,-0.09666906068828024
E01026058,E01026058,East Lindsey 002A,East Lindsey,1,2021,0.718567260425119,0.372015670732994,-0.10111749686710098,0.27089817386589304,-0.44766908655922594,0.6515394214059168,-0.06702783901920217,0.6537968437385744,-0.0647704166865446,0.7417436499774092,0.023176389552290177
E01026059,E01026059,East Lindsey 013D,East Lindsey,1,2021,1.34125111897751,1.20334519323254,0.43669645418788605,1.6400416474204262,0.2987905284429162,1.2463564660530233,-0.09489465292448673,1.3217045178834883,-0.01954660109402173,1.3361655225638298,-0.005085596413680227
E01026060,E01026060,East Lindsey 009A,East Lindsey,1,2021,1.23396067072296,0.669077691269483,-0.4011011341306371,0.26797655713884594,-0.9659841135841141,0.9210446926394811,-0.31291597808347893,0.9071817477798281,-0.32677892294313193,0.8226158387063779,-0.4113448320165821
E01026061,E01026061,East Lindsey 001B,East Lindsey,1,2021,0.25690216707266,-0.132724834859971,0.10797974643597799,-0.024745088423993006,-0.28164725549665304,0.08245632629273211,-0.1744458407799279,-0.0012467066832292622,-0.25814887375588924,0.03715065602717721,-0.2197515110454828
E01026062,E01026062,East Lindsey 001C,East Lindsey,1,2021,0.0121276561016841,0.224408284335102,0.380307912456355,0.6047161967914569,0.5925885406897728,0.3342333290390562,0.32210567293737213,0.28164831977657945,0.26952066367489536,0.2620749779722947,0.24994732187061058
E01026063,E01026063,East Lindsey 001D,East Lindsey,1,2021,0.281680350192825,-0.0121228030863824,0.0484126074509727,0.0362898043645903,-0.24539054582823472,0.23753406854857523,-0.044146281644249774,0.19464487442375603,-0.08703547576906898,0.18375928739483202,-0.09792106279799298
E01026064,E01026064,East Lindsey 011A,East Lindsey,1,2021,1.25948236409142,1.21773448117073,-0.4215446392339899,0.7961898419367401,-0.46329252215467975,1.547370871155767,0.2878885070643471,1.8318544808966593,0.5723721168052394,1.619107106008068,0.35962474191664806
E01026065,E01026065,East Lindsey 011B,East Lindsey,1,2021,1.48158869925074,0.967901526661772,-0.6571266898642779,0.31077483679749407,-1.170813862453246,1.209289599014636,-0.27229910023610415,1.2328137870365985,-0.2487749122141416,1.2845431840573704,-0.19704551519336966
E01026066,E01026066,East Lindsey 011C,East Lindsey,1,2021,0.732187099705323,0.187158729740787,-0.297090520648459,-0.10993179090767197,-0.842118890612995,0.5144708125134762,-0.21771628719184688,0.483968690293562,-0.24821840941176104,0.5020488244555976,-0.2301382752497254
E01026067,E01026067,East Lindsey 011D,East Lindsey,1,2021,1.44920918822473,1.23124718981485,0.12249890516416007,1.35374609497901,-0.09546309324571989,1.3833706129117906,-0.06583857531293935,1.446203977940543,-0.0030052102841870987,1.4097696771652226,-0.03943951105950738
E01026068,E01026068,East Lindsey 009B,East Lindsey,1,2021,0.778552173358212,0.501490292893636,-0.06200260196827301,0.439487690925363,-0.33906448243284903,0.6807854184697586,-0.09776675488845343,0.6881500938270543,-0.09040207953115775,0.6706681708094465,-0.10788400254876551
E01026069,E01026069,East Lindsey 010D,East Lindsey,1,2021,3.01890324227492,2.6800363363073,0.25704442707020014,2.9370807633775002,-0.08182247889741978,2.7177291255929448,-0.30117411668197525,2.5533816555664255,-0.46552158670849453,2.2053485005097193,-0.8135547417652007
E01026070,E01026070,East Lindsey 009C,East Lindsey,1,2021,0.588041665267514,0.328565666829427,-0.223697200479813,0.104868466349614,-0.4831731989179,0.6250694135841611,0.037027748316647124,0.6511567745370372,0.06311510926952324,0.6287796376796454,0.040737972412131396
E01026071,E01026071,East Lindsey 007A,East Lindsey,1,2021,0.277326734074014,0.436702927611378,0.3694941840636377,0.8061971116750157,0.5288703776010018,0.5680191834932193,0.29069244941920536,0.5772464407548477,0.2999197066808337,0.5577301220838095,0.2804033880097955
E01026072,E01026072,East Lindsey 005A,East Lindsey,1,2021,2.36876899747532,2.03952186239666,-0.4120725163876302,1.6274493460090298,-0.7413196514662901,2.2962132990366917,-0.07255569843862819,2.479489382246315,0.11072038477099522,2.099741309533638,-0.26902768794168175
E01026073,E01026073,East Lindsey 005B,East Lindsey,1,2021,2.21771378412933,1.91437226528405,-0.31583770586216,1.59853455942189,-0.6191792247074401,2.152172128584089,-0.06554165554524127,2.005024136207958,-0.21268964792137224,2.1550487753705196,-0.06266500875881054
E01026074,E01026074,East Lindsey 005C,East Lindsey,1,2021,1.69777933341194,1.75821293946595,0.14116095433144005,1.89937389379739,0.2015945603854501,1.9179097061458368,0.2201303727338968,1.9704992009587743,0.2727198675468343,1.924118984487614,0.2263396510756741
E01026075,E01026075,East Lindsey 018B,East Lindsey,1,2021,1.0935692894624,0.602775032616113,0.342572034484447,0.9453470671005599,-0.14822222236184013,0.6813931833008066,-0.4121761061615935,0.594159606919913,-0.4994096825424871,0.5292980144122662,-0.5642712750501339
E01026076,E01026076,East Lindsey 002B,East Lindsey,1,2021,0.589491672421672,0.483983480304016,0.08039400595525198,0.564377486259268,-0.025114186162404017,0.684351196021463,0.094859523599791,0.6722589970461389,0.0827673246244669,0.7450255266400021,0.1555338542183301
E01026077,E01026077,East Lindsey 003A,East Lindsey,1,2021,1.84712571949407,1.44963374327538,-0.47191028304901983,0.9777234602263603,-0.8694022592677098,1.7033151408394498,-0.1438105786546202,1.8048551322671351,-0.042270587226934886,1.8854468110914406,0.03832109159737063
E01026078,E01026078,East Lindsey 003B,East Lindsey,1,2021,2.11394721070096,1.60670013598127,-0.3389514692931699,1.2677486666881002,-0.8461985440128597,1.918326052579767,-0.19562115812119285,1.9666149276523124,-0.14733228304864743,2.076389243283581,-0.03755796741737871
E01026079,E01026079,East Lindsey 002C,East Lindsey,1,2021,1.02319009063201,0.731902579459968,0.404172106520126,1.1360746859800939,0.11288459534808393,0.8358673538432155,-0.1873227367887944,0.8830347675918463,-0.14015532304016365,0.8460382561344284,-0.17715183449758154
E01026080,E01026080,East Lindsey 001E,East Lindsey,1,2021,0.0776566928161181,0.243411694734924,0.348721608072029,0.592133302806953,0.5144766099908349,0.36060517149254545,0.28294847867642736,0.2931338656628874,0.21547717284676932,0.3267184275452766,0.2490617347291585
E01026081,E01026081,East Lindsey 004A,East Lindsey,1,2021,1.06325345691274,0.977383637564808,-0.05357401440280207,0.9238096231620059,-0.13944383375073421,1.2156688883288402,0.15241543141610014,1.2865944567387395,0.22334099982599942,1.2605924762788383,0.1973390193660982
E01026082,E01026082,East Lindsey 007B,East Lindsey,1,2021,0.503963569698757,0.327705316799913,-0.04962203135698401,0.278083285442929,-0.225880284255828,0.5187246400104343,0.014761070311677282,0.4380952999094349,-0.06586826978932209,0.47384501496710785,-0.03011855473164915
E01026083,E01026083,East Lindsey 015A,East Lindsey,1,2021,3.10205335813375,2.69032716574292,-0.21297543332112,2.4773517324218,-0.6247016257119498,2.9007629852409473,-0.2012903728928026,2.583707304399708,-0.5183460537340419,2.16402089482052,-0.9380324633132298
E01026084,E01026084,East Lindsey 012A,East Lindsey,1,2021,1.98567029286183,2.01489027874326,0.6781440643797298,2.6930343431229895,0.7073640502611596,1.9542257517155213,-0.03144454114630868,1.9202509655701638,-0.06541932729166611,1.9076431570606192,-0.07802713580121079
E01026085,E01034685,East Lindsey 012E,East Lindsey,1,2021,2.74935585431907,1.72156434964282,-0.2623562508353501,1.4592080988074698,-1.2901477555116003,1.8955913825111086,-0.8537644718079616,1.9221059780255365,-0.8272498762935336,2.1950275633004503,-0.5543282910186198
E01026087,E01026087,East Lindsey 003C,East Lindsey,1,2021,2.02646915071509,1.16669613066071,-0.5627412050961,0.60395492556461,-1.4225142251504799,1.5310777158315858,-0.495391434883504,1.7199430631825638,-0.30652608753252597,1.5632069411652625,-0.46326220954982733
E01026088,E01026088,East Lindsey 003D,East Lindsey,1,2021,1.12154696000812,0.917119780704634,-0.20013475938083614,0.7169850213237978,-0.4045619386843222,1.2279012382976013,0.1063542782894813,1.2336601507228446,0.11211319071472459,1.130474918545208,0.008927958537088054
E01026089,E01026089,East Lindsey 004C,East Lindsey,1,2021,0.877082983938302,0.763715267825578,-0.134541363306524,0.629173904519054,-0.247909079419248,0.9945835830424036,0.1175005991041016,1.1482662711675697,0.27118328722926777,1.068661946751745,0.1915789628134431
E01026090,E01026090,East Lindsey 003E,East Lindsey,1,2021,1.12834888413543,0.904178572773719,-0.1088411568467309,0.7953374159269881,-0.33301146820844196,1.1529367932891685,0.02458790915373843,1.3016153056561046,0.1732664215206745,1.2331967778219397,0.1048478936865096
E01026091,E01026091,East Lindsey 003F,East Lindsey,1,2021,0.745133273165535,0.498211325410296,-0.516995109255354,-0.018783783845057966,-0.763917057010593,0.8499461018144683,0.10481282864893327,0.9183651414079478,0.17323186824241277,0.7810057484102714,0.03587247524473636
E01026092,E01026092,East Lindsey 014A,East Lindsey,1,2021,2.61650415401046,1.9715821816332,-0.5895588544377801,1.3820233271954199,-1.23448082681504,2.2071884795383627,-0.40931567447209716,2.4820455435982542,-0.13445861041220564,2.288129531790813,-0.3283746222196471
E01026093,E01026093,East Lindsey 014B,East Lindsey,1,2021,2.87784730043926,2.28216886327586,-0.13201278868471,2.15015607459115,-0.7276912258481101,2.4399373761860788,-0.4379099242531814,2.450519903524164,-0.42732739691509636,2.2038519479604703,-0.6739953524787898
E01026094,E01026094,East Lindsey 015B,East Lindsey,1,2021,2.28516219500728,2.06309499549582,0.17754471425403007,2.24063970974985,-0.04452248525742997,2.0922240274440442,-0.19293816756323556,1.87884654324513,-0.4063156517621498,2.19965540821556,-0.08550678679171986
E01026095,E01026095,East Lindsey 014C,East Lindsey,1,2021,3.42372238294777,2.97795037069339,-1.1557721171930901,1.8221782535003,-1.6015441294474702,3.228305054388504,-0.19541732855926597,2.6395771318577745,-0.7841452510899956,2.3673268815056954,-1.0563955014420747
E01026096,E01026096,East Lindsey 015C,East Lindsey,1,2021,1.11766844933573,1.05037676695617,0.05942139439679206,1.1097981613529622,-0.007870287982767898,1.1518572299683507,0.03418878063262065,1.166905521198956,0.04923707186322601,1.1600746643449602,0.04240621500923014
E01026097,E01026097,East Lindsey 015D,East Lindsey,1,2021,2.29023689451926,1.54253168678054,-0.32440667446617,1.21812501231437,-1.07211188220489,1.7864611237766892,-0.503775770742571,1.9535582502443538,-0.33667864427490635,1.8776920275979168,-0.4125448669213434
E01026098,E01026098,East Lindsey 018C,East Lindsey,1,2021,0.624677237126345,0.662985403292803,-0.32686324491935703,0.33612215837344595,-0.2885550787528991,0.8780881353679594,0.25341089824161434,0.8424381537664211,0.21776091664007602,0.8581469080183597,0.23346967089201465
E01026099,E01026099,East Lindsey 005D,East Lindsey,1,2021,1.0614042974415,0.870312708924059,0.172031228116182,1.042343937040241,-0.019060360401259135,0.9910974630499926,-0.07030683439150753,0.8942981825732741,-0.16710611486822602,0.9007462489780014,-0.16065804846349874
E01026100,E01026100,East Lindsey 013E,East Lindsey,1,2021,1.17352678592691,0.850455721675981,0.43761327274167405,1.288068994417655,0.11454220849074503,0.8906344265557301,-0.28289235937117996,0.9132920303985993,-0.26023475552831077,0.8714806705327074,-0.3020461153942027
E01026101,E01026101,East Lindsey 013F,East Lindsey,1,2021,2.18554995149741,1.85824496387201,-0.14527659096466006,1.71296837290735,-0.4725815785900602,1.964331620098851,-0.22121833139855918,1.933690464534157,-0.2518594869632531,2.321311049449465,0.13576109795205493
E01026102,E01026102,East Lindsey 018D,East Lindsey,1,2021,1.07842689763379,0.97985337644601,0.23933673646354503,1.219190112909555,0.14076321527576496,1.0457322096453237,-0.03269468798846642,0.9026848027323712,-0.1757420949014189,0.9491204315833718,-0.1293064660504183
E01026103,E01026103,East Lindsey 006A,East Lindsey,1,2021,1.83009702260233,1.77590062401745,-0.003729453967340035,1.77217117005011,-0.05792585255222016,1.9891092902359775,0.1590122676336474,2.0072663431092543,0.17716932050692424,1.9815458900540044,0.1514488674516743
E01026104,E01026104,East Lindsey 006B,East Lindsey,1,2021,1.35712400365856,1.13541915981441,0.17276815572461912,1.3081873155390293,-0.04893668811953056,1.2589733022673966,-0.09815070139116333,1.3207586084285818,-0.03636539522997806,1.2607108440568673,-0.09641315960169261
E01026105,E01026105,East Lindsey 009D,East Lindsey,1,2021,0.811966409908507,0.527845371928383,0.019473399457086038,0.547318771385469,-0.26464763852303796,0.7078977059165728,-0.10406870399193424,0.744185307477334,-0.06778110243117297,0.7801277524721916,-0.03183865743631542
E01026106,E01026106,East Lindsey 001F,East Lindsey,1,2021,0.195523705330561,0.391481439342042,-0.04947669737545901,0.342004741966583,0.146481036636022,0.6093775354182953,0.41385383008773435,0.7557392470658125,0.5602155417352516,0.7431888745614432,0.5476651692308823
E01026107,E01026107,East Lindsey 001G,East Lindsey,1,2021,0.0731136164532545,-0.381325031822632,-0.15762901862620599,-0.5389540504488379,-0.6120676669020925,-0.06255119097847638,-0.13566480743173087,-0.0001799536455860165,-0.07329357009884051,-0.0799976952066551,-0.1531113116599096
E01026108,E01026108,East Lindsey 003G,East Lindsey,1,2021,1.58914023664356,1.44428679042107,0.14194302934907022,1.5862298197701403,-0.002910416873419752,1.607758879322737,0.01861864267917701,1.5847027978782997,-0.004437438765260371,1.5693730232373322,-0.01976721340622789
E01026109,E01026109,East Lindsey 006C,East Lindsey,1,2021,1.78337933623256,1.8721727609318,0.6292226195520301,2.50139538048383,0.7180160442512697,1.875073620853875,0.0916942846213149,1.8758003276386233,0.09242099140606319,1.5706357800531787,-0.21274355617938134
E01026110,E01026110,East Lindsey 017B,East Lindsey,1,2021,1.01505310140846,0.969459109097495,0.516730861111395,1.48618997020889,0.47113686880043004,0.9671305896297875,-0.04792251177867257,0.8865876048765372,-0.12846549653192285,0.8574453269901138,-0.15760777441834628
E01026111,E01026111,East Lindsey 017C,East Lindsey,1,2021,0.968232328179289,1.57877497847702,0.5975628483929589,2.176337826869979,1.2081054986906898,1.5200302526171388,0.5517979244378498,1.3373451867230193,0.3691128585437303,1.3669221520869488,0.39868982390765983
E01026112,E01026112,East Lindsey 017D,East Lindsey,1,2021,2.30911243740266,1.79364773858964,0.2322396146275001,2.02588735321714,-0.28322508418552017,1.8996048139837454,-0.4095076234189148,1.9627070458571327,-0.3464053915455274,1.9060742361638812,-0.403038201238779
E01026113,E01026113,East Lindsey 008D,East Lindsey,1,2021,0.84482071413935,0.696089434201953,0.02107079354542707,0.7171602277473801,-0.12766048639196992,0.8665646143785283,0.02174390023917827,0.9228480726511975,0.0780273585118475,0.8874577323904758,0.04263701825112576
E01026114,E01026114,East Lindsey 014D,East Lindsey,1,2021,2.35143327404094,1.99263060615272,0.1559309576127399,2.14856156376546,-0.2028717102754798,2.022724106746763,-0.32870916729417665,1.9171861478887697,-0.4342471261521701,2.2742870595494726,-0.07714621449146719
E01026115,E01026115,East Lindsey 012C,East Lindsey,1,2021,2.344409579205,1.83680852772482,0.10414590793641998,1.94095443566124,-0.4034551435437601,1.9642236062871374,-0.3801859729178627,2.0296228876034594,-0.3147866916015407,1.9578121352706375,-0.3865974439343627
E01026116,E01026116,East Lindsey 012D,East Lindsey,1,2021,1.73898861173199,1.40432223117951,-0.32198979401981,1.0823324371597,-0.6566561745722899,1.597592044595746,-0.14139656713624382,1.617066047892481,-0.12192256383950895,1.7298452592425415,-0.00914335248944842
E01026117,E01026117,East Lindsey 008E,East Lindsey,1,2021,0.814529299905226,0.367383506099178,-0.49085196947135,-0.12346846337217199,-0.937997763277398,0.7091415098299649,-0.10538779007526111,0.6799581600481253,-0.13457113985710079,0.6930512999904397,-0.12147799991478636
E01026118,E01026118,East Lindsey 016E,East Lindsey,1,2021,0.4673719506638,0.566454286041191,0.22098569598250895,0.7874399820236999,0.3200680313598999,0.6366929399300285,0.16932098926622852,0.6923874880302177,0.22501553736641766,0.7070842894669881,0.2397123388031881
E01026119,E01026119,East Lindsey 016F,East Lindsey,1,2021,0.962739452235069,0.876709400254363,0.23072959574600893,1.1074389960003719,0.14469954376530292,0.9030988153582528,-0.0596406368768162,0.9356138801338735,-0.027125572101195483,0.9080720901922114,-0.054667362042857603
E01026120,E01026120,East Lindsey 016G,East Lindsey,1,2021,1.0207776502723,0.804878109879109,0.16110608008969196,0.965984189968801,-0.054793460303499075,0.9781606644994643,-0.04261698577283579,0.933425460565208,-0.08735218970709202,0.991826814260615,-0.02895083601168502
E01026121,E01026121,East Lindsey 007C,East Lindsey,1,2021,0.695690006035677,0.432516408793423,0.4025720283287505,0.8350884371221735,0.13939843108649652,0.5614676863180313,-0.13422231971764564,0.5857797005094454,-0.1099103055262316,0.5581023764628501,-0.13758762957282689
E01026122,E01026122,Lincoln 004A,Lincoln,1,2021,0.71597840970513,1.01200500657077,-0.18331546703238,0.82868953953839,0.11271112983325993,1.2025396119871063,0.4865612022819763,1.0693763506669212,0.3533979409617911,1.045017785805797,0.3290393761006669
E01026123,E01026123,Lincoln 004B,Lincoln,1,2021,1.16478146091163,1.20870268960286,0.19496376060669007,1.4036664502095502,0.23888498929792013,1.3349594054187712,0.1701779445071412,1.3886882129812457,0.22390675206961563,1.2911156878756223,0.1263342269639922
E01026124,E01026124,Lincoln 004C,Lincoln,1,2021,1.04038818139165,1.04050988936209,0.05701884329504514,1.0975287326571352,0.05714055126548523,1.2265814639872894,0.1861932825956394,1.3530211280507192,0.31263294665906916,1.2371302768323087,0.19674209544065868
E01026125,E01026125,Lincoln 003A,Lincoln,1,2021,2.86832000403107,1.70091076508982,-1.2507276921774497,0.45018307291237036,-2.4181369311186995,2.167004383691674,-0.701315620339396,2.5031067453535787,-0.3652132586774912,2.3113937626527714,-0.5569262413782985
E01026126,E01026126,Lincoln 004D,Lincoln,1,2021,2.68537679464285,2.50485139742615,0.8943729773967002,3.3992243748228503,0.7138475801800004,2.4535710558304125,-0.2318057388124375,2.58608911627639,-0.0992876783664598,2.133984324711046,-0.551392469931804
E01026127,E01026127,Lincoln 007A,Lincoln,1,2021,1.98027654323181,1.98000567661486,-0.19369248085174995,1.78631319576311,-0.19396334746869992,2.2154431028767156,0.23516655964490574,2.000206337719855,0.019929794488045216,2.1677092125625936,0.18743266933078373
E01026128,E01034689,Lincoln 007E,Lincoln,1,2021,1.32847230107455,1.08360260076251,0.26288007958428294,1.3464826803467929,0.018010379272242805,1.2116951797009017,-0.11677712137364837,1.418453416781141,0.08998111570659084,1.3596793591690868,0.03120705809453672
E01026129,E01026129,Lincoln 007C,Lincoln,1,2021,2.095090245437,2.28013311007844,-0.14229739143988995,2.13783571863855,0.04274547320154998,2.443423703663771,0.348333458226771,2.460088390739689,0.3649981453026889,2.20175867643182,0.10666843099482026
E01026130,E01026130,Lincoln 009A,Lincoln,1,2021,1.58869548865088,1.27980915016027,-0.13442823324954012,1.1453809169107299,-0.4433145717401501,1.4350128181939645,-0.15368267045691542,1.476770421452164,-0.11192506719871598,1.477757084819084,-0.11093840383179598
E01026131,E01026131,Lincoln 007D,Lincoln,1,2021,2.04595715272378,1.55787057318089,0.11004085040063005,1.66791142358152,-0.37804572914225987,1.7516500637177825,-0.29430708900599734,1.9827246923024844,-0.06323246042129549,1.752125219018527,-0.29383193370525285
E01026132,E01026132,Lincoln 005A,Lincoln,1,2021,0.166746630885479,-0.121719434526493,0.148971801933541,0.027252367407048006,-0.139494263478431,0.060627429935616525,-0.10611920094986248,0.026141168313794497,-0.1406054625716845,0.03847892938026356,-0.12826770150521544
E01026133,E01034692,Lincoln 008F,Lincoln,1,2021,0.144849585839371,-0.0447516451098273,-0.11631276496302309,-0.16106441007285038,-0.30591399591222135,0.19989933328060921,0.05504974744123822,0.2400494862794743,0.09519990044010332,0.2437185633507436,0.09886897751137261
E01026134,E01026134,Lincoln 006A,Lincoln,1,2021,1.51718021136609,1.36359895526056,-0.1808591939702,1.18273976129036,-0.33444045007572987,1.5634211516625571,0.04624094029646719,1.5647076609651,0.04752744959901012,1.7047920597847046,0.18761184841861467
E01026135,E01026135,Lincoln 008B,Lincoln,1,2021,1.15360072291684,0.769818439845569,-0.2510784699979711,0.5187399698475978,-0.6348607530692421,0.9631840752579502,-0.19041664765888966,0.9438359335958032,-0.2097647893210367,0.9319081452111383,-0.2216925777057016
E01026136,E01026136,Lincoln 008C,Lincoln,1,2021,1.80073114687605,0.664778865504804,-0.22351703007715795,0.4412618354276461,-1.359469311448404,0.8999681929696415,-0.9007629539064086,0.8596073197857279,-0.9411238270903222,0.8587444643889879,-0.9419866824870622
E01026137,E01026137,Lincoln 011A,Lincoln,1,2021,0.712574006142185,0.809869545159465,0.2254972485559119,1.0353667937153768,0.32279278757319174,0.9359257817248953,0.22335177558271024,0.9930200798947502,0.28044607375256514,0.969179795790495,0.25660578964830993
E01026138,E01026138,Lincoln 011B,Lincoln,1,2021,0.722167587625845,0.645612560237186,0.09400688763519405,0.7396194478723801,0.01745186024653511,0.7867934158343145,0.06462582820846952,0.7928146046048254,0.07064701697898046,0.8032087827310511,0.08104119510520613
E01026139,E01026139,Lincoln 011C,Lincoln,1,2021,0.687909928834282,0.883516724763743,0.61127961085669,1.494796335620433,0.806886406786151,0.8636659553661142,0.1757560265318322,0.8072869254544577,0.11937699662017565,0.7766262298963462,0.08871630106206418
E01026140,E01026140,Lincoln 011D,Lincoln,1,2021,0.77746446185682,1.30586651795471,-0.25292093262772997,1.05294558532698,0.27548112347015996,1.5073796030882687,0.7299151412314486,1.5475602335277359,0.7700957716709158,1.6679648248842742,0.8905003630274542
E01026141,E01026141,Lincoln 011E,Lincoln,1,2021,0.856828495383454,0.308295440142007,-0.191175724707854,0.117119715434153,-0.739708779949301,0.6082811905577398,-0.2485473048257142,0.6229015120358319,-0.23392698334762208,0.5958043013955622,-0.2610241939878918
E01026142,E01026142,Lincoln 011F,Lincoln,1,2021,1.72908277342001,1.53752911504176,0.871454054363887,2.408983169405647,0.6799003959856369,1.4824321664497515,-0.24665060697025853,1.3344012466808397,-0.39468152673917034,1.295795281415722,-0.43328749200428796
E01026143,E01034687,Lincoln 005E,Lincoln,1,2021,0.359067795148435,0.0844214973753452,-0.047174772146413815,0.03724672522893138,-0.32182106991950366,0.3581197434878262,-0.0009480516606087952,0.280530441784447,-0.07853735336398798,0.30485493260649577,-0.054212862541939244
E01026144,E01026144,Lincoln 003B,Lincoln,1,2021,0.719706243742606,0.433939142092402,-0.274431926885868,0.159507215206534,-0.5601990285360721,0.6757994684250025,-0.043906775317603564,0.6670960994909295,-0.05261014425167654,0.6919002334872714,-0.02780601025533469
E01026145,E01026145,Lincoln 005C,Lincoln,1,2021,0.592562664838801,0.320298578482392,0.130524910656962,0.450823489139354,-0.14173917569944705,0.4785407237858961,-0.11402194105290492,0.4053825653027117,-0.18718009953608933,0.4228464833651742,-0.16971618147362683
E01026146,E01026146,Lincoln 005D,Lincoln,1,2021,0.672273382053732,0.209891688738686,-0.486878312782724,-0.27698662404403795,-0.94926000609777,0.5872335045640632,-0.08503987748966879,0.5440286330460172,-0.12824474900771476,0.5312545108719159,-0.1410188711818161
E01026147,E01026147,Lincoln 003C,Lincoln,1,2021,1.31142929515871,1.39958172215024,0.25659099260762996,1.65617271475787,0.3447434195991599,1.3499344545177476,0.03850515935903753,1.2400644762514637,-0.07136481890724644,1.302876926165302,-0.008552368993408166
E01026148,E01026148,Lincoln 003D,Lincoln,1,2021,1.41275727080351,0.967147129192057,-0.49388715592307286,0.47325997326898417,-0.9394972975345259,1.1500477257057342,-0.2627095450977759,1.230700775603377,-0.18205649520013312,1.229837150089807,-0.182920120713703
E01026149,E01026149,Lincoln 001A,Lincoln,1,2021,1.07472791756512,1.82749296769334,0.7114345305424901,2.53892749823583,1.46419958067071,1.75965667517885,0.68492875761373,1.5236816480006732,0.4489537304355531,1.4250577962619373,0.3503298786968172
E01026150,E01026150,Lincoln 001B,Lincoln,1,2021,2.20402187775939,2.67774964343979,1.0473226304767798,3.7250722739165694,1.5210503961571793,2.502659979723832,0.29863810196444174,2.562803590769952,0.3587817130105617,2.3134277076284757,0.10940582986908565
E01026151,E01026151,Lincoln 003E,Lincoln,1,2021,0.919276313249353,0.787445261019595,-0.34161164752111506,0.44583361349847994,-0.47344269975087305,0.9814936692176487,0.062217355968295696,1.0239838803549888,0.10470756710563578,0.9341646448523753,0.014888331603022276
E01026152,E01026152,Lincoln 004E,Lincoln,1,2021,1.63022601634498,2.24034481716782,0.37408009300201006,2.61442491016983,0.9841988938248498,2.1940359161703897,0.5638098998254097,1.9044012986080125,0.27417528226303256,2.278364915416191,0.6481388990712111
E01026153,E01026153,Lincoln 002A,Lincoln,1,2021,1.59578523864821,1.30339104515277,0.12731063835134004,1.43070168350411,-0.1650835551441001,1.3941991079480789,-0.2015861307001312,1.2945780567648075,-0.30120718188340256,1.299073932847075,-0.29671130580113503
E01026154,E01026154,Lincoln 004F,Lincoln,1,2021,1.90660597664431,0.930452252644662,-0.07103929899053807,0.859412953654124,-1.047193022990186,1.1047801962007708,-0.8018257804435391,1.0829200391556177,-0.8236859374886922,1.1269983766223768,-0.7796076000219332
E01026155,E01026155,Lincoln 002B,Lincoln,1,2021,0.673229028711264,0.284588042531761,0.09558871373407102,0.380176756265832,-0.29305227244543197,0.46319602477932903,-0.21003300393193497,0.40716039402195564,-0.26606863468930836,0.3819337025784341,-0.2912953261328299
E01026156,E01026156,Lincoln 004G,Lincoln,1,2021,1.43618830803649,1.303082652421,-0.07929931199630014,1.2237833404246998,-0.21240496761179006,1.48219123252962,0.04600292449313015,1.5313345459761605,0.09514623793967059,1.6340942351736145,0.19790592713712463
E01026157,E01026157,Lincoln 002C,Lincoln,1,2021,1.94221785796709,1.7702625046035,-0.021187002558969992,1.74907550204453,-0.1931423559225598,1.9276359347069514,-0.014581923260138518,2.038952063996584,0.09673420602949423,1.9491908259820798,0.006972968014989922
E01026158,E01026158,Lincoln 009B,Lincoln,1,2021,1.7269352422237,1.65397419631122,0.4103802313176199,2.0643544276288397,0.3374191854051396,1.6849272468112817,-0.0420079954124184,1.6438852216128226,-0.08305002061087752,1.620728070980202,-0.10620717124349799
E01026159,E01026159,Lincoln 009C,Lincoln,1,2021,1.99658190642913,1.15540086479547,-0.05446134885581988,1.1009395159396502,-0.8956423904894797,1.3715915475141354,-0.6249903589149945,1.3396265794859188,-0.6569553269432111,1.352130025780564,-0.644451880648566
E01026160,E01026160,Lincoln 009D,Lincoln,1,2021,0.995826969704029,1.0256040255268,0.33759477723182696,1.3631988027586268,0.36737183305459786,1.1338432134275462,0.13801624372351728,1.2924706088339073,0.29664363912987834,1.2627830549312036,0.2669560852271746
E01026161,E01026161,Lincoln 010A,Lincoln,1,2021,2.65490843935497,2.71021811462177,0.40444389703600025,3.1146620116577703,0.45975357230280034,2.778631947304488,0.12372350794951803,2.535850783217353,-0.11905765613761687,2.1010594108012257,-0.5538490285537443
E01026162,E01026162,Lincoln 009E,Lincoln,1,2021,1.14551579180877,1.16052323522486,0.18981297436629097,1.350336209591151,0.20482041778238114,1.2616776025045688,0.1161618106957989,1.2884803733097245,0.1429645815009546,1.250753087036589,0.1052372952278191
E01026163,E01026163,Lincoln 009F,Lincoln,1,2021,1.30766870839572,1.08174801006842,0.39437884258645206,1.476126852654872,0.16845814425915218,1.1383119138189848,-0.16935679457673514,1.3557454878325015,0.04807677943678157,1.2780569371280615,-0.02961177126765846
E01026164,E01026164,Lincoln 003F,Lincoln,1,2021,0.913797522723862,0.999560624783913,-0.3489434390876769,0.6506171856962362,-0.2631803370276259,1.225296207181095,0.31149868445723305,1.1007077063776618,0.18691018365379974,1.0220496134032786,0.10825209067941655
E01026165,E01026165,Lincoln 002D,Lincoln,1,2021,1.89649990955348,1.45965324231348,-0.5433640898713901,0.91628915244209,-0.98021075711139,1.7392023021342775,-0.1572976074192025,1.7992256369421042,-0.09727427261137578,2.079659175046691,0.18315926549321082
E01026166,E01026166,Lincoln 001C,Lincoln,1,2021,1.91555694757433,1.4963617851246,0.15607191115508012,1.6524336962796802,-0.26312325129464975,1.6334233566207905,-0.2821335909535394,1.6488658616726213,-0.26669108590170865,1.6173430434232094,-0.2982139041511205
E01026167,E01026167,Lincoln 003G,Lincoln,1,2021,0.580066035072069,1.04526692867201,-0.034767619970710095,1.0104993087013,0.4304332736292309,1.2765448635649768,0.6964788284929078,1.3495456015000082,0.7694795664279392,1.2630371460813732,0.6829711110093042
E01026168,E01026168,Lincoln 001D,Lincoln,1,2021,1.49010195058875,1.65841002414728,0.05389632506110997,1.7123063492083899,0.2222043986196398,1.860440266551064,0.3703383159623139,1.9845976832235595,0.4944957326348094,1.917546639915485,0.42744468932673496
E01026169,E01026169,Lincoln 011G,Lincoln,1,2021,1.17762483373228,1.34334939618021,0.3688467723848461,1.7121961685650562,0.5345713348327761,1.341314566142956,0.16368973241067586,1.3149586800652562,0.13733384633297607,1.3047933809178558,0.1271685471855757
E01026170,E01026170,Lincoln 010B,Lincoln,1,2021,1.52967222344527,1.16748317810181,0.362010144335698,1.529493322437508,-0.00017890100776196682,1.2389085322796698,-0.2907636911656002,1.3151161639595728,-0.21455605948569723,1.3109620553769339,-0.2187101680683361
E01026171,E01026171,Lincoln 011H,Lincoln,1,2021,0.719458319192406,0.661641203092477,-0.08140489215427105,0.5802363109382059,-0.13922200825420006,0.883526310243587,0.16406799105118097,0.8931353881899671,0.17367706899756108,0.9473252488382902,0.22786692964588418
E01026172,E01026172,Lincoln 010C,Lincoln,1,2021,1.80893626192154,1.01530728555865,-0.3420625404117701,0.6732447451468799,-1.13569151677466,1.261006526709132,-0.547929735212408,1.2151524710124784,-0.5937837909090615,1.0708621746785874,-0.7380740872429525
E01026173,E01026173,Lincoln 010D,Lincoln,1,2021,2.27274871849201,2.21751755296939,-0.2678834407528101,1.9496341122165797,-0.3231146062754302,2.297732605811317,0.02498388731930712,2.4810682956008208,0.20831957710881088,2.3673268815056954,0.09457816301368549
E01026174,E01026174,Lincoln 008D,Lincoln,1,2021,1.32387919451738,0.923462174819336,0.13520916896156498,1.058671343780901,-0.265207850736479,1.079353185241813,-0.244526009275567,1.2749411372899566,-0.04893805722742339,1.1697140138598532,-0.15416518065752682
E01026175,E01026175,Lincoln 010E,Lincoln,1,2021,1.43097025263339,1.63314873575272,-0.052244574902490015,1.58090416085023,0.14993390821683983,1.7045345245203556,0.2735642718869655,1.5530002122545792,0.12202995962118912,1.7487341629991753,0.3177639103657852
E01026176,E01026176,Lincoln 006B,Lincoln,1,2021,0.728882465924047,1.08958615425451,0.01904567651173994,1.10863183076625,0.3797493648422029,1.2717753219426042,0.5428928560185572,1.2903229560073748,0.5614404900833277,1.2217230747823866,0.4928406088583396
E01026177,E01026177,Lincoln 006C,Lincoln,1,2021,0.692588777483897,0.731407104822192,-0.5976572708711081,0.13374983395108386,-0.5588389435328132,1.0303862397567891,0.3377974622728921,1.201697765330457,0.50910898784656,1.0693649496032565,0.37677617211935943
E01026178,E01026178,Lincoln 006D,Lincoln,1,2021,0.851707454600209,0.827769602402325,-0.42804490272572504,0.39972469967659996,-0.45198275492360906,1.0913078409087376,0.23960038630852853,1.1347045753737408,0.2829971207735318,0.9962476879191537,0.14454023331894472
E01026179,E01026179,North Kesteven 008A,North Kesteven,1,2021,0.0110389758278793,0.232147378836866,-0.04778805001144201,0.184359328825424,0.1733203529975447,0.42302349712544624,0.4119845212975669,0.37577403416496546,0.3647350583370862,0.39832453994756545,0.3872855641196862
E01026180,E01026180,North Kesteven 007A,North Kesteven,1,2021,0.41974058895088,0.684067483908726,0.365576549289947,1.049644033198673,0.6299034442477929,0.7344078505475011,0.3146672615966211,0.6857977765755848,0.2660571876247048,0.6502577247774646,0.23051713582658456
E01026182,E01026182,North Kesteven 003B,North Kesteven,1,2021,0.54866692993138,0.270329682839235,-0.07824110953434404,0.19208857330489093,-0.35657835662648907,0.5036827159179914,-0.04498421401338859,0.5377469217024408,-0.010920008228939238,0.5415652660271493,-0.007101663904230726
E01026183,E01026183,North Kesteven 007B,North Kesteven,1,2021,0.877835202124658,0.615392132268339,-0.36466897845590895,0.25072315381243004,-0.627112048312228,0.8809081011345167,0.0030728990098586317,0.7808053657079915,-0.09702983641666652,0.7885298375946872,-0.08930536452997084
E01026184,E01026184,North Kesteven 004A,North Kesteven,1,2021,0.0637883555455892,-0.147624786508502,0.26212083088483396,0.11449604437633196,0.05070768883074275,0.0384294544758713,-0.0253589010697179,-0.0216325618091916,-0.0854209173547808,-0.01639711409617467,-0.08018546964176387
E01026185,E01026185,North Kesteven 004B,North Kesteven,1,2021,0.955960284906718,0.588965654767569,-0.259096352575546,0.32986930219202304,-0.626090982714695,0.8819081878328493,-0.07405209707386873,0.8473861325631193,-0.10857415234359868,0.8023301444396993,-0.15363014046701873
E01026186,E01026186,North Kesteven 001A,North Kesteven,1,2021,0.785948914829364,0.639542964464497,0.31192186051140297,0.9514648249758999,0.16551591014653588,0.6618856785594112,-0.12406323626995286,0.7458348533032394,-0.04011406152612462,0.7333143979419344,-0.052634516887429594
E01026187,E01026187,North Kesteven 001B,North Kesteven,1,2021,0.349898945461634,0.221261238241749,0.3065889576108489,0.527850195852598,0.17795125039096393,0.37444915773840864,0.02455021227677462,0.29916977503258535,-0.050729170429048676,0.3279842358205223,-0.02191470964111175
E01026188,E01026188,North Kesteven 004C,North Kesteven,1,2021,0.688645824123473,0.712174531234442,0.05804743264865997,0.7702219638831019,0.08157613975962896,0.9006422539055712,0.2119964297820982,0.9327995752287734,0.24415375110530046,0.9369714721095305,0.2483256479860575
E01026189,E01026189,North Kesteven 001C,North Kesteven,1,2021,0.372853510147937,-0.0063161608073152,0.1625722337742188,0.1562560729669036,-0.2165974371810334,0.16327653605260306,-0.20957697409533393,0.057745326270670055,-0.3151081838772669,0.09485586243197264,-0.27799764771596436
E01026190,E01026190,North Kesteven 004D,North Kesteven,1,2021,1.35925356224137,0.990274235262067,-0.29831439174473307,0.691959843517334,-0.667293718724036,1.1506540492680863,-0.2085995129732836,1.1972508073818329,-0.16200275485953708,1.1525137912539452,-0.2067397709874248
E01026191,E01026191,North Kesteven 005A,North Kesteven,1,2021,0.320318142975166,0.0188560985633301,-0.2639399586048309,-0.2450838600415008,-0.5654020030166668,0.3026104000576006,-0.017707742917565383,0.3856423009739962,0.06532415799883023,0.38804648425907307,0.06772834128390709
E01026192,E01026192,North Kesteven 006A,North Kesteven,1,2021,0.388793305490172,0.276907731008152,0.2582582144909417,0.5351659454990938,0.1463726400089218,0.42441260417117316,0.035619298681001166,0.4014133940293979,0.012620088539225915,0.4205802173505774,0.03178691186040539
E01026193,E01026193,North Kesteven 003C,North Kesteven,1,2021,0.358237044017623,0.334818845951045,0.12099904141873799,0.455817887369783,0.09758084335216,0.5065043846996544,0.1482673406820314,0.4368281692233408,0.07859112520571776,0.49507796135748544,0.13684091733986242
E01026194,E01026194,North Kesteven 006B,North Kesteven,1,2021,0.520429568877798,0.377457520958352,0.4097061901378059,0.7871637110961579,0.2667341422183599,0.502185748296946,-0.018243820580852055,0.5576348452964853,0.037205276418687316,0.5638029080285106,0.04337333915071262
E01026195,E01026195,North Kesteven 006C,North Kesteven,1,2021,-0.109802051435924,0.0264667121680701,0.30255897596854414,0.32902568813661426,0.4388277395725383,0.18266728790129416,0.2924693393372182,0.19247342367211864,0.30227547510804265,0.21061236942037104,0.320414420856295
E01026196,E01026196,North Kesteven 006D,North Kesteven,1,2021,0.811993558274512,0.305912817119909,0.08080234446974999,0.38671516158965896,-0.42527839668485307,0.5426103395083308,-0.2693832187661812,0.643823212055773,-0.16817034621873905,0.5554782060788549,-0.25651535219565713
E01026197,E01026197,North Kesteven 008B,North Kesteven,1,2021,0.36947825320031,-0.043648371810391,-0.240334419547855,-0.283982791358246,-0.653461044558556,0.23917756536938561,-0.1303006878309244,0.2125277078790177,-0.15695054532129232,0.2164174251167746,-0.15306082808353544
E01026198,E01026198,North Kesteven 008C,North Kesteven,1,2021,-0.346129218063088,-0.54060142249408,0.011718215599827997,-0.5288832068942521,-0.18275398883116406,-0.29273457152629667,0.053394646536791324,-0.26175430031426716,0.08437491774882083,-0.28800527639171425,0.05812394167137375
E01026199,E01026199,North Kesteven 003D,North Kesteven,1,2021,0.636628822797499,0.372683845090796,0.024322807796603008,0.397006652887399,-0.2396221699101,0.5675995815040419,-0.06902924129345711,0.5599914180530583,-0.0766374047444407,0.5220301840987223,-0.11459863869877673
E01026200,E01026200,North Kesteven 012A,North Kesteven,1,2021,0.40242791721226,-0.0425434957399389,-0.15722309724599992,-0.19976659298593882,-0.6021945101981988,0.18273463644664925,-0.21969328076561076,0.23464421326699053,-0.16778370394526948,0.2334539847541293,-0.16897393245813072
E01026201,E01026201,North Kesteven 012B,North Kesteven,1,2021,0.502531956048666,0.283549572907859,0.12343882034849699,0.40698839325635594,-0.09554356279231002,0.453270006119215,-0.04926194992945099,0.40011499462322453,-0.10241696142544143,0.3925607827554124,-0.10997117329325357
E01026202,E01026202,North Kesteven 012C,North Kesteven,1,2021,0.748267081791902,0.92128452078537,0.14705534679535004,1.06833986758072,0.32007278578881804,1.0116289744428992,0.2633618926509972,0.905997117346974,0.15773003555507192,0.9280925235935916,0.17982544180168958
E01026203,E01026203,North Kesteven 001D,North Kesteven,1,2021,0.248203642456824,0.0920723001056206,0.0815378682430171,0.1736101683486377,-0.07459347410818629,0.3140173034582696,0.06581366100144562,0.29473051036507114,0.046526867908247144,0.26270037973521937,0.014496737278395372
E01026204,E01026204,North Kesteven 001E,North Kesteven,1,2021,0.24118030165078,0.099439223147513,0.04709102126740809,0.14653024441492107,-0.09465005723585893,0.3126286129507278,0.0714483112999478,0.2256141066246792,-0.015566195026100793,0.22977538460912514,-0.01140491704165486
E01026205,E01026205,North Kesteven 005B,North Kesteven,1,2021,0.97009757246037,0.848918219696509,0.10417477299492806,0.9530929926914371,-0.01700457976893288,0.9627437412290748,-0.007353831231295183,0.870959866978626,-0.09913770548174394,0.8950630119041897,-0.0750345605561803
E01026206,E01026206,North Kesteven 001F,North Kesteven,1,2021,-0.0349559608872495,-0.327722461489882,-0.08993977621181398,-0.41766223770169597,-0.38270627681444647,-0.04053488745455401,-0.005578926567304514,-0.009187273074606529,0.02576868781264297,-0.01998102049568113,0.014974940391568367
E01026207,E01026207,North Kesteven 012D,North Kesteven,1,2021,0.884275489785959,0.414295864541673,-0.20354112152708204,0.21075474301459096,-0.6735207467713681,0.6653824367794694,-0.21889305300648965,0.6348163161917355,-0.24945917359422354,0.6567425230349839,-0.22753296675097512
E01026208,E01026208,North Kesteven 012E,North Kesteven,1,2021,0.440917412993859,0.28004630401937,-0.06633720686128403,0.21370909715808595,-0.22720831583577306,0.5199051469116108,0.07898773391775182,0.5645664181522523,0.12364900515839328,0.5957479180802249,0.15483050508636587
E01026209,E01026209,North Kesteven 009A,North Kesteven,1,2021,0.891560768803856,0.522594552032736,0.15981128321392796,0.682405835246664,-0.20915493355719206,0.6757489575678148,-0.2158118112360412,0.7353963535897082,-0.1561644152141478,0.7417175779119848,-0.14984319089187126
E01026210,E01026210,North Kesteven 007C,North Kesteven,1,2021,0.552544495090241,0.668662681978204,0.176932230571671,0.845594912549875,0.293050417459634,0.8139831046191807,0.2614386095289397,0.798277548236336,0.24573305314609506,0.8152132548690479,0.262668759778807
E01026211,E01026211,North Kesteven 005C,North Kesteven,1,2021,0.216637986089136,0.130721230423854,0.1188402391426766,0.2495614695665306,0.0329234834773946,0.3072010079027668,0.09056302181363077,0.1962678112182961,-0.02037017487083992,0.22264253586228375,0.006004549773147738
E01026212,E01026212,North Kesteven 005D,North Kesteven,1,2021,0.814540099738387,0.287840651376501,0.476907617273271,0.764748268649772,-0.04979183108861507,0.3960561980329674,-0.41848390170541966,0.4393327811762275,-0.37520731856215955,0.48372311085600045,-0.3308169888823866
E01026213,E01026213,North Kesteven 005E,North Kesteven,1,2021,0.759931266433429,0.585912454166795,-0.21297352232037292,0.37293893184642213,-0.3869923345870069,0.8703923787059937,0.11046111227256472,0.8412110088557175,0.08127974242228853,0.7687637360647728,0.008832469631343765
E01026214,E01026214,North Kesteven 014A,North Kesteven,1,2021,0.768711477204035,1.04542661471737,0.0971246744498081,1.1425512891671783,0.3738398119631433,1.1173517446093937,0.3486402674053587,1.1966668303878023,0.4279553531837673,1.1501282386709821,0.38141676146694714
E01026215,E01026215,North Kesteven 014B,North Kesteven,1,2021,0.941738304207944,0.667032118051977,-0.13712908032360893,0.5299030377283681,-0.4118352664795759,0.8970531193510198,-0.04468518485692419,0.8956794930284897,-0.04605881117945432,0.8372704841820127,-0.10446782002593136
E01026218,E01026218,North Kesteven 014C,North Kesteven,1,2021,0.930775873880028,0.491357755080623,-0.02074479183712602,0.470612963243497,-0.46016291063653103,0.7309645277388539,-0.19981134614117413,0.6507060505896395,-0.28006982329038854,0.7705986256427276,-0.1601772482373004
E01026219,E01026219,North Kesteven 014D,North Kesteven,1,2021,0.780152679400976,0.880745589432842,0.10205437651293803,0.98279996594578,0.20264728654480402,0.972504263280117,0.19235158387914097,0.9129683608280059,0.13281568142702993,0.952063581232982,0.17191090183200597
E01026220,E01026220,North Kesteven 013A,North Kesteven,1,2021,1.67339812330802,1.38332909675907,-0.04489280288835018,1.3384362938707197,-0.33496182943730024,1.554410391416939,-0.11898773189108103,1.6178940763915939,-0.055504046916426075,1.6230972866844977,-0.05030083662352225
E01026221,E01026221,North Kesteven 009B,North Kesteven,1,2021,0.611767150040785,0.426116335621735,0.06962491427232703,0.49574124989406204,-0.11602590014672293,0.5966096706574523,-0.015157479383332673,0.711643872836009,0.09987672279522408,0.5781060225320395,-0.0336611275087455
E01026222,E01026222,North Kesteven 009C,North Kesteven,1,2021,0.939641370991063,0.637424847908244,0.057790935031837076,0.6952157829400811,-0.2444255880509819,0.7837651053845728,-0.15587626560649026,0.8147476618965527,-0.12489370909451036,0.8092723127227625,-0.13036905826830059
E01026223,E01026223,North Kesteven 008D,North Kesteven,1,2021,0.354037326874046,0.0242959135139978,0.0240654345937246,0.0483613481077224,-0.3056759787663236,0.22962621535810024,-0.12441111151594575,0.22710950327186158,-0.1269278236021844,0.2381289634068972,-0.11590836346714878
E01026224,E01026224,North Kesteven 007D,North Kesteven,1,2021,1.23892316747333,0.950081997795563,0.529666865476475,1.4797488632720381,0.24082569579870805,0.8870999573713837,-0.3518232101019464,0.9719921864307115,-0.2669309810426186,0.9457602323624036,-0.2931629351109265
E01026225,E01026225,North Kesteven 003E,North Kesteven,1,2021,0.700013662891708,0.467189271672596,0.076053793660115,0.5432430653327109,-0.15677059755899703,0.6068607465919049,-0.09315291629980305,0.5005385334052249,-0.19947512948648305,0.520912035216959,-0.17910162767474902
E01026226,E01026226,North Kesteven 003F,North Kesteven,1,2021,1.1955788675335,1.20754460559633,0.11632554774673998,1.32387015334307,0.12829128580956994,1.3035225378731812,0.10794367033968122,1.2321914168364183,0.03661254930291835,1.1966248775788009,0.0010460100453009158
E01026227,E01026227,North Kesteven 010A,North Kesteven,1,2021,1.0938474454638,0.727419920818145,-0.5173273405207851,0.2100925802973599,-0.8837548651664402,1.040423533582597,-0.05342391188120299,1.0750819843931354,-0.01876546107066468,1.0025172956676511,-0.09133014979614895
E01026228,E01026228,North Kesteven 011A,North Kesteven,1,2021,0.163398749953557,-0.136276374666221,-0.314084490775159,-0.45036086544138,-0.613759615394937,0.1430368448807783,-0.020361905072778685,0.19136289775494,0.02796414780138301,0.17818608565627164,0.014787335702714649
E01026229,E01026229,North Kesteven 011B,North Kesteven,1,2021,0.40245795823253,0.17580071236225,-0.11464619004410001,0.061154522318149995,-0.34130343591438,0.3775599900220695,-0.024897968210460475,0.4170225447776192,0.014564586545089186,0.4653426846617444,0.06288472642921439
E01026230,E01026230,North Kesteven 010B,North Kesteven,1,2021,0.966800786856572,1.03934454030133,-0.43107263476695,0.6082719055343799,-0.3585288813221921,1.2572598662069625,0.2904590793503905,1.2528920180463254,0.28609123118975344,1.1738410155716679,0.20704022871509586
E01026231,E01026231,North Kesteven 010C,North Kesteven,1,2021,-0.104154571358353,-0.107838717192197,-0.1179283810762035,-0.2257670982684005,-0.1216125269100475,0.13271348257411858,0.23686805393247157,0.20606558309685177,0.3102201544552048,0.22790985320513713,0.3320644245634901
E01026232,E01026232,North Kesteven 010D,North Kesteven,1,2021,1.22497506469773,0.982794242700555,-0.776732161143585,0.20606208155697003,-1.01891298314076,1.339652671801672,0.11467760710394193,1.3771568354242132,0.1521817707264832,1.2678667110631539,0.04289164636542386
E01026233,E01026233,North Kesteven 011C,North Kesteven,1,2021,0.166577919723416,-0.0703127983002713,0.0435676011258867,-0.026745197174384602,-0.19332311689780063,0.12135323823631258,-0.04522468148710343,0.09393622669845007,-0.07264169302496594,0.07664757814258123,-0.08993034158083478
E01026234,E01034695,North Kesteven 011F,North Kesteven,1,2021,0.401267145399063,0.0813135429003097,-0.016196130485018,0.0651174124152917,-0.33614973298377127,0.307529400552978,-0.09373774484608499,0.23339926446261847,-0.16786788093644453,0.24354291927128266,-0.15772422612778034
E01026235,E01026235,North Kesteven 010E,North Kesteven,1,2021,0.654254568813959,0.519391035442344,0.12199889973627698,0.641389935178621,-0.012864633635338074,0.7372135908639529,0.08295902204999384,0.7182085427474887,0.06395397393352964,0.7445892452886962,0.09033467647473714
E01026236,E01026236,North Kesteven 011E,North Kesteven,1,2021,-0.0530123551679444,0.247169118776908,-0.006942067068468005,0.24022705170844,0.2932394068763844,0.45277177816421116,0.5057841333321555,0.419342806463427,0.47235516163137137,0.41105825107243565,0.46407060624038005
E01026237,E01026237,North Kesteven 004E,North Kesteven,1,2021,0.671828320961431,0.735450162368043,0.36448751012733394,1.0999376724953769,0.4281093515339459,0.8159919412120115,0.1441636202505805,0.8593446758201659,0.18751635485873497,0.8193658650312414,0.14753754406981046
E01026238,E01026238,North Kesteven 004F,North Kesteven,1,2021,0.746833791431706,0.508434335760405,0.145361878309126,0.653796214069531,-0.093037577362175,0.6461445722643772,-0.10068921916732887,0.5854412985134964,-0.16139249291820967,0.5870008746574493,-0.1598329167742567
E01026239,E01026239,South Holland 011A,South Holland,1,2021,0.502124662005235,0.212918129011463,0.318130919696725,0.531049048708188,0.028924386702953053,0.40350899686895886,-0.09861566513627612,0.284647268768765,-0.21747739323646997,0.33433275893351133,-0.16779190307172365
E01026240,E01026240,South Holland 011B,South Holland,1,2021,0.0926885059901901,0.146481814171755,0.23558430758691448,0.3820661217586695,0.2893776157684794,0.295328838923522,0.20264033293333192,0.22468941979028392,0.13200091380009382,0.1956781014154531,0.10298959542526301
E01026241,E01026241,South Holland 005A,South Holland,1,2021,0.125946997089488,-0.0133732634154638,0.1522239958947272,0.1388507324792634,0.012903735389775406,0.21408671909713295,0.08813972200764494,0.18145233067744004,0.05550533358795204,0.1559586645128609,0.030011667423372884
E01026242,E01026242,South Holland 001A,South Holland,1,2021,1.40901993062053,1.34416836345969,0.502963699775316,1.847132063235006,0.4381121326144759,1.3418525104535666,-0.06716742016696342,1.5427711856193471,0.13375125499881713,1.4814512103339048,0.07243127971337482
E01026243,E01026243,South Holland 001B,South Holland,1,2021,1.23960499687037,0.972709341146395,-0.452162422218485,0.5205469189279099,-0.71905807794246,1.1886715061091864,-0.050933490761183586,1.2287527463084968,-0.010852250561873111,1.1870513627521404,-0.05255363411822955
E01026244,E01026244,South Holland 001C,South Holland,1,2021,1.37662211427964,1.3821754131206,0.2983548049286602,1.6805302180492603,0.3039081037696203,1.4742909900212349,0.09766887574159488,1.5341221180796858,0.1575000038000458,1.588538283999822,0.21191616972018212
E01026245,E01026245,South Holland 010A,South Holland,1,2021,1.11984405360621,0.834461480610173,-0.2953709061330071,0.5390905744771659,-0.5807534791290441,1.0778856757773516,-0.04195837782885836,1.0336125063181745,-0.0862315472880355,1.01272631797216,-0.10711773563405003
E01026246,E01026246,South Holland 002A,South Holland,1,2021,1.64230029013139,1.26021466986628,0.15438979664789998,1.41460446651418,-0.22769582361720997,1.3770759986298358,-0.26522429150155413,1.4200018677844128,-0.22229842234697705,1.3281119354842301,-0.3141883546471598
E01026247,E01026247,South Holland 001D,South Holland,1,2021,2.4640213840173,1.36310935618346,-0.40435350430736006,0.9587558518760999,-1.5052655321412,1.5847979586067278,-0.8792234254105722,1.612151265899798,-0.8518701181175019,1.6722469038924048,-0.7917744801248952
E01026248,E01026248,South Holland 002B,South Holland,1,2021,0.507180950054712,0.25496418156334,-0.32177291214817305,-0.06680873058483305,-0.573989680639545,0.4466146273932369,-0.0605663226614751,0.5253958792014707,0.018214929146758707,0.6342364232186206,0.12705547316390864
E01026249,E01026249,South Holland 010B,South Holland,1,2021,0.679788926894646,0.4140491372734,0.296614674343494,0.710663811616894,0.030874884722247975,0.4977580917800078,-0.1820308351146382,0.5527269792500332,-0.12706194764461276,0.5411595733220711,-0.1386293535725749
E01026250,E01026250,South Holland 003A,South Holland,1,2021,0.820277610043264,0.55498509096469,0.29679707795618293,0.8517821689208729,0.031504558877608835,0.6577043841141386,-0.1625732259291255,0.5925995569217539,-0.22767805312151013,0.5280525670097103,-0.2922250430335538
E01026251,E01026251,South Holland 003B,South Holland,1,2021,0.476176622048455,0.480903240779519,0.16217544167160802,0.643078682451127,0.16690206040267197,0.5539061343047595,0.07772951225630453,0.7161998890155723,0.2400232669671173,0.68594231134664,0.20976568929818495
E01026252,E01026252,South Holland 003C,South Holland,1,2021,0.704439851083686,0.360041296218258,-0.742865627927902,-0.38282433170964403,-1.08726418279333,0.7172952113200631,0.012855360236377122,0.7662156545801122,0.061775803496426196,0.7807171945623651,0.0762773434786791
E01026253,E01026253,South Holland 003D,South Holland,1,2021,0.616275604826528,0.476124854002781,-0.250778691727319,0.225346162275462,-0.390929442551066,0.606004308814862,-0.010271296011665987,0.722387448140292,0.106111843313764,0.8033091984873615,0.1870335936608335
E01026254,E01026254,South Holland 008A,South Holland,1,2021,2.04391724664509,1.62639743983889,0.16578474920254016,1.7921821890414302,-0.2517350576036599,1.8223164390608724,-0.22160080758421774,2.0164987809445742,-0.02741846570051587,1.6469709558514958,-0.39694629079359434
E01026255,E01026255,South Holland 008B,South Holland,1,2021,2.75055350472062,2.0739572842687,-0.39120322067935964,1.6827540635893405,-1.0677994411312794,2.3468025144420386,-0.4037509902785814,2.5009114529766925,-0.2496420517439275,2.1072598672119693,-0.6432936375086507
E01026256,E01026256,South Holland 008C,South Holland,1,2021,1.93631419013604,1.50480850513716,-0.34333042130965996,1.1614780838275,-0.7748361063085398,1.7474400246989465,-0.18887416543709334,1.9306511047807768,-0.005663085355263053,1.821328949156346,-0.11498524097969387
E01026257,E01026257,South Holland 002C,South Holland,1,2021,1.66707812401599,1.86266071239629,0.19945322905046003,2.06211394144675,0.39503581743076,1.9629155677270207,0.2958374437110307,1.9921463681554306,0.3250682441394406,1.8987527704947,0.23167464647871006
E01026258,E01026258,South Holland 005B,South Holland,1,2021,0.419349298265635,0.216818249089827,-0.24068352722841901,-0.023865278138592017,-0.443214576404227,0.4491055356802072,0.02975623741457223,0.4003785543986518,-0.01897074386698322,0.4336002122172948,0.014250913951659783
E01026259,E01026259,South Holland 005C,South Holland,1,2021,0.6106291160981,0.525958114463435,0.16945489260511198,0.6954130070685469,0.08478389097044692,0.6589683497610254,0.04833923366292536,0.5912740465428992,-0.019355069555200832,0.6062265092809128,-0.004402606817187182
E01026260,E01026260,South Holland 005D,South Holland,1,2021,1.23025025010035,0.704355585625548,-0.4004793009894819,0.3038762846360661,-0.926373965464284,0.9280324648273147,-0.30221778527303533,0.9704067326469237,-0.2598435174534264,0.91653970249288,-0.3137105476074701
E01026262,E01026262,South Holland 009A,South Holland,1,2021,0.105899858592744,-0.274380110991685,-0.14953615009347804,-0.42391626108516306,-0.5298161196779071,0.03011169091083129,-0.07578816768191271,0.010305841224235106,-0.0955940173685089,-0.03395305908719873,-0.13985291767994273
E01026263,E01026263,South Holland 009B,South Holland,1,2021,-0.191711917261589,-0.0943227380179399,0.2132230693037251,0.11890033128578519,0.3106122485473742,0.03698774361046389,0.2286996608720529,-0.0011870368178069266,0.19052488044378207,-0.0746476872807533,0.11706422998083571
E01026264,E01026264,South Holland 009C,South Holland,1,2021,0.368866794415829,-0.024508475884347,-0.0755036259217194,-0.1000121018060664,-0.4688788962218954,0.218266174169503,-0.15060062024632598,0.22092053210995422,-0.14794626230587477,0.22212120166897809,-0.1467455927468509
E01026265,E01026265,South Holland 009D,South Holland,1,2021,1.48856983494479,1.22045397601809,0.5197025839241629,1.7401565599422528,0.2515867249974628,1.138683267945748,-0.3498865669990421,1.1590841761941777,-0.3294856587506123,1.1644453102014438,-0.3241245247433462
E01026266,E01026266,South Holland 006B,South Holland,1,2021,0.650612161541381,0.0072814049669228,-0.0096330389825827,-0.0023516340156598996,-0.6529637955570409,0.22669661634140792,-0.4239155451999731,0.22661845060719418,-0.4239937109341868,0.2402606914366753,-0.41035147010470574
E01026267,E01034699,South Holland 009F,South Holland,1,2021,0.139830539541669,0.212101537087647,0.1450353162751726,0.35713685336281964,0.21730631382115065,0.40621229873926856,0.26638175919759954,0.36866051186448695,0.22882997232281796,0.3285589291611896,0.18872838961952063
E01026268,E01026268,South Holland 007A,South Holland,1,2021,0.477449572985115,0.315084461531874,0.07798540466701304,0.39306986619888706,-0.08437970678622791,0.4824576503395585,0.00500807735444353,0.3957078195671926,-0.08174175341792239,0.4259987258340763,-0.0514508471510387
E01026269,E01026269,South Holland 007B,South Holland,1,2021,0.337683300210545,0.567965805267229,0.13116511126054098,0.6991309165277699,0.36144761631722494,0.6369764188884375,0.2992931186778925,0.7643816304910933,0.4266983302805483,0.7320734787499428,0.3943901785393978
E01026270,E01026270,South Holland 007C,South Holland,1,2021,0.0238398211952236,-0.0281402362607815,-0.5055500843750416,-0.5336903206358231,-0.5575301418310468,0.3100384836817898,0.2861986624865662,0.2949113661588873,0.2710715449636637,0.2626424364254622,0.2388026152302386
E01026271,E01026271,South Holland 007D,South Holland,1,2021,1.43600185021676,1.1990950156249,0.09398611769011,1.29308113331501,-0.1429207169017499,1.307266628921881,-0.1287352212948789,1.1864097368894506,-0.24959211332730935,1.1918506594349243,-0.24415119078183567
E01026272,E01026272,South Holland 007E,South Holland,1,2021,0.0665733048787796,0.453551839510243,0.40131443536461014,0.8548662748748532,0.7882929699960737,0.5175964161517486,0.45102311127296896,0.5258454794028493,0.4592721745240697,0.4712594681508279,0.4046861632720483
E01026273,E01026273,South Holland 006C,South Holland,1,2021,0.317900257315025,0.249700015084396,-0.13585740501196902,0.11384261007242696,-0.20405764724259806,0.4866929592441611,0.1687927019291361,0.47601977140834534,0.1581195140933203,0.42774086381152365,0.10984060649649863
E01026274,E01034697,South Holland 006H,South Holland,1,2021,-0.0676685000683946,-0.203367085571857,0.09175430009671098,-0.11161278547514603,-0.043944285406751424,0.009313107186178948,0.07698160725457355,-0.03790331765561289,0.029765182412781713,-0.022046921157243302,0.0456215789111513
E01026275,E01026275,South Holland 006E,South Holland,1,2021,0.399949562266086,0.173009509287269,0.22954478437810868,0.40255429366537765,0.0026047313992916266,0.32087186925420436,-0.07907769301188167,0.2579893854298506,-0.1419601768362354,0.2385461246424407,-0.1614034376236453
E01026276,E01026276,South Holland 001E,South Holland,1,2021,0.96966874225345,0.784392971933111,0.18872098543067495,0.9731139573637859,0.0034452151103359085,0.9237122951513278,-0.04595644710212221,1.0113923427264149,0.04172360047296486,0.9735906600706516,0.003921917817201637
E01026277,E01026277,South Holland 008D,South Holland,1,2021,2.78478552722102,2.40509845398998,0.16499420786957986,2.57009266185956,-0.21469286536146015,2.501564582140661,-0.2832209450803589,2.4993177203856063,-0.28546780683541373,2.1578896377550802,-0.6268958894659398
E01026278,E01026278,South Holland 008E,South Holland,1,2021,1.62228443836127,1.76082036979301,0.26773305359296007,2.0285534233859703,0.4062689850247003,1.7810706035545658,0.1587861651932958,1.5775656717796025,-0.04471876658166751,1.6054111545144316,-0.016873283846838394
E01026279,E01026279,South Holland 008F,South Holland,1,2021,1.93606712662833,1.83310742803916,0.10470032919493999,1.9378077572341,0.0017406306057698995,1.9169466016889025,-0.019120524939427508,1.9266935082392913,-0.009373618389038718,1.9792138720872345,0.04314674545890451
E01026280,E01026280,South Holland 010C,South Holland,1,2021,0.713478528248908,0.621224469803863,-0.04656145254751798,0.574663017256345,-0.13881551099256295,0.8231119935658109,0.10963346531690288,0.805438527165977,0.09195999891706896,0.7945845714263654,0.0811060431774574
E01026281,E01026281,South Holland 004A,South Holland,1,2021,0.10743790479647,-0.0277307934719801,0.3980002258291759,0.3702694323571958,0.2628315275607258,0.11337643264848252,0.005938527852012515,0.06927589420178445,-0.03816201059468555,0.07542072308190166,-0.03201718171456834
E01026282,E01026282,South Holland 004B,South Holland,1,2021,0.71670457099909,0.340187529420933,-0.040070348528945976,0.300117180891987,-0.416587390107103,0.5664488653167308,-0.15025570568235924,0.7963514965795747,0.0796469255804847,0.6851254701127656,-0.03157910088632443
E01026283,E01026283,South Holland 004C,South Holland,1,2021,0.511933612806962,0.54784482257158,0.12835869241711095,0.6762035149886909,0.16426990218172888,0.6792241126677078,0.16729049986074573,0.6125506268154791,0.10061701400851708,0.5971727818052793,0.0852391689983173
E01026284,E01026284,South Holland 011C,South Holland,1,2021,0.235588170834182,0.178476441822092,0.07388165145039799,0.25235809327249,0.016769922438307994,0.38385560538149427,0.14826743454731228,0.2846822969923053,0.04909412615812331,0.27791141744327746,0.04232324660909548
E01026285,E01026285,South Holland 004D,South Holland,1,2021,0.577297438852519,-0.0712157092011665,-0.048606964098421704,-0.1198226732995882,-0.6971201121521072,0.14618675875848758,-0.4311106800940315,0.1966035081833755,-0.3806939306691436,0.18349008708646453,-0.3938073517660545
E01026286,E01026286,South Holland 004E,South Holland,1,2021,0.883554575615405,0.365334983408798,0.166871200554975,0.5322061839637731,-0.3513483916516319,0.4378846827035473,-0.44566989291185766,0.4734950173838008,-0.41005955823160417,0.4491031541643976,-0.43445142145100735
E01026287,E01026287,South Kesteven 015A,South Kesteven,1,2021,0.465248013549572,0.0281187894315117,-0.24630708630909132,-0.21818829687757962,-0.6834363104271517,0.330058195360098,-0.135189818189474,0.38461717992948474,-0.08063083362008727,0.40340198968963764,-0.061846023859934374
E01026288,E01026288,South Kesteven 015B,South Kesteven,1,2021,0.888413057161321,0.965339046204981,0.35008727794329697,1.315426324148278,0.42701326698695696,1.0561783641899203,0.16776530702859926,1.0060105843717349,0.11759752721041383,1.0302990795915317,0.14188602243021065
E01026289,E01026289,South Kesteven 015C,South Kesteven,1,2021,0.224621618773854,0.0759702866388287,0.2687102726372807,0.3446805592761094,0.1200589405022554,0.2421791917075694,0.017557572933715404,0.24159338066682004,0.016971761892966036,0.22387961937586223,-0.0007419993979917716
E01026290,E01026290,South Kesteven 008A,South Kesteven,1,2021,1.34234679094868,0.848101813898145,0.133890825277305,0.98199263917545,-0.36035415177322994,0.9875137297975793,-0.3548330611511006,0.9427460575778273,-0.39960073337085267,0.9838430886723426,-0.3585037022763373
E01026291,E01026291,South Kesteven 002A,South Kesteven,1,2021,0.653788556800316,0.552155869935438,0.02216891280489297,0.5743247827403309,-0.07946377405998506,0.740570603794624,0.08678204699430803,0.7283512390295784,0.07456268222926243,0.7706696874457775,0.11688113064546146
E01026292,E01026292,South Kesteven 007A,South Kesteven,1,2021,0.885823473704858,0.679772449089791,0.38556546713227996,1.0653379162220709,0.17951444251721282,0.7492899600303117,-0.13653351367454636,0.7652346168115309,-0.1205888568933271,0.7292838057993968,-0.15653966790546125
E01026293,E01026293,South Kesteven 007B,South Kesteven,1,2021,0.309000066416438,0.374511403436752,0.18813163509585998,0.562643038532612,0.253642972116174,0.5266972867304399,0.2176972203140019,0.44580962141791536,0.13680955500147735,0.47215013830446756,0.16315007188802955
E01026294,E01026294,South Kesteven 007C,South Kesteven,1,2021,0.237635894987145,0.328344684501278,0.13345010531314902,0.461794789814427,0.22415889482728202,0.46756974554736036,0.22993385056021537,0.42970575531800287,0.19206986033085788,0.48373555770179844,0.24609966271465344
E01026296,E01026296,South Kesteven 011B,South Kesteven,1,2021,0.601021340948354,0.550946302182362,0.323378120709802,0.8743244228921639,0.2733030819438099,0.6685631554278112,0.06754181447945717,0.6872451450413825,0.08622380409302843,0.7193373544990471,0.1183160135506931
E01026297,E01026297,South Kesteven 011C,South Kesteven,1,2021,0.689264427146205,0.624310267087795,-0.31566092400675994,0.3086493430810351,-0.38061508406516986,0.9207276044849402,0.23146317733873523,0.9207805375623852,0.23151611041618025,0.8288297485950016,0.13956532144879663
E01026298,E01026298,South Kesteven 011D,South Kesteven,1,2021,1.14884423611036,1.15463715061659,0.344701872675361,1.499339023291951,0.3504947871815911,1.2324954317219208,0.08365119561156087,1.3152873520787196,0.1664431159683597,1.3208854709832087,0.17204123487284884
E01026299,E01026299,South Kesteven 010A,South Kesteven,1,2021,0.685012445727755,1.08856126731461,0.2631413852114499,1.3517026525260598,0.6666902067983048,1.2181408515502756,0.5331284058225206,1.4169693589819277,0.7319569132541727,1.3596793591690868,0.6746669134413318
E01026300,E01026300,South Kesteven 010B,South Kesteven,1,2021,0.351606635579086,0.31681462322892,-0.12972857809166,0.18708604513726002,-0.164520590441826,0.5335773109174756,0.18197067533838962,0.4744799137800412,0.12287327820095517,0.45974860632789555,0.10814197074880955
E01026301,E01034705,South Kesteven 010G,South Kesteven,1,2021,0.727097605522645,0.47367092945184,-0.03523332182173,0.43843760763010997,-0.28865999789253505,0.7047526453667202,-0.022344960155924798,0.635600297927326,-0.09149730759531904,0.7303314192092516,0.003233813686606579
E01026302,E01026302,South Kesteven 010D,South Kesteven,1,2021,0.52979225305441,0.818515810226559,0.49289176355357395,1.311407573780133,0.7816153207257229,0.8394626315976449,0.30967037854323487,0.8584711111156618,0.32867885806125174,0.8731762028652353,0.3433839498108253
E01026303,E01026303,South Kesteven 014A,South Kesteven,1,2021,0.206836306166718,0.286111239642883,0.03447693096834298,0.32058817061122596,0.11375186444450797,0.49808699109821963,0.29125068493150164,0.4514577208808894,0.24462141471417143,0.4579500109770942,0.2511137048103762
E01026304,E01026304,South Kesteven 014B,South Kesteven,1,2021,0.372132339237369,0.0788789394874981,0.1142508425843268,0.1931297820718249,-0.17900255716554409,0.27814384375541373,-0.09398849548195526,0.2238251262742073,-0.14830721296316168,0.23351169515149756,-0.13862064408587144
E01026305,E01026305,South Kesteven 014C,South Kesteven,1,2021,0.291526307509738,0.0740661268410045,0.08957430267305369,0.1636404295140582,-0.12788587799567983,0.28471649476910293,-0.0068098127406350795,0.22804158842932662,-0.0634847190804114,0.23049108360668738,-0.061035223903050634
E01026306,E01026306,South Kesteven 014D,South Kesteven,1,2021,0.987230530163977,1.13336992314553,0.16903226026059304,1.302402183406123,0.315171653242146,1.2948694262607758,0.30763889609679884,1.3204257579040226,0.3331952277400456,1.324783994415253,0.3375534642512761
E01026307,E01026307,South Kesteven 014E,South Kesteven,1,2021,0.197742017688808,0.242191088536405,0.07924907204465101,0.321440160581056,0.12369814289224801,0.4425415035991352,0.24479948591032719,0.37049497467359843,0.17275295698479043,0.39731483756349295,0.19957281987468495
E01026308,E01026308,South Kesteven 005A,South Kesteven,1,2021,1.41768043235527,1.26695471390022,-0.34410815538514994,0.92284655851507,-0.49483387384020006,1.4453146112804887,0.027634178925218578,1.3926088450694383,-0.02507158728583181,1.4473931904156507,0.02971275806038065
E01026309,E01026309,South Kesteven 005B,South Kesteven,1,2021,1.13229353934301,0.982036916527227,0.210390531898205,1.192427448425432,0.060133909082422,1.09468357580738,-0.03760996353562995,1.2403235299651294,0.10802999062211938,1.1786559810900052,0.04636244174699522
E01026310,E01026310,South Kesteven 005C,South Kesteven,1,2021,0.989650740535514,0.889079378741291,0.22223759708648694,1.1113169758277779,0.12166623529226384,1.067941944675053,0.07829120413953905,1.3191304021318897,0.32947966159637565,1.2373428186763407,0.2476920781408266
E01026311,E01026311,South Kesteven 005D,South Kesteven,1,2021,1.13083429647977,1.39867616612196,0.1714189910897399,1.5700951572117,0.43926086073192994,1.4464050967944733,0.3155708003147033,1.2895004799706677,0.15866618349089778,1.2779386150789969,0.1471043185992269
E01026312,E01026312,South Kesteven 005E,South Kesteven,1,2021,1.35352332785367,0.971858171403526,-0.157843639217924,0.814014532185602,-0.539508795668068,1.181377962602222,-0.17214536525144797,1.1075994261923465,-0.2459239016613235,1.0832733414747442,-0.27024998637892583
E01026313,E01026313,South Kesteven 001A,South Kesteven,1,2021,0.546000678910503,0.0729112396231236,-0.0745534383069324,-0.0016421986838087987,-0.5476428775943117,0.274307435057762,-0.27169324385274096,0.25866720408500277,-0.2873334748255002,0.26234241879338405,-0.2836582601171189
E01026314,E01026314,South Kesteven 001B,South Kesteven,1,2021,-0.0582511607235196,-0.349991137479272,-0.20714821953032503,-0.557139357009597,-0.49888819628607745,-0.04169215131067115,0.01655900941284845,-0.12228127015437754,-0.06403010943085793,-0.10139870461461653,-0.04314754389109693
E01026315,E01026315,South Kesteven 009A,South Kesteven,1,2021,0.578410173506651,0.367823642450713,-0.114003627780493,0.25382001467022,-0.32459015883643105,0.5416621913833447,-0.03674798212330632,0.6313403585506154,0.052930185043964406,0.6405541772062733,0.06214400369962225
E01026316,E01026316,South Kesteven 007D,South Kesteven,1,2021,0.288910974906424,0.254369950245196,0.378107198836117,0.632477149081313,0.34356617417488905,0.35307848459327223,0.06416750968684826,0.2834800690990134,-0.005430905807410569,0.33080301561769776,0.04189204071127378
E01026317,E01026317,South Kesteven 006A,South Kesteven,1,2021,1.68068999858954,1.13667623802656,0.04265132301155994,1.17932756103812,-0.5013624375514201,1.2813816859084446,-0.39930831268109546,1.1724087136346797,-0.5082812849548604,1.1826045479706437,-0.4980854506188963
E01026318,E01026318,South Kesteven 006B,South Kesteven,1,2021,1.12064189221072,1.1633905033276,0.012163713037550039,1.17555421636515,0.05491232415443004,1.2465460333818978,0.12590414117117787,1.2197512799557628,0.09910938774504285,1.1618343829984743,0.04119249078775433
E01026319,E01026319,South Kesteven 006C,South Kesteven,1,2021,1.21642478142978,0.811933503668159,0.15469862088345399,0.966632124551613,-0.24979265687816699,0.950562838755768,-0.265861942674012,0.967796125141198,-0.248628656288582,0.9674202830764471,-0.24900449835333283
E01026320,E01034701,South Kesteven 004F,South Kesteven,1,2021,0.855839041698511,0.723802240184078,-0.14706311026335095,0.5767391299207271,-0.2790999117777839,0.9676517828837761,0.11181274118526507,1.136723848511943,0.2808848068134321,1.0653354633310554,0.20949642163254445
E01026321,E01026321,South Kesteven 004B,South Kesteven,1,2021,1.39343135927377,1.04569024767993,0.25334804126116695,1.2990382889410967,-0.09439307033267319,1.2074548249062378,-0.18597653436753214,1.4067982102154815,0.013366850941711528,1.3277123895732608,-0.06571896970050917
E01026322,E01026322,South Kesteven 004C,South Kesteven,1,2021,0.778292829182252,0.834036942670151,0.22420936975795502,1.058246312428106,0.2799534832458541,0.9609499239258799,0.1826570947436279,0.9641879646411895,0.18589513545893754,0.969179795790495,0.190886966608243
E01026323,E01026323,South Kesteven 004D,South Kesteven,1,2021,1.80780828372715,1.1463340539108,-0.09460517795147005,1.05172887595933,-0.7560794077678201,1.3875801313952891,-0.42022815233186095,1.2569975161852018,-0.5508107675419482,1.3732786922813218,-0.43452959144582826
E01026324,E01026324,South Kesteven 004E,South Kesteven,1,2021,0.652107048674937,0.223316877403818,0.1328955205496617,0.3562123979534797,-0.29589465072145726,0.37934223913785686,-0.2727648095370801,0.2942903831194755,-0.3578166655554615,0.29060142655451304,-0.3615056221204239
E01026325,E01026325,South Kesteven 003A,South Kesteven,1,2021,1.54695650150248,0.678970763223774,-0.5453812366111559,0.13358952661261814,-1.4133669748898618,1.0188368657637448,-0.5281196357387352,1.088534213843809,-0.458422287658671,0.9975709062567539,-0.549385595245726
E01026326,E01026326,South Kesteven 003B,South Kesteven,1,2021,1.05977626520434,0.72706854321964,0.26614896903326196,0.9932175122529019,-0.0665587529514382,0.8081766678650687,-0.2515995973392714,0.8470838972831269,-0.21269236792121315,0.854421959324349,-0.20535430587999115
E01026327,E01026327,South Kesteven 003C,South Kesteven,1,2021,1.31113320128075,0.887358992495847,0.06944433866321809,0.9568033311590651,-0.3543298701216848,1.0139668002619002,-0.2971664010188497,0.9733589262203699,-0.33777427506038005,0.9545502110697565,-0.3565829902109935
E01026328,E01026328,South Kesteven 003D,South Kesteven,1,2021,1.419627151881,1.40126589248831,-0.22974072759007003,1.1715251648982399,-0.2481019869827601,1.4998151493214558,0.0801879974404558,1.3309161684538353,-0.08871098342716466,1.576632155817329,0.1570050039363291
E01026329,E01026329,South Kesteven 001C,South Kesteven,1,2021,0.0102206684876988,-0.325558843675608,-0.11513346835497801,-0.440692312030586,-0.4509129805182848,-0.030941737763119218,-0.04116240625081802,-0.005932730732464261,-0.01615339922016306,-0.02172895830835904,-0.03194962679605784
E01026330,E01026330,South Kesteven 012A,South Kesteven,1,2021,0.270224822899372,0.0794529571226835,0.023957489011761604,0.10341044613444511,-0.16681437676492689,0.29194196342398304,0.021717140524611045,0.23318447088348634,-0.03704035201588565,0.24624679403787644,-0.023978028861495554
E01026331,E01026331,South Kesteven 009B,South Kesteven,1,2021,0.766665394176062,0.129095476370043,0.0709229306938085,0.20001840706385152,-0.5666469871122105,0.28524190607979627,-0.4814234880962658,0.20368394494980724,-0.5629814492262548,0.22260975857913867,-0.5440556355969234
E01026332,E01026332,South Kesteven 007E,South Kesteven,1,2021,0.375693734632452,0.184983608858801,0.368406932948673,0.553390541807474,0.17769680717502206,0.3074947995839219,-0.06819893504853008,0.26843685513529103,-0.10725687949716095,0.25051955883502736,-0.12517417579742462
E01026333,E01026333,South Kesteven 001D,South Kesteven,1,2021,-0.0584384487493671,-0.298529965803373,-0.11565461930697599,-0.41418458511034895,-0.35574613636098185,-0.04463962357199956,0.013798825177367538,-0.06019472922559126,-0.0017562804762241632,-0.04806663433152222,0.010371814417844877
E01026334,E01026334,South Kesteven 013A,South Kesteven,1,2021,0.403914771678382,0.0889138724486434,0.0797261506356457,0.1686400230842891,-0.23527474859409292,0.3277013155434344,-0.07621345613494762,0.27560383543086664,-0.12831093624751538,0.27920758932337986,-0.12470718235500217
E01026335,E01026335,South Kesteven 013B,South Kesteven,1,2021,1.05781116548558,1.36763324550379,0.24036870424786017,1.6080019497516502,0.5501907842660703,1.521291423196977,0.463480257711397,1.4460090029502723,0.3881978374646924,1.432973330423912,0.3751621649383321
E01026336,E01026336,South Kesteven 013C,South Kesteven,1,2021,0.544273792377791,0.809398508077049,0.09342623421184804,0.9028247422888971,0.35855094991110603,0.9658831325193195,0.4216093401415284,0.9856417431052995,0.44136795072750845,0.9838430886723426,0.43956929629455155
E01026337,E01026337,South Kesteven 013D,South Kesteven,1,2021,0.560095509236764,0.282147574232784,-0.026271533742669995,0.25587604049011403,-0.30421946874664996,0.5059533142764633,-0.054142194960300705,0.4984266007017346,-0.061668908535029376,0.505639527001071,-0.054455982235693035
E01026338,E01026338,South Kesteven 009C,South Kesteven,1,2021,-0.156079717825329,-0.0299734084306256,0.42718626259022735,0.3972128541596017,0.5532925719849308,0.08277124666827326,0.23885096449360227,0.06933239099180541,0.22541210881713442,0.08313069086196075,0.23921040868728977
E01026339,E01026339,South Kesteven 009D,South Kesteven,1,2021,0.172795251899109,-0.16865741214447,0.208043952097603,0.039386539953133015,-0.13340871194597598,-0.0055866972696135275,-0.17838194916872252,-0.02220446523333787,-0.19499971713244685,-0.02607695093872682,-0.1988722028378358
E01026340,E01026340,South Kesteven 002B,South Kesteven,1,2021,1.31817569943526,0.808494252228568,0.016678208034646924,0.8251724602632149,-0.49300323917204514,0.9416922095814073,-0.3764834898538527,0.8992862253726424,-0.4188894740626177,0.8930387744885826,-0.42513692494667743
E01026341,E01026341,South Kesteven 008B,South Kesteven,1,2021,0.535443140083402,0.480884055615462,0.056056650057878965,0.536940705673341,0.001497565589938965,0.6607967894627738,0.12535364937937177,0.7106980060967965,0.17525486601339446,0.7302821769553182,0.19483903687191617
E01026342,E01026342,South Kesteven 008C,South Kesteven,1,2021,0.355117503643885,0.342110349739259,0.22465831387370502,0.5667686636129641,0.21165115996907907,0.4879678954404498,0.13285039179656477,0.42355296517527125,0.06843546153138624,0.46900983849462285,0.11389233485073785
E01026343,E01026343,South Kesteven 006D,South Kesteven,1,2021,1.59682470032621,1.14553004694598,-0.04086621938776003,1.10466382755822,-0.49216087276799003,1.3172949160301026,-0.2795297842961073,1.2217613516018984,-0.3750633487243116,1.2332020529683696,-0.36362264735784033
E01026344,E01026344,South Kesteven 006E,South Kesteven,1,2021,0.594922327798636,0.676287004479718,-0.305799425586599,0.370487578893119,-0.22443474890551696,0.8900939371757212,0.2951716093770852,0.8626470940281208,0.2677247662294848,0.8723456211131829,0.27742329331454696
E01026345,E01026345,South Kesteven 006F,South Kesteven,1,2021,1.40007742911948,1.62234198285557,0.15268960655317,1.77503158940874,0.3749541602892601,1.7576460675223478,0.3575686384028678,1.968129315570783,0.5680518864513031,1.5441099796343511,0.14403255051487118
E01026346,E01026346,South Kesteven 015D,South Kesteven,1,2021,0.316522321973353,0.215379316589339,0.10648628678272601,0.32186560337206505,0.005343281398712041,0.40634904087711615,0.08982671890376315,0.29329252455404475,-0.02322979741930825,0.28538569238983186,-0.031136629583521147
E01026347,E01026347,South Kesteven 015E,South Kesteven,1,2021,1.38727743899509,1.20840094709891,0.23861887703488216,1.4470198241337924,0.05974238513870245,1.35322399505718,-0.03405344393790988,1.4009834573310394,0.013706018335949421,1.3827248800339087,-0.00455255896118123
E01026348,E01026348,South Kesteven 015F,South Kesteven,1,2021,0.483781080709905,0.193841957447226,-0.22161662496526502,-0.02777466751803903,-0.511555748227944,0.4025800371223718,-0.08120104358753322,0.4213213640678657,-0.06245971664203931,0.4663906271761366,-0.01739045353376839
E01026349,E01026349,South Kesteven 016A,South Kesteven,1,2021,0.353365196805444,0.150169936451195,-0.022427600380477003,0.127742336070718,-0.22562286073472598,0.41877413606567193,0.06540893926022795,0.3196460598537811,-0.0337191369516629,0.3561751956834951,0.002809998878051112
E01026350,E01026350,South Kesteven 016B,South Kesteven,1,2021,0.615192705871769,0.670278852114424,0.02629448841506199,0.6965733405294859,0.08138063465771694,0.8104552507703016,0.19526254489853256,0.8009493567465659,0.18575665087479687,0.8078074766974013,0.19261477082563228
E01026351,E01026351,South Kesteven 016C,South Kesteven,1,2021,0.565785784015388,0.502206767294638,0.090833963815731,0.5930407311103689,0.027254947094980886,0.6187388061281576,0.05295302211276953,0.5971875175405004,0.03140173352511233,0.5942087831374678,0.028422999122079795
E01026352,E01026352,South Kesteven 003E,South Kesteven,1,2021,1.02423550518439,0.726854821421978,0.263368418729746,0.9902232401517239,-0.03401226503266619,0.8427678026043468,-0.1814677025800433,0.9032868180016448,-0.12094868718274532,0.8580638284068425,-0.16617167677754763
E01026353,E01026353,South Kesteven 003F,South Kesteven,1,2021,1.78180449784465,1.96907985272146,-0.33699146866590013,1.6320883840555598,-0.1497161137890901,2.150066925517916,0.368262427673266,1.9578705945905022,0.17606609674585227,2.184664977639734,0.4028604797950843
E01026354,E01026354,South Kesteven 003G,South Kesteven,1,2021,0.620126686859286,0.680794703656671,0.39051735436119606,1.0713120580178672,0.45118537115858126,0.7320785235931777,0.11195183673389175,0.6837928739423,0.06366618708301408,0.6504661855466405,0.030339498687354527
E01026355,E01026355,South Kesteven 002C,South Kesteven,1,2021,-0.0025544343325705,-0.491647895425779,-0.11105137568241402,-0.6026992711081931,-0.6001448367756226,-0.24220543440909537,-0.23965100007652487,-0.23607664197027073,-0.23352220763770024,-0.2488083160195467,-0.2462538816869762
E01026356,E01026356,South Kesteven 016D,South Kesteven,1,2021,0.0890883893208668,-0.0259913218013504,0.11698709474253259,0.09099577294118219,0.0019073836203153949,0.2193429341863838,0.130254544865517,0.1801859552419003,0.09109756592103349,0.16521783846336544,0.07612944914249864
E01026357,E01026357,South Kesteven 016E,South Kesteven,1,2021,0.0826575560923536,0.0316384479396827,0.2660883134821167,0.2977267614217994,0.2150692053294458,0.16082593838921125,0.07816838229685764,0.098018423695698,0.015360867603344402,0.15527353842580446,0.07261598233345086
E01026358,E01026358,South Kesteven 016F,South Kesteven,1,2021,-0.100317001434952,-0.016024134679634,0.372842200718008,0.356818066038374,0.457135067473326,0.15743423070162432,0.2577512321365763,0.13425612189746347,0.23457312333241548,0.14269343698716735,0.24301043842211933
E01026359,E01026359,South Kesteven 016G,South Kesteven,1,2021,-0.0983838517555905,-0.0949260175054934,0.16813008837885862,0.07320407087336522,0.17158792262895572,0.1286325478053512,0.2270163995609417,0.07840970435604226,0.17679355611163278,0.07794586606319134,0.17632971781878184
E01026360,E01026360,South Kesteven 012B,South Kesteven,1,2021,0.430843960842755,0.294034939259823,0.09878659104000498,0.39282153029982797,-0.03802243054292703,0.4362450964970171,0.00540113565426209,0.4411299822359003,0.010286021393145273,0.4164859222178039,-0.014358038624951108
E01026361,E01026361,South Kesteven 008D,South Kesteven,1,2021,1.29907901830348,1.07029303449949,0.17374467173519315,1.2440377062346832,-0.0550413120687967,1.1436621459280414,-0.15541687237543855,1.1946780386675784,-0.10440097963590156,1.1695819779482128,-0.1294970403552671
E01026362,E01026362,South Kesteven 012C,South Kesteven,1,2021,0.257769426387991,0.20084731760994,-0.03407682427599798,0.16677049333394203,-0.09099893305404896,0.45145897677416363,0.19368955038617264,0.3967847631530537,0.13901533676506272,0.36480103532609076,0.10703160893809976
E01026363,E01026363,South Kesteven 012D,South Kesteven,1,2021,0.742886729913645,0.770351354099659,0.47938940988455003,1.249740763984209,0.5068540340705641,0.794237008561128,0.05135027864748298,0.7434305557598511,0.0005438258462060475,0.6883938464698867,-0.054492883443758355
E01026364,E01026364,South Kesteven 012E,South Kesteven,1,2021,0.522793378018496,0.0463058009754291,-0.022733698418212607,0.023572102557216493,-0.49922127546127953,0.29644014505752975,-0.22635323296096627,0.330925529702311,-0.19186784831618503,0.28092300579214524,-0.24187037222635077
E01026365,E01026365,South Kesteven 002D,South Kesteven,1,2021,-0.0849891374376633,-0.520188439716083,0.035147478065626014,-0.48504096165045696,-0.40005182421279367,-0.29309734207284377,-0.20810820463518048,-0.26024728995950347,-0.17525815252184018,-0.27588905002189346,-0.19089991258423017
E01026366,E01026366,West Lindsey 011A,West Lindsey,1,2021,0.143691557814275,0.0539114806924974,0.24415957106968542,0.2980710517621828,0.1543794939479078,0.24245662267596646,0.09876506486169145,0.23369617662834433,0.09000461881406932,0.22880976867581715,0.08511821086154214
E01026367,E01026367,West Lindsey 001A,West Lindsey,1,2021,0.93223895246879,0.343197756491487,-0.20251103067074805,0.14068672582073893,-0.791552226648051,0.6621331912207306,-0.2701057612480594,0.6690375317744113,-0.2632014206943787,0.6188889849553114,-0.31334996751347854
E01026368,E01026368,West Lindsey 001B,West Lindsey,1,2021,-0.0502271806491015,-0.210194884711622,0.226820800696858,0.016625915985235995,0.0668530966343375,-0.06987107322999432,-0.019643892580892823,-0.1442550799589601,-0.09402789930985858,-0.12022800218138155,-0.07000082153228004
E01026369,E01026369,West Lindsey 011B,West Lindsey,1,2021,0.919643084432146,1.21773737566916,-0.03996377728766998,1.17777359838149,0.25813051394934405,1.412050323872804,0.4924072394406579,1.4305599838471847,0.5109168994150387,1.420171915374239,0.5005288309420929
E01026370,E01026370,West Lindsey 011C,West Lindsey,1,2021,0.764825261900538,0.544432749974732,0.01600232054371198,0.560435070518444,-0.20439019138209402,0.7302470021060248,-0.03457825979451323,0.7096039768654673,-0.05522128503507073,0.7655120629017786,0.0006868010012406334
E01026371,E01026371,West Lindsey 011D,West Lindsey,1,2021,0.945351522866551,0.537942383963463,0.28765244872958196,0.8255948326930449,-0.1197566901735061,0.6304382247332484,-0.3149132981333026,0.47400706436619233,-0.47134445850035867,0.49693509270913777,-0.4484164301574132
E01026372,E01026372,West Lindsey 008A,West Lindsey,1,2021,0.479609643679739,0.316983381157852,0.07148498340744003,0.38846836456529205,-0.09114127911444697,0.5217441456956573,0.042134502015918285,0.5496874819601978,0.07007783828045877,0.5614734891043831,0.08186384542464409
E01026373,E01026373,West Lindsey 011E,West Lindsey,1,2021,1.09333420539861,0.840738356115619,0.10570898092971703,0.946447337045336,-0.14688686835327391,0.9915681831539424,-0.10176602224466758,0.9430407652186897,-0.1502934401799202,0.9838430886723426,-0.10949111672626732
E01026374,E01026374,West Lindsey 006A,West Lindsey,1,2021,1.83925303349407,1.19613672478774,-0.23719412866536005,0.9589425961223799,-0.8803104373716901,1.4452591986852004,-0.3939938348088696,1.3257364392789897,-0.5135165942150803,1.3717786702103467,-0.46747436328372327
E01026375,E01026375,West Lindsey 006B,West Lindsey,1,2021,2.4198269766963,2.54828139868175,0.3707336457232602,2.9190150444050103,0.4991880677087104,2.5911163805115502,0.17128940381525037,2.5308113215949213,0.11098434489862141,2.121945159021708,-0.2978818176745919
E01026376,E01026376,West Lindsey 006C,West Lindsey,1,2021,1.93652827579528,1.67652114202778,0.12620375244867987,1.8027248944764598,-0.1338033813188202,1.7608475220310742,-0.17568075376420578,1.8554326187561347,-0.08109565703914523,1.7805186724773119,-0.1560096033179681
E01026377,E01026377,West Lindsey 006D,West Lindsey,1,2021,1.76418970030598,1.43821071308565,0.2419323013038801,1.6801430143895302,-0.08404668591644993,1.5623952117673607,-0.20179448853861937,1.5922757448796958,-0.1719139554262843,1.6258178922967963,-0.1383718080091838
E01026378,E01026378,West Lindsey 004A,West Lindsey,1,2021,1.37200903372789,1.28333883066929,0.015120737043570198,1.2984595677128603,-0.07354946601502976,1.387883722339908,0.015874688612018018,1.2152619332248984,-0.15674710050299168,1.2608208589074599,-0.1111881748204302
E01026379,E01026379,West Lindsey 004B,West Lindsey,1,2021,1.3837662951644,1.12789029498051,0.17657818813151605,1.3044684831120261,-0.07929781205237396,1.2720157778411203,-0.11175051732327979,1.359953527243033,-0.023812767921367106,1.3348784097734303,-0.048887885390969776
E01026380,E01026380,West Lindsey 002A,West Lindsey,1,2021,1.13376153348804,1.00925023868085,0.12210724537399698,1.1313574840548468,-0.0024040494331931672,1.1278297451854429,-0.005931788302597107,1.2866611204206049,0.1528995869325649,1.1788870288098696,0.045125495321829634
E01026381,E01026381,West Lindsey 004C,West Lindsey,1,2021,2.17113024226041,1.12634672429871,-0.2940989215841301,0.8322478027145799,-1.3388824395458303,1.4222841200324465,-0.7488461222279637,1.2974877385423182,-0.8736425037180919,1.2635377309601339,-0.9075925113002763
E01026382,E01026382,West Lindsey 004D,West Lindsey,1,2021,2.42546684682618,2.05589433975499,-0.02058266823279009,2.0353116715221997,-0.39015517530398025,2.184174570584787,-0.24129227624139293,1.8936450580508843,-0.5318217887752956,2.159687343009713,-0.265779503816467
E01026383,E01026383,West Lindsey 004E,West Lindsey,1,2021,2.34295520863306,1.926433531653,0.027321013107930003,1.95375454476093,-0.38920066387213015,2.132921107224646,-0.21003410140841394,1.9721154951769324,-0.37083971345612765,2.181829723289385,-0.1611254853436752
E01026384,E01026384,West Lindsey 004F,West Lindsey,1,2021,2.44596128355191,1.88191619176302,-0.18373506055629996,1.69818113120672,-0.7477801523451899,2.1170276492211078,-0.32893363433080225,2.020040960115791,-0.42592032343611885,2.162176021373141,-0.28378526217876887
E01026385,E01026385,West Lindsey 005A,West Lindsey,1,2021,0.33197587397841,0.188870714105152,-0.04685195838718201,0.14201875571796999,-0.18995711826044,0.43349830665913325,0.10152243268072325,0.3703094175875696,0.03833354360915958,0.3556887489372878,0.023712874958877805
E01026386,E01026386,West Lindsey 005B,West Lindsey,1,2021,1.04703589147695,0.487980711882594,-0.207515933023055,0.280464778859539,-0.766571112617411,0.8031287280756452,-0.2439071634013048,0.7713714131981994,-0.2756644782787506,0.7659265488122159,-0.2811093426647341
E01026387,E01026387,West Lindsey 001C,West Lindsey,1,2021,0.135427385076402,-0.187333279162565,0.09591198651202301,-0.091421292650542,-0.226848677726944,0.004051415876586625,-0.13137596919981537,-0.02319943845953432,-0.15862682353593632,-0.013186991765144766,-0.14861437684154677
E01026388,E01026388,West Lindsey 007A,West Lindsey,1,2021,0.618435843644459,0.877572936248174,0.488122094386662,1.365695030634836,0.7472591869903771,0.8931779327857765,0.2747420891413175,0.9269782124964188,0.30854236885195974,0.8922213823403183,0.2737855386958593
E01026389,E01026389,West Lindsey 003A,West Lindsey,1,2021,1.16434724222895,1.18014602844716,-0.10173419985960996,1.0784118285875501,-0.0859354136413999,1.3799668658407631,0.21561962361181308,1.2477645901210255,0.08341734789207544,1.3770603330514894,0.21271309082253942
E01026390,E01026390,West Lindsey 003B,West Lindsey,1,2021,1.09104569853837,0.715814752215454,-0.15825838756531496,0.557556364650139,-0.533489333888231,0.9601490800471326,-0.13089661849123746,1.0522199647357946,-0.03882573380257548,1.0571088879047172,-0.033936810633652836
E01026391,E01026391,West Lindsey 003C,West Lindsey,1,2021,0.447322577456132,0.33303312328035,0.4231410965139152,0.7561742197942651,0.3088516423381331,0.4350640170622197,-0.012258560393912321,0.3985308952197256,-0.0487916822364064,0.40704505340364266,-0.040277524052489355
E01026392,E01026392,West Lindsey 003D,West Lindsey,1,2021,0.448022763159131,0.308126911942122,0.268228949289514,0.576355861231636,0.12833309807250498,0.4485416669162565,0.0005189037571255439,0.4180222571560207,-0.030000506003110272,0.43401950779662896,-0.01400325536250202
E01026393,E01026393,West Lindsey 010A,West Lindsey,1,2021,0.580213378106709,0.463504903296096,-0.050936388453152015,0.412568514842944,-0.16764486326376504,0.6654656724734681,0.08525229436675907,0.6959639375987038,0.11575055949199475,0.7674114945873395,0.18719811648063045
E01026394,E01026394,West Lindsey 010B,West Lindsey,1,2021,0.761447320387765,0.597915043171388,0.15929455490113298,0.757209598072521,-0.004237722315243997,0.7350264690127559,-0.026420851375009047,0.7483316296525109,-0.013115690735254093,0.7881698529621339,0.026722532574368962
E01026395,E01026395,West Lindsey 010C,West Lindsey,1,2021,0.788244911242464,0.700309499513665,0.33801878304371097,1.0383282825573759,0.2500833713149119,0.7774383993834257,-0.010806511859038248,0.8509657814584668,0.06272087021600281,0.8178903014453589,0.029645390202894917
E01026396,E01026396,West Lindsey 009A,West Lindsey,1,2021,0.337833858891242,0.20701209844995,-0.076998018585264,0.130014079864686,-0.20781977902655602,0.4350613377597032,0.09722747886846117,0.3907181800237959,0.05288432113255387,0.437582243275076,0.09974838438383399
E01026397,E01034706,West Lindsey 009E,West Lindsey,1,2021,0.625049175006317,0.362024470501942,-0.005393491979799048,0.3566309785221429,-0.26841819648417403,0.5783537533823376,-0.04669542162397933,0.786141469679197,0.16109229467288,0.688141969005022,0.06309279399870504
E01026398,E01026398,West Lindsey 009C,West Lindsey,1,2021,0.643942488415041,0.322409715389479,-0.11914990554342503,0.20325980984605396,-0.440682678568987,0.5560067949565642,-0.08793569345847674,0.7114487403913995,0.06750625197635851,0.6433502188363471,-0.0005922695786938492
E01026399,E01026399,West Lindsey 005C,West Lindsey,1,2021,0.810221390364122,0.917837526576723,0.582249660811067,1.50008718738779,0.6898657970236679,0.9178352521749128,0.1076138618107908,0.7965488964932098,-0.013672493870912183,0.893018408150145,0.082797017786023
E01026400,E01026400,West Lindsey 009D,West Lindsey,1,2021,0.270202690837724,0.425495025335263,0.32530928729375,0.750804312629013,0.480601621791289,0.5466898435940417,0.2764871527563177,0.5606758289404437,0.29047313810271963,0.5546406260379323,0.28443793520020827
E01026401,E01026401,West Lindsey 002B,West Lindsey,1,2021,0.469898602059297,0.294109893794125,-0.027270762588570974,0.266839131205554,-0.20305947085374298,0.5045406902857559,0.03464208822645887,0.4545826466672579,-0.015315955392039116,0.4666119332413241,-0.0032866688179729042
E01026402,E01026402,West Lindsey 002C,West Lindsey,1,2021,0.510069986923355,0.636464169132683,0.204266463117104,0.840730632249787,0.3306606453264319,0.7405511063915928,0.2304811194682378,0.6834663341564506,0.1733963472330956,0.6302038641589466,0.12013387723559155
E01026403,E01026403,West Lindsey 002D,West Lindsey,1,2021,0.99037868073661,0.848414711857961,0.20899360395962108,1.057408315817582,0.06702963508097204,1.038246607466624,0.04786792673001394,1.2281580690017484,0.23777938826513845,1.1964313725494102,0.20605269181280028
E01026404,E01026404,West Lindsey 007B,West Lindsey,1,2021,1.03859292385249,0.759605370739411,0.11023360272949101,0.869838973468902,-0.16875395038358798,0.876657019930756,-0.16193590392173407,0.8756669144548104,-0.16292600939767965,0.8523674319239956,-0.18622549192849447
E01026405,E01026405,West Lindsey 010D,West Lindsey,1,2021,0.796553810101762,0.237949945626176,-0.005960320364574001,0.231989625261602,-0.5645641848401599,0.4638598123254987,-0.33269399777626324,0.4017605910164026,-0.39479321908535936,0.435598510019976,-0.36095530008178595
E01026406,E01026406,West Lindsey 010E,West Lindsey,1,2021,0.525141008257296,0.414401820681268,-0.02421604710798997,0.39018577357327805,-0.134955234684018,0.6072926319906824,0.08215162373338636,0.6848777042310266,0.15973669597373052,0.617509335981494,0.09236832772419801
E01026407,E01026407,West Lindsey 002E,West Lindsey,1,2021,0.733598830237674,0.750930896432868,0.40678002314402506,1.157710919576893,0.42411208933921907,0.8450109072074244,0.11141207696975042,0.8698866093614319,0.1362877791237579,0.8346265409669346,0.10102771072926053
E01026408,E01026408,West Lindsey 002F,West Lindsey,1,2021,1.60794425540477,1.17319863607084,-0.27226827823131994,0.90093035783952,-0.70701389756525,1.4183929705383016,-0.18955128486646844,1.3652350359847134,-0.24270921942005663,1.349624338040301,-0.258319917364469
E01026409,E01026409,West Lindsey 007C,West Lindsey,1,2021,0.479866879593506,0.281225064247575,0.050681145320041976,0.33190620956761696,-0.14796067002588903,0.45051112039909824,-0.02935575919440775,0.39567598196065445,-0.08419089763285154,0.38948391604361277,-0.09038296354989322
E01026410,E01026410,West Lindsey 007D,West Lindsey,1,2021,0.80829101969536,0.815021598887958,0.20549708699839098,1.020518685886349,0.2122276661909891,0.9058485041694664,0.09755748447410639,0.8652186238887505,0.05692760419339049,0.8486085734712441,0.040317553775884085
E01026411,E01026411,West Lindsey 005D,West Lindsey,1,2021,0.436263380536691,0.454719635949773,0.16533923881346002,0.620058874763233,0.18379549422654196,0.6208993606135054,0.18463598007681437,0.7496548785456134,0.3133914980089224,0.7310082292537771,0.29474484871708606
E01026412,E01026412,West Lindsey 008B,West Lindsey,1,2021,0.381573330190661,0.486948323610691,0.13424796803899303,0.621196291649684,0.23962296145902306,0.6799333668981272,0.29836003670746625,0.6850547832939357,0.3034814531032747,0.7398125632326724,0.35823923304201144
E01026413,E01026413,West Lindsey 008C,West Lindsey,1,2021,0.300277405461676,0.319007550390024,0.3022046394477803,0.6212121898378042,0.32093478437612827,0.4693434477028656,0.16906604224118965,0.46765926972492444,0.16738186426324847,0.4802955386981719,0.1800181332364959
E01026414,E01026414,West Lindsey 008D,West Lindsey,1,2021,0.394261693544971,0.0213044115943068,-0.027867335637583,-0.0065629240432762,-0.40082461758824717,0.29453131201958765,-0.09973038152538333,0.30220164186979226,-0.09206005167517872,0.29472634061371206,-0.09953535293125892
E01026415,E01026415,West Lindsey 003E,West Lindsey,1,2021,0.72285013413292,0.234675393447012,-0.167325786272345,0.06734960717466698,-0.655500526958253,0.48382624188447754,-0.23902389224844245,0.42995894637774795,-0.29289118775517203,0.4219196619104107,-0.3009304722225093
E01026416,E01026416,West Lindsey 001D,West Lindsey,1,2021,1.19612615240805,0.148112887468362,-0.03361742265616602,0.11449546481219597,-1.0816306875958541,0.423830390056623,-0.772295762351427,0.3647068668204202,-0.8314192855876298,0.36265525318730707,-0.8334708992207429
E01032683,E01032683,West Lindsey 001G,West Lindsey,1,2021,0.0895654147811696,-0.0968270837616567,0.03880760087067929,-0.058019482890977414,-0.147584897672147,0.14559033962141124,0.056024924840241644,0.08671129911004644,-0.0028541156711231613,0.0912410292072951,0.0016756144261255018
E01032986,E01032986,East Lindsey 004D,East Lindsey,1,2021,1.72355453526662,0.83858233237675,-0.8427136703127,-0.004131337935949997,-1.72768587320257,1.2689605730748974,-0.45459396219172254,1.3094406133867793,-0.41411392187984064,1.228710330937824,-0.49484420432879594
E01032987,E01032987,East Lindsey 004E,East Lindsey,1,2021,1.13734639582462,1.03838474963689,0.11297073262383106,1.1513554822607213,0.014009086436101326,1.2379926085697854,0.1006462127451655,1.4034425261979953,0.2660961303733753,1.373276352029509,0.2359299562048891
E01032988,E01032988,North Kesteven 013B,North Kesteven,1,2021,0.73663174332024,0.782770547192108,-0.07095307689172392,0.7118174703003841,-0.024814273019855837,0.9588421912402666,0.22221044792002664,0.9083931862801219,0.17176144295988194,0.9300438412902813,0.19341209797004133
E01032989,E01032989,North Kesteven 013C,North Kesteven,1,2021,0.955281126443445,0.520618330669224,0.11061793446206802,0.631236265131292,-0.32404486131215293,0.6769216776921538,-0.27835944875129115,0.6938233690841125,-0.2614577573593325,0.748381930072977,-0.20689919637046794
E01032990,E01034693,North Kesteven 003I,North Kesteven,1,2021,0.168851339660764,-0.155656106451099,0.153656513934059,-0.0019995925170400164,-0.170850932177804,0.028706331343600275,-0.1401450083171637,0.003911994118732629,-0.16493934554203135,-0.04497909719350589,-0.2138304368542699
E01032991,E01032991,North Kesteven 014E,North Kesteven,1,2021,0.93614274331697,0.509982393074437,-0.01956790059371294,0.4904144924807241,-0.4457282508362459,0.7250112553710567,-0.2111314879459133,0.6833211845278675,-0.2528215587891025,0.7518044423693157,-0.18433830094765435
E01032992,E01032992,North Kesteven 014F,North Kesteven,1,2021,1.33089611403434,0.834123539832083,-0.1956378975571771,0.6384856422749059,-0.6924104717594342,1.037017065376572,-0.29387904865776804,1.0082716836946042,-0.32262443033973587,1.008615146383055,-0.322280967651285
E01032993,E01032993,North Kesteven 013D,North Kesteven,1,2021,0.607265594594924,0.449461027162051,0.216298107893934,0.665759135055985,0.05849354046106103,0.5546124453143549,-0.05265314928056908,0.4977945789884574,-0.1094710156064666,0.4802146342916499,-0.12705096030327412
E01032994,E01032994,North Kesteven 003H,North Kesteven,1,2021,0.542315569557043,0.415419906407311,0.3256847904420948,0.7411046968494058,0.19878912729236287,0.49455646829938954,-0.047759101257653425,0.5508374124114648,0.008521842854421813,0.5411595733220711,-0.0011559962349718678
E01032995,E01032995,South Holland 006F,South Holland,1,2021,0.463117126419296,0.456021340553304,-0.10447752048548997,0.35154382006781404,-0.11157330635148194,0.6093282837293872,0.1462111573100912,0.7059797630712547,0.24286263665195867,0.6348480776796065,0.17173095126031052
E01032996,E01032996,South Holland 006G,South Holland,1,2021,0.157481760839517,0.0589888395983663,-0.19533079117328667,-0.13634195157492035,-0.2938237124144374,0.33550468574206427,0.17802292490254726,0.42715501355185687,0.2696732527123399,0.4023398104396972,0.24485804960018018
E01032997,E01032997,South Kesteven 011E,South Kesteven,1,2021,1.04266956797477,0.849252535208786,0.08206324349237093,0.9313157787011569,-0.11135378927361306,1.0774093447763426,0.0347397768015727,1.3314219356062322,0.2887523676314623,1.2509263303308675,0.20825676235609758
E01032998,E01032998,South Kesteven 011F,South Kesteven,1,2021,0.295507068244422,0.435573499695488,0.47968511184640206,0.91525861154189,0.6197515432974681,0.5082021860964748,0.2126951178520528,0.4884040960396899,0.19289702779526785,0.4904606279157622,0.1949535596713402
E01032999,E01032999,South Kesteven 011G,South Kesteven,1,2021,0.643243834762692,0.573152054346482,0.45363281183794296,1.026784866184425,0.383541031421733,0.6706725545356931,0.027428719773001098,0.6158019913300641,-0.0274418434326279,0.6842373143151346,0.04099347955244259
E01026006,E01034681,Boston 003E,Boston,1,2022,0.842870994489105,0.543013599654348,0.24009279924882704,0.783106398903175,-0.05976459558592995,0.7238915958853496,-0.11897939860375539,0.7479012813588278,-0.09496971313027713,0.7478297040890262,-0.0950412904000788
E01026007,E01026007,Boston 001A,Boston,1,2022,0.770657473144537,0.279106113573203,0.06991559170635697,0.34902170527955995,-0.4216357678649771,0.5114564676401875,-0.25920100550434955,0.4248941358470193,-0.34576333729751774,0.4995254694550215,-0.2711320036895155
E01026008,E01026008,Boston 001B,Boston,1,2022,0.911751258836643,0.262744298578305,-0.25245071022125903,0.010293588357045969,-0.901457670479597,0.6243036161660033,-0.2874476426706397,0.5477425806498506,-0.3640086781867924,0.6171219595624604,-0.2946292992741826
E01026009,E01026009,Boston 001C,Boston,1,2022,0.717822189311475,0.718583293472933,0.08185172791524309,0.8004350213881761,0.08261283207670111,0.9527022214192692,0.23488003210779418,1.0442523133857695,0.3264301240742945,1.0042990632593616,0.28647687394788657
E01026010,E01026010,Boston 002A,Boston,1,2022,1.26651825814216,1.28197265568727,0.3539519037849279,1.6359245594721978,0.36940630133003793,1.3657672359478301,0.09924897780567021,1.5045097452769745,0.23799148713481455,1.5178568439313977,0.25133858578923784
E01026011,E01034679,Boston 002F,Boston,1,2022,0.625194314142683,0.738637925997887,0.445283121995652,1.1839210479935391,0.5587267338508561,0.8344668433207878,0.2092725291781048,0.8740604696228931,0.24886615548021007,0.8215084090154707,0.19631409487278773
E01026012,E01026012,Boston 004A,Boston,1,2022,1.09824843589454,1.26257151127389,0.766642181392014,2.029213692665904,0.9309652567713642,1.3257907263965973,0.22754229050205743,1.22165592189481,0.12340748600027007,1.3321514191780284,0.23390298328348846
E01026013,E01026013,Boston 008A,Boston,1,2022,0.0925314712091102,0.464768301681928,0.24926893236765202,0.71403723404958,0.6215057628404698,0.6053664597846536,0.5128349885755434,0.5722392253990696,0.47970775418995937,0.5720380129425965,0.4795065417334863
E01026014,E01026014,Boston 008B,Boston,1,2022,0.725972059302271,0.536361639269075,0.4714581374901048,1.0078197767591797,0.2818477174569086,0.6392379967657142,-0.0867340625365568,0.5228136118972632,-0.20315844740500788,0.5414912876401367,-0.1844807716621344
E01026015,E01026015,Boston 004B,Boston,1,2022,0.334800949924095,0.673145675870246,0.5754671366135578,1.2486128124838038,0.9138118625597089,0.6714371855731713,0.33663623564907635,0.5675970667661714,0.2327961168420764,0.5631734313373576,0.22837248141326266
E01026016,E01026016,Boston 006A,Boston,1,2022,1.04850101551059,0.848922775976653,0.229013819432764,1.077936595409417,0.029435579898827058,0.9644124790267227,-0.08408853648386738,0.8929142157991824,-0.15558679971140765,0.9099135128841565,-0.1385875026264336
E01026017,E01026017,Boston 007A,Boston,1,2022,1.11582748673033,0.804245073649804,0.024991633363319,0.829236707013123,-0.2865907797172069,1.043664839299003,-0.07216264743132683,1.3118709487608207,0.19604346203049072,1.1973897526808972,0.08156226595056726
E01026018,E01026018,Boston 007B,Boston,1,2022,1.25138530161008,0.879873469356857,0.361130110044799,1.241003579401656,-0.010381722208423927,1.0018106046870094,-0.24957469692307055,0.9560195167666603,-0.2953657848434197,0.9828365798482072,-0.26854872176187283
E01026019,E01026019,Boston 007C,Boston,1,2022,0.966095923885559,0.97369075379094,0.4298348242060579,1.403525577996998,0.43742965411143897,1.0228659631290655,0.05677003924350654,0.9086575819570194,-0.05743834192853958,0.9282299761765034,-0.0378659477090556
E01026020,E01026020,Boston 007D,Boston,1,2022,0.668559018366786,0.828378321906672,0.573151881761052,1.4015302036677242,0.7329711853009382,0.9136493885820347,0.2450903702152487,0.9073084854258592,0.23874946705907318,0.8874745895774349,0.21891557121064886
E01026021,E01026021,Boston 003B,Boston,1,2022,2.65566662896974,2.28032628486816,1.1953702438404799,3.4756965287086397,0.8200298997388997,2.004928122960642,-0.6507385060090978,1.5178891481577685,-1.1377774808119714,1.9293694424392283,-0.7262971865305117
E01026022,E01026022,Boston 008C,Boston,1,2022,-0.005831558190282,0.401811727362478,0.27674508843241397,0.678556815794892,0.684388373985174,0.5807787658227204,0.5866103240130024,0.6412479309450759,0.647079489135358,0.6664740808216474,0.6723056390119294
E01026023,E01026023,Boston 001D,Boston,1,2022,0.731016705156051,0.704392094522088,-0.6887557341412721,0.01563636038081584,-0.7153803447752352,1.1199381120874425,0.38892140693139154,1.131251777962218,0.400235072806167,1.124461276458587,0.3934445713025361
E01026024,E01026024,Boston 001E,Boston,1,2022,0.923085417241151,0.694949543564598,-0.14285517765224598,0.5520943659123521,-0.37099105132879895,0.9385654012356903,0.015479983994539315,0.9506669673642127,0.027581550123061738,0.8929800407656165,-0.030105376475534462
E01026025,E01026025,Boston 003C,Boston,1,2022,0.717704899025005,0.627837503435243,0.46526423708419307,1.093101740519436,0.3753968414944311,0.716264404163723,-0.00144049486128206,0.6709311956149233,-0.04677370341008169,0.7007613986221045,-0.01694350040290049
E01026026,E01026026,Boston 004C,Boston,1,2022,1.07481677921851,1.14774351707017,0.505383713960298,1.653127231030468,0.5783104518119582,1.1841948291728892,0.10937804995437928,1.3061215707795577,0.23130479156104777,1.2113416933416035,0.13652491412309353
E01026027,E01026027,Boston 004D,Boston,1,2022,0.576258005437366,0.236307474553188,0.061629871971077,0.297937346524265,-0.27832065891310104,0.500692109252448,-0.07556589618491805,0.3879146441504656,-0.18834336128690043,0.46178932160529307,-0.11446868383207298
E01026028,E01026028,Boston 004E,Boston,1,2022,1.12784020375247,0.889327983536554,-0.020393524479770053,0.8689344590567839,-0.25890574469568606,1.09826307467105,-0.02957712908141996,1.2867246425762053,0.15888443882373537,1.2148877561171705,0.08704755236470052
E01026029,E01034683,Boston 009E,Boston,1,2022,0.715854420767058,0.543857617652634,0.37514084192868496,0.918998459581319,0.20314403881426102,0.7232054977377002,0.00735107697064219,0.7589658279274784,0.04311140716042039,0.7387343038697809,0.02287988310272293
E01026030,E01026030,Boston 002C,Boston,1,2022,1.56811141934097,1.7071024079041,0.8571129257765809,2.5642153336806808,0.9961039143397108,1.6417496427685665,0.07363822342759652,1.3831731725502534,-0.18493824679071658,1.372233060090772,-0.19587835925019803
E01026031,E01026031,Boston 009B,Boston,1,2022,1.74778983417582,1.47879494579122,0.611837578309596,2.090632524100816,0.3428426899249959,1.4491706900109795,-0.2986191441648405,1.4318679785729955,-0.3159218556028245,1.260059091310673,-0.48773074286514695
E01026032,E01026032,Boston 002D,Boston,1,2022,0.659775355498692,0.396160131591681,0.5822999883833619,0.9784601199750429,0.31868476447635086,0.45416517515648486,-0.20561018034220718,0.5045895920970097,-0.15518576340168233,0.4827513312477554,-0.17702402425093666
E01026033,E01026033,Boston 006B,Boston,1,2022,0.651363020651434,1.05224446945148,0.34196097855616214,1.3942054480076422,0.7428424273562082,1.114924768048596,0.46356174739716205,1.047096751410888,0.39573373075945395,1.0417459115693974,0.3903828909179634
E01026034,E01026034,Boston 006C,Boston,1,2022,1.04896595588402,0.840904348975438,0.07827960853351201,0.91918395750895,-0.1297819983750701,1.0551568604552262,0.0061909045712060795,1.3428911767061942,0.2939252208221741,1.2494113607281265,0.20044540484410645
E01026035,E01026035,Boston 009C,Boston,1,2022,0.377004312723357,0.196432571788398,0.44503180117777,0.641464372966168,0.264460060242811,0.3089376324549742,-0.0680666802683828,0.2893364257964271,-0.0876678869269299,0.2774705003954173,-0.09953381232793967
E01026036,E01026036,Boston 003D,Boston,1,2022,0.967357542609867,0.737463769607328,0.08972030523401797,0.8271840748413459,-0.14017346776852102,0.8730782654513592,-0.0942792771585077,0.8805452755972176,-0.08681226701264932,0.8427528805833141,-0.12460466202655285
E01026037,E01026037,Boston 002E,Boston,1,2022,1.46451517780169,1.16204638416296,0.492550842356157,1.6545972265191171,0.19008204871742707,1.2383544089354352,-0.2261607688662548,1.3174145180004546,-0.14710065980123543,1.242501851239293,-0.22201332656239714
E01026038,E01026038,Boston 008D,Boston,1,2022,0.520038171735271,0.369449066667294,0.09994816514513999,0.469397231812434,-0.050640939922837025,0.5533732589203562,0.033335087185085155,0.48724440607130015,-0.03279376566397085,0.48155693394511917,-0.038481237790151834
E01026039,E01026039,Boston 009D,Boston,1,2022,0.915807502703032,0.513509880039854,-0.39594631714930306,0.11756356289055092,-0.7982439398124811,0.7722723680395857,-0.14353513466344636,0.6940516491115015,-0.2217558535915305,0.7296017776795825,-0.18620572502344956
E01026040,E01026040,Boston 008E,Boston,1,2022,1.54420286020275,1.25607266461705,1.006303650622322,2.262376315239372,0.7181734550366221,1.139891639599771,-0.4043112206029791,1.121173272185319,-0.42302958801743107,1.0421989634204152,-0.5020038967823348
E01026041,E01026041,Boston 007E,Boston,1,2022,1.54975109702668,0.868455270261735,-0.009282957024356997,0.859172313237378,-0.6905787837893019,1.1686654748719427,-0.3810856221547372,1.300174078531304,-0.24957701849537584,1.3297432409756034,-0.22000785605107653
E01026042,E01026042,East Lindsey 008A,East Lindsey,1,2022,1.15462274549064,0.816626882132914,0.08500730323470096,0.901634185367615,-0.25298856012302495,1.0274705700751485,-0.1271521754154914,1.2414302314871164,0.08680748599647647,1.1735969405220588,0.01897419503141884
E01026043,E01026043,East Lindsey 008B,East Lindsey,1,2022,1.01955291839322,0.887319241395488,0.436369774925229,1.3236890163207171,0.3041360979274972,1.0017935255851655,-0.017759392808054386,0.9558667093600903,-0.0636862090331296,1.026643283552173,0.007090365158953116
E01026044,E01026044,East Lindsey 008C,East Lindsey,1,2022,1.33133007297547,0.870232747444083,0.22471456982550797,1.094947317269591,-0.23638275570587908,1.0042583324850307,-0.3270717404904393,0.9513064330170409,-0.38002363995842914,0.9887718052098368,-0.34255826776563325
E01026045,E01026045,East Lindsey 001A,East Lindsey,1,2022,0.846216839284028,0.643113411386072,0.11668564136867698,0.759799052754749,-0.086417786529279,0.8654589991241328,0.0192421598401048,0.919648568888795,0.07343172960476696,0.9135397262143059,0.06732288693027788
E01026046,E01026046,East Lindsey 013A,East Lindsey,1,2022,1.50093335881929,1.2319909143022,0.006442279995090061,1.2384331942972902,-0.26250016452199976,1.4250979001456974,-0.07583545867359254,1.4432879918695003,-0.05764536694978961,1.4222831645162746,-0.07865019430301534
E01026047,E01026047,East Lindsey 013B,East Lindsey,1,2022,1.64233977257605,1.51679803821247,0.6154785110468239,2.132276549259294,0.4899367766832441,1.4884472443669383,-0.1538925282091117,1.4001076291452983,-0.24223214343075172,1.3098269597940178,-0.33251281278203226
E01026048,E01026048,East Lindsey 010A,East Lindsey,1,2022,3.69090020416537,3.41635929590381,1.44093071591481,4.85729001181862,1.1663898076532497,3.288802648477305,-0.4020975556880648,2.6447583075695746,-1.0461418965957954,2.321705201221526,-1.3691950029438442
E01026049,E01026049,East Lindsey 010B,East Lindsey,1,2022,2.50087899371683,2.24191224309754,0.3629335797344899,2.60484582283203,0.10396682911520028,2.245416917905772,-0.25546207581105795,1.8645718255316115,-0.6363071681852184,2.165203184907354,-0.335675808809476
E01026050,E01026050,East Lindsey 010C,East Lindsey,1,2022,2.85406891641736,2.17437924557104,-0.42466246999036006,1.74971677558068,-1.10435214083668,2.4901606643569996,-0.3639082520603605,2.4650645263573994,-0.3890043900599607,2.089390507753521,-0.7646784086638392
E01026051,E01026051,East Lindsey 016A,East Lindsey,1,2022,0.586966059136503,0.912570738842816,0.49856406624785904,1.4111348050906751,0.8241687459541721,0.9404059524207506,0.35343989328424763,0.8902393714494502,0.3032733123129472,0.9209366509365101,0.3339705918000071
E01026052,E01026052,East Lindsey 016B,East Lindsey,1,2022,1.142378764977,1.43754230528971,0.15486893753119002,1.5924112428209,0.4500324778439,1.5423497350851412,0.3999709701081411,1.4882143398534393,0.34583557487643923,1.6126597932903193,0.4702810283133192
E01026053,E01026053,East Lindsey 016C,East Lindsey,1,2022,0.456063962731012,0.613652840240899,0.42956810342051194,1.0432209436614108,0.5871569809303988,0.6931913692106685,0.23712740647965647,0.6281764496183628,0.1721124868873508,0.6957341596221382,0.23967019689112623
E01026054,E01026054,East Lindsey 016D,East Lindsey,1,2022,1.22567559225164,1.29519629797309,0.25201288312265,1.54720918109574,0.3215335888441,1.460515210460178,0.23483961820853794,1.4118862191613832,0.18621062690974322,1.4104704030376334,0.18479481078599336
E01026055,E01026055,East Lindsey 013C,East Lindsey,1,2022,0.674518912807399,0.834905741070061,0.408835182517148,1.243740923587209,0.56922201077981,0.9675569267144869,0.29303801390708795,0.9435506801103395,0.26903176730294054,1.0200003335421466,0.34548142073474764
E01026056,E01026056,East Lindsey 017A,East Lindsey,1,2022,1.7968206145808,1.07443663203051,0.08940112135547407,1.1638377533859843,-0.6329828611948156,1.3464716796071277,-0.45034893497367223,1.2842808577250509,-0.512539756855749,1.3532314277548294,-0.4435891868259705
E01026057,E01026057,East Lindsey 018A,East Lindsey,1,2022,0.648768209463476,0.486152976731893,0.21137289659853903,0.697525873330432,0.048757663866956014,0.6612252205442226,0.012457011080746594,0.6882139942369541,0.03944578477347804,0.7161520564056093,0.06738384694213329
E01026058,E01026058,East Lindsey 002A,East Lindsey,1,2022,1.0262599287657,0.718567260425119,0.34655158969212496,1.065118850117244,0.03885892135154401,0.8509874778411812,-0.1752724509245187,0.9382939173050695,-0.08796601146063043,0.8504330494471313,-0.17582687931856866
E01026059,E01026059,East Lindsey 013D,East Lindsey,1,2022,1.0937284039928,1.34125111897751,0.13790592574496996,1.47915704472248,0.3854286407296801,1.4402610115969126,0.34653260760411264,1.418486741932887,0.3247583379400871,1.4471196246839824,0.35339122069118245
E01026060,E01026060,East Lindsey 009A,East Lindsey,1,2022,1.18677447853019,1.23396067072296,0.564882979453477,1.7988436501764369,0.612069171646247,1.3087033222449056,0.12192884371471568,1.3866104346758958,0.19983595614570593,1.318700223361358,0.13192574483116815
E01026061,E01026061,East Lindsey 001B,East Lindsey,1,2022,0.599783502650793,0.25690216707266,0.389627001932631,0.646529169005291,0.04674566635449795,0.36297919103326287,-0.23680431161753018,0.28624650670900914,-0.3135369959417839,0.32262607591064585,-0.2771574267401472
E01026062,E01026062,East Lindsey 001C,East Lindsey,1,2022,0.398773352706718,0.0121276561016841,-0.2122806282334179,-0.2001529721317338,-0.5989263248384518,0.2893007058237618,-0.10947264688295621,0.2746754690663655,-0.12409788364035251,0.2893367087945134,-0.10943664391220459
E01026063,E01026063,East Lindsey 001D,East Lindsey,1,2022,0.485324663210068,0.281680350192825,0.2938031532792074,0.5754835034720325,0.09015884026196447,0.4313580863659474,-0.053966576844120595,0.3851565301835275,-0.10016813302654048,0.409893531312566,-0.075431131897502
E01026064,E01026064,East Lindsey 011A,East Lindsey,1,2022,1.31717478778692,1.25948236409142,0.04174788292068987,1.3012302470121098,-0.015944540774810223,1.5110375149239192,0.19386272713699926,1.4471775505359075,0.13000276274898748,1.3612765409480332,0.0441017531611132
E01026065,E01026065,East Lindsey 011B,East Lindsey,1,2022,1.44106399968707,1.48158869925074,0.5136871725889681,1.9952758718397083,0.5542118721526383,1.5938747101998838,0.1528107105128138,1.5559647556765883,0.11490075598951832,1.439585383357147,-0.001478616329922966
E01026066,E01026066,East Lindsey 011C,East Lindsey,1,2022,0.997446547291984,0.732187099705323,0.545028369964536,1.277215469669859,0.279768922377875,0.8209227859105679,-0.17652376138141612,0.8913109642169572,-0.1061355830750268,0.8527168568522079,-0.14472969043977613
E01026067,E01026067,East Lindsey 011D,East Lindsey,1,2022,1.66552859129602,1.44920918822473,0.21796199840987995,1.66717118663461,0.0016425953385899028,1.56261836663384,-0.10291022466218003,1.5533497253107345,-0.11217886598528559,1.5827480454385545,-0.08278054585746553
E01026068,E01026068,East Lindsey 009B,East Lindsey,1,2022,0.857450097855586,0.778552173358212,0.277061880464576,1.055614053822788,0.19816395596720204,0.9303751475652483,0.07292504970966229,0.9793315520214843,0.12188145416589824,0.9844394981038084,0.12698940024822236
E01026069,E01026069,East Lindsey 010D,East Lindsey,1,2022,3.20682636759678,3.01890324227492,0.3388669059676199,3.35777014824254,0.15094378064575986,3.062995126023727,-0.14383124157305316,2.545262239903108,-0.6615641276936719,2.118592017841322,-1.0882343497554583
E01026070,E01026070,East Lindsey 009C,East Lindsey,1,2022,1.08463974951123,0.588041665267514,0.259475998438087,0.847517663705601,-0.2371220858056291,0.7772995381837464,-0.3073402113274837,0.8025538860385016,-0.28208586347272846,0.759467025379856,-0.3251727241313741
E01026071,E01026071,East Lindsey 007A,East Lindsey,1,2022,0.842644095743882,0.277326734074014,-0.15937619353736404,0.11795054053664994,-0.724693555207232,0.528911840693515,-0.31373225505036695,0.4845118020405049,-0.35813229370337707,0.4371074602703598,-0.4055366354735222
E01026072,E01026072,East Lindsey 005A,East Lindsey,1,2022,2.87317326355116,2.36876899747532,0.3292471350786599,2.6980161325539798,-0.17515713099718022,2.5079003046773347,-0.36527295887382527,2.517735438861285,-0.35543782468987484,2.136853675703252,-0.7363195878479081
E01026073,E01026073,East Lindsey 005B,East Lindsey,1,2022,2.29309907445505,2.21771378412933,0.30334151884528016,2.5210553029746103,0.22795622851956043,2.3538856444159317,0.06078656996088183,1.986655383029822,-0.306443691425228,2.136853675703252,-0.156245398751798
E01026074,E01026074,East Lindsey 005C,East Lindsey,1,2022,1.85760030521181,1.69777933341194,-0.06043360605401005,1.63734572735793,-0.22025457785388003,1.9053573808279964,0.04775707561618647,2.026213319904824,0.16861301469301382,1.9167746175786164,0.05917431236680648
E01026075,E01026075,East Lindsey 018B,East Lindsey,1,2022,0.90282115708092,1.0935692894624,0.4907942568462871,1.5843635463086871,0.6815423892277671,1.0953894172716747,0.19256826019075468,1.039756537236501,0.13693538015558093,1.0575480012628193,0.1547268441818993
E01026076,E01026076,East Lindsey 002B,East Lindsey,1,2022,0.703536407265347,0.589491672421672,0.105508192117656,0.694999864539328,-0.008536542726019003,0.7905256893600119,0.08698928209466483,0.6825658934778552,-0.020970513787491818,0.7281185543785088,0.024582147113161756
E01026077,E01026077,East Lindsey 003A,East Lindsey,1,2022,2.04546690542176,1.84712571949407,0.3974919762186899,2.24461769571276,0.19915079029100013,1.9790351794202843,-0.06643172600147573,1.9434365616081128,-0.10203034381364717,1.7410306465028422,-0.3044362589189178
E01026078,E01026078,East Lindsey 003B,East Lindsey,1,2022,2.06980536372449,2.11394721070096,0.5072470747196898,2.62119428542065,0.5513889216961596,2.1823140697747805,0.11250870605029029,1.924340882185691,-0.1454644815387991,2.119372531961526,0.049567168237036
E01026079,E01026079,East Lindsey 002C,East Lindsey,1,2022,1.04131544850402,1.02319009063201,0.291287511172042,1.314477601804052,0.27316215330003213,1.084286327809309,0.04297087930528898,0.925398922524153,-0.1159165259798669,1.0416026532266367,0.0002872047226167851
E01026080,E01026080,East Lindsey 001E,East Lindsey,1,2022,0.106730481419665,0.0776566928161181,-0.16575500191880588,-0.08809830910268777,-0.19482879052235277,0.3451764576888283,0.2384459762691633,0.363362176076853,0.256631694657188,0.3612325338382433,0.25450205241857826
E01026081,E01026081,East Lindsey 004A,East Lindsey,1,2022,1.55933366002518,1.06325345691274,0.08586981934793214,1.1491232762606722,-0.4102103837645077,1.2712667011323884,-0.28806695889279155,1.3795172442865404,-0.1798164157386395,1.3901395686480584,-0.1691940913771215
E01026082,E01026082,East Lindsey 007B,East Lindsey,1,2022,0.642268127601238,0.503963569698757,0.176258252898844,0.680221822597601,0.03795369499636303,0.6996865559893625,0.0574184283881245,0.6920618686821942,0.049793741080956244,0.7399017430258444,0.09763361542460647
E01026083,E01026083,East Lindsey 015A,East Lindsey,1,2022,3.65251987408393,3.10205335813375,0.41172619239082975,3.5137795505245797,-0.1387403235593503,3.1918953972165136,-0.46062447686741637,2.5554524555701725,-1.0970674185137574,2.1064860405061756,-1.5460338335777544
E01026084,E01026084,East Lindsey 012A,East Lindsey,1,2022,1.67729060626395,1.98567029286183,-0.029219985881429933,1.9564503069804,0.2791597007164499,2.0809663430893814,0.40367573682543134,1.8766680802051672,0.19937747394121708,2.2138552859948795,0.5365646797309294
E01026085,E01034685,East Lindsey 012E,East Lindsey,1,2022,2.32106778180458,2.74935585431907,1.0277915046762502,3.7771473589953204,1.4560795771907404,2.627421060833691,0.306353279029111,2.5777384870120112,0.2566707052074313,2.255566848127076,-0.06550093367750387
E01026087,E01026087,East Lindsey 003C,East Lindsey,1,2022,1.95745862873095,2.02646915071509,0.8597730200543798,2.88624217076947,0.92878354203852,2.00008335356499,0.042624724834039895,1.9414033886091224,-0.016055240121827463,1.9557439542341244,-0.0017146744968254968
E01026088,E01026088,East Lindsey 003D,East Lindsey,1,2022,1.38097961767462,1.12154696000812,0.20442717930348608,1.3259741393116062,-0.05500547836301384,1.2955448066679167,-0.08543481100670336,1.3261668944642364,-0.05481272321038366,1.2929587717308821,-0.08802084594373794
E01026089,E01026089,East Lindsey 004C,East Lindsey,1,2022,1.26064286746495,0.877082983938302,0.113367716112724,0.990450700051026,-0.27019216741392393,1.0845334115668652,-0.1761094558980847,1.3375149206534562,0.07687205318850632,1.2481412492846298,-0.01250161818032014
E01026090,E01026090,East Lindsey 003E,East Lindsey,1,2022,1.1698482729383,1.12834888413543,0.22417031136171106,1.3525191954971412,0.1826709225588412,1.2842379397926857,0.11438966685438579,1.3614353383620412,0.19158706542374127,1.3967008937947512,0.2268526208564512
E01026091,E01026091,East Lindsey 003F,East Lindsey,1,2022,1.10150200829012,0.745133273165535,0.246921947755239,0.992055220920774,-0.10944678736934588,0.9609353392614269,-0.14056666902869297,1.2069770538741498,0.10547504558402987,1.2060619822968819,0.10455997400676198
E01026092,E01026092,East Lindsey 014A,East Lindsey,1,2022,2.42223611079165,2.61650415401046,0.6449219723772599,3.26142612638772,0.8391900155960701,2.670069691582346,0.24783358079069595,2.573197483219035,0.15096137242738505,2.170175860835264,-0.252060249956386
E01026093,E01026093,East Lindsey 014B,East Lindsey,1,2022,3.05637846500307,2.87784730043926,0.5956784371634001,3.4735257376026603,0.4171472725995904,2.8910446036317,-0.16533386137136974,2.5567599227987188,-0.4996185422043511,2.0673366184925084,-0.9890418465105615
E01026094,E01026094,East Lindsey 015B,East Lindsey,1,2022,2.57522745001482,2.28516219500728,0.2220671995114598,2.5072293945187396,-0.0679980554960804,2.380374399228674,-0.19485305078614612,2.012362293635041,-0.5628651563797789,2.1265925836927306,-0.4486348663220894
E01026095,E01026095,East Lindsey 014C,East Lindsey,1,2022,3.84177292509541,3.42372238294777,0.44577201225438,3.86949439520215,0.02772147010674031,3.609731988096131,-0.23204093699927864,2.6357678316877133,-1.2060050934076965,2.321705201221526,-1.520067723873884
E01026096,E01026096,East Lindsey 015C,East Lindsey,1,2022,1.30694409464577,1.11766844933573,0.06729168237955996,1.18496013171529,-0.12198396293047997,1.3042983167052162,-0.002645777940553762,1.30070800172347,-0.006236092922299985,1.3111041087104944,0.004160014064724438
E01026097,E01026097,East Lindsey 015D,East Lindsey,1,2022,1.7840151823605,2.29023689451926,0.7477052077387201,3.03794210225798,1.25392691989748,2.2734158347552857,0.4894006523947858,1.9868048767090927,0.20278969434859273,2.161898367242214,0.3778831848817139
E01026098,E01026098,East Lindsey 018C,East Lindsey,1,2022,1.01729776064263,0.624677237126345,-0.038308166166457935,0.5863690709598871,-0.4309286896827428,0.910652488634343,-0.10664527200828688,1.2218453030455958,0.2045475424029659,1.2161251418972503,0.1988273812546204
E01026099,E01026099,East Lindsey 005D,East Lindsey,1,2022,0.830783475141515,1.0614042974415,0.19109158851744112,1.2524958859589412,0.4217124108174263,1.196744493157381,0.365961018015866,1.3506522414314488,0.5198687662899338,1.27868084590431,0.447897370762795
E01026100,E01026100,East Lindsey 013E,East Lindsey,1,2022,1.31214769657372,1.17352678592691,0.323071064250929,1.4965978501778392,0.1844501536041192,1.2073398213493995,-0.10480787522432045,1.2770514288859574,-0.03509626768776264,1.2170852280363844,-0.09506246853733558
E01026101,E01026101,East Lindsey 013F,East Lindsey,1,2022,2.1379582510682,2.18554995149741,0.32730498762540017,2.5128549391228105,0.37489668805461074,2.2921939385405183,0.15423568747231853,1.968534969729097,-0.16942328133910278,2.0967925437972315,-0.041165707270968355
E01026102,E01026102,East Lindsey 018D,East Lindsey,1,2022,1.42092825826992,1.07842689763379,0.09857352118778007,1.1770004188215701,-0.24392783944834995,1.234736793251956,-0.18619146501796413,1.312413693320376,-0.10851456494954403,1.2617455669737512,-0.1591826912961689
E01026103,E01026103,East Lindsey 006A,East Lindsey,1,2022,2.32301095185871,1.83009702260233,0.05419639858488012,1.8842934211872102,-0.4387175306714999,2.023472478989952,-0.299538472868758,1.9726281686073157,-0.3503827832513944,1.921019680537254,-0.4019912713214562
E01026104,E01026104,East Lindsey 006B,East Lindsey,1,2022,1.31150885286632,1.35712400365856,0.2217048438441498,1.5788288475027097,0.2673199946363898,1.4716724123633345,0.16016355949701455,1.4663488827487206,0.15484002988240064,1.4566903790808985,0.14518152621457858
E01026105,E01026105,East Lindsey 009D,East Lindsey,1,2022,0.979113478151182,0.811966409908507,0.284121037980124,1.0960874478886309,0.11697396973744889,0.9495821351584589,-0.029531342992723086,0.9976837901563107,0.01857031200512871,0.973537070829411,-0.005576407321771004
E01026106,E01026106,East Lindsey 001F,East Lindsey,1,2022,0.770124520755835,0.195523705330561,-0.195957734011481,-0.0004340286809200178,-0.7705585494367551,0.5184291201015601,-0.251695400654275,0.5026320597276157,-0.26749246102821933,0.4574254366609077,-0.31269908409492736
E01026107,E01026107,East Lindsey 001G,East Lindsey,1,2022,0.403721978192518,0.0731136164532545,0.4544386482758865,0.527552264729141,0.12383028653662298,0.205998406021483,-0.19772357217103498,0.2355878686003405,-0.16813410959217748,0.2607466563231956,-0.14297532186932238
E01026108,E01026108,East Lindsey 003G,East Lindsey,1,2022,1.55192481368944,1.58914023664356,0.14485344622248997,1.73399368286605,0.18206886917661014,1.7255969831250542,0.17367216943561425,1.9798979911150107,0.42797317742557084,1.5540236227855444,0.0020988090961044925
E01026109,E01026109,East Lindsey 006C,East Lindsey,1,2022,1.93789595821266,1.78337933623256,-0.0887934246992399,1.6945859115333202,-0.24331004667933986,1.9175852211423228,-0.02031073707033726,1.9247810752330832,-0.013114882979576858,2.0549932022944266,0.11709724408176658
E01026110,E01026110,East Lindsey 017B,East Lindsey,1,2022,1.24565300661576,1.01505310140846,0.04559399231096506,1.060647093719425,-0.18500591289633506,1.1419054865924638,-0.10374752002329624,1.1049414129595927,-0.14071159365616737,1.0761840970378598,-0.16946890957790028
E01026111,E01026111,East Lindsey 017C,East Lindsey,1,2022,1.07531989227077,0.968232328179289,-0.610542650297731,0.3576896778815579,-0.7176302143892122,1.2963105990045312,0.2209907067337611,1.3034600450540594,0.22814015278328936,1.1992694211535486,0.12394952888277855
E01026112,E01026112,East Lindsey 017D,East Lindsey,1,2022,2.27277640598508,2.30911243740266,0.51546469881302,2.82457713621568,0.5518007302306001,2.2921049651512444,0.019328559166164272,1.9891178525870203,-0.2836585533980598,2.2173356006614506,-0.055440805323629494
E01026113,E01026113,East Lindsey 008D,East Lindsey,1,2022,1.03575502853681,0.84482071413935,0.148731279937397,0.993551994076747,-0.042203034460063016,1.0190258523558986,-0.01672917618091141,1.0335728820570314,-0.002182146479778657,0.991826814260615,-0.04392821427619498
E01026114,E01026114,East Lindsey 014D,East Lindsey,1,2022,2.62701907205192,2.35143327404094,0.3588026678882199,2.7102359419291595,0.08321686987723931,2.40237489968148,-0.2246441723704402,2.0898162532477436,-0.5372028188041766,2.119851887493058,-0.5071671845588623
E01026115,E01026115,East Lindsey 012C,East Lindsey,1,2022,2.47993921227756,2.344409579205,0.5076010514801801,2.8520106306851805,0.3720714184076206,2.351194453754626,-0.128744758522934,2.060273838427766,-0.41966537384979397,2.12123370410463,-0.35870550817293
E01026116,E01026116,East Lindsey 012D,East Lindsey,1,2022,2.01154059179839,1.73898861173199,0.3346663805524799,2.07365499228447,0.06211440048608008,1.8743512305024552,-0.13718936129593473,1.981824435668901,-0.02971615612948897,1.66976165062941,-0.34177894116898
E01026117,E01026117,East Lindsey 008E,East Lindsey,1,2022,1.35242808704012,0.814529299905226,0.447145793806048,1.2616750937112742,-0.09075299332884579,0.9609719012102175,-0.3914561858299025,0.9509894896457672,-0.4014385973943527,0.9623252266579986,-0.3901028603821214
E01026118,E01026118,East Lindsey 016E,East Lindsey,1,2022,0.516397277615847,0.4673719506638,-0.09908233537739097,0.368289615286409,-0.14810766232943795,0.7137370573716482,0.1973397797558012,0.683755729046172,0.16735845143032502,0.752127196519023,0.23572991890317607
E01026119,E01026119,East Lindsey 016F,East Lindsey,1,2022,0.883566583081198,0.962739452235069,0.08603005198070601,1.048769504215775,0.16520292113457702,1.1243624604481932,0.24079587736699526,1.2832931465314135,0.3997265634502155,1.2084156300965339,0.3248490470153359
E01026120,E01026120,East Lindsey 016G,East Lindsey,1,2022,0.785291722374691,1.0207776502723,0.21589954039319104,1.2366771906654912,0.4513854682908002,1.149060001039214,0.363768278664523,1.3605238391957641,0.5752321168210731,1.27868084590431,0.49338912352961894
E01026121,E01026121,East Lindsey 007C,East Lindsey,1,2022,0.689729875311025,0.695690006035677,0.263173597242254,0.958863603277931,0.26913372796690593,0.7766495068583975,0.08691963154737248,0.7780582689960017,0.08832839368497669,0.6614621707916003,-0.02826770451942473
E01026122,E01026122,Lincoln 004A,Lincoln,1,2022,0.986433686093618,0.71597840970513,-0.2960265968656399,0.4199518128394901,-0.5664818732541279,1.0624569959516585,0.07602330985804051,1.1750590285299212,0.18862534243630313,1.0893750546769714,0.10294136858335334
E01026123,E01026123,Lincoln 004B,Lincoln,1,2022,1.22316578946047,1.16478146091163,-0.04392122869123005,1.1208602322204,-0.10230555724006996,1.3666262809969385,0.14346049153646856,1.306339514658057,0.08317372519758703,1.3527303329403013,0.12956454347983137
E01026124,E01026124,Lincoln 004C,Lincoln,1,2022,0.729764072334594,1.04038818139165,-0.00012170797044008808,1.04026647342121,0.310502401086616,1.2616872676722817,0.5319231953376877,1.3525203953890417,0.6227563230544477,1.2822230408232655,0.5524589684886716
E01026125,E01026125,Lincoln 003A,Lincoln,1,2022,1.89343514697491,2.86832000403107,1.1674092389412498,4.0357292429723195,2.1422940959974097,2.8224916289628057,0.9290564819878957,2.617058197892591,0.7236230509176809,2.321705201221526,0.4282700542466158
E01026126,E01026126,Lincoln 004D,Lincoln,1,2022,2.91257128480541,2.68537679464285,0.1805253972166998,2.8659021918595498,-0.04666909294586041,2.674900615536327,-0.2376706692690833,2.5972042492223197,-0.3153670355830904,2.332675412068585,-0.5798958727368251
E01026127,E01026127,Lincoln 007A,Lincoln,1,2022,1.71288467273268,1.98027654323181,0.00027086661694997183,1.9805474098487599,0.2676627371160798,2.2018535409365128,0.4889688682038327,1.9850545405726803,0.2721698678400002,2.181829723289385,0.46894505055670477
E01026128,E01034689,Lincoln 007E,Lincoln,1,2022,1.42198386068384,1.32847230107455,0.24486970031204014,1.5733420013865902,0.15135814070275022,1.4196978613486908,-0.002285999335149169,1.4143833989407886,-0.007600461743051401,1.3948910422183032,-0.027092818465536794
E01026129,E01026129,Lincoln 007C,Lincoln,1,2022,2.80792652979996,2.095090245437,-0.18504286464143993,1.91004738079556,-0.8978791490044,2.366123821177734,-0.44180270862222626,2.4598157174634125,-0.3481108123365475,2.160583012994614,-0.6473435168053459
E01026130,E01026130,Lincoln 009A,Lincoln,1,2022,1.29641499378243,1.58869548865088,0.30888633849061,1.89758182714149,0.6011668333590598,1.7090093285517818,0.4125943347693517,1.8678828204825035,0.5714678267000735,1.4490550869306171,0.15264009314818705
E01026131,E01026131,Lincoln 007D,Lincoln,1,2022,2.21230375766518,2.04595715272378,0.4880865795428899,2.53404373226667,0.3217399746014902,2.0574108264927125,-0.15489293117246739,1.8838729057272594,-0.32843085193792043,2.147693011562066,-0.06461074610311401
E01026132,E01026132,Lincoln 005A,Lincoln,1,2022,0.193725883594766,0.166746630885479,0.288466065411972,0.455212696297451,0.261486812702685,0.31262130104671937,0.11889541745195337,0.22342550781950055,0.029699624224734544,0.20883958594374363,0.015113702348977631
E01026133,E01034692,Lincoln 008F,Lincoln,1,2022,0.340280525938843,0.144849585839371,0.18960123094919829,0.33445081678856925,-0.005829709150273754,0.3655354823181614,0.025254956379318405,0.30158555914607094,-0.03869496679277207,0.2852410690235527,-0.05503945691529033
E01026134,E01026134,Lincoln 006A,Lincoln,1,2022,1.4879925471492,1.51718021136609,0.15358125610552986,1.6707614674716198,0.18276892032241987,1.6967104253817662,0.20871787823256627,1.9306889479851126,0.44269640083591266,1.6202664865468068,0.1322739393976069
E01026135,E01026135,Lincoln 008B,Lincoln,1,2022,1.23145653799772,1.15360072291684,0.38378228307127094,1.5373830059881108,0.3059264679903908,1.2721047782471753,0.040648240249455236,1.351232482182564,0.11977594418484405,1.3271536707453992,0.09569713274767921
E01026136,E01026136,Lincoln 008C,Lincoln,1,2022,1.5662634910752,1.80073114687605,1.135952281371246,2.936683428247296,1.3704199371720958,1.642341630163279,0.07607813908807892,1.3394082890434533,-0.2268552020317467,1.4961422815646073,-0.07012120951059275
E01026137,E01026137,Lincoln 011A,Lincoln,1,2022,0.974024672998101,0.712574006142185,-0.09729553901727994,0.6152784671249051,-0.35874620587319594,0.9474469651214943,-0.026577707876606738,0.9701008386380936,-0.003923834360007428,1.0150350669258217,0.041010393927720656
E01026138,E01026138,Lincoln 011B,Lincoln,1,2022,0.798394294130083,0.722167587625845,0.07655502738865894,0.7987226150145039,0.00032832088442091845,0.9204413915861808,0.12204709745609776,0.9389955402578833,0.14060124612780034,0.952035941825951,0.15364164769586797
E01026139,E01026139,Lincoln 011C,Lincoln,1,2022,0.839680091037926,0.687909928834282,-0.19560679592946095,0.4923031329048211,-0.3473769581331049,0.8899236385552144,0.050243547517288434,0.8788182011944282,0.03913811015650226,0.8523198598732318,0.01263976883530582
E01026140,E01026140,Lincoln 011D,Lincoln,1,2022,1.28966041491295,0.77746446185682,-0.5284020560978899,0.24906240575893013,-1.04059800915402,1.1989346673929322,-0.09072574752001783,1.2227208032028873,-0.06693961171006269,1.1746576582243737,-0.11500275668857629
E01026141,E01026141,Lincoln 011E,Lincoln,1,2022,0.40887857071933,0.856828495383454,0.5485330552414469,1.4053615506249009,0.9964829799055709,0.9196879969446081,0.5108094262252781,0.8783539868126641,0.4694754160933341,0.8304365292865556,0.42155795856722567
E01026142,E01026142,Lincoln 011F,Lincoln,1,2022,1.582471093569,1.72908277342001,0.19155365837825,1.92063643179826,0.33816533822926,1.7258299764237464,0.1433588828547463,1.457839125511034,-0.12463196805796617,1.713286778515411,0.13081568494641083
E01026143,E01034687,Lincoln 005E,Lincoln,1,2022,0.292112847078489,0.359067795148435,0.2746462977730898,0.6337140929215248,0.3416012458430358,0.5302680677694631,0.2381552206909741,0.5449197945848286,0.25280694750633964,0.5410277231043962,0.24891487602590717
E01026144,E01026144,Lincoln 003B,Lincoln,1,2022,0.750119460162075,0.719706243742606,0.2857671016502041,1.0054733453928102,0.2553538852307352,0.8953668906529247,0.14524743049084976,0.987426134619974,0.237306674457899,0.9785992828506236,0.2284798226885486
E01026145,E01026145,Lincoln 005C,Lincoln,1,2022,0.681360302122468,0.592562664838801,0.27226408635640903,0.8648267511952101,0.18346644907274212,0.726621901826578,0.045261599704110034,0.73535051765852,0.05399021553605199,0.733750341838702,0.052390039716234016
E01026146,E01026146,Lincoln 005D,Lincoln,1,2022,0.463691549589084,0.672273382053732,0.46238169331504597,1.1346550753687779,0.6709635257796939,0.812468985955204,0.34877743636612,0.8235178195249404,0.3598262699358564,0.766820307537869,0.303128757948785
E01026147,E01026147,Lincoln 003C,Lincoln,1,2022,1.46701408608895,1.31142929515871,-0.08815242699152992,1.2232768681671802,-0.24373721792176983,1.518190540234507,0.05117645414555705,1.4938169982571587,0.026802912168208737,1.6511329824823848,0.18411889639343482
E01026148,E01026148,Lincoln 003D,Lincoln,1,2022,1.44119585896086,1.41275727080351,0.44561014161145307,1.8583674124149632,0.41717155345410317,1.5402479883873008,0.09905212942644082,1.4771227641784563,0.03592690521759634,1.3710176042707376,-0.0701782546901224
E01026149,E01026149,Lincoln 001A,Lincoln,1,2022,1.35413375570083,1.07472791756512,-0.7527650501282199,0.32196286743690017,-1.0321708882639298,1.4295671355332644,0.07543337983243448,1.468858077104833,0.11472432140400302,1.4943620956692036,0.1402283399683737
E01026150,E01026150,Lincoln 001B,Lincoln,1,2022,2.3443780827782,2.20402187775939,-0.47372776568039976,1.7302941120789903,-0.6140839706992098,2.3860554903843663,0.04167740760616612,2.492282593826064,0.14790451104786406,2.288129531790813,-0.05624855098738735
E01026151,E01026151,Lincoln 003E,Lincoln,1,2022,1.38381669416278,0.919276313249353,0.131831052229758,1.051107365479111,-0.3327093286836691,1.1433623245701496,-0.24045436959263045,1.3209698253966362,-0.06284686876614387,1.2851551652499782,-0.09866152891280189
E01026152,E01026152,Lincoln 004E,Lincoln,1,2022,2.08607256811353,1.63022601634498,-0.61011880082284,1.02010721552214,-1.0659653525913901,1.9696904724253064,-0.11638209568822377,1.9379026082670163,-0.14816995984651382,2.050023682719505,-0.03604888539402529
E01026153,E01026153,Lincoln 002A,Lincoln,1,2022,1.79053250820571,1.59578523864821,0.29239419349544016,1.8881794321436502,0.09764692393794028,1.6827999759619459,-0.10773253224376411,1.6444010066467636,-0.1461315015589464,1.609573770244704,-0.18095873796100603
E01026154,E01026154,Lincoln 004F,Lincoln,1,2022,1.54290868229725,1.90660597664431,0.976153723999648,2.882759700643958,1.339851018346708,1.7837059954795913,0.24079731318234132,1.494247478828798,-0.04866120346845193,1.6618529431903954,0.11894426089314547
E01026155,E01026155,Lincoln 002B,Lincoln,1,2022,0.533512339679984,0.673229028711264,0.388640986179503,1.061870014890767,0.5283576752107829,0.7610602214770175,0.22754788179703345,0.7377272692784771,0.20421492959849308,0.7380638200059885,0.20455148032600445
E01026156,E01026156,Lincoln 004G,Lincoln,1,2022,1.30123470007712,1.43618830803649,0.13310565561548993,1.5692939636519798,0.26805926357485976,1.6102256987658958,0.3089909986887758,1.5601428462515292,0.25890814617440916,1.5612644202695198,0.2600297201923998
E01026157,E01026157,Lincoln 002C,Lincoln,1,2022,1.76741645438134,1.94221785796709,0.1719553533635898,2.1141732113306797,0.3467567569493397,2.0856984271747634,0.3182819727934234,1.9601993347616982,0.19278288038035818,2.0108222591033855,0.24340580472204554
E01026158,E01026158,Lincoln 009B,Lincoln,1,2022,1.35517148749297,1.7269352422237,0.0729610459124801,1.7998962881361802,0.4447248006432103,1.8432703251335236,0.48809883764055373,1.933711270442117,0.5785397829491472,1.9960199879475946,0.6408485004546247
E01026159,E01026159,Lincoln 009C,Lincoln,1,2022,1.98366187964644,1.99658190642913,0.8411810416336598,2.8377629480627897,0.8541010684163497,1.9082668463547852,-0.07539503329165487,1.8789356105834394,-0.10472626906300064,1.845916901195886,-0.137744978450554
E01026160,E01026160,Lincoln 009D,Lincoln,1,2022,1.29754863730546,0.995826969704029,-0.029777055822771015,0.9660499138812579,-0.33149872342420217,1.1789687168563046,-0.11857992044915555,1.051877286248935,-0.24567135105652516,1.0939470644517169,-0.20360157285374325
E01026161,E01026161,Lincoln 010A,Lincoln,1,2022,2.4508695936073,2.65490843935497,-0.055309675266800085,2.59959876408817,0.14872917048086975,2.8087816290910688,0.3579120354837686,2.5722739164196304,0.12140432281233027,2.186957930599783,-0.2639116630075171
E01026162,E01026162,Lincoln 009E,Lincoln,1,2022,0.759341428262123,1.14551579180877,-0.01500744341609006,1.1305083483926799,0.37116692013055685,1.3383939328661758,0.5790525046040528,1.2530004857915784,0.4936590575294554,1.270534773237289,0.5111933449751659
E01026163,E01026163,Lincoln 009F,Lincoln,1,2022,1.54151207169459,1.30766870839572,0.22592069832729988,1.5335894067230198,-0.007922664971570237,1.3832197197157972,-0.15829235197879288,1.2740163208205153,-0.26749575087407473,1.290374492174742,-0.25113757951984805
E01026164,E01026164,Lincoln 003F,Lincoln,1,2022,1.0147524283106,0.913797522723862,-0.085763102060051,0.828034420663811,-0.18671800764678892,1.2062264573312695,0.19147402902066957,1.2684351356744386,0.2536827073638386,1.2995949623953675,0.28484253408476756
E01026165,E01026165,Lincoln 002D,Lincoln,1,2022,2.19275955755644,1.89649990955348,0.43684666724,2.3333465767934802,0.14058701923704042,2.0235029871971952,-0.16925657035924457,1.9369112299141864,-0.2558483276422534,1.9724909904939638,-0.220268567062476
E01026166,E01026166,Lincoln 001C,Lincoln,1,2022,1.63642326801543,1.91555694757433,0.4191951624497299,2.33475211002406,0.69832884200863,1.9544967024872406,0.3180734344718106,1.8955377893692844,0.2591145213538544,1.8295762505819626,0.19315298256653257
E01026167,E01026167,Lincoln 003G,Lincoln,1,2022,0.976262328825726,0.580066035072069,-0.465200893599941,0.11486514147212801,-0.8613971873535979,0.9690040978897619,-0.007258230935964005,1.106607691685909,0.13034536286018295,1.0257742415278492,0.049511912702123295
E01026168,E01026168,Lincoln 001D,Lincoln,1,2022,2.17067615437472,1.49010195058875,-0.16830807355852984,1.3217938770302202,-0.8488822773444997,1.742437428722879,-0.42823872565184096,1.9748301226255045,-0.19584603174921544,1.9005234535021394,-0.2701527008725806
E01026169,E01026169,Lincoln 011G,Lincoln,1,2022,1.47183341292509,1.17762483373228,-0.16572456244793,1.0119002712843501,-0.45993314164073995,1.3904950236741118,-0.08133838925097825,1.254948136884753,-0.21688527604033703,1.391272013868661,-0.08056139905642912
E01026170,E01026170,Lincoln 010B,Lincoln,1,2022,1.14056040247711,1.52967222344527,0.36218904534345997,1.89186126878873,0.7513008663116199,1.5528595949808066,0.4122991925036965,1.4732808718036032,0.33272046932649313,1.522571797461359,0.38201139498424896
E01026171,E01026171,Lincoln 011H,Lincoln,1,2022,0.761692402005795,0.719458319192406,0.05781711609992901,0.777275435292335,0.015583033286539982,0.9500804140571891,0.1883880120513941,0.9971606567512924,0.23546825474549737,1.0012089174643477,0.23951651545855268
E01026172,E01026172,Lincoln 010C,Lincoln,1,2022,1.69990594758154,1.80893626192154,0.7936289763628899,2.6025652382844298,0.9026592907028899,1.7874581517909136,0.08755220420937371,1.5532509074411918,-0.14665504014034814,1.45040255633932,-0.24950339124221999
E01026173,E01026173,Lincoln 010D,Lincoln,1,2022,1.87795937402591,2.27274871849201,0.055231165522620085,2.32797988401463,0.45002050998872,2.4859168503213502,0.6079574762954403,2.4919142067079547,0.6139548326820448,2.213328400543522,0.33536902651761213
E01026174,E01026174,Lincoln 008D,Lincoln,1,2022,1.43889561123129,1.32387919451738,0.400417019698044,1.724296214215424,0.28540060298413383,1.3815129687838306,-0.0573826424474595,1.492124608478015,0.05322899724672503,1.506709175638936,0.06781356440764585
E01026175,E01026175,Lincoln 010E,Lincoln,1,2022,1.77736847804819,1.43097025263339,-0.20217848311932984,1.2287917695140602,-0.5485767085341298,1.705303155542916,-0.07206532250527409,1.9046506644610717,0.1272821864128817,1.7674230501755603,-0.009945427872629642
E01026176,E01026176,Lincoln 006B,Lincoln,1,2022,0.958043889562959,0.728882465924047,-0.36070368833046296,0.3681787775935841,-0.589865111969375,1.0709870015640428,0.11294311200108376,1.100242986144552,0.1421990965815929,1.02947185456806,0.07142796500510085
E01026177,E01026177,Lincoln 006C,Lincoln,1,2022,0.549368381463424,0.692588777483897,-0.03881832733829493,0.6537704501456021,0.10440206868217805,1.0072566317978815,0.45788825033445746,1.2256062258559357,0.6762378443925117,1.2708396124856196,0.7214712310221956
E01026178,E01026178,Lincoln 006D,Lincoln,1,2022,0.890729772399274,0.851707454600209,0.023937852197884024,0.875645306798093,-0.01508446560118093,1.1190130564714313,0.22828328407215737,1.3210230869782835,0.43029331457900954,1.2640392071779893,0.37330943477871537
E01026179,E01026179,North Kesteven 008A,North Kesteven,1,2022,0.440628410232164,0.0110389758278793,-0.2211084030089867,-0.2100694271811074,-0.6506978374132714,0.3513796717485622,-0.08924873848360176,0.412643501776187,-0.027984908455976953,0.3996488266238299,-0.04097958360833409
E01026180,E01026180,North Kesteven 007A,North Kesteven,1,2022,0.538080935542756,0.41974058895088,-0.26432689495784595,0.15541369399303406,-0.382667241549722,0.6955396399646671,0.157458704421911,0.7038161846250576,0.16573524908230153,0.7025167061027119,0.16443577055995584
E01026182,E01026182,North Kesteven 003B,North Kesteven,1,2022,0.630178822106892,0.54866692993138,0.278337247092145,0.827004177023525,0.196825354916633,0.712486273742268,0.082307451635376,0.7343858031296058,0.10420698102271375,0.7710517317278346,0.14087290962094257
E01026183,E01026183,North Kesteven 007B,North Kesteven,1,2022,0.925998182888884,0.877835202124658,0.26244306985631904,1.1402782719809772,0.21428008909209317,1.0612287774803508,0.1352305945914668,1.258069697480314,0.33207151459143003,1.2405654009725016,0.31456721808361754
E01026184,E01026184,North Kesteven 004A,North Kesteven,1,2022,0.107145624854416,0.0637883555455892,0.2114131420540912,0.2752014975996804,0.16805587274526437,0.21738912880193045,0.11024350394751445,0.22314665028101321,0.11600102542659721,0.20445619636384452,0.09731057150942851
E01026185,E01026185,North Kesteven 004B,North Kesteven,1,2022,1.02697598832822,0.955960284906718,0.366994630139149,1.322954915045867,0.29597892671764714,1.0916376780606987,0.06466168973247877,1.2222124737293725,0.19523648540115257,1.209096991400649,0.18212100307242918
E01026186,E01026186,North Kesteven 001A,North Kesteven,1,2022,0.736277086606274,0.785948914829364,0.14640595036486703,0.932354865194231,0.19607777858795705,0.9232719734143899,0.18699488680811593,0.894415277412812,0.15813819080653801,0.8979920937238288,0.16171500711755482
E01026187,E01026187,North Kesteven 001B,North Kesteven,1,2022,0.207232162084289,0.349898945461634,0.12863770721988502,0.478536652681519,0.27130449059723005,0.5148083016936479,0.3075761396093589,0.43281687524616863,0.22558471316187964,0.47348860711639285,0.2662564450321039
E01026188,E01026188,North Kesteven 004C,North Kesteven,1,2022,0.944953006973566,0.688645824123473,-0.023528707110968994,0.665117117012504,-0.279835889961062,0.9273264639901408,-0.017626542983425142,0.952379360036511,0.007426353062945035,0.9841618577623586,0.03920885078879266
E01026189,E01026189,North Kesteven 001C,North Kesteven,1,2022,0.541841586009983,0.372853510147937,0.37916967095525217,0.7520231811031892,0.21018159509320622,0.47420889106751724,-0.06763269494246577,0.4956464817250549,-0.046195104284928123,0.4831642750068111,-0.05867731100317192
E01026190,E01026190,North Kesteven 004D,North Kesteven,1,2022,0.737785258923788,1.35925356224137,0.3689793269793029,1.7282328892206729,0.9904476302968849,1.4895920906735811,0.7518068317497931,1.4326946432162933,0.6949093842925053,1.4716788465429855,0.7338935876191975
E01026191,E01026191,North Kesteven 005A,North Kesteven,1,2022,0.391778808378094,0.320318142975166,0.3014620444118359,0.6217801873870019,0.23000137900890794,0.5100403247539054,0.11826151637581139,0.5227128037832082,0.1309339954051142,0.5221650514487338,0.13038624307063984
E01026192,E01026192,North Kesteven 006A,North Kesteven,1,2022,0.3357200127345,0.388793305490172,0.11188557448201997,0.500678879972192,0.164958867237692,0.5678965185821233,0.23217650584762334,0.5025186670922969,0.1667986543577969,0.5127668962106706,0.17704688347617065
E01026193,E01026193,North Kesteven 003C,North Kesteven,1,2022,0.140735979819862,0.358237044017623,0.023418198066578022,0.38165524208420104,0.24091926226433905,0.5911816039157036,0.45044562409584166,0.7688216283048225,0.6280856484849605,0.6786428053976223,0.5379068255777604
E01026194,E01026194,North Kesteven 006B,North Kesteven,1,2022,0.648791394398902,0.520429568877798,0.142972047919446,0.6634016167972441,0.014610222398342088,0.6523545439892795,0.0035631495903775123,0.4934134822394114,-0.1553779121594906,0.5300790237023703,-0.11871237069653173
E01026195,E01026195,North Kesteven 006C,North Kesteven,1,2022,0.377364568678849,-0.109802051435924,-0.1362687636039941,-0.2460708150399181,-0.623435383718767,0.1661765878509054,-0.2111879808279436,0.20551649551959858,-0.1718480731592504,0.2026715527349443,-0.17469301594390468
E01026196,E01026196,North Kesteven 006D,North Kesteven,1,2022,0.457477531871633,0.811993558274512,0.5060807411546031,1.318074299429115,0.860596767557482,0.8612846376518802,0.40380710578024726,0.8709853099052112,0.4135077780335782,0.857114247570785,0.39963671569915205
E01026197,E01026197,North Kesteven 008B,North Kesteven,1,2022,0.393837265630771,0.36947825320031,0.413126625010701,0.7826048782110111,0.3887676125802401,0.5178155113909291,0.12397824576015809,0.5461937900094213,0.15235652437865027,0.5506650797997112,0.15682781416894026
E01026198,E01026198,North Kesteven 008C,North Kesteven,1,2022,-0.271312791413335,-0.346129218063088,0.19447220443099206,-0.15165701363209594,0.11965577778123904,-0.13574839259027072,0.13556439882306426,-0.16782329445952546,0.10348949695380952,-0.17028940492735853,0.10102338648597645
E01026199,E01026199,North Kesteven 003D,North Kesteven,1,2022,0.996203173376604,0.636628822797499,0.263944977706703,0.900573800504202,-0.09562937287240203,0.7798598038914227,-0.2163433694851813,0.8105020115639272,-0.18570116181267682,0.8056202755439119,-0.1905828978326921
E01026200,E01026200,North Kesteven 012A,North Kesteven,1,2022,0.630547812288631,0.40242791721226,0.4449714129521989,0.8473993301644589,0.2168515178758279,0.5176169802032363,-0.11293083208539467,0.5755281864783054,-0.0550196258103256,0.5699593604903019,-0.06058845179832906
E01026201,E01026201,North Kesteven 012B,North Kesteven,1,2022,0.491499433476152,0.502531956048666,0.21898238314080698,0.7215143391894729,0.23001490571332095,0.6561442509244844,0.16464481744833237,0.7073999899480994,0.2159005564719474,0.7191749889542809,0.2276755554781289
E01026202,E01026202,North Kesteven 012C,North Kesteven,1,2022,0.916728452746124,0.748267081791902,-0.173017438993468,0.575249642798434,-0.34147880994769,1.0199895313128113,0.10326107856668731,1.1991037302436498,0.2823752774975258,1.0973248555607606,0.18059640281463663
E01026203,E01026203,North Kesteven 001D,North Kesteven,1,2022,0.466062849735813,0.248203642456824,0.1561313423512034,0.40433498480802743,-0.06172786492778559,0.4409702335658516,-0.025092616169961446,0.42116313430965596,-0.04489971542615706,0.4285129370207567,-0.03754991271505631
E01026204,E01026204,North Kesteven 001E,North Kesteven,1,2022,0.207445328539719,0.24118030165078,0.141741078503267,0.382921380154047,0.17547605161432797,0.4446414380757354,0.23719610953601641,0.3905741901131974,0.18312886157347838,0.42592932429811015,0.21848399575839114
E01026205,E01026205,North Kesteven 005B,North Kesteven,1,2022,0.768565777205903,0.97009757246037,0.12117935276386094,1.091276925224231,0.3227111480183279,1.1409084037428097,0.37234262653690664,1.3045966898039452,0.5360309125980421,1.2004850274288612,0.4319192502229582
E01026206,E01026206,North Kesteven 001F,North Kesteven,1,2022,0.176562871610983,-0.0349559608872495,0.2927665006026325,0.257810539715383,0.08124766810439998,0.14525934247704925,-0.03130352913393375,0.06867324561121739,-0.1078896259997656,0.09218565015491147,-0.08437722145607153
E01026207,E01026207,North Kesteven 012D,North Kesteven,1,2022,1.22086070103211,0.884275489785959,0.46997962524428605,1.354255115030245,0.13339441399813512,0.9765391971425352,-0.24432150388957474,0.9582201436434202,-0.26264055738868974,0.9237154868029548,-0.2971452142291552
E01026208,E01026208,North Kesteven 012E,North Kesteven,1,2022,0.271561555937825,0.440917412993859,0.16087110897448903,0.6017885219683481,0.3302269660305231,0.644049475974904,0.37248792003707903,0.7075096535661021,0.4359480976282771,0.6993222334865831,0.4277606775487581
E01026209,E01026209,North Kesteven 009A,North Kesteven,1,2022,0.810674733012782,0.891560768803856,0.36896621677112007,1.260526985574976,0.4498522525621941,0.9656104666682904,0.1549357336555084,0.9094114969392479,0.09873676392646591,0.8894399071837821,0.07876517417100004
E01026210,E01026210,North Kesteven 007C,North Kesteven,1,2022,0.418476495846848,0.552544495090241,-0.11611818688796305,0.4364263082022779,0.017949812355429917,0.8121850696076538,0.3937085737608058,0.7792157359337974,0.36073924008694946,0.861634734217977,0.443158238371129
E01026211,E01026211,North Kesteven 005C,North Kesteven,1,2022,0.384430017189972,0.216637986089136,0.08591675566528201,0.302554741754418,-0.081875275435554,0.4276768221192383,0.0432468049292663,0.306453765276791,-0.07797625191318097,0.31782119430249456,-0.06660882288747744
E01026212,E01026212,North Kesteven 005D,North Kesteven,1,2022,0.422144948213253,0.814540099738387,0.5266994483618861,1.341239548100273,0.91909459988702,0.7913532088040917,0.36920826059083867,0.7657795789730412,0.3436346307597882,0.7765054546992445,0.3543605064859915
E01026213,E01026213,North Kesteven 005E,North Kesteven,1,2022,1.18414532031826,0.759931266433429,0.17401881226663396,0.933950078700063,-0.25019524161819695,0.9665719451509784,-0.21757337516728148,1.0059556773519167,-0.1781896429663432,0.9983690754121142,-0.18577624490614575
E01026214,E01026214,North Kesteven 014A,North Kesteven,1,2022,1.01705952546743,0.768711477204035,-0.2767151375133351,0.4919963396906999,-0.5250631857767301,1.0773741523039548,0.06031462683652489,1.1300417453884837,0.11298221992105373,1.0353534767259474,0.018293951258517405
E01026215,E01026215,North Kesteven 014B,North Kesteven,1,2022,0.574492974267037,0.941738304207944,0.274706186155967,1.216444490363911,0.6419515160968738,1.094011373195512,0.5195183989284748,1.2855765328756872,0.7110835586086501,1.1890239337510016,0.6145309594839645
E01026218,E01026218,North Kesteven 014C,North Kesteven,1,2022,0.749098721739585,0.930775873880028,0.439418118799405,1.370193992679433,0.6210952709398481,1.0088160463319258,0.25971732459234076,0.9902075696228855,0.24110884788330045,0.9855359501247458,0.2364372283851608
E01026219,E01026219,North Kesteven 014D,North Kesteven,1,2022,0.502753833870555,0.780152679400976,-0.10059291003186599,0.67955976936911,0.17680593549855506,1.0367585196181999,0.5340046857476449,1.332775662659744,0.8300218287891891,1.266927707809942,0.764173873939387
E01026220,E01026220,North Kesteven 013A,North Kesteven,1,2022,1.37781999556443,1.67339812330802,0.29006902654895006,1.96346714985697,0.5856471542925401,1.788489417189006,0.4106694216245761,1.8770511514639983,0.49923115589956835,1.7388081689608488,0.36098817339641887
E01026221,E01026221,North Kesteven 009B,North Kesteven,1,2022,0.419460433917483,0.611767150040785,0.18565081441904996,0.7974179644598349,0.3779575305423519,0.7864443481844942,0.36698391426701116,0.815976521878402,0.396516087960919,0.7800681031608606,0.3606076692433776
E01026222,E01026222,North Kesteven 009C,North Kesteven,1,2022,0.883698749159232,0.939641370991063,0.302216523082819,1.241857894073882,0.35815914491465006,1.0540741084317256,0.1703753592724936,1.0307995220717725,0.14710077291254053,1.0081991420961631,0.12450039293693116
E01026223,E01026223,North Kesteven 008D,North Kesteven,1,2022,0.600592403641465,0.354037326874046,0.3297414133600482,0.6837787402340942,0.0831863365926292,0.49520629596704413,-0.10538610767442091,0.45111475852614064,-0.1494776451153244,0.4929429422237575,-0.10764946141770754
E01026224,E01026224,North Kesteven 007D,North Kesteven,1,2022,1.28631449708643,1.23892316747333,0.2888411696777671,1.5277643371510972,0.2414498400646672,1.2693634900644077,-0.016951007022022235,1.2579263504001692,-0.028388146686260773,1.2371022805864886,-0.04921221649994134
E01026225,E01026225,North Kesteven 003E,North Kesteven,1,2022,0.690436693824574,0.700013662891708,0.23282439121911197,0.9328380541108199,0.24240136028624593,0.846174861519069,0.155738167694495,0.9012608700440413,0.21082417621946736,0.8339579629284792,0.14352126910390528
E01026226,E01026226,North Kesteven 003F,North Kesteven,1,2022,1.13402374309316,1.1955788675335,-0.011965738062829967,1.18361312947067,0.04958938637751009,1.4002198384822084,0.26619609538904854,1.3743535698192983,0.24032982672613845,1.350498665925945,0.21647492283278513
E01026227,E01026227,North Kesteven 010A,North Kesteven,1,2022,1.20684369550995,1.0938474454638,0.3664275246456551,1.460274970109455,0.2534312745995051,1.2604826468828854,0.053638951372935395,1.3492743239781664,0.1424306284682164,1.3027523465239268,0.09590865101397683
E01026228,E01026228,North Kesteven 011A,North Kesteven,1,2022,0.29365561868929,0.163398749953557,0.29967512461977797,0.46307387457333493,0.1694182558840449,0.3701675105602288,0.07651189187093876,0.24952085358839887,-0.04413476510089115,0.29062595696378873,-0.003029661725501287
E01026229,E01026229,North Kesteven 011B,North Kesteven,1,2022,0.334863637915529,0.40245795823253,0.22665724587028,0.62911520410281,0.294251566187281,0.5887039163122622,0.2538402783967332,0.7392157399488498,0.40435210203332084,0.6444933465632556,0.30962970864772665
E01026230,E01026230,North Kesteven 010B,North Kesteven,1,2022,1.22019604810333,0.966800786856572,-0.07254375344475794,0.8942570334118141,-0.325939014691516,1.264123338847491,0.04392729074416102,1.2302608127872836,0.010064764683953564,1.2935337994652367,0.07333775136190668
E01026231,E01026231,North Kesteven 010C,North Kesteven,1,2022,0.243402918821809,-0.104154571358353,0.0036841458338439936,-0.10047042552450901,-0.343873344346318,0.18906789564517082,-0.054335023176638186,0.20342462808108536,-0.03997829074072365,0.19491099181876598,-0.04849192700304303
E01026232,E01026232,North Kesteven 010D,North Kesteven,1,2022,1.57338259317504,1.22497506469773,0.24218082199717494,1.467155886694905,-0.10622670648013499,1.4495977596331,-0.12378483354194003,1.400906541562021,-0.17247605161301904,1.3855397309615167,-0.1878428622135233
E01026233,E01026233,North Kesteven 011C,North Kesteven,1,2022,0.426973708070401,0.166577919723416,0.23689071802368733,0.40346863774710334,-0.023505070323297683,0.3478588635338502,-0.07911484453655082,0.2450814464759017,-0.18189226159449934,0.2499543119060278,-0.17701939616437323
E01026234,E01034695,North Kesteven 011F,North Kesteven,1,2022,0.247790096612349,0.401267145399063,0.31995360249875326,0.7212207478978163,0.47343065128546735,0.5410457719754933,0.29325567536314434,0.5915321338420282,0.3437420372296792,0.5636203237177565,0.31583022710540753
E01026235,E01026235,North Kesteven 010E,North Kesteven,1,2022,1.0953029674849,0.654254568813959,0.13486353337161505,0.7891181021855741,-0.30618486529932587,0.8271273763789612,-0.2681755911059388,0.7550664294307561,-0.3402365380541439,0.7690875269402674,-0.3262154405446326
E01026236,E01026236,North Kesteven 011E,North Kesteven,1,2022,0.632403055809024,-0.0530123551679444,-0.3001814739448524,-0.3531938291127968,-0.9855968849218208,0.30501630326459545,-0.32738675254442856,0.35307891379116746,-0.27932414201785655,0.35458028760556964,-0.27782276820345436
E01026237,E01026237,North Kesteven 004E,North Kesteven,1,2022,0.760940715455969,0.671828320961431,-0.06362184140661198,0.608206479554819,-0.15273423590114998,0.8716229471082257,0.11068223165225677,0.8699313834921835,0.10899066803621449,0.8735922592886276,0.11265154383265863
E01026238,E01026238,North Kesteven 004F,North Kesteven,1,2022,0.945044139809823,0.746833791431706,0.23839945567130105,0.9852332471030071,0.040189107293184034,0.8798389422842475,-0.06520519752557552,0.9249520179308033,-0.020092121879019764,0.8542366285710806,-0.09080751123874242
E01026239,E01026239,South Holland 011A,South Holland,1,2022,0.335948715970898,0.502124662005235,0.28920653299377197,0.791331194999007,0.45538247902810897,0.598595994426845,0.262647278455947,0.46024204488319503,0.12429332891229705,0.4876280506294042,0.1516793346585062
E01026240,E01026240,South Holland 011B,South Holland,1,2022,0.540052048644043,0.0926885059901901,-0.053793308181564886,0.038895197808625215,-0.5011568508354178,0.3422902960982276,-0.1977617525458154,0.23657991394194913,-0.3034721347020939,0.24727739301071025,-0.2927746556333327
E01026241,E01026241,South Holland 005A,South Holland,1,2022,0.303928252298932,0.125946997089488,0.1393202605049518,0.2652672575944398,-0.03866099470449219,0.3235075236530898,0.019579271354157823,0.22181041481018213,-0.08211783748874987,0.23842332066894975,-0.06550493162998225
E01026242,E01026242,South Holland 001A,South Holland,1,2022,1.32502041404426,1.40901993062053,0.06485156716084006,1.47387149778137,0.14885108373710998,1.5221296063902205,0.19710919234596047,1.4879748024778667,0.16295438843360666,1.451947679848471,0.12692726580421088
E01026243,E01026243,South Holland 001B,South Holland,1,2022,1.32633401719574,1.23960499687037,0.266895655723975,1.506500652594345,0.1801666353986049,1.4215464817869623,0.09521246459122223,1.354270113950685,0.027936096754944906,1.3071403188230883,-0.019193698372651724
E01026244,E01026244,South Holland 001C,South Holland,1,2022,1.94955824118604,1.37662211427964,-0.005553298840960119,1.3710688154386799,-0.5784894257473601,1.5486837680324812,-0.40087447315355873,1.6191220005833502,-0.3304362406026897,1.6196578542301456,-0.3299003869558943
E01026245,E01026245,South Holland 010A,South Holland,1,2022,1.49224644204556,1.11984405360621,0.285382572996037,1.4052266266022468,-0.08701981544331305,1.2774209697263548,-0.21482547231920512,1.3443296963582663,-0.14791674568729363,1.3275215645959721,-0.16472487744958775
E01026246,E01026246,South Holland 002A,South Holland,1,2022,1.49578135198031,1.64230029013139,0.38208562026510995,2.0243859103965,0.52860455841619,1.693439647114919,0.19765829513460886,1.6248590994342078,0.12907774745389777,1.6008539476302934,0.10507259564998339
E01026247,E01026247,South Holland 001D,South Holland,1,2022,2.13852747817653,2.4640213840173,1.10091202783384,3.5649334118511398,1.4264059336746095,2.3344150831020793,0.19588760492554913,2.530817014077317,0.39228953590078675,2.0755586612344006,-0.06296881694212964
E01026248,E01026248,South Holland 002B,South Holland,1,2022,0.684260146826963,0.507180950054712,0.252216768491372,0.759397718546084,0.07513757171912094,0.7099728429832505,0.025712696156287462,0.7076492801909824,0.023389133364019377,0.7482160948855271,0.06395594805856408
E01026249,E01026249,South Holland 010B,South Holland,1,2022,0.4502345190296,0.679788926894646,0.265739789621246,0.945528716515892,0.495294197486292,0.7776533557507179,0.32741883672111793,0.8294834545660562,0.3792489355364562,0.787454695952374,0.33722017692277406
E01026250,E01026250,South Holland 003A,South Holland,1,2022,1.01815876508812,0.820277610043264,0.2652925190785741,1.0855701291218383,0.06741136403371817,0.9188691050402933,-0.0992896600478268,0.853349213590403,-0.16480955149771703,0.8398295441967097,-0.17832922089141034
E01026251,E01026251,South Holland 003B,South Holland,1,2022,0.96917000916747,0.476176622048455,-0.004726618731064003,0.471450003317391,-0.497720005850079,0.7010040525681278,-0.26816595659934217,0.6508959297988851,-0.3182740793685849,0.7538756510747353,-0.21529435809273467
E01026252,E01026252,South Holland 003C,South Holland,1,2022,1.18544315379465,0.704439851083686,0.34439855486542803,1.048838405949114,-0.1366047478455359,0.9124787108956973,-0.2729644428989526,1.0362479489610927,-0.1491952048335572,1.0019398024458253,-0.18350335134882467
E01026253,E01026253,South Holland 003D,South Holland,1,2022,1.07098434260763,0.616275604826528,0.140150750823747,0.756426355650275,-0.31455798695735493,0.8377880523808847,-0.23319629022674526,0.9079470921794375,-0.1630372504281925,0.9177794753977967,-0.15320486720983328
E01026254,E01026254,South Holland 008A,South Holland,1,2022,2.00483152002382,2.04391724664509,0.41751980680620004,2.46143705345129,0.45660553342747034,2.071216482800229,0.06638496277640904,1.8802016602251919,-0.12462985979862795,2.1234191527831503,0.11858763275933049
E01026255,E01026255,South Holland 008B,South Holland,1,2022,2.68490927485308,2.75055350472062,0.6765962204519198,3.42714972517254,0.7422404503194597,2.769304710791516,0.08439543593843579,2.573197483219035,-0.1117117916340451,2.170175860835264,-0.5147334140178161
E01026256,E01026256,South Holland 008C,South Holland,1,2022,1.78141958811332,1.93631419013604,0.43150568499887987,2.36781987513492,0.5864002870216001,2.030668650018704,0.2492490619053842,1.9669285482477534,0.18550896013443352,1.7308848189334962,-0.05053476917982369
E01026257,E01026257,South Holland 002C,South Holland,1,2022,1.66389634230425,1.66707812401599,-0.19558258838029996,1.47149553563569,-0.19240080666856008,1.9083800610878305,0.24448371878358044,2.0049381163920956,0.34104177408784553,1.8772142772272016,0.21331793492295148
E01026258,E01026258,South Holland 005B,South Holland,1,2022,0.877592767725383,0.419349298265635,0.202531049175808,0.6218803474414429,-0.25571242028394003,0.629271939117752,-0.24832082860763094,0.7133452031386756,-0.16424756458670742,0.7037748334645554,-0.1738179342608276
E01026259,E01026259,South Holland 005C,South Holland,1,2022,0.568184647335114,0.6106291160981,0.08467100163466501,0.695300117732765,0.12711547039765103,0.8040233305342154,0.2358386831991014,0.7551000085473618,0.18691536121224783,0.7943847473509744,0.22620010001586044
E01026260,E01026260,South Holland 005D,South Holland,1,2022,1.1640966628394,1.23025025010035,0.525894664474802,1.756144914575152,0.5920482517357519,1.318385369320954,0.1542887064815539,1.3698316160182589,0.20573495317885881,1.3341389900075664,0.17004232716816636
E01026262,E01026262,South Holland 009A,South Holland,1,2022,0.184068336186352,0.105899858592744,0.380279969584429,0.486179828177173,0.302111491990821,0.2639400653010669,0.0798717291147149,0.22110161638719705,0.037033280200845065,0.2344415452017542,0.05037320901540221
E01026263,E01026263,South Holland 009B,South Holland,1,2022,-0.0267919833715165,-0.191711917261589,-0.09738917924364911,-0.28910109650523813,-0.2623091131337216,0.08615899954719622,0.11295098291871272,-0.01063718015501305,0.01615480321650345,-0.009095942239009657,0.01769604113250684
E01026264,E01026264,South Holland 009C,South Holland,1,2022,0.29049324377653,0.368866794415829,0.393375270300176,0.762242064716005,0.47174882093947496,0.5021014982299407,0.21160825445341064,0.5366491578973457,0.24615591412081567,0.5274659244482705,0.23697268067174043
E01026265,E01026265,South Holland 009D,South Holland,1,2022,1.71077943077472,1.48856983494479,0.2681158589267001,1.75668569387149,0.04590626309677015,1.5177792632726415,-0.1930001675020785,1.3293639922600868,-0.3814154385146331,1.4019364439347195,-0.30884298684000044
E01026266,E01026266,South Holland 006B,South Holland,1,2022,0.532554780307028,0.650612161541381,0.6433307565744583,1.2939429181158393,0.7613881378088113,0.6648997208528094,0.1323449405457814,0.4838167925881233,-0.04873798771890464,0.5050016273247953,-0.02755315298223271
E01026267,E01034699,South Holland 009F,South Holland,1,2022,0.290252627703302,0.139830539541669,-0.07227099754597802,0.06755954199569097,-0.22269308570761104,0.41113559164699987,0.12088296394369785,0.3202084729503566,0.02995584524705458,0.3421418327234812,0.051889205020179185
E01026268,E01026268,South Holland 007A,South Holland,1,2022,0.703108589017628,0.477449572985115,0.16236511145324095,0.6398146844383559,-0.06329390457927209,0.6583935071649845,-0.0447150818526435,0.7179424082613279,0.014833819243699975,0.7151636830542116,0.012055094036583669
E01026269,E01026269,South Holland 007B,South Holland,1,2022,0.380762908809073,0.337683300210545,-0.23028250505668396,0.10740079515386103,-0.27336211365521196,0.6490384142775879,0.2682755054685149,0.7046587927313246,0.3238958839222516,0.6583168742163094,0.27755396540723637
E01026270,E01026270,South Holland 007C,South Holland,1,2022,0.217222502098301,0.0238398211952236,0.0519800574560051,0.07581987865122869,-0.1414026234470723,0.33159811875671935,0.11437561665841836,0.3096534082021453,0.09243090610384433,0.31946798571564833,0.10224548361734734
E01026271,E01026271,South Holland 007D,South Holland,1,2022,1.24773174304775,1.43600185021676,0.2369068345918599,1.6729086848086199,0.42517694176086995,1.5473664465022552,0.29963470345450527,1.5472130329617806,0.29948128991403067,1.593957048265253,0.34622530521750305
E01026272,E01026272,South Holland 007E,South Holland,1,2022,0.133896299544898,0.0665733048787796,-0.3869785346314634,-0.3204052297526838,-0.45430152929758183,0.3964608437986505,0.2625645442537525,0.371734436243429,0.237838136698531,0.3172588999348222,0.1833626003899242
E01026273,E01026273,South Holland 006C,South Holland,1,2022,0.387771532184633,0.317900257315025,0.06820024223062904,0.38610049954565406,-0.001671032638978942,0.571715084667452,0.18394355248281902,0.6575231197667274,0.2697515875820944,0.5971227723414096,0.20935124015677664
E01026274,E01034697,South Holland 006H,South Holland,1,2022,0.111224212894394,-0.0676685000683946,0.13569858550346242,0.06803008543506782,-0.04319412745932619,0.15163176997107797,0.04040755707668396,0.10469521436898872,-0.006528998525405283,0.1284086433812041,0.017184430486810107
E01026275,E01026275,South Holland 006E,South Holland,1,2022,0.415308792997173,0.399949562266086,0.22694005297881703,0.626889615244903,0.21158082224773006,0.532649188258537,0.11734039526136403,0.4449867598939617,0.0296779668967887,0.43292482355987905,0.017616030562706053
E01026276,E01026276,South Holland 001E,South Holland,1,2022,1.27382104689717,0.96966874225345,0.18527577032033904,1.1549445125737892,-0.11887653432338086,1.1038587720951292,-0.16996227480204085,1.2620627818922123,-0.011758265004957691,1.1786559810900052,-0.09516506580716477
E01026277,E01026277,South Holland 008D,South Holland,1,2022,2.04645545693916,2.78478552722102,0.37968707323104,3.16447260045206,1.1180171435128998,2.828729897918416,0.7822744409792559,2.542619934291724,0.49616447735256397,2.121945159021708,0.0754897020825478
E01026278,E01026278,South Holland 008E,South Holland,1,2022,1.9091054744391,1.62228443836127,-0.13853593143174003,1.48374850692953,-0.4253569675095701,1.833922109143581,-0.07518336529551917,2.011434228926214,0.10232875448711387,1.9204825656312787,0.011377091192178668
E01026279,E01026279,South Holland 008F,South Holland,1,2022,1.5318410375123,1.93606712662833,0.10295969858917009,2.0390268252175003,0.5071857877052004,2.0837331643573562,0.5518921268450563,1.9832859185918212,0.4514448810795213,2.0023782238332406,0.47053718632094066
E01026280,E01026280,South Holland 010C,South Holland,1,2022,1.08022478711175,0.713478528248908,0.09225405844504497,0.805732586693953,-0.2744922004177971,0.9280570629911935,-0.15216772412055657,0.9300576858336775,-0.15016710127807253,0.9874665570221046,-0.09275823008964545
E01026281,E01026281,South Holland 004A,South Holland,1,2022,0.243734095428295,0.10743790479647,0.1351686982684501,0.2426066030649201,-0.0011274923633748934,0.26467282159677835,0.020938726168483357,0.21697462714572577,-0.026759468282569226,0.2148305127277053,-0.02890358270058971
E01026282,E01026282,South Holland 004B,South Holland,1,2022,0.721628818535996,0.71670457099909,0.376517041578157,1.093221612577247,0.3715927940412509,0.8300246582848324,0.10839583974883638,0.8844730948707092,0.1628442763347132,0.849158767423549,0.12752994888755298
E01026283,E01026283,South Holland 004C,South Holland,1,2022,0.656887445542133,0.511933612806962,-0.035911209764617924,0.4760224030423441,-0.18086504249978885,0.75323200278236,0.09634455724022706,0.6418051216473779,-0.015082323894755056,0.7854041617481031,0.12851671620597016
E01026284,E01026284,South Holland 011C,South Holland,1,2022,0.604444848250924,0.235588170834182,0.057111729012089996,0.292699899846272,-0.31174494840465206,0.46434665402449365,-0.14009819422643038,0.35891466697538327,-0.24553018127554077,0.34033267593691424,-0.2641121723140098
E01026285,E01026285,South Holland 004D,South Holland,1,2022,0.895597756197213,0.577297438852519,0.6485131480536855,1.2258105869062046,0.33021283070899154,0.6062020465586544,-0.28939570963855865,0.43269332054359516,-0.4629044356536179,0.45464653028813545,-0.4409512259090776
E01026286,E01026286,South Holland 004E,South Holland,1,2022,1.03655196336826,0.883554575615405,0.518219592206607,1.401774167822012,0.36522220445375186,0.9037432800317245,-0.1328086833365355,0.9209406912419986,-0.11561127212626143,0.9088326052206828,-0.1277193581475773
E01026287,E01026287,South Kesteven 015A,South Kesteven,1,2022,0.358877466774759,0.465248013549572,0.4371292241180603,0.9023772376676323,0.5434997708928733,0.5951907315592156,0.23631326478445663,0.553853355103158,0.19497588832839902,0.5630180105371188,0.20414054376235974
E01026288,E01026288,South Kesteven 015B,South Kesteven,1,2022,0.802029763424869,0.888413057161321,-0.07692598904365999,0.811487068117661,0.009457304692792046,1.0848804644477592,0.2828507010228902,1.1168068381647136,0.3147770747398446,1.1369650171965489,0.3349352537716799
E01026289,E01026289,South Kesteven 015C,South Kesteven,1,2022,0.21014860827155,0.224621618773854,0.1486513321350253,0.3732729509088793,0.1631243426373293,0.3884822915018207,0.17833368323027068,0.29199920398936113,0.08185059571781114,0.29060142655451304,0.08045281828296305
E01026290,E01026290,South Kesteven 008A,South Kesteven,1,2022,1.19259466544341,1.34234679094868,0.49424497705053494,1.8365917679992148,0.6439971025558047,1.3671356743979894,0.17454100895457936,1.454448059253273,0.26185339380986283,1.506725787346582,0.31413112190317194
E01026291,E01026291,South Kesteven 002A,South Kesteven,1,2022,0.836398231243434,0.653788556800316,0.10163268686487803,0.755421243665194,-0.08097698757824001,0.8548455089403001,0.01844727769686605,0.8654395757503361,0.0290413445069021,0.874162381291215,0.037764150047781
E01026292,E01026292,South Kesteven 007A,South Kesteven,1,2022,1.00651455402657,0.885823473704858,0.20605102461506708,1.0918744983199251,0.08535994429335503,0.9791645688289091,-0.027349985197660964,0.8623705445941173,-0.14414400943245276,0.8881764741067493,-0.11833807991982082
E01026293,E01026293,South Kesteven 007B,South Kesteven,1,2022,0.690828775232734,0.309000066416438,-0.06551133702031398,0.24348872939612404,-0.44734004583660997,0.5603290187189267,-0.1304997565138073,0.7617514226377513,0.0709226474050173,0.6491608513069412,-0.04166792392579277
E01026294,E01026294,South Kesteven 007C,South Kesteven,1,2022,0.494824211731121,0.237635894987145,-0.09070878951413303,0.14692710547301197,-0.34789710625810905,0.5060850650938468,0.011260853362725753,0.48338708121895246,-0.011437130512168547,0.5739797731226094,0.07915556139148838
E01026296,E01026296,South Kesteven 011B,South Kesteven,1,2022,1.10508667348675,0.601021340948354,0.050075038765992064,0.6510963797143461,-0.45399029377240385,0.7800453855605717,-0.32504128792617826,0.7881203209298365,-0.3169663525569134,0.7792701013305711,-0.3258165721561789
E01026297,E01026297,South Kesteven 011C,South Kesteven,1,2022,0.712638887812525,0.689264427146205,0.06495416005840993,0.7542185872046149,0.04157969939208983,0.942328695608238,0.2296898077957129,1.2024439954717951,0.4898051076592701,1.248751590937365,0.5361127031248399
E01026298,E01026298,South Kesteven 011D,South Kesteven,1,2022,1.4610160164666,1.14884423611036,-0.005792914506230096,1.1430513216041298,-0.31796469486247014,1.3120744535559037,-0.14894156291069627,1.2145669383032611,-0.24644907816333883,1.2068959283395229,-0.2541200881270771
E01026299,E01026299,South Kesteven 010A,South Kesteven,1,2022,0.991212606744844,0.685012445727755,-0.4035488215868549,0.2814636241409001,-0.7097489826039439,1.0084556344265256,0.017243027681681622,1.040871821758678,0.04965921501383408,0.9991549771085083,0.007942370363664297
E01026300,E01026300,South Kesteven 010B,South Kesteven,1,2022,0.58811735220143,0.351606635579086,0.03479201235016599,0.386398647929252,-0.20171870427217803,0.6157454849427487,0.0276281327413187,0.7187911284043751,0.13067377620294507,0.6665918228892522,0.0784744706878222
E01026301,E01034705,South Kesteven 010G,South Kesteven,1,2022,0.51614364481282,0.727097605522645,0.25342667607080505,0.9805242815934501,0.46438063678063,0.8833144871694886,0.3671708423566685,0.9614412038008402,0.44529755898802015,0.9467327188001607,0.4305890739873407
E01026302,E01026302,South Kesteven 010D,South Kesteven,1,2022,0.450802767835982,0.52979225305441,-0.2887235571721489,0.2410686958822611,-0.2097340719537209,0.7929339526011269,0.34213118476514487,0.7399794572248272,0.28917668938884517,0.7158298004648467,0.2650270326288647
E01026303,E01026303,South Kesteven 014A,South Kesteven,1,2022,0.141536401181976,0.206836306166718,-0.07927493347616499,0.127561372690553,-0.013975028491422986,0.4863932557513748,0.34485685456939885,0.4845009767207448,0.3429645755387688,0.5413382224740272,0.3998018212920512
E01026304,E01026304,South Kesteven 014B,South Kesteven,1,2022,0.361627836366963,0.372132339237369,0.29325339974987086,0.6653857389872398,0.30375790262027685,0.5117085170748219,0.1500806807078589,0.44246444131474627,0.08083660494778327,0.47052996541425224,0.10890212904728924
E01026305,E01026305,South Kesteven 014C,South Kesteven,1,2022,0.421593189596308,0.291526307509738,0.21746018066873352,0.5089864881784716,0.0873932985821636,0.46153721440134493,0.03994402480503695,0.4001706029749619,-0.021422586621346107,0.41039884702919166,-0.011194342567116322
E01026306,E01026306,South Kesteven 014D,South Kesteven,1,2022,0.878695706220757,0.987230530163977,-0.1461393929815531,0.8410911371824239,-0.03760456903833309,1.2372398733845342,0.35854416716377724,1.155568721297903,0.2768730150771459,1.0729097882705707,0.19421408204981372
E01026307,E01026307,South Kesteven 014E,South Kesteven,1,2022,0.585735688627058,0.197742017688808,-0.044449070847597,0.153292946841211,-0.4324427417858471,0.4600106674267878,-0.12572502120027024,0.45507151672681107,-0.13066417190024698,0.48765937668497444,-0.0980763119420836
E01026308,E01026308,South Kesteven 005A,South Kesteven,1,2022,1.42308320012449,1.41768043235527,0.15072571845505012,1.5684061508103202,0.14532295068583023,1.6268332859445869,0.2037500858200969,1.8570157697674388,0.4339325696429488,1.4084074945266187,-0.014675705597871236
E01026309,E01026309,South Kesteven 005B,South Kesteven,1,2022,0.88067687120508,1.13229353934301,0.150256622815783,1.2825501621587931,0.40187329095371316,1.2645801079091092,0.38390323670402926,1.3249083831809134,0.44423151197583344,1.2795270420896572,0.3988501708845772
E01026310,E01026310,South Kesteven 005C,South Kesteven,1,2022,1.22772087457134,0.989650740535514,0.1005713617942231,1.0902221023297372,-0.13749877224160278,1.1477965428169306,-0.07992433175440938,1.298142774231573,0.07042189966023304,1.2084156300965339,-0.019305244474806083
E01026311,E01026311,South Kesteven 005D,South Kesteven,1,2022,1.15714052280022,1.13083429647977,-0.26784186964219003,0.8629924268375799,-0.29414809596264013,1.40641010350965,0.24926958070942984,1.2125375597997843,0.05539703699956422,1.2946091676286433,0.13746864482842325
E01026312,E01026312,South Kesteven 005E,South Kesteven,1,2022,1.87688416862305,1.35352332785367,0.381665156450144,1.735188484303814,-0.14169568431923607,1.4615627924616579,-0.4153213761613921,1.455746862839609,-0.4211373057834409,1.3571300623844367,-0.5197541062386133
E01026313,E01026313,South Kesteven 001A,South Kesteven,1,2022,0.430130832380288,0.546000678910503,0.47308943928737934,1.0190901181978824,0.5889592858175945,0.6404897691726215,0.21035893679233347,0.5153710395514366,0.08524020717114861,0.534554514666076,0.10442368228578797
E01026314,E01026314,South Kesteven 001B,South Kesteven,1,2022,0.406106655899187,-0.0582511607235196,0.2917399767557524,0.23348881603223282,-0.17261783986695417,0.14867109937645373,-0.25743555652273326,0.10269619639502803,-0.30341045950415896,0.12913047265560573,-0.27697618324358125
E01026315,E01026315,South Kesteven 009A,South Kesteven,1,2022,0.915525606176483,0.578410173506651,0.21058653105593805,0.7889967045625891,-0.12652890161389396,0.7709483995421602,-0.14457720663432283,0.7679025034339872,-0.1476231027424958,0.7715836851636143,-0.14394192101286873
E01026316,E01026316,South Kesteven 007D,South Kesteven,1,2022,0.348833164177184,0.288910974906424,0.03454102466122799,0.32345199956765197,-0.025381164609532048,0.4737464803351629,0.1249133161579789,0.392237481674731,0.043404317497546974,0.38948391604361277,0.04065075186642875
E01026317,E01026317,South Kesteven 006A,South Kesteven,1,2022,1.34823547040795,1.68068999858954,0.54401376056298,2.2247037591525203,0.8764682887445703,1.692806325647438,0.34457085523948794,1.5997052818201292,0.25146981141217917,1.5038083445651274,0.15557287415717735
E01026318,E01026318,South Kesteven 006B,South Kesteven,1,2022,1.03589494754781,1.12064189221072,-0.04274861111688,1.07789328109384,0.04199833354602989,1.351616208265152,0.31572126071734186,1.3351224191476891,0.29922747159987906,1.3072435501724369,0.2713486026246268
E01026319,E01026319,South Kesteven 006C,South Kesteven,1,2022,1.27548319302359,1.21642478142978,0.40449127776162097,1.620916059191401,0.345432866167811,1.2689780052515764,-0.0065051877720134765,1.401311121617656,0.125827928594066,1.313759801507805,0.03827660848421499
E01026320,E01034701,South Kesteven 004F,South Kesteven,1,2022,1.00108708900149,0.855839041698511,0.13203680151443298,0.987875843212944,-0.013211245788546044,1.0583231923245204,0.05723610332303042,1.3222378043163467,0.3211507153148567,1.2242052872675708,0.2231181982660808
E01026321,E01026321,South Kesteven 004B,South Kesteven,1,2022,1.60296205525027,1.39343135927377,0.34774111159384,1.74117247086761,0.13821041561734004,1.4504488314025934,-0.15251322384767652,1.431859739428944,-0.17110231582132585,1.3833426287010244,-0.2196194265492455
E01026322,E01026322,South Kesteven 004C,South Kesteven,1,2022,0.914938362331726,0.778292829182252,-0.055744113487899094,0.7225487156943529,-0.19238964663737312,0.9998466514423603,0.0849082891106343,1.0239537980516074,0.10901543571988137,0.9866568268718541,0.07171846454012809
E01026323,E01026323,South Kesteven 004D,South Kesteven,1,2022,2.09996220293717,1.80780828372715,0.6614742298163501,2.4692825135435,0.3693203106063301,1.7991350405256088,-0.30082716241156104,1.6003982547582205,-0.49956394817894934,1.4901089011851782,-0.6098533017519916
E01026324,E01026324,South Kesteven 004E,South Kesteven,1,2022,0.636759946774048,0.652107048674937,0.42879017127111896,1.0808972199460558,0.4441372731720078,0.7196086373505394,0.08284869057649136,0.6368012601143769,4.131334032886347e-05,0.6269113846067063,-0.009848562167341757
E01026325,E01026325,South Kesteven 003A,South Kesteven,1,2022,1.25326872611382,1.54695650150248,0.867985738278706,2.414942239781186,1.161673513667366,1.5246664886209311,0.2713977625071111,1.3190760528872882,0.06580732677346823,1.2871186569187725,0.033849930804952466
E01026326,E01026326,South Kesteven 003B,South Kesteven,1,2022,1.2844822420238,1.05977626520434,0.3327077219847001,1.3924839871890402,0.10800174516524019,1.1297059249288746,-0.15477631709492545,1.3113019008733897,0.0268196588495897,1.2114571305677455,-0.0730251114560545
E01026327,E01026327,South Kesteven 003C,South Kesteven,1,2022,1.46819310419435,1.31113320128075,0.4237742087849029,1.7349074100656527,0.26671430587130285,1.3711067891636533,-0.09708631503069665,1.5196777597780138,0.051484655583663885,1.5341019871840398,0.06590888298968989
E01026328,E01026328,South Kesteven 003D,South Kesteven,1,2022,1.3222838088406,1.419627151881,0.018361259392690066,1.43798841127369,0.11570460243309011,1.6592481776324892,0.3369643687918893,1.8901607744789195,0.5678769656383196,1.5340300614450058,0.21174625260440583
E01026329,E01026329,South Kesteven 001C,South Kesteven,1,2022,0.0384797303189577,0.0102206684876988,0.3357795121633068,0.34600018065100563,0.30752045033204795,0.17888964201568608,0.1404099116967284,0.20285160366494828,0.16437187334599057,0.24179621347103494,0.20331648315207723
E01026330,E01026330,South Kesteven 012A,South Kesteven,1,2022,0.209316223618798,0.270224822899372,0.19077186577668848,0.4609966886760605,0.2516804650572625,0.46021562589604237,0.2508994022772444,0.4159405844448564,0.20662436082605837,0.42958284083724946,0.22026661721845145
E01026331,E01026331,South Kesteven 009B,South Kesteven,1,2022,0.746388566601946,0.766665394176062,0.637569917806019,1.404235311982081,0.657846745380135,0.7708381418247009,0.024449575222754927,0.5901116628234417,-0.15627690377850423,0.6662085267930997,-0.08018003980884625
E01026332,E01026332,South Kesteven 007E,South Kesteven,1,2022,0.196722386518774,0.375693734632452,0.19071012577365098,0.566403860406103,0.369681473887329,0.5086706500930357,0.3119482635742617,0.4806198110585776,0.2838974245398036,0.4907570565635136,0.2940346700447396
E01026333,E01026333,South Kesteven 001D,South Kesteven,1,2022,-0.0499429475136945,-0.0584384487493671,0.2400915170540059,0.1816530683046388,0.23159601581833328,0.15483716216250087,0.20478010967619537,0.09579334029377028,0.14573628780746478,0.05915790095235701,0.1091008484660515
E01026334,E01026334,South Kesteven 013A,South Kesteven,1,2022,0.160053237839321,0.403914771678382,0.3150008992297386,0.7189156709081206,0.5588624330687996,0.5303766153145305,0.3703233774752095,0.5232047241045718,0.36315148626525073,0.524043496601687,0.363990258762366
E01026335,E01026335,South Kesteven 013B,South Kesteven,1,2022,1.11334144589434,1.05781116548558,-0.3098220800182101,0.7479890854673699,-0.36535236042697017,1.347190529676833,0.23384908378249292,1.30698620974515,0.19364476385080986,1.327555366077692,0.21421392018335195
E01026336,E01026336,South Kesteven 013C,South Kesteven,1,2022,0.972652586879685,0.544273792377791,-0.265124715699258,0.27914907667853306,-0.693503510201152,0.8602898430500745,-0.11236274382961053,0.8522807661815669,-0.12037182069811814,0.7857713156530632,-0.1868812712266218
E01026337,E01026337,South Kesteven 013D,South Kesteven,1,2022,0.409110938205875,0.560095509236764,0.27794793500397996,0.838043444240744,0.42893250603486893,0.7168499994737793,0.30773906126790423,0.727209586973872,0.3180986487679969,0.7241741017184204,0.31506316351254543
E01026338,E01026338,South Kesteven 009C,South Kesteven,1,2022,0.196600147788226,-0.156079717825329,-0.1261063093947034,-0.2821860272200324,-0.4787861750082584,0.09521138293077361,-0.10138876485745238,0.07754563805641795,-0.11905450973180803,0.10981684967715404,-0.08678329811107195
E01026339,E01026339,South Kesteven 009D,South Kesteven,1,2022,0.273928504540107,0.172795251899109,0.341452664043579,0.514247915942688,0.24031941140258106,0.29028034839801287,0.01635184385790589,0.22017975497186057,-0.05374874956824641,0.1636512833387999,-0.11027722120130706
E01026340,E01026340,South Kesteven 002B,South Kesteven,1,2022,1.0212698394408,1.31817569943526,0.5096814472066921,1.8278571466419522,0.8065873072011522,1.356206385437582,0.33493654599678213,1.4738553819099292,0.4525855424691292,1.436326615352247,0.41505677591144696
E01026341,E01026341,South Kesteven 008B,South Kesteven,1,2022,0.987385736775322,0.535443140083402,0.05455908446794,0.590002224551342,-0.39738351222398005,0.758183499419479,-0.229202237355843,0.7555627330642561,-0.2318230037110659,0.7868129305351723,-0.20057280624014973
E01026342,E01026342,South Kesteven 008C,South Kesteven,1,2022,0.574565996827621,0.355117503643885,0.013007153904625979,0.368124657548511,-0.20644133927911001,0.5738713404982666,-0.0006946563293543928,0.6509657874290423,0.07639979060142132,0.6378165052973441,0.06325050846972313
E01026343,E01026343,South Kesteven 006D,South Kesteven,1,2022,1.52453940236064,1.59682470032621,0.45129465338023,2.04811935370644,0.5235799513457999,1.6539950873997835,0.1294556850391435,1.606698411115697,0.082159008755057,1.4818569971221913,-0.042682405238448684
E01026344,E01026344,South Kesteven 006E,South Kesteven,1,2022,1.27324557853672,0.594922327798636,-0.08136467668108205,0.5135576511175539,-0.7596879274191661,0.902549252094579,-0.370696326442141,1.224245028237687,-0.04900055029903294,1.2593543361080293,-0.013891242428690775
E01026345,E01026345,South Kesteven 006F,South Kesteven,1,2022,1.28976102127773,1.40007742911948,-0.2222645537360901,1.1778128753833899,-0.1119481458943401,1.6659719015947465,0.37621088031701655,1.8677038588156543,0.5779428375379243,1.7621797722846253,0.47241875100689534
E01026346,E01026346,South Kesteven 015D,South Kesteven,1,2022,0.0154228326771104,0.316522321973353,0.101143005384014,0.417665327357367,0.4022424946802566,0.5247472478828172,0.5093244152057068,0.5540552320769409,0.5386323993998304,0.48043249455781395,0.46500966188070353
E01026347,E01026347,South Kesteven 015E,South Kesteven,1,2022,1.53364406539131,1.38727743899509,0.17887649189617982,1.5661539308912698,0.03250986549995982,1.5059045958992479,-0.027739469492062074,1.4870970467499842,-0.04654701864132571,1.4959618579234544,-0.037682207467855555
E01026348,E01026348,South Kesteven 015F,South Kesteven,1,2022,0.76320538417075,0.483781080709905,0.289939123262679,0.773720203972584,0.010514819801833997,0.6618525635705469,-0.10135282060020312,0.6933311515394115,-0.06987423263133852,0.7126666685836482,-0.05053871558710177
E01026349,E01026349,South Kesteven 016A,South Kesteven,1,2022,0.671947053680324,0.353365196805444,0.20319526035424898,0.5565604571596929,-0.1153865965206311,0.5463254506379498,-0.12562160304237424,0.6059722897029652,-0.0659747639773588,0.5978048003310386,-0.07414225334928548
E01026350,E01026350,South Kesteven 016B,South Kesteven,1,2022,0.795100295973979,0.615192705871769,-0.055086146242654954,0.560106559629114,-0.23499373634486498,0.8681590681943292,0.07305877222035018,0.9225120282624307,0.1274117322884517,0.9254083438014431,0.13030804782746408
E01026351,E01026351,South Kesteven 016C,South Kesteven,1,2022,0.52582452137858,0.565785784015388,0.06357901672075006,0.6293648007361381,0.10354027935755805,0.7796474819157226,0.2538229605371426,0.6738037193537996,0.14797919797521952,0.742476880816149,0.216652359437569
E01026352,E01026352,South Kesteven 003E,South Kesteven,1,2022,1.31576818799169,1.02423550518439,0.2973806837624121,1.3216161889468023,0.005848000955112287,1.1068727491408141,-0.20889543885087591,1.0354539773542109,-0.2803142106374792,1.0542067481419612,-0.2615614398497288
E01026353,E01026353,South Kesteven 003F,South Kesteven,1,2022,2.2489225046844,1.78180449784465,-0.18727535487681002,1.5945291429678399,-0.65439336171656,2.084196039198436,-0.16472646548596392,2.043103799836345,-0.20581870484805487,2.2055113180804997,-0.0434111866039002
E01026354,E01026354,South Kesteven 003G,South Kesteven,1,2022,0.496537395718909,0.620126686859286,-0.060668016797385094,0.5594586700619009,0.06292127434299188,0.8142531925128649,0.3177157967939559,0.7780370372290781,0.28149964151016915,0.8095036163668681,0.3129662206479591
E01026355,E01026355,South Kesteven 002C,South Kesteven,1,2022,0.0763934120135387,-0.0025544343325705,0.4890934610932085,0.486539026760638,0.41014561474709926,0.11140503792989842,0.035011625916359715,0.06482126607129081,-0.011572145942247897,0.08191521231795167,0.0055218003044129604
E01026356,E01026356,South Kesteven 016D,South Kesteven,1,2022,-0.0011047135488468,0.0890883893208668,0.1150797111222172,0.20416810044308398,0.20527281399193079,0.30089104966191715,0.30199576321076393,0.21614376407787197,0.21724847762671878,0.2312163100083598,0.2323210235572066
E01026357,E01026357,South Kesteven 016E,South Kesteven,1,2022,0.395734538179639,0.0826575560923536,0.051019108152670904,0.1336766642450245,-0.2620578739346145,0.29132181385266953,-0.10441272432696946,0.2069612841802491,-0.1887732539993899,0.22165755397814593,-0.17407698420149306
E01026358,E01026358,South Kesteven 016F,South Kesteven,1,2022,0.157593782000816,-0.100317001434952,-0.084292866755318,-0.18460986819026998,-0.342203650191086,0.1464717037316149,-0.011122078269201113,0.2038618222892147,0.046268040288398704,0.19767198842953446,0.040078206428718455
E01026359,E01026359,South Kesteven 016G,South Kesteven,1,2022,0.171413527048633,-0.0983838517555905,-0.0034578342500971027,-0.1018416860056876,-0.2732552130543206,0.15610937277731404,-0.015304154271318954,0.12259362593115922,-0.04881990111747378,0.08026715051793219,-0.0911463765307008
E01026360,E01026360,South Kesteven 012B,South Kesteven,1,2022,0.752767494418321,0.430843960842755,0.136809021582932,0.5676529824256871,-0.18511451199263396,0.6171419846384892,-0.1356255097798318,0.7811067422542353,0.02833924783591424,0.7284843513576789,-0.024283143060642165
E01026361,E01026361,South Kesteven 008D,South Kesteven,1,2022,1.22936625125483,1.29907901830348,0.22878598380398985,1.5278650021074698,0.29849875085263977,1.4107295616840014,0.18136331042917142,1.4243690373545845,0.19500278609975452,1.4459912982557677,0.21662504700093765
E01026362,E01026362,South Kesteven 012C,South Kesteven,1,2022,0.263263320088454,0.257769426387991,0.056922108778050984,0.314691535166042,0.05142821507758799,0.5035199989804059,0.2402566788919519,0.4310463373325763,0.1677830172441223,0.4807978356788013,0.2175345155903473
E01026363,E01026363,South Kesteven 012D,South Kesteven,1,2022,0.857958534191124,0.742886729913645,-0.02746462418601403,0.715422105727631,-0.14253642846349301,0.9110738298888903,0.053115295697766296,0.8941773822864199,0.03621884809529585,0.9053369061262938,0.047378371935169805
E01026364,E01026364,South Kesteven 012E,South Kesteven,1,2022,0.625230914058829,0.522793378018496,0.47648757704306693,0.9992809550615629,0.37405004100273387,0.6086400617979387,-0.0165908522608903,0.4799829914872018,-0.14524792257162722,0.527782891147394,-0.09744802291143506
E01026365,E01026365,South Kesteven 002D,South Kesteven,1,2022,0.0563621764487504,-0.0849891374376633,0.4351993022784197,0.3502101648407564,0.293847988392006,0.03760991668951217,-0.018752259759238228,0.04863327577239203,-0.007728900676358369,0.05404168804114301,-0.002320488407607388
E01026366,E01026366,West Lindsey 011A,West Lindsey,1,2022,0.321091636337554,0.143691557814275,0.0897800771217776,0.2334716349360526,-0.08762000140150139,0.34299330137980716,0.02190166504225316,0.221561702693902,-0.09952993364365201,0.2305401285758063,-0.0905515077617477
E01026367,E01026367,West Lindsey 001A,West Lindsey,1,2022,1.41734447337646,0.93223895246879,0.589041195977303,1.521280148446093,0.10393567506963297,0.9826845599518569,-0.4346599134246031,0.8997943382454646,-0.5175501351309953,0.9059195011713532,-0.5114249722051067
E01026368,E01026368,West Lindsey 001B,West Lindsey,1,2022,0.430346627352886,-0.0502271806491015,0.1599677040625205,0.109740523413419,-0.320606103939467,0.12679819593061464,-0.30354843142227134,0.05118883921078881,-0.37915778814209716,0.07433691871180848,-0.3560097086410775
E01026369,E01026369,West Lindsey 011B,West Lindsey,1,2022,1.54732372643034,0.919643084432146,-0.29809429123701403,0.621548793195132,-0.9257749332352081,1.2403062106829008,-0.3070175157474393,1.221362986370468,-0.3259607400598721,1.1513192280234328,-0.3960044984069073
E01026370,E01026370,West Lindsey 011C,West Lindsey,1,2022,0.828219659599108,0.764825261900538,0.220392511925806,0.985217773826344,0.15699811422723597,0.9253391864048498,0.09711952680574176,0.9635887128961572,0.13536905329704918,0.9678820413992197,0.1396623818001117
E01026371,E01026371,West Lindsey 011D,West Lindsey,1,2022,0.604529263932864,0.945351522866551,0.40740913890308805,1.352760661769639,0.7482313978367751,0.9849717391132554,0.3804424751803914,0.8750551912476573,0.2705259273147933,0.9117393214672413,0.30721005753437736
E01026372,E01026372,West Lindsey 008A,West Lindsey,1,2022,0.764091342226023,0.479609643679739,0.162626262521887,0.6422359062016261,-0.12185543602439697,0.6615389163794051,-0.10255242584661795,0.7077303380044738,-0.056361004221549216,0.7094577975071092,-0.054633544718913796
E01026373,E01026373,West Lindsey 011E,West Lindsey,1,2022,0.873917622457271,1.09333420539861,0.25259584928299095,1.3459300546816009,0.47201243222432987,1.2181620746017503,0.3442444521444793,1.358352411108111,0.4844347886508399,1.3301442910139298,0.45622666855665883
E01026374,E01026374,West Lindsey 006A,West Lindsey,1,2022,1.94969727400795,1.83925303349407,0.6431163087063301,2.4823693422004,0.5326720681924499,1.8568306887684836,-0.09286658523946634,1.8476038459831619,-0.10209342802478805,1.6121314061731957,-0.3375658678347542
E01026375,E01026375,West Lindsey 006B,West Lindsey,1,2022,2.57804523882111,2.4198269766963,-0.1284544219854502,2.2913725547108497,-0.28667268411026026,2.602978847962006,0.024933609140896262,2.5676105727387677,-0.010434666082342225,2.2072138917336623,-0.3708313470874476
E01026376,E01026376,West Lindsey 006C,West Lindsey,1,2022,1.86870744417967,1.93652827579528,0.26000713376750006,2.19653540956278,0.32782796538311,2.0254086919949383,0.15670124781526829,2.0037349686838417,0.13502752450417166,1.992777510779653,0.12407006659998299
E01026377,E01026377,West Lindsey 006D,West Lindsey,1,2022,1.98313027670046,1.76418970030598,0.32597898722033003,2.09016868752631,0.10703841082584997,1.8211467211057126,-0.1619835555947473,1.8943208555487043,-0.08880942115175561,1.6193347293002738,-0.36379554740018616
E01026378,E01026378,West Lindsey 004A,West Lindsey,1,2022,1.95520480250573,1.37200903372789,0.08867020305859996,1.46067923678649,-0.49452556571924,1.5594739405719045,-0.39573086193382556,1.6064457795806064,-0.3487590229251236,1.5873355445659687,-0.36786925793976133
E01026379,E01026379,West Lindsey 004B,West Lindsey,1,2022,1.61513504830134,1.3837662951644,0.25587600018389,1.63964229534829,0.024507247046950065,1.485789132000714,-0.12934591630062608,1.4767622020174729,-0.13837284628386715,1.4566903790808985,-0.15844466922044154
E01026380,E01026380,West Lindsey 002A,West Lindsey,1,2022,1.44414019595831,1.13376153348804,0.12451129480719003,1.25827282829523,-0.18586736766307999,1.2899118691693012,-0.15422832678900877,1.291467509824021,-0.15267268613428908,1.2507476518046816,-0.1933925441536284
E01026381,E01026381,West Lindsey 004C,West Lindsey,1,2022,2.14577175029184,2.17113024226041,1.0447835179617002,3.2159137602221106,1.0701420099302705,2.0450848142111977,-0.10068693608064239,1.9200651683279926,-0.22570658196384752,2.0755586612344006,-0.0702130890574395
E01026382,E01026382,West Lindsey 004D,West Lindsey,1,2022,2.18767200538713,2.42546684682618,0.36957250707119016,2.79503935389737,0.6073673485102402,2.5010171720668173,0.31334516667968737,2.5125542928104476,0.3248822874233177,2.107448325549729,-0.08022367983740075
E01026383,E01026383,West Lindsey 004E,West Lindsey,1,2022,2.14127017608996,2.34295520863306,0.41652167698006015,2.75947688561312,0.61820670952316,2.3942609003005497,0.25299072421058977,2.0856050202184018,-0.05566515587155818,2.1139016677935647,-0.027368508296395255
E01026384,E01026384,West Lindsey 004F,West Lindsey,1,2022,2.08683896875465,2.44596128355191,0.56404509178889,3.0100063753408,0.9231674065861499,2.475572245516303,0.3887332767616529,2.526861528660937,0.440022559906287,2.1167655018007228,0.029926533046072734
E01026385,E01026385,West Lindsey 005A,West Lindsey,1,2022,0.654470287553939,0.33197587397841,0.143105159873258,0.475081033851668,-0.179389253702271,0.5494685571764655,-0.10500173037747351,0.576756480289542,-0.07771380726439703,0.601027165355248,-0.05344312219869096
E01026386,E01026386,West Lindsey 005B,West Lindsey,1,2022,0.830777277414728,1.04703589147695,0.5590551795943559,1.6060910710713059,0.7753137936565779,1.109206126200164,0.27842884878543606,1.0709941393809048,0.24021686196617686,1.0313735731825542,0.20059629576782623
E01026387,E01026387,West Lindsey 001C,West Lindsey,1,2022,0.332056012166023,0.135427385076402,0.322760664238967,0.458188049315369,0.126132037149346,0.2777567793389411,-0.05429923282708188,0.2120005702892573,-0.12005544187676567,0.21008409436817813,-0.12197191779784486
E01026388,E01026388,West Lindsey 007A,West Lindsey,1,2022,0.747460870778779,0.618435843644459,-0.259137092603715,0.35929875104074405,-0.38816211973803494,0.8619180796837355,0.11445720890495648,0.7555334386393846,0.008072567860605617,0.78396900495325,0.03650813417447096
E01026389,E01026389,West Lindsey 003A,West Lindsey,1,2022,1.04641329401176,1.16434724222895,-0.01579878621821007,1.14854845601074,0.10213516199897987,1.4000371323477276,0.35362383833596756,1.268886302334523,0.22247300832276284,1.3231861016402342,0.2767728076284741
E01026390,E01026390,West Lindsey 003B,West Lindsey,1,2022,0.765398146442926,1.09104569853837,0.3752309463229161,1.4662766448612863,0.7008784984183603,1.2114703021929807,0.44607215575005466,1.2952961298026051,0.5298979833596791,1.243701024455651,0.478302878012725
E01026391,E01026391,West Lindsey 003C,West Lindsey,1,2022,0.977196753092623,0.447322577456132,0.11428945417578201,0.561612031631914,-0.415584721460709,0.5865462671912925,-0.39065048590133045,0.5112077605874448,-0.4659889925051782,0.5091014550825825,-0.46809529801004046
E01026392,E01026392,West Lindsey 003D,West Lindsey,1,2022,0.563242379672067,0.448022763159131,0.13989585121700898,0.5879186143761399,0.024676234704072875,0.6047720677302835,0.04152968805821644,0.5797824346654243,0.01654005499335731,0.552126191490642,-0.011116188181425013
E01026393,E01026393,West Lindsey 010A,West Lindsey,1,2022,0.703429951886556,0.580213378106709,0.11670847481061303,0.696921852917322,-0.0065080989692339886,0.7974123381688922,0.09398238628233624,0.7469734567607996,0.04354350487424363,0.8103511126475159,0.10692116076095992
E01026394,E01026394,West Lindsey 010B,West Lindsey,1,2022,0.784176038953714,0.761447320387765,0.16353227721637698,0.924979597604142,0.14080355865042793,0.9184874009400141,0.13431136198630012,1.0126505971393716,0.22847455818565754,0.9754961438389392,0.19132010488522522
E01026395,E01026395,West Lindsey 010C,West Lindsey,1,2022,0.59804333129298,0.788244911242464,0.08793541172879904,0.876180322971263,0.278136991678283,0.9413542544066124,0.3433109231136323,0.9075262795673779,0.3094829482743978,0.9088407037819696,0.31079737248898953
E01026396,E01026396,West Lindsey 009A,West Lindsey,1,2022,0.659571216522315,0.337833858891242,0.130821760441292,0.468655619332534,-0.19091559718978096,0.5636348888672307,-0.09593632765508431,0.6084505934415041,-0.05112062308081089,0.6315454815222603,-0.028025735000054675
E01026397,E01034706,West Lindsey 009E,West Lindsey,1,2022,1.07533874272669,0.625049175006317,0.263024704504375,0.8880738795106919,-0.1872648632159981,0.7731904294756818,-0.3021483132510082,0.8023996375505709,-0.2729391051761192,0.7829016671547846,-0.29243707557190546
E01026398,E01026398,West Lindsey 009C,West Lindsey,1,2022,1.14341566773308,0.643942488415041,0.321532773025562,0.965475261440603,-0.17794040629247698,0.7873048877764475,-0.35611077995663254,0.8504411794769883,-0.29297448825609174,0.8072797930210882,-0.3361358747119918
E01026399,E01026399,West Lindsey 005C,West Lindsey,1,2022,0.990293763124908,0.810221390364122,-0.10761613621260102,0.702605254151521,-0.28768850897338705,0.9882229776776328,-0.0020707854472752363,0.9185616597908292,-0.07173210333407887,0.9672801717920602,-0.02301359133284786
E01026400,E01026400,West Lindsey 009D,West Lindsey,1,2022,0.284403340709553,0.270202690837724,-0.155292334497539,0.11491035634018504,-0.16949298436936794,0.5278516667819574,0.2434483260724044,0.5095958066094382,0.22519246589988517,0.44697299852311545,0.16256965781356247
E01026401,E01026401,West Lindsey 002B,West Lindsey,1,2022,0.250666196489542,0.469898602059297,0.175788708265172,0.645687310324469,0.395021113834927,0.6625404786890126,0.41187428219947053,0.6970503448064217,0.44638414831687967,0.7121574174596457,0.46149122097010364
E01026402,E01026402,West Lindsey 002C,West Lindsey,1,2022,0.490589531134956,0.510069986923355,-0.12639418220932797,0.38367580471402707,-0.10691372642092895,0.7683354342979408,0.2777459031629848,0.630482013219165,0.13989248208420896,0.7738293705846624,0.2832398394497064
E01026403,E01026403,West Lindsey 002D,West Lindsey,1,2022,1.48677437739527,0.99037868073661,0.14196396887864893,1.1323426496152589,-0.3544317277800111,1.136378016565723,-0.35039636082954706,1.3086384857626012,-0.17813589163266874,1.1837066962352158,-0.3030676811600541
E01026404,E01026404,West Lindsey 007B,West Lindsey,1,2022,1.15423446870205,1.03859292385249,0.278987553113079,1.317580476965569,0.16334600826351897,1.1531352599775033,-0.0010992087245467186,1.3767126244559673,0.22247815575391727,1.3187248880778886,0.16449041937583853
E01026405,E01026405,West Lindsey 010D,West Lindsey,1,2022,0.801206339588393,0.796553810101762,0.558603864475586,1.355157674577348,0.5539513349889549,0.8409191993492892,0.03971285976089611,0.7835764444866414,-0.017629895101751614,0.8233490453850542,0.02214270579666111
E01026406,E01026406,West Lindsey 010E,West Lindsey,1,2022,0.401760815559511,0.525141008257296,0.11073918757602802,0.635880195833324,0.23411938027381302,0.740584378392574,0.338823562833063,0.7626276073513668,0.3608667917918558,0.7641069235168175,0.36234610795730654
E01026407,E01026407,West Lindsey 002E,West Lindsey,1,2022,1.03350961994497,0.733598830237674,-0.017332066195194007,0.71626676404248,-0.31724285590249,0.9107342748354393,-0.1227753451095307,0.9157452343092412,-0.11776438563572889,0.9197466599563417,-0.11376295998862829
E01026408,E01026408,West Lindsey 002F,West Lindsey,1,2022,1.88172481327355,1.60794425540477,0.4347456193339301,2.0426898747387003,0.16096506146515033,1.7021484910350644,-0.17957632223848563,1.6141198546169082,-0.2676049586566418,1.4649246968986804,-0.4168001163748696
E01026409,E01026409,West Lindsey 007C,West Lindsey,1,2022,0.723860877296298,0.479866879593506,0.198641815345931,0.678508694939437,-0.045352182356861004,0.6524750856216255,-0.07138579167467252,0.6989864877227263,-0.024874389573571687,0.7160457047727498,-0.007815172523548242
E01026410,E01026410,West Lindsey 007D,West Lindsey,1,2022,1.13283381553911,0.80829101969536,-0.006730579192598007,0.801560440502762,-0.331273375036348,1.016610243902612,-0.1162235716364981,1.0861542055860947,-0.046679609953015344,0.9690757325538718,-0.1637580829852382
E01026411,E01026411,West Lindsey 005D,West Lindsey,1,2022,0.717595473658989,0.436263380536691,-0.01845625541308199,0.417807125123609,-0.29978834853538,0.6650421130991208,-0.052553360559868256,0.6653443139256038,-0.05225115973338523,0.7508456612852049,0.0332501876262159
E01026412,E01026412,West Lindsey 008B,West Lindsey,1,2022,0.701139630493924,0.381573330190661,-0.10537499342003004,0.27619833677063094,-0.4249412937232931,0.6552116959033394,-0.04592793459058464,0.6618266447507503,-0.03931298574317377,0.7508710083994428,0.04973137790551874
E01026413,E01026413,West Lindsey 008C,West Lindsey,1,2022,0.236018176033804,0.300277405461676,-0.018730144928348014,0.28154726053332796,0.04552908449952395,0.5163273295601094,0.28030915352630537,0.4539204732654863,0.21790229723168228,0.4614543086973253,0.22543613266352128
E01026414,E01026414,West Lindsey 008D,West Lindsey,1,2022,0.589636878135531,0.394261693544971,0.3729572819506642,0.7672189754956351,0.1775820973601041,0.5281134411322894,-0.06152343700324159,0.5118895844229554,-0.0777472937125756,0.5282197617113261,-0.06141711642420489
E01026415,E01026415,West Lindsey 003E,West Lindsey,1,2022,0.536247077993814,0.72285013413292,0.488174740685908,1.211024874818828,0.6747777968250139,0.8143659397964973,0.2781188618026833,0.8766843337788376,0.3404372557850236,0.8095235863311601,0.27327650833734607
E01026416,E01026416,West Lindsey 001D,West Lindsey,1,2022,0.722238495758744,1.19612615240805,1.048013264939688,2.2441394173477383,1.5219009215889943,1.0506073629314887,0.3283688671727447,1.1266840995929148,0.40444560383417083,1.0537277458061853,0.33148925004744134
E01032683,E01032683,West Lindsey 001G,West Lindsey,1,2022,0.106868771817917,0.0895654147811696,0.1863924985428263,0.2759579133239959,0.1690891415060789,0.28913704762311393,0.18226827580519694,0.22256887229522732,0.11570010047731032,0.20197949407089397,0.09511072225297697
E01032986,E01032986,East Lindsey 004D,East Lindsey,1,2022,1.50562452785417,1.72355453526662,0.88497220288987,2.60852673815649,1.10290221030232,1.7324137677455653,0.22678923989139532,1.5652337548526642,0.05960922699849425,1.4170979849008865,-0.08852654295328355
E01032987,E01032987,East Lindsey 004E,East Lindsey,1,2022,1.43858624066664,1.13734639582462,0.09896164618772985,1.2363080420123498,-0.2022781986542903,1.303988744331849,-0.13459749633479112,1.2564006984784286,-0.18218554218821148,1.2428625601600807,-0.19572368050655942
E01032988,E01032988,North Kesteven 013B,North Kesteven,1,2022,0.696761151740505,0.73663174332024,-0.046138803871868084,0.6904929394483719,-0.006268212292133146,0.9985820037249741,0.30182085198446906,1.2771825403838368,0.5804213886433318,1.1876568010744555,0.49089564933395047
E01032989,E01032989,North Kesteven 013C,North Kesteven,1,2022,0.726542614853428,0.955281126443445,0.43466279577422096,1.389943922217666,0.663401307364238,1.0144305470781085,0.28788793222468056,0.9375911182836372,0.2110485034302092,0.926591440003871,0.20004882515044298
E01032990,E01034693,North Kesteven 003I,North Kesteven,1,2022,0.147760951720624,0.168851339660764,0.324507446111863,0.493358785772627,0.34559783405200295,0.3012630945311827,0.1535021428105587,0.22770350193939234,0.07994255021876834,0.2035333225766198,0.05577237085599579
E01032991,E01032991,North Kesteven 014E,North Kesteven,1,2022,0.842363304624774,0.93614274331697,0.42616035024253296,1.362303093559503,0.519939788934729,1.0187286693193809,0.17636536469460684,0.9795531866234046,0.13718988199863058,0.989184548535711,0.14682124391093698
E01032992,E01032992,North Kesteven 014F,North Kesteven,1,2022,0.959590560330176,1.33089611403434,0.49677257420225707,1.8276686882365971,0.8680781279064211,1.4034102479511699,0.4438196876209939,1.4745764368286618,0.5149858764984858,1.3965114742657783,0.4369209139356023
E01032993,E01032993,North Kesteven 013D,North Kesteven,1,2022,0.49149360796564,0.607265594594924,0.15780456743287302,0.7650701620277971,0.2735765540621571,0.7672515039212774,0.2757578959556374,0.7225135505963478,0.2310199426307078,0.7784016689628785,0.28690806099723853
E01032994,E01032994,North Kesteven 003H,North Kesteven,1,2022,0.682747682252635,0.542315569557043,0.12689566314973194,0.669211232706775,-0.013536449545860085,0.694209291722796,0.01146160947016095,0.6645266504188345,-0.018221031833800527,0.633615493473176,-0.04913218877945902
E01032995,E01032995,South Holland 006F,South Holland,1,2022,0.485407255060845,0.463117126419296,0.007095785865991966,0.47021291228528794,-0.015194342775557035,0.7227124332323813,0.23730517817153635,0.6699172295411105,0.18450997448026557,0.7628696475525647,0.2774623924917197
E01032996,E01032996,South Holland 006G,South Holland,1,2022,0.337290476549588,0.157481760839517,0.09849292124115071,0.2559746820806677,-0.08131579446892029,0.41829098248607294,0.08100050593648495,0.3593971186660957,0.022106642116507702,0.35702916383034644,0.01973868728075845
E01032997,E01032997,South Kesteven 011E,South Kesteven,1,2022,0.568940416172946,1.04266956797477,0.193417032765984,1.2360866007407538,0.6671461845678078,1.1920299272463504,0.6230895110734044,1.4229602571765148,0.8540198410035688,1.3021187934191711,0.7331783772462251
E01032998,E01032998,South Kesteven 011F,South Kesteven,1,2022,0.497605572185034,0.295507068244422,-0.14006643145106595,0.15544063679335607,-0.3421649353916779,0.5220753908894993,0.024469818704465296,0.4750498304033954,-0.022555741781638605,0.4365930284988977,-0.06101254368613629
E01032999,E01032999,South Kesteven 011G,South Kesteven,1,2022,0.838540558149025,0.643243834762692,0.07009178041621,0.713335615178902,-0.12520494297012297,0.7821046461194487,-0.05643591202957621,0.817067094426139,-0.021473463722885944,0.8090382141687054,-0.02950234398031959
