LSOA11CD,LSOA21CD,LSOA21NM,LAD22NM,lsoa11,is_lincolnshire,year,actual_samhi,lag_1,delta_1,qof_mh002_pct,qof_mh021_pct,qof_mh_pca_pct,qof_dep_pca_pct,qof_dep004_pct,pred_ar_baseline_persistence,err_ar_baseline_persistence,pred_ar_baseline_momentum_drift,err_ar_baseline_momentum_drift,pred_multimodal_ridge,err_multimodal_ridge,pred_multimodal_elasticnet,err_multimodal_elasticnet,pred_multimodal_random_forest,err_multimodal_random_forest,pred_multimodal_extra-trees,err_multimodal_extra-trees,pred_multimodal_lightgbm,err_multimodal_lightgbm,pred_multimodal_xgboost,err_multimodal_xgboost,pred_multimodal_catboost,err_multimodal_catboost,pred_explainable_boosting_machine_(ebm),err_explainable_boosting_machine_(ebm),pred_stacking_ensemble_(super_learner),err_stacking_ensemble_(super_learner)
E01026007,E01026007,Boston 001A,Boston,E01026007,1,2020,0.209190521866846,0.182767282102185,0.369964221676434,38.634714938076925,65.47900367165622,0.0,0.0,0.0,0.182767282102185,-0.02642323976466099,0.552731503778619,0.343540981911773,0.438276839661919,0.229086317795073,0.40347892677099567,0.19428840490414967,0.30716120187701096,0.09797068001016496,0.2859940461446259,0.07680352427777992,0.2671689186148334,0.05797839674798738,0.32472008,0.11552956280035981,0.2693380591742831,0.060147537307437104,0.3559058928007931,0.1467153709339471,0.3258369154911015,0.1166463936242555
E01026007,E01026007,Boston 001A,Boston,E01026007,1,2021,0.279106113573203,0.209190521866846,0.02642323976466099,38.634714938076925,65.47900367165622,0.0,0.0,0.0,0.209190521866846,-0.06991559170635697,0.235613761631507,-0.043492351941695984,0.338846173044507,0.05974005947130401,0.35112359255366127,0.0720174789804583,0.2675874741362473,-0.011518639436955691,0.29269986570815604,0.013593752134953063,0.3409677856594101,0.06186167208620713,0.34006616,0.060960051158776396,0.35179023358784506,0.07268412001464208,0.33610863695336,0.057002523380157044,0.31676345206715967,0.037657338493956694
E01026007,E01026007,Boston 001A,Boston,E01026007,1,2022,0.770657473144537,0.279106113573203,0.06991559170635697,38.634714938076925,65.47900367165622,0.0,0.0,0.0,0.279106113573203,-0.49155135957133406,0.34902170527955995,-0.4216357678649771,0.46915701685253974,-0.3015004562919973,0.4690279122250346,-0.30162956091950244,0.49812731963522433,-0.2725301535093127,0.48324222486763213,-0.2874152482769049,0.510720335581048,-0.259937137563489,0.46829307,-0.3023644023513852,0.4896092615056824,-0.28104821163885463,0.40143624931668276,-0.3692212238278543,0.4821460733496755,-0.2885113997948615
E01026008,E01026008,Boston 001B,Boston,E01026008,1,2020,0.515195008799564,0.765157989397317,0.6804660222479844,40.016241140253946,64.37382875253945,0.0,0.0,0.0,0.765157989397317,0.24996298059775302,1.4456240116453014,0.9304290028457374,0.7976153758776948,0.2824203670781308,0.729364011899695,0.21416900310013098,0.5539879343704471,0.0387929255708831,0.5352559795452205,0.020060970745656492,0.5677084143280395,0.0525134055284755,0.5053845,-0.009810504004489573,0.691394195584782,0.17619918678521795,0.6786236070586563,0.16342859825909228,0.678472486269579,0.16327747747001498
E01026008,E01026008,Boston 001B,Boston,E01026008,1,2021,0.262744298578305,0.515195008799564,-0.24996298059775302,40.016241140253946,64.37382875253945,0.0,0.0,0.0,0.515195008799564,0.25245071022125903,0.265232028201811,0.0024877296235060187,0.7133134386994336,0.45056914012112864,0.6969161222550241,0.4341718236767191,0.7601455899871099,0.4974012914088049,0.6859754944839074,0.4232311959056024,0.7045630827868387,0.44181878420853365,0.74894285,0.48619855344195867,0.7506118616598105,0.48786756308150553,0.6394114616126211,0.3766671630343161,0.7117711048107496,0.44902680623244456
E01026008,E01026008,Boston 001B,Boston,E01026008,1,2022,0.911751258836643,0.262744298578305,-0.25245071022125903,40.016241140253946,64.37382875253945,0.0,0.0,0.0,0.262744298578305,-0.6490069602583379,0.010293588357045969,-0.901457670479597,0.7167468847731796,-0.19500437406346338,0.6948462838069825,-0.21690497502966044,0.6916780143342363,-0.22007324450240673,0.632141212112069,-0.279610046724574,0.6827400955081592,-0.2290111633284838,0.71996176,-0.1917894964083593,0.6543610039536083,-0.2573902548830347,0.6523324968288142,-0.25941876200782876,0.69986354624084,-0.21188771259580297
E01026009,E01026009,Boston 001C,Boston,E01026009,1,2020,0.63673156555769,0.823188432751918,0.588158502856117,32.645488582999995,67.3442549010242,0.0,0.0,0.0,0.823188432751918,0.18645686719422805,1.411346935608035,0.7746153700503451,0.8750236056569066,0.23829204009921667,0.8177034489340026,0.18097188337631265,0.7972290178392542,0.1604974522815642,0.7922827215580405,0.15555115600035052,0.8266317204416602,0.18990015488397027,0.7610689,0.12433731500032397,0.7938097160105566,0.15707815045286666,0.787055625713361,0.150324060155671,0.8228133474813095,0.18608178192361957
E01026009,E01026009,Boston 001C,Boston,E01026009,1,2021,0.718583293472933,0.63673156555769,-0.18645686719422805,32.645488582999995,67.3442549010242,0.0,0.0,0.0,0.63673156555769,-0.08185172791524309,0.4502746983634619,-0.26830859510947114,0.8216644997963763,0.10308120632344331,0.8031680387917257,0.08458474531879268,0.8235570054551188,0.10497371198218575,0.8263648676156667,0.1077815741427337,0.7768451816192217,0.05826188814628863,0.8077445,0.0891612095483072,0.7889758569591367,0.07039256348620371,0.7482356381945898,0.029652344721656787,0.7971603415862696,0.07857704811333655
E01026009,E01026009,Boston 001C,Boston,E01026009,1,2022,0.717822189311475,0.718583293472933,0.08185172791524309,32.645488582999995,67.3442549010242,0.0,0.0,0.0,0.718583293472933,0.0007611041614580261,0.8004350213881761,0.08261283207670111,0.9207634353912554,0.20294124607978037,0.8938289611326219,0.17600677182114688,1.0103628434680298,0.29254065415655484,0.9639475348820598,0.24612534557058474,0.9907505581050362,0.2729283687935612,0.9802835,0.2624613094525631,0.9763668010094693,0.25854461169799425,0.8546174826573011,0.13679529334582607,0.9616182256898029,0.24379603637832792
E01026023,E01026023,Boston 001D,Boston,E01026023,1,2020,1.39314782866336,1.20340263431006,0.005344152372309896,27.180667134044196,70.8167399034897,0.0,0.0,0.0,1.20340263431006,-0.18974519435330017,1.2087467866823698,-0.18440104198099028,1.266182571559662,-0.1269652571036981,1.1816424127704623,-0.21150541589289773,1.2917716237052463,-0.10137620495811372,1.2391193434576637,-0.15402848520569634,1.3981693578041592,0.005021529140799119,1.2813543,-0.11179352053500313,1.1835251160247635,-0.20962271263859655,1.2741595586797045,-0.11898826998365553,1.2450498718555174,-0.14809795680784266
E01026023,E01026023,Boston 001D,Boston,E01026023,1,2021,0.704392094522088,1.39314782866336,0.18974519435330017,27.180667134044196,70.8167399034897,0.0,0.0,0.0,1.39314782866336,0.6887557341412721,1.5828930230166602,0.8785009284945723,1.552465130375349,0.848073035853261,1.4773015789459054,0.7729094844238175,1.601752186210375,0.897360091688287,1.4943630372628744,0.7899709427407865,1.6389785994895034,0.9345865049674155,1.6629401,0.9585480500167914,1.4521588186105205,0.7477667240884326,1.532967898367319,0.828575803845231,1.5479303912599702,0.8435382967378823
E01026023,E01026023,Boston 001D,Boston,E01026023,1,2022,0.731016705156051,0.704392094522088,-0.6887557341412721,27.180667134044196,70.8167399034897,0.0,0.0,0.0,0.704392094522088,-0.02662461063396304,0.01563636038081584,-0.7153803447752352,1.1439057955234522,0.4128890903674012,1.1486011711691804,0.4175844660131294,1.180233141110474,0.44921643595442307,1.1605614396587274,0.4295447345026764,1.2117030069403867,0.4806863017843357,1.1681519,0.437135150312699,1.213879882544569,0.4828631773885179,1.0843269248544938,0.3533102196984428,1.2015864046453015,0.47056969948925054
E01026024,E01026024,Boston 001E,Boston,E01026024,1,2020,0.837804721216844,0.57580803655164,0.33083742578406405,29.427957512491624,69.32699262984517,0.0,0.0,0.0,0.57580803655164,-0.261996684665204,0.9066454623357041,0.06884074111886007,0.8641555878304501,0.026350866613606083,0.757184608440763,-0.08062011277608105,0.7109567498181265,-0.1268479713987175,0.6993432978334092,-0.1384614233834348,0.7406383037118325,-0.09716641750501154,0.7667852,-0.07101951680629104,0.7107539742361381,-0.12705074698070595,0.8376351832415734,-0.0001695379752706394,0.7819649248839506,-0.05583979633289338
E01026024,E01026024,Boston 001E,Boston,E01026024,1,2021,0.694949543564598,0.837804721216844,0.261996684665204,29.427957512491624,69.32699262984517,0.0,0.0,0.0,0.837804721216844,0.14285517765224598,1.099801405882048,0.40485186231744996,0.9645518865769988,0.2696023430124007,0.8827731944817648,0.1878236509171668,0.9443638758474827,0.24941433228288468,0.9098906822624696,0.21494113869787157,0.8652289698183898,0.17027942625379178,0.8826499,0.1877003549644547,0.8647410997816326,0.16979155621703457,0.8955992114658903,0.20064966790129224,0.9142203817308951,0.2192708381662971
E01026024,E01026024,Boston 001E,Boston,E01026024,1,2022,0.923085417241151,0.694949543564598,-0.14285517765224598,29.427957512491624,69.32699262984517,0.0,0.0,0.0,0.694949543564598,-0.22813587367655297,0.5520943659123521,-0.37099105132879895,0.9739881427433601,0.05090272550220909,0.9043738755535664,-0.0187115416875846,0.9692093765378634,0.046123959296712425,0.8981045128969126,-0.024980904344238386,0.9594655428690096,0.03638012562785864,0.9889501,0.06586465647787365,0.9505722419941227,0.027486824752971706,0.9214759839652351,-0.0016094332759158947,0.949954519336695,0.02686910209554394
E01026010,E01026010,Boston 002A,Boston,E01026010,1,2020,0.928020751902342,0.853974209871001,0.8646983664642444,38.72957418708794,59.33812802856737,0.0,0.0,0.0,0.853974209871001,-0.07404654203134098,1.7186725763352455,0.7906518244329035,0.7682629306472512,-0.15975782125509086,0.7686216636632489,-0.1593990882390931,0.7205337553330171,-0.2074869965693249,0.6876607402770848,-0.24036001162525722,0.7953044081130017,-0.13271634378934027,0.71226525,-0.2157554988353254,0.7953809643918179,-0.13263978751052408,0.767545198385299,-0.160475553517043,0.7552277083766259,-0.17279304352571612
E01026010,E01026010,Boston 002A,Boston,E01026010,1,2021,1.28197265568727,0.928020751902342,0.07404654203134098,38.72957418708794,59.33812802856737,0.0,0.0,0.0,0.928020751902342,-0.3539519037849279,1.002067293933683,-0.27990536175358693,0.8742526115082018,-0.40772004417906815,0.8949748424908128,-0.3869978131964571,1.0245919147726832,-0.25738074091458674,0.9588857342220156,-0.3230869214652543,0.9394453244615861,-0.3425273312256838,0.97752833,-0.3044443220233295,0.9599997560590972,-0.32197289962817277,0.95938223564097,-0.3225904200462999,0.9126075800467721,-0.3693650756404978
E01026010,E01026010,Boston 002A,Boston,E01026010,1,2022,1.26651825814216,1.28197265568727,0.3539519037849279,38.72957418708794,59.33812802856737,0.0,0.0,0.0,1.28197265568727,0.015454397545110021,1.6359245594721978,0.36940630133003793,1.2883415676292862,0.021823309487126297,1.2870058425508208,0.02048758440866094,1.3449510926374921,0.07843283449533223,1.2955234435049907,0.02900518536283081,1.2773795160249932,0.01086125788283332,1.3576261,0.09110782237084059,1.32176921583838,0.05525095769622013,1.2600658147607307,-0.0064524433814292514,1.3189486024928692,0.05243034435070926
E01026011,E01034679,Boston 002F,Boston,E01026011,1,2020,0.293354804002235,0.381343057624186,0.4416638743114332,38.767414764742476,60.203605999594906,0.0,0.0,0.0,0.381343057624186,0.08798825362195101,0.8230069319356192,0.5296521279333842,0.4699700203356235,0.1766152163333885,0.4461922318395289,0.15283742783729387,0.5145162978878094,0.22116149388557438,0.5076397203560091,0.2142849163537741,0.5437970264726335,0.2504422224703985,0.55407006,0.2607152514825367,0.4659855585831591,0.17263075458092408,0.40651010188365055,0.11315529788141554,0.5070596489679495,0.2137048449657145
E01026011,E01034679,Boston 002F,Boston,E01026011,1,2021,0.738637925997887,0.293354804002235,-0.08798825362195101,38.767414764742476,60.203605999594906,0.0,0.0,0.0,0.293354804002235,-0.445283121995652,0.205366550380284,-0.5332713756176031,0.4394825226403407,-0.2991554033575463,0.4459940485837305,-0.29264387741415654,0.5264762357198535,-0.21216169027803355,0.48625432945926833,-0.2523835965386187,0.5061942546655944,-0.2324436713322926,0.52851576,-0.21012216986766852,0.5030476754799161,-0.2355902505179709,0.4299396705145891,-0.30869825548329793,0.48017347237220276,-0.25846445362568427
E01026011,E01034679,Boston 002F,Boston,E01026011,1,2022,0.625194314142683,0.738637925997887,0.445283121995652,38.767414764742476,60.203605999594906,0.0,0.0,0.0,0.738637925997887,0.11344361185520402,1.1839210479935391,0.5587267338508561,0.8150163014245368,0.18982198728185384,0.792613825330952,0.16741951118826903,0.7494575360900407,0.12426322194735773,0.7993006763286544,0.17410636218597142,0.7208131052137182,0.09561879107103521,0.7530947,0.12790035901405528,0.7614789364043199,0.13628462226163685,0.7355293652090514,0.11033505106636843,0.7977256606938292,0.17253134655114621
E01026011,E01034680,Boston 002G,Boston,E01026011,1,2020,0.293354804002235,0.381343057624186,0.4416638743114332,38.767414764742476,60.203605999594906,0.0,0.0,0.0,0.381343057624186,0.08798825362195101,0.8230069319356192,0.5296521279333842,0.4699700203356235,0.1766152163333885,0.4461922318395289,0.15283742783729387,0.5145162978878094,0.22116149388557438,0.5076397203560091,0.2142849163537741,0.5437970264726335,0.2504422224703985,0.55407006,0.2607152514825367,0.4659855585831591,0.17263075458092408,0.40651010188365055,0.11315529788141554,0.5070596489679495,0.2137048449657145
E01026011,E01034680,Boston 002G,Boston,E01026011,1,2021,0.738637925997887,0.293354804002235,-0.08798825362195101,38.767414764742476,60.203605999594906,0.0,0.0,0.0,0.293354804002235,-0.445283121995652,0.205366550380284,-0.5332713756176031,0.4394825226403407,-0.2991554033575463,0.4459940485837305,-0.29264387741415654,0.5264762357198535,-0.21216169027803355,0.48625432945926833,-0.2523835965386187,0.5061942546655944,-0.2324436713322926,0.52851576,-0.21012216986766852,0.5030476754799161,-0.2355902505179709,0.4299396705145891,-0.30869825548329793,0.48017347237220276,-0.25846445362568427
E01026011,E01034680,Boston 002G,Boston,E01026011,1,2022,0.625194314142683,0.738637925997887,0.445283121995652,38.767414764742476,60.203605999594906,0.0,0.0,0.0,0.738637925997887,0.11344361185520402,1.1839210479935391,0.5587267338508561,0.8150163014245368,0.18982198728185384,0.792613825330952,0.16741951118826903,0.7494575360900407,0.12426322194735773,0.7993006763286544,0.17410636218597142,0.7208131052137182,0.09561879107103521,0.7530947,0.12790035901405528,0.7614789364043199,0.13628462226163685,0.7355293652090514,0.11033505106636843,0.7977256606938292,0.17253134655114621
E01026030,E01026030,Boston 002C,Boston,E01026030,1,2020,0.849989482127519,1.03694266262879,0.4547461081261811,35.11173970097854,58.199119258693095,0.0,0.0,0.0,1.03694266262879,0.18695318050127108,1.4916887707549713,0.6416992886274523,1.0701147558002044,0.22012527367268542,1.0333466073606485,0.18335712523312953,1.2164189296177306,0.36642944749021156,1.2377198686492505,0.38773038652173153,1.2403693040589294,0.3903798219314104,1.1789541,0.3289646423231646,1.1690485321525912,0.3190590500250722,1.0611177129381537,0.2111282308106347,1.1295827074617897,0.27959322533427067
E01026030,E01026030,Boston 002C,Boston,E01026030,1,2021,1.7071024079041,0.849989482127519,-0.18695318050127108,35.11173970097854,58.199119258693095,0.0,0.0,0.0,0.849989482127519,-0.8571129257765809,0.6630363016262479,-1.044066106277852,1.004887414879815,-0.7022149930242849,0.9940535619388191,-0.7130488459652808,1.1490810735742147,-0.5580213343298852,1.072196282460514,-0.6349061254435859,1.0675311729898147,-0.6395712349142852,1.0842212,-0.6228811640457625,1.1011623826341854,-0.6059400252699145,0.9644240136075352,-0.7426783942965648,1.0402949571290656,-0.6668074507750343
E01026030,E01026030,Boston 002C,Boston,E01026030,1,2022,1.56811141934097,1.7071024079041,0.8571129257765809,35.11173970097854,58.199119258693095,0.0,0.0,0.0,1.7071024079041,0.13899098856312997,2.5642153336806808,0.9961039143397108,1.6167917621067411,0.048680342765771156,1.5521825826285032,-0.01592883671246681,1.3857603600871595,-0.18235105925381045,1.3715655216683447,-0.1965458976726253,1.364889169488509,-0.20322224985246096,1.4203517,-0.14775967564284986,1.4473135750025643,-0.12079784433840568,1.5131175865612512,-0.05499383277971881,1.5030417250053494,-0.0650696943356206
E01026032,E01026032,Boston 002D,Boston,E01026032,1,2020,-0.186139856791681,-0.0918482941204675,0.1439408023870025,38.00401405134407,59.63715604232887,0.0,0.0,0.0,-0.0918482941204675,0.0942915626712135,0.052092508266535,0.238232365058216,0.14552769109033864,0.33166754788201963,0.16517110537266438,0.3513109621643454,0.140116886702493,0.326256743494174,0.09784865391275646,0.2839885107044374,0.11906860984291662,0.3052084666345976,0.054826837,0.24096669382471436,0.11731709513944875,0.30345695193112976,0.13548382256367347,0.32162367935535446,0.08806943106034215,0.27420928785202314
E01026032,E01026032,Boston 002D,Boston,E01026032,1,2021,0.396160131591681,-0.186139856791681,-0.0942915626712135,38.00401405134407,59.63715604232887,0.0,0.0,0.0,-0.186139856791681,-0.5822999883833619,-0.2804314194628945,-0.6765915510545755,0.048722665460628284,-0.34743746613105275,0.1019837342284724,-0.2941763973632086,0.10229969413796548,-0.29386043745371554,0.05834543909724332,-0.3378146924944377,0.10017042443505496,-0.29598970715662604,0.057055075,-0.3391050568701062,0.05993562251554109,-0.33622450907613993,0.06401031418608451,-0.3321498174055965,0.033592804074475825,-0.36256732751720516
E01026032,E01026032,Boston 002D,Boston,E01026032,1,2022,0.659775355498692,0.396160131591681,0.5822999883833619,38.00401405134407,59.63715604232887,0.0,0.0,0.0,0.396160131591681,-0.26361522390701103,0.9784601199750429,0.31868476447635086,0.49558497967258064,-0.1641903758261114,0.5105613065501513,-0.14921404894854073,0.5223436617416237,-0.13743169375706832,0.48905195914597954,-0.1707233963527125,0.3724285692524984,-0.28734678624619364,0.42329276,-0.2364825994180646,0.4782319731232826,-0.18154338237540946,0.3956444357628989,-0.2641309197357931,0.4574421974051606,-0.20233315809353142
E01026037,E01026037,Boston 002E,Boston,E01026037,1,2020,0.669495541806803,0.887949271700815,0.769413702361649,45.13263629446355,61.90867939201703,0.0,0.0,0.0,0.887949271700815,0.2184537298940119,1.657362974062464,0.987867432255661,0.7995694600301096,0.1300739182233066,0.7712266140797844,0.1017310722729814,0.6966120658671409,0.02711652406033782,0.711700287187551,0.04220474538074792,0.6834218849960467,0.013926343189243684,0.70047873,0.030983190779103942,0.7679507778441935,0.09845523603739048,0.7234774649857683,0.05398192317896522,0.7520690143560287,0.08257347254922565
E01026037,E01026037,Boston 002E,Boston,E01026037,1,2021,1.16204638416296,0.669495541806803,-0.2184537298940119,45.13263629446355,61.90867939201703,0.0,0.0,0.0,0.669495541806803,-0.492550842356157,0.45104181191279114,-0.7110045722501689,0.818569801138512,-0.34347658302444806,0.8209334164940459,-0.3411129676689141,0.8024234431426017,-0.3596229410203583,0.7926581458018963,-0.3693882383610637,0.8104650064163379,-0.3515813777466221,0.83413404,-0.327912341899929,0.8724353483022647,-0.28961103586069536,0.7972336255949243,-0.36481275856803574,0.8077069397346854,-0.3543394444282746
E01026037,E01026037,Boston 002E,Boston,E01026037,1,2022,1.46451517780169,1.16204638416296,0.492550842356157,45.13263629446355,61.90867939201703,0.0,0.0,0.0,1.16204638416296,-0.30246879363873,1.6545972265191171,0.19008204871742707,1.1667696091541748,-0.2977455686475152,1.1461355273982816,-0.31837965040340843,1.21412971434552,-0.25038546345616997,1.2570416541064002,-0.20747352369528982,1.18003826734442,-0.28447691045726997,1.1298395,-0.334675638273797,1.2434999484516114,-0.22101522935007867,1.0842546969676095,-0.3802604808340806,1.173814738121735,-0.29070043967995507
E01026006,E01034681,Boston 003E,Boston,E01026006,1,2020,0.302920800405521,0.40798565934505,0.26861744563032697,41.4957018318101,59.71701423104788,0.0,0.0,0.0,0.40798565934505,0.105064858939529,0.6766031049753769,0.3736823045698559,0.5668921645085954,0.26397136410307437,0.5657159257142151,0.26279512530869414,0.6004448554829449,0.2975240550774239,0.5678881372375139,0.26496733683199286,0.6464217554145414,0.3435009550090204,0.5945256,0.2916047752322964,0.5802507533678889,0.2773299529623679,0.5620263176881222,0.25910551728260117,0.5787490118423826,0.2758282114368616
E01026006,E01034681,Boston 003E,Boston,E01026006,1,2021,0.543013599654348,0.302920800405521,-0.105064858939529,41.4957018318101,59.71701423104788,0.0,0.0,0.0,0.302920800405521,-0.24009279924882704,0.197855941465992,-0.34515765818835603,0.4757957139417952,-0.06721788571255283,0.5123233354119882,-0.030690264242359877,0.5402674863076559,-0.0027461133466921694,0.5920910409080518,0.049077441253703724,0.5683407374966548,0.02532713784230678,0.55344796,0.010434362152902943,0.5372209658172289,-0.005792633837119143,0.48985429516420204,-0.053159304490146,0.5030717413812398,-0.039941858273108255
E01026006,E01034681,Boston 003E,Boston,E01026006,1,2022,0.842870994489105,0.543013599654348,0.24009279924882704,41.4957018318101,59.71701423104788,0.0,0.0,0.0,0.543013599654348,-0.29985739483475693,0.783106398903175,-0.05976459558592995,0.7595150769683066,-0.0833559175207984,0.7513100628983947,-0.09156093159071022,0.7190924741634857,-0.12377852032561931,0.6963150130722656,-0.14655598141683934,0.7242212991611494,-0.11864969532795555,0.7445927,-0.09827826825848363,0.6938983988320386,-0.14897259565706633,0.6992084235520457,-0.14366257093705925,0.739068411079602,-0.10380258340950299
E01026006,E01034682,Boston 003F,Boston,E01026006,1,2020,0.302920800405521,0.40798565934505,0.26861744563032697,41.4957018318101,59.71701423104788,0.0,0.0,0.0,0.40798565934505,0.105064858939529,0.6766031049753769,0.3736823045698559,0.5668921645085954,0.26397136410307437,0.5657159257142151,0.26279512530869414,0.6004448554829449,0.2975240550774239,0.5678881372375139,0.26496733683199286,0.6464217554145414,0.3435009550090204,0.5945256,0.2916047752322964,0.5802507533678889,0.2773299529623679,0.5620263176881222,0.25910551728260117,0.5787490118423826,0.2758282114368616
E01026006,E01034682,Boston 003F,Boston,E01026006,1,2021,0.543013599654348,0.302920800405521,-0.105064858939529,41.4957018318101,59.71701423104788,0.0,0.0,0.0,0.302920800405521,-0.24009279924882704,0.197855941465992,-0.34515765818835603,0.4757957139417952,-0.06721788571255283,0.5123233354119882,-0.030690264242359877,0.5402674863076559,-0.0027461133466921694,0.5920910409080518,0.049077441253703724,0.5683407374966548,0.02532713784230678,0.55344796,0.010434362152902943,0.5372209658172289,-0.005792633837119143,0.48985429516420204,-0.053159304490146,0.5030717413812398,-0.039941858273108255
E01026006,E01034682,Boston 003F,Boston,E01026006,1,2022,0.842870994489105,0.543013599654348,0.24009279924882704,41.4957018318101,59.71701423104788,0.0,0.0,0.0,0.543013599654348,-0.29985739483475693,0.783106398903175,-0.05976459558592995,0.7595150769683066,-0.0833559175207984,0.7513100628983947,-0.09156093159071022,0.7190924741634857,-0.12377852032561931,0.6963150130722656,-0.14655598141683934,0.7242212991611494,-0.11864969532795555,0.7445927,-0.09827826825848363,0.6938983988320386,-0.14897259565706633,0.6992084235520457,-0.14366257093705925,0.739068411079602,-0.10380258340950299
E01026021,E01026021,Boston 003B,Boston,E01026021,1,2020,1.08495604102768,0.740800622550787,0.45457429345690703,53.34525514913951,65.09282563312394,0.0,0.0,0.0,0.740800622550787,-0.3441554184768929,1.195374916007694,0.11041887498001413,0.9861600679544615,-0.09879597307321841,1.0350797256393198,-0.049876315388360126,1.3281399308728132,0.24318388984513328,1.1467122134828875,0.06175617245520759,1.2239977362351706,0.13904169520749066,1.0840703,-0.0008857161299138383,1.0772413586640681,-0.007714682363611836,1.2130506039867828,0.12809456295910282,1.0919073036043727,0.006951262576692763
E01026021,E01026021,Boston 003B,Boston,E01026021,1,2021,2.28032628486816,1.08495604102768,0.3441554184768929,53.34525514913951,65.09282563312394,0.0,0.0,0.0,1.08495604102768,-1.1953702438404799,1.4291114595045729,-0.851214825363587,0.9836224635593689,-1.296703821308791,0.9774547054707531,-1.3028715793974066,1.0976898707933038,-1.182636414074856,1.1251224918506317,-1.155203793017528,1.0987102296659732,-1.1816160552021866,1.0979942,-1.1823320765322833,1.0688532109839883,-1.2114730738841715,0.9916920882057573,-1.2886341966624024,1.005651364138004,-1.2746749207301558
E01026021,E01026021,Boston 003B,Boston,E01026021,1,2022,2.65566662896974,2.28032628486816,1.1953702438404799,53.34525514913951,65.09282563312394,0.0,0.0,0.0,2.28032628486816,-0.3753403441015801,3.4756965287086397,0.8200298997388997,1.829849406088603,-0.8258172228811369,1.783271470177499,-0.8723951587922409,1.3696041508876347,-1.2860624780821053,1.5446340694732197,-1.1110325594965202,1.7110547159610987,-0.9446119130086412,1.5735399,-1.0821267758737316,1.5992426608596506,-1.0564239681100893,1.6652290823769795,-0.9904375465927604,1.7312817206265905,-0.9243849083431495
E01026025,E01026025,Boston 003C,Boston,E01026025,1,2020,0.16257326635105,0.251518839217717,0.5057665857602189,46.85483407699729,60.905770466632895,0.0,0.0,0.0,0.251518839217717,0.08894557286666702,0.7572854249779359,0.594712158626886,0.3906132945559971,0.2280400282049471,0.3902558926363762,0.22768262628532623,0.4718411881877423,0.30926792183669227,0.34126025796496073,0.17868699161391075,0.4232237213070081,0.26065045495595807,0.39308143,0.2305081602694334,0.38480037317577886,0.22222710682472888,0.3620725475043872,0.19949928115333723,0.3961136175018127,0.2335403511507627
E01026025,E01026025,Boston 003C,Boston,E01026025,1,2021,0.627837503435243,0.16257326635105,-0.08894557286666702,46.85483407699729,60.905770466632895,0.0,0.0,0.0,0.16257326635105,-0.46526423708419307,0.07362769348438297,-0.5542098099508601,0.3539597079881038,-0.27387779544713925,0.37272685060673577,-0.25511065282850726,0.3138636171922988,-0.3139738862429442,0.29419934999123803,-0.333638153444005,0.3478096285643798,-0.2800278748708632,0.28472847,-0.343109035970796,0.326186750005819,-0.30165075342942405,0.34196258221065645,-0.2858749212245866,0.36220673275687293,-0.2656307706783701
E01026025,E01026025,Boston 003C,Boston,E01026025,1,2022,0.717704899025005,0.627837503435243,0.46526423708419307,46.85483407699729,60.905770466632895,0.0,0.0,0.0,0.627837503435243,-0.08986739558976198,1.093101740519436,0.3753968414944311,0.7322184503543271,0.014513551329322083,0.7354243390163782,0.017719439991373154,0.6740691573551908,-0.04363574166981421,0.692096959851913,-0.02560793917309201,0.6087016053789454,-0.10900329364605965,0.6441716,-0.07353330345157971,0.6741500536219344,-0.04355484540307064,0.7014948835699917,-0.016210015455013327,0.6883157485000053,-0.029389150524999685
E01026036,E01026036,Boston 003D,Boston,E01026036,1,2020,0.64774346437331,0.212198282808231,0.20654495921313099,51.13080035475795,64.45971377238959,0.0,0.0,0.0,0.212198282808231,-0.435545181565079,0.418743242021362,-0.229000222351948,0.3942136913282235,-0.2535297730450865,0.39773394833950415,-0.25000951603380583,0.2891947179384056,-0.35854874643490436,0.3310652345316642,-0.3166782298416458,0.261883744418153,-0.385859719955157,0.2777636,-0.36997985925551213,0.3713298936138098,-0.2764135707595002,0.3280512281887429,-0.3196922361845671,0.32833744678703786,-0.31940601758627213
E01026036,E01026036,Boston 003D,Boston,E01026036,1,2021,0.737463769607328,0.64774346437331,0.435545181565079,51.13080035475795,64.45971377238959,0.0,0.0,0.0,0.64774346437331,-0.08972030523401797,1.083288645938389,0.34582487633106107,0.5930412539194823,-0.1444225156878457,0.6273631910375899,-0.1101005785697381,0.5551466392456931,-0.18231713036163488,0.5898010022565487,-0.1476627673507792,0.5179598205592759,-0.21950394904805204,0.5195337,-0.21793007581689217,0.673327681081572,-0.06413608852575592,0.5666716244590548,-0.17079214514827312,0.564296436020197,-0.173167333587131
E01026036,E01026036,Boston 003D,Boston,E01026036,1,2022,0.967357542609867,0.737463769607328,0.08972030523401797,51.13080035475795,64.45971377238959,0.0,0.0,0.0,0.737463769607328,-0.229893773002539,0.8271840748413459,-0.14017346776852102,0.8688564179280179,-0.09850112468184902,0.8650025612547205,-0.10235498135514642,0.8466245998314781,-0.12073294277838886,0.8112922984956469,-0.15606524411422007,0.6838098403145619,-0.283547702295305,0.73112,-0.23623755226105103,0.7684431499974158,-0.19891439261245114,0.7983050522283053,-0.16905249038156167,0.7993723223042335,-0.16798522030563345
E01026012,E01026012,Boston 004A,Boston,E01026012,1,2020,0.495929329881876,1.38069070829999,1.091722715247538,46.00722648793602,60.99414960778577,0.0,0.0,0.0,1.38069070829999,0.884761378418114,2.472413423547528,1.9764840936656523,1.2222189216826844,0.7262895918008084,1.1651569025905275,0.6692275727086515,1.049671485354835,0.553742155472959,1.1740335124012702,0.6781041825193942,1.1933128643837598,0.6973835345018838,1.0770777,0.5811484165094204,1.067585028192962,0.571655698311086,1.1946992060703239,0.6987698761884479,1.1509244747773129,0.6549951448954369
E01026012,E01026012,Boston 004A,Boston,E01026012,1,2021,1.26257151127389,0.495929329881876,-0.884761378418114,46.00722648793602,60.99414960778577,0.0,0.0,0.0,0.495929329881876,-0.766642181392014,-0.388832048536238,-1.651403559810128,0.8912668054105857,-0.37130470586330433,0.9340660938212815,-0.32850541745260853,0.8887199340002809,-0.37385157727360907,0.9851695831826688,-0.2774019280912212,1.0498945828102617,-0.2126769284636283,0.96126974,-0.301301774983912,0.9849526542576073,-0.27761885701628275,1.02834167847514,-0.23422983279874998,0.9183861405661666,-0.34418537070772337
E01026012,E01026012,Boston 004A,Boston,E01026012,1,2022,1.09824843589454,1.26257151127389,0.766642181392014,46.00722648793602,60.99414960778577,0.0,0.0,0.0,1.26257151127389,0.1643230753793501,2.029213692665904,0.9309652567713642,1.337204672803543,0.23895623690900303,1.2895263908844266,0.19127795498988664,1.2238695416592322,0.12562110576469232,1.2917358184387573,0.19348738254421738,1.200153473394048,0.10190503749950808,1.0945953,-0.0036531228223353196,1.3046171714389523,0.20636873554441237,1.3344092687012585,0.23616083280671862,1.2630281245110149,0.16477968861647496
E01026015,E01026015,Boston 004B,Boston,E01026015,1,2020,0.0976785392566882,-0.142536697955281,0.277175607350235,44.99635525109828,60.6461491195229,0.0,0.0,0.0,-0.142536697955281,-0.2402152372119692,0.134638909394954,0.036960370138265794,0.1325359599564902,0.03485742069980201,0.10639477292696932,0.008716233670281126,-0.011062115451741713,-0.1087406547084299,-0.05612508189176496,-0.15380362114845314,-0.04763695481364892,-0.14531549407033711,-0.03130115,-0.12897968749248606,0.013780633255078,-0.08389790600161019,0.037313588329367826,-0.06036495092732037,0.025591770763859732,-0.07208676849282847
E01026015,E01026015,Boston 004B,Boston,E01026015,1,2021,0.673145675870246,0.0976785392566882,0.2402152372119692,44.99635525109828,60.6461491195229,0.0,0.0,0.0,0.0976785392566882,-0.5754671366135578,0.33789377646865737,-0.3352518994015886,0.0991073739202022,-0.5740383019500438,0.13210189432188962,-0.5410437815483564,0.16091869172018505,-0.512226984150061,0.1584776743471618,-0.5146680015230842,0.13825365372740206,-0.5348920221428439,0.109784745,-0.5633609311903182,0.13430283248661265,-0.5388428433836333,0.06984255893415327,-0.6033031169360927,0.12418972531857334,-0.5489559505516727
E01026015,E01026015,Boston 004B,Boston,E01026015,1,2022,0.334800949924095,0.673145675870246,0.5754671366135578,44.99635525109828,60.6461491195229,0.0,0.0,0.0,0.673145675870246,0.338344725946151,1.2486128124838038,0.9138118625597089,0.6496278573236555,0.3148269073995605,0.6380817014634858,0.30328075153939077,0.5768902286021426,0.24208927867804758,0.5511519857762597,0.2163510358521647,0.5080708213939042,0.17326987146980927,0.5446014,0.20980043090094774,0.6406550058032461,0.3058540558791511,0.5419674199435576,0.2071664700194626,0.5783931504213373,0.24359220049724234
E01026026,E01026026,Boston 004C,Boston,E01026026,1,2020,0.642359803109872,0.610743796434142,0.34300622780434,42.40226706684465,59.66862721128641,0.0,0.0,0.0,0.610743796434142,-0.031616006675729946,0.953750024238482,0.31139022112861003,0.846533658146802,0.20417385503693009,0.7765910794571107,0.13423127634723875,0.756949640119532,0.11458983700966008,0.7561316937089109,0.11377189059903892,0.7523302658791053,0.10997046276923339,0.73947173,0.09711193046022693,0.7879647027788683,0.14560489966899637,0.7483882318941897,0.10602842878431773,0.805721309706007,0.16336150659613502
E01026026,E01026026,Boston 004C,Boston,E01026026,1,2021,1.14774351707017,0.642359803109872,0.031616006675729946,42.40226706684465,59.66862721128641,0.0,0.0,0.0,0.642359803109872,-0.505383713960298,0.6739758097856019,-0.4737677072845681,0.7529924798188218,-0.3947510372513482,0.737233711954274,-0.41050980511589596,0.8187225901686014,-0.3290209269015686,0.79762611520824,-0.35011740186192997,0.823505185372393,-0.32423833169777694,0.8103458,-0.33739768853699736,0.8318641354652264,-0.31587938160494355,0.745552195442506,-0.402191321627664,0.7928191018244413,-0.3549244152457287
E01026026,E01026026,Boston 004C,Boston,E01026026,1,2022,1.07481677921851,1.14774351707017,0.505383713960298,42.40226706684465,59.66862721128641,0.0,0.0,0.0,1.14774351707017,0.07292673785166004,1.653127231030468,0.5783104518119582,1.1956643897317096,0.1208476105131997,1.1452366458399024,0.07041986662139244,1.2133852477456866,0.13856846852717664,1.2394919276727967,0.16467514845428677,1.2090941522810128,0.13427737306250287,1.1414647,0.06664793101708577,1.1762153878544388,0.10139860863592887,1.1120296084990962,0.037212829280586224,1.2149615394714657,0.14014476025295575
E01026027,E01026027,Boston 004D,Boston,E01026027,1,2020,0.174677602582111,0.393278015634333,0.6656023954676791,45.85786631899026,60.38984645865629,0.0,0.0,0.0,0.393278015634333,0.218600413052222,1.058880411102012,0.884202808519901,0.4474458879603189,0.2727682853782079,0.4254459479112646,0.2507683453291536,0.47366621045765783,0.2989886078755468,0.4525279961355518,0.27785039355344077,0.3757680369357316,0.20109043435362056,0.4023599,0.22768230027662312,0.4108602468100347,0.23618264422792368,0.3385173065521768,0.1638397039700658,0.4348923224120062,0.2602147198298952
E01026027,E01026027,Boston 004D,Boston,E01026027,1,2021,0.236307474553188,0.174677602582111,-0.218600413052222,45.85786631899026,60.38984645865629,0.0,0.0,0.0,0.174677602582111,-0.061629871971077,-0.043922810470110984,-0.280230285023299,0.3217990379794317,0.0854915634262437,0.35163337621152396,0.11532590165833595,0.41257482685758234,0.17626735230439433,0.4221823032898848,0.1858748287366968,0.4240553188921023,0.18774784433891428,0.37673464,0.1404271696213878,0.3760268638164119,0.13971938926322391,0.29532698171007404,0.05901950715688603,0.36341124019050003,0.12710376563731202
E01026027,E01026027,Boston 004D,Boston,E01026027,1,2022,0.576258005437366,0.236307474553188,0.061629871971077,45.85786631899026,60.38984645865629,0.0,0.0,0.0,0.236307474553188,-0.33995053088417804,0.297937346524265,-0.27832065891310104,0.580436197994735,0.004178192557368954,0.5674815983664491,-0.00877640707091698,0.4783141572841512,-0.09794384815321483,0.4897142988097456,-0.08654370662762045,0.42730924623533595,-0.1489487592020301,0.49938455,-0.07687345319699435,0.5132894761600917,-0.06296852927727437,0.49551569061094103,-0.08074231482642502,0.5228030335174574,-0.05345497191990867
E01026028,E01026028,Boston 004E,Boston,E01026028,1,2020,0.909721508016324,0.744066522134043,0.305519564391882,49.00511908149438,62.202585795946206,0.0,0.0,0.0,0.744066522134043,-0.165654985882281,1.049586086525925,0.139864578509601,0.8468865774015315,-0.0628349306147925,0.8236233094289519,-0.08609819858737211,0.867251674848767,-0.042469833167557036,0.8467970019318806,-0.06292450608444344,0.8266297385301938,-0.08309176948613017,0.82323134,-0.08649016856167313,0.8619997508824504,-0.04772175713387361,0.792306414658394,-0.11741509335792999,0.8442818955044662,-0.06543961251185781
E01026028,E01026028,Boston 004E,Boston,E01026028,1,2021,0.889327983536554,0.909721508016324,0.165654985882281,49.00511908149438,62.202585795946206,0.0,0.0,0.0,0.909721508016324,0.020393524479770053,1.075376493898605,0.18604851036205106,0.9110126610449415,0.02168467750838754,0.9243062640776901,0.034978280541136164,0.9854292198318355,0.09610123629528156,1.0176569099639772,0.12832892642742322,0.9927588412973807,0.10343085776082672,0.9908705,0.10154249223248901,1.0122028331753814,0.12287484963882744,0.8876456893006165,-0.0016822942359374649,0.9533974100861642,0.06406942654961023
E01026028,E01026028,Boston 004E,Boston,E01026028,1,2022,1.12784020375247,0.889327983536554,-0.020393524479770053,49.00511908149438,62.202585795946206,0.0,0.0,0.0,0.889327983536554,-0.238512220215916,0.8689344590567839,-0.25890574469568606,1.0880086029698337,-0.039831600782636256,1.072789689433367,-0.055050514319102906,1.2763542065781082,0.1485140028256382,1.2175389640525556,0.08969876030008561,1.1057303163275434,-0.02210988742492659,1.1586238,0.030783610830354746,1.1396657265962797,0.011825522843809777,1.043420441284398,-0.08441976246807203,1.1020845558935894,-0.025755647858880515
E01026039,E01026039,Boston 009D,Boston,E01026039,1,2020,0.909456197189157,0.181084066688913,0.061389521352613,52.50118072456605,65.28892454866478,0.0,0.0,0.0,0.181084066688913,-0.7283721305002441,0.242473588041526,-0.6669826091476311,0.4284665839163205,-0.48098961327283657,0.36192193535678097,-0.5475342618323761,0.26004202588062414,-0.6494141713085329,0.3051217754339712,-0.6043344217551858,0.2585732400075663,-0.6508829571815907,0.26841673,-0.6410394646394897,0.2702844779927165,-0.6391717191964406,0.3272940687522292,-0.5821621284369278,0.31993199008481826,-0.5895242071043387
E01026039,E01026039,Boston 009D,Boston,E01026039,1,2021,0.513509880039854,0.909456197189157,0.7283721305002441,52.50118072456605,65.28892454866478,0.0,0.0,0.0,0.909456197189157,0.39594631714930306,1.6378283276894012,1.1243184476495474,0.7599141033785962,0.24640422333874223,0.7496540619386471,0.23614418189879316,0.8486529580605671,0.3351430780207131,0.8462454730419399,0.3327355930020859,0.7261904395773042,0.21268055953745024,0.7216382,0.20812832262738235,0.7651674663148346,0.2516575862749806,0.723707657279918,0.21019777724006405,0.7893832425458438,0.2758733625059898
E01026039,E01026039,Boston 009D,Boston,E01026039,1,2022,0.915807502703032,0.513509880039854,-0.39594631714930306,52.50118072456605,65.28892454866478,0.0,0.0,0.0,0.513509880039854,-0.40229762266317803,0.11756356289055092,-0.7982439398124811,0.8438013786211034,-0.07200612408192864,0.817589840084028,-0.098217662619004,0.6956102653285017,-0.22019723737453034,0.709197018932695,-0.20661048377033697,0.6465876432527923,-0.26921985945023974,0.6407415,-0.27506597562249613,0.7350642746981331,-0.18074322800489895,0.7191614680612606,-0.19664603464177144,0.7296000830988703,-0.18620741960416176
E01026016,E01026016,Boston 006A,Boston,E01026016,1,2020,0.619908956543889,0.41412803992828,0.22543668355923202,64.07454442663864,75.25558692515119,0.0,0.0,0.0,0.41412803992828,-0.205780916615609,0.639564723487512,0.019655766943623032,0.6834138167823275,0.06350486023843849,0.6018795891722751,-0.01802936737161387,0.522246498780462,-0.09766245776342697,0.5281742279503852,-0.09173472859350384,0.5388166338173067,-0.08109232272658229,0.56902397,-0.050884989754643395,0.5972850108325842,-0.02262394571130477,0.5870624854414933,-0.03284647110239569,0.5784420759166651,-0.04146688062722392
E01026016,E01026016,Boston 006A,Boston,E01026016,1,2021,0.848922775976653,0.619908956543889,0.205780916615609,64.07454442663864,75.25558692515119,0.0,0.0,0.0,0.619908956543889,-0.229013819432764,0.8256898731594979,-0.023232902817155066,0.7857248730812024,-0.06319790289545058,0.7298888831159227,-0.1190338928607303,0.7710825089360748,-0.07784026704057823,0.7643846771128289,-0.08453809886382413,0.7743895619648803,-0.07453321401177271,0.81676924,-0.03215353368997087,0.7585351242995527,-0.09038765167710028,0.7030236345080396,-0.14589914146861338,0.7872739799866268,-0.06164879599002615
E01026016,E01026016,Boston 006A,Boston,E01026016,1,2022,1.04850101551059,0.848922775976653,0.229013819432764,64.07454442663864,75.25558692515119,0.0,0.0,0.0,0.848922775976653,-0.19957823953393705,1.077936595409417,0.029435579898827058,1.051028127388824,0.0025271118782339563,0.983042382381352,-0.06545863312923805,0.9112800694399721,-0.13722094607061797,0.9164994988491261,-0.13200151666146398,0.8896247871378401,-0.15887622837274995,0.94169635,-0.10680466970446822,0.9066213210665867,-0.1418796944440034,0.9269488473031086,-0.12155216820748149,0.9653540656920427,-0.08314694981854731
E01026033,E01026033,Boston 006B,Boston,E01026033,1,2020,0.710283490895318,0.420345756487472,0.187176412168109,62.808285922351544,72.62612205263378,0.0,0.0,0.0,0.420345756487472,-0.2899377344078459,0.6075221686555811,-0.10276132223973689,0.6571855320637677,-0.05309795883155022,0.5907893833685648,-0.11949410752675316,0.6626193609631335,-0.047664129932184496,0.6720550313738111,-0.038228459521506886,0.6905639900234339,-0.01971950087188401,0.716079,0.005795505763007247,0.6307364736769924,-0.07954701721832558,0.6518648400937305,-0.05841865080158748,0.6433783057725828,-0.06690518512273513
E01026033,E01026033,Boston 006B,Boston,E01026033,1,2021,1.05224446945148,0.710283490895318,0.2899377344078459,62.808285922351544,72.62612205263378,0.0,0.0,0.0,0.710283490895318,-0.34196097855616214,1.000221225303164,-0.05202324414831616,0.7765967309403522,-0.2756477385111279,0.7320950920969316,-0.3201493773545485,0.8219753848198,-0.23026908463168005,0.8565062506745179,-0.19573821877696218,0.8715348372792074,-0.18070963217227265,0.8980071,-0.1542373745914032,0.7714163075386535,-0.28082816191282656,0.7611698506718761,-0.29107461877960394,0.8124455277573062,-0.23979894169417393
E01026033,E01026033,Boston 006B,Boston,E01026033,1,2022,0.651363020651434,1.05224446945148,0.34196097855616214,62.808285922351544,72.62612205263378,0.0,0.0,0.0,1.05224446945148,0.40088144880004606,1.3942054480076422,0.7428424273562082,1.1092984281140845,0.4579354074626505,1.0386930941486054,0.3873300734971714,1.0145387965671866,0.36317577591575256,1.068500774621655,0.417137753970221,1.1033025053922858,0.45193948474085177,1.0364294,0.3850663845609683,0.9799245827347438,0.3285615620833098,1.0314498876720324,0.38008686702059835,1.0556389821206056,0.40427596146917155
E01026034,E01026034,Boston 006C,Boston,E01026034,1,2020,0.762624740441926,0.854452149721905,0.5266312232984129,67.17437374394773,75.73544445361141,0.0,0.0,0.0,0.854452149721905,0.09182740927997901,1.381083373020318,0.6184586325783921,0.9526230568989572,0.18999831645703125,0.8727036662148334,0.11007892577290745,0.8671173528976843,0.10449261245575836,0.8906495711259645,0.12802483068403858,0.9062486959317618,0.14362395548983586,0.9097486,0.14712387339245514,0.9242991080005306,0.16167436755860465,0.9121712315596069,0.14954649111768092,0.9312265690260273,0.16860182858410133
E01026034,E01026034,Boston 006C,Boston,E01026034,1,2021,0.840904348975438,0.762624740441926,-0.09182740927997901,67.17437374394773,75.73544445361141,0.0,0.0,0.0,0.762624740441926,-0.07827960853351201,0.670797331161947,-0.17010701781349102,0.9163795115692701,0.07547516259383213,0.8713435418579386,0.030439192882500632,0.9515489301418332,0.1106445811663952,0.9374320175631586,0.09652766858772066,0.9409233440003197,0.10001899502488176,0.9947539,0.15384954821465602,0.9467248731668598,0.10582052419142185,0.917803285391754,0.07689893641631607,0.9360007323062651,0.09509638333082715
E01026034,E01026034,Boston 006C,Boston,E01026034,1,2022,1.04896595588402,0.840904348975438,0.07827960853351201,67.17437374394773,75.73544445361141,0.0,0.0,0.0,0.840904348975438,-0.2080616069085821,0.91918395750895,-0.1297819983750701,1.1202531207573978,0.07128716487337772,1.0486161066131818,-0.0003498492708382539,1.344339345998845,0.295373390114825,1.19910492589213,0.15013897000810994,1.2987497850242853,0.2497838291402652,1.2748331,0.2258671272687509,1.1954567994489633,0.14649084356494324,1.1026871071583098,0.05372115127428967,1.1652083830374402,0.11624242715342015
E01026017,E01026017,Boston 007A,Boston,E01026017,1,2020,0.779253440286485,0.838673816789069,0.4340813601925301,63.42876905915919,74.42270140077797,0.0,0.0,0.0,0.838673816789069,0.05942037650258403,1.2727551769815992,0.4935017366951142,0.9180169374173978,0.13876349713091274,0.8242520356329484,0.04499859534646333,0.880496060519471,0.10124262023298602,0.8335783626639915,0.054324922377506524,0.8788634266839725,0.09960998639748753,0.89049894,0.11124549588981503,0.8403192189866828,0.061065778700197804,0.8850207274035625,0.1057672871170775,0.8801153714287444,0.10086193114225939
E01026017,E01026017,Boston 007A,Boston,E01026017,1,2021,0.804245073649804,0.779253440286485,-0.05942037650258403,63.42876905915919,74.42270140077797,0.0,0.0,0.0,0.779253440286485,-0.024991633363319,0.719833063783901,-0.08441200986590303,0.9812307349967113,0.1769856613469073,0.9139795644665514,0.10973449081674735,0.9312984067237905,0.12705333307398647,0.9141468233611607,0.10990174971135669,0.9402866822876764,0.1360416086378724,0.9731695,0.16892443194635687,0.9335997590423453,0.12935468539254125,1.0037751049506023,0.19953003130079827,0.9550874633399444,0.1508423896901404
E01026017,E01026017,Boston 007A,Boston,E01026017,1,2022,1.11582748673033,0.804245073649804,0.024991633363319,63.42876905915919,74.42270140077797,0.0,0.0,0.0,0.804245073649804,-0.3115824130805259,0.829236707013123,-0.2865907797172069,1.14412542505303,0.0282979383227,1.0498135950610408,-0.06601389166928917,1.3349469652718344,0.2191194785415045,1.1637697958927662,0.04794230916243625,1.2298430327439087,0.11401554601357877,1.2299638,0.11413629271913295,1.0979064398608627,-0.017921046869467272,1.0963128865973402,-0.01951460013298978,1.141744173557825,0.02591668682749515
E01026018,E01026018,Boston 007B,Boston,E01026018,1,2020,0.518743359312058,0.657950499867917,0.6998273059815455,57.28672888054896,69.26628812478137,0.0,0.0,0.0,0.657950499867917,0.13920714055585903,1.3577778058494625,0.8390344465374046,0.692374646995555,0.173631287683497,0.6629805240936094,0.14423716478155146,0.523660065901439,0.004916706589381037,0.4761175220802731,-0.04262583723178487,0.5090175712729925,-0.00972578803906543,0.49702868,-0.02171468065643356,0.6332229005748282,0.11447954126277027,0.624401254824747,0.105657895512689,0.5946155836465823,0.07587222433452434
E01026018,E01026018,Boston 007B,Boston,E01026018,1,2021,0.879873469356857,0.518743359312058,-0.13920714055585903,57.28672888054896,69.26628812478137,0.0,0.0,0.0,0.518743359312058,-0.361130110044799,0.3795362187561989,-0.500337250600658,0.65828173698777,-0.2215917323690869,0.660494632794152,-0.21937883656270496,0.6751360442295953,-0.20473742512726167,0.6609919519474008,-0.21888151740945616,0.6028601523681424,-0.27701331698871456,0.66107935,-0.21879412222322048,0.6876449484108379,-0.19222852094601905,0.6357688986219077,-0.2441045707349493,0.6412188868860673,-0.23865458247078963
E01026018,E01026018,Boston 007B,Boston,E01026018,1,2022,1.25138530161008,0.879873469356857,0.361130110044799,57.28672888054896,69.26628812478137,0.0,0.0,0.0,0.879873469356857,-0.37151183225322304,1.241003579401656,-0.010381722208423927,1.0044401039829647,-0.2469451976271153,0.9786418911185754,-0.27274341049150463,0.9805651696463371,-0.2708201319637429,0.9713475577851549,-0.2800377438249251,0.9507308727862592,-0.30065442882382076,0.96519214,-0.28619316246136783,0.9324298298293736,-0.3189554717807064,0.9557014614431099,-0.29568384016697014,0.9669436388055026,-0.2844416628045774
E01026019,E01026019,Boston 007C,Boston,E01026019,1,2020,0.543855929584882,0.361125381463806,0.2983033966021397,59.61117775876751,70.27088160258366,0.0,0.0,0.0,0.361125381463806,-0.18273054812107603,0.6594287780659458,0.11557284848106375,0.5678264414253803,0.023970511840498254,0.5141520565454826,-0.029703873039399475,0.5514193810354413,0.007563451450559255,0.4741582602266016,-0.06969766935828042,0.5573758037171787,0.013519874132296605,0.5549799,0.011123990802386019,0.5320904230364885,-0.01176550654839359,0.5326443972884152,-0.011211532296466875,0.5502308967281428,0.006374967143260801
E01026019,E01026019,Boston 007C,Boston,E01026019,1,2021,0.97369075379094,0.543855929584882,0.18273054812107603,59.61117775876751,70.27088160258366,0.0,0.0,0.0,0.543855929584882,-0.4298348242060579,0.7265864777059581,-0.24710427608498187,0.6099073164579567,-0.36378343733298324,0.5977432564892026,-0.3759474973017374,0.6941407611354548,-0.2795499926554852,0.6540456361789894,-0.3196451176119506,0.7075880034160774,-0.26610275037486253,0.717127,-0.25656372866352906,0.6775648533719774,-0.2961259004189626,0.6284871868422022,-0.3452035669487378,0.6478211571316199,-0.32586959665932
E01026019,E01026019,Boston 007C,Boston,E01026019,1,2022,0.966095923885559,0.97369075379094,0.4298348242060579,59.61117775876751,70.27088160258366,0.0,0.0,0.0,0.97369075379094,0.007594829905380962,1.403525577996998,0.43742965411143897,1.043039392861868,0.07694346897630899,0.9969061471533235,0.030810223267764503,0.8957801275572034,-0.0703157963283556,0.9524716134962657,-0.013624310389293237,0.9032922394790753,-0.06280368440648365,0.93968046,-0.026415466770385643,0.9886463284918368,0.022550404606277774,0.9717509661621868,0.005655042276627831,0.9751674474824477,0.009071523596888675
E01026020,E01026020,Boston 007D,Boston,E01026020,1,2020,0.25522644014562,0.598663072028738,0.5632549916972424,59.70571465406368,70.50819431820287,0.0,0.0,0.0,0.598663072028738,0.343436631883118,1.1619180637259805,0.9066916235803605,0.6675699522716222,0.4123435121260022,0.6277758561835897,0.37254941603796965,0.5329393117050938,0.2777128715594738,0.5271459422802911,0.2719195021346711,0.4522702996729969,0.1970438595273769,0.56526756,0.3100411227205909,0.6081723687950045,0.35294592864938445,0.5609118621733289,0.3056854220277089,0.5601757246899703,0.30494928454435033
E01026020,E01026020,Boston 007D,Boston,E01026020,1,2021,0.828378321906672,0.25522644014562,-0.343436631883118,59.70571465406368,70.50819431820287,0.0,0.0,0.0,0.25522644014562,-0.573151881761052,-0.088210191737498,-0.91658851364417,0.5182406752923131,-0.31013764661435894,0.5321963277098047,-0.2961819941968673,0.5900425086223332,-0.23833581328433884,0.5698237409533976,-0.25855458095327444,0.46461862133229886,-0.3637597005743732,0.53502643,-0.29335189082299284,0.47899304577768176,-0.3493852761289903,0.46026576135267877,-0.3681125605539933,0.5084870467822773,-0.31989127512439475
E01026020,E01026020,Boston 007D,Boston,E01026020,1,2022,0.668559018366786,0.828378321906672,0.573151881761052,59.70571465406368,70.50819431820287,0.0,0.0,0.0,0.828378321906672,0.15981930353988605,1.4015302036677242,0.7329711853009382,0.896977700638432,0.22841868227164597,0.8582608560973228,0.18970183773053684,0.8482314753253538,0.17967245695856782,0.8238526206632573,0.15529360229647127,0.8225578890020737,0.15399887063528772,0.8084314,0.13987236858084584,0.7725473137085138,0.10398829534172782,0.7897476818217831,0.12118866345499713,0.8590533768620428,0.19049435849525675
E01026041,E01026041,Boston 007E,Boston,E01026041,1,2020,0.877738227286092,1.52171761840908,0.881336170425884,53.08093472483926,65.19311249928853,0.0,0.0,0.0,1.52171761840908,0.643979391122988,2.403053788834964,1.5253155615488718,1.3785408324509778,0.5008026051648858,1.3040251296500633,0.4262869023639714,1.2487581096102898,0.3710198823241978,1.2698975861296442,0.39215935884355224,1.5025849138170384,0.6248466865309464,1.2393006,0.36156238134885677,1.2384597339184502,0.36072150663235825,1.3190418178221206,0.44130359053602863,1.3282375492514449,0.4504993219653529
E01026041,E01026041,Boston 007E,Boston,E01026041,1,2021,0.868455270261735,0.877738227286092,-0.643979391122988,53.08093472483926,65.19311249928853,0.0,0.0,0.0,0.877738227286092,0.009282957024356997,0.233758836163104,-0.634696434098631,1.1975559776561997,0.32910070739446473,1.201511845878689,0.3330565756169541,1.2611386952086223,0.39268342494688735,1.2145449376560669,0.3460896673943319,1.2353386974366571,0.36688342717492217,1.3370095,0.4685542788791952,1.2736214505018402,0.4051661802401052,1.275197497699733,0.4067422274379979,1.2273195245300592,0.35886425426832425
E01026041,E01026041,Boston 007E,Boston,E01026041,1,2022,1.54975109702668,0.868455270261735,-0.009282957024356997,53.08093472483926,65.19311249928853,0.0,0.0,0.0,0.868455270261735,-0.6812958267649449,0.859172313237378,-0.6905787837893019,1.2681150118837885,-0.2816360851428914,1.2651408171105416,-0.2846102799161383,1.351990200997656,-0.1977608960290238,1.2982053399136793,-0.25154575711300065,1.2726547547459717,-0.27709634228070823,1.3154751,-0.23427599078736105,1.33011474587725,-0.21963635114942992,1.347405475921016,-0.202345621105664,1.2995455901196389,-0.250205506907041
E01026013,E01026013,Boston 008A,Boston,E01026013,1,2020,0.215499369314276,0.0788120321592077,0.6335004676234057,47.03685961695283,62.19598789158391,0.0,0.0,0.0,0.0788120321592077,-0.13668733715506828,0.7123124997826135,0.49681313046833747,0.2952459905803352,0.07974662126605919,0.24810247330300256,0.03260310398872657,0.12197637443371721,-0.09352299488055878,0.11564159202313787,-0.09985777729113812,0.08682529164549029,-0.1286740776687857,0.07328607,-0.1422132978945601,0.14832575571368412,-0.06717361360059187,0.17371599674962485,-0.041783372564651144,0.1877822827070223,-0.027717086607253694
E01026013,E01026013,Boston 008A,Boston,E01026013,1,2021,0.464768301681928,0.215499369314276,0.13668733715506828,47.03685961695283,62.19598789158391,0.0,0.0,0.0,0.215499369314276,-0.24926893236765202,0.35218670646934425,-0.11258159521258376,0.2850638712951583,-0.1797044303867697,0.27518440372574954,-0.18958389795617847,0.2575843444038963,-0.20718395727803168,0.2740016306150903,-0.1907666710668377,0.2599948463090631,-0.2047734553728649,0.24728851,-0.2174797914785665,0.2662828980063493,-0.1984854036755787,0.25820838467662827,-0.20655991700529974,0.25877855259126026,-0.20598974909066775
E01026013,E01026013,Boston 008A,Boston,E01026013,1,2022,0.0925314712091102,0.464768301681928,0.24926893236765202,47.03685961695283,62.19598789158391,0.0,0.0,0.0,0.464768301681928,0.3722368304728178,0.71403723404958,0.6215057628404698,0.634215263095659,0.5416837918865488,0.6030456616076806,0.5105141903985704,0.48819131515818415,0.39565984394907394,0.5144082369484728,0.4218767657393626,0.48839727240890046,0.39586580119979026,0.47690305,0.384371579928814,0.5743266131801652,0.481795141971055,0.5035350560539187,0.4110035848448085,0.5464220845869592,0.453890613377849
E01026014,E01026014,Boston 008B,Boston,E01026014,1,2020,0.0649035017789702,0.19604388428872,0.307960420895907,44.546325234757774,60.669355196872566,0.0,0.0,0.0,0.19604388428872,0.1311403825097498,0.504004305184627,0.4391008034056568,0.36361485050938647,0.29871134873041627,0.348181497616164,0.2832779958371938,0.26732064478412926,0.20241714300515906,0.2810288059257005,0.2161253041467303,0.25062694458033885,0.18572344280136865,0.24374658,0.1788430769144197,0.2307867469648552,0.16588324518588501,0.22833147609201,0.1634279743130398,0.270038931573279,0.20513542979430882
E01026014,E01026014,Boston 008B,Boston,E01026014,1,2021,0.536361639269075,0.0649035017789702,-0.1311403825097498,44.546325234757774,60.669355196872566,0.0,0.0,0.0,0.0649035017789702,-0.4714581374901048,-0.0662368807307796,-0.6025985199998546,0.24247371935439538,-0.2938879199146796,0.28481590781054933,-0.25154573145852566,0.23707497428977475,-0.29928666497930023,0.25228598579546646,-0.2840756534736085,0.29596473457426886,-0.24039690469480612,0.2811492,-0.25521243072339017,0.2697330097928029,-0.2666286294762721,0.18156417547237216,-0.35479746379670285,0.24418539453362742,-0.29217624473544757
E01026014,E01026014,Boston 008B,Boston,E01026014,1,2022,0.725972059302271,0.536361639269075,0.4714581374901048,44.546325234757774,60.669355196872566,0.0,0.0,0.0,0.536361639269075,-0.18961042003319606,1.0078197767591797,0.2818477174569086,0.6368502179386537,-0.08912184136361734,0.6327089488077046,-0.09326311049456648,0.527578566009331,-0.1983934932929401,0.509397784816255,-0.21657427448601607,0.45962304900464046,-0.2663490102976306,0.4914559,-0.2345161467122442,0.5524555715694139,-0.1735164877328571,0.5359425406818881,-0.19002951862038298,0.5259859515718575,-0.1999861077304136
E01026022,E01026022,Boston 008C,Boston,E01026022,1,2020,0.125066638930064,0.319790166326186,0.7165221389877641,50.59545439320491,63.99564337402369,0.0,0.0,0.0,0.319790166326186,0.194723527396122,1.03631230531395,0.911245666383886,0.3147858921519167,0.1897192532218527,0.2960411297282793,0.17097449079821528,0.34612248438704313,0.22105584545697912,0.2493075471861809,0.12424090825611689,0.23842150099825288,0.11335486206818887,0.18784906,0.06278242077090188,0.23433545782211238,0.10926881889204837,0.24290648860297687,0.11783984967291286,0.2764051847202548,0.15133854579019082
E01026022,E01026022,Boston 008C,Boston,E01026022,1,2021,0.401811727362478,0.125066638930064,-0.194723527396122,50.59545439320491,63.99564337402369,0.0,0.0,0.0,0.125066638930064,-0.27674508843241397,-0.069656888466058,-0.471468615828536,0.3146315044817024,-0.08718022288077559,0.32572536470667424,-0.07608636265580376,0.3823107726987705,-0.019500954663707493,0.3599575900654292,-0.04185413729704879,0.3268133840372559,-0.0749983433252221,0.3110842,-0.09072751648982785,0.3048690801880303,-0.09694264717444773,0.2844548487441101,-0.11735687861836791,0.3159262279917104,-0.08588549937076762
E01026022,E01026022,Boston 008C,Boston,E01026022,1,2022,-0.005831558190282,0.401811727362478,0.27674508843241397,50.59545439320491,63.99564337402369,0.0,0.0,0.0,0.401811727362478,0.40764328555276,0.678556815794892,0.684388373985174,0.5877857631700263,0.5936173213603083,0.5754360467856935,0.5812676049759755,0.5794128766718184,0.5852444348621004,0.5624514673138333,0.5682830255041154,0.4862877219606961,0.4921192801509781,0.5773104,0.5831419415101368,0.5318017118028942,0.5376332699931762,0.5145330822600136,0.5203646404502956,0.5372432768659832,0.5430748350562652
E01026038,E01026038,Boston 008D,Boston,E01026038,1,2020,0.269500901522154,0.0157568054835776,0.1332840339040646,47.90388700547018,62.65495637354352,0.0,0.0,0.0,0.0157568054835776,-0.2537440960385764,0.1490408393876422,-0.1204600621345118,0.24650153686757414,-0.022999364654579857,0.20725691598590318,-0.06224398553625082,0.1072414728914106,-0.16225942863074339,0.08688077748225385,-0.18262012403990013,0.05191079513979128,-0.21759010638236273,0.05154561,-0.2179552927334253,0.09475256138673435,-0.17474834013541965,0.11200142654683787,-0.15749947497531613,0.14616724820752452,-0.12333365331462948
E01026038,E01026038,Boston 008D,Boston,E01026038,1,2021,0.369449066667294,0.269500901522154,0.2537440960385764,47.90388700547018,62.65495637354352,0.0,0.0,0.0,0.269500901522154,-0.09994816514513999,0.5232449975607304,0.1537959308934364,0.380301433191877,0.01085236652458299,0.37546768235297057,0.006018615685676576,0.40498598166319544,0.03553691499590145,0.3658902343458561,-0.003558832321437888,0.3855591883989671,0.016110121731673088,0.3607158,-0.008733260183071578,0.38319048840217473,0.013741421734880743,0.24921329253427227,-0.12023577413302172,0.38406656739586725,0.014617500728573263
E01026038,E01026038,Boston 008D,Boston,E01026038,1,2022,0.520038171735271,0.369449066667294,0.09994816514513999,47.90388700547018,62.65495637354352,0.0,0.0,0.0,0.369449066667294,-0.150589105067977,0.469397231812434,-0.050640939922837025,0.5939345343579521,0.07389636262268107,0.5568352151107038,0.03679704337543277,0.5063332462251509,-0.013704925510120147,0.49523231539516216,-0.024805856340108845,0.5008356340914524,-0.01920253764381863,0.4814824,-0.03855578514622071,0.5260148078331068,0.00597663609783583,0.47043801056685,-0.04960016116842103,0.5381592188144919,0.01812104707922091
E01026040,E01026040,Boston 008E,Boston,E01026040,1,2020,0.249769013994728,0.384172353156243,0.743817069528734,49.864214036181465,64.22347348994718,0.0,0.0,0.0,0.384172353156243,0.13440333916151498,1.1279894226849771,0.8782204086902492,0.4514630719972404,0.2016940580025124,0.40407715853786885,0.15430814454314085,0.42974682700573036,0.17997781301100235,0.3768558625573413,0.12708684856261332,0.3032978765950323,0.05352886260030432,0.31714466,0.06737564814707192,0.3753472827049925,0.1255782687102645,0.3397601644130469,0.0899911504183189,0.3812776454697236,0.13150863147499559
E01026040,E01026040,Boston 008E,Boston,E01026040,1,2021,1.25607266461705,0.249769013994728,-0.13440333916151498,49.864214036181465,64.22347348994718,0.0,0.0,0.0,0.249769013994728,-1.006303650622322,0.11536567483321303,-1.1407069897838369,0.37671021058646414,-0.8793624540305858,0.3762372628026478,-0.8798354018144021,0.45299924879503284,-0.8030734158220171,0.4461908692362159,-0.8098817953808339,0.4585867792783181,-0.7974858853387319,0.48385054,-0.7722221258864286,0.4182013263408271,-0.8378713382762228,0.37227221629291896,-0.883800448324131,0.41036862234642707,-0.8457040422706228
E01026040,E01026040,Boston 008E,Boston,E01026040,1,2022,1.54420286020275,1.25607266461705,1.006303650622322,49.864214036181465,64.22347348994718,0.0,0.0,0.0,1.25607266461705,-0.2881301955857001,2.262376315239372,0.7181734550366221,1.0660037050018925,-0.47819915520085754,1.0319233294518781,-0.5122795307508718,0.9943548859975544,-0.5498479742051956,1.1126326884642386,-0.4315701717385114,1.0471419747699313,-0.4970608854328187,0.9113629,-0.632839973773917,0.8802277085061221,-0.6639751516966279,0.9898178656598446,-0.5543849945429054,1.0222585387551935,-0.5219443214475565
E01026029,E01034683,Boston 009E,Boston,E01026029,1,2020,0.168716775723949,0.646925583133603,0.5979001054566182,46.84330841354701,61.396458598593064,0.0,0.0,0.0,0.646925583133603,0.47820880740965405,1.2448256885902214,1.0761089128662724,0.5440045374530011,0.37528776172905215,0.5383279946142548,0.36961121889030585,0.5129328899699066,0.3442161142459576,0.5255358187652467,0.3568190430412977,0.4645135237437861,0.29579674801983713,0.49322894,0.324512166431889,0.568524448702632,0.39980767297868297,0.5353361905318844,0.3666194148079354,0.5272161945571014,0.35849941883315245
E01026029,E01034683,Boston 009E,Boston,E01026029,1,2021,0.543857617652634,0.168716775723949,-0.47820880740965405,46.84330841354701,61.396458598593064,0.0,0.0,0.0,0.168716775723949,-0.37514084192868496,-0.30949203168570505,-0.853349649338339,0.4678342651370096,-0.07602335251562437,0.496994106386071,-0.04686351126656296,0.44759816484079606,-0.0962594528118379,0.4660203662559363,-0.07783725139669767,0.33935954357320347,-0.2044980740794305,0.40166494,-0.1421926751496585,0.4172991815694748,-0.12655843608315914,0.4328545645224274,-0.11100305313020659,0.4313317000221599,-0.11252591763047404
E01026029,E01034683,Boston 009E,Boston,E01026029,1,2022,0.715854420767058,0.543857617652634,0.37514084192868496,46.84330841354701,61.396458598593064,0.0,0.0,0.0,0.543857617652634,-0.171996803114424,0.918998459581319,0.20314403881426102,0.7251549675633195,0.009300546796261577,0.7081873977931417,-0.007667022973916304,0.6886782488507457,-0.027176171916312275,0.7027129116647606,-0.013141509102297388,0.6509554518440651,-0.06489896892299285,0.5969205,-0.11893393050216539,0.660358099073361,-0.055496321693697004,0.6897477380174735,-0.026106682749584498,0.673518027680309,-0.04233639308674897
E01026029,E01034684,Boston 009F,Boston,E01026029,1,2020,0.168716775723949,0.646925583133603,0.5979001054566182,46.84330841354701,61.396458598593064,0.0,0.0,0.0,0.646925583133603,0.47820880740965405,1.2448256885902214,1.0761089128662724,0.5440045374530011,0.37528776172905215,0.5383279946142548,0.36961121889030585,0.5129328899699066,0.3442161142459576,0.5255358187652467,0.3568190430412977,0.4645135237437861,0.29579674801983713,0.49322894,0.324512166431889,0.568524448702632,0.39980767297868297,0.5353361905318844,0.3666194148079354,0.5272161945571014,0.35849941883315245
E01026029,E01034684,Boston 009F,Boston,E01026029,1,2021,0.543857617652634,0.168716775723949,-0.47820880740965405,46.84330841354701,61.396458598593064,0.0,0.0,0.0,0.168716775723949,-0.37514084192868496,-0.30949203168570505,-0.853349649338339,0.4678342651370096,-0.07602335251562437,0.496994106386071,-0.04686351126656296,0.44759816484079606,-0.0962594528118379,0.4660203662559363,-0.07783725139669767,0.33935954357320347,-0.2044980740794305,0.40166494,-0.1421926751496585,0.4172991815694748,-0.12655843608315914,0.4328545645224274,-0.11100305313020659,0.4313317000221599,-0.11252591763047404
E01026029,E01034684,Boston 009F,Boston,E01026029,1,2022,0.715854420767058,0.543857617652634,0.37514084192868496,46.84330841354701,61.396458598593064,0.0,0.0,0.0,0.543857617652634,-0.171996803114424,0.918998459581319,0.20314403881426102,0.7251549675633195,0.009300546796261577,0.7081873977931417,-0.007667022973916304,0.6886782488507457,-0.027176171916312275,0.7027129116647606,-0.013141509102297388,0.6509554518440651,-0.06489896892299285,0.5969205,-0.11893393050216539,0.660358099073361,-0.055496321693697004,0.6897477380174735,-0.026106682749584498,0.673518027680309,-0.04233639308674897
E01026031,E01026031,Boston 009B,Boston,E01026031,1,2020,0.866957367481624,0.719157548672549,0.309646723400844,38.79444653882733,59.16978990171622,0.0,0.0,0.0,0.719157548672549,-0.147799818809075,1.028804272073393,0.16184690459176898,0.8279241000860659,-0.039033267395558124,0.8060791409286241,-0.0608782265529999,0.8809430222359974,0.013985654754373411,0.8604392721100311,-0.006518095371592869,0.8632786914376712,-0.0036786760439527777,0.8427031,-0.024254263462458958,0.8472971813419371,-0.019660186139686897,0.8326090562739048,-0.034348311207719195,0.8276816217714094,-0.03927574571021464
E01026031,E01026031,Boston 009B,Boston,E01026031,1,2021,1.47879494579122,0.866957367481624,0.147799818809075,38.79444653882733,59.16978990171622,0.0,0.0,0.0,0.866957367481624,-0.611837578309596,1.014757186290699,-0.46403775950052095,0.8525793016591158,-0.6262156441321042,0.8538856956693768,-0.6249092501218432,0.9643352287041913,-0.5144597170870286,0.9451742310710232,-0.5336207147201968,0.8408180016451692,-0.6379769441460508,0.85430795,-0.6244869962482207,0.8771169298931168,-0.6016780158981031,0.8326938296974887,-0.6461011160937312,0.8587360764505596,-0.6200588693406603
E01026031,E01026031,Boston 009B,Boston,E01026031,1,2022,1.74778983417582,1.47879494579122,0.611837578309596,38.79444653882733,59.16978990171622,0.0,0.0,0.0,1.47879494579122,-0.26899488838460006,2.090632524100816,0.3428426899249959,1.4202341322465968,-0.32755570192922323,1.3801279343080637,-0.3676618998677563,1.3315691332899895,-0.4162207008858305,1.3372463220084725,-0.4105435121673475,1.31379173605999,-0.43399809811583,1.2880671,-0.45972273174356904,1.3393413096882727,-0.4084485244875473,1.3087211716102987,-0.43906866256552135,1.3310921772747188,-0.41669765690110117
E01026035,E01026035,Boston 009C,Boston,E01026035,1,2020,-0.248599229389372,-0.185439285634057,0.239459643676708,39.675359637583206,60.113658309006155,0.0,0.0,0.0,-0.185439285634057,0.063159943755315,0.054020358042650984,0.302619587432023,0.050679399651860656,0.29927862904123265,0.031462479318359056,0.28006170870773106,-0.008353955602501661,0.24024527378687036,-0.021471122270150404,0.2271281071192216,-0.05923962121781481,0.1893596081715572,-0.02880733,0.2197918985127832,-0.011090936591117942,0.23750829279825408,-0.02001187000621725,0.22858735938315478,-0.01826389156119418,0.23033533782817783
E01026035,E01026035,Boston 009C,Boston,E01026035,1,2021,0.196432571788398,-0.248599229389372,-0.063159943755315,39.675359637583206,60.113658309006155,0.0,0.0,0.0,-0.248599229389372,-0.44503180117777,-0.31175917314468704,-0.508191744933085,0.03579585352517716,-0.16063671826322085,0.0242018750702606,-0.1722306967181374,-0.013189034603954763,-0.20962160639235278,-0.027686601982728647,-0.22411917377112667,-0.06526904427438784,-0.26170161606278586,-0.027520226,-0.2239527981030619,-0.027502066819947005,-0.223934638608345,-0.06047612919402537,-0.25690870098242335,-0.021374342589466418,-0.21780691437786442
E01026035,E01026035,Boston 009C,Boston,E01026035,1,2022,0.377004312723357,0.196432571788398,0.44503180117777,39.675359637583206,60.113658309006155,0.0,0.0,0.0,0.196432571788398,-0.18057174093495898,0.641464372966168,0.264460060242811,0.3624410678652687,-0.014563244858088298,0.3389181409642516,-0.03808617175910539,0.25722466473083355,-0.11977964799252344,0.27015575446558987,-0.10684855825776712,0.17892695434352063,-0.19807735837983637,0.18786468,-0.18913963660545996,0.1845198297326172,-0.19248448299073978,0.22434599519272067,-0.15265831753063633,0.26670195231593924,-0.11030236040741775
E01026055,E01026055,East Lindsey 013C,East Lindsey,E01026055,1,2020,0.426070558552913,0.782981878717602,0.49963193277863205,38.05692690441089,48.92370867744225,0.0,0.0,0.0,0.782981878717602,0.35691132016468907,1.2826138114962342,0.8565432529433212,0.9421534762328508,0.5160829176799379,0.901892497035106,0.475821938482193,0.8283393101765526,0.4022687516236396,0.8659165562531721,0.4398459977002591,0.7479357726239494,0.3218652140710364,0.74305403,0.31698347377283165,0.7524077910391687,0.3263372324862557,0.8349961631446604,0.4089256045917474,0.855037599416129,0.428967040863216
E01026055,E01026055,East Lindsey 013C,East Lindsey,E01026055,1,2021,0.834905741070061,0.426070558552913,-0.35691132016468907,38.05692690441089,48.92370867744225,0.0,0.0,0.0,0.426070558552913,-0.408835182517148,0.06915923838822391,-0.7657465026818371,0.7762143239123946,-0.05869141715766635,0.7935819859711658,-0.04132375509889519,0.7282025385796828,-0.10670320249037824,0.7681867584611268,-0.06671898260893416,0.6735261965814027,-0.16137954448865832,0.7581097,-0.0767960523112109,0.746407057862162,-0.088498683207899,0.6913243611880346,-0.14358137988202635,0.7605557781680068,-0.0743499629020542
E01026055,E01026055,East Lindsey 013C,East Lindsey,E01026055,1,2022,0.674518912807399,0.834905741070061,0.408835182517148,38.05692690441089,48.92370867744225,0.0,0.0,0.0,0.834905741070061,0.16038682826266204,1.243740923587209,0.56922201077981,1.0365640683370896,0.36204515552969063,1.0082458951561422,0.3337269823487432,0.8791034073375101,0.20458449453011118,0.9565253904332148,0.2820064776258159,0.9255273858397256,0.25100847303232665,0.8466529,0.1721340122070969,0.8973092605904202,0.2227903477830212,0.9608470463735167,0.28632813356611775,0.9777487276106913,0.30322981480329236
E01026059,E01026059,East Lindsey 013D,East Lindsey,E01026059,1,2020,1.20334519323254,0.766648739044654,0.07404255974795304,41.84469764901349,51.907778330564916,0.0,0.0,0.0,0.766648739044654,-0.43669645418788605,0.8406912987926071,-0.362653894439933,1.0671526162071219,-0.1361925770254182,1.0196348200895724,-0.18371037314296768,0.9108417752669764,-0.2925034179655637,0.9435902725986648,-0.2597549206338753,0.9441246215326149,-0.2592205716999252,0.9450736,-0.25827158864879984,0.9444766938984372,-0.25886849933410283,0.9848306139942636,-0.21851457923827644,0.98147333566818,-0.22187185756436012
E01026059,E01026059,East Lindsey 013D,East Lindsey,E01026059,1,2021,1.34125111897751,1.20334519323254,0.43669645418788605,41.84469764901349,51.907778330564916,0.0,0.0,0.0,1.20334519323254,-0.13790592574496996,1.6400416474204262,0.2987905284429162,1.2078022612492196,-0.1334488577282904,1.203891944607735,-0.13735917436977507,1.1462533998101097,-0.19499771916740039,1.3064555664047006,-0.03479555257280942,1.2239219339503236,-0.11732918502718648,1.1643745,-0.17687664826675564,1.1585273099321114,-0.18272380904539864,1.23215477885304,-0.10909634012447,1.1924314818736241,-0.1488196371038859
E01026059,E01026059,East Lindsey 013D,East Lindsey,E01026059,1,2022,1.0937284039928,1.34125111897751,0.13790592574496996,41.84469764901349,51.907778330564916,0.0,0.0,0.0,1.34125111897751,0.24752271498471012,1.47915704472248,0.3854286407296801,1.4676098373679234,0.3738814333751235,1.4239399321862969,0.330211528193497,1.334298222984914,0.24056981899211416,1.4104365956231308,0.3167081916303309,1.352375950066291,0.25864754607349116,1.4178323,0.32410385137066444,1.3136532596205912,0.2199248556277913,1.3750041517461484,0.2812757477533485,1.3956466182416734,0.30191821424887344
E01026100,E01026100,East Lindsey 013E,East Lindsey,E01026100,1,2020,0.850455721675981,0.412842448934307,0.217580026634974,41.96722669727368,52.349928867863156,0.0,0.0,0.0,0.412842448934307,-0.43761327274167405,0.630422475569281,-0.22003324610670005,0.6689114954190343,-0.18154422625694677,0.6344523967727056,-0.21600332490327545,0.5901874025984729,-0.26026831907750814,0.5371317214627755,-0.3133240002132055,0.5483422193215824,-0.3021135023543986,0.57014847,-0.2803072536584029,0.5999881578918219,-0.25046756378415913,0.5492704282862082,-0.30118529338977285,0.5990155475054524,-0.25144017417052866
E01026100,E01026100,East Lindsey 013E,East Lindsey,E01026100,1,2021,1.17352678592691,0.850455721675981,0.43761327274167405,41.96722669727368,52.349928867863156,0.0,0.0,0.0,0.850455721675981,-0.323071064250929,1.288068994417655,0.11454220849074503,0.903613093534889,-0.2699136923920211,0.8956504559594826,-0.2778763299674275,0.9030989069421679,-0.2704278789847422,0.9087547727928115,-0.2647720131340986,0.8524011887550559,-0.3211255971718542,0.8292581,-0.3442687016297299,0.8709939768586665,-0.30253280906824354,0.8027913856941873,-0.3707354002327228,0.8771316111031477,-0.2963951748237623
E01026100,E01026100,East Lindsey 013E,East Lindsey,E01026100,1,2022,1.31214769657372,1.17352678592691,0.323071064250929,41.96722669727368,52.349928867863156,0.0,0.0,0.0,1.17352678592691,-0.13862091064680993,1.4965978501778392,0.1844501536041192,1.2264035522194134,-0.08574414435430655,1.2090483008724466,-0.10309939570127336,1.2476007620058454,-0.06454693456787464,1.1980911083411088,-0.11405658823261122,1.1996490956559884,-0.11249860091773156,1.1927001,-0.11944754894493581,1.1841669454747785,-0.12798075109894147,1.106815005828819,-0.2053326907449009,1.190442370817413,-0.12170532575630699
E01026101,E01026101,East Lindsey 013F,East Lindsey,E01026101,1,2020,1.85824496387201,2.00352155483667,0.8416189627339501,42.04646299670058,52.37816789083575,0.0,0.0,0.0,2.00352155483667,0.14527659096466006,2.84514051757062,0.9868955536986099,1.9636113685056351,0.10536640463362512,1.8533076757224296,-0.004937288149580388,1.9580351649686627,0.09979020109665271,1.8716933952927555,0.013448431420745477,1.9069763778700344,0.04873141399802439,1.9328074,0.07456248165411306,1.8632358085041576,0.004990844632147606,1.9422769498894255,0.08403198601741546,1.9064886864200727,0.04824372254806275
E01026101,E01026101,East Lindsey 013F,East Lindsey,E01026101,1,2021,2.18554995149741,1.85824496387201,-0.14527659096466006,42.04646299670058,52.37816789083575,0.0,0.0,0.0,1.85824496387201,-0.32730498762540017,1.71296837290735,-0.4725815785900602,1.9817709645341468,-0.20377898696326335,1.8912537931704956,-0.2942961583269146,1.961205492493298,-0.22434445900411215,1.9603538334733066,-0.22519611802410355,2.313730116469263,0.12818016497185303,2.1788764,-0.006673551503513675,2.0664754768191216,-0.11907447467828858,1.992798270492766,-0.19275168100464413,2.061700018431477,-0.12384993306593328
E01026101,E01026101,East Lindsey 013F,East Lindsey,E01026101,1,2022,2.1379582510682,2.18554995149741,0.32730498762540017,42.04646299670058,52.37816789083575,0.0,0.0,0.0,2.18554995149741,0.04759170042921035,2.5128549391228105,0.37489668805461074,2.2931298179577153,0.1551715668895155,2.1807973245971137,0.04283907352891392,2.037618345265176,-0.10033990580302365,2.083381372465588,-0.054576878602611956,2.224120663081756,0.08616241201355601,2.1203346,-0.017623625824059186,2.0288356784244517,-0.10912257264374814,2.205724334075407,0.0677660830072071,2.1860448530973984,0.048086602029198566
E01026092,E01026092,East Lindsey 014A,East Lindsey,E01026092,1,2020,1.9715821816332,2.56114103607098,0.94715976814212,24.581027867823344,38.31527912810095,0.0,0.0,0.0,2.56114103607098,0.5895588544377801,3.5083008042131,1.5367186225798999,2.49850217229159,0.5269199906583901,2.4246288836255063,0.45304670199230634,2.545456619911089,0.5738744382778889,2.038604860109347,0.06702267847614718,2.0721729000862448,0.10059071845304479,2.2984822,0.32689999800852365,2.0944130542760218,0.12283087264282178,2.137249246144335,0.1656670645111349,2.3167121782863838,0.3451299966531838
E01026092,E01026092,East Lindsey 014A,East Lindsey,E01026092,1,2021,2.61650415401046,1.9715821816332,-0.5895588544377801,24.581027867823344,38.31527912810095,0.0,0.0,0.0,1.9715821816332,-0.6449219723772599,1.3820233271954199,-1.23448082681504,2.2422980463838518,-0.3742061076266081,2.263183487937137,-0.3533206660733228,2.376951422052363,-0.239552731958097,1.9996287977622085,-0.6168753562482514,2.190703927478459,-0.4258002265320009,2.2160773,-0.4004268262821884,2.155155632881305,-0.46134852112915503,2.0251377866795024,-0.5913663673309575,2.2364368168761293,-0.3800673371343306
E01026092,E01026092,East Lindsey 014A,East Lindsey,E01026092,1,2022,2.42223611079165,2.61650415401046,0.6449219723772599,24.581027867823344,38.31527912810095,0.0,0.0,0.0,2.61650415401046,0.19426804321880997,3.26142612638772,0.8391900155960701,2.6845920604727946,0.26235594968114473,2.614671702491548,0.1924355916998981,2.529020708664424,0.10678459787277417,2.067576778678607,-0.3546593321130431,2.084655793007988,-0.33758031778366204,2.2765548,-0.14568128786989698,2.1574450655687447,-0.2647910452229052,2.1137973386940727,-0.3084387720975772,2.4213476235500284,-0.000888487241621494
E01026093,E01026093,East Lindsey 014B,East Lindsey,E01026093,1,2020,2.28216886327586,2.41418165196057,0.5234459073323301,23.983385212777506,38.36444344012714,0.0,0.0,0.0,2.41418165196057,0.13201278868471,2.9376275592929,0.6554586960170399,2.5720869058089075,0.2899180425330474,2.4534817218350944,0.17131285855923428,2.3782366054470208,0.09606774217116065,2.085457902036259,-0.1967109612396012,2.1753099868434194,-0.10685887643244074,2.2385383,-0.04363059804758862,2.2226458591803198,-0.059523004095540344,2.1167165809058908,-0.16545228236996934,2.3947937417420824,0.11262487846622227
E01026093,E01026093,East Lindsey 014B,East Lindsey,E01026093,1,2021,2.87784730043926,2.28216886327586,-0.13201278868471,23.983385212777506,38.36444344012714,0.0,0.0,0.0,2.28216886327586,-0.5956784371634001,2.15015607459115,-0.7276912258481101,2.4653010971219698,-0.4125462033172904,2.422059737846977,-0.45578756259228337,2.3396460476184497,-0.5382012528208104,2.07675705920555,-0.8010902412337102,2.2060750002810963,-0.6717723001581639,2.0304928,-0.8473545178464867,2.0561300268548983,-0.8217172735843619,2.087343908304245,-0.7905033921350153,2.275011505296999,-0.6028357951422612
E01026093,E01026093,East Lindsey 014B,East Lindsey,E01026093,1,2022,3.05637846500307,2.87784730043926,0.5956784371634001,23.983385212777506,38.36444344012714,0.0,0.0,0.0,2.87784730043926,-0.17853116456380969,3.4735257376026603,0.4171472725995904,2.9987671321945752,-0.05761133280849462,2.8838449256673524,-0.17253353933571747,2.50459270949747,-0.5517857555056,2.1433449834456004,-0.9130334815574694,2.105782588533752,-0.9505958764693179,1.9778601,-1.0785183718863096,2.157266237910042,-0.8991122270930281,2.1638655709625896,-0.8925128940404803,2.5088105950288084,-0.5475678699742614
E01026095,E01026095,East Lindsey 014C,East Lindsey,E01026095,1,2020,2.97795037069339,4.13372248788648,1.99167991914925,23.73301166688978,38.29298433998008,0.0,0.0,0.0,4.13372248788648,1.1557721171930901,6.125402407035731,3.1474520363423406,3.5810695056338693,0.6031191349404792,3.404544464096884,0.42659409340349397,2.6551638177716277,-0.3227865529217624,2.422296052890481,-0.555654317802909,2.374216976695502,-0.6037333939978882,2.4810834,-0.49686697759646625,2.3451512383472233,-0.6327991323461668,2.3278474992721465,-0.6501028714212436,2.9785091324830164,0.0005587617896263275
E01026095,E01026095,East Lindsey 014C,East Lindsey,E01026095,1,2021,3.42372238294777,2.97795037069339,-1.1557721171930901,23.73301166688978,38.29298433998008,0.0,0.0,0.0,2.97795037069339,-0.44577201225438,1.8221782535003,-1.6015441294474702,3.1170405800471905,-0.30668180290057956,3.1231057269708047,-0.3006166559769654,2.603447842899047,-0.820274540048723,2.413879935379981,-1.009842447567789,2.4520062953788413,-0.9717160875689288,2.478348,-0.9453743662088785,2.343311537823927,-1.080410845123843,2.2001199500992046,-1.2236024328485655,2.788826493832485,-0.6348958891152852
E01026095,E01026095,East Lindsey 014C,East Lindsey,E01026095,1,2022,3.84177292509541,3.42372238294777,0.44577201225438,23.73301166688978,38.29298433998008,0.0,0.0,0.0,3.42372238294777,-0.4180505421476397,3.86949439520215,0.02772147010674031,3.5595973260736713,-0.2821755990217385,3.4798205667043405,-0.3619523583910693,2.6056075502988056,-1.2361653747966042,2.416421552565456,-1.4253513725299536,2.3676433367815686,-1.4741295883138412,2.2742863,-1.5674866549538082,2.3227183175522703,-1.5190546075431395,2.2834380959593017,-1.558334829136108,2.9426716229015715,-0.8991013021938383
E01026114,E01026114,East Lindsey 014D,East Lindsey,E01026114,1,2020,1.99263060615272,1.83669964853998,0.68915855016302,22.38717729981723,38.369529278469976,0.0,0.0,0.0,1.83669964853998,-0.1559309576127399,2.525858198703,0.5332275925502803,1.9801256268003056,-0.012504979352414347,1.9163162856207292,-0.07631432053199072,1.954266038644762,-0.038364567507958025,1.7903336878064453,-0.2022969183462746,1.5646725061475246,-0.4279581000051953,1.8464459,-0.146184688069529,1.6880371584634208,-0.3045934476892991,1.814841523536627,-0.17778908261609283,1.825575844735106,-0.16705476141761388
E01026114,E01026114,East Lindsey 014D,East Lindsey,E01026114,1,2021,2.35143327404094,1.99263060615272,0.1559309576127399,22.38717729981723,38.369529278469976,0.0,0.0,0.0,1.99263060615272,-0.3588026678882199,2.14856156376546,-0.2028717102754798,2.0596779916070638,-0.29175528243387605,2.0113541727929354,-0.34007910124800445,1.9071629323558583,-0.4442703416850815,1.889398293238423,-0.4620349808025168,2.087426851435597,-0.2640064226053429,1.8146467,-0.5367865531547094,1.9351020186905057,-0.41633125535043414,1.853222386333204,-0.4982108877077358,2.008486432930447,-0.3429468411104928
E01026114,E01026114,East Lindsey 014D,East Lindsey,E01026114,1,2022,2.62701907205192,2.35143327404094,0.3588026678882199,22.38717729981723,38.369529278469976,0.0,0.0,0.0,2.35143327404094,-0.2755857980109804,2.7102359419291595,0.08321686987723931,2.4662307987675303,-0.16078827328438994,2.393138688455108,-0.23388038359681218,2.073144470158239,-0.5538746018936811,2.035488570937124,-0.591530501114796,2.0922908716930686,-0.5347282003588516,1.9225186,-0.7045004610976355,1.980647224960344,-0.6463718470915762,2.0720729436064076,-0.5549461284455126,2.2330028954657934,-0.39401617658612675
E01026083,E01026083,East Lindsey 015A,East Lindsey,E01026083,1,2020,2.69032716574292,2.90330259906404,0.3807859776179203,22.834044945954748,38.41955634897351,0.0,0.0,0.0,2.90330259906404,0.21297543332112,3.2840885766819605,0.5937614109390403,2.815351751411327,0.1250245856684069,2.6911059072941557,0.0007787415512354734,2.5298411106593397,-0.1604860550835805,2.193335432321115,-0.496991733421805,2.351011480916183,-0.33931568482673713,2.37922,-0.31110715689282253,2.260516203840681,-0.429810961902239,2.290292930461583,-0.4000342352813373,2.568708259261651,-0.12161890648126938
E01026083,E01026083,East Lindsey 015A,East Lindsey,E01026083,1,2021,3.10205335813375,2.69032716574292,-0.21297543332112,22.834044945954748,38.41955634897351,0.0,0.0,0.0,2.69032716574292,-0.41172619239082975,2.4773517324218,-0.6247016257119498,2.867411590276792,-0.2346417678569579,2.788553938819649,-0.31349941931410097,2.5219178521013594,-0.5801355060323905,2.215552359406105,-0.8865009987276449,2.2356302748043975,-0.8664230833293525,2.1431913,-0.9588620205483007,2.137832849580765,-0.9642205085529851,2.0818321211843576,-1.0202212369493924,2.5105250295453123,-0.5915283285884376
E01026083,E01026083,East Lindsey 015A,East Lindsey,E01026083,1,2022,3.65251987408393,3.10205335813375,0.41172619239082975,22.834044945954748,38.41955634897351,0.0,0.0,0.0,3.10205335813375,-0.55046651595018,3.5137795505245797,-0.1387403235593503,3.1603104350308073,-0.49220943905312264,3.040913014509446,-0.6116068595744841,2.533766947252776,-1.1187529268311538,2.191448740430294,-1.4610711336536362,2.1699178698688333,-1.4826020042150967,2.0173023,-1.6352175993799505,2.0804656300221795,-1.5720542440617504,2.149905072048034,-1.5026148020358958,2.6117911636977538,-1.0407287103861762
E01026094,E01026094,East Lindsey 015B,East Lindsey,E01026094,1,2020,2.06309499549582,1.88555028124179,0.6529759212786899,23.621336925941172,38.29515497498962,0.0,0.0,0.0,1.88555028124179,-0.17754471425403007,2.5385262025204796,0.4754312070246596,1.959331208880323,-0.10376378661549701,1.8704586037223678,-0.19263639177345215,1.569049399525285,-0.494045595970535,1.5931807532526678,-0.46991424224315215,1.6554419861540604,-0.40765300934175963,1.7128366,-0.3502583723039865,1.6281685429052282,-0.4349264525905918,1.7233318987513853,-0.3397630967444347,1.791424622278726,-0.271670373217094
E01026094,E01026094,East Lindsey 015B,East Lindsey,E01026094,1,2021,2.28516219500728,2.06309499549582,0.17754471425403007,23.621336925941172,38.29515497498962,0.0,0.0,0.0,2.06309499549582,-0.2220671995114598,2.24063970974985,-0.04452248525742997,2.077680862075283,-0.20748133293199666,2.019708949068149,-0.2654532459391308,1.923196034929814,-0.36196616007746574,1.9449070311019336,-0.34025516390534616,2.270196013821125,-0.014966181186154781,1.9887785,-0.2963837230605635,1.9662573136429087,-0.3189048813643711,1.889491145945491,-0.39567104906178874,2.0913843872601103,-0.19377780774716946
E01026094,E01026094,East Lindsey 015B,East Lindsey,E01026094,1,2022,2.57522745001482,2.28516219500728,0.2220671995114598,23.621336925941172,38.29515497498962,0.0,0.0,0.0,2.28516219500728,-0.2900652550075402,2.5072293945187396,-0.0679980554960804,2.4383237906574347,-0.13690365935738535,2.3484186113155796,-0.2268088386992404,2.022259247488944,-0.552968202525876,2.0838411333517564,-0.49138631666306365,2.164183807184855,-0.4110436428299651,1.9937252,-0.5815022693889045,2.0484905145306245,-0.5267369354841955,2.085643882359261,-0.4895835676555591,2.2615110536192757,-0.3137163963955443
E01026096,E01026096,East Lindsey 015C,East Lindsey,E01026096,1,2020,1.05037676695617,0.990955372559378,0.5728048144604541,24.807193165812418,38.185577820402905,0.0,0.0,0.0,0.990955372559378,-0.05942139439679206,1.563760187019832,0.513383420063662,1.202837741866675,0.1524609749105048,1.1919177124532654,0.14154094549709528,0.8215125935694602,-0.22886417338670995,0.9831678655157983,-0.06720890144037184,0.7919508951702041,-0.258425871785966,0.6011724,-0.44920437935622504,0.880483643512133,-0.16989312344403706,0.8508072415212872,-0.19956952543488293,0.9440021309867859,-0.10637463596938423
E01026096,E01026096,East Lindsey 015C,East Lindsey,E01026096,1,2021,1.11766844933573,1.05037676695617,0.05942139439679206,24.807193165812418,38.185577820402905,0.0,0.0,0.0,1.05037676695617,-0.06729168237955996,1.1097981613529622,-0.007870287982767898,1.0183507363302091,-0.09931771300552095,1.1031648890148067,-0.01450356032092337,1.174307682546946,0.056639233211216,1.1142704201082423,-0.0033980292274877755,1.1064080963483547,-0.011260352987375377,0.9354903,-0.1821781391436219,1.0894067576411857,-0.0282616916945444,0.9787119643283881,-0.13895648500734192,1.035103258213088,-0.08256519112264216
E01026096,E01026096,East Lindsey 015C,East Lindsey,E01026096,1,2022,1.30694409464577,1.11766844933573,0.06729168237955996,24.807193165812418,38.185577820402905,0.0,0.0,0.0,1.11766844933573,-0.18927564531003993,1.18496013171529,-0.12198396293047997,1.3654925529569382,0.05854845831116817,1.3897025181591376,0.0827584235133676,1.388797203832206,0.08185310918643607,1.3359812221819354,0.029037127536165386,1.269088064877132,-0.03785602976863789,1.1628255,-0.14411862944343845,1.1757208518870794,-0.13122324275869057,1.1862977079061834,-0.12064638673958661,1.3037792651421451,-0.003164829503624844
E01026097,E01026097,East Lindsey 015D,East Lindsey,E01026097,1,2020,1.54253168678054,1.86693836124671,0.43396498040866005,24.3069477595176,38.24920982476532,0.0,0.0,0.0,1.86693836124671,0.32440667446617,2.30090334165537,0.75837165487483,2.072162087508485,0.5296304007279449,1.9757142398811227,0.4331825531005826,1.6364267534297925,0.0938950666492524,1.6573274818732824,0.11479579509274229,1.5887125503809267,0.046180863600386646,1.7892362,0.2467045011543354,1.7623388368134005,0.21980715003286044,1.7288940498100251,0.18636236302948506,1.8064145705637638,0.26388288378322367
E01026097,E01026097,East Lindsey 015D,East Lindsey,E01026097,1,2021,2.29023689451926,1.54253168678054,-0.32440667446617,24.3069477595176,38.24920982476532,0.0,0.0,0.0,1.54253168678054,-0.7477052077387201,1.21812501231437,-1.07211188220489,1.8475182416929532,-0.44271865282630696,1.8521103072003575,-0.43812658731890264,2.0453584265985976,-0.2448784679206626,1.9778588178053444,-0.3123780767139157,1.9887937216721714,-0.30144317284708877,1.9371513,-0.3530855816911962,1.8602185257194914,-0.43001836879976874,1.701581492609287,-0.5886554019099732,1.872378140871011,-0.4178587536482492
E01026097,E01026097,East Lindsey 015D,East Lindsey,E01026097,1,2022,1.7840151823605,2.29023689451926,0.7477052077387201,24.3069477595176,38.24920982476532,0.0,0.0,0.0,2.29023689451926,0.5062217121587602,3.03794210225798,1.25392691989748,2.3837902977609646,0.5997751154004647,2.302716054012857,0.5187008716523571,2.0124217558971367,0.22840657353663674,2.123164721091278,0.3391495387307779,2.1327041494628824,0.3486889671023825,2.0369105,0.25289535154452936,1.9815404014643234,0.19752521910382348,2.1169931592259963,0.33297797686549635,2.2115225360824504,0.4275073537219505
E01026051,E01026051,East Lindsey 016A,East Lindsey,E01026051,1,2020,0.414006672594957,0.250708507663204,0.14696300985891303,49.829135192413716,58.87605660755162,0.0,0.0,0.0,0.250708507663204,-0.16329816493175298,0.39767151752211705,-0.016335155072839946,0.5035051254993752,0.08949845290441821,0.48899093814400263,0.07498426554904564,0.44270455156378014,0.028697878968823143,0.40880052210348417,-0.005206150491472827,0.45200183784530795,0.03799516525035096,0.44182593,0.027819253708906533,0.4605864702560731,0.046579797661116085,0.40167054367598337,-0.012336128918973621,0.45890860603020855,0.04490193343525156
E01026051,E01026051,East Lindsey 016A,East Lindsey,E01026051,1,2021,0.912570738842816,0.414006672594957,0.16329816493175298,49.829135192413716,58.87605660755162,0.0,0.0,0.0,0.414006672594957,-0.49856406624785904,0.57730483752671,-0.335265901316106,0.5773912533153257,-0.33517948552749033,0.5790408655450886,-0.33352987329772743,0.6040666495644182,-0.3085040892783978,0.5594797402040999,-0.3530909986387162,0.588046986667556,-0.3245237521752601,0.5892647,-0.32330604796680895,0.5809377292333995,-0.33163300960941655,0.5164256979061217,-0.39614504093669434,0.5743738256388582,-0.33819691320395784
E01026051,E01026051,East Lindsey 016A,East Lindsey,E01026051,1,2022,0.586966059136503,0.912570738842816,0.49856406624785904,49.829135192413716,58.87605660755162,0.0,0.0,0.0,0.912570738842816,0.325604679706313,1.4111348050906751,0.8241687459541721,0.9556993648915704,0.36873330575506735,0.9493810290080467,0.36241496987154365,0.8501128006276268,0.2631467414911238,0.8966296324178198,0.3096635732813168,0.8922707685321866,0.30530470939568355,0.8322147,0.24524865396011564,0.822831442659472,0.23586538352296893,0.8559258172480387,0.2689597581115357,0.8897733230606182,0.30280726392411517
E01026052,E01026052,East Lindsey 016B,East Lindsey,E01026052,1,2020,1.28267336775852,0.9778793405089,0.8782439531697324,49.518605422412755,58.57245738447141,0.0,0.0,0.0,0.9778793405089,-0.30479402724962,1.8561232936786323,0.5734499259201122,0.8534813911515496,-0.4291919766069704,0.8368943875848462,-0.4457789801736738,0.74701754825728,-0.5356558195012401,0.8259958023758536,-0.45667756538266646,0.62571402031563,-0.6569593474428901,0.70959526,-0.573078104754217,0.8321853113385391,-0.4504880564199809,0.7453737996349783,-0.5372995681235417,0.7530747968154261,-0.5295985709430939
E01026052,E01026052,East Lindsey 016B,East Lindsey,E01026052,1,2021,1.43754230528971,1.28267336775852,0.30479402724962,49.518605422412755,58.57245738447141,0.0,0.0,0.0,1.28267336775852,-0.15486893753119002,1.5874673950081402,0.1499250897184301,1.1044035196853694,-0.3331387856043406,1.1048017117195827,-0.3327405935701273,1.2126923785043235,-0.2248499267853865,1.224400143378255,-0.21314216191145507,1.2216004255080664,-0.2159418797816437,1.192137,-0.24540530234476376,1.130197792983283,-0.3073445123064271,1.0994600567479555,-0.3380822485417545,1.1579746094042114,-0.2795676958854987
E01026052,E01026052,East Lindsey 016B,East Lindsey,E01026052,1,2022,1.142378764977,1.43754230528971,0.15486893753119002,49.518605422412755,58.57245738447141,0.0,0.0,0.0,1.43754230528971,0.29516354031270997,1.5924112428209,0.4500324778439,1.4691441350534253,0.32676537007642525,1.4487740252091839,0.3063952602321838,1.4766813689862572,0.33430260400925715,1.5116436720250686,0.36926490704806847,1.5281388974892618,0.3857601325122617,1.5825868,0.44020800031230656,1.4419002466196955,0.29952148164269543,1.3965399523894766,0.2541611874124765,1.468963366186265,0.326584601209265
E01026053,E01026053,East Lindsey 016C,East Lindsey,E01026053,1,2020,0.184084736820387,0.12844449372859,0.416554558130672,52.420749213731774,61.20198736023907,0.0,0.0,0.0,0.12844449372859,-0.05564024309179702,0.544999051859262,0.360914315038875,0.27504822177702143,0.09096348495663442,0.28498385305620455,0.10089911623581754,0.23148144002834997,0.047396703207962965,0.2260333015180821,0.04194856469769509,0.1676718152824845,-0.016412921537902497,0.18560004,0.0015153055227526413,0.21315134549095494,0.02906660867056793,0.21673341927687959,0.03264868245649258,0.213465739905637,0.02938100308524999
E01026053,E01026053,East Lindsey 016C,East Lindsey,E01026053,1,2021,0.613652840240899,0.184084736820387,0.05564024309179702,52.420749213731774,61.20198736023907,0.0,0.0,0.0,0.184084736820387,-0.42956810342051194,0.23972497991218403,-0.37392786032871494,0.3082364382121942,-0.30541640202870474,0.33658659821098674,-0.2770662420299122,0.24601295741978332,-0.3676398828211156,0.255269261181775,-0.35838357905912394,0.23092480328815485,-0.3827280369527441,0.2849159,-0.3287369459709557,0.26531633231129514,-0.3483365079296038,0.2895253289106359,-0.324127511330263,0.28803844143204244,-0.3256143988088565
E01026053,E01026053,East Lindsey 016C,East Lindsey,E01026053,1,2022,0.456063962731012,0.613652840240899,0.42956810342051194,52.420749213731774,61.20198736023907,0.0,0.0,0.0,0.613652840240899,0.15758887750988693,1.0432209436614108,0.5871569809303988,0.6435798810618178,0.18751591833080583,0.6741674185234825,0.21810345579247048,0.6045758217251463,0.14851185899413433,0.6348064330262867,0.17874247029527468,0.5549623109289217,0.09889834819790966,0.57176375,0.11569979115997919,0.5913669671501987,0.13530300441918663,0.6151613839297865,0.15909742119877446,0.6168940516828583,0.16083008895184625
E01026054,E01026054,East Lindsey 016D,East Lindsey,E01026054,1,2020,1.04318341485044,1.30122045376076,0.5633122826819379,49.18760345800061,58.396558779713594,0.0,0.0,0.0,1.30122045376076,0.2580370389103199,1.8645327364426978,0.8213493215922578,1.2484995360462516,0.20531612119581166,1.1872321094691403,0.1440486946187003,1.2743416603618465,0.2311582455114065,1.2688935512804422,0.22571013643000226,1.3013221288652677,0.2581387140148277,1.3046062,0.2614227844140864,1.219389888807807,0.176206473957367,1.2205706181814808,0.17738720333104085,1.2468747629930894,0.20369134814264944
E01026054,E01026054,East Lindsey 016D,East Lindsey,E01026054,1,2021,1.29519629797309,1.04318341485044,-0.2580370389103199,49.18760345800061,58.396558779713594,0.0,0.0,0.0,1.04318341485044,-0.25201288312265,0.78514637594012,-0.51004992203297,1.2273419798892298,-0.06785431808386022,1.2053667214980859,-0.08982957647500411,1.1592948091602384,-0.13590148881285158,1.2017843324707456,-0.09341196550234443,1.2156209391114874,-0.07957535886160261,1.1510332,-0.14416313490241128,1.218145738383991,-0.0770505595890989,1.219618593758892,-0.07557770421419807,1.1842253095578157,-0.11097098841527431
E01026054,E01026054,East Lindsey 016D,East Lindsey,E01026054,1,2022,1.22567559225164,1.29519629797309,0.25201288312265,49.18760345800061,58.396558779713594,0.0,0.0,0.0,1.29519629797309,0.06952070572144997,1.54720918109574,0.3215335888441,1.461319370149705,0.2356437778980649,1.3996300508009523,0.17395445854931224,1.3871838151560452,0.16150822290440514,1.306996746795984,0.08132115454434397,1.472492616642401,0.24681702439076103,1.4866014,0.26092576044001037,1.4606502978780844,0.2349747056264444,1.4086348187835704,0.18295922653193042,1.401327500132534,0.17565190788089402
E01026118,E01026118,East Lindsey 016E,East Lindsey,E01026118,1,2020,0.566454286041191,0.345468590058682,0.5488208058864801,70.46248841242226,77.80082067445336,0.0,0.0,0.0,0.345468590058682,-0.22098569598250895,0.8942893959451621,0.32783510990397113,0.4213917409475842,-0.14506254509360678,0.4080651236610993,-0.15838916238009165,0.385828164629168,-0.18062612141202294,0.3219718949884211,-0.24448239105276987,0.339548079854914,-0.226906206186277,0.35222358,-0.2142307109259871,0.38660761303542845,-0.17984667300576251,0.2928766484821402,-0.2735776375590508,0.39035911243697097,-0.17609517360422
E01026118,E01026118,East Lindsey 016E,East Lindsey,E01026118,1,2021,0.4673719506638,0.566454286041191,0.22098569598250895,70.46248841242226,77.80082067445336,0.0,0.0,0.0,0.566454286041191,0.09908233537739097,0.7874399820236999,0.3200680313598999,0.6107159770293639,0.14334402636556387,0.6135037281512244,0.14613177748742445,0.5903933484555167,0.12302139779171672,0.6095798503587014,0.14220789969490144,0.599392098518182,0.132020147854382,0.58110774,0.1137357849700501,0.6145318032369171,0.14715985257311714,0.4958736002792909,0.028501649615490898,0.6063131482156641,0.13894119755186407
E01026118,E01026118,East Lindsey 016E,East Lindsey,E01026118,1,2022,0.516397277615847,0.4673719506638,-0.09908233537739097,70.46248841242226,77.80082067445336,0.0,0.0,0.0,0.4673719506638,-0.04902532695204698,0.368289615286409,-0.14810766232943795,0.7224656066668608,0.2060683290510138,0.7257873408354378,0.20939006321959086,0.737643517503124,0.22124623988727699,0.6910404027869338,0.17464312517108682,0.7423974867442783,0.22600020912843133,0.78390557,0.267508288122831,0.7178409287689914,0.20144365115314444,0.5948446745950885,0.07844739697924152,0.7359399506868112,0.2195426730709642
E01026119,E01026119,East Lindsey 016F,East Lindsey,E01026119,1,2020,0.876709400254363,0.645979804508354,0.7284859834681271,69.96660004603935,77.40173866264328,0.0,0.0,0.0,0.645979804508354,-0.23072959574600893,1.3744657879764812,0.4977563877221183,0.6256358648962745,-0.2510735353580884,0.5971055449787489,-0.27960385527561404,0.5175957977652423,-0.3591136024891206,0.4672240402144244,-0.4094853600399386,0.538601290691421,-0.3381081095629419,0.5275052,-0.3492041812716664,0.561790639571405,-0.314918760682958,0.5593627854778151,-0.3173466147765478,0.578110847254846,-0.298598552999517
E01026119,E01026119,East Lindsey 016F,East Lindsey,E01026119,1,2021,0.962739452235069,0.876709400254363,0.23072959574600893,69.96660004603935,77.40173866264328,0.0,0.0,0.0,0.876709400254363,-0.08603005198070601,1.1074389960003719,0.14469954376530292,0.8712477158926856,-0.09149173634238339,0.8440189533534912,-0.11872049888157776,0.9788701483875812,0.01613069615251228,0.8966058498736577,-0.0661336023614113,0.8741041517819474,-0.08863530045312151,0.94362605,-0.019113406054343862,0.7884090219397921,-0.17433043029527684,0.811092476452507,-0.15164697578256192,0.8749795082290177,-0.08775994400605125
E01026119,E01026119,East Lindsey 016F,East Lindsey,E01026119,1,2022,0.883566583081198,0.962739452235069,0.08603005198070601,69.96660004603935,77.40173866264328,0.0,0.0,0.0,0.962739452235069,0.079172869153871,1.048769504215775,0.16520292113457702,1.1151142268953245,0.2315476438141265,1.0823196334728198,0.19875305039162183,1.2271926317934951,0.3436260487122972,1.1358971820433754,0.25233059896217747,1.1001244982370522,0.2165579151558542,1.1126153,0.22904876382737138,1.0821654250958819,0.19859884201468392,1.050883280063941,0.16731669698274299,1.0876052118342596,0.20403862875306167
E01026120,E01026120,East Lindsey 016G,East Lindsey,E01026120,1,2020,0.804878109879109,0.643772029789417,-0.0019106282020628917,67.90277157880118,74.97779743610892,0.0,0.0,0.0,0.643772029789417,-0.16110608008969196,0.6418614015873542,-0.16301670829175485,0.9280112626227236,0.12313315274361458,0.8441210879173119,0.03924297803820287,0.8471133620658118,0.042235252186702765,0.8203024985856254,0.015424388706516412,0.9147359360544663,0.10985782617535733,0.868246,0.06336790900745715,0.868660827864128,0.063782717985019,0.8466717887949329,0.04179367891582386,0.8681308744190344,0.06325276453992534
E01026120,E01026120,East Lindsey 016G,East Lindsey,E01026120,1,2021,1.0207776502723,0.804878109879109,0.16110608008969196,67.90277157880118,74.97779743610892,0.0,0.0,0.0,0.804878109879109,-0.21589954039319104,0.965984189968801,-0.054793460303499075,1.051808990040889,0.03103133976858885,0.9856834247363716,-0.03509422553592845,0.9582194426119848,-0.06255820766031528,0.9699445257583195,-0.05083312451398059,1.0651706995642174,0.04439304929191734,1.0486398,0.027862124050209713,1.0516810848925657,0.03090343462026568,1.0090388821330678,-0.011738768139232247,1.0245662547154224,0.0037886044431223453
E01026120,E01026120,East Lindsey 016G,East Lindsey,E01026120,1,2022,0.785291722374691,1.0207776502723,0.21589954039319104,67.90277157880118,74.97779743610892,0.0,0.0,0.0,1.0207776502723,0.23548592789760903,1.2366771906654912,0.4513854682908002,1.1718870316279089,0.38659530925321783,1.108905123461002,0.32361340108631087,1.1847277966287335,0.3994360742540425,1.196950983456104,0.41165926108141304,1.2447337259650921,0.4594420035904011,1.1975062,0.41221446697162245,1.2188295495997565,0.4335378272250655,1.0900940755392443,0.3048023531645533,1.1607621434830926,0.37547042110840156
E01026056,E01026056,East Lindsey 017A,East Lindsey,E01026056,1,2020,0.985035510675036,1.64770974886754,1.084717443268403,27.625809680363055,39.222164724911536,0.0,0.0,0.0,1.64770974886754,0.662674238192504,2.732427192135943,1.7473916814609072,1.4310025305457916,0.4459670198707556,1.3910633682448517,0.40602785756981563,1.2675497712175987,0.2825142605425627,1.3270156910611086,0.3419801803860726,1.3993288394642527,0.41429332878921665,1.093815,0.10877945838776915,1.135010314829111,0.14997480415407505,1.3300878524928883,0.34505234181785227,1.3182008646239693,0.3331653539489333
E01026056,E01026056,East Lindsey 017A,East Lindsey,E01026056,1,2021,1.07443663203051,0.985035510675036,-0.662674238192504,27.625809680363055,39.222164724911536,0.0,0.0,0.0,0.985035510675036,-0.08940112135547407,0.322361272482532,-0.7520753595479781,1.2789840974818554,0.20454746545134528,1.3267241511372903,0.25228751910678016,1.2405687127643537,0.16613208073384356,1.2990204405594328,0.22458380852892268,1.2766409324774228,0.20220430044691273,1.297207,0.22277036584088883,1.3031276232478295,0.2286909912173194,1.2693369363959925,0.19490030436548245,1.3063519362866114,0.2319153042561013
E01026056,E01026056,East Lindsey 017A,East Lindsey,E01026056,1,2022,1.7968206145808,1.07443663203051,0.08940112135547407,27.625809680363055,39.222164724911536,0.0,0.0,0.0,1.07443663203051,-0.7223839825502898,1.1638377533859843,-0.6329828611948156,1.4337561581927667,-0.3630644563880332,1.450712778484527,-0.3461078360962728,1.2992609914929,-0.4975596230878998,1.3597471892066066,-0.43707342537419325,1.250879398152656,-0.5459412164281439,1.1370367,-0.659783933405568,1.3089336316734552,-0.48788698290734467,1.4248395788179564,-0.37198103576284347,1.362792389323967,-0.4340282252568328
E01026110,E01026110,East Lindsey 017B,East Lindsey,E01026110,1,2020,0.969459109097495,0.4527282479861,0.24152539004693402,27.791325962926827,38.306988940111495,0.0,0.0,0.0,0.4527282479861,-0.516730861111395,0.694253638033034,-0.275205471064461,0.7658593085149956,-0.20359980058249938,0.7417375508260374,-0.22772155827145757,0.6811173230966946,-0.2883417860008004,0.6504451396733438,-0.31901396942415117,0.6927112526326329,-0.2767478564648621,0.6621624,-0.3072966859636449,0.6836328843271855,-0.2858262247703095,0.7012076897324149,-0.2682514193650801,0.7179444192322477,-0.2515146898652473
E01026110,E01026110,East Lindsey 017B,East Lindsey,E01026110,1,2021,1.01505310140846,0.969459109097495,0.516730861111395,27.791325962926827,38.306988940111495,0.0,0.0,0.0,0.969459109097495,-0.04559399231096506,1.48618997020889,0.47113686880043004,1.032892218301175,0.017839116892715,1.0314497775624576,0.016396676153997536,0.9432976163869826,-0.07175548502147744,1.0114412296919515,-0.0036118717165085634,0.8984383606884007,-0.1166147407200594,0.90775996,-0.10729313694236509,1.0124352934425858,-0.002617807965874297,0.9546347348378145,-0.06041836657064559,0.9876177324153244,-0.0274353689931357
E01026110,E01026110,East Lindsey 017B,East Lindsey,E01026110,1,2022,1.24565300661576,1.01505310140846,0.04559399231096506,27.791325962926827,38.306988940111495,0.0,0.0,0.0,1.01505310140846,-0.2305999052073,1.060647093719425,-0.18500591289633506,1.1798608859645248,-0.0657921206512353,1.1688027336333437,-0.07685027298241631,1.1739826537042681,-0.07167035291149193,1.1162189248774237,-0.12943408173833637,1.1086200095982952,-0.13703299701746485,1.1387504,-0.1069025726939461,1.1798010932023786,-0.06585191341338148,1.0862600534959368,-0.15939295311982327,1.1490256957755145,-0.09662731084024556
E01026106,E01026106,East Lindsey 001F,East Lindsey,E01026106,1,2020,0.391481439342042,0.440958136717501,0.28913683832209003,44.709209796879364,77.45519602014956,0.0,0.0,0.0,0.440958136717501,0.04947669737545901,0.7300949750395911,0.3386135356975491,0.4606809082022537,0.06919946886021172,0.4384906166283814,0.04700917728633941,0.43084496956835977,0.03936353022631778,0.42822506608053745,0.03674362673849546,0.33642284274300277,-0.05505859659903922,0.37918368,-0.012297759522934937,0.4460968033009283,0.05461536395888633,0.38917455076826085,-0.0023068885737811406,0.4279032364827664,0.03642179714072441
E01026106,E01026106,East Lindsey 001F,East Lindsey,E01026106,1,2021,0.195523705330561,0.391481439342042,-0.04947669737545901,44.709209796879364,77.45519602014956,0.0,0.0,0.0,0.391481439342042,0.195957734011481,0.342004741966583,0.146481036636022,0.5390366973939277,0.3435129920633667,0.5099060939734206,0.3143823886428596,0.6191763389523653,0.4236526336218044,0.5553700316786712,0.3598463263481102,0.5164197115447815,0.32089600621422054,0.5865096,0.39098588004999324,0.5532416625621014,0.35771795723154043,0.51918930585866,0.323665600528099,0.5349692564357189,0.33944555110515795
E01026106,E01026106,East Lindsey 001F,East Lindsey,E01026106,1,2022,0.770124520755835,0.195523705330561,-0.195957734011481,44.709209796879364,77.45519602014956,0.0,0.0,0.0,0.195523705330561,-0.5746008154252741,-0.0004340286809200178,-0.7705585494367551,0.5059885870637731,-0.2641359336920619,0.4877775650177448,-0.28234695573809027,0.4939860951920128,-0.27613842556382223,0.5059275564130968,-0.2641969643427382,0.40564856195705096,-0.3644759587987841,0.48983467,-0.2802898545036988,0.4354696810385571,-0.33465483971727794,0.46353123361801646,-0.3065932871378186,0.46964616616102334,-0.3004783545948117
E01026045,E01026045,East Lindsey 001A,East Lindsey,E01026045,1,2020,0.526427770017395,0.712880983533108,0.11524335958266707,62.422162821688396,70.64153620224363,0.0,0.0,0.0,0.712880983533108,0.18645321351571298,0.8281243431157751,0.30169657309838005,0.8948413582822917,0.3684135882648967,0.8339153903519757,0.30748762033458066,0.8925356305705366,0.3661078605531416,0.8673781508471753,0.34095038082978024,0.8867010775984229,0.3602733075810278,0.9221571,0.3957293387663269,0.8305658150913997,0.30413804507400466,0.8756922775547235,0.3492645075373284,0.8867847600441918,0.3603569900267968
E01026045,E01026045,East Lindsey 001A,East Lindsey,E01026045,1,2021,0.643113411386072,0.526427770017395,-0.18645321351571298,62.422162821688396,70.64153620224363,0.0,0.0,0.0,0.526427770017395,-0.11668564136867698,0.33997455650168207,-0.30313885488438996,0.8426267622754938,0.1995133508894218,0.8041680610411001,0.16105464965502803,0.8290097379777456,0.18589632659167354,0.7933216230167051,0.15020821163063303,0.8135442218591323,0.1704308104730603,0.87688065,0.2337672343658811,0.8031040346184747,0.15999062323240265,0.7907802468750847,0.14766683548901272,0.841024514699281,0.19791110331320894
E01026045,E01026045,East Lindsey 001A,East Lindsey,E01026045,1,2022,0.846216839284028,0.643113411386072,0.11668564136867698,62.422162821688396,70.64153620224363,0.0,0.0,0.0,0.643113411386072,-0.203103427897956,0.759799052754749,-0.086417786529279,0.9325804950829496,0.08636365579892158,0.8712558975561382,0.02503905827211017,0.9028283567531995,0.05661151746917148,0.8416194605965955,-0.004597378687432485,0.9143550444901096,0.0681382052060816,0.9392033,0.09298648264971832,0.8925184093603171,0.0463015700762891,0.9120702754331309,0.06585343614910288,0.9222761006087303,0.07605926132470231
E01026061,E01026061,East Lindsey 001B,East Lindsey,E01026061,1,2020,-0.132724834859971,-0.240704581295949,0.10600543952651001,43.97995867160875,77.33504920419563,0.0,0.0,0.0,-0.240704581295949,-0.10797974643597799,-0.13469914176943898,-0.001974306909467982,-0.001314336634916341,0.13141049822505466,-0.057386147095129306,0.07533868776484169,0.007130513404797415,0.13985534826476842,-0.03771835507390313,0.09500647978606787,-0.04294160384836885,0.08978323101160215,-0.020499256,0.11222557935178656,-0.07724927894859454,0.055475555911376456,-0.12577722912186845,0.006947605738102547,-0.016605674281816713,0.11611916057815429
E01026061,E01026061,East Lindsey 001B,East Lindsey,E01026061,1,2021,0.25690216707266,-0.132724834859971,0.10797974643597799,43.97995867160875,77.33504920419563,0.0,0.0,0.0,-0.132724834859971,-0.389627001932631,-0.024745088423993006,-0.28164725549665304,0.0923015921043491,-0.1646005749683109,0.041701830595171754,-0.21520033647748826,0.03289513157892194,-0.22400703549373807,0.026185208555172076,-0.2307169585174879,0.013310187844932545,-0.24359197922772746,0.022294093,-0.23460807414925722,-0.0024535135293888566,-0.25935568060204883,0.0009466893554876184,-0.25595547771717236,0.05902808178506681,-0.1978740852875932
E01026061,E01026061,East Lindsey 001B,East Lindsey,E01026061,1,2022,0.599783502650793,0.25690216707266,0.389627001932631,43.97995867160875,77.33504920419563,0.0,0.0,0.0,0.25690216707266,-0.34288133557813305,0.646529169005291,0.04674566635449795,0.37286122894280965,-0.2269222737079834,0.3131174812568728,-0.2866660213939203,0.2979004093286326,-0.30188309332216046,0.28259199915109934,-0.3171915034996937,0.23582556454447093,-0.36395793810632215,0.22871456,-0.3710689471488552,0.26998581975111846,-0.3297976828996746,0.24789548559292315,-0.3518880170578699,0.32173116482046143,-0.2780523378303316
E01026062,E01026062,East Lindsey 001C,East Lindsey,E01026062,1,2020,0.224408284335102,-0.155899628121253,0.034777278892894004,43.49379128957309,77.27424907186287,0.0,0.0,0.0,-0.155899628121253,-0.380307912456355,-0.12112234922835899,-0.345530633563461,0.1458593748794501,-0.07854890945565188,0.05650546290204507,-0.1679028214330569,-0.02607253384264816,-0.25048081817775014,-0.018161936594322033,-0.242570220929424,0.045613048152925204,-0.1787952361821768,0.0419315,-0.18247678553935423,0.0175567021900071,-0.2068515821450949,0.051663704202269865,-0.17274458013283212,0.08352654842607699,-0.140881735909025
E01026062,E01026062,East Lindsey 001C,East Lindsey,E01026062,1,2021,0.0121276561016841,0.224408284335102,0.380307912456355,43.49379128957309,77.27424907186287,0.0,0.0,0.0,0.224408284335102,0.2122806282334179,0.6047161967914569,0.5925885406897728,0.38296281924343983,0.37083516314175574,0.30008879358271845,0.28796113748103436,0.2875919316025571,0.275464275500873,0.2744358940522268,0.2623082379505427,0.2896084109215135,0.2774807548198294,0.2767065,0.2645788308386998,0.28892308697669133,0.27679543087500724,0.2857111444826357,0.2735834883809516,0.33548231761544006,0.32335466151375597
E01026062,E01026062,East Lindsey 001C,East Lindsey,E01026062,1,2022,0.398773352706718,0.0121276561016841,-0.2122806282334179,43.49379128957309,77.27424907186287,0.0,0.0,0.0,0.0121276561016841,-0.3866456966050339,-0.2001529721317338,-0.5989263248384518,0.4130775156244369,0.01430416291771891,0.3264390122540864,-0.0723343404526316,0.33941906448505993,-0.05935428822165806,0.31634357640336347,-0.08242977630335452,0.3114820151322186,-0.08729133757449936,0.27822462,-0.12054873546390488,0.2886184400524061,-0.11015491265431188,0.2817618681270932,-0.11701148457962479,0.36098491196269616,-0.03778844074402182
E01026063,E01026063,East Lindsey 001D,East Lindsey,E01026063,1,2020,-0.0121228030863824,-0.0605354105373551,0.027759743225775804,43.6967213057696,77.33916916118102,0.0,0.0,0.0,-0.0605354105373551,-0.0484126074509727,-0.0327756673115793,-0.0206528642251969,0.11983543811091775,0.13195824119730015,0.061864397797682845,0.07398720088406524,0.10281680722315978,0.11493961030954218,0.1038459688250787,0.1159687719114611,0.08497911599396649,0.09710191908034889,0.09525942,0.1073822236600938,0.027744603020959976,0.03986740610734238,0.026422447067949287,0.03854525015433169,0.08744470126412869,0.0995675043505111
E01026063,E01026063,East Lindsey 001D,East Lindsey,E01026063,1,2021,0.281680350192825,-0.0121228030863824,0.0484126074509727,43.6967213057696,77.33916916118102,0.0,0.0,0.0,-0.0121228030863824,-0.2938031532792074,0.0362898043645903,-0.24539054582823472,0.26952923017491925,-0.012151120017905748,0.20298269977759847,-0.07869765041522653,0.2144151602604677,-0.0672651899323573,0.22029073561130066,-0.06138961458152434,0.16805747838259863,-0.11362287181022637,0.18002236,-0.10165799129847686,0.15830221247635062,-0.12337813771647438,0.13571365400959878,-0.14596669618322622,0.21525584594979094,-0.06642450424303406
E01026063,E01026063,East Lindsey 001D,East Lindsey,E01026063,1,2022,0.485324663210068,0.281680350192825,0.2938031532792074,43.6967213057696,77.33916916118102,0.0,0.0,0.0,0.281680350192825,-0.203644313017243,0.5754835034720325,0.09015884026196447,0.43217037225383964,-0.05315429095622837,0.3733922991896008,-0.11193236402046719,0.3947742363046707,-0.09055042690539733,0.3627426029722916,-0.1225820602377764,0.35007594470779957,-0.13524871850226844,0.33922705,-0.1460976126672366,0.39173976894196694,-0.09358489426810107,0.29618498337099297,-0.18913967983907504,0.3966830778922884,-0.0886415853177796
E01026080,E01026080,East Lindsey 001E,East Lindsey,E01026080,1,2020,0.243411694734924,-0.105309913337105,0.059038322913524,46.007621919037426,75.33668727060426,0.0,0.0,0.0,-0.105309913337105,-0.348721608072029,-0.046271590423581005,-0.289683285158505,0.17533503107194254,-0.06807666366298146,0.1178417698182932,-0.1255699249166308,0.0846587089702298,-0.1587529857646942,0.07021342843077649,-0.1731982663041475,0.13482171214365135,-0.10858998259127264,0.132524,-0.11088769611679808,0.06592495298128916,-0.17748674175363482,0.1483991791200979,-0.0950125156148261,0.12317699630083517,-0.12023469843408882
E01026080,E01026080,East Lindsey 001E,East Lindsey,E01026080,1,2021,0.0776566928161181,0.243411694734924,0.348721608072029,46.007621919037426,75.33668727060426,0.0,0.0,0.0,0.243411694734924,0.16575500191880588,0.592133302806953,0.5144766099908349,0.3785219441002606,0.3008652512841425,0.33541816064063523,0.25776146782451714,0.3198490385011431,0.242192345685025,0.27188298140193246,0.19422628858581437,0.3763610832561776,0.29870439044005953,0.35911468,0.2814579838978254,0.3364234065079196,0.2587667136918015,0.32719500646520083,0.24953831364908274,0.3630016079388934,0.2853449151227753
E01026080,E01026080,East Lindsey 001E,East Lindsey,E01026080,1,2022,0.106730481419665,0.0776566928161181,-0.16575500191880588,46.007621919037426,75.33668727060426,0.0,0.0,0.0,0.0776566928161181,-0.029073788603546896,-0.08809830910268777,-0.19482879052235277,0.3961582204234967,0.2894277390038317,0.3483748657541541,0.2416443843344891,0.4036913755965481,0.2969608941768831,0.34334557284307776,0.23661509142341275,0.5036169891549168,0.3968865077352518,0.44491866,0.3381881808899816,0.33132662244720745,0.22459614102754244,0.3251085885339267,0.2183781071142617,0.41491328746605116,0.30818280604638615
E01026111,E01026111,East Lindsey 017C,East Lindsey,E01026111,1,2020,1.57877497847702,0.981212130084061,0.35888030185961006,28.657502558755915,59.28091572932896,0.0,0.0,0.0,0.981212130084061,-0.5975628483929589,1.3400924319436711,-0.23868254653334886,1.0673129303218591,-0.5114620481551608,1.0177984206634572,-0.5609765578135628,0.9454860007141987,-0.6332889777628212,0.9934365900367199,-0.5853383884403001,0.9218615468176884,-0.6569134316593316,0.9092439,-0.6695310967745969,0.9401726511113524,-0.6386023273656676,0.9744610851609493,-0.6043138933160707,1.0013825462539296,-0.5773924322230903
E01026111,E01026111,East Lindsey 017C,East Lindsey,E01026111,1,2021,0.968232328179289,1.57877497847702,0.5975628483929589,28.657502558755915,59.28091572932896,0.0,0.0,0.0,1.57877497847702,0.610542650297731,2.176337826869979,1.2081054986906898,1.5669622812901263,0.5987299531108373,1.499383376479274,0.5311510482999852,1.2934612545807553,0.3252289264014664,1.411477897980456,0.44324556980116714,1.27950994169208,0.31127761351279115,1.2757007,0.30746836018283263,1.294672993273543,0.32644066509425407,1.4060233495328271,0.4377910213535382,1.4207114898275253,0.4524791616482363
E01026111,E01026111,East Lindsey 017C,East Lindsey,E01026111,1,2022,1.07531989227077,0.968232328179289,-0.610542650297731,28.657502558755915,59.28091572932896,0.0,0.0,0.0,0.968232328179289,-0.10708756409148112,0.3576896778815579,-0.7176302143892122,1.3926944844161453,0.3173745921453752,1.3946808817050433,0.31936098943427327,1.3078462640262891,0.23252637175551905,1.3408888441492743,0.26556895187850427,1.2553806783588985,0.18006078608812848,1.3203696,0.24504970897892475,1.2990077618791704,0.22368786960840037,1.279908272569925,0.20458838029915483,1.3484065051187726,0.2730866128480025
E01026107,E01026107,East Lindsey 001G,East Lindsey,E01026107,1,2020,-0.381325031822632,-0.223696013196426,0.06039395452331997,47.26343127923894,77.71345016261947,0.0,0.0,0.0,-0.223696013196426,0.15762901862620599,-0.16330205867310604,0.21802297314952596,-0.028619316460223143,0.35270571536240886,-0.06638216403151724,0.31494286779111474,-0.09916176938365688,0.2821632624389751,-0.08620227333350969,0.2951227584891223,-0.09970803263075861,0.2816169991918734,-0.10105016,0.28027487099737947,-0.12455295702218386,0.25677207480044817,-0.08632151812681983,0.2950035136958122,-0.09185878530227949,0.2894662465203525
E01026107,E01026107,East Lindsey 001G,East Lindsey,E01026107,1,2021,0.0731136164532545,-0.381325031822632,-0.15762901862620599,47.26343127923894,77.71345016261947,0.0,0.0,0.0,-0.381325031822632,-0.4544386482758865,-0.5389540504488379,-0.6120676669020925,0.016333335882180167,-0.05678028057107433,-0.014515047462454675,-0.08762866391570917,-0.07975792553823191,-0.1528715419914864,-0.06843326406972036,-0.14154688052297487,-0.10819445590715804,-0.18130807236041252,-0.1257373,-0.19885091100796487,-0.08908217018100131,-0.16219578663425582,-0.06720050126087228,-0.14031411771412677,-0.05263817981660597,-0.12575179626986047
E01026107,E01026107,East Lindsey 001G,East Lindsey,E01026107,1,2022,0.403721978192518,0.0731136164532545,0.4544386482758865,47.26343127923894,77.71345016261947,0.0,0.0,0.0,0.0731136164532545,-0.3306083617392635,0.527552264729141,0.12383028653662298,0.2165209587104447,-0.1872010194820733,0.17450047530321333,-0.22922150288930465,0.1615833610808805,-0.24213861711163748,0.17200055492173005,-0.23172142327078793,0.17047822907014737,-0.2332437491223706,0.17799872,-0.22572325659293913,0.12472265477287173,-0.2789993234196463,0.1115308379281581,-0.2921911402643599,0.17547913781448138,-0.2282428403780366
E01026058,E01026058,East Lindsey 002A,East Lindsey,E01026058,1,2020,0.372015670732994,0.473133167600095,0.00023183029928097731,74.7452388863402,71.88582422070341,0.0,0.0,0.0,0.473133167600095,0.10111749686710098,0.47336499789937597,0.10134932716638195,0.6234980899608578,0.25148241922786374,0.61048804555159,0.23847237481859596,0.6820058838576198,0.3099902131246258,0.6677184553994266,0.2957027846664326,0.6473583701987119,0.2753426994657179,0.6775031,0.30548743824527747,0.6320192130980886,0.2600035423650946,0.5502123485465915,0.1781966778135975,0.6221971856052622,0.25018151487226814
E01026058,E01026058,East Lindsey 002A,East Lindsey,E01026058,1,2021,0.718567260425119,0.372015670732994,-0.10111749686710098,74.7452388863402,71.88582422070341,0.0,0.0,0.0,0.372015670732994,-0.34655158969212496,0.27089817386589304,-0.44766908655922594,0.649142358211593,-0.06942490221352593,0.6376006247157006,-0.08096663570941842,0.7064940250784694,-0.012073235346649613,0.6487167641816612,-0.06985049624345774,0.7636588985707048,0.04509163814558581,0.7403159,0.021748653728933753,0.650292109371047,-0.068275151054072,0.573554229028814,-0.14501303139630495,0.687480939589878,-0.031086320835240988
E01026058,E01026058,East Lindsey 002A,East Lindsey,E01026058,1,2022,1.0262599287657,0.718567260425119,0.34655158969212496,74.7452388863402,71.88582422070341,0.0,0.0,0.0,0.718567260425119,-0.30769266834058095,1.065118850117244,0.03885892135154401,0.8577572951952765,-0.1685026335704234,0.8302645531045599,-0.19599537566114,0.8292021573387722,-0.1970577714269277,0.8367529399597519,-0.18950698880594807,0.8408108677078995,-0.18544906105780046,0.86172754,-0.16453239304106004,0.7614096776368143,-0.2648502511288856,0.7856148901294644,-0.24064503863623554,0.8458759657708126,-0.18038396299488735
E01026112,E01026112,East Lindsey 017D,East Lindsey,E01026112,1,2020,1.79364773858964,1.56140812396214,0.07802888714687994,26.770914749226005,38.24969922366099,0.0,0.0,0.0,1.56140812396214,-0.2322396146275001,1.63943701110902,-0.15421072748062015,1.7493470622843645,-0.044300676305275566,1.6603801099012967,-0.1332676286883434,1.603372780300959,-0.19027495828868113,1.5905881046475447,-0.20305963394209536,1.6710212940961637,-0.12262644449347637,1.7675444,-0.026103349818582977,1.629451164210199,-0.16419657437944113,1.6406942845456118,-0.15295345404402827,1.6673011412688457,-0.12634659732079445
E01026112,E01026112,East Lindsey 017D,East Lindsey,E01026112,1,2021,2.30911243740266,1.79364773858964,0.2322396146275001,26.770914749226005,38.24969922366099,0.0,0.0,0.0,1.79364773858964,-0.51546469881302,2.02588735321714,-0.28322508418552017,1.9248263023012013,-0.3842861351014588,1.8625548098200213,-0.44655762758263884,1.9727793466120347,-0.33633309079062546,1.951317743620505,-0.3577946937821552,1.9027111648636421,-0.40640127253901803,1.9683174,-0.34079504791443993,1.8147153982870647,-0.4943970391155954,1.9015547827826769,-0.4075576546199833,1.9091853626101112,-0.39992707479254896
E01026112,E01026112,East Lindsey 017D,East Lindsey,E01026112,1,2022,2.27277640598508,2.30911243740266,0.51546469881302,26.770914749226005,38.24969922366099,0.0,0.0,0.0,2.30911243740266,0.03633603141758002,2.82457713621568,0.5518007302306001,2.212124227769843,-0.06065217821523694,2.142323660627664,-0.13045274535741624,1.9462578689547305,-0.3265185370303496,2.0602236204432445,-0.21255278554183565,2.149624176566956,-0.1231522294181242,2.0438294,-0.2289469649145235,1.9928207402847653,-0.2799556657003148,2.0844612392655546,-0.18831516671952553,2.1470410277564453,-0.1257353782286348
E01026076,E01026076,East Lindsey 002B,East Lindsey,E01026076,1,2020,0.483983480304016,0.403589474348764,0.067433511951076,65.00210973854111,74.40143109525293,0.0,0.0,0.0,0.403589474348764,-0.08039400595525198,0.47102298629984,-0.012960494004175982,0.5547462173569762,0.07076273705296016,0.5070628696343917,0.023079389330375732,0.5391735561959103,0.05519007589189434,0.5448832578374365,0.06089977753342052,0.6116407095430553,0.12765722923903927,0.61801004,0.1340265637938844,0.5886653354699429,0.10468185516592693,0.5161011082608404,0.032117627956824435,0.5893795188103057,0.1053960385062897
E01026076,E01026076,East Lindsey 002B,East Lindsey,E01026076,1,2021,0.589491672421672,0.483983480304016,0.08039400595525198,65.00210973854111,74.40143109525293,0.0,0.0,0.0,0.483983480304016,-0.105508192117656,0.564377486259268,-0.025114186162404017,0.6684274662456741,0.07893579382400207,0.6325013053474156,0.04300963292574356,0.7300768864670295,0.1405852140453575,0.7042104003542831,0.11471872793261106,0.7965047239729605,0.20701305155128846,0.82234913,0.23285745868565833,0.710781635512995,0.121289963091323,0.6538845825081232,0.0643929100864512,0.7238291569565705,0.13433748453489847
E01026076,E01026076,East Lindsey 002B,East Lindsey,E01026076,1,2022,0.703536407265347,0.589491672421672,0.105508192117656,65.00210973854111,74.40143109525293,0.0,0.0,0.0,0.589491672421672,-0.11404473484367506,0.694999864539328,-0.008536542726019003,0.8211106402790208,0.11757423301367376,0.7586543432662647,0.05511793600091763,0.7689108604494408,0.06537445318409374,0.7172769493476894,0.013740542082342322,0.7882510544922361,0.08471464722688904,0.7926402,0.089103801932651,0.7639378596111165,0.060401452345769435,0.7660302532190026,0.06249384595365559,0.7944406050996149,0.09090419783426784
E01026057,E01026057,East Lindsey 018A,East Lindsey,E01026057,1,2020,0.274780080133354,0.267386911598889,0.400510785510741,44.27787936616856,55.34374866111514,0.0,0.0,0.0,0.267386911598889,-0.007393168534464978,0.66789769710963,0.393117616976276,0.4526758539332247,0.1778957737998707,0.41146107181601643,0.13668099168266246,0.32592884639526204,0.05114876626190806,0.2888591934447884,0.01407911331143441,0.3089543699976226,0.034174289864268625,0.23078454,-0.04399554472533396,0.3599164498720844,0.0851363697387304,0.3178485683983794,0.043068488265025406,0.3766067587157505,0.10182667858239652
E01026057,E01026057,East Lindsey 018A,East Lindsey,E01026057,1,2021,0.486152976731893,0.274780080133354,0.007393168534464978,44.27787936616856,55.34374866111514,0.0,0.0,0.0,0.274780080133354,-0.21137289659853903,0.28217324866781895,-0.20397972806407405,0.48981936588541714,0.00366638915352413,0.47563375027553956,-0.010519226456353448,0.4143483585256814,-0.07180461820621159,0.3960730484360402,-0.09007992829585282,0.46828981657208846,-0.017863160159804548,0.4295507,-0.05660226939165253,0.4713707245183074,-0.01478225221358559,0.405447941624848,-0.08070503510704502,0.47095507381659557,-0.015197902915297434
E01026057,E01026057,East Lindsey 018A,East Lindsey,E01026057,1,2022,0.648768209463476,0.486152976731893,0.21137289659853903,44.27787936616856,55.34374866111514,0.0,0.0,0.0,0.486152976731893,-0.16261523273158301,0.697525873330432,0.048757663866956014,0.7546457856507027,0.10587757618722671,0.7176617357166294,0.06889352625315337,0.6532999798215307,0.004531770358054632,0.6624756382039829,0.0137074287405069,0.6469026249006504,-0.0018655845628255951,0.64568025,-0.003087960726140815,0.6384115831924889,-0.010356626270987102,0.6472704715019375,-0.0014977379615385145,0.686959273960591,0.03819106449711496
E01026079,E01026079,East Lindsey 002C,East Lindsey,E01026079,1,2020,0.731902579459968,0.327730472939842,-0.12310349716075103,86.57870398712906,80.70680659506604,0.0,0.0,0.0,0.327730472939842,-0.404172106520126,0.20462697577909095,-0.527275603680877,0.6418654318927396,-0.09003714756722836,0.5908515783585095,-0.1410510011014584,0.576503657517567,-0.1553989219424009,0.6370751606764451,-0.09482741878352285,0.6280490804282752,-0.10385349903169272,0.6150381,-0.11686448255521331,0.6260539958415425,-0.10584858361842542,0.5945850697225328,-0.13731750973743517,0.6170020820571935,-0.11490049740277442
E01026079,E01026079,East Lindsey 002C,East Lindsey,E01026079,1,2021,1.02319009063201,0.731902579459968,0.404172106520126,86.57870398712906,80.70680659506604,0.0,0.0,0.0,0.731902579459968,-0.291287511172042,1.1360746859800939,0.11288459534808393,0.8722387092001295,-0.15095138143188047,0.8218645266090445,-0.20132556402296542,0.8882612990702186,-0.13492879156179138,0.8639480728887318,-0.15924201774327817,0.8642010469908809,-0.1589890436411291,0.93553436,-0.08765573260741277,0.8475338779789968,-0.17565621265301312,0.8284467299983459,-0.19474336063366404,0.8788613150170197,-0.14432877561499025
E01026079,E01026079,East Lindsey 002C,East Lindsey,E01026079,1,2022,1.04131544850402,1.02319009063201,0.291287511172042,86.57870398712906,80.70680659506604,0.0,0.0,0.0,1.02319009063201,-0.018125357872009973,1.314477601804052,0.27316215330003213,1.1344225985225136,0.09310715001849368,1.0635736708134769,0.022258222309456954,0.9353761198292456,-0.10593932867477429,1.0132599277315604,-0.02805552077245954,1.0350706423097256,-0.00624480619429435,0.98310363,-0.058211815577078996,1.0702940771054223,0.028978628601402434,1.0313970833050716,-0.009918365198948287,1.058594354004988,0.01727890550096811
E01026075,E01026075,East Lindsey 018B,East Lindsey,E01026075,1,2020,0.602775032616113,0.260202998131666,0.24863653553643839,49.06683559383498,57.484016354495054,0.0,0.0,0.0,0.260202998131666,-0.342572034484447,0.5088395336681044,-0.09393549894800857,0.5235424117444741,-0.07923262087163885,0.4718276126515628,-0.13094741996455017,0.39160038149669435,-0.21117465111941863,0.37447304591565583,-0.22830198670045715,0.4805726948116261,-0.12220233780448686,0.42363393,-0.1791410995487912,0.45082105921811777,-0.1519539733979952,0.42983903566534093,-0.17293599695077205,0.476131036960199,-0.126643995655914
E01026075,E01026075,East Lindsey 018B,East Lindsey,E01026075,1,2021,1.0935692894624,0.602775032616113,0.342572034484447,49.06683559383498,57.484016354495054,0.0,0.0,0.0,0.602775032616113,-0.4907942568462871,0.9453470671005599,-0.14822222236184013,0.7041066345876897,-0.3894626548747103,0.6712996210957416,-0.42226966836665847,0.6020736977579864,-0.4914955917044137,0.598921543052216,-0.49464774641018405,0.5734942845644537,-0.5200750048979463,0.6120569,-0.48151237847073136,0.6707594832418342,-0.42280980622056585,0.6025746597868571,-0.49099462967554297,0.6508993808009012,-0.4426699086614989
E01026075,E01026075,East Lindsey 018B,East Lindsey,E01026075,1,2022,0.90282115708092,1.0935692894624,0.4907942568462871,49.06683559383498,57.484016354495054,0.0,0.0,0.0,1.0935692894624,0.19074813238148003,1.5843635463086871,0.6815423892277671,1.1298586805186783,0.2270375234377583,1.0766731512364887,0.17385199415556862,1.0326969024857056,0.12987574540478553,1.0877808172127947,0.1849596601318747,1.0366197770972663,0.13379862001634624,1.0230005,0.1201793216635868,0.9725985738469234,0.06977741676600335,1.0679941784874372,0.16517302140651713,1.0630146040584851,0.1601934469775651
E01026077,E01026077,East Lindsey 003A,East Lindsey,E01026077,1,2020,1.44963374327538,1.9215440263244,0.6613887715365898,60.97512189446001,61.39032468429282,0.0,0.0,0.0,1.9215440263244,0.47191028304901983,2.5829327978609897,1.1332990545856096,1.808950414505022,0.35931667122964184,1.7550707913872197,0.3054370481118396,1.8946002780332658,0.4449665347578857,1.9086030633839508,0.4589693201085707,1.8416297191120878,0.39199597583670776,1.7822012,0.3325674276459456,1.6402230971484772,0.19058935387309717,1.7797730796624107,0.33013933638703064,1.766944443645182,0.3173107003698019
E01026077,E01026077,East Lindsey 003A,East Lindsey,E01026077,1,2021,1.84712571949407,1.44963374327538,-0.47191028304901983,60.97512189446001,61.39032468429282,0.0,0.0,0.0,1.44963374327538,-0.3974919762186899,0.9777234602263603,-0.8694022592677098,1.5894997357316514,-0.25762598376241863,1.6015454715064448,-0.24558024798762523,1.9070588870583174,0.05993316756424738,1.8727054445366238,0.02557972504255379,1.9900747974007353,0.14294907790666533,1.7167152,-0.1304105028574123,1.603879301928209,-0.24324641756586107,1.6118393329733984,-0.23528638652067158,1.6762242036687256,-0.1709015158253444
E01026077,E01026077,East Lindsey 003A,East Lindsey,E01026077,1,2022,2.04546690542176,1.84712571949407,0.3974919762186899,60.97512189446001,61.39032468429282,0.0,0.0,0.0,1.84712571949407,-0.19834118592769,2.24461769571276,0.19915079029100013,1.9486539426667653,-0.09681296275499474,1.872459344383184,-0.17300756103857595,2.0773778346021463,0.031910929180386294,2.0079917502711284,-0.0374751551506316,1.9388902929067395,-0.10657661251502049,1.9485286,-0.09693825799896949,1.7192297554917504,-0.32623714993000963,1.8681496797306298,-0.17731722569113018,1.9086369069013793,-0.1368299985203807
E01026098,E01026098,East Lindsey 018C,East Lindsey,E01026098,1,2020,0.662985403292803,0.98984864821216,0.724027282502422,40.40169157627444,54.64230456295089,0.0,0.0,0.0,0.98984864821216,0.32686324491935703,1.713875930714582,1.050890527421779,0.8647692402831094,0.20178383699030644,0.850548294087152,0.18756289079434907,0.8438037111342872,0.18081830784148423,0.8992215990975339,0.23623619580473088,0.8015836130746273,0.13859820978182436,0.79138047,0.1283950617378672,0.8576417863269182,0.19465638303411525,0.8175559887290312,0.15457058543622826,0.8136506346297192,0.15066523133691623
E01026098,E01026098,East Lindsey 018C,East Lindsey,E01026098,1,2021,0.624677237126345,0.662985403292803,-0.32686324491935703,40.40169157627444,54.64230456295089,0.0,0.0,0.0,0.662985403292803,0.038308166166457935,0.33612215837344595,-0.2885550787528991,0.8113725347098997,0.18669529758355463,0.8556539423726941,0.23097670524634906,0.9027545566268863,0.27807731950054126,0.8985319006801992,0.2738546635538541,0.7721737894315307,0.14749655230518566,0.83486986,0.21019262447643816,0.8517684420313604,0.22709120490501533,0.7655953217654705,0.14091808463912547,0.8215837899509122,0.19690655282456715
E01026098,E01026098,East Lindsey 018C,East Lindsey,E01026098,1,2022,1.01729776064263,0.624677237126345,-0.038308166166457935,40.40169157627444,54.64230456295089,0.0,0.0,0.0,0.624677237126345,-0.39262052351628485,0.5863690709598871,-0.4309286896827428,0.8768282246463266,-0.1404695359963033,0.9104726981280942,-0.10682506251453572,1.1499746617234667,0.13267690108083685,1.030249469957315,0.012951709314685145,1.1425960092600524,0.12529824861742256,1.06202,0.044722183548349115,1.0466967864128591,0.029399025770229237,0.9358259977653515,-0.08147176287727842,1.001005148190265,-0.016292612452364796
E01026078,E01026078,East Lindsey 003B,East Lindsey,E01026078,1,2020,1.60670013598127,1.94565160527444,-0.028591840153689985,60.97992682004785,61.16152171898565,0.0,0.0,0.0,1.94565160527444,0.3389514692931699,1.91705976512075,0.3103596291394799,2.1299955319795765,0.5232953959983064,2.076685037250519,0.46998490126924897,2.007486266662189,0.40078613068091884,2.1057908969163406,0.49909076093507054,2.3087913715135002,0.7020912355322302,2.0998268,0.4931266767628706,2.1117551786102533,0.5050550426289833,2.014108514495497,0.40740837851422707,2.115859016497174,0.5091588805159037
E01026078,E01026078,East Lindsey 003B,East Lindsey,E01026078,1,2021,2.11394721070096,1.60670013598127,-0.3389514692931699,60.97992682004785,61.16152171898565,0.0,0.0,0.0,1.60670013598127,-0.5072470747196898,1.2677486666881002,-0.8461985440128597,1.8104853774607907,-0.30346183324016907,1.8210928090775236,-0.29285440162343623,2.0280538127912084,-0.08589339790975137,1.9955276704710623,-0.11841954022989754,2.2689936420841437,0.15504643138318386,2.0415804,-0.07236677208706821,1.9452179003577295,-0.16872931034323035,1.8401204465618957,-0.27382676413906415,1.941628453402533,-0.17231875729842683
E01026078,E01026078,East Lindsey 003B,East Lindsey,E01026078,1,2022,2.06980536372449,2.11394721070096,0.5072470747196898,60.97992682004785,61.16152171898565,0.0,0.0,0.0,2.11394721070096,0.04414184697646961,2.62119428542065,0.5513889216961596,2.18582694394865,0.11602158022415976,2.1120030123048634,0.042197648580373226,1.990482296898789,-0.07932306682570123,1.9936237183523304,-0.07618164537215977,2.218692971138295,0.1488876074138048,2.060975,-0.008830288956423793,2.0120303986861012,-0.05777496503838897,2.0997201692884713,0.029914805563981073,2.1285889704636354,0.05878360673914518
E01026102,E01026102,East Lindsey 018D,East Lindsey,E01026102,1,2020,0.97985337644601,0.740516639982465,0.41563475258949295,38.96479199592527,48.650053257340296,0.0,0.0,0.0,0.740516639982465,-0.23933673646354503,1.156151392571958,0.17629801612594798,0.8854172856346547,-0.09443609081135529,0.8288644234344645,-0.15098895301154547,0.818821497164939,-0.161031879281071,0.7674688514290664,-0.2123845250169436,0.7705798782645474,-0.20927349818146257,0.7836418,-0.19621156126046313,0.8238435739781669,-0.15600980246784313,0.8270011337960826,-0.15285224264992736,0.859102639762853,-0.12075073668315706
E01026102,E01026102,East Lindsey 018D,East Lindsey,E01026102,1,2021,1.07842689763379,0.97985337644601,0.23933673646354503,38.96479199592527,48.650053257340296,0.0,0.0,0.0,0.97985337644601,-0.09857352118778007,1.219190112909555,0.14076321527576496,1.0559334812535877,-0.022493416380202413,1.021506862511677,-0.05692003512211308,0.9512098234795229,-0.1272170741542672,0.9847710929659693,-0.09365580466782075,0.8877861021024619,-0.19064079553132818,0.8887312,-0.18969571601223856,1.001267761504171,-0.07715913612961911,1.0029082233483873,-0.07551867428540282,1.0123518321931688,-0.06607506544062125
E01026102,E01026102,East Lindsey 018D,East Lindsey,E01026102,1,2022,1.42092825826992,1.07842689763379,0.09857352118778007,38.96479199592527,48.650053257340296,0.0,0.0,0.0,1.07842689763379,-0.34250136063613,1.1770004188215701,-0.24392783944834995,1.2110572288086063,-0.20987102946131375,1.1669176761375488,-0.25401058213237127,1.2581936702684176,-0.16273458800150253,1.2681461369490055,-0.15278212132091462,1.1574504734702493,-0.26347778479967077,1.2096716,-0.21125664171565983,1.2195090736703054,-0.20141918459961472,1.1797314620767905,-0.24119679619312961,1.2146048422276263,-0.20632341604229376
E01026087,E01026087,East Lindsey 003C,East Lindsey,E01026087,1,2020,1.16669613066071,1.72943733575681,0.14516487889897012,61.683331387577724,61.49224405992962,0.0,0.0,0.0,1.72943733575681,0.5627412050961,1.8746022146557801,0.7079060839950702,1.789033350166673,0.6223372195059631,1.7084727464421279,0.5417766157814179,1.9466909329977746,0.7799948023370646,1.8823880157598318,0.7156918850991218,1.9786835475624323,0.8119874169017223,2.0103517,0.8436555272067217,1.6600688234328287,0.4933726927721187,1.7823197630326668,0.6156236323719568,1.8059004375516834,0.6392043068909734
E01026087,E01026087,East Lindsey 003C,East Lindsey,E01026087,1,2021,2.02646915071509,1.16669613066071,-0.5627412050961,61.683331387577724,61.49224405992962,0.0,0.0,0.0,1.16669613066071,-0.8597730200543798,0.60395492556461,-1.4225142251504799,1.4770803339045717,-0.5493888168105181,1.4786293119166924,-0.5478398387983974,1.781316050087797,-0.2451531006272929,1.5822291011186083,-0.44424004959648156,1.6823154147205068,-0.344153735994583,1.6094408,-0.4170283471872578,1.5253550616529825,-0.5011140890621073,1.4877093922745341,-0.5387597584405557,1.5630989130888104,-0.4633702376262794
E01026087,E01026087,East Lindsey 003C,East Lindsey,E01026087,1,2022,1.95745862873095,2.02646915071509,0.8597730200543798,61.683331387577724,61.49224405992962,0.0,0.0,0.0,2.02646915071509,0.06901052198413993,2.88624217076947,0.92878354203852,1.9566516201357511,-0.0008070085951987771,1.8674896730758523,-0.08996895565509755,1.9814908173623955,0.024032188631445628,1.9878731456367817,0.030414516905831857,1.9696511729893795,0.012192544258429638,2.023815,0.06635628787976788,1.8763711418199311,-0.08108748691101875,1.9086718602398485,-0.04878676849110142,1.9382999276520954,-0.019158701078854534
E01026088,E01026088,East Lindsey 003D,East Lindsey,E01026088,1,2020,0.917119780704634,1.11725454008547,-0.3100121281042898,60.77842499463874,61.14618435473988,0.0,0.0,0.0,1.11725454008547,0.20013475938083614,0.8072424119811803,-0.10987736872345366,1.405249952823179,0.48813017211854504,1.40788662737241,0.49076684666777604,1.3232667100241369,0.4061469293195029,1.380618453786647,0.4634986730820131,1.4413118665569313,0.5241920858522974,1.4948833,0.5777635181692674,1.446697016903321,0.5295772361986871,1.435779403448232,0.5186596227435981,1.4238522134134373,0.5067324327088033
E01026088,E01026088,East Lindsey 003D,East Lindsey,E01026088,1,2021,1.12154696000812,0.917119780704634,-0.20013475938083614,60.77842499463874,61.14618435473988,0.0,0.0,0.0,0.917119780704634,-0.20442717930348608,0.7169850213237978,-0.4045619386843222,1.1997007200370438,0.07815376002892371,1.2450139131156421,0.12346695310752209,1.2477390805646222,0.1261921205565022,1.292370555904898,0.17082359589677787,1.2630546230246604,0.14150766301654039,1.3763766,0.2548296688676124,1.306364675430362,0.1848177154222419,1.2599318575975018,0.13838489758938177,1.2760448898177608,0.15449792980964072
E01026088,E01026088,East Lindsey 003D,East Lindsey,E01026088,1,2022,1.38097961767462,1.12154696000812,0.20442717930348608,60.77842499463874,61.14618435473988,0.0,0.0,0.0,1.12154696000812,-0.25943265766650003,1.3259741393116062,-0.05500547836301384,1.345169645791337,-0.035809971883283165,1.3118692456632361,-0.06911037201138392,1.386022230223254,0.005042612548634029,1.3442367628382237,-0.03674285483639639,1.3756867233873702,-0.005292894287249883,1.4138446,0.0328649677440811,1.325457201635669,-0.05552241603895114,1.3862620583530074,0.005282440678387346,1.356821564240227,-0.024158053434393034
E01026090,E01026090,East Lindsey 003E,East Lindsey,E01026090,1,2020,0.904178572773719,1.01301972962045,0.01443876388918297,58.968239629795924,60.67130676525902,0.0,0.0,0.0,1.01301972962045,0.1088411568467309,1.027458493509633,0.12327992073591387,1.291573272643917,0.38739469987019803,1.2481103199713988,0.3439317471976797,1.24275956364962,0.338580990875901,1.2862036231239566,0.3820250503502376,1.215495946701998,0.31131737392827885,1.3328078,0.42862920653841474,1.3085784585631581,0.4043998857894391,1.275639717895208,0.37146114512148887,1.2797291632534051,0.3755505904796861
E01026090,E01026090,East Lindsey 003E,East Lindsey,E01026090,1,2021,1.12834888413543,0.904178572773719,-0.1088411568467309,58.968239629795924,60.67130676525902,0.0,0.0,0.0,0.904178572773719,-0.22417031136171106,0.7953374159269881,-0.33301146820844196,1.1547242213810691,0.026375337245639008,1.1295893088322968,0.0012404246968666932,1.2015254716592467,0.07317658752381662,1.3013632758928348,0.17301439175740474,1.217265618185797,0.08891673405036693,1.3278941,0.19954520747071003,1.1937250252611247,0.06537614112569456,1.1731385121895654,0.04478962805413533,1.2032435318635863,0.07489464772815624
E01026090,E01026090,East Lindsey 003E,East Lindsey,E01026090,1,2022,1.1698482729383,1.12834888413543,0.22417031136171106,58.968239629795924,60.67130676525902,0.0,0.0,0.0,1.12834888413543,-0.04149938880286985,1.3525191954971412,0.1826709225588412,1.3318761077965064,0.1620278348582065,1.2710118352509356,0.10116356231263568,1.2989166870973434,0.12906841415904347,1.2782186145098744,0.10837034157157444,1.2649889857043188,0.09514071276601888,1.4059908,0.23614256606621664,1.3414912862971895,0.17164301335888954,1.305597727183523,0.1357494542452231,1.317354589731147,0.14750631679284698
E01026091,E01026091,East Lindsey 003F,East Lindsey,E01026091,1,2020,0.498211325410296,1.01520643466565,0.29355503820638795,60.64413527175974,62.02370527597293,0.0,0.0,0.0,1.01520643466565,0.516995109255354,1.308761472872038,0.810550147461742,0.990942414988911,0.492731089578615,0.9554388213249183,0.4572274959146223,1.014906837445918,0.516695512035622,0.9855023647334281,0.4872910393231321,0.9727596673897048,0.47454834197940876,1.0208133,0.5226020204988227,0.9001907065811348,0.40197938117083876,0.9344981898910064,0.4362868644807104,0.9611162460591514,0.46290492064885536
E01026091,E01026091,East Lindsey 003F,East Lindsey,E01026091,1,2021,0.745133273165535,0.498211325410296,-0.516995109255354,60.64413527175974,62.02370527597293,0.0,0.0,0.0,0.498211325410296,-0.246921947755239,-0.018783783845057966,-0.763917057010593,0.8317959582239454,0.08666268505841035,0.8534627980424986,0.10832952487696357,0.9269072091723529,0.1817739360068179,0.9110354895159973,0.16590221635046232,0.8167393028231634,0.07160602965762841,0.9126357,0.16750241084783168,0.8366573591082229,0.0915240859426879,0.7462443602583289,0.0011110870927938388,0.8694680557604553,0.12433478259492026
E01026091,E01026091,East Lindsey 003F,East Lindsey,E01026091,1,2022,1.10150200829012,0.745133273165535,0.246921947755239,60.64413527175974,62.02370527597293,0.0,0.0,0.0,0.745133273165535,-0.3563687351245849,0.992055220920774,-0.10944678736934588,0.9884139349345195,-0.11308807335560045,0.9603720861650736,-0.14112992212504627,1.1777945223502897,0.07629251406016979,1.0364411787548662,-0.06506082953525372,1.2047911409440966,0.10328913265397666,1.122277,0.02077501311796115,0.9996821722100494,-0.1018198360800705,0.9906656103408663,-0.1108363979492536,1.0447420334750823,-0.056759974815037584
E01026108,E01026108,East Lindsey 003G,East Lindsey,E01026108,1,2020,1.44428679042107,1.302343761072,-0.023443067187560063,61.138827137990994,61.26200276980408,0.0,0.0,0.0,1.302343761072,-0.14194302934907022,1.2789006938844398,-0.16538609653663028,1.4436400866916579,-0.0006467037294122235,1.3685507685122522,-0.0757360219088179,1.370571868065174,-0.07371492235589616,1.4370735092391422,-0.0072132811819278775,1.4547264972409855,0.010439706819915351,1.5703971,0.12611034817451094,1.4321983666811549,-0.012088423739915255,1.3982369521943814,-0.04604983822668873,1.4338464578751349,-0.010440332545935238
E01026108,E01026108,East Lindsey 003G,East Lindsey,E01026108,1,2021,1.58914023664356,1.44428679042107,0.14194302934907022,61.138827137990994,61.26200276980408,0.0,0.0,0.0,1.44428679042107,-0.14485344622248997,1.5862298197701403,-0.002910416873419752,1.5935282695440172,0.004388032900457084,1.5126405463119086,-0.0764996903316515,1.6288930733990161,0.039752836755456045,1.5985141824974338,0.009373945853873744,1.64900375145678,0.05986351481321983,1.830405,0.24126476022838816,1.6235251034763092,0.034384866832749106,1.5876612058092128,-0.0014790308343473058,1.6262072302966968,0.037066993653136704
E01026108,E01026108,East Lindsey 003G,East Lindsey,E01026108,1,2022,1.55192481368944,1.58914023664356,0.14485344622248997,61.138827137990994,61.26200276980408,0.0,0.0,0.0,1.58914023664356,0.03721542295412017,1.73399368286605,0.18206886917661014,1.7562082774001468,0.20428346371070694,1.6554039031136605,0.10347908942422057,1.97774718573902,0.4258223720495802,1.8243826651220627,0.2724578514326228,1.7258976418456833,0.17397282815624338,1.8451086,0.29318381458357035,1.71536544936575,0.16344063567631006,1.6923247075740118,0.14039989388457186,1.7602231254922251,0.20829831180278524
E01026081,E01026081,East Lindsey 004A,East Lindsey,E01026081,1,2020,0.977383637564808,1.03095765196761,-0.029571962266329965,60.16778262386134,60.97630677001612,0.0,0.0,0.0,1.03095765196761,0.05357401440280207,1.00138568970128,0.024002052136472107,1.2804982458155383,0.30311460825073033,1.2346337894864081,0.25725015192160017,1.2126271498788972,0.23524351231408924,1.2625565364194267,0.2851728988546187,1.1196686063810084,0.14228496881620045,1.2851226,0.30773899541553873,1.2745737926293823,0.29719015506457436,1.2026023189853485,0.22521868142054058,1.2473624397593996,0.2699788021945917
E01026081,E01026081,East Lindsey 004A,East Lindsey,E01026081,1,2021,1.06325345691274,0.977383637564808,-0.05357401440280207,60.16778262386134,60.97630677001612,0.0,0.0,0.0,0.977383637564808,-0.08586981934793214,0.9238096231620059,-0.13944383375073421,1.221563036265425,0.15830957935268497,1.1954762753711516,0.13222281845841155,1.1963039427261204,0.1330504858133803,1.2439895736232838,0.18073611671054368,1.2266857738787562,0.16343231696601612,1.2424979,0.17924446407725014,1.2859599744146348,0.22270651750189474,1.169998999199205,0.10674554228646493,1.2216771982154309,0.15842374130269077
E01026081,E01026081,East Lindsey 004A,East Lindsey,E01026081,1,2022,1.55933366002518,1.06325345691274,0.08586981934793214,60.16778262386134,60.97630677001612,0.0,0.0,0.0,1.06325345691274,-0.49608020311243983,1.1491232762606722,-0.4102103837645077,1.368470225765819,-0.19086343425936092,1.2963495851049398,-0.2629840749202401,1.34793781161256,-0.21139584841261994,1.2764909100953803,-0.28284274992979963,1.3005686576419355,-0.2587650023832444,1.3933749,-0.1659587401338225,1.3175408803416218,-0.24179277968355817,1.2845502330455425,-0.2747834269796374,1.332501058363808,-0.22683260166137198
E01026089,E01026089,East Lindsey 004C,East Lindsey,E01026089,1,2020,0.763715267825578,0.898256631132102,0.25681475830172795,59.614635077572665,60.93824378242733,0.0,0.0,0.0,0.898256631132102,0.134541363306524,1.15507138943383,0.39135612160825206,1.0528062086047907,0.2890909407792127,1.0007684251050648,0.23705315727948684,0.9739862548391308,0.21027098701355285,0.9619225111020758,0.19820724327649786,0.9641153333059339,0.20040006548035594,1.0061045,0.24238920147373844,1.0012309484962176,0.23751568067063966,1.0232429140758572,0.25952764625027924,1.0173276332359724,0.25361236541039445
E01026089,E01026089,East Lindsey 004C,East Lindsey,E01026089,1,2021,0.877082983938302,0.763715267825578,-0.134541363306524,59.614635077572665,60.93824378242733,0.0,0.0,0.0,0.763715267825578,-0.113367716112724,0.629173904519054,-0.247909079419248,0.9504838379643691,0.07340085402606711,0.9411805618666562,0.06409757792835424,1.108444316731645,0.23136133279334292,1.077589331161595,0.20050634722329297,1.1616231791641858,0.2845401952258838,1.1246297,0.2475467520083533,1.0829941127725908,0.20591112883428886,1.0248516053865968,0.14776862144829483,1.0133903604182448,0.13630737647994284
E01026089,E01026089,East Lindsey 004C,East Lindsey,E01026089,1,2022,1.26064286746495,0.877082983938302,0.113367716112724,59.614635077572665,60.93824378242733,0.0,0.0,0.0,0.877082983938302,-0.38355988352664794,0.990450700051026,-0.27019216741392393,1.1583659071008667,-0.10227696036408318,1.0993654754615778,-0.1612773920033721,1.3440164282336378,0.08337356076868785,1.2199564718296372,-0.04068639563531273,1.2220659731774373,-0.03857689428751265,1.2956011,0.03495826206691044,1.176873092579878,-0.08376977488507187,1.1556124643185297,-0.1050304031464202,1.1819039298017169,-0.07873893766323303
E01032986,E01032986,East Lindsey 004D,East Lindsey,E01032986,1,2020,0.83858233237675,1.68129600268945,0.34064412960657986,61.61489607595323,61.2880047396133,0.0,0.0,0.0,1.68129600268945,0.8427136703127,2.02194013229603,1.1833577999192801,1.6466747058821318,0.8080923735053819,1.5575303726347007,0.7189480402579508,1.2900096470136198,0.4514273146368698,1.3250227760791076,0.4864404437023576,1.4572593189218983,0.6186769865451484,1.1962922,0.35770982956477837,1.3676331847038685,0.5290508523271186,1.4988794996511436,0.6602971672743937,1.502185318864652,0.663602986487902
E01032986,E01032986,East Lindsey 004D,East Lindsey,E01032986,1,2021,1.72355453526662,0.83858233237675,-0.8427136703127,61.61489607595323,61.2880047396133,0.0,0.0,0.0,0.83858233237675,-0.88497220288987,-0.004131337935949997,-1.72768587320257,1.343085582531434,-0.3804689527351859,1.3539116481190026,-0.3696428871476174,1.2261641345881649,-0.4973904006784551,1.3031936056579247,-0.4203609296086952,1.2030926727757987,-0.5204618624908213,1.2197543,-0.5038001970021546,1.4087629050340686,-0.3147916302325513,1.2670595751368277,-0.4564949601297923,1.3482608120234156,-0.3752937232432043
E01032986,E01032986,East Lindsey 004D,East Lindsey,E01032986,1,2022,1.50562452785417,1.72355453526662,0.88497220288987,61.61489607595323,61.2880047396133,0.0,0.0,0.0,1.72355453526662,0.21793000741244994,2.60852673815649,1.10290221030232,1.7712685477149988,0.26564401986082875,1.6743437756163038,0.16871924776213376,1.5648740596071733,0.05924953175300329,1.5294248603407556,0.02380033248658564,1.4169271699132953,-0.08869735794087474,1.5094916,0.003867034989152751,1.5805169372365013,0.07489240938233133,1.5843705373645383,0.07874600951036825,1.6183150541094984,0.11269052625532838
E01032987,E01032987,East Lindsey 004E,East Lindsey,E01032987,1,2020,1.03838474963689,0.925414017013059,-0.15687003185692106,61.619841552513854,61.212741233614956,0.0,0.0,0.0,0.925414017013059,-0.11297073262383106,0.768543985156138,-0.2698407644807521,1.146193103130761,0.10780835349387097,1.1253185725239931,0.08693382288710305,1.1696027376146292,0.1312179879777391,1.0967003859310813,0.05831563629419123,1.161909767228086,0.12352501759119594,1.1014602,0.06307546879267534,1.0062432051309051,-0.03214154450598494,1.0377501773517832,-0.0006345722851068825,1.1309242991775472,0.09253954954065713
E01032987,E01032987,East Lindsey 004E,East Lindsey,E01032987,1,2021,1.13734639582462,1.03838474963689,0.11297073262383106,61.619841552513854,61.212741233614956,0.0,0.0,0.0,1.03838474963689,-0.09896164618772985,1.1513554822607213,0.014009086436101326,1.2085219533869433,0.07117555756232341,1.1945099933417975,0.05716359751717759,1.234364185617795,0.09701778979317499,1.2958369786061337,0.15849058278151373,1.2979349402022118,0.16058854437759185,1.2624704,0.12512396874599774,1.1904414650088408,0.05309506918422091,1.1517217984459651,0.014375402621345179,1.252865485589246,0.1155190897646261
E01032987,E01032987,East Lindsey 004E,East Lindsey,E01032987,1,2022,1.43858624066664,1.13734639582462,0.09896164618772985,61.619841552513854,61.212741233614956,0.0,0.0,0.0,1.13734639582462,-0.30123984484202015,1.2363080420123498,-0.2022781986542903,1.4007160691802112,-0.037870171486428905,1.3450416324166634,-0.09354460824997668,1.3496093505806064,-0.08897689008603371,1.2952733712025788,-0.1433128694640613,1.2828410058301678,-0.1557452348364723,1.3739228,-0.06466341580702095,1.2935568818690129,-0.14502935879762724,1.2133233669408447,-0.22526287372579534,1.3491804610876885,-0.08940577957895157
E01026072,E01026072,East Lindsey 005A,East Lindsey,E01026072,1,2020,2.03952186239666,2.45159437878429,0.4716825977546102,65.25079630859663,72.85109685295109,0.0,0.0,0.0,2.45159437878429,0.4120725163876302,2.9232769765389004,0.8837551141422404,2.5488060376755617,0.5092841752789017,2.3736323998266773,0.3341105374300173,2.4692993062725224,0.42977744387586236,2.1639940242600053,0.12447216186334531,2.226252515204469,0.18673065280780898,2.2283747,0.18885285722309098,2.140694727593033,0.10117286519637281,2.1568200199061835,0.11729815750952355,2.3233250856571637,0.28380322326050367
E01026072,E01026072,East Lindsey 005A,East Lindsey,E01026072,1,2021,2.36876899747532,2.03952186239666,-0.4120725163876302,65.25079630859663,72.85109685295109,0.0,0.0,0.0,2.03952186239666,-0.3292471350786599,1.6274493460090298,-0.7413196514662901,2.4036544627983094,0.03488546532298953,2.2889955394701547,-0.07977345800516522,2.4207730093576827,0.05200401188236281,2.1509265061877136,-0.21784249128760624,2.18157313639289,-0.1871958610824298,2.0875146,-0.28125435857456305,2.000240971677455,-0.3685280257978647,2.015487689581404,-0.3532813078939161,2.2499992541083134,-0.11876974336700652
E01026072,E01026072,East Lindsey 005A,East Lindsey,E01026072,1,2022,2.87317326355116,2.36876899747532,0.3292471350786599,65.25079630859663,72.85109685295109,0.0,0.0,0.0,2.36876899747532,-0.5044042660758401,2.6980161325539798,-0.17515713099718022,2.6032324147165786,-0.26994084883458136,2.439031463320953,-0.4341418002302069,2.5167722926648155,-0.3564009708863445,2.1816431160129404,-0.6915301475382196,2.240937890407059,-0.632235373144101,2.1451936,-0.7279796867384158,2.082628335086607,-0.7905449284645529,2.1421240396824186,-0.7310492238687414,2.334812583105395,-0.538360680445765
E01026073,E01026073,East Lindsey 005B,East Lindsey,E01026073,1,2020,1.91437226528405,2.23020997114621,0.39575815571337003,65.12538967773786,72.77789214909224,0.0,0.0,0.0,2.23020997114621,0.31583770586216,2.62596812685958,0.71159586157553,2.3856178321540082,0.4712455668699582,2.204664841825203,0.29029257654115304,1.9559764092384644,0.04160414395441436,2.033950683011364,0.11957841772731381,2.183072353046489,0.26870008776243903,1.9910922,0.0767199397635574,1.9918621539646502,0.07748988868060014,2.0665946957672228,0.15222243048317274,2.2077359129629563,0.2933636476789063
E01026073,E01026073,East Lindsey 005B,East Lindsey,E01026073,1,2021,2.21771378412933,1.91437226528405,-0.31583770586216,65.12538967773786,72.77789214909224,0.0,0.0,0.0,1.91437226528405,-0.30334151884528016,1.59853455942189,-0.6191792247074401,2.400579736648071,0.18286595251874083,2.259507950473581,0.041794166344250705,2.067119514300347,-0.15059426982898305,2.088210200455939,-0.1295035836733911,2.2312421587347933,0.013528374605463078,2.069826,-0.14788789644927647,2.007706966667862,-0.2100068174614682,2.0289602448377466,-0.18875353929158356,2.240936214175114,0.02322243004578395
E01026073,E01026073,East Lindsey 005B,East Lindsey,E01026073,1,2022,2.29309907445505,2.21771378412933,0.30334151884528016,65.12538967773786,72.77789214909224,0.0,0.0,0.0,2.21771378412933,-0.07538529032571972,2.5210553029746103,0.22795622851956043,2.5560975700800084,0.2629984956249585,2.3798778051431504,0.08677873068810049,2.0791206963910196,-0.2139783780640303,2.0943185451426714,-0.19878052931237855,2.226903341662171,-0.06619573279287883,2.0618486,-0.23125043401315537,2.009393727217602,-0.283705347237448,2.096654518322789,-0.19644455613226075,2.30103307555367,0.00793400109861997
E01026074,E01026074,East Lindsey 005C,East Lindsey,E01026074,1,2020,1.75821293946595,1.61705198513451,-0.06609435958866006,65.23999530956056,72.87159786315672,0.0,0.0,0.0,1.61705198513451,-0.14116095433144005,1.55095762554585,-0.2072553139201001,2.0881506037529407,0.3299376642869907,1.9196233750986247,0.16141043563267465,2.072521921968344,0.3143089825023939,2.0072286704306985,0.2490157309647485,2.0461805473607333,0.28796760789478326,2.0979483,0.3397353732934494,1.9088756457576292,0.15066270629167922,1.7780791382068835,0.019866198740933427,1.9991565655454058,0.24094362607945574
E01026074,E01026074,East Lindsey 005C,East Lindsey,E01026074,1,2021,1.69777933341194,1.75821293946595,0.14116095433144005,65.23999530956056,72.87159786315672,0.0,0.0,0.0,1.75821293946595,0.06043360605401005,1.89937389379739,0.2015945603854501,2.0109770284196173,0.31319769500767736,1.8854599082401213,0.18768057482818135,2.0450981147622223,0.34731878135028227,2.03082045144343,0.33304111803149006,2.0618787610779306,0.36409942766599057,2.0642128,0.36643346566032564,1.8381420933110377,0.14036275989909774,1.9384926668365166,0.24071333342457657,1.9889119128792538,0.29113257946731386
E01026074,E01026074,East Lindsey 005C,East Lindsey,E01026074,1,2022,1.85760030521181,1.69777933341194,-0.06043360605401005,65.23999530956056,72.87159786315672,0.0,0.0,0.0,1.69777933341194,-0.15982097179986998,1.63734572735793,-0.22025457785388003,2.1568702097773405,0.2992699045655305,1.987461100856558,0.12986079564474795,2.071284362137319,0.21368405692550918,2.037741531460436,0.18014122624862616,2.088700939656976,0.23110063444516604,2.1236207,0.2660204433080875,1.9266391277694233,0.06903882255761329,1.863876830498485,0.006276525286674994,2.0435114131032206,0.18591110789141063
E01026099,E01026099,East Lindsey 005D,East Lindsey,E01026099,1,2020,0.870312708924059,0.698281480807877,0.293078315262164,78.36038044406084,76.4374082143985,0.0,0.0,0.0,0.698281480807877,-0.172031228116182,0.991359796070041,0.121047087145982,0.8892010183277032,0.018888309403644166,0.8214719244204394,-0.048840784503619616,0.8602398342525018,-0.010072874671557153,0.8571751573047122,-0.013137551619346821,0.8824180067623176,0.012105297838258644,0.8817072,0.01139448254322617,0.8233921764356031,-0.046920532488455846,0.7643085951877105,-0.10600411373634844,0.8897400169094465,0.0194273079853875
E01026099,E01026099,East Lindsey 005D,East Lindsey,E01026099,1,2021,1.0614042974415,0.870312708924059,0.172031228116182,78.36038044406084,76.4374082143985,0.0,0.0,0.0,0.870312708924059,-0.19109158851744112,1.042343937040241,-0.019060360401259135,1.0058542904931516,-0.05555000694834855,0.9411970144333689,-0.12020728300813122,0.9182881300938939,-0.14311616734760624,0.9130488278387487,-0.14835546960275137,0.944498038667821,-0.1169062587736791,0.9710821,-0.09032220611001818,0.9360658872189082,-0.12533841022259196,0.8664198228187754,-0.19498447462272472,0.9760659851090125,-0.08533831233248756
E01026099,E01026099,East Lindsey 005D,East Lindsey,E01026099,1,2022,0.830783475141515,1.0614042974415,0.19109158851744112,78.36038044406084,76.4374082143985,0.0,0.0,0.0,1.0614042974415,0.23062082229998515,1.2524958859589412,0.4217124108174263,1.2882850411263478,0.4575015659848328,1.19393990319342,0.36315642805190496,1.3048137095992476,0.4740302344577326,1.238248508516435,0.40746503337492,1.2814153894848952,0.45063191434338024,1.1320194,0.3012359254551037,1.166482754970649,0.33569927982913395,1.1376143058424752,0.3068308307009603,1.2365258891557684,0.4057424140142535
E01026103,E01026103,East Lindsey 006A,East Lindsey,E01026103,1,2020,1.77590062401745,1.77963007798479,-0.1102634974627501,64.96462323285272,72.73865268590114,0.0,0.0,0.0,1.77963007798479,0.003729453967340035,1.66936658052204,-0.10653404349541007,1.9933125680591468,0.21741194404169684,1.8994161842496047,0.12351556023215471,2.007107298127926,0.2312066741104759,2.080205884753652,0.304305260736202,2.1998008552163424,0.4239002311988924,2.0057786,0.2298779270842346,1.8333132858699066,0.05741266185245664,1.9376995629502511,0.16179893893280117,1.9949634486432468,0.21906282462579685
E01026103,E01026103,East Lindsey 006A,East Lindsey,E01026103,1,2021,1.83009702260233,1.77590062401745,-0.003729453967340035,64.96462323285272,72.73865268590114,0.0,0.0,0.0,1.77590062401745,-0.05419639858488012,1.77217117005011,-0.05792585255222016,2.0495693592106696,0.21947233660833954,1.9596936530665212,0.12959663046419112,2.059911320653379,0.22981429805104892,2.134558535502212,0.304461512899882,2.222361647224927,0.3922646246225967,2.0502238,0.22012680475973045,1.8477745930172835,0.017677570414953436,1.9849395416942297,0.1548425190918996,2.035268838768155,0.2051718161658247
E01026103,E01026103,East Lindsey 006A,East Lindsey,E01026103,1,2022,2.32301095185871,1.83009702260233,0.05419639858488012,64.96462323285272,72.73865268590114,0.0,0.0,0.0,1.83009702260233,-0.49291392925638,1.8842934211872102,-0.4387175306714999,2.1146107842777075,-0.20840016758100255,1.997368004446953,-0.32564294741175703,2.057510238176375,-0.2655007136823353,2.0723280738407834,-0.25068287801792666,2.1726893312115823,-0.15032162064712784,2.0636983,-0.25931266008014564,1.8660864482643682,-0.4569245035943419,1.9808086371013325,-0.3422023147573776,2.024128235089701,-0.2988827167690089
E01026104,E01026104,East Lindsey 006B,East Lindsey,E01026104,1,2020,1.13541915981441,0.962651004089791,0.21565157981705696,65.14977333567091,72.80697517464189,0.0,0.0,0.0,0.962651004089791,-0.17276815572461912,1.178302583906848,0.04288342409243784,1.2542600998823408,0.11884094006793067,1.1928133082719479,0.057394148457537764,1.2554090234664255,0.11998986365201536,1.2713024012736776,0.13588324145926745,1.2238499479573484,0.08843078814293825,1.1720936,0.03667447002262603,1.161691675138377,0.026272515323966905,1.1149583760967725,-0.0204607837176376,1.1891375851462338,0.053718425331823694
E01026104,E01026104,East Lindsey 006B,East Lindsey,E01026104,1,2021,1.35712400365856,1.13541915981441,0.17276815572461912,65.14977333567091,72.80697517464189,0.0,0.0,0.0,1.13541915981441,-0.2217048438441498,1.3081873155390293,-0.04893668811953056,1.305952300729831,-0.05117170292872886,1.255950157044496,-0.10117384661406392,1.2572810910952086,-0.09984291256335132,1.2871732089439953,-0.06995079471456456,1.258416942564284,-0.09870706109427596,1.1828456,-0.1742784111597806,1.2539239449867545,-0.10320005867180537,1.1733548484059264,-0.1837691552526335,1.2653112367083317,-0.09181276695022822
E01026104,E01026104,East Lindsey 006B,East Lindsey,E01026104,1,2022,1.31150885286632,1.35712400365856,0.2217048438441498,65.14977333567091,72.80697517464189,0.0,0.0,0.0,1.35712400365856,0.04561515079223999,1.5788288475027097,0.2673199946363898,1.5746544571517656,0.26314560428544564,1.4963614480648781,0.18485259519855823,1.5289338365908451,0.21742498372452523,1.5077329267061197,0.19622407383979978,1.4759774217783863,0.1644685689120664,1.4863797,0.17487088975605558,1.427664678938498,0.116155826072178,1.383992263075524,0.07248341020920401,1.489581575648929,0.1780727227826091
E01026109,E01026109,East Lindsey 006C,East Lindsey,E01026109,1,2020,1.8721727609318,1.24295014137977,-0.17443994480288016,65.41161479887556,72.94740051634182,0.0,0.0,0.0,1.24295014137977,-0.6292226195520301,1.0685101965768897,-0.8036625643549102,1.708821811032313,-0.16335094989948695,1.6188916438769942,-0.2532811170548057,1.4908021059780368,-0.3813706549537632,1.518912462725481,-0.3532602982063189,1.590809420095074,-0.281363340836726,1.6106834,-0.2614893197696906,1.5436906288650594,-0.3284821320667406,1.466107039059256,-0.40606572187254386,1.6455201103885762,-0.2266526505432238
E01026109,E01026109,East Lindsey 006C,East Lindsey,E01026109,1,2021,1.78337933623256,1.8721727609318,0.6292226195520301,65.41161479887556,72.94740051634182,0.0,0.0,0.0,1.8721727609318,0.0887934246992399,2.50139538048383,0.7180160442512697,1.9436118752206077,0.16023253898804768,1.8656114936127732,0.08223215738021317,1.9760965811912679,0.1927172449587078,1.8790662844741406,0.09568694824158053,1.87393865415275,0.09055931792019001,1.8825665,0.09918711579380712,1.7093113954171923,-0.07406794081536772,1.7782682491245716,-0.005111087107988466,1.9004161748911892,0.11703683865862913
E01026109,E01026109,East Lindsey 006C,East Lindsey,E01026109,1,2022,1.93789595821266,1.78337933623256,-0.0887934246992399,65.41161479887556,72.94740051634182,0.0,0.0,0.0,1.78337933623256,-0.15451662198009997,1.6945859115333202,-0.24331004667933986,2.0994082868278756,0.16151232861521558,1.9902389815293804,0.05234302331672036,1.971574824172632,0.03367886595997205,1.9823525882591124,0.044456630046452394,2.1015795619583533,0.16368360374569324,1.9876218,0.04972582599754505,1.8623753678310921,-0.07552059038156789,1.8330226888227281,-0.10487326938993191,2.008102413716269,0.07020645550360882
E01026071,E01026071,East Lindsey 007A,East Lindsey,E01026071,1,2020,0.436702927611378,0.0672087435477403,-0.1619149012515067,67.25565854646602,71.05629113843203,0.0,0.0,0.0,0.0672087435477403,-0.3694941840636377,-0.0947061577037664,-0.5314090853151444,0.36311422946200844,-0.07358869814936958,0.405939156105989,-0.030763771505389004,0.38557614937300255,-0.05112677823837547,0.3632006859521626,-0.07350224165921543,0.47686415786634734,0.040161230254969316,0.45424756,0.017544636465999297,0.3834973945146064,-0.05320553309677162,0.3904695357842179,-0.04623339182716013,0.3913167617177881,-0.0453861658935899
E01026071,E01026071,East Lindsey 007A,East Lindsey,E01026071,1,2021,0.277326734074014,0.436702927611378,0.3694941840636377,67.25565854646602,71.05629113843203,0.0,0.0,0.0,0.436702927611378,0.15937619353736404,0.8061971116750157,0.5288703776010018,0.5101810637863512,0.23285432971233722,0.5545238926319497,0.2771971585579357,0.5136918499184113,0.23636511584439734,0.5379348262811336,0.26060809220711967,0.5480466875475791,0.27071995347356514,0.5517876,0.2744608807483737,0.5556261395703794,0.27829940549636545,0.5712544969396419,0.29392776286562794,0.5383357971795875,0.2610090631055735
E01026071,E01026071,East Lindsey 007A,East Lindsey,E01026071,1,2022,0.842644095743882,0.277326734074014,-0.15937619353736404,67.25565854646602,71.05629113843203,0.0,0.0,0.0,0.277326734074014,-0.565317361669868,0.11795054053664994,-0.724693555207232,0.553397177618815,-0.289246918125067,0.5837674787843539,-0.2588766169595281,0.5470615682100222,-0.29558252753385983,0.5667083728162843,-0.2759357229275977,0.5237410562736851,-0.31890303947019694,0.5568169,-0.28582721980928116,0.5448734393908676,-0.29777065635301436,0.5684366570515388,-0.2742074386923432,0.5407437093320866,-0.3019003864117954
E01026082,E01026082,East Lindsey 007B,East Lindsey,E01026082,1,2020,0.327705316799913,0.377327348156897,0.44494691328611413,74.01822008524364,81.6758362952652,0.0,0.0,0.0,0.377327348156897,0.04962203135698401,0.8222742614430112,0.4945689446430982,0.5310252191903237,0.20331990239041076,0.5032800207747893,0.1755747039748763,0.4684552838666287,0.14074996706671572,0.41819485265961404,0.09048953585970104,0.488998385565989,0.16129306876607602,0.5029684,0.17526305411454624,0.4914285921287083,0.16372327532879533,0.4379706834440098,0.11026536664409681,0.5173805302993923,0.18967521349947936
E01026082,E01026082,East Lindsey 007B,East Lindsey,E01026082,1,2021,0.503963569698757,0.327705316799913,-0.04962203135698401,74.01822008524364,81.6758362952652,0.0,0.0,0.0,0.327705316799913,-0.176258252898844,0.278083285442929,-0.225880284255828,0.5696973031469023,0.06573373344814526,0.547500527469781,0.043536957771023954,0.5426557325960804,0.03869216289732336,0.5320957973881885,0.028132227689431466,0.5375622065004716,0.0335986368017146,0.56431305,0.060349484386020835,0.562343218470664,0.058379648771907044,0.500467428861137,-0.0034961408376199543,0.5590013901711293,0.05503782047237227
E01026082,E01026082,East Lindsey 007B,East Lindsey,E01026082,1,2022,0.642268127601238,0.503963569698757,0.176258252898844,74.01822008524364,81.6758362952652,0.0,0.0,0.0,0.503963569698757,-0.13830455790248097,0.680221822597601,0.03795369499636303,0.757930084039253,0.11566195643801502,0.7247914400129686,0.08252331241173061,0.747376844274971,0.105108716673733,0.6992034857850118,0.05693535818377382,0.6869493673018681,0.04468123970063009,0.75569946,0.11343132813682966,0.7032096787078508,0.06094155110661281,0.6513948530256324,0.00912672542439441,0.7424583611783759,0.10019023357713797
E01026121,E01026121,East Lindsey 007C,East Lindsey,E01026121,1,2020,0.432516408793423,0.0299443804646725,-0.2328804912160345,74.24892762067678,82.34122445994475,0.0,0.0,0.0,0.0299443804646725,-0.4025720283287505,-0.20293611075136198,-0.635452519544785,0.37180315874560405,-0.06071325004781897,0.32946105510508905,-0.10305535368833396,0.36817516772245723,-0.06434124107096578,0.3199292054496447,-0.11258720334377831,0.4254831344753713,-0.00703327431805173,0.4176771,-0.014839304320309,0.35017666915009704,-0.08233973964332597,0.28299387111394925,-0.14952253767947377,0.37128305380961435,-0.06123335498380866
E01026121,E01026121,East Lindsey 007C,East Lindsey,E01026121,1,2021,0.695690006035677,0.432516408793423,0.4025720283287505,74.24892762067678,82.34122445994475,0.0,0.0,0.0,0.432516408793423,-0.263173597242254,0.8350884371221735,0.13939843108649652,0.631846855111107,-0.06384315092456994,0.5711160418709247,-0.1245739641647523,0.531049041139377,-0.16464096489629998,0.526436079496645,-0.16925392653903204,0.6227266121649571,-0.07296339387071993,0.6447852,-0.05090478064428905,0.6274121769233891,-0.06827782911228786,0.5642891889570264,-0.1314008170786506,0.6249412179638671,-0.07074878807180984
E01026121,E01026121,East Lindsey 007C,East Lindsey,E01026121,1,2022,0.689729875311025,0.695690006035677,0.263173597242254,74.24892762067678,82.34122445994475,0.0,0.0,0.0,0.695690006035677,0.0059601307246519575,0.958863603277931,0.26913372796690593,0.8164594225489082,0.1267295472378832,0.7514355985330919,0.06170572322206691,0.8123758817579346,0.1226460064469096,0.7536137224036894,0.06388384709266437,0.7244711712150144,0.03474129590398933,0.7399479,0.05021803976618444,0.8082618584572341,0.11853198314620905,0.6757196528616917,-0.014010222449333365,0.7814286053987862,0.0916987300877612
E01026042,E01026042,East Lindsey 008A,East Lindsey,E01026042,1,2020,0.731619578898213,0.729502046136481,-0.3248885364320391,65.57017103985186,71.88917138893447,0.0,0.0,0.0,0.729502046136481,-0.0021175327617320994,0.4046135097044419,-0.3270060691937712,1.0540426037926063,0.32242302489439323,1.0213824413100918,0.28976286241187876,1.1022698345213515,0.37065025562313847,1.025691915951798,0.29407233705358504,1.1446586140512844,0.4130390351530714,1.0599016,0.32828201621744857,1.0168487337218686,0.2852291548236555,0.9712011550244941,0.23958157612628106,1.0783731240752632,0.34675354517705015
E01026042,E01026042,East Lindsey 008A,East Lindsey,E01026042,1,2021,0.816626882132914,0.731619578898213,0.0021175327617320994,65.57017103985186,71.88917138893447,0.0,0.0,0.0,0.731619578898213,-0.08500730323470096,0.7337371116599452,-0.08288977047296886,0.9959389657133246,0.17931208358041062,0.9905146186204677,0.17388773648755373,1.2552934260003934,0.4386665438674794,1.1981572206068585,0.38153033847394446,1.3379017472889552,0.5212748651560412,1.273978,0.45735111278590923,1.20506858209987,0.3884416999669559,1.0623736786523572,0.2457467965194432,1.1211296211008515,0.30450273896793745
E01026042,E01026042,East Lindsey 008A,East Lindsey,E01026042,1,2022,1.15462274549064,0.816626882132914,0.08500730323470096,65.57017103985186,71.88917138893447,0.0,0.0,0.0,0.816626882132914,-0.3379958633577259,0.901634185367615,-0.25298856012302495,1.1057227021574152,-0.04890004333322473,1.0361602437439963,-0.11846250174664363,1.2418059935489878,0.08718324805834787,1.0573917684874357,-0.09723097700320427,1.2606584492536763,0.10603570376303639,1.2036202,0.04899744989815402,1.136564166030137,-0.01805857946050282,1.036065737244727,-0.11855700824591286,1.138065756427529,-0.016556989063110983
E01026043,E01026043,East Lindsey 008B,East Lindsey,E01026043,1,2020,0.450949466470259,0.735383818001782,0.320086885854737,65.52036376349253,71.84512814621891,0.0,0.0,0.0,0.735383818001782,0.28443435153152297,1.055470703856519,0.60452123738626,0.853086963620135,0.402137497149876,0.7948578291517261,0.3439083626814671,0.8650792707465433,0.4141298042762843,0.7665322662156558,0.3155827997453968,0.8387656085883446,0.38781614211808557,0.7922875,0.34133806204460304,0.8617920770696998,0.4108426105994408,0.7381264289775765,0.2871769625073175,0.8532503364355533,0.40230086996529424
E01026043,E01026043,East Lindsey 008B,East Lindsey,E01026043,1,2021,0.887319241395488,0.450949466470259,-0.28443435153152297,65.52036376349253,71.84512814621891,0.0,0.0,0.0,0.450949466470259,-0.436369774925229,0.16651511493873605,-0.720804126456752,0.817863056438308,-0.06945618495717998,0.7894831882686325,-0.0978360531268555,0.8230888944095623,-0.06423034698592567,0.7711648651054968,-0.11615437628999126,0.764732852298037,-0.12258638909745101,0.83022964,-0.05708960138846897,0.8273468260557816,-0.05997241533970643,0.7632101704122191,-0.12410907098326895,0.8190928210492656,-0.0682264203462224
E01026043,E01026043,East Lindsey 008B,East Lindsey,E01026043,1,2022,1.01955291839322,0.887319241395488,0.436369774925229,65.52036376349253,71.84512814621891,0.0,0.0,0.0,0.887319241395488,-0.13223367699773192,1.3236890163207171,0.3041360979274972,1.0650107328316205,0.04545781443840058,1.0009400718678931,-0.0186128465253268,0.9794137208358549,-0.04013919755736506,0.9963902102807487,-0.02316270811247123,1.042458947019587,0.022906028626367148,1.0217597,0.0022068300656423734,1.0761395743863351,0.05658665599311519,1.0117471031610867,-0.007805815232133195,1.0513312412140392,0.03177832282081927
E01026044,E01026044,East Lindsey 008C,East Lindsey,E01026044,1,2020,0.645518177618575,0.541764019159603,0.43368967605655506,65.04334775885008,71.73287582745269,0.0,0.0,0.0,0.541764019159603,-0.10375415845897196,0.9754536952161581,0.3299355175975831,0.7569838369136263,0.11146565929505126,0.719047269487362,0.07352909186878698,0.6495765225380202,0.004058344919445234,0.6301722001554035,-0.015345977463171456,0.5662186525571457,-0.07929952506142934,0.6346779,-0.01084029065568437,0.62190021694264,-0.023617960675935024,0.6288006536436997,-0.016717523974875248,0.6718798881463208,0.02636171052774583
E01026044,E01026044,East Lindsey 008C,East Lindsey,E01026044,1,2021,0.870232747444083,0.645518177618575,0.10375415845897196,65.04334775885008,71.73287582745269,0.0,0.0,0.0,0.645518177618575,-0.22471456982550797,0.749272336077547,-0.12096041136653601,0.8068839576011223,-0.06334878984296066,0.7911109053999975,-0.07912184204408546,0.807779937929962,-0.06245280951412091,0.7966765553450085,-0.07355619209907449,0.7244384667425533,-0.14579428070152967,0.81086993,-0.05936281526940035,0.7618605674598945,-0.10837217998418847,0.696602264723702,-0.17363048272038095,0.797652340689452,-0.07258040675463096
E01026044,E01026044,East Lindsey 008C,East Lindsey,E01026044,1,2022,1.33133007297547,0.870232747444083,0.22471456982550797,65.04334775885008,71.73287582745269,0.0,0.0,0.0,0.870232747444083,-0.46109732553138705,1.094947317269591,-0.23638275570587908,1.0985729679057483,-0.2327571050697217,1.0588184763492448,-0.27251159662622526,0.9176577578015014,-0.41367231517396863,0.9359590119081515,-0.39537106106731856,0.9312919284995698,-0.40003814447590025,0.9145524,-0.4167776824000611,0.9529378839612759,-0.37839218901419414,0.948492817641043,-0.38283725533442703,1.0098110572895642,-0.3215190156859058
E01026113,E01026113,East Lindsey 008D,East Lindsey,E01026113,1,2020,0.696089434201953,0.675018640656526,0.30294844321672393,46.12063194645252,56.64063644641003,0.0,0.0,0.0,0.675018640656526,-0.02107079354542707,0.9779670838732499,0.2818776496712969,0.9216134081549822,0.22552397395302914,0.8582242899715274,0.16213485576957443,0.7929357901398362,0.09684635593788316,0.8051278071479122,0.1090383729459592,0.8206381963319181,0.12454876212996513,0.766341,0.07025153679108898,0.8120697723340883,0.11598033813213526,0.8090803943362335,0.11299096013428045,0.861688924498291,0.16559949029633803
E01026113,E01026113,East Lindsey 008D,East Lindsey,E01026113,1,2021,0.84482071413935,0.696089434201953,0.02107079354542707,46.12063194645252,56.64063644641003,0.0,0.0,0.0,0.696089434201953,-0.148731279937397,0.7171602277473801,-0.12766048639196992,0.9581208436910814,0.11330012955173141,0.9117258095908374,0.06690509545148737,0.9044326418280353,0.059611927688685284,0.8525536666766882,0.007732952537338189,0.8941574477309546,0.04933673359160462,0.8696959,0.024875187731377535,0.8603586643310962,0.015537950191746197,0.8869109148354264,0.042090200696076385,0.9262994505587554,0.0814787364194054
E01026113,E01026113,East Lindsey 008D,East Lindsey,E01026113,1,2022,1.03575502853681,0.84482071413935,0.148731279937397,46.12063194645252,56.64063644641003,0.0,0.0,0.0,0.84482071413935,-0.19093431439746,0.993551994076747,-0.042203034460063016,1.1629674642476275,0.12721243571081753,1.099503392425851,0.06374836388904104,1.0095243731971788,-0.026230655339631204,1.0063540190981586,-0.029401009438651426,0.9616505687375922,-0.07410445979921776,1.0158637,-0.019891371539129343,1.0035985775614074,-0.03215645097540265,1.0715869361934134,0.03583190765660338,1.078408055093341,0.042653026556531026
E01026117,E01026117,East Lindsey 008E,East Lindsey,E01026117,1,2020,0.367383506099178,0.858235475570528,0.388774895007072,65.77412451001005,70.13929837404126,0.0,0.0,0.0,0.858235475570528,0.49085196947135,1.2470103705776001,0.8796268644784221,1.0320293095841653,0.6646458034849873,0.9808343534060581,0.61345084730688,0.9101204713447136,0.5427369652455356,0.9215959416066676,0.5542124355074896,0.9413290304849264,0.5739455243857484,0.8812879,0.5139043666921123,0.8998879160142469,0.5325044099150689,0.8993157952427931,0.5319322891436151,0.9881470126951399,0.6207635065959619
E01026117,E01026117,East Lindsey 008E,East Lindsey,E01026117,1,2021,0.814529299905226,0.367383506099178,-0.49085196947135,65.77412451001005,70.13929837404126,0.0,0.0,0.0,0.367383506099178,-0.447145793806048,-0.12346846337217199,-0.937997763277398,0.8580029414611406,0.0434736415559146,0.8495645390226585,0.03503523911743245,0.7778191318890991,-0.03671016801612692,0.7438907941883404,-0.07063850571688568,0.714142712443236,-0.10038658746199003,0.736007,-0.07852232473127585,0.72279897464429,-0.09173032526093605,0.7088391037157991,-0.10569019618942699,0.8330528974352327,0.018523597530006652
E01026117,E01026117,East Lindsey 008E,East Lindsey,E01026117,1,2022,1.35242808704012,0.814529299905226,0.447145793806048,65.77412451001005,70.13929837404126,0.0,0.0,0.0,0.814529299905226,-0.5378987871348939,1.2616750937112742,-0.09075299332884579,1.0734138821808175,-0.2790142048593025,1.0155424050427653,-0.3368856819973547,0.9278092887621525,-0.42461879827796745,0.9540497240268134,-0.39837836301330654,0.9819666077594341,-0.37046147928068585,0.94967246,-0.4027556264840897,0.9539574560640707,-0.3984706309760493,0.9497141878129386,-0.40271389922718137,1.04099509021864,-0.31143299682147996
E01026060,E01026060,East Lindsey 009A,East Lindsey,E01026060,1,2020,0.669077691269483,1.07017882540012,0.6487261850906161,42.027324666902054,51.17444895470006,0.0,0.0,0.0,1.07017882540012,0.4011011341306371,1.7189050104907362,1.049827319221253,1.0984780109956742,0.4294003197261912,1.0397754197579498,0.3706977284884668,0.9613738325057022,0.29229614123621916,1.0279852476153115,0.3589075563458285,0.9767108492260476,0.30763315795656454,0.9190227,0.24994498805943544,0.9646948169371358,0.29561712566765275,1.050311512999626,0.3812338217301431,1.0154651824237102,0.3463874911542272
E01026060,E01026060,East Lindsey 009A,East Lindsey,E01026060,1,2021,1.23396067072296,0.669077691269483,-0.4011011341306371,42.027324666902054,51.17444895470006,0.0,0.0,0.0,0.669077691269483,-0.564882979453477,0.26797655713884594,-0.9659841135841141,0.976826738081199,-0.257133932641761,0.9669628492703737,-0.2669978214525863,0.9130344721204561,-0.32092619860250393,0.9473034414335251,-0.28665722928943493,0.8257957439540896,-0.4081649267688704,0.94881123,-0.28514943767928935,0.9335997789663351,-0.30036089175662495,0.9393649788686231,-0.29459569185433687,0.9184777038425032,-0.31548296688045685
E01026060,E01026060,East Lindsey 009A,East Lindsey,E01026060,1,2022,1.18677447853019,1.23396067072296,0.564882979453477,42.027324666902054,51.17444895470006,0.0,0.0,0.0,1.23396067072296,0.04718619219277009,1.7988436501764369,0.612069171646247,1.3245083966248223,0.13773391809463242,1.2655264457591167,0.07875196722892674,1.278598657734142,0.09182417920395203,1.3024138538027898,0.11563937527259993,1.2777474909523205,0.09097301242213063,1.2645903,0.0778157848365093,1.180460689583209,-0.0063137889469808695,1.3153901005804034,0.12861562205021349,1.274056735703033,0.0872822571728431
E01026068,E01026068,East Lindsey 009B,East Lindsey,E01026068,1,2020,0.501490292893636,0.563492894861909,0.476895361900924,48.864941360299085,57.085901718547994,0.0,0.0,0.0,0.563492894861909,0.06200260196827301,1.040388256762833,0.5388979638691971,0.6980478985783047,0.19655760568466873,0.6796901658321768,0.17819987293854078,0.49239070373685934,-0.009099589156776666,0.4959005372889744,-0.005589755604661628,0.4739457026469156,-0.027544590246720402,0.5037218,0.0022314807307841633,0.5989514002744188,0.09746110738078284,0.6062599252337413,0.10476963234010528,0.5915863871960028,0.09009609430236676
E01026068,E01026068,East Lindsey 009B,East Lindsey,E01026068,1,2021,0.778552173358212,0.501490292893636,-0.06200260196827301,48.864941360299085,57.085901718547994,0.0,0.0,0.0,0.501490292893636,-0.277061880464576,0.439487690925363,-0.33906448243284903,0.6711908768625613,-0.10736129649565074,0.6815378029169264,-0.09701437044128558,0.6967152930988976,-0.08183688025931446,0.6951499725206348,-0.08340220083757721,0.6510162453061022,-0.12753592805210978,0.6887026,-0.08984959004522375,0.6970824883131458,-0.08146968504506624,0.6103606783900232,-0.16819149496818886,0.6677918341464277,-0.1107603392117843
E01026068,E01026068,East Lindsey 009B,East Lindsey,E01026068,1,2022,0.857450097855586,0.778552173358212,0.277061880464576,48.864941360299085,57.085901718547994,0.0,0.0,0.0,0.778552173358212,-0.07889792449737398,1.055614053822788,0.19816395596720204,0.9781219741078139,0.12067187625222786,0.9537540685873906,0.09630397073180463,0.8962710269550863,0.0388209290995003,0.8792963175531994,0.021846219697613356,0.8903646721174259,0.03291457426183986,0.8655452,0.008095115366917649,0.8674433463357692,0.009993248480183237,0.866770445683107,0.009320347827521003,0.9351518285870364,0.07770173073145037
E01026070,E01026070,East Lindsey 009C,East Lindsey,E01026070,1,2020,0.328565666829427,0.55226286730924,0.14384666492021603,61.26093725617936,62.376636447448824,0.0,0.0,0.0,0.55226286730924,0.223697200479813,0.696109532229456,0.36754386540002904,0.7027580747304255,0.3741924079009985,0.6965505494492646,0.36798488261983764,0.6188559008598363,0.2902902340304093,0.643895323476613,0.31532965664718604,0.6021672262873129,0.2736015594578859,0.62495357,0.29638790115229297,0.6355169068070747,0.3069512399776477,0.6009196165922709,0.2723539497628439,0.6538429443421956,0.3252772775127686
E01026070,E01026070,East Lindsey 009C,East Lindsey,E01026070,1,2021,0.588041665267514,0.328565666829427,-0.223697200479813,61.26093725617936,62.376636447448824,0.0,0.0,0.0,0.328565666829427,-0.259475998438087,0.104868466349614,-0.4831731989179,0.609753324639619,0.021711659372104952,0.6388994930583254,0.05085782779081138,0.6853425634396508,0.09730089817213683,0.6654110263614641,0.0773693610939501,0.6919112136236326,0.10386954835611861,0.7325846,0.14454293041272281,0.5836869826471929,-0.004354682620321126,0.5336907259788053,-0.05435093928870871,0.6541674789980134,0.06612581373049942
E01026070,E01026070,East Lindsey 009C,East Lindsey,E01026070,1,2022,1.08463974951123,0.588041665267514,0.259475998438087,61.26093725617936,62.376636447448824,0.0,0.0,0.0,0.588041665267514,-0.4965980842437161,0.847517663705601,-0.2371220858056291,0.8275277910327108,-0.2571119584785193,0.8024067207702332,-0.28223302874099687,0.7183661296450199,-0.3662736198662102,0.7469240403442017,-0.3377157091670284,0.723874162165032,-0.3607655873461981,0.7182441,-0.3663956737360836,0.6849767525458542,-0.3996629969653759,0.7274632666062552,-0.35717648290497495,0.7553442112745088,-0.3292955382367213
E01026105,E01026105,East Lindsey 009D,East Lindsey,E01026105,1,2020,0.527845371928383,0.508371972471297,0.31136240151168093,57.787328947712204,63.58168952367082,0.0,0.0,0.0,0.508371972471297,-0.019473399457086038,0.8197343739829779,0.2918890020545949,0.6712736406359593,0.1434282687075763,0.6597708554025319,0.1319254834741489,0.5308766447473553,0.003031272818972308,0.5713685036734193,0.0435231317450363,0.4825815482212128,-0.04526382370717019,0.4921155,-0.03572987433927166,0.6153962980498985,0.0875509261215155,0.5681599433160781,0.04031457138769512,0.5820989321340133,0.054253560205630325
E01026105,E01026105,East Lindsey 009D,East Lindsey,E01026105,1,2021,0.811966409908507,0.527845371928383,0.019473399457086038,57.787328947712204,63.58168952367082,0.0,0.0,0.0,0.527845371928383,-0.284121037980124,0.547318771385469,-0.26464763852303796,0.6548597133058912,-0.15710669660261578,0.6689099733777072,-0.1430564365307998,0.7690040074299923,-0.04296240247851468,0.7070283709583156,-0.10493803895019138,0.7481759682129822,-0.06379044169552484,0.74677587,-0.06519054435369742,0.7130265575327662,-0.09893985237574077,0.5870810920200907,-0.22488531788841626,0.7067525676413622,-0.10521384226714481
E01026105,E01026105,East Lindsey 009D,East Lindsey,E01026105,1,2022,0.979113478151182,0.811966409908507,0.284121037980124,57.787328947712204,63.58168952367082,0.0,0.0,0.0,0.811966409908507,-0.167147068242675,1.0960874478886309,0.11697396973744889,0.9716876428258826,-0.00742583532529939,0.950544587302383,-0.02856889084879899,0.9302002304059585,-0.04891324774522354,0.9023288933848719,-0.07678458476631012,0.8876620130253473,-0.09145146512583469,0.8457452,-0.13336827227197057,0.8810166770634147,-0.0980968010877673,0.852844527394429,-0.12626895075675304,0.9277515113472135,-0.05136196680396854
E01026048,E01026048,East Lindsey 010A,East Lindsey,E01026048,1,2020,1.975428579989,3.30420025784873,1.3615805736151503,17.685891946115223,39.3096780031403,0.0,0.0,0.0,3.30420025784873,1.3287716778597303,4.665780831463881,2.6903522514748808,3.052678463108516,1.0772498831195163,2.8831355581062237,0.9077069781172238,2.5714756837379964,0.5960471037489965,2.298705173971289,0.32327659398228903,2.2898247893066768,0.31439620931767687,2.3273456,0.3519170296759171,2.1020523101253024,0.12662373013630246,2.141232067046581,0.1658034870575813,2.6539583587340076,0.6785297787450078
E01026048,E01026048,East Lindsey 010A,East Lindsey,E01026048,1,2021,3.41635929590381,1.975428579989,-1.3287716778597303,17.685891946115223,39.3096780031403,0.0,0.0,0.0,1.975428579989,-1.44093071591481,0.6466569021292696,-2.76970239377454,2.6261938417827864,-0.7901654541210235,2.6560894395499455,-0.7602698563538643,2.5073204122126618,-0.909038883691148,2.2832015020594825,-1.1331577938443274,2.346325317890999,-1.0700339780128107,2.3617725,-1.0545867586723645,2.0972317925499264,-1.3191275033538834,2.1331331391768598,-1.28322615672695,2.5057346886477254,-0.9106246072560844
E01026048,E01026048,East Lindsey 010A,East Lindsey,E01026048,1,2022,3.69090020416537,3.41635929590381,1.44093071591481,17.685891946115223,39.3096780031403,0.0,0.0,0.0,3.41635929590381,-0.2745409082615602,4.85729001181862,1.1663898076532497,3.289346850978726,-0.4015533531866442,3.153798785172149,-0.5371014189932208,2.643759072025824,-1.0471411321395458,2.317180356384507,-1.3737198477808632,2.259864448576659,-1.4310357555887112,2.1198876,-1.5710126137570448,2.074821405235137,-1.616078798930233,2.1797089725488927,-1.5111912316164773,2.727372935674848,-0.9635272684905218
E01026049,E01026049,East Lindsey 010B,East Lindsey,E01026049,1,2020,1.87897866336305,1.44983113356652,0.5740538907572429,23.881441485695795,43.568913626433655,0.0,0.0,0.0,1.44983113356652,-0.42914752979653015,2.023885024323763,0.14490636096071285,1.6923485663166582,-0.18663009704639189,1.6098405551361252,-0.26913810822692485,1.5081980856839443,-0.37078057767910577,1.5164888751065535,-0.3624897882564966,1.427588202052881,-0.45139046131016913,1.5181822,-0.3607965048928963,1.4110434159372718,-0.4679352474257783,1.382353581445451,-0.496625081917599,1.540919985105383,-0.3380586782576671
E01026049,E01026049,East Lindsey 010B,East Lindsey,E01026049,1,2021,2.24191224309754,1.87897866336305,0.42914752979653015,23.881441485695795,43.568913626433655,0.0,0.0,0.0,1.87897866336305,-0.3629335797344899,2.3081261931595805,0.06621395006204045,1.8492991157619554,-0.3926131273355846,1.8110472114038758,-0.4308650316936642,1.6434618613445422,-0.5984503817529978,1.7307416546636463,-0.5111705884338937,1.6146341826478152,-0.6272780604497248,1.6798449,-0.562067386835333,1.6899307467280063,-0.5519814963695338,1.6306833379664305,-0.6112289051311095,1.719979473102286,-0.5219327699952541
E01026049,E01026049,East Lindsey 010B,East Lindsey,E01026049,1,2022,2.50087899371683,2.24191224309754,0.3629335797344899,23.881441485695795,43.568913626433655,0.0,0.0,0.0,2.24191224309754,-0.25896675061928986,2.60484582283203,0.10396682911520028,2.3217708933904078,-0.1791081003264221,2.2421967012605015,-0.25868229245632834,1.9708671916680107,-0.5300118020488191,2.170420615777283,-0.3304583779395469,2.2476407020479527,-0.2532382916688771,2.0063038,-0.49457520648538456,1.9383187209657307,-0.5625602727510992,1.9928952123621766,-0.5079837813546533,2.1928812635720933,-0.3079977301447365
E01026050,E01026050,East Lindsey 010C,East Lindsey,E01026050,1,2020,2.5990417155614,2.52893715772538,1.3102279779728598,18.500552756936273,39.89986654166666,0.0,0.0,0.0,2.52893715772538,-0.07010455783602021,3.8391651356982397,1.2401234201368396,2.5084335413602266,-0.09060817420117351,2.405460782948024,-0.19358093261337617,2.558840189775681,-0.04020152578571912,2.2041689020385205,-0.3948728135228796,2.1424270654007858,-0.4566146501606143,2.2199452,-0.37909652322436393,1.9096023204521744,-0.6894393951092257,2.0559887198323286,-0.5430529957290715,2.3128395975876797,-0.2862021179737204
E01026050,E01026050,East Lindsey 010C,East Lindsey,E01026050,1,2021,2.17437924557104,2.5990417155614,0.07010455783602021,18.500552756936273,39.89986654166666,0.0,0.0,0.0,2.5990417155614,0.42466246999036006,2.6691462733974203,0.49476702782638027,2.4602329102381693,0.28585366466712925,2.428207446085926,0.25382820051488597,2.580263109437355,0.40588386386631514,2.334195840930893,0.15981659535985315,2.473283599991682,0.298904354420642,2.328913,0.15453372783289065,2.0802452968728273,-0.09413394869821268,2.102480660726322,-0.071898584844718,2.39297451369221,0.2185952681211698
E01026050,E01026050,East Lindsey 010C,East Lindsey,E01026050,1,2022,2.85406891641736,2.17437924557104,-0.42466246999036006,18.500552756936273,39.89986654166666,0.0,0.0,0.0,2.17437924557104,-0.67968967084632,1.74971677558068,-1.10435214083668,2.72951656726536,-0.1245523491520002,2.6869360793646466,-0.16713283705271342,2.445008147417674,-0.4090607689996859,2.3336047876055983,-0.5204641288117617,2.212033066899322,-0.642035849518038,1.943693,-0.9103758746159074,1.927147413682947,-0.9269215027344131,1.9920770579770495,-0.8619918584403106,2.3870329180063456,-0.4670359984110144
E01026069,E01026069,East Lindsey 010D,East Lindsey,E01026069,1,2020,2.6800363363073,2.4229919092371,0.45645595324793997,16.98358251035573,38.659885880573114,0.0,0.0,0.0,2.4229919092371,-0.25704442707020014,2.8794478624850397,0.1994115261777396,2.479291287162794,-0.2007450491445062,2.3510111384531576,-0.3290251978541425,2.450038019388562,-0.22999831691873807,2.2495829913309455,-0.43045334497635457,2.215510098708319,-0.46452623759898115,2.3513958,-0.3286404908940921,2.2008276262880484,-0.4792087100192517,2.1334840061223264,-0.5465523301849737,2.3791074096532197,-0.30092892665408044
E01026069,E01026069,East Lindsey 010D,East Lindsey,E01026069,1,2021,3.01890324227492,2.6800363363073,0.25704442707020014,16.98358251035573,38.659885880573114,0.0,0.0,0.0,2.6800363363073,-0.3388669059676199,2.9370807633775002,-0.08182247889741978,2.6332535909737667,-0.38564965130115336,2.533172527907904,-0.485730714367016,2.5219873424403545,-0.4969158998345655,2.3236669439795063,-0.6952362982954137,2.1931545596945274,-0.8257486825803926,2.3317816,-0.6871216165272394,2.1584052775849476,-0.8604979646899724,2.1093788400129103,-0.9095244022620097,2.4544634095664084,-0.5644398327085116
E01026069,E01026069,East Lindsey 010D,East Lindsey,E01026069,1,2022,3.20682636759678,3.01890324227492,0.3388669059676199,16.98358251035573,38.659885880573114,0.0,0.0,0.0,3.01890324227492,-0.18792312532186006,3.35777014824254,0.15094378064575986,3.103004968855485,-0.10382139874129503,2.952561964923292,-0.25426440267348793,2.5141108834898995,-0.6927154841068806,2.326994560155055,-0.8798318074417253,2.188669892211636,-1.018156475385144,2.1722677,-1.0345586921969998,2.152518223103747,-1.054308144493033,2.112676999384164,-1.0941493682126162,2.595706992093641,-0.6111193755031392
E01026064,E01026064,East Lindsey 011A,East Lindsey,E01026064,1,2020,1.21773448117073,1.63927912040472,0.005732108404229885,63.12575973112531,68.61804695970196,0.0,0.0,0.0,1.63927912040472,0.4215446392339899,1.6450112288089498,0.42727674763821977,1.686132325645859,0.4683978444751289,1.6571044863063245,0.43937000513559443,1.8325716997951338,0.6148372186244038,1.7828543565905717,0.5651198754198417,1.8660136895630397,0.6482792083923097,1.8322874,0.6145529495925146,1.782706815938266,0.5649723347675359,1.5786091096229784,0.3608746284522484,1.7632266317393919,0.5454921505686618
E01026064,E01026064,East Lindsey 011A,East Lindsey,E01026064,1,2021,1.25948236409142,1.21773448117073,-0.4215446392339899,63.12575973112531,68.61804695970196,0.0,0.0,0.0,1.21773448117073,-0.04174788292068987,0.7961898419367401,-0.46329252215467975,1.432724929492673,0.17324256540125305,1.4914334084118532,0.23195104432043334,1.8010810241857484,0.5415986600943286,1.5611018866640534,0.30161952257263347,1.7872973338342615,0.5278149697428416,1.6331644,0.373682041731334,1.6180594652836884,0.3585771011922685,1.4611398443021162,0.2016574802106963,1.5793700299446891,0.3198876658532692
E01026064,E01026064,East Lindsey 011A,East Lindsey,E01026064,1,2022,1.31717478778692,1.25948236409142,0.04174788292068987,63.12575973112531,68.61804695970196,0.0,0.0,0.0,1.25948236409142,-0.057692423695500095,1.3012302470121098,-0.015944540774810223,1.5089035862704558,0.19172879848353586,1.528107969373262,0.210933181586342,1.4912014688230368,0.17402668103611685,1.432144909798064,0.1149701220111441,1.6279995858682084,0.3108247980812884,1.539864,0.22268915626672992,1.5908500443104947,0.2736752565235747,1.5699400800432137,0.25276529225629374,1.562653993773183,0.24547920598626294
E01026065,E01026065,East Lindsey 011B,East Lindsey,E01026065,1,2020,0.967901526661772,1.62502821652605,1.153421963299023,63.202699429426254,68.69973111954346,0.0,0.0,0.0,1.62502821652605,0.6571266898642779,2.778450179825073,1.810548653163301,1.3762417811807832,0.40834025451901124,1.3583271455839683,0.3904256189221963,1.2418904706834868,0.2739889440217148,1.2752995228888715,0.3073979962270995,1.512637107552986,0.5447355808912141,1.1735243,0.20562273385916308,1.300987546931165,0.33308602026939294,1.3123936632518596,0.3444921365900876,1.346848790906023,0.37894726424425096
E01026065,E01026065,East Lindsey 011B,East Lindsey,E01026065,1,2021,1.48158869925074,0.967901526661772,-0.6571266898642779,63.202699429426254,68.69973111954346,0.0,0.0,0.0,0.967901526661772,-0.5136871725889681,0.31077483679749407,-1.170813862453246,1.1580104689542252,-0.3235782302965149,1.2279249386310527,-0.25366376061968743,1.2014717570768652,-0.28011694217387495,1.2551498545786648,-0.2264388446720753,1.3591414116517129,-0.12244728759902723,1.3095264,-0.1720622557692948,1.240453419132845,-0.2411352801178952,1.2013801052733903,-0.28020859397734976,1.22683738733553,-0.25475131191521005
E01026065,E01026065,East Lindsey 011B,East Lindsey,E01026065,1,2022,1.44106399968707,1.48158869925074,0.5136871725889681,63.202699429426254,68.69973111954346,0.0,0.0,0.0,1.48158869925074,0.04052469956367011,1.9952758718397083,0.5542118721526383,1.5443964992543289,0.10333249956725887,1.5405521902606927,0.09948819057362268,1.5205381435717866,0.07947414388471663,1.5188402225087847,0.0777762228217147,1.566055769740183,0.1249917700531129,1.5125797,0.07151567980206575,1.524019434066053,0.0829554343789829,1.5159121290375515,0.07484812935048146,1.5197898086549282,0.07872580896785819
E01026066,E01026066,East Lindsey 011C,East Lindsey,E01026066,1,2020,0.187158729740787,0.484249250389246,0.152783545339514,63.845932243750475,69.39636356044011,0.0,0.0,0.0,0.484249250389246,0.297090520648459,0.63703279572876,0.449874065987973,0.7114251652132848,0.5242664354724977,0.7134245083927528,0.5262657786519658,0.6748512172987042,0.4876924875579172,0.6942281369039782,0.5070694071631912,0.6908916720699796,0.5037329423291925,0.7519433,0.564784560492825,0.6993225819376356,0.5121638521968486,0.661979617088823,0.474820887348036,0.6822064426565617,0.4950477129157747
E01026066,E01026066,East Lindsey 011C,East Lindsey,E01026066,1,2021,0.732187099705323,0.187158729740787,-0.297090520648459,63.845932243750475,69.39636356044011,0.0,0.0,0.0,0.187158729740787,-0.545028369964536,-0.10993179090767197,-0.842118890612995,0.5053077082518428,-0.22687939145348024,0.554288583628496,-0.17789851607682705,0.561438638299296,-0.17074846140602706,0.5711936618419862,-0.16099343786333686,0.6001077512612512,-0.13207934844407188,0.6578637,-0.07432342315731888,0.5151121356764892,-0.21707496402883386,0.5041067446308423,-0.22808035507448077,0.5456302981872923,-0.18655680151803078
E01026066,E01026066,East Lindsey 011C,East Lindsey,E01026066,1,2022,0.997446547291984,0.732187099705323,0.545028369964536,63.845932243750475,69.39636356044011,0.0,0.0,0.0,0.732187099705323,-0.265259447586661,1.277215469669859,0.279768922377875,0.8424283967933848,-0.15501815049859924,0.8447556156068198,-0.15269093168516423,0.8753105074197128,-0.12213603987227117,0.8364592804519997,-0.16098726683998432,0.8209993962510191,-0.17644715104096487,0.80126333,-0.19618321492504065,0.7586850702020643,-0.23876147708991968,0.7762149702005628,-0.22123157709142116,0.8457389651778651,-0.15170758211411894
E01026067,E01026067,East Lindsey 011D,East Lindsey,E01026067,1,2020,1.23124718981485,1.10874828465069,0.08591351699146998,63.19083921796084,68.65057359645738,0.0,0.0,0.0,1.10874828465069,-0.12249890516416007,1.19466180164216,-0.03658538817269008,1.3325648842821616,0.10131769446731154,1.2639879111765586,0.03274072136170858,1.2942649000704047,0.0630177102555547,1.273587335774879,0.042340145960028996,1.2969572459448988,0.06571005613004877,1.3614304,0.13018321675558453,1.278193605085309,0.04694641527045906,1.2276590434236674,-0.003588146391182656,1.3187853459463514,0.0875381561315014
E01026067,E01026067,East Lindsey 011D,East Lindsey,E01026067,1,2021,1.44920918822473,1.23124718981485,0.12249890516416007,63.19083921796084,68.65057359645738,0.0,0.0,0.0,1.23124718981485,-0.21796199840987995,1.35374609497901,-0.09546309324571989,1.3087589617645496,-0.14045022646018035,1.2889209511860638,-0.16028823703866624,1.3728288327167304,-0.0763803555079996,1.3547894787022623,-0.0944197095224677,1.3193454821730641,-0.12986370605166586,1.3905358,-0.05867335677331398,1.4519776544046579,0.0027684661799278754,1.2440582151686397,-0.2051509730560903,1.3433050579746628,-0.10590413025006717
E01026067,E01026067,East Lindsey 011D,East Lindsey,E01026067,1,2022,1.66552859129602,1.44920918822473,0.21796199840987995,63.19083921796084,68.65057359645738,0.0,0.0,0.0,1.44920918822473,-0.21631940307129005,1.66717118663461,0.0016425953385899028,1.5972036575014836,-0.06832493379453641,1.5328697810007341,-0.13265881029528592,1.5836902819002454,-0.08183830939577463,1.5390182971255737,-0.12651029417044635,1.5982484523672906,-0.06728013892872942,1.6911777,0.025649134495911108,1.6000937499668701,-0.0654348413291499,1.4792308819068862,-0.18629770938913381,1.605152212725268,-0.060376378570752065
E01026084,E01026084,East Lindsey 012A,East Lindsey,E01026084,1,2020,2.01489027874326,1.33674621436353,0.13979171877529994,21.740983013017534,38.268386390818236,0.0,0.0,0.0,1.33674621436353,-0.6781440643797298,1.47653793313883,-0.5383523456044299,1.6018043861821065,-0.41308589256115336,1.5572342370318313,-0.4576560417114286,1.3966733485299272,-0.6182169302133327,1.445622395515272,-0.5692678832279878,1.3698030952939797,-0.6450871834492802,1.4549552,-0.5599350585207867,1.4412194038012405,-0.5736708749420194,1.347297153941772,-0.6675931248014879,1.484066750588493,-0.5308235281547669
E01026084,E01026084,East Lindsey 012A,East Lindsey,E01026084,1,2021,1.98567029286183,2.01489027874326,0.6781440643797298,21.740983013017534,38.268386390818236,0.0,0.0,0.0,2.01489027874326,0.029219985881429933,2.6930343431229895,0.7073640502611596,1.9254031367715227,-0.060267156090307195,1.9063972391641457,-0.07927305369768423,1.8973777160448666,-0.08829257681696334,1.8322910229224556,-0.15337926993937434,1.8863934596167469,-0.09927683324508307,1.8334854,-0.15218492794788951,1.870938748191032,-0.11473154467079794,1.7518392286950843,-0.2338310641667456,1.9149819181268994,-0.0706883747349305
E01026084,E01026084,East Lindsey 012A,East Lindsey,E01026084,1,2022,1.67729060626395,1.98567029286183,-0.029219985881429933,21.740983013017534,38.268386390818236,0.0,0.0,0.0,1.98567029286183,0.30837968659787984,1.9564503069804,0.2791597007164499,2.17948907392544,0.5021984676614897,2.1306384477417555,0.4533478414778054,1.9077182918121904,0.23042768554824034,1.8984899718535087,0.22119936558955855,2.2614143538748643,0.5841237476109142,2.0025885,0.32529790424935556,2.1087210029019405,0.43143039663799043,1.893802404508407,0.21651179824445688,2.1297885191192116,0.45249791285526153
E01026085,E01034685,East Lindsey 012E,East Lindsey,E01026085,1,2020,1.72156434964282,1.98392060047817,0.6691312496786299,21.246355910531403,38.2381020224235,0.0,0.0,0.0,1.98392060047817,0.2623562508353501,2.6530518501567997,0.9314875005139798,2.0489890306217364,0.3274246809789165,1.9498914352043482,0.22832708556152825,1.9314075048972457,0.20984315525442576,1.898288947019984,0.17672459737716406,1.8538331796366128,0.13226882999379286,1.971628,0.25006360102551506,1.8503282786960544,0.12876392905323453,1.782262790974819,0.06069844133199909,1.958474057526264,0.23690970788344412
E01026085,E01034685,East Lindsey 012E,East Lindsey,E01026085,1,2021,2.74935585431907,1.72156434964282,-0.2623562508353501,21.246355910531403,38.2381020224235,0.0,0.0,0.0,1.72156434964282,-1.0277915046762502,1.4592080988074698,-1.2901477555116003,2.037712870999187,-0.7116429833198832,1.9809262616618057,-0.7684295926572644,2.0060004126754456,-0.7433554416436245,2.033109007034967,-0.7162468472841033,2.2576209244726,-0.49173492984647016,2.11036,-0.6389959471688016,1.9509608584435916,-0.7983949958754786,1.7983014827045058,-0.9510543716145643,2.1275110182172683,-0.6218448361018019
E01026085,E01034685,East Lindsey 012E,East Lindsey,E01026085,1,2022,2.32106778180458,2.74935585431907,1.0277915046762502,21.246355910531403,38.2381020224235,0.0,0.0,0.0,2.74935585431907,0.4282880725144902,3.7771473589953204,1.4560795771907404,2.699269027890623,0.3782012460860429,2.57310634890242,0.25203856709784,2.560522093674913,0.23945431187033295,2.257854670000281,-0.0632131118042989,2.2897629650663807,-0.03130481673819929,2.3489103,0.027842549921494264,2.1376992936951646,-0.1833684881094153,2.1288862597105656,-0.1921815220940144,2.511919728445101,0.19085194664052096
E01026085,E01034686,East Lindsey 012F,East Lindsey,E01026085,1,2020,1.72156434964282,1.98392060047817,0.6691312496786299,21.246355910531403,38.2381020224235,0.0,0.0,0.0,1.98392060047817,0.2623562508353501,2.6530518501567997,0.9314875005139798,2.0489890306217364,0.3274246809789165,1.9498914352043482,0.22832708556152825,1.9314075048972457,0.20984315525442576,1.898288947019984,0.17672459737716406,1.8538331796366128,0.13226882999379286,1.971628,0.25006360102551506,1.8503282786960544,0.12876392905323453,1.782262790974819,0.06069844133199909,1.958474057526264,0.23690970788344412
E01026085,E01034686,East Lindsey 012F,East Lindsey,E01026085,1,2021,2.74935585431907,1.72156434964282,-0.2623562508353501,21.246355910531403,38.2381020224235,0.0,0.0,0.0,1.72156434964282,-1.0277915046762502,1.4592080988074698,-1.2901477555116003,2.037712870999187,-0.7116429833198832,1.9809262616618057,-0.7684295926572644,2.0060004126754456,-0.7433554416436245,2.033109007034967,-0.7162468472841033,2.2576209244726,-0.49173492984647016,2.11036,-0.6389959471688016,1.9509608584435916,-0.7983949958754786,1.7983014827045058,-0.9510543716145643,2.1275110182172683,-0.6218448361018019
E01026085,E01034686,East Lindsey 012F,East Lindsey,E01026085,1,2022,2.32106778180458,2.74935585431907,1.0277915046762502,21.246355910531403,38.2381020224235,0.0,0.0,0.0,2.74935585431907,0.4282880725144902,3.7771473589953204,1.4560795771907404,2.699269027890623,0.3782012460860429,2.57310634890242,0.25203856709784,2.560522093674913,0.23945431187033295,2.257854670000281,-0.0632131118042989,2.2897629650663807,-0.03130481673819929,2.3489103,0.027842549921494264,2.1376992936951646,-0.1833684881094153,2.1288862597105656,-0.1921815220940144,2.511919728445101,0.19085194664052096
E01026115,E01026115,East Lindsey 012C,East Lindsey,E01026115,1,2020,1.83680852772482,1.7326626197884,0.2195271291473302,21.435909000934274,38.56524276446067,0.0,0.0,0.0,1.7326626197884,-0.10414590793641998,1.9521897489357303,0.11538122121091021,1.989880091872703,0.15307156414788303,1.9114496118318025,0.07464108410698245,1.9559757826816397,0.11916725495681968,1.8519142734805867,0.01510574575576662,1.807889808531751,-0.028918719193069098,1.7546586,-0.08214994789846508,1.7602186482881235,-0.0765898794366966,1.7020167239837785,-0.1347918037410416,1.8648609928953894,0.028052465170569363
E01026115,E01026115,East Lindsey 012C,East Lindsey,E01026115,1,2021,2.344409579205,1.83680852772482,0.10414590793641998,21.435909000934274,38.56524276446067,0.0,0.0,0.0,1.83680852772482,-0.5076010514801801,1.94095443566124,-0.4034551435437601,2.011843862602958,-0.3325657166020419,1.980762911295811,-0.3636466679091892,2.0706201784719647,-0.2737894007330355,2.069777902676096,-0.2746316765289043,1.9892755551324004,-0.35513402407259975,2.01919,-0.3252195061916945,1.9603623066030973,-0.38404727260190286,1.8492114762607001,-0.4951981029443,2.0055178922012966,-0.33889168700370353
E01026115,E01026115,East Lindsey 012C,East Lindsey,E01026115,1,2022,2.47993921227756,2.344409579205,0.5076010514801801,21.435909000934274,38.56524276446067,0.0,0.0,0.0,2.344409579205,-0.13552963307255972,2.8520106306851805,0.3720714184076206,2.510495704697844,0.030556492420284354,2.423145987267992,-0.05679322500956774,2.0640265413985803,-0.41591267087897954,2.158902892082627,-0.32103632019493267,2.184382350893665,-0.2955568613838948,2.0153599,-0.4645793337375208,2.0475424983548227,-0.43239671392273715,2.123132210593708,-0.35680700168385204,2.3121154403000737,-0.1678237719774862
E01026116,E01026116,East Lindsey 012D,East Lindsey,E01026116,1,2020,1.40432223117951,1.72631202519932,0.730058117744342,22.364326665510326,38.236094767699115,0.0,0.0,0.0,1.72631202519932,0.32198979401981,2.456370142943662,1.052047911764152,1.7101647160141467,0.3058424848346366,1.6564153961329977,0.25209316495348766,1.4032023257665633,-0.001119905412946709,1.4639626260676308,0.059640394888120785,1.4115971599440602,0.007274928764550159,1.48215,0.07782772743102462,1.431586460773608,0.02726422959409791,1.5022802566608844,0.09795802548137433,1.5335264318737925,0.1292042006942824
E01026116,E01026116,East Lindsey 012D,East Lindsey,E01026116,1,2021,1.73898861173199,1.40432223117951,-0.32198979401981,22.364326665510326,38.236094767699115,0.0,0.0,0.0,1.40432223117951,-0.3346663805524799,1.0823324371597,-0.6566561745722899,1.6985354648188447,-0.04045314691314528,1.6909772729753618,-0.04801133875662811,1.544157766711106,-0.194830845020884,1.5955269732733612,-0.1434616384586287,1.7129107241048172,-0.02607788762717278,1.6393682,-0.09962043527172382,1.639680141801092,-0.09930846993089792,1.5187545263360902,-0.22023408539589973,1.6523262115787922,-0.0866624001531977
E01026116,E01026116,East Lindsey 012D,East Lindsey,E01026116,1,2022,2.01154059179839,1.73898861173199,0.3346663805524799,22.364326665510326,38.236094767699115,0.0,0.0,0.0,1.73898861173199,-0.2725519800664,2.07365499228447,0.06211440048608008,1.9495850731019557,-0.06195551869643423,1.9043961032908037,-0.10714448850758629,1.9896967490157678,-0.02184384278262219,1.8545622140753197,-0.15697837772307022,1.8250609546238066,-0.18647963717458338,1.8473653,-0.1641753316741834,1.6719068509985229,-0.3396337407998671,1.7358305527294664,-0.27571003906892355,1.8525992459523044,-0.15894134584608555
E01026046,E01026046,East Lindsey 013A,East Lindsey,E01026046,1,2020,1.22554863430711,1.0775513983392,0.385337452809976,25.845979552543156,38.33626106009781,0.0,0.0,0.0,1.0775513983392,-0.14799723596791003,1.462888851149176,0.23734021684206597,1.275068696990181,0.049520062683070964,1.2222317370894926,-0.0033168972176174094,1.22504811829842,-0.0005005160086899441,1.1243885307780541,-0.10116010352905591,1.2181755608486913,-0.007373073458418755,1.0755923,-0.14995635487290593,1.1110314167098712,-0.11451721759723887,1.092156321764959,-0.133392312542151,1.2101799597255072,-0.015368674581602848
E01026046,E01026046,East Lindsey 013A,East Lindsey,E01026046,1,2021,1.2319909143022,1.22554863430711,0.14799723596791003,25.845979552543156,38.33626106009781,0.0,0.0,0.0,1.22554863430711,-0.006442279995090061,1.37354587027502,0.14155495597281997,1.3286800160585825,0.09668910175638246,1.3172004058873588,0.08520949158515867,1.2596930139589182,0.027702099656718104,1.311387615357849,0.07939670105564889,1.1865172810225408,-0.045473633279659254,1.3097527,0.0777617884108126,1.288509188654893,0.056518274352692854,1.2428038663896042,0.01081295208740407,1.2845404656535755,0.0525495513513754
E01026046,E01026046,East Lindsey 013A,East Lindsey,E01026046,1,2022,1.50093335881929,1.2319909143022,0.006442279995090061,25.845979552543156,38.33626106009781,0.0,0.0,0.0,1.2319909143022,-0.2689424445170898,1.2384331942972902,-0.26250016452199976,1.5485594554710185,0.04762609665172857,1.4996565683563117,-0.001276790462978239,1.4541608177185756,-0.04677254110071427,1.4334333145940332,-0.06750004422525668,1.407398556488631,-0.0935348023306588,1.3974372,-0.10349614396791051,1.4113849411541484,-0.08954841766514154,1.4127788543774569,-0.08815450444183304,1.4622753129258315,-0.03865804589345845
E01026047,E01026047,East Lindsey 013B,East Lindsey,E01026047,1,2020,0.901319527165646,0.768351420169739,0.336009267408106,27.50740099489811,38.49687414261887,0.0,0.0,0.0,0.768351420169739,-0.132968106995907,1.1043606875778451,0.2030411604121991,0.9804561091201767,0.07913658195453066,0.9568143067069499,0.055494779541303885,0.8882393271798463,-0.013080199985799679,0.9142761594611515,0.012956632295505477,0.8486815038944473,-0.05263802327119871,0.81791425,-0.08340527965282862,0.7973625012466735,-0.10395702591897249,0.7921490503782184,-0.10917047678742764,0.8750982786552421,-0.02622124851040386
E01026047,E01026047,East Lindsey 013B,East Lindsey,E01026047,1,2021,1.51679803821247,0.901319527165646,0.132968106995907,27.50740099489811,38.49687414261887,0.0,0.0,0.0,0.901319527165646,-0.6154785110468239,1.034287634161553,-0.48251040405091694,0.95381458320588,-0.56298345500659,0.9865916343898485,-0.5302064038226214,0.9733430500702824,-0.5434549881421875,0.9742310676904401,-0.5425669705220298,0.9274598602931643,-0.5893381779193057,0.9195012,-0.5972968527952947,0.9795716338606765,-0.5372264043517935,0.8846060224154407,-0.6321920157970292,0.9379558608926193,-0.5788421773198507
E01026047,E01026047,East Lindsey 013B,East Lindsey,E01026047,1,2022,1.64233977257605,1.51679803821247,0.6154785110468239,27.50740099489811,38.49687414261887,0.0,0.0,0.0,1.51679803821247,-0.12554173436358007,2.132276549259294,0.4899367766832441,1.4534774764141067,-0.18886229616194328,1.4468267345018415,-0.1955130380742085,1.3485765881809335,-0.2937631843951165,1.466809092571869,-0.17553068000418093,1.3910453837839236,-0.2512943887921264,1.4308928,-0.21144694744940207,1.2943790394410408,-0.3479607331350092,1.3396014108355772,-0.30273836174047286,1.412733071961954,-0.22960670061409605
E01026133,E01034692,Lincoln 008F,Lincoln,E01026133,1,2020,-0.0447516451098273,0.0715611198531958,0.3840090118549848,53.640680003926526,55.43117636044965,0.0,0.0,0.0,0.0715611198531958,0.11631276496302309,0.4555701317081806,0.5003217768180079,0.3184880351533656,0.3632396802631929,0.2801023059387618,0.3248539510485891,0.22718933072759934,0.27194097583742666,0.2059094360914753,0.2506610812013026,0.1462121942112611,0.1909638393210884,0.18740256,0.23215420641678072,0.11355402192655141,0.15830566703637872,0.18541565012930203,0.23016729523912932,0.19952146011006022,0.24427310521988752
E01026133,E01034692,Lincoln 008F,Lincoln,E01026133,1,2021,0.144849585839371,-0.0447516451098273,-0.11631276496302309,53.640680003926526,55.43117636044965,0.0,0.0,0.0,-0.0447516451098273,-0.18960123094919829,-0.16106441007285038,-0.30591399591222135,0.21864276988949666,0.07379318405012567,0.2188429606598869,0.0739933748205159,0.21896187206512271,0.07411228622575172,0.20565951392140439,0.06080992808203339,0.19859047999000298,0.05374089415063199,0.16120099,0.01635139947309086,0.10417445129566605,-0.040675134543704944,0.13056876110498328,-0.014280824734387715,0.1649933273645709,0.020143741525199904
E01026133,E01034692,Lincoln 008F,Lincoln,E01026133,1,2022,0.340280525938843,0.144849585839371,0.18960123094919829,53.640680003926526,55.43117636044965,0.0,0.0,0.0,0.144849585839371,-0.195430940099472,0.33445081678856925,-0.005829709150273754,0.4357324771305597,0.09545195119171668,0.39846879342802216,0.05818826748917916,0.3226435198814695,-0.017637006057373505,0.2913518171627098,-0.0489287087761332,0.30226002933267426,-0.03802049660616874,0.31632918,-0.023951344744537584,0.308915244250138,-0.031365281688705005,0.280291529645186,-0.059988996293657004,0.33452170700068773,-0.005758818938155275
E01026135,E01026135,Lincoln 008B,Lincoln,E01026135,1,2020,0.769818439845569,1.02089690984354,0.707067482087919,69.48897710595871,74.50907876645844,0.0,0.0,0.0,1.02089690984354,0.2510784699979711,1.7279643919314591,0.9581459520858902,1.1193549526830193,0.34953651283745035,1.0363865907505276,0.26656815090495867,0.9127056794271984,0.1428872395816294,0.8861284764467109,0.11631003660114192,0.92705237962526,0.15723393977969102,0.80476326,0.03494481765794055,0.8868432175922543,0.1170247777466853,0.9222027288079652,0.1523842889623962,1.0051063876149566,0.23528794776938766
E01026135,E01026135,Lincoln 008B,Lincoln,E01026135,1,2021,1.15360072291684,0.769818439845569,-0.2510784699979711,69.48897710595871,74.50907876645844,0.0,0.0,0.0,0.769818439845569,-0.38378228307127094,0.5187399698475978,-0.6348607530692421,1.0081461161599088,-0.14545460675693112,0.9780927314341067,-0.17550799148273322,0.9645162924662923,-0.18908443045054757,0.9469628749723773,-0.2066378479444626,0.8574878321024116,-0.29611289081442826,0.8992154,-0.2543853226978763,0.8547604729104191,-0.2988402500064208,0.8518466325753197,-0.30175409034152023,0.9385284228650579,-0.21507230005178202
E01026135,E01026135,Lincoln 008B,Lincoln,E01026135,1,2022,1.23145653799772,1.15360072291684,0.38378228307127094,69.48897710595871,74.50907876645844,0.0,0.0,0.0,1.15360072291684,-0.07785581508088013,1.5373830059881108,0.3059264679903908,1.3610010054407697,0.1295444674430497,1.2840392529231575,0.052582714925437424,1.3894709947127584,0.15801445671503833,1.3137477973049612,0.08229125930724113,1.2801426098209678,0.0486860718232478,1.30977,0.07831345006227752,1.2434879373654326,0.01203139936771258,1.2362528611975803,0.004796323199860231,1.337555705346049,0.10609916734832892
E01026136,E01026136,Lincoln 008C,Lincoln,E01026136,1,2020,0.664778865504804,0.888295895581962,0.40231952693901396,71.6819736486022,73.34416164895428,0.0,0.0,0.0,0.888295895581962,0.22351703007715795,1.2906154225209758,0.6258365570161718,1.0440792447411733,0.3793003792363693,0.9822299789674002,0.31745111346259614,0.9231917216295644,0.2584128561247604,0.942875420371221,0.27809655486641693,0.95730065204335,0.292521786538546,0.9483254,0.2835465300793024,0.9253631785738365,0.2605843130690325,0.9518569877300916,0.2870781222252876,0.9735593569449248,0.30878049144012076
E01026136,E01026136,Lincoln 008C,Lincoln,E01026136,1,2021,1.80073114687605,0.664778865504804,-0.22351703007715795,71.6819736486022,73.34416164895428,0.0,0.0,0.0,0.664778865504804,-1.135952281371246,0.4412618354276461,-1.359469311448404,0.9392210424962688,-0.8615101043797813,0.924494778564328,-0.876236368311722,0.8263907193256678,-0.9743404275503823,0.867662391587373,-0.933068755288677,0.8417700099046892,-0.9589611369713609,0.85816294,-0.9425682073275576,0.8640807876435801,-0.93665035923247,0.863389235840764,-0.9373419110352861,0.8739208556408335,-0.9268102912352165
E01026136,E01026136,Lincoln 008C,Lincoln,E01026136,1,2022,1.5662634910752,1.80073114687605,1.135952281371246,71.6819736486022,73.34416164895428,0.0,0.0,0.0,1.80073114687605,0.23446765580085005,2.936683428247296,1.3704199371720958,1.6327896799992587,0.0665261889240587,1.5604111696240672,-0.0058523214511327915,1.3682563650969664,-0.19800712597823367,1.4817262943022713,-0.0845371967729287,1.5432493796151587,-0.023014111460041287,1.3808582,-0.18540530816809553,1.3598057046152756,-0.2064577864599244,1.4805331294212865,-0.08573036165391357,1.5147057722710466,-0.051557718804153385
E01026174,E01026174,Lincoln 008D,Lincoln,E01026174,1,2020,0.923462174819336,0.788253005857771,0.09578282642108804,54.49540600630013,57.46087881463367,0.0,0.0,0.0,0.788253005857771,-0.13520916896156498,0.8840358322788591,-0.039426342540476944,1.147383740761695,0.2239215659423589,1.0768106737415133,0.15334849892217728,1.2739994497829317,0.35053727496359566,1.0972142636070834,0.1737520887877474,1.0923090008594316,0.1688468260400956,1.0992193,0.17575714738525383,1.0280923395452564,0.10463016472592035,1.0633364821064133,0.13987430728707728,1.1028309769345617,0.17936880211522566
E01026174,E01026174,Lincoln 008D,Lincoln,E01026174,1,2021,1.32387919451738,0.923462174819336,0.13520916896156498,54.49540600630013,57.46087881463367,0.0,0.0,0.0,0.923462174819336,-0.400417019698044,1.058671343780901,-0.265207850736479,1.0856051192185892,-0.23827407529879086,1.0558571061217714,-0.2680220883956086,1.106495676808637,-0.2173835177087431,1.1155085493522874,-0.20837064516509263,1.057227779983673,-0.2666514145337071,1.0214229,-0.3024563315107882,0.9402863619092587,-0.38359283260812127,1.0264150391957931,-0.2974641553215869,1.0571361210637744,-0.2667430734536056
E01026174,E01026174,Lincoln 008D,Lincoln,E01026174,1,2022,1.43889561123129,1.32387919451738,0.400417019698044,54.49540600630013,57.46087881463367,0.0,0.0,0.0,1.32387919451738,-0.11501641671391005,1.724296214215424,0.28540060298413383,1.3928181979504684,-0.04607741328082171,1.3333699822376748,-0.10552562899361528,1.2859727270538333,-0.1529228841774568,1.2201484562268978,-0.21874715500439224,1.2114268475716767,-0.22746876365961333,1.3642677,-0.07462790436025735,1.174334476197602,-0.26456113503368806,1.2414117246003071,-0.19748388663098293,1.3141752315555286,-0.12472037967576144
E01026130,E01026130,Lincoln 009A,Lincoln,E01026130,1,2020,1.27980915016027,1.41423738340981,0.5837059261126691,81.51767703107296,67.74270213783977,0.0,0.0,0.0,1.41423738340981,0.13442823324954012,1.9979433095224792,0.7181341593622093,1.4240239986551806,0.14421484849491062,1.3893156979275587,0.10950654776728874,1.4824011921234286,0.2025920419631586,1.50145663676772,0.22164748660745004,1.3850482078074313,0.10523905764716135,1.52469,0.2448808818450401,1.3685317930541534,0.08872264289388343,1.3765498110661338,0.09674066090586386,1.4190324228290638,0.13922327266879386
E01026130,E01026130,Lincoln 009A,Lincoln,E01026130,1,2021,1.58869548865088,1.27980915016027,-0.13442823324954012,81.51767703107296,67.74270213783977,0.0,0.0,0.0,1.27980915016027,-0.30888633849061,1.1453809169107299,-0.4433145717401501,1.4070013499632263,-0.1816941386876536,1.4046449828343088,-0.18405050581657112,1.3842512018294875,-0.20444428682139248,1.4533175579094284,-0.13537793074145155,1.3749103601123638,-0.21378512853851617,1.5309342,-0.05776127405889997,1.410445369642755,-0.17825011900812493,1.3227680840195994,-0.2659274046312805,1.4539622078881584,-0.1347332807627215
E01026130,E01026130,Lincoln 009A,Lincoln,E01026130,1,2022,1.29641499378243,1.58869548865088,0.30888633849061,81.51767703107296,67.74270213783977,0.0,0.0,0.0,1.58869548865088,0.29228049486844987,1.89758182714149,0.6011668333590598,1.7001127388221986,0.4036977450397685,1.6631228524635255,0.36670785868109546,1.9414481663256289,0.6450331725431988,1.7832924129708836,0.4868774191884535,1.7410309995761049,0.4446160057936748,1.7768717,0.4804566874309488,1.5977907883608542,0.3013757945784241,1.6406828314753337,0.3442678376929036,1.681717553710711,0.3853025599282809
E01026158,E01026158,Lincoln 009B,Lincoln,E01026158,1,2020,1.65397419631122,1.2435939649936,0.21681818005996,79.40550310044013,65.6935897899062,0.0,0.0,0.0,1.2435939649936,-0.4103802313176199,1.46041214505356,-0.1935620512576599,1.3822522842689682,-0.2717219120422518,1.3292423327878082,-0.32473186352341177,1.3422560871419742,-0.3117181091692458,1.3366926962964143,-0.3172815000148057,1.2765050405610956,-0.3774691557501244,1.4744083,-0.17956592738269217,1.3574814255570595,-0.2964927707541605,1.2798019573807196,-0.37417223893050044,1.3493107900780148,-0.3046634062332052
E01026158,E01026158,Lincoln 009B,Lincoln,E01026158,1,2021,1.7269352422237,1.65397419631122,0.4103802313176199,79.40550310044013,65.6935897899062,0.0,0.0,0.0,1.65397419631122,-0.0729610459124801,2.0643544276288397,0.3374191854051396,1.6695693661459734,-0.057365876077726696,1.6151449742855055,-0.11179026793819458,1.5863942176462644,-0.14054102457743567,1.6358535919930424,-0.09108165023065773,1.605501380598422,-0.12143386162527814,1.7588097,0.03187444348339219,1.4970325347611075,-0.22990270746259256,1.5368260655824393,-0.1901091766412608,1.6373239015159933,-0.08961134070770682
E01026158,E01026158,Lincoln 009B,Lincoln,E01026158,1,2022,1.35517148749297,1.7269352422237,0.0729610459124801,79.40550310044013,65.6935897899062,0.0,0.0,0.0,1.7269352422237,0.3717637547307302,1.7998962881361802,0.4447248006432103,1.8851803406919538,0.5300088531989839,1.8143687646368856,0.45919727714391567,2.0028097683231887,0.6476382808302188,1.9597565316695167,0.6045850441765468,2.1383029507410267,0.7831314632480568,2.0522513,0.6970798514657703,1.8101005670032277,0.45492907951025785,1.7609320616595077,0.40576057416653777,1.9319547906003458,0.5767833031073759
E01026159,E01026159,Lincoln 009C,Lincoln,E01026159,1,2020,1.15540086479547,1.20986221365129,0.13101050301744,80.80047615766199,65.98051528439545,0.0,0.0,0.0,1.20986221365129,0.05446134885581988,1.34087271666873,0.18547185187325987,1.3599474287964026,0.20454656400093252,1.3257350778696362,0.17033421307416607,1.3618791572791178,0.20647829248364769,1.2973109599030932,0.1419100951076231,1.33958419866401,0.1841833338685399,1.374125,0.21872413901922716,1.347197502336327,0.19179663754085685,1.2823931888872688,0.12699232409179873,1.3375384669633754,0.1821376021679053
E01026159,E01026159,Lincoln 009C,Lincoln,E01026159,1,2021,1.99658190642913,1.15540086479547,-0.05446134885581988,80.80047615766199,65.98051528439545,0.0,0.0,0.0,1.15540086479547,-0.8411810416336598,1.1009395159396502,-0.8956423904894797,1.415447004141804,-0.581134902287326,1.3742401160499025,-0.6223417903792274,1.3702891106911619,-0.626292795737968,1.3047080714320296,-0.6918738349971003,1.4117044267147691,-0.5848774797143608,1.4250832,-0.5714987460287393,1.4108866974143992,-0.5856952090147307,1.3373063590943004,-0.6592755473348295,1.3839164594139262,-0.6126654470152038
E01026159,E01026159,Lincoln 009C,Lincoln,E01026159,1,2022,1.98366187964644,1.99658190642913,0.8411810416336598,80.80047615766199,65.98051528439545,0.0,0.0,0.0,1.99658190642913,0.012920026782689886,2.8377629480627897,0.8541010684163497,1.8850144197133567,-0.09864745993308333,1.8315757970190993,-0.1520860826273407,1.8755352996553245,-0.10812657999111552,1.8526339258403068,-0.1310279538061332,1.7874813895289128,-0.19618049011752725,1.7193397,-0.2643221512910323,1.730105889305282,-0.25355599034115794,1.7287695625974882,-0.2548923170489519,1.8284342177590767,-0.15522766188736337
E01026160,E01026160,Lincoln 009D,Lincoln,E01026160,1,2020,1.0256040255268,0.688009248294973,-0.05580583953999796,83.08959566716041,67.24724317924023,0.0,0.0,0.0,0.688009248294973,-0.33759477723182696,0.632203408754975,-0.3934006167718249,0.8972664830036798,-0.12833754252312013,0.8703402663346471,-0.15526375919215285,0.8524018288894567,-0.17320219663734326,0.8221962253904223,-0.20340780013637771,0.8748141901915018,-0.15078983533529822,0.8981467,-0.1274573365886591,0.7793202102949961,-0.24628381523180387,0.8707381111240121,-0.15486591440278785,0.8820434020779668,-0.14356062344883314
E01026160,E01026160,Lincoln 009D,Lincoln,E01026160,1,2021,0.995826969704029,1.0256040255268,0.33759477723182696,83.08959566716041,67.24724317924023,0.0,0.0,0.0,1.0256040255268,0.029777055822771015,1.3631988027586268,0.36737183305459786,1.155520237014253,0.15969326731022404,1.1214065843472345,0.12557961464320555,1.2296175138518048,0.2337905441477759,1.202506559351091,0.20667958964706212,1.3189279999257937,0.32310103022176473,1.1569086,0.1610816616207391,1.0714577565220151,0.07563078681798618,1.1046379241793556,0.10881095447532663,1.1784718850258844,0.18264491532185545
E01026160,E01026160,Lincoln 009D,Lincoln,E01026160,1,2022,1.29754863730546,0.995826969704029,-0.029777055822771015,83.08959566716041,67.24724317924023,0.0,0.0,0.0,0.995826969704029,-0.30172166760143115,0.9660499138812579,-0.33149872342420217,1.2331324274870454,-0.06441620981841467,1.1899470418095326,-0.10760159549592752,1.1816982256208979,-0.11585041168456223,1.192249859573962,-0.1052987777314982,1.1016901032836328,-0.1958585340218273,1.1043892,-0.19315944663163198,1.0806608188928915,-0.21688781841256866,1.127950116777919,-0.1695985205275412,1.145823494958169,-0.15172514234729118
E01026162,E01026162,Lincoln 009E,Lincoln,E01026162,1,2020,1.16052323522486,0.970710260858569,0.3136928473817241,74.96728788969696,67.6488340091425,0.0,0.0,0.0,0.970710260858569,-0.18981297436629097,1.2844031082402931,0.12387987301543313,1.122843923462508,-0.03767931176235195,1.066951073436974,-0.09357216178788597,0.9391443454224864,-0.22137888980237364,0.9683912699197723,-0.1921319653050877,0.9139612516779759,-0.24656198354688408,0.9178354,-0.24268782081522255,1.0076678878814551,-0.1528553473434049,0.9935713298115023,-0.1669519054133577,1.028582454148069,-0.13194078107679097
E01026162,E01026162,Lincoln 009E,Lincoln,E01026162,1,2021,1.14551579180877,1.16052323522486,0.18981297436629097,74.96728788969696,67.6488340091425,0.0,0.0,0.0,1.16052323522486,0.01500744341609006,1.350336209591151,0.20482041778238114,1.3260393629005103,0.18052357109174033,1.2688475028243906,0.12333171101562068,1.200523701913208,0.05500791010443806,1.2688608848615681,0.12334509305279817,1.181016990528085,0.03550119871931501,1.2196431,0.07412732418854451,1.2765202888180176,0.13100449700924766,1.234948351057028,0.0894325592482581,1.2615088180561487,0.11599302624737873
E01026162,E01026162,Lincoln 009E,Lincoln,E01026162,1,2022,0.759341428262123,1.14551579180877,-0.01500744341609006,74.96728788969696,67.6488340091425,0.0,0.0,0.0,1.14551579180877,0.3861743635466469,1.1305083483926799,0.37116692013055685,1.4019935870439992,0.6426521587818762,1.351349165553314,0.592007737291191,1.2668104546311998,0.5074690263690768,1.2422599531514888,0.4829185248893658,1.2103469171003471,0.4510054888382241,1.3356966,0.5763551497636948,1.3240923158897557,0.5647508876276327,1.2636873709648169,0.5043459427026938,1.3427982582844429,0.5834568300223199
E01026163,E01026163,Lincoln 009F,Lincoln,E01026163,1,2020,1.08174801006842,0.687369167481968,0.14846905881942396,79.80268683882487,65.85384683647455,0.0,0.0,0.0,0.687369167481968,-0.39437884258645206,0.8358382263013919,-0.2459097837670281,0.8519626181993576,-0.22978539186906244,0.8104824210631295,-0.2712655890052905,0.9009334426839009,-0.18081456738451918,0.8251515931875689,-0.2565964168808511,0.9015130025641205,-0.18023500750429955,0.88912183,-0.1926261796050106,0.7827326518286581,-0.2990153582397619,0.8081825075700987,-0.27356550249832134,0.8586251100702993,-0.22312289999812074
E01026163,E01026163,Lincoln 009F,Lincoln,E01026163,1,2021,1.30766870839572,1.08174801006842,0.39437884258645206,79.80268683882487,65.85384683647455,0.0,0.0,0.0,1.08174801006842,-0.22592069832729988,1.476126852654872,0.16845814425915218,1.1124527818305883,-0.19521592656513165,1.0653654634152507,-0.24230324498046918,1.228979429749186,-0.07868927864653386,1.2099687793109675,-0.09769992908475245,1.1704526928581471,-0.1372160155375728,1.123622,-0.18404676778292695,1.0573548501745482,-0.2503138582211717,1.066783534705226,-0.240885173690494,1.1286078044681098,-0.1790609039276101
E01026163,E01026163,Lincoln 009F,Lincoln,E01026163,1,2022,1.54151207169459,1.30766870839572,0.22592069832729988,79.80268683882487,65.85384683647455,0.0,0.0,0.0,1.30766870839572,-0.23384336329887012,1.5335894067230198,-0.007922664971570237,1.3432389058737664,-0.19827316582082366,1.2865668639942514,-0.2549452077003387,1.2772984549492443,-0.2642136167453457,1.2695080538097137,-0.2720040178848764,1.257516847871607,-0.28399522382298303,1.2801455,-0.261366545762278,1.172296024842229,-0.3692160468523611,1.2089085126137995,-0.33260355908079053,1.2607762532940168,-0.28073581840057327
E01026161,E01026161,Lincoln 010A,Lincoln,E01026161,1,2020,2.71021811462177,2.30577421758577,-0.04861953438141997,73.51382738822385,69.05274927184986,0.0,0.0,0.0,2.30577421758577,-0.40444389703600025,2.25715468320435,-0.4530634314174202,2.411513699517912,-0.29870441510385826,2.302122359863637,-0.4080957547581332,2.085195736529401,-0.6250223780923689,2.0791469731693275,-0.6310711414524426,2.3836578368542813,-0.32656027776748875,2.1998754,-0.5103427598549244,2.056897819935217,-0.6533202946865533,2.1952577378831952,-0.5149603767385749,2.301254102671037,-0.40896401195073295
E01026161,E01026161,Lincoln 010A,Lincoln,E01026161,1,2021,2.65490843935497,2.71021811462177,0.40444389703600025,73.51382738822385,69.05274927184986,0.0,0.0,0.0,2.71021811462177,0.055309675266800085,3.1146620116577703,0.45975357230280034,2.6671305593604755,0.012222120005505488,2.5688713940367487,-0.08603704531822132,2.5008247533176573,-0.1540836860373127,2.1639214061917196,-0.49098703316325043,2.2868619592697956,-0.3680464800851744,2.0412862,-0.6136222092676897,2.060491923648863,-0.594416515706107,2.143865444166461,-0.5110429951885092,2.403051915761889,-0.25185652359308097
E01026161,E01026161,Lincoln 010A,Lincoln,E01026161,1,2022,2.4508695936073,2.65490843935497,-0.055309675266800085,73.51382738822385,69.05274927184986,0.0,0.0,0.0,2.65490843935497,0.20403884574766984,2.59959876408817,0.14872917048086975,2.79838583847301,0.34751624486570964,2.6852821697129556,0.23441257610565547,2.521330119104333,0.07046052549703274,2.1944682646149114,-0.25640132899238877,2.3453895088712793,-0.10548008473602088,2.2255387,-0.22533086298596228,2.1339992599305235,-0.31687033367677664,2.173636239816016,-0.2772333537912841,2.5038327824946593,0.05296318888735918
E01026170,E01026170,Lincoln 010B,Lincoln,E01026170,1,2020,1.16748317810181,0.805473033766112,0.12967449234899597,61.40248515039342,64.85041069599531,0.0,0.0,0.0,0.805473033766112,-0.362010144335698,0.935147526115108,-0.23233565198670203,1.134552698724196,-0.03293047937761395,1.047661094604258,-0.11982208349755208,1.0593683533046614,-0.10811482479714862,1.0180195342612,-0.14946364384061006,0.9252083094875068,-0.24227486861430325,1.0194626,-0.14802059265259127,1.051173949347225,-0.11630922875458505,1.0159132138797002,-0.15156996422210978,1.0450722716675416,-0.12241090643426844
E01026170,E01026170,Lincoln 010B,Lincoln,E01026170,1,2021,1.52967222344527,1.16748317810181,0.362010144335698,61.40248515039342,64.85041069599531,0.0,0.0,0.0,1.16748317810181,-0.36218904534345997,1.529493322437508,-0.00017890100776196682,1.3149966511031308,-0.2146755723421392,1.242088891428314,-0.2875833320169561,1.2413822557274288,-0.2882899677178412,1.2724797422632448,-0.2571924811820252,1.1437942539736496,-0.38587796947162034,1.2124981,-0.3171741546357607,1.2096739222582076,-0.3199983011870624,1.182628739319161,-0.34704348412610897,1.23999601004767,-0.2896762133976001
E01026170,E01026170,Lincoln 010B,Lincoln,E01026170,1,2022,1.14056040247711,1.52967222344527,0.36218904534345997,61.40248515039342,64.85041069599531,0.0,0.0,0.0,1.52967222344527,0.3891118209681599,1.89186126878873,0.7513008663116199,1.5825695778242685,0.44200917534715845,1.510280033677044,0.369719631199934,1.4018161226051578,0.26125572012804765,1.4356810664596464,0.29512066398253634,1.2409672617607013,0.10040685928359117,1.3267293,0.18616889516082935,1.4149204671945292,0.27436006471741914,1.393795450758236,0.25323504828112586,1.460384973895601,0.31982457141849086
E01026172,E01026172,Lincoln 010C,Lincoln,E01026172,1,2020,1.01530728555865,1.35736982597042,0.5123129070776401,68.60694028109515,72.82452103798323,0.0,0.0,0.0,1.35736982597042,0.3420625404117701,1.86968273304806,0.8543754474894101,1.4797544892677095,0.46444720370905945,1.370830484532316,0.355523198973666,1.3155692960893381,0.30026201053068813,1.2857372878940179,0.27043000233536785,1.2638668786318035,0.24855959307315345,1.2498446,0.23453726552777576,1.1579621909236841,0.1426549053650341,1.2379972198941536,0.22268993433550355,1.3480372343517533,0.33272994879310325
E01026172,E01026172,Lincoln 010C,Lincoln,E01026172,1,2021,1.80893626192154,1.01530728555865,-0.3420625404117701,68.60694028109515,72.82452103798323,0.0,0.0,0.0,1.01530728555865,-0.7936289763628899,0.6732447451468799,-1.13569151677466,1.3708191886072478,-0.43811707331429206,1.3296737225588176,-0.47926253936272234,1.21438488213978,-0.5945513797817599,1.2644061788597964,-0.5445300830617434,1.1309984086493354,-0.6779378532722045,1.2788404,-0.5300958392912298,1.1580835579492128,-0.6508527039723271,1.2086887806377478,-0.6002474812837921,1.3010053128637011,-0.5079309490578388
E01026172,E01026172,Lincoln 010C,Lincoln,E01026172,1,2022,1.69990594758154,1.80893626192154,0.7936289763628899,68.60694028109515,72.82452103798323,0.0,0.0,0.0,1.80893626192154,0.10903031433999999,2.6025652382844298,0.9026592907028899,1.9045956736924317,0.20468972611089176,1.7888529725251512,0.08894702494361129,1.6448638009671679,-0.05504214661437201,1.6120632082772965,-0.08784273930424336,1.5986295184744221,-0.10127642910711776,1.6695604,-0.03034551514745787,1.60300576714751,-0.09690018043402993,1.6386726620231913,-0.061233285558348616,1.7606536261737658,0.06074767859222585
E01026173,E01026173,Lincoln 010D,Lincoln,E01026173,1,2020,2.21751755296939,2.4854009937222,1.2437155769641999,68.66258036857738,73.18365242534524,0.0,0.0,0.0,2.4854009937222,0.2678834407528101,3.7291165706864,1.51159901771701,2.296632986757393,0.07911543378800312,2.1641324600144283,-0.05338509295496152,2.488856748631894,0.2713391956625042,1.994773872955867,-0.22274368001352274,2.107067386488501,-0.11045016648088879,2.257072,0.03955441892392075,1.9370911984963561,-0.28042635447303366,2.028563924872883,-0.18895362809650695,2.2107712710673812,-0.006746281902008544
E01026173,E01026173,Lincoln 010D,Lincoln,E01026173,1,2021,2.27274871849201,2.21751755296939,-0.2678834407528101,68.66258036857738,73.18365242534524,0.0,0.0,0.0,2.21751755296939,-0.055231165522620085,1.9496341122165797,-0.3231146062754302,2.301539445565565,0.02879072707355501,2.2181966664270343,-0.0545520520649756,2.426424454721548,0.153675736229538,2.0209771224540685,-0.2517715960379414,2.3177694774627406,0.04502075897073077,2.2486951,-0.02405358337543273,2.045015155425803,-0.22773356306620673,2.081986618117861,-0.19076210037414887,2.2712141599748263,-0.0015345585171835374
E01026173,E01026173,Lincoln 010D,Lincoln,E01026173,1,2022,1.87795937402591,2.27274871849201,0.055231165522620085,68.66258036857738,73.18365242534524,0.0,0.0,0.0,2.27274871849201,0.3947893444660999,2.32797988401463,0.45002050998872,2.512088032505001,0.6341286584790908,2.419800560684664,0.541841186658754,2.440764660289267,0.562805286263357,2.0978713766970407,0.21991200267113076,2.2527189227071465,0.3747595486812365,2.03495,0.1569906439031672,2.0723818617728993,0.19442248774698934,2.1269658896300174,0.24900651560410747,2.306655955416036,0.42869658139012623
E01026175,E01026175,Lincoln 010E,Lincoln,E01026175,1,2020,1.63314873575272,1.68539331065521,0.920039008784376,57.31107975613164,59.60769717803543,0.0,0.0,0.0,1.68539331065521,0.052244574902490015,2.605432319439586,0.972283583686866,1.6069314819569906,-0.026217253795729256,1.54372516690568,-0.08942356884703995,1.2382932561597157,-0.39485547959300415,1.361205947221423,-0.27194278853129683,1.4063710356267294,-0.22677770012599052,1.2085901,-0.42455858587326434,1.4521177674006622,-0.18103096835205768,1.4890049113983082,-0.14414382435441175,1.4768934267155,-0.15625530903721985
E01026175,E01026175,Lincoln 010E,Lincoln,E01026175,1,2021,1.43097025263339,1.63314873575272,-0.052244574902490015,57.31107975613164,59.60769717803543,0.0,0.0,0.0,1.63314873575272,0.20217848311932984,1.58090416085023,0.14993390821683983,1.7030898572161632,0.2721196045827732,1.6455085714686821,0.21453831883529206,1.4597955255828112,0.028825272949421166,1.527056880591014,0.09608662795762402,1.7451322275137642,0.3141619748803741,1.5427638,0.11179357659787215,1.5817644123286414,0.15079415969525134,1.6303130111044812,0.19934275847109117,1.6508250466417043,0.2198547940083142
E01026175,E01026175,Lincoln 010E,Lincoln,E01026175,1,2022,1.77736847804819,1.43097025263339,-0.20217848311932984,57.31107975613164,59.60769717803543,0.0,0.0,0.0,1.43097025263339,-0.3463982254147999,1.2287917695140602,-0.5485767085341298,1.7610813029730223,-0.016287175075167637,1.7328205384097553,-0.04454793963843473,1.9090393982706177,0.13167092022242777,1.8230498034791915,0.04568132543100156,1.7852347430868507,0.007866265038660725,1.7277728,-0.0495956461313809,1.7513989905903777,-0.025969487457812246,1.6856189794611252,-0.09174949858706483,1.782792100514088,0.005423622465898115
E01026137,E01026137,Lincoln 011A,Lincoln,E01026137,1,2020,0.809869545159465,0.584372296603553,0.14877096243648907,65.70300012495777,70.15527427456925,0.0,0.0,0.0,0.584372296603553,-0.2254972485559119,0.7331432590400422,-0.07672628611942278,0.8068618581848801,-0.0030076869745848667,0.7375380092714781,-0.07233153588798691,0.7271744372530307,-0.0826951079064343,0.7237399863138833,-0.08612955884558171,0.6867846019603846,-0.12308494319908037,0.7142202,-0.09564931934846033,0.7092885917592836,-0.10058095340018136,0.6675269490011029,-0.1423425961583621,0.7613020443210539,-0.048567500838411104
E01026137,E01026137,Lincoln 011A,Lincoln,E01026137,1,2021,0.712574006142185,0.809869545159465,0.2254972485559119,65.70300012495777,70.15527427456925,0.0,0.0,0.0,0.809869545159465,0.09729553901727994,1.0353667937153768,0.32279278757319174,0.9872301440182478,0.2746561378760628,0.923539538929611,0.21096553278742602,0.8640746561344255,0.15150064999224044,0.9057833950435975,0.19320938890141248,0.8978111958044965,0.1852371896623115,0.9233368,0.21076279777093143,0.8671256746083709,0.15455166846618584,0.8137576009598139,0.10118359481762884,0.9414605616113696,0.22888655546918457
E01026137,E01026137,Lincoln 011A,Lincoln,E01026137,1,2022,0.974024672998101,0.712574006142185,-0.09729553901727994,65.70300012495777,70.15527427456925,0.0,0.0,0.0,0.712574006142185,-0.261450666855916,0.6152784671249051,-0.35874620587319594,0.9678915043395315,-0.006133168658569499,0.9200855473629567,-0.05393912563514436,0.8853339994347914,-0.08869067356330962,0.8946357473121745,-0.07938892568592648,0.9198155941417635,-0.05420907885633752,0.91568923,-0.058335443032891066,0.943972123969822,-0.03005254902827903,0.8045602459345307,-0.16946442706357034,0.9487812071265338,-0.025243465871567228
E01026138,E01026138,Lincoln 011B,Lincoln,E01026138,1,2020,0.645612560237186,0.551605672601992,0.326490815404262,67.17494152749484,71.61874811441845,0.0,0.0,0.0,0.551605672601992,-0.09400688763519405,0.8780964880062541,0.232483927769068,0.6993976658720972,0.05378510563491112,0.6424476571150345,-0.0031649031221515633,0.5717694559830223,-0.07384310425416374,0.5750454744654111,-0.07056708577177495,0.5334662115999043,-0.11214634863728179,0.52203864,-0.1235739216454197,0.6417211983137687,-0.0038913619234173247,0.5595583383155257,-0.08605422192166035,0.6172826661415225,-0.028329894095663555
E01026138,E01026138,Lincoln 011B,Lincoln,E01026138,1,2021,0.722167587625845,0.645612560237186,0.09400688763519405,67.17494152749484,71.61874811441845,0.0,0.0,0.0,0.645612560237186,-0.07655502738865894,0.7396194478723801,0.01745186024653511,0.8494142022677701,0.1272466146419251,0.7984407956560101,0.07627320803016513,0.7869362868595366,0.06476869923369166,0.782954007630674,0.060786420004829034,0.7184012312319237,-0.0037663563939213107,0.773104,0.0509364243866367,0.776634817416403,0.05446722979055796,0.7589648098050776,0.03679722217923265,0.789734526592571,0.06756693896672605
E01026138,E01026138,Lincoln 011B,Lincoln,E01026138,1,2022,0.798394294130083,0.722167587625845,0.07655502738865894,67.17494152749484,71.61874811441845,0.0,0.0,0.0,0.722167587625845,-0.07622670650423802,0.7987226150145039,0.00032832088442091845,0.948816705389338,0.15042241125925504,0.8943853480034734,0.09599105387339035,0.9462352933771236,0.14784099924704064,0.8730194836859753,0.07462518955589226,0.8798248533577729,0.08143055922768994,0.9038953,0.10550102437806519,0.8818458738339623,0.08345157970387929,0.8054558037420546,0.007061509611971606,0.9289393380637683,0.13054504393368527
E01026139,E01026139,Lincoln 011C,Lincoln,E01026139,1,2020,0.883516724763743,0.272237113907053,0.21094080242792002,59.448682706954145,65.69706642118882,0.0,0.0,0.0,0.272237113907053,-0.61127961085669,0.48317791633497303,-0.40033880842876995,0.5261594735718113,-0.35735725119193174,0.4872921336016093,-0.3962245911621337,0.44087187600407113,-0.44264484875967186,0.450762856495693,-0.43275386826805,0.45163286338427666,-0.4318838613794663,0.4906318,-0.39288493579470307,0.46602525324901467,-0.4174914715147283,0.4694950914272082,-0.4140216333365348,0.45782469184836894,-0.42569203291537405
E01026139,E01026139,Lincoln 011C,Lincoln,E01026139,1,2021,0.687909928834282,0.883516724763743,0.61127961085669,59.448682706954145,65.69706642118882,0.0,0.0,0.0,0.883516724763743,0.19560679592946095,1.494796335620433,0.806886406786151,0.8432805076300821,0.15537057879580007,0.8118583840476725,0.12394845521339048,0.7779848049842477,0.09007487614996568,0.7669529293016871,0.07904300046740509,0.6972607885164103,0.009350859682128232,0.6179087,-0.07000121263249981,0.7225842148121664,0.034674285977884356,0.7540620778205196,0.06615214898623756,0.7851088521128395,0.0971989232785575
E01026139,E01026139,Lincoln 011C,Lincoln,E01026139,1,2022,0.839680091037926,0.687909928834282,-0.19560679592946095,59.448682706954145,65.69706642118882,0.0,0.0,0.0,0.687909928834282,-0.15177016220364392,0.4923031329048211,-0.3473769581331049,0.9237569283232239,0.08407683728529791,0.8988431109435413,0.059163019905615344,0.806983564251826,-0.03269652678609991,0.8111765967352941,-0.028503494302631882,0.7910296228509236,-0.04865046818700236,0.7260902,-0.11358989824312615,0.7518540118141676,-0.0878260792237584,0.8173306650271045,-0.02234942601082146,0.8205690719097096,-0.019111019128216333
E01026140,E01026140,Lincoln 011D,Lincoln,E01026140,1,2020,1.30586651795471,1.55878745058244,0.5435572629927599,66.97602649667908,71.42486380002977,0.0,0.0,0.0,1.55878745058244,0.25292093262772997,2.1023447135752,0.7964781956204898,1.5602339178007933,0.25436739984608336,1.465327649232625,0.15946113127791506,1.3807980810278706,0.07493156307316062,1.437715303006326,0.13184878505161612,1.5466972896662259,0.2408307717115159,1.3883694,0.08250292307769969,1.4801576853746885,0.17429116741997852,1.4155046086799334,0.10963809072522346,1.522182990238362,0.21631647228365192
E01026140,E01026140,Lincoln 011D,Lincoln,E01026140,1,2021,0.77746446185682,1.30586651795471,-0.25292093262772997,66.97602649667908,71.42486380002977,0.0,0.0,0.0,1.30586651795471,0.5284020560978899,1.05294558532698,0.27548112347015996,1.5054904290408004,0.7280259671839804,1.4515357987132451,0.6740713368564251,1.4627796575137453,0.6853151956569252,1.4872281209059195,0.7097636590490994,1.6130297816490677,0.8355653197922477,1.5429896,0.7655251497688513,1.5826349623758456,0.8051705005190255,1.4517135128945904,0.6742490510377703,1.594834978142679,0.8173705162858589
E01026140,E01026140,Lincoln 011D,Lincoln,E01026140,1,2022,1.28966041491295,0.77746446185682,-0.5284020560978899,66.97602649667908,71.42486380002977,0.0,0.0,0.0,0.77746446185682,-0.51219595305613,0.24906240575893013,-1.04059800915402,1.2816128138145246,-0.008047601098425394,1.2604916656479563,-0.029168749264993687,1.2163456139880597,-0.07331480092489029,1.2417996499398347,-0.04786076497311531,1.2514883828183263,-0.03817203209462372,1.1222619,-0.16739853308464192,1.2674287902770256,-0.02223162463592443,1.1907599472528227,-0.09890046766012728,1.2611990995788886,-0.028461315334061377
E01026141,E01026141,Lincoln 011E,Lincoln,E01026141,1,2020,0.308295440142007,0.499471164849861,0.04289794321499596,56.489066545579526,60.990702534969174,0.0,0.0,0.0,0.499471164849861,0.191175724707854,0.5423691080648569,0.23407366792284995,0.6355356446987449,0.3272402045567379,0.6122945192312645,0.30399907908925755,0.6586025544880036,0.35030711434599665,0.6679533344465621,0.35965789430455514,0.5481387120475125,0.23984327190550553,0.6049769,0.2966814523293065,0.5997387546249826,0.2914433144829756,0.5746120854961462,0.2663166453541392,0.6043196402851025,0.29602420014309555
E01026141,E01026141,Lincoln 011E,Lincoln,E01026141,1,2021,0.856828495383454,0.308295440142007,-0.191175724707854,56.489066545579526,60.990702534969174,0.0,0.0,0.0,0.308295440142007,-0.5485330552414469,0.117119715434153,-0.739708779949301,0.7031121345260444,-0.15371636085740958,0.6740513273682163,-0.1827771680152377,0.5867086717857598,-0.27011982359769415,0.5873759617742775,-0.2694525336091764,0.5496702293376459,-0.3071582660458081,0.57412857,-0.2826999272109991,0.5451021736089245,-0.3117263217745294,0.5800183174991415,-0.2768101778843125,0.6273666959162019,-0.2294617994672521
E01026141,E01026141,Lincoln 011E,Lincoln,E01026141,1,2022,0.40887857071933,0.856828495383454,0.5485330552414469,56.489066545579526,60.990702534969174,0.0,0.0,0.0,0.856828495383454,0.447949924664124,1.4053615506249009,0.9964829799055709,0.9192964858204222,0.5104179151010922,0.8953645863471387,0.4864860156278087,0.7818804770750577,0.3730019063557277,0.823196698926718,0.414318128207388,0.6849326341325314,0.2760540634132014,0.5979013,0.18902271397534165,0.7542422251895993,0.3453636544702693,0.8027582530022932,0.3938796822829632,0.8365021817590357,0.4276236110397057
E01026142,E01026142,Lincoln 011F,Lincoln,E01026142,1,2020,1.53752911504176,0.666075060677873,-0.304095569138945,63.56504918178514,67.49559684255135,0.0,0.0,0.0,0.666075060677873,-0.871454054363887,0.36197949153892806,-1.175549623502832,1.0503483167697503,-0.4871807982720098,0.998649290555701,-0.5388798244860591,1.1356721253020197,-0.4018569897397404,0.9941422877781709,-0.5433868272635891,1.0676880588487339,-0.4698410561930262,0.9982775,-0.539251629671124,1.0209192267206686,-0.5166098883210914,1.022299625337944,-0.5152294897038161,1.021095977260336,-0.516433137781424
E01026142,E01026142,Lincoln 011F,Lincoln,E01026142,1,2021,1.72908277342001,1.53752911504176,0.871454054363887,63.56504918178514,67.49559684255135,0.0,0.0,0.0,1.53752911504176,-0.19155365837825,2.408983169405647,0.6799003959856369,1.4766729978322048,-0.2524097755878052,1.3984256965192605,-0.3306570769007495,1.2914489917676728,-0.43763378165233724,1.3501788067130143,-0.3789039667069958,1.447762302290367,-0.2813204711296431,1.2340915,-0.4949912531105618,1.4083657723050889,-0.3207170011149212,1.4143556419585372,-0.3147271314614728,1.4030485268345017,-0.3260342465855084
E01026142,E01026142,Lincoln 011F,Lincoln,E01026142,1,2022,1.582471093569,1.72908277342001,0.19155365837825,63.56504918178514,67.49559684255135,0.0,0.0,0.0,1.72908277342001,0.14661167985100998,1.92063643179826,0.33816533822926,1.6970169964751731,0.11454590290617306,1.6101650343824392,0.027693940813439122,1.463907634763271,-0.11856345880572916,1.4924309755848875,-0.0900401179841126,1.7456256866736124,0.16315459310461233,1.5734718,-0.00899930897732526,1.595743402114588,0.013272308545587919,1.6776871932793016,0.09521609971030154,1.6859119512397716,0.10344085767077149
E01026169,E01026169,Lincoln 011G,Lincoln,E01026169,1,2020,1.34334939618021,0.974502623795364,0.493364313553855,61.30094763291574,64.54551344185145,0.0,0.0,0.0,0.974502623795364,-0.3688467723848461,1.467866937349219,0.12451754116900893,1.1621487401952468,-0.18120065598496327,1.0903093100154073,-0.2530400861648028,1.007622487016769,-0.33572690916344117,1.0657043020051657,-0.27764509417504435,1.0027016361095287,-0.3406477600706814,1.0106554,-0.33269399304300307,1.0812839303557402,-0.2620654658244699,1.1161578231226528,-0.22719157305755733,1.0806057560464346,-0.2627436401337755
E01026169,E01026169,Lincoln 011G,Lincoln,E01026169,1,2021,1.17762483373228,1.34334939618021,0.3688467723848461,61.30094763291574,64.54551344185145,0.0,0.0,0.0,1.34334939618021,0.16572456244793,1.7121961685650562,0.5345713348327761,1.3767867072066013,0.19916187347432124,1.3184221992561727,0.14079736552389255,1.3075312545537727,0.12990642082149262,1.3453084102368609,0.16768357650458077,1.2577374915786308,0.08011265784635069,1.3394194,0.1617945311969191,1.261279252545638,0.08365441881335789,1.2826186480103603,0.10499381427808019,1.3182029265057214,0.14057809277344124
E01026169,E01026169,Lincoln 011G,Lincoln,E01026169,1,2022,1.47183341292509,1.17762483373228,-0.16572456244793,61.30094763291574,64.54551344185145,0.0,0.0,0.0,1.17762483373228,-0.29420857919280996,1.0119002712843501,-0.45993314164073995,1.453562596343384,-0.01827081658170604,1.4051964336817144,-0.06663697924337564,1.3518679091049932,-0.11996550382009685,1.3723200347550344,-0.09951337817005568,1.3282586955534765,-0.14357471737161354,1.3911606,-0.08067280558713841,1.3786059546689726,-0.09322745825611745,1.3840018249475983,-0.0878315879774918,1.384125014831283,-0.08770839809380715
E01026171,E01026171,Lincoln 011H,Lincoln,E01026171,1,2020,0.661641203092477,0.743046095246748,0.203755379006618,61.24369849788991,62.75836731525053,0.0,0.0,0.0,0.743046095246748,0.08140489215427105,0.946801474253366,0.28516027116088905,0.9568913220668058,0.29525011897432885,0.9043912098780572,0.24275000678558023,0.8819782316342232,0.2203370285417462,0.8670462088152766,0.20540500572279963,0.8860601834553301,0.22441898036285313,0.8644976,0.20285639889345441,0.8168972109051427,0.1552560078126657,0.8875103593402496,0.2258691562477726,0.8976194855793602,0.23597828248688324
E01026171,E01026171,Lincoln 011H,Lincoln,E01026171,1,2021,0.719458319192406,0.661641203092477,-0.08140489215427105,61.24369849788991,62.75836731525053,0.0,0.0,0.0,0.661641203092477,-0.05781711609992901,0.5802363109382059,-0.13922200825420006,0.9265563792507073,0.20709806005830134,0.9110740900544004,0.19161577086199444,0.9219903463939612,0.20253202720155516,0.9228970103168848,0.20343869112447877,0.9178582043621013,0.1983998851696953,0.94316363,0.22370531415415162,0.8904365894683497,0.1709782702759437,0.9189229606017109,0.19946464140930487,0.91083952606748,0.19138120687507398
E01026171,E01026171,Lincoln 011H,Lincoln,E01026171,1,2022,0.761692402005795,0.719458319192406,0.05781711609992901,61.24369849788991,62.75836731525053,0.0,0.0,0.0,0.719458319192406,-0.04223408281338903,0.777275435292335,0.015583033286539982,1.011929191866189,0.250236789860394,0.9729575719653002,0.21126516995950517,0.9982571901693855,0.2365647881635905,0.944852220388197,0.18315981838240203,0.9971120634983622,0.2354196614925672,0.9836641,0.2219716933959689,0.9376899421223156,0.17599754011652058,0.9822563256653156,0.2205639236595206,0.9979933346957803,0.2363009326899853
E01026149,E01026149,Lincoln 001A,Lincoln,E01026149,1,2020,1.82749296769334,1.11605843715085,0.10622232070312987,61.86522344171743,63.14109155548698,0.0,0.0,0.0,1.11605843715085,-0.7114345305424901,1.2222807578539798,-0.6052122098393602,1.454764487195963,-0.37272848049737695,1.3533074368861369,-0.47418553080720316,1.308418977587045,-0.5190739901062951,1.295433100513361,-0.532059867179979,1.2534504978748875,-0.5740424698184525,1.3101926,-0.5173003827018849,1.3169714196421447,-0.5105215480511953,1.2735149363775886,-0.5539780313157514,1.38614648838423,-0.44134647930911
E01026149,E01026149,Lincoln 001A,Lincoln,E01026149,1,2021,1.07472791756512,1.82749296769334,0.7114345305424901,61.86522344171743,63.14109155548698,0.0,0.0,0.0,1.82749296769334,0.7527650501282199,2.53892749823583,1.46419958067071,1.8792299147148772,0.8045019971497571,1.7895405013827823,0.7148125838176622,1.6242482014117647,0.5495202838466446,1.5782146958388505,0.5034867782737305,1.4380594117368926,0.36333149417177246,1.6385068,0.5637788525688521,1.610214917912746,0.535487000347626,1.7270834513338544,0.6523555337687343,1.7406623383521977,0.6659344207870777
E01026149,E01026149,Lincoln 001A,Lincoln,E01026149,1,2022,1.35413375570083,1.07472791756512,-0.7527650501282199,61.86522344171743,63.14109155548698,0.0,0.0,0.0,1.07472791756512,-0.27940583813570985,0.32196286743690017,-1.0321708882639298,1.5782083097481905,0.22407455404736054,1.5717883241112873,0.21765456841045738,1.4684532013913598,0.11431944569052988,1.4652799837042727,0.11114622800344276,1.5564507237893117,0.20231696808848176,1.441738,0.08760425375198988,1.5667410070330674,0.21260725133223746,1.5376548266313481,0.18352107093051817,1.5657431800059236,0.21160942430509366
E01026150,E01026150,Lincoln 001B,Lincoln,E01026150,1,2020,2.67774964343979,1.63042701296301,0.056503588095550006,60.62702875951191,63.676147957605004,0.0,0.0,0.0,1.63042701296301,-1.0473226304767798,1.68693060105856,-0.9908190423812298,1.8882932907791958,-0.789456352660594,1.7952823038931525,-0.8824673395466374,1.9816823672687591,-0.6960672761710307,1.9340702233073128,-0.743679420132477,1.9542229864670684,-0.7235266569727214,1.8990356,-0.7787140704341136,1.7675248961481083,-0.9102247472916816,1.7657966552932238,-0.911952988146566,1.8619661096948388,-0.815783533744951
E01026150,E01026150,Lincoln 001B,Lincoln,E01026150,1,2021,2.20402187775939,2.67774964343979,1.0473226304767798,60.62702875951191,63.676147957605004,0.0,0.0,0.0,2.67774964343979,0.47372776568039976,3.7250722739165694,1.5210503961571793,2.4809248298233877,0.2769029520639976,2.357834657718772,0.1538127799593818,2.483224036696776,0.2792021589373861,2.1018981641777796,-0.10212371358161043,2.1867946373563023,-0.017227240403087762,2.2316713,0.027649455553598212,2.1205692055910057,-0.08345267216838437,2.1694202459580967,-0.03460163180129339,2.3682536765979205,0.16423179883853045
E01026150,E01026150,Lincoln 001B,Lincoln,E01026150,1,2022,2.3443780827782,2.20402187775939,-0.47372776568039976,60.62702875951191,63.676147957605004,0.0,0.0,0.0,2.20402187775939,-0.14035620501881008,1.7302941120789903,-0.6140839706992098,2.3679278359699834,0.023549753191783207,2.317110748461934,-0.027267334316265934,2.4152837250101737,0.0709056422319736,2.0977099833453234,-0.2466680994328767,2.201335139866768,-0.14304294291143194,2.3108704,-0.033507673766359325,2.0268341646701984,-0.31754391810800175,2.057478439625114,-0.28689964315308636,2.31921906013148,-0.025159022646719986
E01026166,E01026166,Lincoln 001C,Lincoln,E01026166,1,2020,1.4963617851246,1.34028987396952,0.11236808058934988,59.75980661860742,65.50463674531167,0.0,0.0,0.0,1.34028987396952,-0.15607191115508012,1.4526579545588698,-0.04370383056573024,1.5519469430217683,0.055585157897168225,1.4746377244190265,-0.021724060705573534,1.3417653338141617,-0.1545964513104383,1.4142110765382172,-0.08215070858638285,1.3539089372979094,-0.14245284782669065,1.3628176,-0.13354414005166304,1.3623903927638141,-0.13397139236078592,1.4175101010591127,-0.07885168406548737,1.441746154453055,-0.05461563067154507
E01026166,E01026166,Lincoln 001C,Lincoln,E01026166,1,2021,1.91555694757433,1.4963617851246,0.15607191115508012,59.75980661860742,65.50463674531167,0.0,0.0,0.0,1.4963617851246,-0.4191951624497299,1.6524336962796802,-0.26312325129464975,1.6711664573960419,-0.24439049017828807,1.612920392015431,-0.302636555558899,1.675636756425726,-0.23992019114860397,1.5876172072823462,-0.3279397402919837,1.7487751112790462,-0.16678183629528376,1.722943,-0.1926139992329603,1.6131915234709093,-0.3023654241034206,1.601829557150929,-0.31372739042340103,1.6600773321297435,-0.2554796154445864
E01026166,E01026166,Lincoln 001C,Lincoln,E01026166,1,2022,1.63642326801543,1.91555694757433,0.4191951624497299,59.75980661860742,65.50463674531167,0.0,0.0,0.0,1.91555694757433,0.2791336795588999,2.33475211002406,0.69832884200863,1.9498015441085037,0.31337827609307367,1.8725443174406766,0.2361210494252466,1.9523463636300369,0.31592309561460685,1.8807163552033437,0.24429308718791365,1.864105998627469,0.22768273061203903,1.8481058,0.21168252021546596,1.7308857394326338,0.09446247141720376,1.7412539738761033,0.10483070586067322,1.9185006252915247,0.2820773572760946
E01026168,E01026168,Lincoln 001D,Lincoln,E01026168,1,2020,1.65841002414728,1.60451369908617,-0.07833718258813005,59.63404438805045,65.19759477906537,0.0,0.0,0.0,1.60451369908617,-0.05389632506110997,1.5261765164980399,-0.13223350764924002,1.7658306646443083,0.10742064049702837,1.7070295796070705,0.048619555459790575,1.8620574054200154,0.20364738127273552,1.753883838224247,0.09547381407696709,1.7955933235678876,0.1371832994206077,1.7950126,0.13660256912206825,1.7197877621491076,0.061377738001827664,1.6287859704507934,-0.029624053696486463,1.7721256652868957,0.11371564113961585
E01026168,E01026168,Lincoln 001D,Lincoln,E01026168,1,2021,1.49010195058875,1.65841002414728,0.05389632506110997,59.63404438805045,65.19759477906537,0.0,0.0,0.0,1.65841002414728,0.16830807355852984,1.7123063492083899,0.2222043986196398,1.8920644760111287,0.40196252542237865,1.8332335694575448,0.34313161886879473,1.9581453584690496,0.4680434078802995,1.935190931104728,0.4450889805159779,1.9514865211381969,0.4613845705494468,2.0093677,0.5192657538027294,1.7773634826356801,0.28726153204693006,1.7776439553842536,0.2875420047955035,1.9181638789624387,0.4280619283736886
E01026168,E01026168,Lincoln 001D,Lincoln,E01026168,1,2022,2.17067615437472,1.49010195058875,-0.16830807355852984,59.63404438805045,65.19759477906537,0.0,0.0,0.0,1.49010195058875,-0.6805742037859699,1.3217938770302202,-0.8488822773444997,1.8077449958008074,-0.36293115857391256,1.7727199585016922,-0.3979561958730278,1.9330557466036093,-0.2376204077711106,1.8613626256053386,-0.30931352876938134,1.9194674433205183,-0.2512087110542016,1.9373467,-0.23332945752108225,1.7717863089706405,-0.39888984540407946,1.6233423225733956,-0.5473338318013243,1.8588868879547105,-0.3117892664200095
E01026153,E01026153,Lincoln 002A,Lincoln,E01026153,1,2020,1.30339104515277,1.17608040680143,0.4396561932513179,61.39755023646861,65.82567593863229,0.0,0.0,0.0,1.17608040680143,-0.12731063835134004,1.6157366000527478,0.31234555489997784,1.2855725240479907,-0.017818521104779217,1.2146771413945197,-0.08871390375825028,1.3245002619198056,0.0211092167670357,1.2519200494722613,-0.05147099568050861,1.2455453857877339,-0.05784565936503605,1.2738124,-0.029578631937132727,1.222238369221855,-0.08115267593091491,1.2223090805697172,-0.08108196458305272,1.2749376598263185,-0.028453385326451475
E01026153,E01026153,Lincoln 002A,Lincoln,E01026153,1,2021,1.59578523864821,1.30339104515277,0.12731063835134004,61.39755023646861,65.82567593863229,0.0,0.0,0.0,1.30339104515277,-0.29239419349544016,1.43070168350411,-0.1650835551441001,1.4016134868425785,-0.19417175180563162,1.3508598015787139,-0.2449254370694962,1.2736077121934637,-0.3221775264547464,1.2956276798472601,-0.30015755880094996,1.1888634954583501,-0.40692174318985996,1.2410122,-0.35477302303389124,1.2761472543539911,-0.31963798429421897,1.3068966257109704,-0.28888861293723966,1.3324574096072053,-0.2633278290410048
E01026153,E01026153,Lincoln 002A,Lincoln,E01026153,1,2022,1.79053250820571,1.59578523864821,0.29239419349544016,61.39755023646861,65.82567593863229,0.0,0.0,0.0,1.59578523864821,-0.19474726955749988,1.8881794321436502,0.09764692393794028,1.6872722522400896,-0.10326025596562038,1.6220817963373373,-0.16845071186837268,1.55732046535072,-0.23321204285498998,1.5166038562306137,-0.2739286519750963,1.5063142404663041,-0.28421826773940584,1.6348505,-0.15568200619154982,1.5210959816210776,-0.26943652658463235,1.5509262092561635,-0.23960629894954644,1.6179000963551446,-0.17263241185056533
E01026155,E01026155,Lincoln 002B,Lincoln,E01026155,1,2020,0.284588042531761,0.18899932879769,0.2259556331166758,60.85846630909405,66.77155040932487,0.0,0.0,0.0,0.18899932879769,-0.09558871373407102,0.41495496191436576,0.13036691938260475,0.47699948919960555,0.19241144666784454,0.40747296079758566,0.12288491826582465,0.310136782802643,0.025548740270881998,0.3051229986969712,0.020534956165210172,0.3065919157970173,0.02200387326525627,0.29470584,0.010117795433250587,0.25428617808284176,-0.030301864448919247,0.28877657976085325,0.004188537229092237,0.3859723456885123,0.10138430315675129
E01026155,E01026155,Lincoln 002B,Lincoln,E01026155,1,2021,0.673229028711264,0.284588042531761,0.09558871373407102,60.85846630909405,66.77155040932487,0.0,0.0,0.0,0.284588042531761,-0.388640986179503,0.380176756265832,-0.29305227244543197,0.5674712419679848,-0.10575778674327918,0.515778802251126,-0.15745022646013795,0.42419911914589564,-0.24902990956536836,0.41370662231602834,-0.25952240639523566,0.4050709089891693,-0.2681581197220947,0.41647372,-0.25675531221384273,0.4364899676614358,-0.23673906104982823,0.41318973577108625,-0.26003929294017775,0.5023334492553384,-0.1708955794559256
E01026155,E01026155,Lincoln 002B,Lincoln,E01026155,1,2022,0.533512339679984,0.673229028711264,0.388640986179503,60.85846630909405,66.77155040932487,0.0,0.0,0.0,0.673229028711264,0.13971668903127998,1.061870014890767,0.5283576752107829,0.8499185299181431,0.3164061902381591,0.7923087090945834,0.2587963694145994,0.7083208930174658,0.1748085533374818,0.7373202850436997,0.20380794536371571,0.651276064132954,0.11776372445297001,0.7304599,0.19694758883258923,0.7131132472854586,0.17960090760547454,0.6912857138742816,0.1577733741942976,0.7807797553275002,0.2472674156475162
E01026157,E01026157,Lincoln 002C,Lincoln,E01026157,1,2020,1.7702625046035,1.79144950716247,0.2943128077768902,61.172240264618395,66.82807633922374,0.0,0.0,0.0,1.79144950716247,0.021187002558969992,2.0857623149393603,0.31549981033586016,1.9479716708111963,0.17770916620769617,1.8107781252348107,0.040515620631310645,1.938832540152818,0.16857003554931782,1.8201768248644166,0.04991432026091647,1.6467962522713482,-0.12346625233215192,1.8966134,0.12635085484779385,1.7793957310603745,0.009133226456874421,1.838313107231203,0.0680506026277028,1.8502844120909154,0.08002190748741533
E01026157,E01026157,Lincoln 002C,Lincoln,E01026157,1,2021,1.94221785796709,1.7702625046035,-0.021187002558969992,61.172240264618395,66.82807633922374,0.0,0.0,0.0,1.7702625046035,-0.1719553533635898,1.74907550204453,-0.1931423559225598,1.9771282025798649,0.03491034461277498,1.8659436130584146,-0.07627424490867529,2.038655390822179,0.09643753285508905,2.0000389411257737,0.05782108315868384,1.981075129839654,0.03885727187256416,2.0108612,0.06864330040388178,1.8873076936604365,-0.05491016430665341,1.9092257484638753,-0.03299210950321463,1.9810454170951786,0.03882755912808866
E01026157,E01026157,Lincoln 002C,Lincoln,E01026157,1,2022,1.76741645438134,1.94221785796709,0.1719553533635898,61.172240264618395,66.82807633922374,0.0,0.0,0.0,1.94221785796709,0.17480140358574991,2.1141732113306797,0.3467567569493397,2.15008330579855,0.38266685141721,2.024861890043888,0.25744543566254796,2.0024063499087386,0.23498989552739857,2.040812207361805,0.2733957529804649,2.090130070782579,0.3227136164012392,2.073783,0.30636646645606236,2.016193572632813,0.24877711825147308,2.0433869739653856,0.2759705195840456,2.107570816642237,0.3401543622608969
E01026165,E01026165,Lincoln 002D,Lincoln,E01026165,1,2020,1.45965324231348,2.00301733218487,0.6429164418410902,61.778729956754006,67.17441774109626,0.0,0.0,0.0,2.00301733218487,0.5433640898713901,2.64593377402596,1.18628053171248,2.017814184011035,0.5581609416975548,1.9027499512396577,0.4430967089261777,1.8804277876006157,0.42077454528713565,1.7783337737172804,0.31868053140380037,1.8894357238113972,0.4297824814979172,1.8452896,0.3856363456610683,1.7984573739544574,0.33880413164097734,1.8907848638339098,0.4311316215204297,1.9321884939411165,0.47253525162763643
E01026165,E01026165,Lincoln 002D,Lincoln,E01026165,1,2021,1.89649990955348,1.45965324231348,-0.5433640898713901,61.778729956754006,67.17441774109626,0.0,0.0,0.0,1.45965324231348,-0.43684666724,0.91628915244209,-0.98021075711139,1.8318400291994206,-0.06465988035405945,1.7891708427692068,-0.10732906678427323,1.8342872102676415,-0.0622126992858385,1.7862376290775486,-0.11026228047593145,2.038234323871283,0.14173441431780276,1.7322263,-0.16427365699763286,1.7281681901173365,-0.16833171943614356,1.6748364560070736,-0.22166345354640637,1.875892300334815,-0.020607609218665113
E01026165,E01026165,Lincoln 002D,Lincoln,E01026165,1,2022,2.19275955755644,1.89649990955348,0.43684666724,61.778729956754006,67.17441774109626,0.0,0.0,0.0,1.89649990955348,-0.2962596480029598,2.3333465767934802,0.14058701923704042,2.0711277036140676,-0.12163185394237219,1.9670490781093077,-0.22571047944713207,1.9682337195943098,-0.22452583796213,1.8579940277423554,-0.33476552981408436,2.0283876203659132,-0.16437193719052656,1.9442486,-0.24851100046568053,1.8397014283284874,-0.35305812922795243,1.8645262435909487,-0.32823331396549116,1.9949654633908218,-0.197794094165618
E01026125,E01026125,Lincoln 003A,Lincoln,E01026125,1,2020,1.70091076508982,2.95163845726727,0.7458567442761996,43.80162131748517,53.823813919513306,0.0,0.0,0.0,2.95163845726727,1.2507276921774497,3.6974952015434694,1.9965844364536494,2.7882673012922177,1.0873565362023976,2.6665841377808914,0.9656733726910713,2.6698814553585173,0.9689706902686972,2.7611028461620934,1.0601920810722734,2.5428985842735243,0.8419878191837042,2.3498178,0.6489069877483147,2.7691004679876556,1.0681897028978355,2.4954772542722283,0.7945664891824082,2.58285392761899,0.88194316252917
E01026125,E01026125,Lincoln 003A,Lincoln,E01026125,1,2021,2.86832000403107,1.70091076508982,-1.2507276921774497,43.80162131748517,53.823813919513306,0.0,0.0,0.0,1.70091076508982,-1.1674092389412498,0.45018307291237036,-2.4181369311186995,2.1214692138590294,-0.7468507901720405,2.165384709679507,-0.7029352943515628,2.516320279720455,-0.35199972431061477,2.7129965496489077,-0.15532345438216222,2.6311986128958726,-0.23712139113519726,2.6977937,-0.17052628187835994,2.44147872634,-0.4268412776910697,2.409881492091869,-0.45843851193920093,2.327727371704126,-0.5405926323269439
E01026125,E01026125,Lincoln 003A,Lincoln,E01026125,1,2022,1.89343514697491,2.86832000403107,1.1674092389412498,43.80162131748517,53.823813919513306,0.0,0.0,0.0,2.86832000403107,0.9748848570561599,4.0357292429723195,2.1422940959974097,2.6139833974361655,0.7205482504612555,2.5052042459313606,0.6117690989564506,2.715805464468636,0.822370317493726,2.7122182971985818,0.8187831502236718,2.6364378798196886,0.7430027328447786,2.4106069,0.517171714139592,2.6013709875720195,0.7079358405971095,2.5177496730764624,0.6243145261015524,2.5310171066690845,0.6375819596941745
E01026144,E01026144,Lincoln 003B,Lincoln,E01026144,1,2020,0.433939142092402,0.70837106897827,0.5229937645762219,60.05676363390444,56.68718979813708,0.0,0.0,0.0,0.70837106897827,0.274431926885868,1.2313648335544918,0.7974256914620899,0.7013206991185985,0.26738155702619654,0.6645385113379202,0.23059936924551822,0.5382098972085859,0.10427075511618394,0.5691555533355519,0.13521641124314993,0.546087858653,0.11214871656059805,0.4825729,0.048633771077458865,0.615672394697711,0.18173325260530898,0.5633919823832721,0.12945284029087017,0.624133071362009,0.19019392926960704
E01026144,E01026144,Lincoln 003B,Lincoln,E01026144,1,2021,0.719706243742606,0.433939142092402,-0.274431926885868,60.05676363390444,56.68718979813708,0.0,0.0,0.0,0.433939142092402,-0.2857671016502041,0.159507215206534,-0.5601990285360721,0.6435403196136915,-0.07616592412891454,0.6527150296421438,-0.06699121410046227,0.6846950918666618,-0.03501115187594428,0.6429834094148681,-0.07672283432773797,0.5873786038421752,-0.13232763990043084,0.5830623,-0.13664395259728135,0.6280120932170252,-0.09169415052558083,0.5559680931227426,-0.1637381506198634,0.6322933108734383,-0.08741293286916774
E01026144,E01026144,Lincoln 003B,Lincoln,E01026144,1,2022,0.750119460162075,0.719706243742606,0.2857671016502041,60.05676363390444,56.68718979813708,0.0,0.0,0.0,0.719706243742606,-0.030413216419468925,1.0054733453928102,0.2553538852307352,0.8729429805688035,0.1228235204067285,0.8360835561915573,0.0859640960294823,0.9072136899176831,0.15709422975560816,0.862542710814631,0.11242325065255598,0.9071942003394798,0.15707474017740486,0.8881536,0.138034152451603,0.7745781172506717,0.024458657088596736,0.8042296750738885,0.05411021491181356,0.8788662487309642,0.12874678856888921
E01026147,E01026147,Lincoln 003C,Lincoln,E01026147,1,2020,1.39958172215024,1.14299072954261,1.003675423321513,64.1503911856004,61.65905997344445,0.0,0.0,0.0,1.14299072954261,-0.25659099260762996,2.146666152864123,0.7470844307138829,1.017032831424103,-0.38254889072613696,0.9424739690053082,-0.4571077531449318,1.0155937451924275,-0.3839879769578125,0.9894860125217324,-0.4100957096285076,0.9921291385750421,-0.40745258357519787,0.90984243,-0.48973929060498245,0.885932316627089,-0.513649405523151,0.9060366931778575,-0.4935450289723825,0.9831076283346982,-0.4164740938155418
E01026147,E01026147,Lincoln 003C,Lincoln,E01026147,1,2021,1.31142929515871,1.39958172215024,0.25659099260762996,64.1503911856004,61.65905997344445,0.0,0.0,0.0,1.39958172215024,0.08815242699152992,1.65617271475787,0.3447434195991599,1.2415073070300986,-0.0699219881286115,1.1970317342726138,-0.11439756088609632,1.2017880379437944,-0.10964125721491569,1.2427989344568466,-0.06863036070186346,1.2152956364034682,-0.09613365875524194,1.2287412,-0.08268812618288002,1.1072973472925685,-0.20413194786614164,1.1964389767821577,-0.11499031837655238,1.2123907215089647,-0.09903857364974544
E01026147,E01026147,Lincoln 003C,Lincoln,E01026147,1,2022,1.46701408608895,1.31142929515871,-0.08815242699152992,64.1503911856004,61.65905997344445,0.0,0.0,0.0,1.31142929515871,-0.1555847909302399,1.2232768681671802,-0.24373721792176983,1.4420707640815316,-0.024943322007418445,1.39293145837924,-0.07408262770970997,1.3998646616647932,-0.06714942442415683,1.2940731262222283,-0.17294095986672176,1.4021689392068086,-0.06484514688214138,1.5090677,0.04205356852073017,1.3317122095653462,-0.13530187652360381,1.3136323197407225,-0.15338176634822753,1.4869925928650816,0.019978506776131555
E01026148,E01026148,Lincoln 003D,Lincoln,E01026148,1,2020,0.967147129192057,1.46103428511513,1.1829649907265039,63.16998174731056,59.82617686044291,0.0,0.0,0.0,1.46103428511513,0.49388715592307286,2.643999275841634,1.676852146649577,1.2972669428184147,0.33011981362635767,1.2220594265866678,0.25491229739461074,1.0894985642426247,0.12235143505056767,1.149543797583699,0.18239666839164204,1.1037311391952869,0.13658401000322984,1.0318834,0.06473622976332627,1.063083491433995,0.09593636224193802,1.0672388985207935,0.10009176932873642,1.1886952830364712,0.22154815384441418
E01026148,E01026148,Lincoln 003D,Lincoln,E01026148,1,2021,1.41275727080351,0.967147129192057,-0.49388715592307286,63.16998174731056,59.82617686044291,0.0,0.0,0.0,0.967147129192057,-0.44561014161145307,0.47325997326898417,-0.9394972975345259,1.1602728485523894,-0.25248442225112067,1.1661824729544057,-0.2465747978491044,1.1509693884158927,-0.2617878823876174,1.1422673606933047,-0.2704899101102054,1.1289401951909064,-0.2838170756126037,1.1132166,-0.2995406322384466,1.1169808295088461,-0.29577644129466396,1.0145690626082402,-0.3981882081952699,1.143396875433769,-0.269360395369741
E01026148,E01026148,Lincoln 003D,Lincoln,E01026148,1,2022,1.44119585896086,1.41275727080351,0.44561014161145307,63.16998174731056,59.82617686044291,0.0,0.0,0.0,1.41275727080351,-0.028438588157349898,1.8583674124149632,0.41717155345410317,1.4852835471423649,0.04408768818150488,1.4312710617775415,-0.009924797183318512,1.3893371660339011,-0.05185869292695888,1.205200584042865,-0.235995274917995,1.2583696700522784,-0.1828261889085816,1.1826215,-0.25857437992643617,1.4001490441530797,-0.041046814807780274,1.2917320310410823,-0.14946382791977775,1.3908452939836091,-0.05035056497725088
E01026151,E01026151,Lincoln 003E,Lincoln,E01026151,1,2020,0.787445261019595,1.12905690854071,0.880739528318498,63.57876568084919,62.70618080722304,0.0,0.0,0.0,1.12905690854071,0.34161164752111506,2.009796436859208,1.222351175839613,1.173582094767269,0.38613683374767405,1.1000065620049346,0.31256130098533963,1.0120480635510825,0.22460280253148746,1.0436214904034,0.256176229383805,0.9717986792866872,0.18435341826709217,0.9693866,0.18194131658660617,0.9703087845529851,0.18286352353339008,1.051517871549648,0.26407261053005304,1.0776428495971397,0.29019758857754474
E01026151,E01026151,Lincoln 003E,Lincoln,E01026151,1,2021,0.919276313249353,0.787445261019595,-0.34161164752111506,63.57876568084919,62.70618080722304,0.0,0.0,0.0,0.787445261019595,-0.131831052229758,0.44583361349847994,-0.47344269975087305,1.109814880001996,0.19053856675264302,1.086355341946707,0.16707902869735392,1.0374094563252163,0.11813314307586331,1.0284546807592514,0.1091783675098984,0.9015235911326237,-0.01775272211672929,0.9355811,0.01630477481674808,0.9168909636209946,-0.0023853496283583464,1.0249085327367662,0.10563221948741319,0.9950002796802111,0.0757239664308581
E01026151,E01026151,Lincoln 003E,Lincoln,E01026151,1,2022,1.38381669416278,0.919276313249353,0.131831052229758,63.57876568084919,62.70618080722304,0.0,0.0,0.0,0.919276313249353,-0.4645403809134271,1.051107365479111,-0.3327093286836691,1.1991923894951346,-0.18462430466764546,1.176219309157112,-0.20759738500566804,1.2052211352391118,-0.1785955589236683,1.194189040884482,-0.18962765327829811,1.2255185100002355,-0.1582981841625446,1.2398164,-0.14400026693194512,1.1627056040081971,-0.22111109015458297,1.1641554553016225,-0.21966123886115763,1.1961245534236018,-0.18769214073917828
E01026164,E01026164,Lincoln 003F,Lincoln,E01026164,1,2020,0.999560624783913,1.34850406387159,0.645661198366619,64.14503701037499,68.17978806573612,0.0,0.0,0.0,1.34850406387159,0.3489434390876769,1.994165262238209,0.9946046374542958,1.3880245392074406,0.38846391442352757,1.3289944696549765,0.3294338448710634,1.3394774436778927,0.3399168188939796,1.3147299098517278,0.3151692850678147,1.2885460230927814,0.2889853983088684,1.2183034,0.21874281721742972,1.1741388792455538,0.17457825446164077,1.300819842435001,0.301259217651088,1.3091038812977267,0.30954325651381365
E01026164,E01026164,Lincoln 003F,Lincoln,E01026164,1,2021,0.913797522723862,0.999560624783913,-0.3489434390876769,64.14503701037499,68.17978806573612,0.0,0.0,0.0,0.999560624783913,0.085763102060051,0.6506171856962362,-0.2631803370276259,1.194796143394374,0.28099862067051184,1.2083087972203443,0.2945112744964823,1.1027813502447057,0.18898382752084364,1.1217277965690196,0.2079302738451575,1.0860499321930952,0.17225240946923315,1.0703664,0.1565688598750149,1.0455979506257929,0.1318004279019308,1.1559182207978198,0.24212069807395775,1.1363759516235563,0.22257842889969426
E01026164,E01026164,Lincoln 003F,Lincoln,E01026164,1,2022,1.0147524283106,0.913797522723862,-0.085763102060051,64.14503701037499,68.17978806573612,0.0,0.0,0.0,0.913797522723862,-0.10095490558673792,0.828034420663811,-0.18671800764678892,1.2694378838200648,0.25468545550946486,1.2603285648895206,0.24557613657892063,1.2245255223523528,0.20977309404175282,1.1571983755512314,0.14244594724063142,1.2134391921739336,0.19868676386333362,1.3410993,0.32634683392694885,1.1354510070740975,0.12069857876349754,1.2384284934218261,0.22367606511122617,1.2513234857762054,0.23657105746560547
E01026167,E01026167,Lincoln 003G,Lincoln,E01026167,1,2020,1.04526692867201,1.08003454864272,-0.012671881634199966,61.62922101726365,64.31395101179096,0.0,0.0,0.0,1.08003454864272,0.034767619970710095,1.0673626670085201,0.02209573833651013,1.3791091108049203,0.3338421821329103,1.3012141765526355,0.2559472478806255,1.2499220840487382,0.20465515537672818,1.245916455407148,0.20064952673513803,1.2577534400864174,0.21248651141440744,1.2832962,0.23802929878312917,1.215376575180462,0.17010964650845195,1.2733560890666107,0.2280891603946007,1.2799666415423547,0.23469971287034475
E01026167,E01026167,Lincoln 003G,Lincoln,E01026167,1,2021,0.580066035072069,1.04526692867201,-0.034767619970710095,61.62922101726365,64.31395101179096,0.0,0.0,0.0,1.04526692867201,0.465200893599941,1.0104993087013,0.4304332736292309,1.2365788681991865,0.6565128331271175,1.218785703270579,0.6387196681985099,1.1327527472004573,0.5526867121283883,1.1712286253144133,0.5911625902423443,1.2382006591432235,0.6581346240711545,1.1437763,0.5637102624972059,1.1665001501240155,0.5864341150519465,1.2045856547208753,0.6245196196488063,1.1849868792708638,0.6049208441987948
E01026167,E01026167,Lincoln 003G,Lincoln,E01026167,1,2022,0.976262328825726,0.580066035072069,-0.465200893599941,61.62922101726365,64.31395101179096,0.0,0.0,0.0,0.580066035072069,-0.39619629375365695,0.11486514147212801,-0.8613971873535979,1.1558411799179737,0.1795788510922478,1.1164974637764713,0.14023513495074535,1.2671204887737944,0.2908581599480684,1.122329969717261,0.14606764089153512,1.105432255866273,0.12916992704054708,1.1158434,0.139581086434589,1.073688316339389,0.09742598751366316,1.0341803268341079,0.05791799800838193,1.1274985046185297,0.1512361757928038
E01026122,E01026122,Lincoln 004A,Lincoln,E01026122,1,2020,1.01200500657077,1.19532047360315,0.531131574081681,39.7154712388957,49.57145911484224,0.0,0.0,0.0,1.19532047360315,0.18331546703238,1.7264520476848308,0.7144470411140609,1.3110552136014892,0.2990502070307193,1.2582824022775168,0.24627739570674678,1.1699214563177216,0.15791644974695163,1.1185773348699375,0.10657232829916752,1.2674195378052866,0.25541453123451663,1.1228838,0.11087879012112456,1.307088049208433,0.29508304263766294,1.227201912154389,0.21519690558361892,1.2305277245551771,0.21852271798440714
E01026122,E01026122,Lincoln 004A,Lincoln,E01026122,1,2021,0.71597840970513,1.01200500657077,-0.18331546703238,39.7154712388957,49.57145911484224,0.0,0.0,0.0,1.01200500657077,0.2960265968656399,0.82868953953839,0.11271112983325993,1.2227798791525697,0.5068014694474396,1.202803066803089,0.48682465709795886,0.9649540841408898,0.24897567443575974,1.0459474651865868,0.3299690554814567,0.9764413012283039,0.2604628915231738,0.89789623,0.18191782051566463,1.0503212517247678,0.3343428420196377,1.1239427420190373,0.4079643323139073,1.1165775841579688,0.40059917445283877
E01026122,E01026122,Lincoln 004A,Lincoln,E01026122,1,2022,0.986433686093618,0.71597840970513,-0.2960265968656399,39.7154712388957,49.57145911484224,0.0,0.0,0.0,0.71597840970513,-0.270455276388488,0.4199518128394901,-0.5664818732541279,1.1670601179146283,0.18062643182101024,1.1518525585989607,0.1654188725053427,1.0881023469783637,0.10166866088474569,1.0526377345405162,0.0662040484468982,1.0494415679199562,0.06300788182633821,1.0663072,0.07987350098676527,1.1064142534649546,0.11998056737133656,1.0988077778980854,0.11237409180446734,1.1059673379332926,0.11953365183967457
E01026123,E01026123,Lincoln 004B,Lincoln,E01026123,1,2020,1.20870268960286,1.01373892899617,0.08745115211063004,47.2425075684916,56.19124604299965,0.0,0.0,0.0,1.01373892899617,-0.19496376060669007,1.1011900811068,-0.10751260849606004,1.206575115588929,-0.002127574013931044,1.161992961804161,-0.0467097277986992,1.2615476036915165,0.052844914088656436,1.224616559417949,0.01591386981508891,1.145901276714393,-0.06280141288846708,1.1128504,-0.09585226197529662,1.141919554275726,-0.0667831353271342,1.2136549327862727,0.004952243183412586,1.1804548587595933,-0.028247830843266764
E01026123,E01026123,Lincoln 004B,Lincoln,E01026123,1,2021,1.16478146091163,1.20870268960286,0.19496376060669007,47.2425075684916,56.19124604299965,0.0,0.0,0.0,1.20870268960286,0.04392122869123005,1.4036664502095502,0.23888498929792013,1.2729157739981014,0.10813431308647137,1.2531505002077665,0.08836903929613649,1.1592883558503966,-0.005493105061233461,1.143238690625155,-0.021542770286475,1.1167630134943731,-0.048018447417256915,1.1922022,0.027420749514700526,1.2929598824327468,0.1281784215211168,1.2600233146595585,0.09524185374792848,1.2288731252953293,0.06409166438369929
E01026123,E01026123,Lincoln 004B,Lincoln,E01026123,1,2022,1.22316578946047,1.16478146091163,-0.04392122869123005,47.2425075684916,56.19124604299965,0.0,0.0,0.0,1.16478146091163,-0.0583843285488399,1.1208602322204,-0.10230555724006996,1.4050028647825628,0.1818370753220928,1.3567646109821456,0.13359882152167568,1.268963237981879,0.04579744852140899,1.1803324558234602,-0.042833333637009696,1.284929800749715,0.061764011289245024,1.2839329,0.06076713481015994,1.2701533303744945,0.04698754091402457,1.3556896465770873,0.1325238571166174,1.3528320702850363,0.12966628082456633
E01026124,E01026124,Lincoln 004C,Lincoln,E01026124,1,2020,1.04050988936209,0.983491046067045,0.08214709629112493,28.71711033470949,43.7057504491828,0.0,0.0,0.0,0.983491046067045,-0.05701884329504514,1.06563814235817,0.025128252996079903,1.250733211683323,0.21022332232123286,1.2529384105207733,0.21242852115868316,1.225370219581114,0.18486033021902393,1.0871574940520976,0.046647604690007505,1.1996069313055906,0.1590970419435005,1.1960381,0.1555282375834055,1.1814607063245481,0.14095081696245804,1.251809216963179,0.21129932760108883,1.2269326150161595,0.18642272565406937
E01026124,E01026124,Lincoln 004C,Lincoln,E01026124,1,2021,1.04038818139165,1.04050988936209,0.05701884329504514,28.71711033470949,43.7057504491828,0.0,0.0,0.0,1.04050988936209,0.00012170797044008808,1.0975287326571352,0.05714055126548523,1.2143751139978831,0.1739869326062331,1.2156157713665652,0.17522758997491517,1.099435547922906,0.059047366531256085,1.1239367102015074,0.08354852880985741,1.1068137897799835,0.06642560838833345,1.0851024,0.044714257535046764,1.0694913582038703,0.0291031768122203,1.153997222134744,0.11360904074309408,1.1736714052604933,0.13328322386884328
E01026124,E01026124,Lincoln 004C,Lincoln,E01026124,1,2022,0.729764072334594,1.04038818139165,-0.00012170797044008808,28.71711033470949,43.7057504491828,0.0,0.0,0.0,1.04038818139165,0.31062410905705606,1.04026647342121,0.310502401086616,1.2920141860609766,0.5622501137263827,1.271364127078649,0.5416000547440551,1.1474160119836303,0.41765193964903635,1.0879140697409566,0.35814999740636266,1.1103537562215147,0.3805896838869207,1.1078559,0.37809184368866045,1.1430270498099657,0.4132629774753718,1.1993961356878065,0.4696320633532125,1.2033671890765385,0.47360311674194455
E01026126,E01026126,Lincoln 004D,Lincoln,E01026126,1,2020,2.50485139742615,1.61047842002945,-0.4466320543241702,32.04496888347752,44.92934745169165,0.0,0.0,0.0,1.61047842002945,-0.8943729773967002,1.1638463657052798,-1.3410050317208704,1.9769342348399555,-0.5279171625861947,1.9426035570547484,-0.5622478403714017,2.0618058785913553,-0.4430455188347948,1.9466891821202283,-0.5581622153059218,2.0510942061777815,-0.45375719124836866,2.0256298,-0.4792216385913113,1.9356415426561329,-0.5692098547700173,1.7981072034131333,-0.7067441940130168,1.990158500110518,-0.5146928973156322
E01026126,E01026126,Lincoln 004D,Lincoln,E01026126,1,2021,2.68537679464285,2.50485139742615,0.8943729773967002,32.04496888347752,44.92934745169165,0.0,0.0,0.0,2.50485139742615,-0.1805253972166998,3.3992243748228503,0.7138475801800004,2.3502882116861064,-0.3350885829567436,2.267037767592897,-0.41833902704995296,2.564567848170021,-0.1208089464728288,2.112961990260626,-0.5724148043822241,2.0300706590564386,-0.6553061355864114,2.2629762,-0.4224006250566683,2.026678718950428,-0.6586980756924219,2.07810106788135,-0.6072757267614999,2.26017211837405,-0.4252046762688
E01026126,E01026126,Lincoln 004D,Lincoln,E01026126,1,2022,2.91257128480541,2.68537679464285,0.1805253972166998,32.04496888347752,44.92934745169165,0.0,0.0,0.0,2.68537679464285,-0.22719449016256021,2.8659021918595498,-0.04666909294586041,2.4912026032141315,-0.4213686815912787,2.408159078178177,-0.504412206627233,2.5340818383717005,-0.37848944643370963,2.1398662209160406,-0.7727050638893695,2.203877993078031,-0.7086932917273794,2.3169792,-0.5955921149598291,2.12211002774938,-0.7904612570560303,2.137878227692712,-0.7746930571126982,2.399692198695058,-0.512879086110352
E01026152,E01026152,Lincoln 004E,Lincoln,E01026152,1,2020,2.24034481716782,1.86626472416581,0.7007681246279198,60.24470053774846,65.79392690277301,0.0,0.0,0.0,1.86626472416581,-0.37408009300201006,2.5670328487937297,0.32668803162590976,1.8714149593025593,-0.36892985786526067,1.797039536476811,-0.44330528069100894,1.668347907394369,-0.571996909773451,1.6440860516751221,-0.5962587654926979,1.4000998510850728,-0.8402449660827471,1.6630396,-0.5773052520814552,1.608068821023505,-0.632275996144315,1.7711939567438837,-0.4691508604239363,1.7147142578225107,-0.5256305593453092
E01026152,E01026152,Lincoln 004E,Lincoln,E01026152,1,2021,1.63022601634498,2.24034481716782,0.37408009300201006,60.24470053774846,65.79392690277301,0.0,0.0,0.0,2.24034481716782,0.61011880082284,2.61442491016983,0.9841988938248498,2.1246296477550985,0.49440363141011856,2.054999331927129,0.4247733155821489,1.8956477652657229,0.2654217489207429,1.9202063748020146,0.2899803584570346,2.0759600757108965,0.4457340593659165,1.7775778,0.1473517414904082,1.85142233512499,0.22119631878001011,2.031510547225783,0.40128453088080285,2.040971919508353,0.4107459031633729
E01026152,E01026152,Lincoln 004E,Lincoln,E01026152,1,2022,2.08607256811353,1.63022601634498,-0.61011880082284,60.24470053774846,65.79392690277301,0.0,0.0,0.0,1.63022601634498,-0.45584655176855016,1.02010721552214,-1.0659653525913901,2.0803472885742327,-0.005725279539297468,2.057499967859617,-0.028572600253913283,1.965738272499898,-0.12033429561363218,1.9689904974186023,-0.11708207069492782,2.1056882181801853,0.01961565006665511,1.8971541,-0.18891847532483386,1.8727362075691731,-0.213336360544357,1.9048131267524901,-0.18125944136104,2.0078828793048786,-0.07818968880865151
E01026154,E01026154,Lincoln 004F,Lincoln,E01026154,1,2020,0.930452252644662,1.0014915516352,0.40362943848783206,59.397708783891936,65.10987934065663,0.0,0.0,0.0,1.0014915516352,0.07103929899053807,1.4051209901230322,0.47466873747837013,1.1864395838834154,0.2559873312387534,1.1344926434530058,0.2040403908083438,0.8982589619594196,-0.03219329068524246,1.0016351773105565,0.07118292466589449,0.870931134117825,-0.05952111852683706,0.7742104,-0.15624185921585954,1.0248889430832677,0.0944366904386057,1.0853436746967282,0.15489142205206619,1.0413082562616511,0.11085600361698911
E01026154,E01026154,Lincoln 004F,Lincoln,E01026154,1,2021,1.90660597664431,0.930452252644662,-0.07103929899053807,59.397708783891936,65.10987934065663,0.0,0.0,0.0,0.930452252644662,-0.976153723999648,0.859412953654124,-1.047193022990186,1.1556226698964223,-0.7509833067478877,1.1393651091396424,-0.7672408675046676,1.1506117371194025,-0.7559942395249075,1.1056422011254157,-0.8009637755188943,1.0935468973439286,-0.8130590793003813,1.0570024,-0.8496035514505234,1.0899813404144998,-0.8166246362298102,1.1113550514119763,-0.7952509252323336,1.119892631777423,-0.786713344866887
E01026154,E01026154,Lincoln 004F,Lincoln,E01026154,1,2022,1.54290868229725,1.90660597664431,0.976153723999648,59.397708783891936,65.10987934065663,0.0,0.0,0.0,1.90660597664431,0.36369729434706,2.882759700643958,1.339851018346708,1.7846010956092884,0.2416924133120384,1.71995538146396,0.17704669916671012,1.4049031898679216,-0.13800549242932836,1.5051311609217184,-0.037777521375531586,1.5775416277884924,0.034632945491242406,1.4194852,-0.12342347092487449,1.4658294264477152,-0.07707925584953479,1.6223526735212246,0.07944399122397461,1.6504539751879581,0.10754529289070813
E01026156,E01026156,Lincoln 004G,Lincoln,E01026156,1,2020,1.303082652421,1.3823819644173,0.33570484713712,61.18147710793052,66.29242792202514,0.0,0.0,0.0,1.3823819644173,0.07929931199630014,1.7180868115544201,0.41500415913342015,1.4077735588837972,0.10469090646279722,1.369496721878592,0.0664140694575921,1.3340075161311997,0.030924863710199757,1.3106280415633846,0.007545389142384673,1.1316336606698307,-0.17144899175116923,1.1879066,-0.11517602953434225,1.1276607113962667,-0.1754219410247333,1.269913892985574,-0.033168759435425965,1.2700842527349856,-0.03299839968601437
E01026156,E01026156,Lincoln 004G,Lincoln,E01026156,1,2021,1.43618830803649,1.303082652421,-0.07929931199630014,61.18147710793052,66.29242792202514,0.0,0.0,0.0,1.303082652421,-0.13310565561548993,1.2237833404246998,-0.21240496761179006,1.4343384846671487,-0.0018498233693411414,1.4372013873357565,0.0010130792992666393,1.3971018835130595,-0.03908642452343036,1.4098495909475306,-0.026338717088959296,1.420480766837582,-0.015707541198907826,1.520534,0.08434573050721128,1.3256242072283773,-0.11056410080811263,1.367116602016501,-0.0690717060199888,1.4911263153752345,0.054938007338744654
E01026156,E01026156,Lincoln 004G,Lincoln,E01026156,1,2022,1.30123470007712,1.43618830803649,0.13310565561548993,61.18147710793052,66.29242792202514,0.0,0.0,0.0,1.43618830803649,0.13495360795936984,1.5692939636519798,0.26805926357485976,1.5780988675193766,0.2768641674422565,1.5598144036242811,0.2585797035471611,1.5587134190583165,0.25747871898119645,1.5524648962625704,0.2512301961854504,1.5245128252562852,0.22327812517916512,1.5946053,0.2933706265754068,1.5060425564550264,0.20480785637790633,1.4932201847710853,0.19198548469396526,1.5808702040498432,0.2796355039727232
E01026132,E01026132,Lincoln 005A,Lincoln,E01026132,1,2020,-0.121719434526493,-0.270691236460034,0.216207012740382,49.03555997946557,49.13887946994601,0.0,0.0,0.0,-0.270691236460034,-0.148971801933541,-0.054484223719652,0.067235210806841,0.12633186820213516,0.24805130272862816,0.07454810674271595,0.19626754126920895,-0.14614746458911704,-0.024428030062624034,-0.15026577210358874,-0.028546337577095737,-0.261443077146892,-0.13972364262039902,-0.20127992,-0.07956048879332359,-0.12160403799280176,0.0001153965336912477,-0.07389957666329451,0.04781985786319849,-0.0871532563965969,0.0345661781298961
E01026132,E01026132,Lincoln 005A,Lincoln,E01026132,1,2021,0.166746630885479,-0.121719434526493,0.148971801933541,49.03555997946557,49.13887946994601,0.0,0.0,0.0,-0.121719434526493,-0.288466065411972,0.027252367407048006,-0.139494263478431,0.12591441435398765,-0.040832216531491355,0.1132502455023594,-0.0534963853831196,-0.03402142210042005,-0.20076805298589906,0.00562822555610873,-0.16111840532937027,-0.10281976592979744,-0.26956639681527644,-0.13659145,-0.3033380802654,-0.07550090777395388,-0.24224753865943288,-0.035774753266824416,-0.20252138415230342,-0.0005722353369057853,-0.1673188662223848
E01026132,E01026132,Lincoln 005A,Lincoln,E01026132,1,2022,0.193725883594766,0.166746630885479,0.288466065411972,49.03555997946557,49.13887946994601,0.0,0.0,0.0,0.166746630885479,-0.026979252709287,0.455212696297451,0.261486812702685,0.4127285645036602,0.2190026809088942,0.37061787260793844,0.17689198901317243,0.23232210387727373,0.038596220282507726,0.22335938751675394,0.029633503921987936,0.12938984143621998,-0.06433604215854602,0.16760455,-0.026121332875504832,0.15635889200858422,-0.037366991586181786,0.2186642680455325,0.024938384450766488,0.26505646788730736,0.07133058429254135
E01026143,E01034687,Lincoln 005E,Lincoln,E01026143,1,2020,0.0844214973753452,0.131596269521759,0.0029097198725360207,58.94386255577071,56.39602906318882,0.0,0.0,0.0,0.131596269521759,0.047174772146413815,0.13450598939429503,0.050084492018949836,0.45858257866073154,0.37416108128538633,0.4002202310744301,0.3157987336990849,0.28083336339704495,0.19641186602169974,0.26505316032030707,0.18063166294496186,0.18842174401289782,0.10400024663755263,0.26881608,0.18439458629431726,0.279633837515967,0.19521234014062178,0.271482483451182,0.18706098607583677,0.31962732247188236,0.23520582509653715
E01026143,E01034687,Lincoln 005E,Lincoln,E01026143,1,2021,0.359067795148435,0.0844214973753452,-0.047174772146413815,58.94386255577071,56.39602906318882,0.0,0.0,0.0,0.0844214973753452,-0.2746462977730898,0.03724672522893138,-0.32182106991950366,0.3232045655631853,-0.035863229585249734,0.315072505073447,-0.043995290074988036,0.22963605237040394,-0.12943174277803107,0.24011172397210157,-0.11895607117633344,0.18261156989782393,-0.17645622525061108,0.22327684,-0.13579095648819484,0.27097471344435253,-0.08809308170408248,0.20077821983818964,-0.15828957531024537,0.27786624034511725,-0.08120155480331775
E01026143,E01034687,Lincoln 005E,Lincoln,E01026143,1,2022,0.292112847078489,0.359067795148435,0.2746462977730898,58.94386255577071,56.39602906318882,0.0,0.0,0.0,0.359067795148435,0.06695494806994601,0.6337140929215248,0.3416012458430358,0.6080968636594135,0.3159840165809245,0.5490575289270258,0.25694468184853675,0.47151011133187715,0.17939726425338814,0.47688472210081834,0.18477187502232933,0.41125517523449884,0.11914232815600984,0.39454865,0.10243580747778541,0.4706789000058387,0.17856605292734967,0.473427051293179,0.18131420421469002,0.5125046111599061,0.22039176408141709
E01026143,E01034688,Lincoln 005F,Lincoln,E01026143,1,2020,0.0844214973753452,0.131596269521759,0.0029097198725360207,58.94386255577071,56.39602906318882,0.0,0.0,0.0,0.131596269521759,0.047174772146413815,0.13450598939429503,0.050084492018949836,0.45858257866073154,0.37416108128538633,0.4002202310744301,0.3157987336990849,0.28083336339704495,0.19641186602169974,0.26505316032030707,0.18063166294496186,0.18842174401289782,0.10400024663755263,0.26881608,0.18439458629431726,0.279633837515967,0.19521234014062178,0.271482483451182,0.18706098607583677,0.31962732247188236,0.23520582509653715
E01026143,E01034688,Lincoln 005F,Lincoln,E01026143,1,2021,0.359067795148435,0.0844214973753452,-0.047174772146413815,58.94386255577071,56.39602906318882,0.0,0.0,0.0,0.0844214973753452,-0.2746462977730898,0.03724672522893138,-0.32182106991950366,0.3232045655631853,-0.035863229585249734,0.315072505073447,-0.043995290074988036,0.22963605237040394,-0.12943174277803107,0.24011172397210157,-0.11895607117633344,0.18261156989782393,-0.17645622525061108,0.22327684,-0.13579095648819484,0.27097471344435253,-0.08809308170408248,0.20077821983818964,-0.15828957531024537,0.27786624034511725,-0.08120155480331775
E01026143,E01034688,Lincoln 005F,Lincoln,E01026143,1,2022,0.292112847078489,0.359067795148435,0.2746462977730898,58.94386255577071,56.39602906318882,0.0,0.0,0.0,0.359067795148435,0.06695494806994601,0.6337140929215248,0.3416012458430358,0.6080968636594135,0.3159840165809245,0.5490575289270258,0.25694468184853675,0.47151011133187715,0.17939726425338814,0.47688472210081834,0.18477187502232933,0.41125517523449884,0.11914232815600984,0.39454865,0.10243580747778541,0.4706789000058387,0.17856605292734967,0.473427051293179,0.18131420421469002,0.5125046111599061,0.22039176408141709
E01026145,E01026145,Lincoln 005C,Lincoln,E01026145,1,2020,0.320298578482392,0.18977366782543,0.2753809952321631,61.47553857065585,58.128667240077576,0.0,0.0,0.0,0.18977366782543,-0.130524910656962,0.4651546630575931,0.1448560845752011,0.4742806295453412,0.1539820510629492,0.40346054345053783,0.08316196496814582,0.3176906558544834,-0.0026079226279085987,0.3090159897160673,-0.011282588766324708,0.2805901261086662,-0.03970845237372583,0.27882892,-0.04146965954852361,0.2525962608062238,-0.06770231767616819,0.30669908454851236,-0.013599493933879658,0.35583105793800424,0.03553247945561222
E01026145,E01026145,Lincoln 005C,Lincoln,E01026145,1,2021,0.592562664838801,0.320298578482392,0.130524910656962,61.47553857065585,58.128667240077576,0.0,0.0,0.0,0.320298578482392,-0.27226408635640903,0.450823489139354,-0.14173917569944705,0.4605616616596859,-0.13200100317911517,0.4382017622916474,-0.15436090254715362,0.4386898245645698,-0.15387284027423126,0.4057417714547506,-0.18682089338405045,0.4316508438149842,-0.16091182102381685,0.39622563,-0.19633703360177102,0.4084623973160384,-0.18410026752276265,0.37274364380109126,-0.21981902103770978,0.4465068339918068,-0.14605583084699425
E01026145,E01026145,Lincoln 005C,Lincoln,E01026145,1,2022,0.681360302122468,0.592562664838801,0.27226408635640903,61.47553857065585,58.128667240077576,0.0,0.0,0.0,0.592562664838801,-0.08879763728366696,0.8648267511952101,0.18346644907274212,0.7770925720025265,0.09573226988005845,0.7182459269358679,0.03688562481339985,0.6424599720758732,-0.03890033004659477,0.6839269163183336,0.0025666141958655686,0.6243670789928065,-0.056993223129661486,0.5987033,-0.08265697732769872,0.6441069651166045,-0.03725333700586353,0.6409721582396535,-0.04038814388281453,0.6970719593583301,0.015711657235862098
E01026146,E01026146,Lincoln 005D,Lincoln,E01026146,1,2020,0.209891688738686,0.69677000152141,0.19194205990749802,54.79368443453655,53.130804470454805,0.0,0.0,0.0,0.69677000152141,0.486878312782724,0.888712061428908,0.678820372690222,0.8310119153731081,0.6211202266344221,0.7844704093000774,0.5745787205613914,0.8632138590518521,0.6533221703131661,0.8270667341019616,0.6171750453632756,0.7762244278427394,0.5663327391040534,0.7420414,0.5321497202769695,0.7513248200197301,0.5414331312810441,0.7997038138804919,0.5898121251418059,0.7826475661503816,0.5727558774116955
E01026146,E01026146,Lincoln 005D,Lincoln,E01026146,1,2021,0.672273382053732,0.209891688738686,-0.486878312782724,54.79368443453655,53.130804470454805,0.0,0.0,0.0,0.209891688738686,-0.46238169331504597,-0.27698662404403795,-0.94926000609777,0.6054950993909082,-0.06677828266282382,0.5977284992505354,-0.0745448828031966,0.5134927117790788,-0.15878067027465315,0.5285226907677739,-0.14375069128595808,0.4553700134988103,-0.2169033685549217,0.5076735,-0.1645998800853482,0.548586205679237,-0.123687176374495,0.5375519813622988,-0.13472140069143324,0.5489520044506082,-0.12332137760312378
E01026146,E01026146,Lincoln 005D,Lincoln,E01026146,1,2022,0.463691549589084,0.672273382053732,0.46238169331504597,54.79368443453655,53.130804470454805,0.0,0.0,0.0,0.672273382053732,0.208581832464648,1.1346550753687779,0.6709635257796939,0.8357779309779547,0.37208638138887073,0.7789841683124663,0.3152926187233823,0.7891279393301085,0.3254363897410245,0.7787561678227599,0.31506461823367593,0.73296436327656,0.269272813687476,0.72910446,0.2654129096966521,0.7522829893479716,0.28859143975888757,0.8185501109803982,0.3548585613913142,0.7707425657249181,0.3070510161358341
E01026134,E01026134,Lincoln 006A,Lincoln,E01026134,1,2020,1.36359895526056,1.54445814923076,0.41417673130371013,52.40845861518006,54.99146290342378,0.0,0.0,0.0,1.54445814923076,0.1808591939702,1.9586348805344702,0.5950359252739101,1.535557590674157,0.1719586354135969,1.4800041738674137,0.1164052186068536,1.3332198397058983,-0.030379115554661773,1.3601640995473245,-0.0034348557132355406,1.335952607515619,-0.027646347744941124,1.4074852,0.04388629139776512,1.3443849549583973,-0.019214000302162804,1.4322538288089983,0.06865487354843824,1.4296193367774834,0.06602038151692335
E01026134,E01026134,Lincoln 006A,Lincoln,E01026134,1,2021,1.51718021136609,1.36359895526056,-0.1808591939702,52.40845861518006,54.99146290342378,0.0,0.0,0.0,1.36359895526056,-0.15358125610552986,1.18273976129036,-0.33444045007572987,1.473360724468348,-0.043819486897741955,1.4746946986532226,-0.04248551271286738,1.4210246569971605,-0.09615555436892942,1.4218784451205069,-0.09530176624558306,1.4096068494901046,-0.10757336187598532,1.464224,-0.05295623046246445,1.4495809193681939,-0.06759929199789605,1.430180684214151,-0.08699952715193904,1.5056276315211508,-0.011552579844939181
E01026134,E01026134,Lincoln 006A,Lincoln,E01026134,1,2022,1.4879925471492,1.51718021136609,0.15358125610552986,52.40845861518006,54.99146290342378,0.0,0.0,0.0,1.51718021136609,0.029187664216890008,1.6707614674716198,0.18276892032241987,1.6660061230724756,0.1780135759232757,1.6270583254810498,0.13906577833184985,1.9374477099118144,0.44945516276261444,1.6832017547371363,0.19520920758793636,1.6674778237275298,0.1794852765783299,1.8599269,0.3719343918614202,1.681275556388089,0.19328300923888908,1.6454082778407706,0.15741573069157067,1.6840514330890557,0.19605888593985576
E01026176,E01026176,Lincoln 006B,Lincoln,E01026176,1,2020,1.08958615425451,1.07054047774277,0.183042441707987,46.29140866577948,48.12684688045204,0.0,0.0,0.0,1.07054047774277,-0.01904567651173994,1.253582919450757,0.16399676519624706,1.2914875498770648,0.20190139562255482,1.2486562401557484,0.1590700859012384,1.1745822034158813,0.08499604916137127,1.1760525661287629,0.08646641187425286,1.2107211877692179,0.12113503351470789,1.1896769,0.10009072658197682,1.2363951982150418,0.14680904396053185,1.1595095269232394,0.06992337266872939,1.2352030567109065,0.14561690245639647
E01026176,E01026176,Lincoln 006B,Lincoln,E01026176,1,2021,0.728882465924047,1.08958615425451,0.01904567651173994,46.29140866577948,48.12684688045204,0.0,0.0,0.0,1.08958615425451,0.36070368833046296,1.10863183076625,0.3797493648422029,1.2894619155939047,0.5605794496698576,1.2577963384696542,0.5289138725456072,1.0817356109333762,0.3528531450093292,1.093125699133688,0.3642432332096409,1.0221074332162432,0.29322496729219616,1.034338,0.3054555315124764,1.167292320984834,0.438409855060787,1.1117590231828065,0.38287655725875946,1.171120594637194,0.44223812871314705
E01026176,E01026176,Lincoln 006B,Lincoln,E01026176,1,2022,0.958043889562959,0.728882465924047,-0.36070368833046296,46.29140866577948,48.12684688045204,0.0,0.0,0.0,0.728882465924047,-0.229161423638912,0.3681787775935841,-0.589865111969375,1.1519536148094047,0.19390972524644567,1.1402276992475933,0.1821838096846342,1.0523316128958657,0.09428772333290669,1.0616736001418128,0.10362971057885373,0.982794707817145,0.024750818254185902,0.97309256,0.01504866643679681,1.0556550070078747,0.09761111744491568,0.9961937716952676,0.03814988213230852,1.0894290661041592,0.1313851765412002
E01026177,E01026177,Lincoln 006C,Lincoln,E01026177,1,2020,0.731407104822192,1.3290643756933,0.748913648223813,46.484253114762076,47.916816586563755,0.0,0.0,0.0,1.3290643756933,0.5976572708711081,2.077978023917113,1.346570919094921,1.251812173823612,0.5204050690014201,1.2738528845757748,0.5424457797535829,1.2536362776257903,0.5222291728035984,1.2542973683790468,0.5228902635568549,1.2090540786604764,0.47764697383828447,1.0236971,0.29229003301044965,1.2473969169798953,0.5159898121577033,1.1012019240297053,0.36979481920751334,1.2208133858999526,0.48940628107776063
E01026177,E01026177,Lincoln 006C,Lincoln,E01026177,1,2021,0.692588777483897,0.731407104822192,-0.5976572708711081,46.484253114762076,47.916816586563755,0.0,0.0,0.0,0.731407104822192,0.03881832733829493,0.13374983395108386,-0.5588389435328132,0.9438603354803216,0.25127155799642453,1.0494472629576304,0.35685848547373333,1.0230868717261792,0.33049809424228216,1.015080673747818,0.32249189626392094,0.9945360085485978,0.3019472310647008,0.8172538,0.12466505056480903,0.922359516921456,0.229770739437559,0.8668411656959168,0.17425238821201983,0.9660605933555688,0.2734718158716718
E01026177,E01026177,Lincoln 006C,Lincoln,E01026177,1,2022,0.549368381463424,0.692588777483897,-0.03881832733829493,46.484253114762076,47.916816586563755,0.0,0.0,0.0,0.692588777483897,0.14322039602047298,0.6537704501456021,0.10440206868217805,0.9234335688980558,0.3740651874346318,1.0177857990284553,0.4684174175650313,1.0545280041084162,0.5051596226449921,1.0738394515109193,0.5244710700474953,1.1043816682247096,0.5550132867612856,0.8902692,0.34090083841191166,1.0471215256876554,0.49775314422423134,0.9316013064538555,0.3822329249904315,1.0140800236515173,0.46471164218809324
E01026178,E01026178,Lincoln 006D,Lincoln,E01026178,1,2020,0.827769602402325,1.25581450512805,0.6355005660956831,48.627697172276996,50.447346012446005,0.0,0.0,0.0,1.25581450512805,0.42804490272572504,1.8913150712237332,1.0635454688214083,1.140256054659732,0.312486452257407,1.1265693122163798,0.2987997098140548,1.0726782374868085,0.24490863508448346,1.1633102630147045,0.3355406606123795,0.9243444399411558,0.09657483753883078,0.9587519,0.13098231448305098,1.0705932945105512,0.24282369210822619,1.0627484242086243,0.23497882180629925,1.0765991127582768,0.2488295103559518
E01026178,E01026178,Lincoln 006D,Lincoln,E01026178,1,2021,0.851707454600209,0.827769602402325,-0.42804490272572504,48.627697172276996,50.447346012446005,0.0,0.0,0.0,0.827769602402325,-0.023937852197884024,0.39972469967659996,-0.45198275492360906,1.0359388594055738,0.18423140480536482,1.072479080565217,0.22077162596500788,1.0980684221790196,0.24636096757881054,1.0805533521145074,0.2288458975142984,0.8906471792503095,0.03893972465010043,0.9734474,0.12173992784989474,1.0027020321058897,0.15099457750568068,0.9731706463959436,0.12146319179573462,1.0129965249129342,0.1612890703127252
E01026178,E01026178,Lincoln 006D,Lincoln,E01026178,1,2022,0.890729772399274,0.851707454600209,0.023937852197884024,48.627697172276996,50.447346012446005,0.0,0.0,0.0,0.851707454600209,-0.039022317799064954,0.875645306798093,-0.01508446560118093,1.0979691331279744,0.20723936072870042,1.124078700856922,0.23334892845764799,1.2043532016902772,0.3136234292910032,1.1482639726449682,0.2575342002456942,1.120001088009307,0.229271315610033,1.1816765,0.2909467345968808,1.178713856341075,0.2879840839418011,1.1444185016314368,0.2536887292321628,1.1096540377273962,0.21892426532812226
E01026127,E01026127,Lincoln 007A,Lincoln,E01026127,1,2020,1.98000567661486,2.17369815746661,0.16791552903652995,82.65208203350035,66.90197679836979,0.0,0.0,0.0,2.17369815746661,0.19369248085174995,2.34161368650314,0.3616080098882799,2.2223716758172243,0.24236599920236435,2.1687833096795273,0.18877763306466733,1.8948467118515753,-0.08515896476328466,1.9179552677913865,-0.06205040882347346,2.2163643561469217,0.2363586795320618,1.9976567,0.01765102638044036,2.01067111978678,0.030665443171919993,2.129520783030906,0.14951510641604626,2.1457092186010125,0.16570354198615256
E01026127,E01026127,Lincoln 007A,Lincoln,E01026127,1,2021,1.98027654323181,1.98000567661486,-0.19369248085174995,82.65208203350035,66.90197679836979,0.0,0.0,0.0,1.98000567661486,-0.00027086661694997183,1.78631319576311,-0.19396334746869992,2.1692161148034153,0.18893957157160535,2.160681816892995,0.18040527366118497,1.9807142709431287,0.0004377277113187805,1.9806400174073928,0.00036347417558291184,2.2013456691115407,0.22106912587973082,1.9873724,0.007095855144654939,1.9000868787325966,-0.08018966449921328,2.015917582404861,0.03564103917305128,2.12241136567138,0.14213482243956999
E01026127,E01026127,Lincoln 007A,Lincoln,E01026127,1,2022,1.71288467273268,1.98027654323181,0.00027086661694997183,82.65208203350035,66.90197679836979,0.0,0.0,0.0,1.98027654323181,0.2673918704991298,1.9805474098487599,0.2676627371160798,2.219323849763758,0.5064391770310781,2.1976388847664547,0.48475421203377467,2.0033531520482604,0.2904684793155803,2.003510434585146,0.2906257618524659,2.247578501554653,0.5346938288219731,2.0588095,0.34592484608140683,1.9983400005946033,0.2854553278619232,2.0923251866602617,0.3794405139275816,2.1533652373804153,0.4404805646477352
E01026128,E01034689,Lincoln 007E,Lincoln,E01026128,1,2020,1.08360260076251,0.820722521178227,-0.007640634797148049,81.15571088840169,66.19585506993305,0.0,0.0,0.0,0.820722521178227,-0.26288007958428294,0.8130818863810789,-0.270520714381431,1.0513416275055554,-0.03226097325695454,1.006279550199687,-0.07732305056282285,0.9812435120443189,-0.102359088718191,0.9752352132548459,-0.10836738750766406,0.9398097191050747,-0.1437928816574352,1.0066838,-0.07691877431597671,0.9599009962745817,-0.12370160448792822,0.9844049838938208,-0.09919761686868911,0.9906499057435822,-0.09295269501892767
E01026128,E01034689,Lincoln 007E,Lincoln,E01026128,1,2021,1.32847230107455,1.08360260076251,0.26288007958428294,81.15571088840169,66.19585506993305,0.0,0.0,0.0,1.08360260076251,-0.24486970031204014,1.3464826803467929,0.018010379272242805,1.2070141935411403,-0.1214581075334098,1.1760267322889486,-0.15244556878560145,1.2387112737629546,-0.08976102731159541,1.258998262519965,-0.06947403855458512,1.2043426814394476,-0.1241296196351025,1.2184931,-0.10997919709353199,1.1801254078110595,-0.1483468932634906,1.142460985559166,-0.18601131551538397,1.1995426599829875,-0.12892964109156257
E01026128,E01034689,Lincoln 007E,Lincoln,E01026128,1,2022,1.42198386068384,1.32847230107455,0.24486970031204014,81.15571088840169,66.19585506993305,0.0,0.0,0.0,1.32847230107455,-0.09351155960928992,1.5733420013865902,0.15135814070275022,1.3892570111870997,-0.03272684949674032,1.3494340230503241,-0.07254983763351586,1.3288660937922627,-0.09311776689157725,1.368123035777199,-0.053860824906641014,1.2412787059422288,-0.1807051547416112,1.3566993,-0.06528451318780726,1.2094919820529868,-0.21249187863085317,1.1958638742228536,-0.2261199864609864,1.335477610421153,-0.08650625026268699
E01026128,E01034690,Lincoln 007F,Lincoln,E01026128,1,2020,1.08360260076251,0.820722521178227,-0.007640634797148049,81.15571088840169,66.19585506993305,0.0,0.0,0.0,0.820722521178227,-0.26288007958428294,0.8130818863810789,-0.270520714381431,1.0513416275055554,-0.03226097325695454,1.006279550199687,-0.07732305056282285,0.9812435120443189,-0.102359088718191,0.9752352132548459,-0.10836738750766406,0.9398097191050747,-0.1437928816574352,1.0066838,-0.07691877431597671,0.9599009962745817,-0.12370160448792822,0.9844049838938208,-0.09919761686868911,0.9906499057435822,-0.09295269501892767
E01026128,E01034690,Lincoln 007F,Lincoln,E01026128,1,2021,1.32847230107455,1.08360260076251,0.26288007958428294,81.15571088840169,66.19585506993305,0.0,0.0,0.0,1.08360260076251,-0.24486970031204014,1.3464826803467929,0.018010379272242805,1.2070141935411403,-0.1214581075334098,1.1760267322889486,-0.15244556878560145,1.2387112737629546,-0.08976102731159541,1.258998262519965,-0.06947403855458512,1.2043426814394476,-0.1241296196351025,1.2184931,-0.10997919709353199,1.1801254078110595,-0.1483468932634906,1.142460985559166,-0.18601131551538397,1.1995426599829875,-0.12892964109156257
E01026128,E01034690,Lincoln 007F,Lincoln,E01026128,1,2022,1.42198386068384,1.32847230107455,0.24486970031204014,81.15571088840169,66.19585506993305,0.0,0.0,0.0,1.32847230107455,-0.09351155960928992,1.5733420013865902,0.15135814070275022,1.3892570111870997,-0.03272684949674032,1.3494340230503241,-0.07254983763351586,1.3288660937922627,-0.09311776689157725,1.368123035777199,-0.053860824906641014,1.2412787059422288,-0.1807051547416112,1.3566993,-0.06528451318780726,1.2094919820529868,-0.21249187863085317,1.1958638742228536,-0.2261199864609864,1.335477610421153,-0.08650625026268699
E01026129,E01026129,Lincoln 007C,Lincoln,E01026129,1,2020,2.28013311007844,2.42243050151833,0.5111919209226798,84.14133476235676,67.66726026900541,0.0,0.0,0.0,2.42243050151833,0.14229739143988995,2.93362242244101,0.65348931236257,2.3907518187537744,0.11061870867533452,2.312157123899259,0.032024013820818986,2.3889762393553617,0.10884312927692186,2.0957786575636845,-0.18435445251475535,2.1962759526940587,-0.08385715738438115,2.0766916,-0.20344148257599848,2.1040845820142295,-0.17604852806421034,2.172783992715561,-0.10734911736287867,2.223940684596544,-0.056192425481895736
E01026129,E01026129,Lincoln 007C,Lincoln,E01026129,1,2021,2.095090245437,2.28013311007844,-0.14229739143988995,84.14133476235676,67.66726026900541,0.0,0.0,0.0,2.28013311007844,0.18504286464143993,2.13783571863855,0.04274547320154998,2.355455317802316,0.26036507236531614,2.3111725401800154,0.21608229474301544,2.3289883413423493,0.23389809590534938,2.093337096357514,-0.0017531490794859828,2.2059623722660016,0.1108721268290016,1.9866526,-0.10843763275084273,1.9844471113651623,-0.11064313407183768,2.0974625657443164,0.002372320307316489,2.2048630668120053,0.10977282137500532
E01026129,E01026129,Lincoln 007C,Lincoln,E01026129,1,2022,2.80792652979996,2.095090245437,-0.18504286464143993,84.14133476235676,67.66726026900541,0.0,0.0,0.0,2.095090245437,-0.7128362843629601,1.91004738079556,-0.8978791490044,2.3381034184226674,-0.4698231113772926,2.3118073956738363,-0.49611913412612374,2.3760805351706376,-0.4318459946293225,2.1221403049175915,-0.6857862248823685,2.1964265372830747,-0.6114999925168854,2.0300703,-0.7778562249293546,2.036833733400453,-0.7710927963995071,2.0565195357818684,-0.7514069940180916,2.2126672808058756,-0.5952592489940844
E01026131,E01026131,Lincoln 007D,Lincoln,E01026131,1,2020,1.55787057318089,1.44782972278026,-0.17639088895741017,81.76082290725648,66.5225965633002,0.0,0.0,0.0,1.44782972278026,-0.11004085040063005,1.2714388338228497,-0.2864317393580402,1.7399908381246203,0.18212026494373035,1.6970791987022402,0.13920862552135027,1.9021356294228804,0.34426505624199044,1.8787216965046825,0.3208511233237925,1.8956381674320586,0.33776759425116865,1.9775862,0.4197155769884826,1.8878253380382128,0.3299547648573229,1.6662416226344885,0.10837104945359854,1.8282119637274192,0.2703413905465293
E01026131,E01026131,Lincoln 007D,Lincoln,E01026131,1,2021,2.04595715272378,1.55787057318089,0.11004085040063005,81.76082290725648,66.5225965633002,0.0,0.0,0.0,1.55787057318089,-0.4880865795428899,1.66791142358152,-0.37804572914225987,1.7443150317371714,-0.3016421209866085,1.7019651856069518,-0.3439919671168281,1.9721480924623267,-0.07380906026145317,1.88074896293096,-0.16520818979281993,1.9103324749034218,-0.13562467782035803,1.9266993,-0.1192578719849493,1.6860841410909757,-0.35987301163280416,1.6533878174142111,-0.3925693353095687,1.8161723243241261,-0.22978482839965375
E01026131,E01026131,Lincoln 007D,Lincoln,E01026131,1,2022,2.21230375766518,2.04595715272378,0.4880865795428899,81.76082290725648,66.5225965633002,0.0,0.0,0.0,2.04595715272378,-0.16634660494139997,2.53404373226667,0.3217399746014902,2.0818535809475898,-0.13045017671759007,2.0095453364640843,-0.20275842120109555,1.9104583884396975,-0.30184536922548233,1.9756636428073004,-0.2366401148578794,2.219005745966167,0.006701988300987338,2.03583,-0.17647373676063882,1.9643504310023516,-0.2479533266628282,1.9081835983522402,-0.3041201593129397,2.1182423257316323,-0.09406143193354755
E01026133,E01034691,Lincoln 008E,Lincoln,E01026133,1,2020,-0.0447516451098273,0.0715611198531958,0.3840090118549848,53.640680003926526,55.43117636044965,0.0,0.0,0.0,0.0715611198531958,0.11631276496302309,0.4555701317081806,0.5003217768180079,0.3184880351533656,0.3632396802631929,0.2801023059387618,0.3248539510485891,0.22718933072759934,0.27194097583742666,0.2059094360914753,0.2506610812013026,0.1462121942112611,0.1909638393210884,0.18740256,0.23215420641678072,0.11355402192655141,0.15830566703637872,0.18541565012930203,0.23016729523912932,0.19952146011006022,0.24427310521988752
E01026133,E01034691,Lincoln 008E,Lincoln,E01026133,1,2021,0.144849585839371,-0.0447516451098273,-0.11631276496302309,53.640680003926526,55.43117636044965,0.0,0.0,0.0,-0.0447516451098273,-0.18960123094919829,-0.16106441007285038,-0.30591399591222135,0.21864276988949666,0.07379318405012567,0.2188429606598869,0.0739933748205159,0.21896187206512271,0.07411228622575172,0.20565951392140439,0.06080992808203339,0.19859047999000298,0.05374089415063199,0.16120099,0.01635139947309086,0.10417445129566605,-0.040675134543704944,0.13056876110498328,-0.014280824734387715,0.1649933273645709,0.020143741525199904
E01026133,E01034691,Lincoln 008E,Lincoln,E01026133,1,2022,0.340280525938843,0.144849585839371,0.18960123094919829,53.640680003926526,55.43117636044965,0.0,0.0,0.0,0.144849585839371,-0.195430940099472,0.33445081678856925,-0.005829709150273754,0.4357324771305597,0.09545195119171668,0.39846879342802216,0.05818826748917916,0.3226435198814695,-0.017637006057373505,0.2913518171627098,-0.0489287087761332,0.30226002933267426,-0.03802049660616874,0.31632918,-0.023951344744537584,0.308915244250138,-0.031365281688705005,0.280291529645186,-0.059988996293657004,0.33452170700068773,-0.005758818938155275
E01026212,E01026212,North Kesteven 005D,North Kesteven,E01026212,1,2020,0.287840651376501,-0.18906696589677,-0.1926665093754989,82.09084556564227,86.73243740650891,0.0,0.0,0.0,-0.18906696589677,-0.476907617273271,-0.38173347527226886,-0.6695741266487698,0.16774566907606545,-0.12009498230043555,0.1628504927047094,-0.12499015867179161,0.25363240003534304,-0.03420825134115796,0.1748237175165383,-0.1130169338599627,0.2982484484164797,0.010407797039978683,0.24300957,-0.04483108411575881,0.17895730322552064,-0.10888334815098036,0.19499109474409132,-0.09284955663240968,0.1826211965430226,-0.10521945483347839
E01026212,E01026212,North Kesteven 005D,North Kesteven,E01026212,1,2021,0.814540099738387,0.287840651376501,0.476907617273271,82.09084556564227,86.73243740650891,0.0,0.0,0.0,0.287840651376501,-0.5266994483618861,0.764748268649772,-0.04979183108861507,0.3678978448673226,-0.44664225487106446,0.356861527410103,-0.457678572328284,0.43655664906060004,-0.377983450677787,0.3639257422656084,-0.4506143574727786,0.43998599063317784,-0.3745541091052092,0.44679296,-0.3677471395714559,0.4049965190484079,-0.40954358068997915,0.3775134618446293,-0.43702663789375773,0.3881506051216026,-0.42638949461678444
E01026212,E01026212,North Kesteven 005D,North Kesteven,E01026212,1,2022,0.422144948213253,0.814540099738387,0.5266994483618861,82.09084556564227,86.73243740650891,0.0,0.0,0.0,0.814540099738387,0.39239515152513404,1.341239548100273,0.91909459988702,0.7205985283412686,0.2984535801280156,0.6972081494003012,0.2750632011870482,0.7248379684528711,0.3026930202396181,0.6927790890025773,0.27063414078932435,0.7302067473994795,0.30806179918622656,0.72623265,0.30408769968256,0.7098487967080933,0.2877038484948403,0.7078746322123889,0.2857296839991359,0.7171689984338512,0.2950240502205982
E01026213,E01026213,North Kesteven 005E,North Kesteven,E01026213,1,2020,0.585912454166795,0.798885976487168,0.13487868260712899,82.45292380790966,87.36986212562049,0.0,0.0,0.0,0.798885976487168,0.21297352232037292,0.933764659094297,0.3478522049275019,0.9580252399177912,0.37211278575099616,0.9167222191522366,0.33080976498544157,1.2562528999788087,0.6703404458120137,1.0735802103488454,0.4876677561820504,1.3105762771244889,0.7246638229576938,1.2495519,0.6636394381137836,1.1176793420101008,0.5317668878433057,1.0582954033357515,0.4723829491689564,1.057035207445386,0.4711227532785909
E01026213,E01026213,North Kesteven 005E,North Kesteven,E01026213,1,2021,0.759931266433429,0.585912454166795,-0.21297352232037292,82.45292380790966,87.36986212562049,0.0,0.0,0.0,0.585912454166795,-0.17401881226663396,0.37293893184642213,-0.3869923345870069,0.909881910994769,0.14995064456134,0.8699537866280068,0.11002252019457781,0.8850789760896616,0.12514770965623256,0.8853631863261155,0.12543191989268654,0.9900900904461857,0.23015882401275667,0.9398104,0.17987912880735468,1.0326155253608924,0.2726842589274634,0.974037773270612,0.21410650683718302,0.8798463659043005,0.11991509947087153
E01026213,E01026213,North Kesteven 005E,North Kesteven,E01026213,1,2022,1.18414532031826,0.759931266433429,0.17401881226663396,82.45292380790966,87.36986212562049,0.0,0.0,0.0,0.759931266433429,-0.4242140538848309,0.933950078700063,-0.25019524161819695,0.9898891068798126,-0.19425621343844734,0.9337590065035035,-0.2503863138147564,1.006541917817601,-0.17760340250065898,0.943830178654161,-0.24031514166409895,1.1246025667830595,-0.05954275353520044,1.1192069,-0.06493841495326969,1.1054719683091798,-0.0786733520090801,1.0709014768162315,-0.11324384350202843,0.9988911532732601,-0.18525416704499986
E01026192,E01026192,North Kesteven 006A,North Kesteven,E01026192,1,2020,0.276907731008152,0.0186495165172103,0.0702392024969338,60.31803028654516,69.50272109886497,0.0,0.0,0.0,0.0186495165172103,-0.2582582144909417,0.08888871901414411,-0.18801901199400792,0.24534144270347114,-0.03156628830468089,0.17161959559457313,-0.1052881354135789,0.1661485358721219,-0.11075919513603014,0.16503231369925608,-0.11187541730889594,0.19765012988728037,-0.07925760112087166,0.21135104,-0.06555669398270036,0.14841608849365034,-0.12849164251450168,0.20821931957291626,-0.06868841143523577,0.19114838046382016,-0.08575935054433187
E01026192,E01026192,North Kesteven 006A,North Kesteven,E01026192,1,2021,0.388793305490172,0.276907731008152,0.2582582144909417,60.31803028654516,69.50272109886497,0.0,0.0,0.0,0.276907731008152,-0.11188557448201997,0.5351659454990938,0.1463726400089218,0.42599500172509297,0.03720169623492098,0.36091710136324984,-0.027876204126922155,0.35129911267651714,-0.03749419281365485,0.3466842821826777,-0.042109023307494275,0.30149609950096135,-0.08729720598921065,0.32897636,-0.0598169425465227,0.37428780930187017,-0.014505496188301825,0.34174050473455925,-0.047052800755612745,0.3575849762283985,-0.03120832926177347
E01026192,E01026192,North Kesteven 006A,North Kesteven,E01026192,1,2022,0.3357200127345,0.388793305490172,0.11188557448201997,60.31803028654516,69.50272109886497,0.0,0.0,0.0,0.388793305490172,0.05307329275567202,0.500678879972192,0.164958867237692,0.6113336670017184,0.27561365426721846,0.5184891910006703,0.18276917826617028,0.525674180780339,0.18995416804583903,0.4817297902071734,0.1460097774726734,0.5616306070080483,0.22591059427354837,0.54505044,0.20933042948428054,0.5410598890732721,0.2053398763387721,0.5388594245012861,0.20313941176678613,0.5557340397340276,0.2200140269995276
E01026194,E01026194,North Kesteven 006B,North Kesteven,E01026194,1,2020,0.377457520958352,-0.0322486691794539,-0.1366878039623599,10.958737361409979,31.042914376017354,0.0,0.0,0.0,-0.0322486691794539,-0.4097061901378059,-0.16893647314181381,-0.5463939941001659,0.19532596787357545,-0.18213155308477655,0.18785199488577292,-0.18960552607257908,0.2588861906029647,-0.1185713303553873,0.20641242589635486,-0.17104509506199714,0.25261731940693727,-0.12484020155141473,0.22446567,-0.15299185275690547,0.20299697447151496,-0.17446054648683704,0.1846867122277891,-0.1927708087305629,0.18110130453587997,-0.19635621642247203
E01026194,E01026194,North Kesteven 006B,North Kesteven,E01026194,1,2021,0.520429568877798,0.377457520958352,0.4097061901378059,10.958737361409979,31.042914376017354,0.0,0.0,0.0,0.377457520958352,-0.142972047919446,0.7871637110961579,0.2667341422183599,0.44021510272703307,-0.08021446615076494,0.42940241328923295,-0.09102715558856506,0.4622190556442263,-0.05821051323357174,0.43601925898554894,-0.08441030989224907,0.4817278559966968,-0.03870171288110119,0.46837115,-0.05205841599999039,0.4953644982458032,-0.025065070631994812,0.4287876122547454,-0.09164195662305263,0.4532003949001784,-0.06722917397761963
E01026194,E01026194,North Kesteven 006B,North Kesteven,E01026194,1,2022,0.648791394398902,0.520429568877798,0.142972047919446,10.958737361409979,31.042914376017354,0.0,0.0,0.0,0.520429568877798,-0.12836182552110398,0.6634016167972441,0.014610222398342088,0.5995197598925038,-0.049271634506398154,0.5787059430690241,-0.07008545132987787,0.5481231071807022,-0.10066828721819976,0.5496795035332472,-0.09911189086565475,0.530323973897788,-0.11846742050111403,0.5357394,-0.11305197255441957,0.6197971885276451,-0.028994205871256895,0.5571720771797105,-0.09161931721919148,0.554672274345877,-0.09411912005302503
E01026195,E01026195,North Kesteven 006C,North Kesteven,E01026195,1,2020,0.0264667121680701,-0.276092263800474,-0.020957503819218015,8.833798783204207,29.77152930007194,0.0,0.0,0.0,-0.276092263800474,-0.30255897596854414,-0.29704976761969204,-0.32351647978776216,-0.05711710563627344,-0.08358381780434354,-0.06451057116652427,-0.09097728333459437,-0.0017961562934409655,-0.028262868461511065,-0.05353292001920054,-0.07999963218727064,-0.06695464286559688,-0.09342135503366698,-0.09351461,-0.11998131852469089,-0.09128369007256634,-0.11775040224063645,-0.06893516777524032,-0.09540187994331042,-0.0776868010330252,-0.1041535132010953
E01026195,E01026195,North Kesteven 006C,North Kesteven,E01026195,1,2021,-0.109802051435924,0.0264667121680701,0.30255897596854414,8.833798783204207,29.77152930007194,0.0,0.0,0.0,0.0264667121680701,0.1362687636039941,0.32902568813661426,0.4388277395725383,0.15540128120016383,0.26520333263608786,0.15894551297815263,0.26874756441407666,0.2171303909049467,0.3269324423408707,0.19174919355757145,0.30155124499349545,0.18213770068533505,0.29193975212125906,0.158307,0.26810905243060634,0.12559027027472502,0.23539232171064903,0.1575328463947192,0.26733489783064324,0.1427121308598619,0.2525141822957859
E01026195,E01026195,North Kesteven 006C,North Kesteven,E01026195,1,2022,0.377364568678849,-0.109802051435924,-0.1362687636039941,8.833798783204207,29.77152930007194,0.0,0.0,0.0,-0.109802051435924,-0.48716662011477296,-0.2460708150399181,-0.623435383718767,0.183332013263782,-0.19403255541506698,0.1783293579521183,-0.1990352107267307,0.2604566814808912,-0.1169078871979578,0.20558837614111258,-0.1717761925377364,0.21001911541490806,-0.16734545326394093,0.18381609,-0.1935484784526756,0.13667813641056306,-0.24068643226828593,0.16460789571761691,-0.21275667296123207,0.17144369972588314,-0.20592086895296585
E01026196,E01026196,North Kesteven 006D,North Kesteven,E01026196,1,2020,0.305912817119909,0.225110472650159,-0.12020060277455902,41.415382287511385,51.142495653638726,0.0,0.0,0.0,0.225110472650159,-0.08080234446974999,0.10490986987559997,-0.201002947244309,0.36491821967142274,0.059005402551513764,0.3623206919301093,0.05640787481020032,0.3796706527460983,0.07375783562618932,0.44409338789020636,0.13818057077029738,0.38650108283580337,0.08058826571589439,0.43200007,0.12608725369040902,0.4510599552269119,0.14514713810700292,0.4429312319676847,0.13701841484777572,0.36297665107263716,0.05706383395272818
E01026196,E01026196,North Kesteven 006D,North Kesteven,E01026196,1,2021,0.811993558274512,0.305912817119909,0.08080234446974999,41.415382287511385,51.142495653638726,0.0,0.0,0.0,0.305912817119909,-0.5060807411546031,0.38671516158965896,-0.42527839668485307,0.45746692524418225,-0.3545266330303298,0.4504923924547547,-0.36150116581975733,0.5283321613167132,-0.2836613969577988,0.5472787764047773,-0.26471478186973474,0.48033313108225156,-0.33166042719226047,0.54042363,-0.2715699266064212,0.508313950992458,-0.303679607282054,0.5340665742284081,-0.27792698404610394,0.48120839008070393,-0.3307851681938081
E01026196,E01026196,North Kesteven 006D,North Kesteven,E01026196,1,2022,0.457477531871633,0.811993558274512,0.5060807411546031,41.415382287511385,51.142495653638726,0.0,0.0,0.0,0.811993558274512,0.35451602640287905,1.318074299429115,0.860596767557482,0.7662520462545734,0.30877451438294046,0.7411939885308932,0.28371645665926026,0.8906284920209473,0.4331509601493143,0.8584029259959232,0.4009253941242902,0.8392351800883685,0.3817576482167355,0.8148336,0.35735604957596834,0.7917664519398421,0.3342889200682091,0.7998954709979595,0.34241793912632656,0.7979081621021811,0.3404306302305481
E01026180,E01026180,North Kesteven 007A,North Kesteven,E01026180,1,2020,0.684067483908726,0.318490934618779,0.3047796496842895,79.04084988009572,81.79501486082998,0.0,0.0,0.0,0.318490934618779,-0.365576549289947,0.6232705843030685,-0.060796899605657484,0.5201298019571265,-0.1639376819515994,0.47321533833882123,-0.21085214556990473,0.45874114796637105,-0.2253263359423549,0.4188727002020158,-0.2651947837067102,0.4763837330377037,-0.20768375087102225,0.4695734,-0.21449407554347633,0.4986058862134043,-0.18546159769532167,0.4704529210607816,-0.21361456284794433,0.4900673542871085,-0.19400012962161745
E01026180,E01026180,North Kesteven 007A,North Kesteven,E01026180,1,2021,0.41974058895088,0.684067483908726,0.365576549289947,79.04084988009572,81.79501486082998,0.0,0.0,0.0,0.684067483908726,0.26432689495784595,1.049644033198673,0.6299034442477929,0.6833335339030003,0.2635929449521203,0.6672395080136471,0.24749891906276705,0.7211441825164294,0.3014035935655494,0.6627343057338778,0.2429937167829978,0.6417526499471036,0.22201206099622356,0.6791596,0.25941899271034435,0.7012911449127723,0.2815505559618923,0.6173039530208689,0.19756336406998892,0.6797207391625224,0.2599801502116424
E01026180,E01026180,North Kesteven 007A,North Kesteven,E01026180,1,2022,0.538080935542756,0.41974058895088,-0.26432689495784595,79.04084988009572,81.79501486082998,0.0,0.0,0.0,0.41974058895088,-0.11834034659187603,0.15541369399303406,-0.382667241549722,0.732244342869472,0.194163407326716,0.7150809401153493,0.17700000457259324,0.6966879083006858,0.1586069727579298,0.6947610059797893,0.15668007043703325,0.7157472335938835,0.17766629805112744,0.78090835,0.24282741063339142,0.720282094590519,0.1822011590477629,0.6903648810887126,0.1522839455459566,0.745309933814128,0.20722899827137198
E01026183,E01026183,North Kesteven 007B,North Kesteven,E01026183,1,2020,0.615392132268339,0.980061110724248,0.5617791601492439,78.92342268450068,91.12124178927098,0.0,0.0,0.0,0.980061110724248,0.36466897845590895,1.5418402708734917,0.9264481386051527,0.9793313029339717,0.36393917066563275,0.8698770422466201,0.2544849099782811,0.9670096154840759,0.35161748321573694,0.9708571674701206,0.35546503520178163,1.0381969832669788,0.42280485099863985,0.9717819,0.3563897771974508,0.9757651997155836,0.3603730674472446,0.8878906471054279,0.27249851483708887,0.9890423476752168,0.3736502154068778
E01026183,E01026183,North Kesteven 007B,North Kesteven,E01026183,1,2021,0.877835202124658,0.615392132268339,-0.36466897845590895,78.92342268450068,91.12124178927098,0.0,0.0,0.0,0.615392132268339,-0.26244306985631904,0.25072315381243004,-0.627112048312228,0.9795069821491857,0.1016717800245277,0.9062685769052617,0.028433374780603704,0.8541293957672351,-0.02370580635742292,0.8844576285283365,0.006622426403678494,0.8817940266628147,0.003958824538156658,0.85247463,-0.02536057224566024,0.9382156028920215,0.06038040076736351,0.8785453171917269,0.0007101150670688616,0.9402083678942919,0.06237316576963381
E01026183,E01026183,North Kesteven 007B,North Kesteven,E01026183,1,2022,0.925998182888884,0.877835202124658,0.26244306985631904,78.92342268450068,91.12124178927098,0.0,0.0,0.0,0.877835202124658,-0.04816298076422598,1.1402782719809772,0.21428008909209317,1.1363728759943055,0.21037469310542145,1.0430370237344964,0.11703884084561234,1.2785479939539197,0.3525498110650357,1.1818705861100642,0.2558724032211802,1.2671807474342596,0.34118256454537554,1.2714922,0.3454940599242263,1.1730302562858779,0.24703207339699385,1.1231325014759654,0.19713431858708141,1.1690823703499191,0.2430841874610351
E01026210,E01026210,North Kesteven 007C,North Kesteven,E01026210,1,2020,0.668662681978204,0.491730451406533,0.131928559469616,79.73211081669604,89.5374569091425,0.0,0.0,0.0,0.491730451406533,-0.176932230571671,0.6236590108761491,-0.04500367110205494,0.5402152121829046,-0.12844746979529942,0.5132149611126956,-0.1554477208655084,0.593622269243074,-0.07504041273512996,0.5848385234614191,-0.08382415851678493,0.5568937286712677,-0.11176895330693626,0.6149935,-0.05366916934774135,0.5944485180267329,-0.07421416395147107,0.5446759337261592,-0.12398674825204481,0.544643791157934,-0.12401889082026996
E01026210,E01026210,North Kesteven 007C,North Kesteven,E01026210,1,2021,0.552544495090241,0.668662681978204,0.176932230571671,79.73211081669604,89.5374569091425,0.0,0.0,0.0,0.668662681978204,0.11611818688796305,0.845594912549875,0.293050417459634,0.7308410578726819,0.178296562782441,0.718531848767294,0.16598735367705308,0.8008630783937514,0.24831858330351042,0.8202382180677288,0.26769372297748784,0.8376971641121754,0.2851526690219345,0.8362456,0.28370110131860304,0.7846383473612836,0.23209385227104262,0.7275352953474888,0.1749908002572479,0.7656197114695935,0.21307521637935256
E01026210,E01026210,North Kesteven 007C,North Kesteven,E01026210,1,2022,0.418476495846848,0.552544495090241,-0.11611818688796305,79.73211081669604,89.5374569091425,0.0,0.0,0.0,0.552544495090241,0.13406799924339297,0.4364263082022779,0.017949812355429917,0.7724694861322478,0.35399299028539977,0.7486101922178258,0.3301336963709778,0.7539797621025913,0.33550326625574334,0.7328897347100608,0.3144132388632128,0.7941886494559449,0.37571215360909693,0.81826335,0.39978685607041886,0.7772456961649246,0.3587692003180766,0.7259684523334519,0.3074919564866039,0.7743141453251614,0.3558376494783134
E01026224,E01026224,North Kesteven 007D,North Kesteven,E01026224,1,2020,0.950081997795563,0.420415132319088,0.5780205279930071,76.25078255954075,71.17427728946039,0.0,0.0,0.0,0.420415132319088,-0.529666865476475,0.9984356603120951,0.04835366251653206,0.45372835860861266,-0.49635363918695036,0.4535079667739629,-0.49657403102160014,0.5545454475630424,-0.39553655023252066,0.5034146278858844,-0.4466673699096786,0.5015098406304876,-0.44857215716507537,0.5829076,-0.36717438070343045,0.5301918118034109,-0.4198901859921521,0.5245520348263818,-0.4255299629691812,0.48868675353129254,-0.4613952442642705
E01026224,E01026224,North Kesteven 007D,North Kesteven,E01026224,1,2021,1.23892316747333,0.950081997795563,0.529666865476475,76.25078255954075,71.17427728946039,0.0,0.0,0.0,0.950081997795563,-0.2888411696777671,1.4797488632720381,0.24082569579870805,0.7995142956831849,-0.4394088717901452,0.8156187943211212,-0.4233043731522089,0.9840507960662365,-0.2548723714070936,0.971997786870031,-0.26692538060329907,0.9887187691280804,-0.25020439834524966,0.9958074,-0.24311575818683107,0.9306350477832979,-0.3082881196900322,0.8808448680868972,-0.3580782993864329,0.8793866525681497,-0.35953651490518035
E01026224,E01026224,North Kesteven 007D,North Kesteven,E01026224,1,2022,1.28631449708643,1.23892316747333,0.2888411696777671,76.25078255954075,71.17427728946039,0.0,0.0,0.0,1.23892316747333,-0.047391329613099886,1.5277643371510972,0.2414498400646672,1.177422853355078,-0.10889164373135207,1.1740069286429207,-0.11230756844350931,1.2839496923685012,-0.00236480471792877,1.270799348782281,-0.015515148304148907,1.2884276817527107,0.002113184666280743,1.3313763,0.04506181707677803,1.2780602361129774,-0.00825426097345261,1.2304551430048882,-0.055859354081541746,1.2111890828489495,-0.07512541423748043
E01026179,E01026179,North Kesteven 008A,North Kesteven,E01026179,1,2020,0.232147378836866,0.279935428848308,0.439763550670769,79.52829929900861,80.3702844312931,0.0,0.0,0.0,0.279935428848308,0.04778805001144201,0.719698979519077,0.48755160068221104,0.27340841871820365,0.04126103988133764,0.25272549308541936,0.020578114248553353,0.3395601038963918,0.10741272505952579,0.25586789116407105,0.02372051232720504,0.2261521398711317,-0.005995238965734312,0.21275567,-0.019391713653798687,0.27356942073316315,0.04142204189629714,0.2629361258558456,0.030788747018979573,0.2530305685036504,0.020883189666784402
E01026179,E01026179,North Kesteven 008A,North Kesteven,E01026179,1,2021,0.0110389758278793,0.232147378836866,-0.04778805001144201,79.52829929900861,80.3702844312931,0.0,0.0,0.0,0.232147378836866,0.2211084030089867,0.184359328825424,0.1733203529975447,0.3277590437537526,0.31672006792587326,0.32898164679767344,0.3179426709697941,0.3759744681349068,0.3649354923070275,0.37958468928384376,0.36854571345596443,0.39346801302107054,0.3824290371931912,0.40546,0.3944210242102677,0.40687136261586354,0.39583238678798427,0.37445653202230245,0.3634175561944232,0.35794189281598016,0.34690291698810083
E01026179,E01026179,North Kesteven 008A,North Kesteven,E01026179,1,2022,0.440628410232164,0.0110389758278793,-0.2211084030089867,79.52829929900861,80.3702844312931,0.0,0.0,0.0,0.0110389758278793,-0.42958943440428465,-0.2100694271811074,-0.6506978374132714,0.3244887815667549,-0.11613962866540906,0.32471951345983036,-0.11590889677233362,0.40276451156286686,-0.037863898669297125,0.3812749910218971,-0.05935341921026688,0.4609614208159556,0.02033301058379161,0.44393322,0.0033048084854110926,0.33279335677244826,-0.10783505345971572,0.3584692359336873,-0.08215917429847669,0.3633084138064571,-0.07731999642570686
E01026197,E01026197,North Kesteven 008B,North Kesteven,E01026197,1,2020,-0.043648371810391,0.196686047737464,0.39973936701524504,74.27703043172438,73.36258066121212,0.0,0.0,0.0,0.196686047737464,0.240334419547855,0.596425414752709,0.6400737865631001,0.25818305145512327,0.30183142326551426,0.26581319716001295,0.30946156897040394,0.2445430763204131,0.2881914481308041,0.2416696069499195,0.2853179787603105,0.2245979746360925,0.2682463464464835,0.2319836,0.27563197385735755,0.22520850469150935,0.2688568765019004,0.2460959115939151,0.28974428340430614,0.2315078675185343,0.2751562393289253
E01026197,E01026197,North Kesteven 008B,North Kesteven,E01026197,1,2021,0.36947825320031,-0.043648371810391,-0.240334419547855,74.27703043172438,73.36258066121212,0.0,0.0,0.0,-0.043648371810391,-0.413126625010701,-0.283982791358246,-0.653461044558556,0.21605714979118995,-0.15342110340912007,0.24442770379185602,-0.125050549408454,0.30772049604478807,-0.06175775715552195,0.2607091434271938,-0.10876910977311621,0.3402026915404325,-0.029275561659877547,0.29930317,-0.07017507918145016,0.22735948345403328,-0.14211876974627674,0.22271117381333236,-0.14676707938697767,0.24884253727387828,-0.12063571592643174
E01026197,E01026197,North Kesteven 008B,North Kesteven,E01026197,1,2022,0.393837265630771,0.36947825320031,0.413126625010701,74.27703043172438,73.36258066121212,0.0,0.0,0.0,0.36947825320031,-0.024359012430460958,0.7826048782110111,0.3887676125802401,0.44999023166073554,0.05615296602996456,0.45478100053364945,0.060943734902878466,0.4793212875740904,0.08548402194331944,0.4490984309361744,0.055261165305403426,0.4967257774175458,0.10288851178677483,0.50089586,0.10705859218020314,0.47037705611160374,0.07653979048083276,0.4616111458394299,0.06777388020865893,0.48230266658093307,0.08846540095016209
E01026198,E01026198,North Kesteven 008C,North Kesteven,E01026198,1,2020,-0.54060142249408,-0.552319638093908,0.2309090278453949,79.74447491012523,76.56976987101966,0.0,0.0,0.0,-0.552319638093908,-0.011718215599827997,-0.32141061024851314,0.2191908122455669,-0.3782869690045157,0.16231445348956436,-0.3581861510878684,0.18241527140621167,-0.3225230705602846,0.21807835193379543,-0.33060182159311957,0.20999960090096048,-0.41635659584423357,0.12424482664984648,-0.38995555,0.15064587206187485,-0.4078027360219402,0.13279868647213983,-0.5057277832325122,0.034873639261567835,-0.3886072968230105,0.15199412567106957
E01026198,E01026198,North Kesteven 008C,North Kesteven,E01026198,1,2021,-0.346129218063088,-0.54060142249408,0.011718215599827997,79.74447491012523,76.56976987101966,0.0,0.0,0.0,-0.54060142249408,-0.19447220443099206,-0.5288832068942521,-0.18275398883116406,-0.3738885579127981,-0.02775933984971013,-0.3447758153971802,0.001353402665907777,-0.2979137032730492,0.04821551479003877,-0.2986710421275752,0.04745817593551277,-0.41970943362476315,-0.07358021556167516,-0.36129048,-0.015161266603736345,-0.3959627088939613,-0.049833490830873295,-0.48664210794520635,-0.14051288988211835,-0.3833942588497425,-0.03726504078665449
E01026198,E01026198,North Kesteven 008C,North Kesteven,E01026198,1,2022,-0.271312791413335,-0.346129218063088,0.19447220443099206,79.74447491012523,76.56976987101966,0.0,0.0,0.0,-0.346129218063088,-0.07481642664975302,-0.15165701363209594,0.11965577778123904,-0.12931968931631982,0.14199310209701516,-0.11728188098714239,0.1540309104261926,-0.17542713700109622,0.09588565441223876,-0.16444889422429387,0.1068638971890411,-0.30057348981845095,-0.02926069840511597,-0.24149099,0.029821801489857802,-0.21182808591968127,0.0594847054936537,-0.23349671137374972,0.037816080039585254,-0.1969018945125896,0.07441089690074537
E01026223,E01026223,North Kesteven 008D,North Kesteven,E01026223,1,2020,0.0242959135139978,0.0002304789202732,0.2727130228449272,76.0358830540963,70.73988216817438,0.0,0.0,0.0,0.0002304789202732,-0.0240654345937246,0.27294350176520044,0.24864758825120264,0.19225541030337961,0.16795949678938182,0.1930922864669451,0.1687963729529473,0.2099422211259369,0.18564630761193912,0.1629777267468632,0.1386818132328654,0.2742372622151302,0.24994134870113238,0.2236361,0.19934019214262605,0.15532245290444732,0.13102653939044953,0.225467431350769,0.2011715178367712,0.192051117306242,0.1677552037922442
E01026223,E01026223,North Kesteven 008D,North Kesteven,E01026223,1,2021,0.354037326874046,0.0242959135139978,0.0240654345937246,76.0358830540963,70.73988216817438,0.0,0.0,0.0,0.0242959135139978,-0.3297414133600482,0.0483613481077224,-0.3056759787663236,0.22611568415217287,-0.12792164272187312,0.24016412078025834,-0.11387320609378765,0.2701949546800453,-0.0838423721940007,0.22364154419937762,-0.13039578267466836,0.3149517471501358,-0.03908557972391019,0.28292173,-0.0711155954020306,0.22754291383773037,-0.12649441303631562,0.26439247791111953,-0.08964484896292646,0.23324661230365765,-0.12079071457038834
E01026223,E01026223,North Kesteven 008D,North Kesteven,E01026223,1,2022,0.600592403641465,0.354037326874046,0.3297414133600482,76.0358830540963,70.73988216817438,0.0,0.0,0.0,0.354037326874046,-0.24655507676741906,0.6837787402340942,0.0831863365926292,0.4839273934728183,-0.11666501016864672,0.48379530301867146,-0.11679710062279358,0.43258869650476384,-0.1680037071367012,0.4125048739699247,-0.18808752967154035,0.4679083736242434,-0.13268403001722162,0.49770793,-0.1028844704539803,0.4816282249114527,-0.11896417873001236,0.4945217938623269,-0.10607060977913813,0.47308290421508764,-0.1275094994263774
E01026209,E01026209,North Kesteven 009A,North Kesteven,E01026209,1,2020,0.522594552032736,0.362783268818808,0.184107451861997,77.71044947714005,75.4599341751085,0.0,0.0,0.0,0.362783268818808,-0.15981128321392796,0.546890720680805,0.02429616864806905,0.5200797788887233,-0.0025147731440127163,0.5194691274373414,-0.0031254245953945547,0.5773412102986604,0.0547466582659244,0.573620316232716,0.05102576419998006,0.5659100244523397,0.04331547241960376,0.59446025,0.07186569691440758,0.5668579091659508,0.04426335713321483,0.5502096502712189,0.02761509823848296,0.5330703967939812,0.01047584476124519
E01026209,E01026209,North Kesteven 009A,North Kesteven,E01026209,1,2021,0.891560768803856,0.522594552032736,0.15981128321392796,77.71044947714005,75.4599341751085,0.0,0.0,0.0,0.522594552032736,-0.36896621677112007,0.682405835246664,-0.20915493355719206,0.5506820806914062,-0.3408786881124498,0.5786209932903456,-0.3129397755135105,0.713870304897987,-0.17769046390586907,0.6454437673023737,-0.2461170015014823,0.576281528783998,-0.3152792400198581,0.7194469,-0.17211387129714217,0.6209957296616508,-0.2705650391422052,0.5813862452943361,-0.3101745235095199,0.5902375604372592,-0.3013232083665969
E01026209,E01026209,North Kesteven 009A,North Kesteven,E01026209,1,2022,0.810674733012782,0.891560768803856,0.36896621677112007,77.71044947714005,75.4599341751085,0.0,0.0,0.0,0.891560768803856,0.080886035791074,1.260526985574976,0.4498522525621941,0.8709628404757562,0.060288107462974194,0.8792288384004545,0.06855410538767248,0.9278999797293115,0.11722524671652945,0.9335757332535449,0.12290100024076289,0.9377670446719908,0.12709231165920876,0.918025,0.10735028377188593,0.8714449651371492,0.06077023212436716,0.898867001052014,0.08819226803923197,0.902733277123831,0.09205854411104897
E01026221,E01026221,North Kesteven 009B,North Kesteven,E01026221,1,2020,0.426116335621735,0.356491421349408,0.2640961429295695,79.20250731414635,78.84837091273711,0.0,0.0,0.0,0.356491421349408,-0.06962491427232703,0.6205875642789775,0.19447122865724253,0.48265154492016876,0.05653520929843375,0.43647668994755223,0.010360354325817223,0.43731948275815474,0.011203147136419733,0.4056578296341041,-0.020458505987630937,0.43482989678819217,0.008713561166457162,0.45087236,0.024756026038268653,0.4738718546972785,0.047755519075543484,0.42032879579578464,-0.005787539825950372,0.4700900459893373,0.04397371036760228
E01026221,E01026221,North Kesteven 009B,North Kesteven,E01026221,1,2021,0.611767150040785,0.426116335621735,0.06962491427232703,79.20250731414635,78.84837091273711,0.0,0.0,0.0,0.426116335621735,-0.18565081441904996,0.49574124989406204,-0.11602590014672293,0.5579108230979606,-0.053856326942824384,0.5320766768769468,-0.07969047316383815,0.6583313555278288,0.046564205487043875,0.6620340544842606,0.05026690444347559,0.6113362050966522,-0.00043094494413276063,0.6551389,0.043371759775956975,0.6153967868884493,0.0036296368476643748,0.5477287556561797,-0.06403839438460524,0.5992312667336008,-0.012535883307184137
E01026221,E01026221,North Kesteven 009B,North Kesteven,E01026221,1,2022,0.419460433917483,0.611767150040785,0.18565081441904996,79.20250731414635,78.84837091273711,0.0,0.0,0.0,0.611767150040785,0.19230671612330197,0.7974179644598349,0.3779575305423519,0.7778401133214243,0.35837967940394133,0.7254154437100755,0.3059550097925925,0.7883356489193551,0.36887521500187215,0.781529295284284,0.36206886136680105,0.7749933394157539,0.3555329054982709,0.7663275,0.34686706642583975,0.7192877321497065,0.29982729823222354,0.7208451167059774,0.3013846827884944,0.7733324198455309,0.3538719859280479
E01026222,E01026222,North Kesteven 009C,North Kesteven,E01026222,1,2020,0.637424847908244,0.579633912876407,0.369015310928305,76.12415042879778,71.01964880448199,0.0,0.0,0.0,0.579633912876407,-0.057790935031837076,0.948649223804712,0.3112243758964679,0.6054270771472078,-0.03199777076103627,0.5948013438808708,-0.04262350402737325,0.5443856565725784,-0.09303919133566563,0.5190404681654591,-0.11838437974278493,0.6209986432599385,-0.016426204648305576,0.5840536,-0.053371271915659824,0.6608591230596046,0.02343427515136054,0.590788157013247,-0.046636690894997,0.5866781039198725,-0.050746743988371534
E01026222,E01026222,North Kesteven 009C,North Kesteven,E01026222,1,2021,0.939641370991063,0.637424847908244,0.057790935031837076,76.12415042879778,71.01964880448199,0.0,0.0,0.0,0.637424847908244,-0.302216523082819,0.6952157829400811,-0.2444255880509819,0.7257079502028103,-0.21393342078825273,0.7341577094586188,-0.20548366153244424,0.8441403041373995,-0.09550106685366355,0.834411658301574,-0.105229712689489,0.8793680115924174,-0.06027335939864564,0.89396137,-0.04568000099976055,0.8136691634614067,-0.12597220752965632,0.802344793060808,-0.13729657793025507,0.7672832203187798,-0.17235815067228322
E01026222,E01026222,North Kesteven 009C,North Kesteven,E01026222,1,2022,0.883698749159232,0.939641370991063,0.302216523082819,76.12415042879778,71.01964880448199,0.0,0.0,0.0,0.939641370991063,0.055942621831831074,1.241857894073882,0.35815914491465006,1.0177657147617227,0.13406696560249076,1.0083602397931737,0.12466149063394172,1.0457843941506986,0.1620856449914666,1.046829491578923,0.16313074241969094,1.0273336301719207,0.14363488101268873,1.0619524,0.17825360336457174,1.0557653313237902,0.17206658216455828,1.0522289338631092,0.16853018470387726,1.0033181449399424,0.11961939578071046
E01026227,E01026227,North Kesteven 010A,North Kesteven,E01026227,1,2020,0.727419920818145,1.24474726133893,0.5006023925319131,76.23680856883188,77.92739379343602,0.0,0.0,0.0,1.24474726133893,0.5173273405207851,1.7453496538708433,1.0179297330526982,1.2139898768856283,0.4865699560674833,1.1564784154193963,0.42905849460125134,1.313616661723325,0.5861967409051799,1.2742933797569547,0.5468734589388097,1.340155784730236,0.6127358639120911,1.2722305,0.5448105851251533,1.1893736077958548,0.4619536869777098,1.205275884300151,0.477855963482006,1.2158337864469222,0.4884138656287772
E01026227,E01026227,North Kesteven 010A,North Kesteven,E01026227,1,2021,1.0938474454638,0.727419920818145,-0.5173273405207851,76.23680856883188,77.92739379343602,0.0,0.0,0.0,0.727419920818145,-0.3664275246456551,0.2100925802973599,-0.8837548651664402,1.0063716834579808,-0.0874757620058193,1.0301618945613564,-0.06368555090244366,1.1409211481944512,0.047073702730651146,1.1188603374282813,0.0250128919644812,1.13592769741939,0.04208025195558984,1.1159015,0.02205402472052609,1.1254397487691006,0.031592303305300495,1.0569429367441365,-0.036904508719663554,1.0400254539426659,-0.053821991521134205
E01026227,E01026227,North Kesteven 010A,North Kesteven,E01026227,1,2022,1.20684369550995,1.0938474454638,0.3664275246456551,76.23680856883188,77.92739379343602,0.0,0.0,0.0,1.0938474454638,-0.11299625004614988,1.460274970109455,0.2534312745995051,1.2168370407150284,0.009993345205078441,1.179724226433241,-0.027119469076708924,1.3105713249965736,0.10372762948662362,1.2675481247767704,0.0607044292668204,1.3381692130568554,0.13132551754690547,1.2639596,0.05711595071502562,1.3375751318171922,0.13073143630724227,1.2864342682817538,0.07959057277180381,1.229721634290163,0.022877938780212936
E01026230,E01026230,North Kesteven 010B,North Kesteven,E01026230,1,2020,1.03934454030133,1.47041717506828,0.853939322837189,76.47243323083111,77.64099300320375,0.0,0.0,0.0,1.47041717506828,0.43107263476695,2.3243564979054687,1.2850119576041388,1.3454469300134124,0.3061023897120825,1.2471391401429468,0.20779459984161686,1.2891028469233825,0.24975830662205256,1.3542177182875421,0.31487317798621217,1.3048727662796202,0.2655282259782903,1.1564797,0.11713517599963441,1.3016646888759638,0.2623201485746338,1.3334899290046824,0.2941453887033525,1.2738701124783374,0.23452557217700742
E01026230,E01026230,North Kesteven 010B,North Kesteven,E01026230,1,2021,0.966800786856572,1.03934454030133,-0.43107263476695,76.47243323083111,77.64099300320375,0.0,0.0,0.0,1.03934454030133,0.07254375344475794,0.6082719055343799,-0.3585288813221921,1.1899835462718797,0.22318275941530774,1.1569315076364985,0.19013072077992654,1.1569852579125668,0.19018447105599479,1.221758203058071,0.2549574162014989,1.140658487199356,0.17385770034278392,1.1988133,0.2320125323496658,1.105577761563833,0.13877697470726091,1.204133640667779,0.23733285381120695,1.197096431676087,0.23029564481951503
E01026230,E01026230,North Kesteven 010B,North Kesteven,E01026230,1,2022,1.22019604810333,0.966800786856572,-0.07254375344475794,76.47243323083111,77.64099300320375,0.0,0.0,0.0,0.966800786856572,-0.25339526124675804,0.8942570334118141,-0.325939014691516,1.2646424972932526,0.04444644918992258,1.215442796593432,-0.004753251509898027,1.1947218720601822,-0.025474176043147834,1.2095184040497453,-0.010677644053584734,1.127278924118757,-0.09291712398457297,1.2833449,0.06314881674194583,1.327302942237908,0.10710689413457786,1.294013619170638,0.07381757106730791,1.2171511127477421,-0.003044935355587919
E01026231,E01026231,North Kesteven 010C,North Kesteven,E01026231,1,2020,-0.107838717192197,0.0100896638840065,0.4096831654366455,75.75383949743019,78.54958960099862,0.0,0.0,0.0,0.0100896638840065,0.1179283810762035,0.419772829320652,0.527611546512849,0.17613340098838784,0.2839721181805848,0.16189677718058582,0.2697354943727828,0.07636744700877732,0.1842061642009743,0.11706947063823918,0.22490818783043617,0.0776808657170284,0.18551958290922538,0.087287225,0.19512594202139394,0.12250886318849857,0.23034758038069558,0.1572646597846954,0.2651033769768924,0.11337784237159557,0.22121655956379255
E01026231,E01026231,North Kesteven 010C,North Kesteven,E01026231,1,2021,-0.104154571358353,-0.107838717192197,-0.1179283810762035,75.75383949743019,78.54958960099862,0.0,0.0,0.0,-0.107838717192197,-0.0036841458338439936,-0.2257670982684005,-0.1216125269100475,0.08001408558652202,0.18416865694487503,0.09792080080289595,0.20207537216124893,0.1785663788297096,0.2827209501880626,0.1432558753133858,0.24741044667173878,0.17199710580461655,0.27615167716296957,0.17629397,0.2804485405127109,0.08923875747831475,0.19339332883666777,0.11015475220220898,0.21430932356056198,0.10887856455250167,0.21303313591085465
E01026231,E01026231,North Kesteven 010C,North Kesteven,E01026231,1,2022,0.243402918821809,-0.104154571358353,0.0036841458338439936,75.75383949743019,78.54958960099862,0.0,0.0,0.0,-0.104154571358353,-0.347557490180162,-0.10047042552450901,-0.343873344346318,0.2238271684430519,-0.019575750378757112,0.20795153426897645,-0.03545138455283256,0.30023421671931544,0.05683129789750643,0.23459631926082325,-0.008806599560985756,0.2508362229186933,0.00743330409688428,0.21423967,-0.029163246995446396,0.1704146989159156,-0.07298821990589341,0.1745841263574755,-0.0688187924643335,0.21092241436894488,-0.03248050445286413
E01026232,E01026232,North Kesteven 010D,North Kesteven,E01026232,1,2020,0.982794242700555,1.75952640384414,0.6658881475279501,77.03623756661437,77.10709330440959,0.0,0.0,0.0,1.75952640384414,0.776732161143585,2.42541455137209,1.4426203086715352,1.626059231301832,0.643264988601277,1.5329501834095598,0.5501559407090048,1.367283511493443,0.3844892687928879,1.4005760123194007,0.4177817696188456,1.5623365945327328,0.5795423518321777,1.5151172,0.5323229257259586,1.4513207952334208,0.4685265525328658,1.5799701281803828,0.5971758854798278,1.5232450999425167,0.5404508572419616
E01026232,E01026232,North Kesteven 010D,North Kesteven,E01026232,1,2021,1.22497506469773,0.982794242700555,-0.776732161143585,77.03623756661437,77.10709330440959,0.0,0.0,0.0,0.982794242700555,-0.24218082199717494,0.20606208155697003,-1.01891298314076,1.3185151718564925,0.09354010715876249,1.3413155880158096,0.11634052331807965,1.3155698661560749,0.09059480145834486,1.361271863193917,0.13629679849618692,1.3057760813737036,0.08080101667597361,1.300337,0.07536189228011425,1.5007135984132576,0.2757385337155276,1.4014489754733583,0.17647391077562835,1.3076860917546207,0.0827110270568907
E01026232,E01026232,North Kesteven 010D,North Kesteven,E01026232,1,2022,1.57338259317504,1.22497506469773,0.24218082199717494,77.03623756661437,77.10709330440959,0.0,0.0,0.0,1.22497506469773,-0.34840752847731005,1.467155886694905,-0.10622670648013499,1.4547776540557318,-0.11860493911930825,1.42986192209073,-0.14352067108431,1.3828811029116743,-0.1905014902633657,1.3656157797789927,-0.2077668133960473,1.2983588172103957,-0.27502377596464433,1.1895021,-0.38388047315703466,1.502217495148718,-0.0711650980263221,1.5835560296200084,0.010173436444968376,1.3698439654452408,-0.20353862772979925
E01026235,E01026235,North Kesteven 010E,North Kesteven,E01026235,1,2020,0.519391035442344,0.397392135706067,-0.16643259649033593,76.64244041959499,77.700770025539,0.0,0.0,0.0,0.397392135706067,-0.12199889973627698,0.2309595392157311,-0.2884314962266129,0.8194577198993895,0.30006668445704554,0.7702404962067091,0.2508494607643651,0.7009505316693714,0.18155949622702738,0.7155528947982724,0.19616185935592845,0.8480613255759499,0.32867029013360594,0.79721785,0.27782681047440405,0.7775807269248912,0.2581896914825472,0.8285328248209861,0.3091417893786421,0.7894434190006967,0.2700523835583527
E01026235,E01026235,North Kesteven 010E,North Kesteven,E01026235,1,2021,0.654254568813959,0.519391035442344,0.12199889973627698,76.64244041959499,77.700770025539,0.0,0.0,0.0,0.519391035442344,-0.13486353337161505,0.641389935178621,-0.012864633635338074,0.7059866226657789,0.05173205385181989,0.7057997014448678,0.05154513263090876,0.8725758636869555,0.21832129487299645,0.7999511731514449,0.14569660433748588,0.9375076661845827,0.28325309737062365,0.89326507,0.23901049971707733,0.8090782649951426,0.15482369618118352,0.8485763620349743,0.19432179322101528,0.7893849337150693,0.1351303649011103
E01026235,E01026235,North Kesteven 010E,North Kesteven,E01026235,1,2022,1.0953029674849,0.654254568813959,0.13486353337161505,76.64244041959499,77.700770025539,0.0,0.0,0.0,0.654254568813959,-0.4410483986709409,0.7891181021855741,-0.30618486529932587,0.8605565718719049,-0.23474639561299504,0.8243954892666294,-0.27090747821827055,0.8642693082486307,-0.23103365923626928,0.8421361431327188,-0.2531668243521812,0.9492125622540559,-0.14609040523084404,0.9111287,-0.18417426770538947,0.922037150397656,-0.17326581708724398,0.9179016008095872,-0.1774013666753128,0.8724562126964146,-0.22284675478848537
E01026228,E01026228,North Kesteven 011A,North Kesteven,E01026228,1,2020,-0.136276374666221,0.177808116108938,0.562674672339004,75.99391693437323,78.30343646758365,0.0,0.0,0.0,0.177808116108938,0.314084490775159,0.740482788447942,0.876759163114163,0.2322876320433121,0.3685640067095331,0.21427928952279202,0.350555664189013,0.21893865613612437,0.3552150308023454,0.15405574501103997,0.29033211967726097,0.1521899603223791,0.2884663349886001,0.15211332,0.28838969310951934,0.19126950755197275,0.32754588221819375,0.20411127784449487,0.3403876525107159,0.19340639955057753,0.32968277421679854
E01026228,E01026228,North Kesteven 011A,North Kesteven,E01026228,1,2021,0.163398749953557,-0.136276374666221,-0.314084490775159,75.99391693437323,78.30343646758365,0.0,0.0,0.0,-0.136276374666221,-0.29967512461977797,-0.45036086544138,-0.613759615394937,0.08530954322082307,-0.07808920673273392,0.12078412042589784,-0.042614629527659154,0.22819595775357054,0.06479720780001355,0.20324592745002856,0.03984717749647157,0.18439843902212377,0.02099968906856678,0.18091859,0.01751983928079512,0.0982401173565108,-0.0651586325970462,0.10472684315000517,-0.05867190680355182,0.10992891400675156,-0.05346983594680543
E01026228,E01026228,North Kesteven 011A,North Kesteven,E01026228,1,2022,0.29365561868929,0.163398749953557,0.29967512461977797,75.99391693437323,78.30343646758365,0.0,0.0,0.0,0.163398749953557,-0.13025686873573303,0.46307387457333493,0.1694182558840449,0.3203675868336737,0.026711968144383702,0.3033648372750733,0.009709218585783275,0.304624065036379,0.01096844634708899,0.2819418663788163,-0.011713752310473724,0.37380225791968735,0.08014663923039733,0.37269422,0.07903860542989638,0.3065030802507115,0.01284746156142147,0.3158963343484337,0.022240715659143706,0.32811283814565423,0.03445721945636421
E01026229,E01026229,North Kesteven 011B,North Kesteven,E01026229,1,2020,0.17580071236225,0.29044690240635,0.572175518982137,75.86314808800869,78.05270084601189,0.0,0.0,0.0,0.29044690240635,0.11464619004410001,0.862622421388487,0.686821709026237,0.4137310593090694,0.2379303469468194,0.3670495524479454,0.1912488400856954,0.4478398570031393,0.2720391446408893,0.3665183635040626,0.19071765114181258,0.3302876089880577,0.1544868966258077,0.33525175,0.15945103619960913,0.3714444080434301,0.1956436956811801,0.3382329121952499,0.16243219983299992,0.3958566830925854,0.22005597073033542
E01026229,E01026229,North Kesteven 011B,North Kesteven,E01026229,1,2021,0.40245795823253,0.17580071236225,-0.11464619004410001,75.86314808800869,78.05270084601189,0.0,0.0,0.0,0.17580071236225,-0.22665724587028,0.061154522318149995,-0.34130343591438,0.34372923181446846,-0.05872872641806154,0.32771850536028785,-0.07473945287224215,0.4043490004530017,0.001891042220471706,0.3466069046952426,-0.05585105353728742,0.400380586162926,-0.002077372069604011,0.41762123,0.015163266886107085,0.3459874841913092,-0.0564704740412208,0.30199751947063175,-0.10046043876189825,0.3838373272117985,-0.018620631020731526
E01026229,E01026229,North Kesteven 011B,North Kesteven,E01026229,1,2022,0.334863637915529,0.40245795823253,0.22665724587028,75.86314808800869,78.05270084601189,0.0,0.0,0.0,0.40245795823253,0.06759432031700102,0.62911520410281,0.294251566187281,0.538672797358663,0.20380915944313405,0.5115099411154693,0.17664630319994035,0.6744746257306428,0.3396109878151138,0.6075255007149667,0.2726618627994377,0.5403172577533378,0.20545361983780885,0.6350585,0.3001948843088973,0.5517781150727301,0.21691447715720114,0.4921207567174671,0.1572571188019381,0.5688988765704468,0.23403523865491782
E01026233,E01026233,North Kesteven 011C,North Kesteven,E01026233,1,2020,-0.0703127983002713,-0.113880399426158,0.37655766189641,76.30894911628769,77.77145845683295,0.0,0.0,0.0,-0.113880399426158,-0.0435676011258867,0.26267726247025197,0.3329900607705233,0.07247892464459944,0.14279172294487075,0.05842826282201165,0.12874106112228295,0.0007413918711984272,0.07105419017146973,-0.0008284177092146731,0.06948438059105663,0.006326061360480642,0.07663885966075194,-0.042527605,0.027785193452124865,0.0073476929908590505,0.07766049129113035,0.08631397736946733,0.15662677566973865,0.0034828046973932256,0.07379560299766452
E01026233,E01026233,North Kesteven 011C,North Kesteven,E01026233,1,2021,0.166577919723416,-0.0703127983002713,0.0435676011258867,76.30894911628769,77.77145845683295,0.0,0.0,0.0,-0.0703127983002713,-0.23689071802368733,-0.026745197174384602,-0.19332311689780063,0.02164640948792447,-0.14493151023549156,0.04035781267949311,-0.1262201070439229,0.013744012226987075,-0.15283390749642894,0.0555864715519709,-0.11099144817144511,0.02366878996196186,-0.14290912976145415,0.016575731,-0.15000218838634555,-0.007201252390277593,-0.1737791721136936,0.056849101630788046,-0.10972881809262797,0.003595677177259844,-0.16298224254615618
E01026233,E01026233,North Kesteven 011C,North Kesteven,E01026233,1,2022,0.426973708070401,0.166577919723416,0.23689071802368733,76.30894911628769,77.77145845683295,0.0,0.0,0.0,0.166577919723416,-0.260395788346985,0.40346863774710334,-0.023505070323297683,0.3214354916672849,-0.10553821640311611,0.30530128832937503,-0.121672419741026,0.31096915558610094,-0.11600455248430008,0.29872501845533966,-0.12824868961506136,0.2657621804770864,-0.16121152759331464,0.24872246,-0.17825124422419436,0.2469698652949788,-0.18000384277542222,0.28932499470445155,-0.13764871336594947,0.2818308837639604,-0.1451428243064406
E01026186,E01026186,North Kesteven 001A,North Kesteven,E01026186,1,2020,0.639542964464497,0.327621103953094,0.580970252854587,39.22533231706247,47.958124220241984,0.0,0.0,0.0,0.327621103953094,-0.31192186051140297,0.9085913568076811,0.2690483923431841,0.41900067108067546,-0.22054229338382153,0.3839118021640917,-0.2556311623004053,0.36899489016502107,-0.2705480742994759,0.3370325110432067,-0.3025104534212903,0.3589612629832227,-0.2805817014812743,0.3636361,-0.2759068582118267,0.3476649335614792,-0.2918780309030178,0.3806171816620296,-0.25892578280246736,0.3833432620930557,-0.2561997023714413
E01026186,E01026186,North Kesteven 001A,North Kesteven,E01026186,1,2021,0.785948914829364,0.639542964464497,0.31192186051140297,39.22533231706247,47.958124220241984,0.0,0.0,0.0,0.639542964464497,-0.14640595036486703,0.9514648249758999,0.16551591014653588,0.6371752914467987,-0.14877362338256528,0.6206412663558436,-0.16530764847352042,0.6322790200451145,-0.15366989478424953,0.620690090012514,-0.16525882481685006,0.6559951775112658,-0.12995373731809823,0.5396154,-0.2463335221444275,0.6444537619159004,-0.1414951529134636,0.6750233678789517,-0.11092554695041235,0.6023680201936308,-0.18358089463573324
E01026186,E01026186,North Kesteven 001A,North Kesteven,E01026186,1,2022,0.736277086606274,0.785948914829364,0.14640595036486703,39.22533231706247,47.958124220241984,0.0,0.0,0.0,0.785948914829364,0.04967182822309002,0.932354865194231,0.19607777858795705,0.8688847129315904,0.13260762632531642,0.8384643386171289,0.10218725201085488,0.8832462698595657,0.14696918325329167,0.8669368031609855,0.13065971655471154,0.819700955351263,0.08342386874498897,0.8163064,0.08002932561372722,0.7987073934574959,0.06243030685122186,0.8388140676906958,0.10253698108442177,0.8505125713215727,0.11423548471529865
E01026187,E01026187,North Kesteven 001B,North Kesteven,E01026187,1,2020,0.221261238241749,-0.0853277193690999,-0.0836283796851117,40.781751190628505,48.803195154242424,0.0,0.0,0.0,-0.0853277193690999,-0.3065889576108489,-0.1689560990542116,-0.39021733729596064,0.23206111257849887,0.010799874336749865,0.19969146100509644,-0.02156977723665257,0.30042087318305205,0.07915963494130304,0.24148259855090118,0.02022136030915217,0.23021776529056126,0.008956527048812252,0.24214157,0.020880336379451553,0.16123088357207593,-0.060030354669673075,0.2546549134499492,0.03339367520820022,0.19937704541818252,-0.02188419282356649
E01026187,E01026187,North Kesteven 001B,North Kesteven,E01026187,1,2021,0.349898945461634,0.221261238241749,0.3065889576108489,40.781751190628505,48.803195154242424,0.0,0.0,0.0,0.221261238241749,-0.12863770721988502,0.527850195852598,0.17795125039096393,0.3271558387617449,-0.022743106699889104,0.31978933131105686,-0.03010961415057717,0.32440506572452216,-0.02549387973711187,0.31148342975411447,-0.038415515707519554,0.3290873062269174,-0.020811639234716628,0.32444274,-0.025456201206568108,0.32508529239310463,-0.024813653068529395,0.3733627626852102,0.023463817223576156,0.3119136543832906,-0.03798529107834342
E01026187,E01026187,North Kesteven 001B,North Kesteven,E01026187,1,2022,0.207232162084289,0.349898945461634,0.12863770721988502,40.781751190628505,48.803195154242424,0.0,0.0,0.0,0.349898945461634,0.14266678337734504,0.478536652681519,0.27130449059723005,0.4859097022975265,0.27867754021323754,0.45489857015067026,0.24766640806638127,0.4490424536990433,0.24181029161475429,0.42018788948216157,0.21295572739787258,0.44535115162721556,0.23811898954292657,0.46389744,0.25666527477293455,0.4632739528984889,0.25604179081419987,0.5315188440312626,0.32428668194697363,0.46867936859188014,0.2614472065075911
E01026189,E01026189,North Kesteven 001C,North Kesteven,E01026189,1,2020,-0.0063161608073152,-0.168888394581534,0.26651777180316394,68.22367341897741,58.017223078299445,0.0,0.0,0.0,-0.168888394581534,-0.1625722337742188,0.09762937722162993,0.10394553802894513,0.06508030218860573,0.07139646299592094,0.043220890348246055,0.04953705115556126,-0.04657142234162552,-0.04025526153431032,-0.08625791237721656,-0.07994175156990135,-0.07287888910901166,-0.06656272830169646,-0.08269439,-0.076378228118714,-0.028564448787786176,-0.022248287980470974,-0.013560565877612653,-0.0072444050702974525,-0.012655841477771377,-0.006339680670456177
E01026189,E01026189,North Kesteven 001C,North Kesteven,E01026189,1,2021,0.372853510147937,-0.0063161608073152,0.1625722337742188,68.22367341897741,58.017223078299445,0.0,0.0,0.0,-0.0063161608073152,-0.37916967095525217,0.1562560729669036,-0.2165974371810334,0.14795146093655737,-0.22490204921137963,0.1516605371102334,-0.2211929730377036,0.12825271041448363,-0.24460079973345336,0.12163634372310654,-0.25121716642483044,0.14989831129585834,-0.22295519885207865,0.10716304,-0.26569046831787413,0.1115742770399747,-0.2612792331079623,0.11255621998020485,-0.2602972901677322,0.13231404724039547,-0.24053946290754152
E01026189,E01026189,North Kesteven 001C,North Kesteven,E01026189,1,2022,0.541841586009983,0.372853510147937,0.37916967095525217,68.22367341897741,58.017223078299445,0.0,0.0,0.0,0.372853510147937,-0.168988075862046,0.7520231811031892,0.21018159509320622,0.500424284709866,-0.041417301300117004,0.48108676944966117,-0.060754816560321834,0.4227244788942762,-0.11911710711570678,0.3936992768478351,-0.14814230916214788,0.3822759672663576,-0.1595656187436254,0.3862626,-0.15557899035644907,0.46187229769608945,-0.07996928831389355,0.4408022564793616,-0.10103932953062139,0.4577435887199412,-0.0840979972900418
E01026203,E01026203,North Kesteven 001D,North Kesteven,E01026203,1,2020,0.0920723001056206,0.0105344318626035,0.0598040970292534,70.61707839335628,68.33930239027937,0.0,0.0,0.0,0.0105344318626035,-0.0815378682430171,0.0703385288918569,-0.0217337712137637,0.23563813606926542,0.1435658359636448,0.20903561215575428,0.11696331205013367,0.25477426762676114,0.16270196752114052,0.15895160975145342,0.06687930964583282,0.2930150848032022,0.2009427846975816,0.2944058,0.20233348807759166,0.21633505738548972,0.12426275727986912,0.2692135667046172,0.1771412665989966,0.2213247650377649,0.12925246493214432
E01026203,E01026203,North Kesteven 001D,North Kesteven,E01026203,1,2021,0.248203642456824,0.0920723001056206,0.0815378682430171,70.61707839335628,68.33930239027937,0.0,0.0,0.0,0.0920723001056206,-0.1561313423512034,0.1736101683486377,-0.07459347410818629,0.3193816915911115,0.07117804913428752,0.3063344107832118,0.05813076832638778,0.33309211981730924,0.08488847736048524,0.27555261957007965,0.02734897711325565,0.33851553388561534,0.09031189142879134,0.3487046,0.10050096383780796,0.29810402146582315,0.04990037900899916,0.3055155109396974,0.057311868482873424,0.3007129314850831,0.052509289028259104
E01026203,E01026203,North Kesteven 001D,North Kesteven,E01026203,1,2022,0.466062849735813,0.248203642456824,0.1561313423512034,70.61707839335628,68.33930239027937,0.0,0.0,0.0,0.248203642456824,-0.21785920727898903,0.40433498480802743,-0.06172786492778559,0.4606656801815683,-0.005397169554244741,0.4366129609887515,-0.029449888747061503,0.49066049820409235,0.02459764846827933,0.4146146645573721,-0.05144818517844091,0.48439745581820826,0.018334606082395233,0.50456935,0.0385065019373132,0.4533761118380647,-0.012686737897748324,0.4543501278814918,-0.011712721854321206,0.4489552740024463,-0.017107575733366742
E01026204,E01026204,North Kesteven 001E,North Kesteven,E01026204,1,2020,0.099439223147513,0.0523482018801049,0.18244329929428993,75.61141864621501,71.04020593442749,0.0,0.0,0.0,0.0523482018801049,-0.04709102126740809,0.23479150117439485,0.13535227802688185,0.18708022273716185,0.08764099958964885,0.18191781321659298,0.08247859006907998,0.2579622308016142,0.15852300765410118,0.21544567571791462,0.11600645257040162,0.267596852915888,0.16815762976837498,0.24444987,0.14501064565074293,0.20259564381007902,0.10315642066256603,0.21120522357637922,0.11176600042886622,0.19857850357000262,0.09913928042248962
E01026204,E01026204,North Kesteven 001E,North Kesteven,E01026204,1,2021,0.24118030165078,0.099439223147513,0.04709102126740809,75.61141864621501,71.04020593442749,0.0,0.0,0.0,0.099439223147513,-0.141741078503267,0.14653024441492107,-0.09465005723585893,0.2541013449855896,0.012921043334809618,0.2579018042822031,0.016721502631423107,0.3097979158132952,0.06861761416251519,0.2609799746256417,0.01979967297486171,0.31943404306221035,0.07825374141143035,0.3184168,0.07723650242446109,0.2825682255968497,0.04138792394606969,0.2750919133264892,0.03391161167570919,0.27272179358570997,0.03154149193492997
E01026204,E01026204,North Kesteven 001E,North Kesteven,E01026204,1,2022,0.207445328539719,0.24118030165078,0.141741078503267,75.61141864621501,71.04020593442749,0.0,0.0,0.0,0.24118030165078,0.033734973111060995,0.382921380154047,0.17547605161432797,0.4176557110083781,0.2102103824686591,0.40809364442454293,0.20064831588482393,0.44716250838817073,0.23971717984845173,0.41305982688647697,0.20561449834675796,0.5043243518284646,0.2968790232887456,0.5079371,0.3004917451678616,0.4789682593452757,0.2715229308055567,0.4404304113992094,0.2329850828594904,0.43454144028429387,0.22709611174457486
E01026206,E01026206,North Kesteven 001F,North Kesteven,E01026206,1,2020,-0.327722461489882,-0.237782685278068,0.139388104467993,72.932657537706,66.48019385478285,0.0,0.0,0.0,-0.237782685278068,0.08993977621181398,-0.09839458081007502,0.22932788067980697,-0.06273582255058223,0.26498663893929975,-0.07939093020106382,0.24833153128881819,-0.09095867476913916,0.23676378672074283,-0.0996612631832361,0.2280611983066459,-0.08637342320971024,0.24134903828017173,-0.08586428,0.24185817834540796,-0.09058931106451643,0.23713315042536556,-0.11222984122435997,0.21549262026552202,-0.09814986885559632,0.22957259263428567
E01026206,E01026206,North Kesteven 001F,North Kesteven,E01026206,1,2021,-0.0349559608872495,-0.327722461489882,-0.08993977621181398,72.932657537706,66.48019385478285,0.0,0.0,0.0,-0.327722461489882,-0.2927665006026325,-0.41766223770169597,-0.38270627681444647,-0.04183610827898292,-0.00688014739173342,-0.036799817257946385,-0.0018438563706968877,-0.022211894647804292,0.012744066239445205,-0.056944171603711166,-0.02198821071646167,0.0025045735764552437,0.03746053446370474,-8.104858e-05,0.03487491230736294,-0.043629092953315796,-0.008673132066066298,-0.0655925690590894,-0.030636608171839906,-0.04808599168407078,-0.013130030796821283
E01026206,E01026206,North Kesteven 001F,North Kesteven,E01026206,1,2022,0.176562871610983,-0.0349559608872495,0.2927665006026325,72.932657537706,66.48019385478285,0.0,0.0,0.0,-0.0349559608872495,-0.2115188324982325,0.257810539715383,0.08124766810439998,0.13871666559719648,-0.03784620601378652,0.13286953754219355,-0.04369333406878945,0.08558948228738696,-0.09097338932359604,0.11131073139282051,-0.06525214021816249,0.0999920769949094,-0.07657079461607359,0.08815042,-0.08841245231614886,0.09959959269995827,-0.07696327891102472,0.11227922954484995,-0.06428364206613305,0.09862174894387571,-0.07794112266710729
E01026182,E01026182,North Kesteven 003B,North Kesteven,E01026182,1,2020,0.270329682839235,0.348570792373579,0.2520522755233856,52.74020997290282,66.5829538593862,0.0,0.0,0.0,0.348570792373579,0.07824110953434404,0.6006230678969646,0.33029338505772965,0.4585295552978889,0.18819987245865394,0.40980263127351924,0.13947294843428426,0.45661679525243754,0.18628711241320256,0.47267555080106,0.20234586796182502,0.38843203465619125,0.11810235181695627,0.44166076,0.17133107899395594,0.4612307247493041,0.19090104191006912,0.524318255000556,0.253988572161321,0.4278755739420656,0.15754589110283063
E01026182,E01026182,North Kesteven 003B,North Kesteven,E01026182,1,2021,0.54866692993138,0.270329682839235,-0.07824110953434404,52.74020997290282,66.5829538593862,0.0,0.0,0.0,0.270329682839235,-0.278337247092145,0.19208857330489093,-0.35657835662648907,0.46756871801101635,-0.08109821192036365,0.4281857067783806,-0.12048122315299942,0.5165523911856362,-0.03211453874574377,0.4966498470644227,-0.052017082866957276,0.4572007461161185,-0.0914661838152615,0.46198797,-0.08667895767185851,0.49876339842789547,-0.04990353150348453,0.5132312478679124,-0.03543568206346759,0.4559870313173741,-0.09267989861400588
E01026182,E01026182,North Kesteven 003B,North Kesteven,E01026182,1,2022,0.630178822106892,0.54866692993138,0.278337247092145,52.74020997290282,66.5829538593862,0.0,0.0,0.0,0.54866692993138,-0.08151189217551202,0.827004177023525,0.196825354916633,0.6401289243552983,0.009950102248406312,0.5902063530421503,-0.03997246906474172,0.7268270484105572,0.09664822630366521,0.6640463635907078,0.033867541483815766,0.7455401152507384,0.11536129314384636,0.7221813,0.09200249808353766,0.6216546441990438,-0.008524177907848207,0.6820707407062763,0.051891918599384246,0.6942345947849031,0.0640557726780111
E01026193,E01026193,North Kesteven 003C,North Kesteven,E01026193,1,2020,0.334818845951045,0.213819804532307,0.2160393956218443,53.026028119206885,66.6673287544023,0.0,0.0,0.0,0.213819804532307,-0.12099904141873799,0.4298592001541513,0.0950403542031063,0.34712209634760693,0.012303250396561938,0.32589505993783396,-0.008923786013211032,0.24704993640666453,-0.08776890954438046,0.28597980130411504,-0.04883904464692995,0.27395058072679057,-0.060868265224254425,0.28155082,-0.0532680213088636,0.3462256352120086,0.011406789260963612,0.34902109890780597,0.014202252956760975,0.2800903613725088,-0.054728484578536185
E01026193,E01026193,North Kesteven 003C,North Kesteven,E01026193,1,2021,0.358237044017623,0.334818845951045,0.12099904141873799,53.026028119206885,66.6673287544023,0.0,0.0,0.0,0.334818845951045,-0.023418198066578022,0.455817887369783,0.09758084335216,0.45350274322686057,0.09526569920923755,0.42685436588942416,0.06861732187180114,0.44525058626067476,0.08701354224305174,0.4311996771478263,0.07296263313020329,0.5330859957803086,0.17484895176268556,0.48194024,0.12370319565026944,0.4774347533349867,0.11919770931736368,0.48534193640788237,0.12710489239025935,0.45793715527375817,0.09970011125613515
E01026193,E01026193,North Kesteven 003C,North Kesteven,E01026193,1,2022,0.140735979819862,0.358237044017623,0.023418198066578022,53.026028119206885,66.6673287544023,0.0,0.0,0.0,0.358237044017623,0.21750106419776102,0.38165524208420104,0.24091926226433905,0.5731019488475236,0.43236596902766167,0.5295465252090855,0.38881054538922355,0.6620591238481076,0.5213231440282456,0.5994981516540389,0.4587621718341769,0.6625636033863117,0.5218276235664497,0.63795966,0.4972236792797169,0.574907603935395,0.434171624115533,0.5978299900569322,0.4570940102370702,0.5663290218916768,0.4255930420718148
E01026199,E01026199,North Kesteven 003D,North Kesteven,E01026199,1,2020,0.372683845090796,0.348361037294193,0.2763650764294699,62.21577864790171,70.96558720564103,0.0,0.0,0.0,0.348361037294193,-0.024322807796603008,0.6247261137236628,0.25204226863286683,0.45212176052275704,0.07943791543196105,0.43431506867340325,0.06163122358260725,0.41553455290148333,0.04285070781068734,0.3971312552361094,0.02444741014531343,0.39830333528485523,0.025619490194059236,0.4234086,0.05072475261695242,0.45819599676819217,0.08551215167739618,0.40482764985661324,0.03214380476581724,0.4282817527058826,0.055597907615086595
E01026199,E01026199,North Kesteven 003D,North Kesteven,E01026199,1,2021,0.636628822797499,0.372683845090796,0.024322807796603008,62.21577864790171,70.96558720564103,0.0,0.0,0.0,0.372683845090796,-0.263944977706703,0.397006652887399,-0.2396221699101,0.533328434894282,-0.10330038790321694,0.5247357796506134,-0.11189304314688564,0.554333055919336,-0.08229576687816298,0.5336861856046249,-0.10294263719287411,0.5262504534666413,-0.11037836933085765,0.5669241,-0.0697047276436904,0.5619254794599641,-0.07470334333753492,0.5321040338770151,-0.10452478892048389,0.531563762563027,-0.10506506023447204
E01026199,E01026199,North Kesteven 003D,North Kesteven,E01026199,1,2022,0.996203173376604,0.636628822797499,0.263944977706703,62.21577864790171,70.96558720564103,0.0,0.0,0.0,0.636628822797499,-0.35957435057910503,0.900573800504202,-0.09562937287240203,0.7677530083107946,-0.2284501650658094,0.7545326056502939,-0.24167056772631013,0.7773399466402333,-0.2188632267363707,0.7767138763278677,-0.21948929704873632,0.7650495136365519,-0.2311536597400521,0.80676824,-0.1894349348321399,0.7093202232329259,-0.28688295014367815,0.787863790724024,-0.20833938265258,0.75189775960596,-0.24430541377064408
E01026225,E01026225,North Kesteven 003E,North Kesteven,E01026225,1,2020,0.467189271672596,0.391135478012481,0.4325227786385998,65.3122733524713,65.10991924625478,0.0,0.0,0.0,0.391135478012481,-0.076053793660115,0.8236582566510808,0.35646898497848484,0.5186598282120183,0.051470556539422285,0.4905005351540992,0.023311263481503197,0.4605240235203381,-0.0066652481522578855,0.4274145709416913,-0.03977470073090472,0.4576738414702386,-0.0095154302023574,0.5076267,0.04043744064963911,0.4724758840060281,0.005286612333432084,0.5061966610157567,0.03900738934316067,0.489051039960756,0.02186176828816
E01026225,E01026225,North Kesteven 003E,North Kesteven,E01026225,1,2021,0.700013662891708,0.467189271672596,0.076053793660115,65.3122733524713,65.10991924625478,0.0,0.0,0.0,0.467189271672596,-0.23282439121911197,0.5432430653327109,-0.15677059755899703,0.5452258062091083,-0.15478785668259964,0.5510822092681332,-0.14893145362357474,0.5650767766331264,-0.13493688625858158,0.5765041284052311,-0.12350953448647684,0.526027726037321,-0.173985936854387,0.54762155,-0.1523921147158962,0.568968164319719,-0.131045498571989,0.5609119464973953,-0.13910171639431268,0.5497747948006795,-0.1502388680910285
E01026225,E01026225,North Kesteven 003E,North Kesteven,E01026225,1,2022,0.690436693824574,0.700013662891708,0.23282439121911197,65.3122733524713,65.10991924625478,0.0,0.0,0.0,0.700013662891708,0.009576969067134011,0.9328380541108199,0.24240136028624593,0.8382409885613299,0.14780429473675594,0.8200250764971148,0.1295883826725408,0.8426180530897237,0.15218135926514975,0.8360991610203011,0.14566246719572717,0.8446961649641584,0.1542594711395845,0.84296995,0.1525332601892505,0.7540113416082862,0.06357464778371225,0.8303704494087474,0.13993375558417342,0.82094170558322,0.13050501175864604
E01026226,E01026226,North Kesteven 003F,North Kesteven,E01026226,1,2020,1.20754460559633,1.09121905784959,0.42916284423165496,66.4877558569837,64.97792620159782,0.0,0.0,0.0,1.09121905784959,-0.11632554774673998,1.5203819020812448,0.3128372964849149,1.1231416452406175,-0.08440296035571238,1.0977562851625213,-0.1097883204338086,1.0671188007472392,-0.14042580484909073,1.1080996562979004,-0.09944494929842951,1.0774454466386576,-0.13009915895767232,0.99442965,-0.21311495767381405,0.9553886893811848,-0.2521559162151451,1.102006211909649,-0.10553839368668094,1.0876388601634772,-0.1199057454328527
E01026226,E01026226,North Kesteven 003F,North Kesteven,E01026226,1,2021,1.1955788675335,1.20754460559633,0.11632554774673998,66.4877558569837,64.97792620159782,0.0,0.0,0.0,1.20754460559633,0.011965738062829967,1.32387015334307,0.12829128580956994,1.2269967459075413,0.03141787837404131,1.2278273182758714,0.03224845074237148,1.1943865949600336,-0.0011922725734663242,1.26153678303069,0.0659579154971901,1.1791823548875593,-0.016396512645940664,1.2829312,0.08735234107703471,1.1804071183608265,-0.015171749172673499,1.233657170398951,0.038078302865451,1.2177687834760087,0.022189915942508742
E01026226,E01026226,North Kesteven 003F,North Kesteven,E01026226,1,2022,1.13402374309316,1.1955788675335,-0.011965738062829967,66.4877558569837,64.97792620159782,0.0,0.0,0.0,1.1955788675335,0.06155512444034006,1.18361312947067,0.04958938637751009,1.3630333814295044,0.22900963833634447,1.3469218648185122,0.21289812172535227,1.3611536852323425,0.22712994213918258,1.325631078219457,0.19160733512629702,1.359414891077548,0.2253911479843882,1.4315628,0.29753903824076344,1.2434961392251962,0.1094723961320363,1.3347006676373796,0.2006769245442197,1.3512108517075947,0.2171871086144348
E01032990,E01034693,North Kesteven 003I,North Kesteven,E01032990,1,2020,-0.155656106451099,-0.309312620385158,0.19371276153246203,56.932626988057656,69.58302337666161,0.0,0.0,0.0,-0.309312620385158,-0.153656513934059,-0.11559985885269597,0.04005624759840304,-0.12101508274922561,0.0346410237018734,-0.14974850962954112,0.005907596821557892,-0.17164011389523962,-0.015984007444140608,-0.15295930429938942,0.0026968021517095875,-0.1851800283552533,-0.029523921904154288,-0.1376634,0.01799271223837623,-0.16945500838109206,-0.013798901929993057,-0.09937274540422611,0.0562833610468729,-0.17703567058853428,-0.021379564137435275
E01032990,E01034693,North Kesteven 003I,North Kesteven,E01032990,1,2021,0.168851339660764,-0.155656106451099,0.153656513934059,56.932626988057656,69.58302337666161,0.0,0.0,0.0,-0.155656106451099,-0.324507446111863,-0.0019995925170400164,-0.170850932177804,-0.02133905938457105,-0.19019039904533502,-0.034359956656955085,-0.20321129631771906,-0.02548219009885897,-0.19433352975962295,-0.02092487095763423,-0.18977621061839822,-0.0456315609357205,-0.2144829005964845,-0.044922817,-0.2137741571592095,-0.055729897269864215,-0.2245812369306282,0.0147454794333894,-0.1541058602273746,-0.06809734098474711,-0.2369486806455111
E01032990,E01034693,North Kesteven 003I,North Kesteven,E01032990,1,2022,0.147760951720624,0.168851339660764,0.324507446111863,56.932626988057656,69.58302337666161,0.0,0.0,0.0,0.168851339660764,0.021090387940139982,0.493358785772627,0.34559783405200295,0.24950956055170737,0.10174860883108336,0.21908084820184442,0.07131989648122042,0.22790395358818386,0.08014300186755985,0.20610466152375384,0.058343709803129834,0.2011307219447338,0.0533697702241098,0.19973478,0.05197382549151894,0.1467037068949078,-0.0010572448257162026,0.24694855124575604,0.09918759952513204,0.19236683699057405,0.044605885269950046
E01032990,E01034694,North Kesteven 003J,North Kesteven,E01032990,1,2020,-0.155656106451099,-0.309312620385158,0.19371276153246203,56.932626988057656,69.58302337666161,0.0,0.0,0.0,-0.309312620385158,-0.153656513934059,-0.11559985885269597,0.04005624759840304,-0.12101508274922561,0.0346410237018734,-0.14974850962954112,0.005907596821557892,-0.17164011389523962,-0.015984007444140608,-0.15295930429938942,0.0026968021517095875,-0.1851800283552533,-0.029523921904154288,-0.1376634,0.01799271223837623,-0.16945500838109206,-0.013798901929993057,-0.09937274540422611,0.0562833610468729,-0.17703567058853428,-0.021379564137435275
E01032990,E01034694,North Kesteven 003J,North Kesteven,E01032990,1,2021,0.168851339660764,-0.155656106451099,0.153656513934059,56.932626988057656,69.58302337666161,0.0,0.0,0.0,-0.155656106451099,-0.324507446111863,-0.0019995925170400164,-0.170850932177804,-0.02133905938457105,-0.19019039904533502,-0.034359956656955085,-0.20321129631771906,-0.02548219009885897,-0.19433352975962295,-0.02092487095763423,-0.18977621061839822,-0.0456315609357205,-0.2144829005964845,-0.044922817,-0.2137741571592095,-0.055729897269864215,-0.2245812369306282,0.0147454794333894,-0.1541058602273746,-0.06809734098474711,-0.2369486806455111
E01032990,E01034694,North Kesteven 003J,North Kesteven,E01032990,1,2022,0.147760951720624,0.168851339660764,0.324507446111863,56.932626988057656,69.58302337666161,0.0,0.0,0.0,0.168851339660764,0.021090387940139982,0.493358785772627,0.34559783405200295,0.24950956055170737,0.10174860883108336,0.21908084820184442,0.07131989648122042,0.22790395358818386,0.08014300186755985,0.20610466152375384,0.058343709803129834,0.2011307219447338,0.0533697702241098,0.19973478,0.05197382549151894,0.1467037068949078,-0.0010572448257162026,0.24694855124575604,0.09918759952513204,0.19236683699057405,0.044605885269950046
E01032994,E01032994,North Kesteven 003H,North Kesteven,E01032994,1,2020,0.415419906407311,0.0897351159652162,0.34312993267925324,64.33227762722827,74.94547274392663,0.0,0.0,0.0,0.0897351159652162,-0.3256847904420948,0.43286504864446945,0.01744514223715843,0.26949075442739323,-0.1459291519799178,0.19398886630702444,-0.22143104010028658,0.22266332738257277,-0.19275657902473825,0.21404838297299042,-0.2013715234343206,0.24595303822607995,-0.16946686818123108,0.24876326,-0.1666566431817556,0.19219426077181556,-0.22322564563549546,0.27815406592598324,-0.13726584048132778,0.23755997475246432,-0.1778599316548467
E01032994,E01032994,North Kesteven 003H,North Kesteven,E01032994,1,2021,0.542315569557043,0.415419906407311,0.3256847904420948,64.33227762722827,74.94547274392663,0.0,0.0,0.0,0.415419906407311,-0.12689566314973194,0.7411046968494058,0.19878912729236287,0.46882398317470647,-0.0734915863823365,0.4044701775990439,-0.13784539195799905,0.46878093406052473,-0.07353463549651823,0.4491527114043745,-0.09316285815266845,0.4150641653825716,-0.12725140417447134,0.43266132,-0.10965424481758679,0.4268513938518501,-0.11546417570519285,0.43072007807159735,-0.11159549148544562,0.4672426685762578,-0.07507290098078517
E01032994,E01032994,North Kesteven 003H,North Kesteven,E01032994,1,2022,0.682747682252635,0.542315569557043,0.12689566314973194,64.33227762722827,74.94547274392663,0.0,0.0,0.0,0.542315569557043,-0.14043211269559208,0.669211232706775,-0.013536449545860085,0.6950488314421385,0.012301149189503424,0.6171923829950184,-0.0655552992576166,0.6835133527549961,0.0007656705023610932,0.6177599881363869,-0.06498769411624816,0.6167754501174618,-0.06597223213517323,0.6375207,-0.04522701136182694,0.618865597446501,-0.063882084806134,0.6714833810296151,-0.011264301223019912,0.6501695276073165,-0.03257815464531855
E01026184,E01026184,North Kesteven 004A,North Kesteven,E01026184,1,2020,-0.147624786508502,-0.409745617393336,-0.057245922370041,8.920718994298488,29.342279107200827,0.0,0.0,0.0,-0.409745617393336,-0.26212083088483396,-0.466991539763377,-0.31936675325487496,-0.07186885967337618,0.07575592683512582,-0.12130286608939152,0.02632192041911048,-0.20864782898415055,-0.06102304247564855,-0.24047808560550193,-0.09285329909699994,-0.26892329392006,-0.12129850741155798,-0.20848574,-0.06086095093446828,-0.17906950528439985,-0.031444718775897856,-0.13939038833470485,0.008234398173797147,-0.1847647473456462,-0.037139960837144215
E01026184,E01026184,North Kesteven 004A,North Kesteven,E01026184,1,2021,0.0637883555455892,-0.147624786508502,0.26212083088483396,8.920718994298488,29.342279107200827,0.0,0.0,0.0,-0.147624786508502,-0.2114131420540912,0.11449604437633196,0.05070768883074275,0.02547939442804721,-0.03830896111754199,-0.01168477802489197,-0.07547313357048117,-0.019180094759116438,-0.08296845030470565,-0.01202421754752227,-0.07581257309311147,-0.08583659204548581,-0.14962494759107503,-0.05301127,-0.11679962392289328,-0.04132815062296949,-0.1051165061685587,-0.013877918719854781,-0.07766627426544398,-0.04183582066064024,-0.10562417620622944
E01026184,E01026184,North Kesteven 004A,North Kesteven,E01026184,1,2022,0.107145624854416,0.0637883555455892,0.2114131420540912,8.920718994298488,29.342279107200827,0.0,0.0,0.0,0.0637883555455892,-0.0433572693088268,0.2752014975996804,0.16805587274526437,0.21563647279787623,0.10849084794346023,0.16191413317486894,0.054768508320452935,0.2284167618609779,0.12127113700656189,0.1872489539477196,0.08010332909330359,0.13357309358744215,0.02642746873302615,0.17458524,0.0674396132446822,0.09016683061525627,-0.01697879423915974,0.11085564999464337,0.003710025140227363,0.16980189949347804,0.06265627463906204
E01026185,E01026185,North Kesteven 004B,North Kesteven,E01026185,1,2020,0.588965654767569,0.848062007343115,0.17241905550751202,16.710072832220902,35.29869432001979,0.0,0.0,0.0,0.848062007343115,0.259096352575546,1.0204810628506271,0.4315154080830581,0.9985365845714913,0.4095709298039223,0.9171453089933066,0.3281796542257376,1.0677048955637476,0.4787392407961786,0.986486300790372,0.397520646022803,0.9874066668255806,0.39844101205801163,1.0124127,0.4234470125069061,0.9901433749924131,0.4011777202248441,1.0104178135800235,0.42145215881245446,0.9717253871747147,0.38275973240714567
E01026185,E01026185,North Kesteven 004B,North Kesteven,E01026185,1,2021,0.955960284906718,0.588965654767569,-0.259096352575546,16.710072832220902,35.29869432001979,0.0,0.0,0.0,0.588965654767569,-0.366994630139149,0.32986930219202304,-0.626090982714695,0.9186155936931711,-0.03734469121354689,0.8621373383207647,-0.09382294658595336,0.86846566863791,-0.08749461626880806,0.8960737653890701,-0.059886519517647896,0.8206027508992302,-0.13535753400748785,0.8692629,-0.0866974107802837,0.9162001676163956,-0.03976011729032247,0.9231258293390263,-0.03283445556769171,0.8566588983270087,-0.09930138657970933
E01026185,E01026185,North Kesteven 004B,North Kesteven,E01026185,1,2022,1.02697598832822,0.955960284906718,0.366994630139149,16.710072832220902,35.29869432001979,0.0,0.0,0.0,0.955960284906718,-0.07101570342150187,1.322954915045867,0.29597892671764714,1.0540326192732277,0.027056630945007765,0.9821559851257272,-0.044820003202492686,1.1875186426241882,0.16054265429596826,1.129255682246331,0.1022796939181112,1.1814880316229395,0.15451204329471957,1.2030649,0.1760889301898465,1.093485546997786,0.0665095586695661,1.0528463979572653,0.02587040962904541,1.0897211227341397,0.06274513440591978
E01026188,E01026188,North Kesteven 004C,North Kesteven,E01026188,1,2020,0.712174531234442,0.654127098585782,0.12364131784972998,39.43142787097847,47.84252556664795,0.0,0.0,0.0,0.654127098585782,-0.05804743264865997,0.777768416435512,0.06559388520107001,0.7768840740627921,0.06470954282835018,0.7385177481576761,0.02634321692323416,0.7712359839716115,0.05906145273716956,0.7837914969203145,0.0716169656858725,0.8360122705053349,0.12383773927089292,0.818457,0.10628247617370012,0.8328921511144021,0.1207176198799601,0.8739284709387397,0.16175393970429774,0.7788282887460174,0.06665375751157543
E01026188,E01026188,North Kesteven 004C,North Kesteven,E01026188,1,2021,0.688645824123473,0.712174531234442,0.05804743264865997,39.43142787097847,47.84252556664795,0.0,0.0,0.0,0.712174531234442,0.023528707110968994,0.7702219638831019,0.08157613975962896,0.853016121291594,0.16437029716812102,0.8266325295106292,0.13798670538715618,0.9624792689345041,0.2738334448110311,0.9012255928460516,0.21257976872257867,0.9570779520836903,0.2684321279602173,0.98418486,0.29553903705969353,0.9157997009569798,0.22715387683350685,0.924392705882022,0.23574688175854908,0.8981589532946406,0.2095131291711676
E01026188,E01026188,North Kesteven 004C,North Kesteven,E01026188,1,2022,0.944953006973566,0.688645824123473,-0.023528707110968994,39.43142787097847,47.84252556664795,0.0,0.0,0.0,0.688645824123473,-0.256307182850093,0.665117117012504,-0.279835889961062,0.9369547246253883,-0.007998282348177677,0.8934427353194809,-0.05151027165408506,0.9741815441566686,0.029228537183102588,0.9123892978368493,-0.03256370913671669,0.9873645943196916,0.0424115873461256,1.0015706,0.05661757541626555,0.9852887491460148,0.04033574217244884,1.0231469130251303,0.07819390605156429,0.9367588796680484,-0.008194127305517607
E01026190,E01026190,North Kesteven 004D,North Kesteven,E01026190,1,2020,0.990274235262067,1.2885886270068,0.9335767051529381,65.0022554063038,52.76814798529957,0.0,0.0,0.0,1.2885886270068,0.29831439174473307,2.2221653321597383,1.2318910968976713,1.1000512867443377,0.10977705148227068,1.0387061365353105,0.04843190127324348,1.0524732611479688,0.06219902588590176,1.113149196835607,0.12287496157354005,1.0540137809534167,0.06373954569134965,0.9322445,-0.058029755605847555,1.0324995648058122,0.04222532954374514,1.0811105903971125,0.09083635513504551,1.0743998213330315,0.08412558607096443
E01026190,E01026190,North Kesteven 004D,North Kesteven,E01026190,1,2021,1.35925356224137,0.990274235262067,-0.29831439174473307,65.0022554063038,52.76814798529957,0.0,0.0,0.0,0.990274235262067,-0.3689793269793029,0.691959843517334,-0.667293718724036,1.0862443636304204,-0.2730091986109495,1.0566267817422412,-0.3026267804991287,1.215724250743925,-0.14352931149744497,1.1656087068387508,-0.1936448554026191,1.1919051634268711,-0.1673483988144988,1.2092065,-0.15004710033493684,1.0905710287007955,-0.2686825335405745,1.090166572653341,-0.269086989588029,1.1100246791641892,-0.24922888307718072
E01026190,E01026190,North Kesteven 004D,North Kesteven,E01026190,1,2022,0.737785258923788,1.35925356224137,0.3689793269793029,65.0022554063038,52.76814798529957,0.0,0.0,0.0,1.35925356224137,0.621468303317582,1.7282328892206729,0.9904476302968849,1.395871417978513,0.658086159054725,1.3236856448617926,0.5859003859380046,1.3613984867577487,0.6236132278339607,1.3276333676301788,0.5898481087063908,1.3311370007935799,0.5933517418697919,1.4536942,0.715908965433817,1.436984734947015,0.6991994760232271,1.3655615665795742,0.6277763076557862,1.3993075095666538,0.6615222506428658
E01026237,E01026237,North Kesteven 004E,North Kesteven,E01026237,1,2020,0.735450162368043,0.370962652240709,0.12570627682430702,65.34585919510262,70.68771038152052,0.0,0.0,0.0,0.370962652240709,-0.36448751012733394,0.49666892906501603,-0.23878123330302692,0.6027214991043561,-0.13272866326368682,0.5353151229532109,-0.20013503941483202,0.526975812748352,-0.2084743496196909,0.49154567615339495,-0.243904486214648,0.5412408774008615,-0.19420928496718148,0.5478507,-0.1875994343330698,0.5488918784490981,-0.1865582839189448,0.5694822054743841,-0.16596795689365884,0.5624883918346835,-0.17296177053335948
E01026237,E01026237,North Kesteven 004E,North Kesteven,E01026237,1,2021,0.671828320961431,0.735450162368043,0.36448751012733394,65.34585919510262,70.68771038152052,0.0,0.0,0.0,0.735450162368043,0.06362184140661198,1.0999376724953769,0.4281093515339459,0.8052354470613401,0.13340712609990912,0.766877446956231,0.09504912599479998,0.8802065274419524,0.2083782064805214,0.8257620453756064,0.1539337244141754,0.7945139838833477,0.12268566292191674,0.8206138,0.14878548051790863,0.7826230367485913,0.11079471578716038,0.7796018947065064,0.10777357374507546,0.8280151022760858,0.1561867813146548
E01026237,E01026237,North Kesteven 004E,North Kesteven,E01026237,1,2022,0.760940715455969,0.671828320961431,-0.06362184140661198,65.34585919510262,70.68771038152052,0.0,0.0,0.0,0.671828320961431,-0.089112394494538,0.608206479554819,-0.15273423590114998,0.8846390370549639,0.12369832159899496,0.837713768751333,0.07677305329536399,0.8637833158371954,0.10284260038122639,0.8276032289324726,0.06666251347650365,0.8048851500636972,0.04394443460772823,0.83483076,0.07389004549984157,0.8129063610470093,0.05196564559104033,0.8786273469506762,0.11768663149470726,0.8513836279983642,0.09044291254239523
E01026238,E01026238,North Kesteven 004F,North Kesteven,E01026238,1,2020,0.508434335760405,0.363072457451279,0.30478517130109894,49.76751731272332,59.41921203102358,0.0,0.0,0.0,0.363072457451279,-0.145361878309126,0.6678576287523779,0.1594232929919729,0.4971098724579606,-0.011324463302444354,0.4222933333344541,-0.08614100242595085,0.4219260980788571,-0.08650823768154786,0.43369675017563725,-0.07473758558476773,0.3714135945504984,-0.1370207412099066,0.3922347,-0.11619962292127839,0.41828324132043687,-0.0901510944399681,0.3929317726448916,-0.11550256311551338,0.4427311584722212,-0.06570317728818376
E01026238,E01026238,North Kesteven 004F,North Kesteven,E01026238,1,2021,0.746833791431706,0.508434335760405,0.145361878309126,49.76751731272332,59.41921203102358,0.0,0.0,0.0,0.508434335760405,-0.23839945567130105,0.653796214069531,-0.093037577362175,0.6445607346696792,-0.1022730567620268,0.583694568579372,-0.16313922285233406,0.6178387485355076,-0.12899504289619845,0.6091593020706222,-0.13767448936108384,0.5553809740484966,-0.1914528173832094,0.60252863,-0.14430515974454172,0.5792214745521087,-0.16761231687959732,0.5995690580730506,-0.14726473335865542,0.6094020520716443,-0.1374317393600617
E01026238,E01026238,North Kesteven 004F,North Kesteven,E01026238,1,2022,0.945044139809823,0.746833791431706,0.23839945567130105,49.76751731272332,59.41921203102358,0.0,0.0,0.0,0.746833791431706,-0.19821034837811702,0.9852332471030071,0.040189107293184034,0.8622952058010849,-0.08274893400873817,0.7926296312571158,-0.15241450855270722,0.8900188048236546,-0.05502533498616846,0.8493672496562511,-0.09567689015357195,0.8051139807208829,-0.13993015908894013,0.8208407,-0.12420342344782354,0.7718916014901448,-0.17315253831967825,0.7824368546734491,-0.1626072851363739,0.823311357223645,-0.12173278258617803
E01026191,E01026191,North Kesteven 005A,North Kesteven,E01026191,1,2020,0.0188560985633301,0.282796057168161,0.37410913728323214,67.139734070848,56.57082268250666,0.0,0.0,0.0,0.282796057168161,0.2639399586048309,0.6569051944513931,0.6380490958880629,0.3246770779162318,0.3058209793529017,0.3129044184457262,0.2940483198823961,0.31896792301661375,0.30011182445328366,0.25402250747170796,0.23516640890837787,0.2726470090031832,0.25379091043985313,0.2295921,0.21073600122247466,0.30369686912666005,0.28484077056332996,0.2987785794491018,0.2799224808857717,0.309984444051755,0.2911283454884249
E01026191,E01026191,North Kesteven 005A,North Kesteven,E01026191,1,2021,0.320318142975166,0.0188560985633301,-0.2639399586048309,67.139734070848,56.57082268250666,0.0,0.0,0.0,0.0188560985633301,-0.3014620444118359,-0.2450838600415008,-0.5654020030166668,0.2900294068202989,-0.030288736154867102,0.31748690451868977,-0.002831238456476204,0.37941406558640023,0.05909592261123425,0.37148544019977636,0.051167297224610386,0.4291111022971936,0.10879295932202765,0.44923747,0.1289193228832935,0.32743259999142477,0.007114457016258791,0.29028791564061524,-0.03003022733455074,0.34587604636869235,0.02555790339352637
E01026191,E01026191,North Kesteven 005A,North Kesteven,E01026191,1,2022,0.391778808378094,0.320318142975166,0.3014620444118359,67.139734070848,56.57082268250666,0.0,0.0,0.0,0.320318142975166,-0.071460665402928,0.6217801873870019,0.23000137900890794,0.4905824898289683,0.09880368145087431,0.47682615649664983,0.08504734811855585,0.4677618769204431,0.0759830685423491,0.45442368558736973,0.06264487720927575,0.4932541485444486,0.10147534016635462,0.51954174,0.1277629320393865,0.4830198509566037,0.09124104257850973,0.5132389692597059,0.12146016088161193,0.48636508236602005,0.09458627398792607
E01026205,E01026205,North Kesteven 005B,North Kesteven,E01026205,1,2020,0.848918219696509,0.744743446701581,0.47124244727121,71.89200205786133,64.70609690181551,0.0,0.0,0.0,0.744743446701581,-0.10417477299492806,1.215985893972791,0.36706767427628195,0.8227451311885497,-0.026173088507959297,0.7721546758861965,-0.07676354381031258,0.8989021454756323,0.04998392577912325,0.8493559014553161,0.0004376817588070958,0.8853879386500491,0.03646971895354001,0.8552497,0.006331483233941393,0.8179440283877584,-0.030974191308750676,0.8406751982866623,-0.008243021409846785,0.8369745648570537,-0.011943654839455364
E01026205,E01026205,North Kesteven 005B,North Kesteven,E01026205,1,2021,0.97009757246037,0.848918219696509,0.10417477299492806,71.89200205786133,64.70609690181551,0.0,0.0,0.0,0.848918219696509,-0.12117935276386094,0.9530929926914371,-0.01700457976893288,0.8811643198609352,-0.08893325259943474,0.8461123510010711,-0.12398522145929891,0.9812180572801009,0.011120484819730936,0.9141249911540509,-0.0559725813063191,0.9761165864531266,0.006019013992756617,0.9806291,0.010531514034075817,0.905733678230257,-0.06436389423011302,0.8889955286646569,-0.08110204379571306,0.9113040199798363,-0.05879355248053364
E01026205,E01026205,North Kesteven 005B,North Kesteven,E01026205,1,2022,0.768565777205903,0.97009757246037,0.12117935276386094,71.89200205786133,64.70609690181551,0.0,0.0,0.0,0.97009757246037,0.20153179525446696,1.091276925224231,0.3227111480183279,1.1130454721444223,0.34447969493851927,1.0589005566243423,0.2903347794184393,1.3054149331322258,0.5368491559263228,1.2160816823030087,0.4475159050971057,1.1927463473175506,0.42418057011164756,1.2263801,0.4578143325810843,1.1896780985720605,0.4211123213661575,1.1051574304105092,0.33659165320460616,1.1256271471779207,0.35706136997201765
E01026211,E01026211,North Kesteven 005C,North Kesteven,E01026211,1,2020,0.130721230423854,0.0118809912811774,0.2530050808666454,77.56035890692519,77.77921984263676,0.0,0.0,0.0,0.0118809912811774,-0.1188402391426766,0.26488607214782284,0.13416484172396884,0.1719696879929929,0.04124845756913889,0.19651717617439546,0.06579594575054146,0.24769498457671632,0.11697375415286232,0.21656849887213436,0.08584726844828036,0.2620335260466968,0.13131229562284277,0.24142644,0.11070520766933142,0.17319982774419018,0.04247859732033618,0.24460303129831606,0.11388180087446206,0.20052246367904925,0.06980123325519524
E01026211,E01026211,North Kesteven 005C,North Kesteven,E01026211,1,2021,0.216637986089136,0.130721230423854,0.1188402391426766,77.56035890692519,77.77921984263676,0.0,0.0,0.0,0.130721230423854,-0.08591675566528201,0.2495614695665306,0.0329234834773946,0.22750956927653748,0.010871583187401473,0.23864365722472536,0.02200567113558935,0.2298659143813767,0.013227928292240704,0.21988190894392934,0.0032439228547933296,0.23921779431727927,0.02257980822814326,0.20891333,-0.007724659825708274,0.20788186717542112,-0.008756118913714889,0.23544998755734323,0.018812001468207218,0.20990462756519856,-0.006733358523937444
E01026211,E01026211,North Kesteven 005C,North Kesteven,E01026211,1,2022,0.384430017189972,0.216637986089136,0.08591675566528201,77.56035890692519,77.77921984263676,0.0,0.0,0.0,0.216637986089136,-0.167792031100836,0.302554741754418,-0.081875275435554,0.3698029963727562,-0.014627020817215786,0.3738879895632759,-0.010542027626696093,0.33195562305927145,-0.05247439413070054,0.34297745265206075,-0.04145256453791124,0.3266081567565972,-0.05782186043337478,0.3700321,-0.014397915320388865,0.3726731056070952,-0.011756911582876783,0.3685301214811913,-0.015899895708780698,0.3375466621082947,-0.04688335508167729
E01026234,E01034695,North Kesteven 011F,North Kesteven,E01026234,1,2020,0.0813135429003097,0.0975096733853277,0.2323348083273537,78.58651528883401,77.99679280564618,0.0,0.0,0.0,0.0975096733853277,0.016196130485018,0.32984448171268144,0.24853093881237173,0.20282708818805834,0.12151354528774863,0.19145950713691245,0.11014596423660275,0.2281689142107027,0.146855371310393,0.20346214869099885,0.12214860579068915,0.21948764264978793,0.13817409974947822,0.18758765,0.10627410572983251,0.17731954938910593,0.09600600648879623,0.20925438860330697,0.12794084570299727,0.18514261917931804,0.10382907627900834
E01026234,E01034695,North Kesteven 011F,North Kesteven,E01026234,1,2021,0.401267145399063,0.0813135429003097,-0.016196130485018,78.58651528883401,77.99679280564618,0.0,0.0,0.0,0.0813135429003097,-0.31995360249875326,0.0651174124152917,-0.33614973298377127,0.1995340040450465,-0.2017331413540165,0.2089626418361375,-0.1923045035629255,0.21153145645707047,-0.18973568894199253,0.2324422453773627,-0.1688249000217003,0.23188373531906756,-0.16938341007999544,0.2316956,-0.16957153809448994,0.2100999649521856,-0.1911671804468774,0.20761652990187687,-0.19365061549718612,0.20539783211353096,-0.19586931328553203
E01026234,E01034695,North Kesteven 011F,North Kesteven,E01026234,1,2022,0.247790096612349,0.401267145399063,0.31995360249875326,78.58651528883401,77.99679280564618,0.0,0.0,0.0,0.401267145399063,0.153477048786714,0.7212207478978163,0.47343065128546735,0.4478476551955676,0.20005755858321858,0.44580911123516825,0.19801901462281926,0.5400570802130283,0.2922669836006794,0.4962198951523263,0.2484297985399773,0.4806280231745966,0.23283792656224758,0.52513444,0.2773443476244064,0.501323197596607,0.2535331009842581,0.4823075176680691,0.23451742105572013,0.4692236868829201,0.2214335902705711
E01026234,E01034696,North Kesteven 011G,North Kesteven,E01026234,1,2020,0.0813135429003097,0.0975096733853277,0.2323348083273537,78.58651528883401,77.99679280564618,0.0,0.0,0.0,0.0975096733853277,0.016196130485018,0.32984448171268144,0.24853093881237173,0.20282708818805834,0.12151354528774863,0.19145950713691245,0.11014596423660275,0.2281689142107027,0.146855371310393,0.20346214869099885,0.12214860579068915,0.21948764264978793,0.13817409974947822,0.18758765,0.10627410572983251,0.17731954938910593,0.09600600648879623,0.20925438860330697,0.12794084570299727,0.18514261917931804,0.10382907627900834
E01026234,E01034696,North Kesteven 011G,North Kesteven,E01026234,1,2021,0.401267145399063,0.0813135429003097,-0.016196130485018,78.58651528883401,77.99679280564618,0.0,0.0,0.0,0.0813135429003097,-0.31995360249875326,0.0651174124152917,-0.33614973298377127,0.1995340040450465,-0.2017331413540165,0.2089626418361375,-0.1923045035629255,0.21153145645707047,-0.18973568894199253,0.2324422453773627,-0.1688249000217003,0.23188373531906756,-0.16938341007999544,0.2316956,-0.16957153809448994,0.2100999649521856,-0.1911671804468774,0.20761652990187687,-0.19365061549718612,0.20539783211353096,-0.19586931328553203
E01026234,E01034696,North Kesteven 011G,North Kesteven,E01026234,1,2022,0.247790096612349,0.401267145399063,0.31995360249875326,78.58651528883401,77.99679280564618,0.0,0.0,0.0,0.401267145399063,0.153477048786714,0.7212207478978163,0.47343065128546735,0.4478476551955676,0.20005755858321858,0.44580911123516825,0.19801901462281926,0.5400570802130283,0.2922669836006794,0.4962198951523263,0.2484297985399773,0.4806280231745966,0.23283792656224758,0.52513444,0.2773443476244064,0.501323197596607,0.2535331009842581,0.4823075176680691,0.23451742105572013,0.4692236868829201,0.2214335902705711
E01026236,E01026236,North Kesteven 011E,North Kesteven,E01026236,1,2020,0.247169118776908,0.254111185845376,0.2731049910726175,76.32351392858791,77.8538822755151,0.0,0.0,0.0,0.254111185845376,0.006942067068468005,0.5272161769179935,0.2800470581410855,0.4785212867332133,0.2313521679563053,0.448353715018869,0.201184596241961,0.5261758543510133,0.2790067355741053,0.4198674248454621,0.17269830606855407,0.49719390346129816,0.25002478468439016,0.49139148,0.24422236119211665,0.45805396572345614,0.21088484694654813,0.4512812204578374,0.20411210168092941,0.4507395846635136,0.2035704658866056
E01026236,E01026236,North Kesteven 011E,North Kesteven,E01026236,1,2021,-0.0530123551679444,0.247169118776908,-0.006942067068468005,76.32351392858791,77.8538822755151,0.0,0.0,0.0,0.247169118776908,0.3001814739448524,0.24022705170844,0.2932394068763844,0.4319009249713251,0.4849132801392695,0.4316846348388678,0.4846969900068122,0.5090825166518643,0.5620948718198088,0.39750650856758546,0.45051886373552985,0.5512800328202712,0.6042923879882156,0.5582433,0.6112556298566652,0.5215920714269269,0.5746044265948713,0.4475551466501371,0.5005675018180815,0.4547579703945111,0.5077703255624555
E01026236,E01026236,North Kesteven 011E,North Kesteven,E01026236,1,2022,0.632403055809024,-0.0530123551679444,-0.3001814739448524,76.32351392858791,77.8538822755151,0.0,0.0,0.0,-0.0530123551679444,-0.6854154109769685,-0.3531938291127968,-0.9855968849218208,0.4121394910454141,-0.22026356476360992,0.4052026607727029,-0.2272003950363211,0.46303100365480615,-0.16937205215421786,0.3691214892353583,-0.2632815665736657,0.5263454175660683,-0.10605763824295567,0.5070856,-0.1253174344520599,0.4192452340063334,-0.2131578218026906,0.4363851013313698,-0.1960179544776542,0.4201050798895241,-0.2122979759194999
E01026200,E01026200,North Kesteven 012A,North Kesteven,E01026200,1,2020,-0.0425434957399389,0.114679601506061,0.578191859569862,70.5667165417524,84.4553663016328,0.0,0.0,0.0,0.114679601506061,0.15722309724599992,0.692871461075923,0.7354149568158619,0.2488540782193484,0.29139757395928734,0.19697412205183115,0.23951761779177005,0.07097611295344312,0.11351960869338203,0.08707522356729261,0.1296187193072315,0.06356090127481821,0.10610439701475712,0.07323794,0.11578143640899866,0.15070054743702357,0.19324404317696248,0.20248415998993674,0.24502765572987564,0.16135356388936184,0.20389705962930074
E01026200,E01026200,North Kesteven 012A,North Kesteven,E01026200,1,2021,0.40242791721226,-0.0425434957399389,-0.15722309724599992,70.5667165417524,84.4553663016328,0.0,0.0,0.0,-0.0425434957399389,-0.4449714129521989,-0.19976659298593882,-0.6021945101981988,0.22810319338569018,-0.17432472382656983,0.19759100804393978,-0.20483690916832023,0.2650170352997417,-0.13741088191251832,0.19972987704908932,-0.2026980401631707,0.28973298230990213,-0.11269493490235788,0.24857654,-0.1538513804376247,0.17937362797367157,-0.22305428923858844,0.2116053931959734,-0.1908225240162866,0.23074853189315292,-0.1716793853191071
E01026200,E01026200,North Kesteven 012A,North Kesteven,E01026200,1,2022,0.630547812288631,0.40242791721226,0.4449714129521989,70.5667165417524,84.4553663016328,0.0,0.0,0.0,0.40242791721226,-0.22811989507637098,0.8473993301644589,0.2168515178758279,0.5529380405787757,-0.07760977170985528,0.508160643185491,-0.12238716910313996,0.47165926107464284,-0.15888855121398815,0.4527803474209001,-0.17776746486773087,0.49171746859654253,-0.13883034369208846,0.5505806,-0.07996719152294496,0.5049112210405287,-0.12563659124810234,0.5387029224100219,-0.09184488987860906,0.5353559587125112,-0.09519185357611981
E01026201,E01026201,North Kesteven 012B,North Kesteven,E01026201,1,2020,0.283549572907859,0.160110752559362,0.2213318526470943,71.07362383820428,84.24714265217473,0.0,0.0,0.0,0.160110752559362,-0.12343882034849699,0.3814426052064563,0.0978930322985973,0.38580746650007813,0.10225789359221915,0.3365792724201233,0.05302969951226433,0.29974847945782684,0.016198906549967862,0.279745717073351,-0.0038038558345079854,0.3171232298505132,0.03357365694265424,0.31027347,0.0267238955865563,0.3074878014928189,0.02393822858495992,0.34163208836510145,0.05808251545724247,0.33239093830934846,0.04884136540148948
E01026201,E01026201,North Kesteven 012B,North Kesteven,E01026201,1,2021,0.502531956048666,0.283549572907859,0.12343882034849699,71.07362383820428,84.24714265217473,0.0,0.0,0.0,0.283549572907859,-0.21898238314080698,0.40698839325635594,-0.09554356279231002,0.458260451660156,-0.044271504388509964,0.42722653240675307,-0.0753054236419129,0.4174431821342404,-0.08508877391442554,0.39986661987786876,-0.1026653361707972,0.4372048519024916,-0.06532710414617438,0.46072355,-0.04180840692108723,0.47731053810885793,-0.025221417939808033,0.43596215806020794,-0.06656979798845802,0.45508167595252097,-0.04745028009614499
E01026201,E01026201,North Kesteven 012B,North Kesteven,E01026201,1,2022,0.491499433476152,0.502531956048666,0.21898238314080698,71.07362383820428,84.24714265217473,0.0,0.0,0.0,0.502531956048666,0.01103252257251397,0.7215143391894729,0.23001490571332095,0.6759992699078966,0.1844998364317446,0.6313541784382956,0.13985474496214356,0.6689018622169733,0.17740242874082135,0.6461701208980772,0.15467068742192525,0.635332813330388,0.14383337985423605,0.66278857,0.17128913645106358,0.6534211965149669,0.1619217630388149,0.6539460817729144,0.16244664829676236,0.6593070726792911,0.16780763920313913
E01026202,E01026202,North Kesteven 012C,North Kesteven,E01026202,1,2020,0.92128452078537,0.77422917399002,0.458437562582415,70.63414395595997,84.79893856647233,0.0,0.0,0.0,0.77422917399002,-0.14705534679535004,1.232666736572435,0.31138221578706504,0.8220839497258414,-0.09920057105952862,0.7500346953330973,-0.17124982545227274,0.804901131339699,-0.11638338944567106,0.7340336018473614,-0.1872509189380086,0.7975535664846282,-0.12373095430074188,0.81666154,-0.10462298409179704,0.8107137696996464,-0.11057075108572367,0.8382344540372111,-0.08305006674815896,0.7736893469428054,-0.1475951738425646
E01026202,E01026202,North Kesteven 012C,North Kesteven,E01026202,1,2021,0.748267081791902,0.92128452078537,0.14705534679535004,70.63414395595997,84.79893856647233,0.0,0.0,0.0,0.92128452078537,0.173017438993468,1.06833986758072,0.32007278578881804,0.9257268296966278,0.17745974790472574,0.8862083320299087,0.13794125023800663,0.9629774053194315,0.2147103235275295,0.9585678431996577,0.21030076140775567,0.9833896787377482,0.23512259694584614,1.0558678,0.30760070938394024,0.9563020329410541,0.20803495114915205,0.9603553015665748,0.21208821977467274,0.9287718931022924,0.1805048113103903
E01026202,E01026202,North Kesteven 012C,North Kesteven,E01026202,1,2022,0.916728452746124,0.748267081791902,-0.173017438993468,70.63414395595997,84.79893856647233,0.0,0.0,0.0,0.748267081791902,-0.16846137095422198,0.575249642798434,-0.34147880994769,1.0500068620248855,0.13327840927876144,0.9883552954511828,0.07162684270505881,1.2780627792538317,0.3613343265077077,1.1502225964944734,0.23349414374834943,1.2384700196070388,0.3217415668609148,1.2055845,0.2888560733158877,1.101486535033922,0.184758082287798,1.0968540393926214,0.18012558664649736,1.0929114330346126,0.17618298028848856
E01026207,E01026207,North Kesteven 012D,North Kesteven,E01026207,1,2020,0.414295864541673,0.617836986068755,0.39568369863933006,78.86550254691144,88.04792329958364,0.0,0.0,0.0,0.617836986068755,0.20354112152708204,1.013520684708085,0.5992248201664121,0.7734561416446223,0.3591602771029493,0.6759920107348817,0.2616961461932087,0.5894534838473053,0.17515761930563234,0.5984088700428675,0.18411300550119447,0.5690665226545847,0.15477065811291169,0.6086897,0.19439386085734434,0.6885446647689737,0.2742488002273007,0.6385249043146112,0.22422903977293818,0.6681172960644952,0.2538214315228222
E01026207,E01026207,North Kesteven 012D,North Kesteven,E01026207,1,2021,0.884275489785959,0.414295864541673,-0.20354112152708204,78.86550254691144,88.04792329958364,0.0,0.0,0.0,0.414295864541673,-0.46997962524428605,0.21075474301459096,-0.6735207467713681,0.740003578964853,-0.14427191082110602,0.6738629823821847,-0.21041250740377437,0.6934787001449582,-0.19079678964100089,0.7048104142475168,-0.17946507553844226,0.7377085139712141,-0.14656697581474498,0.7638373,-0.12043821189670734,0.704472996646957,-0.1798024931390021,0.6584250081860086,-0.22585048159995047,0.7454099567778565,-0.13886553300810256
E01026207,E01026207,North Kesteven 012D,North Kesteven,E01026207,1,2022,1.22086070103211,0.884275489785959,0.46997962524428605,78.86550254691144,88.04792329958364,0.0,0.0,0.0,0.884275489785959,-0.33658521124615093,1.354255115030245,0.13339441399813512,1.0315487687878917,-0.18931193224421827,0.9477189407335019,-0.27314176029860804,0.9162270193888302,-0.30463368164327975,0.9496417960067618,-0.2712189050253482,0.9427634195053204,-0.2780972815267896,0.9173525,-0.30350820345444274,0.907804072955033,-0.313056628077077,0.9860994209078908,-0.23476128012421915,0.9879300122181409,-0.23293068881396906
E01026208,E01026208,North Kesteven 012E,North Kesteven,E01026208,1,2020,0.28004630401937,0.346383510880654,0.190656633476027,75.2393267430966,78.66550996680682,0.0,0.0,0.0,0.346383510880654,0.06633720686128403,0.537040144356681,0.25699384033731104,0.5215710046985279,0.24152470067915793,0.5019328612530394,0.2218865572336694,0.48734105491952373,0.20729475090015376,0.4690319004592465,0.1889855964398765,0.47398435647300713,0.19393805245363716,0.49177718,0.21173087760599624,0.5026414172827735,0.22259511326340348,0.5030297583013108,0.22298345428194083,0.47810212082762277,0.1980558168082528
E01026208,E01026208,North Kesteven 012E,North Kesteven,E01026208,1,2021,0.440917412993859,0.28004630401937,-0.06633720686128403,75.2393267430966,78.66550996680682,0.0,0.0,0.0,0.28004630401937,-0.16087110897448903,0.21370909715808595,-0.22720831583577306,0.4525566378462305,0.01163922485237151,0.46897607210955244,0.02805865911569344,0.5737211397565023,0.1328037267626433,0.560757076076659,0.11983966308280003,0.5503793510012531,0.10946193800739412,0.58644265,0.14552523637061243,0.5438122978150319,0.10289488482117293,0.4603596981182771,0.01944228512441809,0.49715954187128847,0.056242128877429465
E01026208,E01026208,North Kesteven 012E,North Kesteven,E01026208,1,2022,0.271561555937825,0.440917412993859,0.16087110897448903,75.2393267430966,78.66550996680682,0.0,0.0,0.0,0.440917412993859,0.169355857056034,0.6017885219683481,0.3302269660305231,0.6193924222210417,0.34783086628321674,0.6104033124454343,0.33884175650760934,0.6721582531827274,0.4005966972449024,0.656515462490709,0.38495390655288403,0.6348824886613518,0.3633209327235268,0.6696617,0.3981001447877304,0.615329279897242,0.34376772395941696,0.6224627895789152,0.3509012336410902,0.6199546178206379,0.3483930618828129
E01026220,E01026220,North Kesteven 013A,North Kesteven,E01026220,1,2020,1.38332909675907,1.42822189964742,0.31687216581078004,65.85253972275878,75.645677738071,0.0,0.0,0.0,1.42822189964742,0.04489280288835018,1.7450940654582001,0.3617649686991302,1.4794332010183506,0.09610410425928073,1.3880005552106764,0.004671458451606547,1.518336634059647,0.13500753730057702,1.4582269218275683,0.0748978250684984,1.448969974620934,0.06564087786186401,1.4671199,0.08379083541561272,1.4573371033896805,0.07400800663061058,1.4878849890762684,0.10455589231719853,1.4508128603265487,0.06748376356747876
E01026220,E01026220,North Kesteven 013A,North Kesteven,E01026220,1,2021,1.67339812330802,1.38332909675907,-0.04489280288835018,65.85253972275878,75.645677738071,0.0,0.0,0.0,1.38332909675907,-0.29006902654895006,1.3384362938707197,-0.33496182943730024,1.5103702798397953,-0.16302784346822463,1.4343199279919698,-0.23907819531605012,1.5810397129274183,-0.09235841038060166,1.5613765416688539,-0.11202158163916609,1.5952141040782337,-0.07818401922978624,1.7143245,0.04092635102669684,1.4891764848152562,-0.18422163849276374,1.5999349691277494,-0.0734631541802706,1.5772897698045267,-0.09610835350349323
E01026220,E01026220,North Kesteven 013A,North Kesteven,E01026220,1,2022,1.37781999556443,1.67339812330802,0.29006902654895006,65.85253972275878,75.645677738071,0.0,0.0,0.0,1.67339812330802,0.29557812774359005,1.96346714985697,0.5856471542925401,1.720084370846159,0.34226437528172915,1.6313961309959546,0.2535761354315247,1.9361931513577568,0.5583731557933269,1.8130582451313595,0.4352382495669296,1.8683884112758158,0.4905684157113859,1.9569075,0.5790875151930164,1.6154607622007529,0.23764076663632294,1.7527047764670904,0.37488478090266053,1.8013941692873812,0.42357417372295125
E01032988,E01032988,North Kesteven 013B,North Kesteven,E01032988,1,2020,0.782770547192108,0.853723624083832,0.45503119519390794,67.51918442852288,78.05797640022651,0.0,0.0,0.0,0.853723624083832,0.07095307689172392,1.3087548192777398,0.5259842720856318,0.915599147286586,0.13282860009447794,0.844647110624041,0.06187656343193293,0.867315256748127,0.084544709556019,0.8811408300767349,0.0983702828846269,0.9484521383757272,0.16568159118361914,0.91894335,0.13617279835461438,0.8543246622157848,0.07155411502367681,0.9054263719027064,0.12265582471059833,0.9067797492705467,0.12400920207843869
E01032988,E01032988,North Kesteven 013B,North Kesteven,E01032988,1,2021,0.73663174332024,0.782770547192108,-0.07095307689172392,67.51918442852288,78.05797640022651,0.0,0.0,0.0,0.782770547192108,0.046138803871868084,0.7118174703003841,-0.024814273019855837,0.9185951668303127,0.18196342351007277,0.8655624940260891,0.12893075070584914,0.8798737411075611,0.14324199778732116,0.897669441243663,0.16103769792342304,0.9023119535443797,0.1656802102241397,0.92464083,0.1880090910112725,0.8801371539066949,0.14350541058645494,0.91580565171427,0.17917390839403002,0.9039098343684409,0.1672780910482009
E01032988,E01032988,North Kesteven 013B,North Kesteven,E01032988,1,2022,0.696761151740505,0.73663174332024,-0.046138803871868084,67.51918442852288,78.05797640022651,0.0,0.0,0.0,0.73663174332024,0.03987059157973494,0.6904929394483719,-0.006268212292133146,1.0195835073906603,0.32282235565015527,0.9542962686564336,0.25753511691592856,1.3014696484937962,0.6047084967532912,1.0708270990565987,0.37406594731609366,1.2065776728952677,0.5098165211547627,1.1671056,0.4703444037938578,1.012621482731073,0.3158603309905681,1.013045268377238,0.31628411663673295,1.0594293474916707,0.3626681957511657
E01032989,E01032989,North Kesteven 013C,North Kesteven,E01032989,1,2020,0.520618330669224,0.410000396207156,0.266597561030678,67.51625210828337,77.34492952132155,0.0,0.0,0.0,0.410000396207156,-0.11061793446206802,0.676597957237834,0.15597962656860997,0.5530870716035559,0.03246874093433183,0.4974949083220929,-0.023123422347131106,0.579413954353474,0.058795623684249954,0.5726240640473057,0.052005733378081676,0.548712107935457,0.028093777266232967,0.5679188,0.047300446796596285,0.5707690437462704,0.05015071307704633,0.5863655168810165,0.06574718621179243,0.5334386430048634,0.012820312335639406
E01032989,E01032989,North Kesteven 013C,North Kesteven,E01032989,1,2021,0.955281126443445,0.520618330669224,0.11061793446206802,67.51625210828337,77.34492952132155,0.0,0.0,0.0,0.520618330669224,-0.43466279577422096,0.631236265131292,-0.32404486131215293,0.5946219351267716,-0.36065919131667334,0.5628441065604358,-0.39243701988300916,0.7053566835457723,-0.24992444289767268,0.6974914697034991,-0.2577896567399459,0.6387444639601564,-0.3165366624832886,0.65310186,-0.3021792649665468,0.6093735994374392,-0.3459075270060058,0.6214599114868239,-0.3338212149566211,0.6112271819508834,-0.34405394449256155
E01032989,E01032989,North Kesteven 013C,North Kesteven,E01032989,1,2022,0.726542614853428,0.955281126443445,0.43466279577422096,67.51625210828337,77.34492952132155,0.0,0.0,0.0,0.955281126443445,0.228738511590017,1.389943922217666,0.663401307364238,0.943427194664436,0.21688457981100806,0.8959456367581832,0.1694030219047552,0.8440985899453904,0.11755597509196247,0.9324955403623475,0.20595292550891953,0.898030510979287,0.17148789612585902,0.7435387,0.01699606283898536,0.864388622192373,0.13784600733894503,0.9490408197048333,0.22249820485140537,0.8971475332236503,0.1706049183702223
E01032993,E01032993,North Kesteven 013D,North Kesteven,E01032993,1,2020,0.449461027162051,0.233162919268117,0.349862914075869,67.0096444800204,76.71396893696613,0.0,0.0,0.0,0.233162919268117,-0.216298107893934,0.5830258333439859,0.13356480618193495,0.3702966965895525,-0.0791643305724985,0.32856600003814707,-0.12089502712390393,0.38036066875384655,-0.06910035840820444,0.3284502397059549,-0.12101078745609611,0.23928890766543687,-0.21017211949661413,0.29897898,-0.15048204280612448,0.28963435164075685,-0.15982667552129415,0.3630127964893499,-0.08644823067270108,0.3259169977392146,-0.12354402942283638
E01032993,E01032993,North Kesteven 013D,North Kesteven,E01032993,1,2021,0.607265594594924,0.449461027162051,0.216298107893934,67.0096444800204,76.71396893696613,0.0,0.0,0.0,0.449461027162051,-0.15780456743287302,0.665759135055985,0.05849354046106103,0.5053842799423244,-0.10188131465259964,0.4802017855437574,-0.1270638090511666,0.4950383899272495,-0.1122272046676745,0.4901273181015168,-0.11713827649340725,0.44357303527742686,-0.16369255931749715,0.4895726,-0.11769298016354279,0.46779845852219654,-0.13946713607272748,0.47547453565026965,-0.13179105894465437,0.5114814125567384,-0.09578418203818562
E01032993,E01032993,North Kesteven 013D,North Kesteven,E01032993,1,2022,0.49149360796564,0.607265594594924,0.15780456743287302,67.0096444800204,76.71396893696613,0.0,0.0,0.0,0.607265594594924,0.11577198662928401,0.7650701620277971,0.2735765540621571,0.7642452193028201,0.27275161133718007,0.7075503964797193,0.21605678851407928,0.7243606357444279,0.23286702777878787,0.7193995116696866,0.22790590370404662,0.7017193738786306,0.21022576591299058,0.7358777,0.24438408473379236,0.6845498494299425,0.19305624146430245,0.7332496929935112,0.24175608502787116,0.7288508407387395,0.2373572327730995
E01026214,E01026214,North Kesteven 014A,North Kesteven,E01026214,1,2020,1.04542661471737,0.948301940267562,0.669889366061195,63.861258033038226,72.01342012832248,0.0,0.0,0.0,0.948301940267562,-0.0971246744498081,1.618191306328757,0.5727646916113869,0.9281962470627073,-0.11723036765466277,0.881413309094822,-0.16401330562254812,0.8881211909905444,-0.15730542372682565,0.9111917338103319,-0.13423488090703817,0.8832788878751895,-0.1621477268421806,0.89291877,-0.15250784917247873,0.8707255053242434,-0.17470110939312666,0.9574761352451605,-0.08795047947220958,0.9107259797253517,-0.13470063499201834
E01026214,E01026214,North Kesteven 014A,North Kesteven,E01026214,1,2021,0.768711477204035,1.04542661471737,0.0971246744498081,63.861258033038226,72.01342012832248,0.0,0.0,0.0,1.04542661471737,0.2767151375133351,1.1425512891671783,0.3738398119631433,1.0329258512049786,0.2642143740009436,1.0022928463821281,0.23358136917809313,1.1751603049436292,0.40644882773959423,1.0855425629614868,0.3168310857574518,1.215171498860184,0.44646002165614906,1.1765428,0.4078312817376154,1.0661927913442137,0.29748131414017875,1.0890453559132398,0.3203338787092048,1.0931906157025915,0.3244791384985565
E01026214,E01026214,North Kesteven 014A,North Kesteven,E01026214,1,2022,1.01705952546743,0.768711477204035,-0.2767151375133351,63.861258033038226,72.01342012832248,0.0,0.0,0.0,0.768711477204035,-0.24834804826339496,0.4919963396906999,-0.5250631857767301,1.0838547874172546,0.06679526194982466,1.0548380077978177,0.03777848233038772,1.2609043967003064,0.24384487123287646,1.195438542334882,0.17837901686745194,1.138430617797243,0.12137109232981302,1.262085,0.24502543547007005,1.1199593518468187,0.10289982637938877,1.1140907743529935,0.09703124888556358,1.1095650633023846,0.09250553783495463
E01026215,E01026215,North Kesteven 014B,North Kesteven,E01026215,1,2020,0.667032118051977,0.804161198375586,0.264463392049169,62.86666243535912,70.51535363482503,0.0,0.0,0.0,0.804161198375586,0.13712908032360893,1.068624590424755,0.40159247237277806,0.8852640127464093,0.21823189469443227,0.8291424841244682,0.16211036607249119,0.9140547079709346,0.24702258991895754,0.8625565183428957,0.19552440029091867,0.8403000865933951,0.17326796854141802,0.8385403,0.17150819757607472,0.8144953358029431,0.14746321775096605,0.9199877797987029,0.2529556617467259,0.8421062570087898,0.17507413895681279
E01026215,E01026215,North Kesteven 014B,North Kesteven,E01026215,1,2021,0.941738304207944,0.667032118051977,-0.13712908032360893,62.86666243535912,70.51535363482503,0.0,0.0,0.0,0.667032118051977,-0.274706186155967,0.5299030377283681,-0.4118352664795759,0.9124382131550711,-0.0293000910528729,0.888790926979603,-0.052947377228340975,0.9209375482745268,-0.020800755933417236,0.927024924280954,-0.014713379926990067,0.8993082545722277,-0.04243004963571628,0.9471284,0.005390110899783029,0.8914417090986699,-0.05029659510927409,0.9949895432452167,0.05325123903727269,0.8747162722684774,-0.06702203193946665
E01026215,E01026215,North Kesteven 014B,North Kesteven,E01026215,1,2022,0.574492974267037,0.941738304207944,0.274706186155967,62.86666243535912,70.51535363482503,0.0,0.0,0.0,0.941738304207944,0.367245329940907,1.216444490363911,0.6419515160968738,1.0599377854829688,0.48544481121593175,1.0205706225504512,0.4460776482834141,1.194617487127524,0.6201245128604869,1.139480650490637,0.5649876762235999,1.18001278329034,0.6055198090233029,1.2056637,0.6311707067632364,1.0083220271018414,0.43382905283480433,1.1405373461546997,0.5660443718876627,1.0912098642222823,0.5167168899552452
E01026218,E01026218,North Kesteven 014C,North Kesteven,E01026218,1,2020,0.491357755080623,0.512102546917749,0.04209427922176301,66.80980076259291,76.72476501130113,0.0,0.0,0.0,0.512102546917749,0.02074479183712602,0.554196826139512,0.06283907105888903,0.850525656308293,0.35916790122767,0.7528191787693557,0.26146142368873265,0.7731093772274584,0.2817516221468354,0.7366416447940405,0.24528388971341747,0.8302579829179761,0.33890022783735313,0.8125958,0.32123802958353104,0.7858282936463393,0.2944705385657163,0.8491015301226874,0.3577437750420644,0.7779349511278173,0.2865771960471943
E01026218,E01026218,North Kesteven 014C,North Kesteven,E01026218,1,2021,0.930775873880028,0.491357755080623,-0.02074479183712602,66.80980076259291,76.72476501130113,0.0,0.0,0.0,0.491357755080623,-0.439418118799405,0.470612963243497,-0.46016291063653103,0.8127061947035159,-0.11806967917651212,0.7384731519300897,-0.19230272194993836,0.7953584808600385,-0.13541739301998956,0.7143191178541355,-0.21645675602589254,0.8207930273283035,-0.10998284655172452,0.81661314,-0.11416273615801265,0.7937659318753342,-0.13700994200469385,0.8105712234239758,-0.12020465045605222,0.7745734726849907,-0.15620240119503737
E01026218,E01026218,North Kesteven 014C,North Kesteven,E01026218,1,2022,0.749098721739585,0.930775873880028,0.439418118799405,66.80980076259291,76.72476501130113,0.0,0.0,0.0,0.930775873880028,0.181677152140443,1.370193992679433,0.6210952709398481,1.1132458345300464,0.3641471127904614,1.0183298239215748,0.26923110218198976,0.9880884811383982,0.23898975939881317,1.022402128162101,0.27330340642251594,1.0395254409831767,0.29042671924359165,1.0414286,0.2923298442394189,1.0027055488097463,0.25360682707016124,1.0860362108650403,0.3369374891254553,1.040816831133176,0.291718109393591
E01026219,E01026219,North Kesteven 014D,North Kesteven,E01026219,1,2020,0.880745589432842,0.778691212919904,0.6053681978412779,65.60151113846948,74.99635269318142,0.0,0.0,0.0,0.778691212919904,-0.10205437651293803,1.3840594107611819,0.5033138213283399,0.7999569743149324,-0.08078861511790958,0.7419415336058817,-0.13880405582696032,0.6526395458066009,-0.2281060436262411,0.61909796998893,-0.261647619443912,0.6488943789252326,-0.23185121050760937,0.6411593,-0.23958629339707538,0.708880910405339,-0.17186467902750302,0.7825878704299697,-0.09815771900287229,0.7287747931424371,-0.15197079629040489
E01026219,E01026219,North Kesteven 014D,North Kesteven,E01026219,1,2021,0.780152679400976,0.880745589432842,0.10205437651293803,65.60151113846948,74.99635269318142,0.0,0.0,0.0,0.880745589432842,0.10059291003186599,0.98279996594578,0.20264728654480402,0.9293593947619977,0.1492067153610217,0.8844402898622905,0.10428761046131452,0.9101509888383884,0.12999830943741242,0.8987607041497496,0.11860802474877363,0.9055902928374019,0.1254376134364259,0.914379,0.13422632126278133,0.8867241035652945,0.10657142416431853,0.9387713493993308,0.15861866999835483,0.908130361128942,0.12797768172796598
E01026219,E01026219,North Kesteven 014D,North Kesteven,E01026219,1,2022,0.502753833870555,0.780152679400976,-0.10059291003186599,65.60151113846948,74.99635269318142,0.0,0.0,0.0,0.780152679400976,0.27739884553042105,0.67955976936911,0.17680593549855506,1.0673555122203764,0.5646016783498214,1.0122890670822686,0.5095352332117137,1.2921846629912495,0.7894308291206945,1.1444114520971516,0.6416576182265966,1.2184206938655544,0.7156668599949995,1.21525,0.7124961813882341,1.1127924888573861,0.6100386549868312,1.0555277361364723,0.5527739022659174,1.115987609067315,0.6132337751967601
E01032991,E01032991,North Kesteven 014E,North Kesteven,E01032991,1,2020,0.509982393074437,0.52955029366815,0.184326838143132,65.73717148004259,73.61170919126491,0.0,0.0,0.0,0.52955029366815,0.01956790059371294,0.713877131811282,0.20389473873684494,0.6797233337604442,0.1697409406860072,0.6258141906237733,0.11583179754933626,0.6593715916329863,0.14938919855854926,0.6482141678719356,0.1382317747974986,0.6293060472316658,0.11932365415722879,0.64958096,0.13959856243093405,0.6332108266070139,0.12322843353257684,0.6684247058744016,0.15844231279996457,0.6341151690595785,0.1241327759851415
E01032991,E01032991,North Kesteven 014E,North Kesteven,E01032991,1,2021,0.93614274331697,0.509982393074437,-0.01956790059371294,65.73717148004259,73.61170919126491,0.0,0.0,0.0,0.509982393074437,-0.42616035024253296,0.4904144924807241,-0.4457282508362459,0.6983284520755378,-0.23781429124143216,0.6639536379195131,-0.2721891053974569,0.7448607945981955,-0.19128194871877446,0.715519445183902,-0.22062329813306802,0.6981592824451847,-0.23798346087178535,0.75040025,-0.18574249812730326,0.647551633974897,-0.288591109342073,0.7212249997326416,-0.21491774358432836,0.6900997221452578,-0.24604302117171217
E01032991,E01032991,North Kesteven 014E,North Kesteven,E01032991,1,2022,0.842363304624774,0.93614274331697,0.42616035024253296,65.73717148004259,73.61170919126491,0.0,0.0,0.0,0.93614274331697,0.09377943869219596,1.362303093559503,0.519939788934729,0.9902052764297873,0.14784197180501324,0.941946500770863,0.0995831961460889,0.9384035934504154,0.0960402888256413,0.9788294673730559,0.13646616274828183,0.972112636077396,0.1297493314526219,1.005788,0.16342466401078504,0.9028354370437148,0.06047213241894078,0.9931477382066265,0.15078443358185245,0.9598585474190284,0.11749524279425438
E01032992,E01032992,North Kesteven 014F,North Kesteven,E01032992,1,2020,0.834123539832083,1.02976143738926,0.5439032005551061,67.47605137817564,77.38448086789116,0.0,0.0,0.0,1.02976143738926,0.1956378975571771,1.5736646379443662,0.7395410981122832,1.031603311697004,0.19747977186492105,0.9335611686247707,0.0994376287926877,0.9903022642722917,0.15617872444020875,0.9643873649189582,0.13026382508687517,1.119729433508632,0.2856058936765491,1.1145133,0.28038973817542434,0.9715857790742527,0.13746223924216971,1.032707899218186,0.19858435938610297,1.031856667985773,0.19773312815369004
E01032992,E01032992,North Kesteven 014F,North Kesteven,E01032992,1,2021,1.33089611403434,0.834123539832083,-0.1956378975571771,67.47605137817564,77.38448086789116,0.0,0.0,0.0,0.834123539832083,-0.49677257420225707,0.6384856422749059,-0.6924104717594342,1.0409052275848056,-0.2899908864495344,0.9643783855337902,-0.36651772850054987,1.0933751012044584,-0.2375210128298817,1.0156998956216412,-0.31519621841269885,1.0939428849882984,-0.23695322904604166,1.1131326,-0.21776351801840987,0.9949414541770327,-0.3359546598573073,1.0353286581025951,-0.29556745593174494,1.0447398730892619,-0.2861562409450782
E01032992,E01032992,North Kesteven 014F,North Kesteven,E01032992,1,2022,0.959590560330176,1.33089611403434,0.49677257420225707,67.47605137817564,77.38448086789116,0.0,0.0,0.0,1.33089611403434,0.37130555370416407,1.8276686882365971,0.8680781279064211,1.4200428428071215,0.4604522824769455,1.306126613470246,0.3465360531400701,1.4793701613418915,0.5197796010117155,1.4020532631380702,0.44246270280789424,1.4871979562091648,0.5276073958789889,1.5876384,0.6280478178131346,1.3338458470822037,0.3742552867520277,1.409898243223414,0.45030768289323797,1.4375664259702017,0.4779758656400257
E01026301,E01034705,South Kesteven 010G,South Kesteven,E01026301,1,2020,0.47367092945184,0.50890425127357,0.12033396319057799,72.58741832464622,69.68623067931014,0.0,0.0,0.0,0.50890425127357,0.03523332182173,0.629238214464148,0.155567285012308,0.5800144002165577,0.10634347076471773,0.5424419597350975,0.06877103028325748,0.6590663682662959,0.18539543881445597,0.6350941768808545,0.16142324742901448,0.5967868528203878,0.12311592336854782,0.62716633,0.1534954013625216,0.568958507456791,0.09528757800495102,0.5900567910401038,0.1163858615882638,0.5701338242717631,0.0964628948199231
E01026301,E01034705,South Kesteven 010G,South Kesteven,E01026301,1,2021,0.727097605522645,0.47367092945184,-0.03523332182173,72.58741832464622,69.68623067931014,0.0,0.0,0.0,0.47367092945184,-0.25342667607080505,0.43843760763010997,-0.28865999789253505,0.660815943540398,-0.06628166198224705,0.6166422209233464,-0.1104553845992986,0.6820192098552874,-0.04507839566735761,0.6762762086495345,-0.05082139687311049,0.7198479460558325,-0.0072496594668125525,0.6807626,-0.0463350165448313,0.6302009739553708,-0.09689663156727424,0.6989967007578934,-0.028100904764751578,0.6341230094655341,-0.09297459605711089
E01026301,E01034705,South Kesteven 010G,South Kesteven,E01026301,1,2022,0.51614364481282,0.727097605522645,0.25342667607080505,72.58741832464622,69.68623067931014,0.0,0.0,0.0,0.727097605522645,0.21095396070982497,0.9805242815934501,0.46438063678063,0.777839532305915,0.2616958874930949,0.7368984529399991,0.22075480812717907,0.8385228177431288,0.3223791729303087,0.8173105449142952,0.3011669001014752,0.8662467931350536,0.35010314832223355,0.71898854,0.20284489297557107,0.7343411254724846,0.2181974806596646,0.7636177884769315,0.24747414366411147,0.7643164172421901,0.24817277242937008
E01026302,E01026302,South Kesteven 010D,South Kesteven,E01026302,1,2020,0.818515810226559,0.325624046672985,0.215199540407583,69.25567695452571,66.62946695883441,0.0,0.0,0.0,0.325624046672985,-0.49289176355357395,0.540823587080568,-0.27769222314599096,0.5423867888825681,-0.27612902134399087,0.5504930791983459,-0.26802273102821306,0.5948630260529918,-0.22365278417356715,0.5830315788081338,-0.23548423141842512,0.5735369845948763,-0.2449788256316826,0.56215644,-0.2563593713990443,0.5155004065844662,-0.3030154036420928,0.6029978924658671,-0.21551791776069185,0.579436286425254,-0.23907952380130493
E01026302,E01026302,South Kesteven 010D,South Kesteven,E01026302,1,2021,0.52979225305441,0.818515810226559,0.49289176355357395,69.25567695452571,66.62946695883441,0.0,0.0,0.0,0.818515810226559,0.2887235571721489,1.311407573780133,0.7816153207257229,0.7675179832093479,0.23772573015493792,0.7611320938265602,0.2313398407721502,0.8098020175069007,0.2800097644524907,0.806152473277397,0.276360220222987,0.8043199607699543,0.27452770771554424,0.7695086,0.23971634718057533,0.7230310007307343,0.19323874767632432,0.7292396982138202,0.19944744515941015,0.8088841252758725,0.2790918722214625
E01026302,E01026302,South Kesteven 010D,South Kesteven,E01026302,1,2022,0.450802767835982,0.52979225305441,-0.2887235571721489,69.25567695452571,66.62946695883441,0.0,0.0,0.0,0.52979225305441,0.07898948521842802,0.2410686958822611,-0.2097340719537209,0.7283052861976441,0.2775025183616621,0.742648540056239,0.29184577222025704,0.7674059721769171,0.3166032043409351,0.7389852372078316,0.2881824693718496,0.768012652046563,0.317209884210581,0.7794369,0.3286341184745954,0.6705002390423284,0.21969747120634636,0.655166329424118,0.204363561588136,0.7638887026727466,0.31308593483676456
E01026296,E01026296,South Kesteven 011B,South Kesteven,E01026296,1,2020,0.550946302182362,0.22756818147256,0.05071555545977699,70.11954555144578,67.51304199182061,0.0,0.0,0.0,0.22756818147256,-0.323378120709802,0.278283736932337,-0.27266256525002497,0.4272091974992638,-0.12373710468309818,0.4082459172871664,-0.14270038489519554,0.34336500690966354,-0.20758129527269842,0.3822353409665541,-0.16871096121580786,0.3605226126821505,-0.19042368950021143,0.41179672,-0.13914958334653127,0.4337547706646238,-0.11719153151773815,0.390585778805941,-0.16036052337642098,0.3897497195861892,-0.16119658259617275
E01026296,E01026296,South Kesteven 011B,South Kesteven,E01026296,1,2021,0.601021340948354,0.550946302182362,0.323378120709802,70.11954555144578,67.51304199182061,0.0,0.0,0.0,0.550946302182362,-0.050075038765992064,0.8743244228921639,0.2733030819438099,0.633551675922652,0.032530334974298025,0.6166630211334285,0.015641680185074502,0.6636737303763085,0.06265238942795448,0.6592977028747655,0.0582763619264115,0.5964602974979724,-0.004561043450381663,0.6512372,0.05021584882139085,0.6165214949928741,0.015500154044520098,0.6202015386868609,0.019180197738506877,0.6356364620016204,0.03461512105326636
E01026296,E01026296,South Kesteven 011B,South Kesteven,E01026296,1,2022,1.10508667348675,0.601021340948354,0.050075038765992064,70.11954555144578,67.51304199182061,0.0,0.0,0.0,0.601021340948354,-0.5040653325383959,0.6510963797143461,-0.45399029377240385,0.7246634719051768,-0.38042320158157317,0.6978495297551203,-0.40723714373162967,0.7505827109847218,-0.3545039625020281,0.7578845686603052,-0.34720210482644476,0.7577503987531511,-0.34733627473359885,0.7917942,-0.3132924926166938,0.7187256610502749,-0.386361012436475,0.6587617453364935,-0.4463249281502565,0.7453050594161461,-0.35978161407060383
E01026297,E01026297,South Kesteven 011C,South Kesteven,E01026297,1,2020,0.624310267087795,0.939971191094555,0.2692312360670349,70.45644992033081,67.70519304543075,0.0,0.0,0.0,0.939971191094555,0.31566092400675994,1.20920242716159,0.584892160073795,0.9883775001881625,0.3640672331003675,0.9675708210053322,0.3432605539175372,1.116016863618158,0.49170659653036297,1.071813178234399,0.4475029111466039,1.164782209499703,0.5404719424119079,1.0891701,0.4648598312169535,1.0813285638544738,0.4570182967666788,1.0542622737114127,0.42995200662361766,1.0612104342138076,0.43690016712601254
E01026297,E01026297,South Kesteven 011C,South Kesteven,E01026297,1,2021,0.689264427146205,0.624310267087795,-0.31566092400675994,70.45644992033081,67.70519304543075,0.0,0.0,0.0,0.624310267087795,-0.06495416005840993,0.3086493430810351,-0.38061508406516986,0.9727609788522892,0.28349655170608423,0.9561313281412366,0.26686690099503163,1.016460386268949,0.327195959122744,0.9888549365092568,0.29959050936305187,0.9568683039321573,0.2676038767859523,1.0376772,0.3484127416999254,1.0153777231114334,0.3261132959652284,1.0012653430904541,0.31200091594424917,0.9728612642250003,0.28359683707879535
E01026297,E01026297,South Kesteven 011C,South Kesteven,E01026297,1,2022,0.712638887812525,0.689264427146205,0.06495416005840993,70.45644992033081,67.70519304543075,0.0,0.0,0.0,0.689264427146205,-0.023374460666320096,0.7542185872046149,0.04157969939208983,0.9183636172937116,0.20572472948118659,0.9183459215736103,0.20570703376108523,1.2126978111901998,0.5000589233776748,1.0433500798371365,0.3307111920246114,1.3050949469676578,0.5924560591551328,1.207934,0.495295134137243,1.1193863150770031,0.4067474272644781,1.026915543950691,0.3142766561381659,1.0582154542579902,0.3455765664454652
E01026298,E01026298,South Kesteven 011D,South Kesteven,E01026298,1,2020,1.15463715061659,0.809935277941229,0.127353713702281,73.32505564514081,70.3386515094526,0.0,0.0,0.0,0.809935277941229,-0.344701872675361,0.93728899164351,-0.21734815897308002,1.0129804055651974,-0.14165674505139259,0.9560846757876248,-0.1985524748289652,1.2200397017188271,0.06540255110223714,1.0819457582713268,-0.07269139234526323,1.1721134569157212,0.017476306299131217,1.1593895,0.004752345233019373,1.0942800554775767,-0.06035709513901333,1.0282264238874355,-0.12641072672915454,1.059127628834678,-0.09550952178191197
E01026298,E01026298,South Kesteven 011D,South Kesteven,E01026298,1,2021,1.14884423611036,1.15463715061659,0.344701872675361,73.32505564514081,70.3386515094526,0.0,0.0,0.0,1.15463715061659,0.005792914506230096,1.499339023291951,0.3504947871815911,1.2522260547079087,0.1033818185975488,1.182003633590616,0.0331593974802562,1.2733023239875414,0.12445808787718149,1.2718537125444203,0.12300947643406035,1.2709692899278366,0.12212505381747674,1.2338725,0.08502829673418355,1.261987273252203,0.11314303714184315,1.2386890925792335,0.08984485646887364,1.2440714785761204,0.09522724246576053
E01026298,E01026298,South Kesteven 011D,South Kesteven,E01026298,1,2022,1.4610160164666,1.14884423611036,-0.005792914506230096,73.32505564514081,70.3386515094526,0.0,0.0,0.0,1.14884423611036,-0.31217178035624005,1.1430513216041298,-0.31796469486247014,1.2788255104067439,-0.1821905060598561,1.2237887732016093,-0.23722724326499067,1.213835560535568,-0.247180455931032,1.2188257756910246,-0.24219024077557538,1.1563113624322487,-0.3047046540343512,1.250673,-0.21034296081779624,1.3028397306816635,-0.15817628578493648,1.2354622398621944,-0.22555377660440556,1.2423438716770103,-0.21867214478958963
E01032997,E01032997,South Kesteven 011E,South Kesteven,E01032997,1,2020,0.849252535208786,0.767189291716415,-0.23099543504959097,73.21402782276758,70.12356475994649,0.0,0.0,0.0,0.767189291716415,-0.08206324349237093,0.5361938566668241,-0.3130586785419619,0.8055010047542729,-0.04375153045451308,0.8174818399554094,-0.03177069525337661,0.8490269294776435,-0.0002256057311424975,0.898013042174015,0.048760506965229045,0.8239260168537695,-0.025326518355016425,0.808217,-0.04103554616841121,0.8243286565157301,-0.0249238786930559,0.8380624433444753,-0.011190091864310636,0.8260602457208883,-0.023192289487897644
E01032997,E01032997,South Kesteven 011E,South Kesteven,E01032997,1,2021,1.04266956797477,0.849252535208786,0.08206324349237093,73.21402782276758,70.12356475994649,0.0,0.0,0.0,0.849252535208786,-0.193417032765984,0.9313157787011569,-0.11135378927361306,0.9730946177817564,-0.06957495019301352,0.9640983572614044,-0.07857121071336559,1.3318131251598382,0.28914355718506823,1.187110789106199,0.144441221131429,1.1266709509314847,0.08400138295671478,1.0749187,0.03224917897347224,1.0421579792055475,-0.0005115887692224153,1.0686712304616754,0.026001662486905497,1.0526031136061031,0.009933545631333196
E01032997,E01032997,South Kesteven 011E,South Kesteven,E01032997,1,2022,0.568940416172946,1.04266956797477,0.193417032765984,73.21402782276758,70.12356475994649,0.0,0.0,0.0,1.04266956797477,0.47372915180182396,1.2360866007407538,0.6671461845678078,1.0264304253720535,0.45749000919910754,1.0141986208543299,0.4452582046813839,1.2047260178375163,0.6357856016645703,1.1924858140140093,0.6235453978410633,1.1614001594666905,0.5924597432937445,1.0573438,0.48840342442611406,1.0227961514090387,0.4538557352360927,1.0445817472444165,0.47564133107147055,1.0845014193153026,0.5155610031423566
E01032998,E01032998,South Kesteven 011F,South Kesteven,E01032998,1,2020,0.435573499695488,-0.0441116121509141,-0.0190906038622285,73.3197480607971,70.01340014788404,0.0,0.0,0.0,-0.0441116121509141,-0.47968511184640206,-0.0632022160131426,-0.49877571570863055,0.17783985544568576,-0.2577336442498022,0.17355834847770596,-0.262015151217782,0.2977697768415409,-0.1378037228539471,0.24192918910778205,-0.19364431058770593,0.29860180026579675,-0.13697169942969123,0.32907006,-0.10650343825025177,0.19431051270163333,-0.24126298699385465,0.1799777416819561,-0.25559575801353185,0.22034179278454954,-0.21523170691093843
E01032998,E01032998,South Kesteven 011F,South Kesteven,E01032998,1,2021,0.295507068244422,0.435573499695488,0.47968511184640206,73.3197480607971,70.01340014788404,0.0,0.0,0.0,0.435573499695488,0.14006643145106595,0.91525861154189,0.6197515432974681,0.43464051189708125,0.13913344365265923,0.4342906294221345,0.13878356117771246,0.4381797039318361,0.14267263568741406,0.42287813441839023,0.1273710661739682,0.4510455997171072,0.1555385314726852,0.48829618,0.1927891127190942,0.46316403184278065,0.16765696359835863,0.4741554779488483,0.1786484097044263,0.452333886914509,0.15682681867008696
E01032998,E01032998,South Kesteven 011F,South Kesteven,E01032998,1,2022,0.497605572185034,0.295507068244422,-0.14006643145106595,73.3197480607971,70.01340014788404,0.0,0.0,0.0,0.295507068244422,-0.20209850394061196,0.15544063679335607,-0.3421649353916779,0.47507666088767925,-0.022528911297354737,0.4690556741737244,-0.028549898011309582,0.5512336497666672,0.05362807758163324,0.5085134050237704,0.01090783283873642,0.5255099962018923,0.02790442401685833,0.5555619,0.057956327953820996,0.49440258132653575,-0.0032029908584982336,0.49482286148472393,-0.0027827107003100537,0.4954263839610706,-0.002179188223963402
E01032999,E01032999,South Kesteven 011G,South Kesteven,E01032999,1,2020,0.573152054346482,0.119519242508539,-0.12668625007900203,72.53118957661728,69.62213124799999,0.0,0.0,0.0,0.119519242508539,-0.45363281183794296,-0.007167007570463027,-0.580319061916945,0.3203445440453195,-0.2528075103011625,0.34902628659027835,-0.22412576775620363,0.3916096507585181,-0.18154240358796386,0.341227404717213,-0.23192464962926895,0.4274438407401623,-0.1457082136063197,0.38567278,-0.18747927645532292,0.3513152222882667,-0.22183683205821525,0.36494531928014884,-0.20820673506633314,0.36089696416928746,-0.21225509017719452
E01032999,E01032999,South Kesteven 011G,South Kesteven,E01032999,1,2021,0.643243834762692,0.573152054346482,0.45363281183794296,72.53118957661728,69.62213124799999,0.0,0.0,0.0,0.573152054346482,-0.07009178041621,1.026784866184425,0.383541031421733,0.625682439800853,-0.01756139496183895,0.6375455464869983,-0.00569828827569363,0.6304827679203481,-0.012761066842343904,0.616711796735256,-0.026532038027435978,0.6456792703540939,0.0024354355914019132,0.66921204,0.025968208522677894,0.6026542899810422,-0.04058954478164978,0.6928232264663988,0.04957939170370684,0.6339748299267083,-0.009269004835983696
E01032999,E01032999,South Kesteven 011G,South Kesteven,E01032999,1,2022,0.838540558149025,0.643243834762692,0.07009178041621,72.53118957661728,69.62213124799999,0.0,0.0,0.0,0.643243834762692,-0.19529672338633297,0.713335615178902,-0.12520494297012297,0.7083943795507596,-0.13014617859826538,0.7253392743039672,-0.11320128384505779,0.8044763293521635,-0.03406422879686144,0.7839590860684655,-0.05458147208055941,0.8316358466923471,-0.0069047114566778145,0.783934,-0.05460656099478911,0.7223097824779751,-0.11623077567104989,0.7387717088294364,-0.09976884931958852,0.7563386045921092,-0.08220195355691573
E01026330,E01026330,South Kesteven 012A,South Kesteven,E01026330,1,2020,0.0794529571226835,0.0554954681109219,0.2324923020388329,68.83979300778864,71.87046806714618,0.0,0.0,0.0,0.0554954681109219,-0.023957489011761604,0.2879877701497548,0.20853481302707128,0.15023095793565228,0.07077800081296877,0.1332965645521783,0.0538436074294948,0.14076485867200772,0.06131190154932421,0.17217372855322796,0.09272077143054445,0.16232521065117803,0.08287225352849452,0.13902052,0.05956756034576895,0.1272940287812025,0.04784107165851899,0.1450416532082099,0.06558869608552638,0.1349778711603254,0.055524914037641884
E01026330,E01026330,South Kesteven 012A,South Kesteven,E01026330,1,2021,0.270224822899372,0.0794529571226835,0.023957489011761604,68.83979300778864,71.87046806714618,0.0,0.0,0.0,0.0794529571226835,-0.19077186577668848,0.10341044613444511,-0.16681437676492689,0.256087767113101,-0.014137055786271002,0.2371960199589716,-0.03302880294040039,0.2542996688644222,-0.015925154034949818,0.26193114468060125,-0.00829367821877075,0.2851503153596327,0.014925492460260703,0.27554446,0.005319641688793286,0.23471843718873525,-0.035506385710636745,0.2774376969679189,0.007212874068546926,0.258666440987297,-0.011558381912074978
E01026330,E01026330,South Kesteven 012A,South Kesteven,E01026330,1,2022,0.209316223618798,0.270224822899372,0.19077186577668848,68.83979300778864,71.87046806714618,0.0,0.0,0.0,0.270224822899372,0.06090859928057399,0.4609966886760605,0.2516804650572625,0.4019386025593769,0.1926223789405789,0.38256981970033854,0.17325359608154053,0.3964357700206257,0.18711954640182768,0.39975829318678996,0.19044206956799195,0.4133994353895205,0.2040832117707225,0.42174968,0.21243345761556173,0.4351984002024338,0.22588217658363577,0.37069269479127576,0.16137647117247775,0.4054514048076324,0.1961351811888344
E01026360,E01026360,South Kesteven 012B,South Kesteven,E01026360,1,2020,0.294034939259823,0.195248348219818,0.43308448733415805,72.03638134033913,69.1996001320165,0.0,0.0,0.0,0.195248348219818,-0.09878659104000498,0.6283328355539761,0.33429789629415313,0.21500508066474067,-0.07902985859508233,0.23811841157088665,-0.055916527688936346,0.26870717002764094,-0.02532776923218205,0.23711238947598734,-0.05692254978383565,0.22253665812016774,-0.07149828113965526,0.18979901,-0.1042359285061914,0.17175224201300324,-0.12228269724681975,0.20934720738088433,-0.08468773187893866,0.20189428129284132,-0.09214065796698168
E01026360,E01026360,South Kesteven 012B,South Kesteven,E01026360,1,2021,0.430843960842755,0.294034939259823,0.09878659104000498,72.03638134033913,69.1996001320165,0.0,0.0,0.0,0.294034939259823,-0.136809021582932,0.39282153029982797,-0.03802243054292703,0.34267671445723896,-0.08816724638551604,0.36829177416222925,-0.06255218668052576,0.40894183715758897,-0.02190212368516603,0.4014705609095735,-0.0293733999331815,0.3490112435254823,-0.08183271731727271,0.3837174,-0.04712657292809741,0.3886187954100116,-0.042225165432743406,0.36219525524330276,-0.06864870559945224,0.3788151515428403,-0.05202880929991471
E01026360,E01026360,South Kesteven 012B,South Kesteven,E01026360,1,2022,0.752767494418321,0.430843960842755,0.136809021582932,72.03638134033913,69.1996001320165,0.0,0.0,0.0,0.430843960842755,-0.321923533575566,0.5676529824256871,-0.18511451199263396,0.5284081672768814,-0.22435932714143958,0.548944382269524,-0.203823112148797,0.7022457806478347,-0.05052171377048631,0.6472526978030579,-0.10551479661526308,0.6357402963573797,-0.1170271980609413,0.6699593,-0.08280818770140208,0.5709628269510327,-0.1818046674672883,0.5134550093210319,-0.23931248509728908,0.5900417380932073,-0.16272575632511377
E01026362,E01026362,South Kesteven 012C,South Kesteven,E01026362,1,2020,0.20084731760994,0.234924141885938,0.127970971711507,44.29141383796963,71.79935089944881,0.0,0.0,0.0,0.234924141885938,0.03407682427599798,0.362895113597445,0.16204779598750496,0.2529039849469068,0.05205666733696679,0.27815519468183997,0.07730787707189996,0.2858828885793324,0.0850355709693924,0.2781778385708273,0.07733052096088727,0.27699218560489275,0.07614486799495274,0.28816175,0.08731443699821428,0.2971645091819356,0.09631719157199559,0.35586486423436997,0.15501754662442996,0.2624075907672638,0.061560273157323764
E01026362,E01026362,South Kesteven 012C,South Kesteven,E01026362,1,2021,0.257769426387991,0.20084731760994,-0.03407682427599798,44.29141383796963,71.79935089944881,0.0,0.0,0.0,0.20084731760994,-0.056922108778050984,0.16677049333394203,-0.09099893305404896,0.3401691505200538,0.08239972413206281,0.35815280872103267,0.10038338233304167,0.3842803203982839,0.12651089401029292,0.4321624368421982,0.1743930104542072,0.42932888139577624,0.17155945500778524,0.45386115,0.19609172077730747,0.3617479566733347,0.1039785302853437,0.44923480646555075,0.19146538007755975,0.36561972289172834,0.10785029650373734
E01026362,E01026362,South Kesteven 012C,South Kesteven,E01026362,1,2022,0.263263320088454,0.257769426387991,0.056922108778050984,44.29141383796963,71.79935089944881,0.0,0.0,0.0,0.257769426387991,-0.005493893700462993,0.314691535166042,0.05142821507758799,0.40306714902132706,0.13980382893287308,0.41663734862366786,0.15337402853521387,0.4977366722045906,0.23447335211613662,0.4623404597076792,0.19907713961922519,0.4554199202744091,0.1921566001859551,0.4796953,0.21643197023861815,0.4478303587414799,0.18456703865302593,0.4625416183978838,0.19927829830942984,0.4244174410885419,0.1611541210000879
E01026363,E01026363,South Kesteven 012D,South Kesteven,E01026363,1,2020,0.770351354099659,0.290961944215109,0.22503517700281672,63.93896734910099,72.43806391126498,0.0,0.0,0.0,0.290961944215109,-0.47938940988455003,0.5159971212179257,-0.2543542328817333,0.408319242810197,-0.36203211128946206,0.35968623465798966,-0.4106651194416694,0.4124172910577095,-0.3579340630419495,0.3823081725365907,-0.38804318156306833,0.4016760235738875,-0.36867533052577156,0.4076385,-0.3627128638996163,0.4029145009395144,-0.3674368531601446,0.39802921284624876,-0.3723221412534103,0.4211918153869533,-0.3491595387127057
E01026363,E01026363,South Kesteven 012D,South Kesteven,E01026363,1,2021,0.742886729913645,0.770351354099659,0.47938940988455003,63.93896734910099,72.43806391126498,0.0,0.0,0.0,0.770351354099659,0.02746462418601403,1.249740763984209,0.5068540340705641,0.7019696031966681,-0.04091712671697689,0.6650011498989811,-0.07788558001466395,0.7480177240680245,0.0051309941543794535,0.7496223351089067,0.006735605195261729,0.7105293282094398,-0.0323574017042052,0.7419274,-0.0009593445834448211,0.6898027243298851,-0.05308400558375992,0.6998196926139736,-0.04306703729967143,0.7161323113539226,-0.02675441855972238
E01026363,E01026363,South Kesteven 012D,South Kesteven,E01026363,1,2022,0.857958534191124,0.742886729913645,-0.02746462418601403,63.93896734910099,72.43806391126498,0.0,0.0,0.0,0.742886729913645,-0.11507180427747898,0.715422105727631,-0.14253642846349301,0.8299563071340992,-0.02800222705702482,0.7808108006383709,-0.07714773355275306,0.8935062102153211,0.03554767602419706,0.878317270647269,0.020358736456145055,0.9191548527830009,0.06119631859187691,0.90185696,0.043898424674995384,0.78633909545874,-0.07161943873238397,0.8174439328951254,-0.0405146012959986,0.8652692373618578,0.00731070317073379
E01026364,E01026364,South Kesteven 012E,South Kesteven,E01026364,1,2020,0.0463058009754291,0.0690394993936417,0.104583882521049,51.721433237043435,70.90081007251113,0.0,0.0,0.0,0.0690394993936417,0.022733698418212607,0.1736233819146907,0.1273175809392616,0.20686562526672936,0.16055982429130025,0.20843294372660776,0.16212714275117865,0.19087708328114622,0.1445712823057171,0.2233570995472726,0.17705129857184349,0.19065060884679907,0.14434480787136997,0.21344236,0.1671365544189343,0.20686978476282286,0.16056398378739375,0.23198000523748372,0.1856742042620546,0.19753817055006018,0.15123236957463107
E01026364,E01026364,South Kesteven 012E,South Kesteven,E01026364,1,2021,0.522793378018496,0.0463058009754291,-0.022733698418212607,51.721433237043435,70.90081007251113,0.0,0.0,0.0,0.0463058009754291,-0.47648757704306693,0.023572102557216493,-0.49922127546127953,0.21125373591170032,-0.3115396421067957,0.22281943356455192,-0.2999739444539441,0.2526566963419116,-0.2701366816765844,0.27185972600626696,-0.25093365201222906,0.22306584031335777,-0.29972753770513827,0.24412642,-0.27866695382511375,0.23405091494561459,-0.28874246307288143,0.242226326537911,-0.28056705148058503,0.2167626381252667,-0.3060307398932293
E01026364,E01026364,South Kesteven 012E,South Kesteven,E01026364,1,2022,0.625230914058829,0.522793378018496,0.47648757704306693,51.721433237043435,70.90081007251113,0.0,0.0,0.0,0.522793378018496,-0.10243753604033301,0.9992809550615629,0.37405004100273387,0.5095420696809214,-0.11568884437790761,0.5062950061560313,-0.11893590790279773,0.4616757353349368,-0.16355517872389225,0.4565932301881615,-0.16863768387066752,0.47073740037989925,-0.15449351367892977,0.5095448,-0.11568612426772185,0.518333515146367,-0.10689739891246197,0.5109251870167438,-0.11430572704208519,0.5003165461372787,-0.1249143679215503
E01026334,E01026334,South Kesteven 013A,South Kesteven,E01026334,1,2020,0.0889138724486434,0.0091877218129977,-0.047488701313239,35.11543131002735,74.32348961155844,0.0,0.0,0.0,0.0091877218129977,-0.0797261506356457,-0.0383009795002413,-0.1272148519488847,0.24242499996615707,0.15351112751751367,0.22915555305372043,0.14024168060507702,0.27388649292012435,0.18497262047148094,0.2615773423706297,0.17266346992198628,0.24466878169488435,0.15575490924624094,0.28191635,0.19300247767762307,0.1942487881870965,0.1053349157384531,0.31583503509676797,0.22692116264812456,0.2469002703606149,0.1579863979119715
E01026334,E01026334,South Kesteven 013A,South Kesteven,E01026334,1,2021,0.403914771678382,0.0889138724486434,0.0797261506356457,35.11543131002735,74.32348961155844,0.0,0.0,0.0,0.0889138724486434,-0.3150008992297386,0.1686400230842891,-0.23527474859409292,0.3390392888680231,-0.06487548281035893,0.31436272262669845,-0.08955204905168357,0.31700000237859477,-0.08691476929978725,0.3041246288939266,-0.09979014278445542,0.34410137438023175,-0.05981339729815027,0.35887307,-0.04504170239203559,0.2935923981152673,-0.11032237356311475,0.4110128657581033,0.007098094079721284,0.32544265063443306,-0.07847212104394896
E01026334,E01026334,South Kesteven 013A,South Kesteven,E01026334,1,2022,0.160053237839321,0.403914771678382,0.3150008992297386,35.11543131002735,74.32348961155844,0.0,0.0,0.0,0.403914771678382,0.24386153383906103,0.7189156709081206,0.5588624330687996,0.45827829687063143,0.29822505903131047,0.4485028756845058,0.28844963784518485,0.44834532413561373,0.28829208629629277,0.44773718242189453,0.2876839445825735,0.4418642586079814,0.2818110207686604,0.49544245,0.3353892122072183,0.4604344135572811,0.3003811757179601,0.5045014161306791,0.3444481782913581,0.4710829691789287,0.31102973133960776
E01026335,E01026335,South Kesteven 013B,South Kesteven,E01026335,1,2020,1.36763324550379,1.12726454125593,-0.21770269621030014,35.03857624052523,74.42293244657914,0.0,0.0,0.0,1.12726454125593,-0.24036870424786017,0.9095618450456298,-0.4580714004581603,1.317128851297277,-0.05050439420651309,1.2481093962493848,-0.11952384925440529,1.2230652705607534,-0.14456797494303664,1.2298503848319735,-0.13778286067181655,1.254259880568648,-0.11337336493514205,1.4252809,0.05764768310796531,1.3270775321868102,-0.040555713316979825,1.4123342778867998,0.04470103238300971,1.2756689084647563,-0.09196433703903373
E01026335,E01026335,South Kesteven 013B,South Kesteven,E01026335,1,2021,1.05781116548558,1.36763324550379,0.24036870424786017,35.03857624052523,74.42293244657914,0.0,0.0,0.0,1.36763324550379,0.3098220800182101,1.6080019497516502,0.5501907842660703,1.4162226298990632,0.35841146441348326,1.3346783530328243,0.2768671875472444,1.3946620500454012,0.33685088455982126,1.3367309268341903,0.2789197613486103,1.4308290196600812,0.3730178541745013,1.5019493,0.4441381448171544,1.4327702116871832,0.37495904620160325,1.533171722783183,0.47536055729760296,1.4092236222348606,0.3514124567492807
E01026335,E01026335,South Kesteven 013B,South Kesteven,E01026335,1,2022,1.11334144589434,1.05781116548558,-0.3098220800182101,35.03857624052523,74.42293244657914,0.0,0.0,0.0,1.05781116548558,-0.05553028040876007,0.7479890854673699,-0.36535236042697017,1.3149629749331964,0.20162152903885633,1.2470003788960426,0.13365893300170262,1.210224810521568,0.09688336462722802,1.2053103590759755,0.09196891318163547,1.238189842701324,0.12484839680698401,1.3990239,0.28568244460096026,1.2968807130811943,0.18353926718685432,1.3355817451952745,0.22224029930093447,1.3106686653343458,0.19732721944000575
E01026336,E01026336,South Kesteven 013C,South Kesteven,E01026336,1,2020,0.809398508077049,0.715972273865201,0.242017431671816,34.732190259214356,74.29742992452654,0.0,0.0,0.0,0.715972273865201,-0.09342623421184804,0.957989705537017,0.14859119745996796,0.8945041640620469,0.08510565598499786,0.7882558239546487,-0.02114268412240039,0.9721689088970737,0.1627704008200247,0.8592517767754415,0.04985326869839246,0.9964564006659784,0.18705789258892935,0.98559904,0.17620053290805837,0.9045764360136797,0.0951779279366306,0.9429233889256095,0.1335248808485604,0.9338916713984251,0.12449316332137605
E01026336,E01026336,South Kesteven 013C,South Kesteven,E01026336,1,2021,0.544273792377791,0.809398508077049,0.09342623421184804,34.732190259214356,74.29742992452654,0.0,0.0,0.0,0.809398508077049,0.265124715699258,0.9028247422888971,0.35855094991110603,0.9881533035415301,0.443879511163739,0.8753232122771081,0.331049419899317,0.9899144410047218,0.44564064862693076,0.963358856623781,0.4190850642459899,0.9988747233958745,0.4546009310180834,1.0287346,0.4844607724033979,0.9689702764029806,0.42469648402518956,1.019002314343268,0.474728521965477,0.9789955660473251,0.434721773669534
E01026336,E01026336,South Kesteven 013C,South Kesteven,E01026336,1,2022,0.972652586879685,0.544273792377791,-0.265124715699258,34.732190259214356,74.29742992452654,0.0,0.0,0.0,0.544273792377791,-0.428378794501894,0.27914907667853306,-0.693503510201152,0.9466434143983371,-0.02600917248134793,0.8410770216413083,-0.13157556523837677,0.886792438350061,-0.08586014852962398,0.8594660616725829,-0.11318652520710215,0.85213910850533,-0.120513478374355,0.9139508,-0.058701785983994115,0.9376207854718175,-0.03503180140786755,0.9478205715553176,-0.024832015324367407,0.8989016940587831,-0.07375089282090197
E01026337,E01026337,South Kesteven 013D,South Kesteven,E01026337,1,2020,0.282147574232784,0.308419107975454,0.20600882325175202,34.630117674136976,74.35279358577047,0.0,0.0,0.0,0.308419107975454,0.026271533742669995,0.514427931227206,0.23228035699442195,0.468709434547974,0.18656186031518995,0.41637632283738263,0.1342287486045986,0.44879637365763947,0.16664879942485544,0.41711638853230687,0.13496881429952284,0.44639984860037585,0.16425227436759182,0.45304272,0.17089514155510355,0.46454255545505646,0.18239498122227243,0.4557131715578648,0.17356559732508076,0.4583809107366368,0.17623333650385276
E01026337,E01026337,South Kesteven 013D,South Kesteven,E01026337,1,2021,0.560095509236764,0.282147574232784,-0.026271533742669995,34.630117674136976,74.35279358577047,0.0,0.0,0.0,0.282147574232784,-0.27794793500397996,0.25587604049011403,-0.30421946874664996,0.5303862225079431,-0.029709286728820894,0.47726079614629974,-0.08283471309046425,0.5785551133386869,0.018459604101922933,0.4861351594731077,-0.07396034976365629,0.5018441567809065,-0.05825135245585744,0.5468506,-0.013244887536477123,0.5416506236872574,-0.01844488554950663,0.5247108725118941,-0.03538463672486991,0.5273986903959484,-0.032696818840815545
E01026337,E01026337,South Kesteven 013D,South Kesteven,E01026337,1,2022,0.409110938205875,0.560095509236764,0.27794793500397996,34.630117674136976,74.35279358577047,0.0,0.0,0.0,0.560095509236764,0.15098457103088897,0.838043444240744,0.42893250603486893,0.6715551683994606,0.2624442301935856,0.6172523989913493,0.2081414607854743,0.7341594394545772,0.32504850124870216,0.6729720610317975,0.2638611228259225,0.662216323849025,0.25310538564314994,0.69678336,0.2876724256132473,0.6396222516191677,0.23051131341329273,0.6323587460441857,0.22324780783831072,0.6756365628585805,0.2665256246527055
E01026284,E01026284,South Holland 011C,South Holland,E01026284,1,2020,0.178476441822092,0.104594790371694,0.1759295372999784,76.46427335855573,77.9661864923355,0.0,0.0,0.0,0.104594790371694,-0.07388165145039799,0.2805243276716724,0.10204788584958041,0.22173174933672468,0.04325530751463269,0.20493088829966777,0.026454446477575777,0.19844103836144988,0.019964596539357893,0.19481806893081183,0.016341627108719836,0.22544103550798236,0.04696459368589037,0.20021343,0.021736990489919727,0.18087790386933744,0.0024014620472454506,0.14992017096685498,-0.028556270855237015,0.18566438389994525,0.007187942077853254
E01026284,E01026284,South Holland 011C,South Holland,E01026284,1,2021,0.235588170834182,0.178476441822092,0.07388165145039799,76.46427335855573,77.9661864923355,0.0,0.0,0.0,0.178476441822092,-0.057111729012089996,0.25235809327249,0.016769922438307994,0.3794034694106509,0.1438152985764689,0.35516562782423905,0.11957745699005706,0.3566855441948693,0.12109737336068732,0.319797204883148,0.08420903404896601,0.36770461957012407,0.13211644873594208,0.35242882,0.11684065287530593,0.34346556204412426,0.10787739120994227,0.28603496892825825,0.05044679809407626,0.33828414450645544,0.10269597367227346
E01026284,E01026284,South Holland 011C,South Holland,E01026284,1,2022,0.604444848250924,0.235588170834182,0.057111729012089996,76.46427335855573,77.9661864923355,0.0,0.0,0.0,0.235588170834182,-0.36885667741674205,0.292699899846272,-0.31174494840465206,0.47888707880413395,-0.1255577694467901,0.45458334028077435,-0.1498615079701497,0.4286200376803161,-0.17582481057060795,0.4091456446408692,-0.19529920361005482,0.39763475552079947,-0.20681009273012457,0.42021495,-0.18422989721256344,0.4422939228735838,-0.16215092537734022,0.37131401615189974,-0.2331308320990243,0.4171978124702038,-0.18724703578072022
E01026303,E01026303,South Kesteven 014A,South Kesteven,E01026303,1,2020,0.286111239642883,0.25163430867454,0.1541368980677458,34.556230789223626,74.34563372458229,0.0,0.0,0.0,0.25163430867454,-0.03447693096834298,0.40577120674228584,0.11965996709940285,0.35414532463538334,0.06803408499250035,0.3181401750952766,0.0320289354523936,0.40897567928498846,0.12286443964210547,0.3479988252051112,0.06188758556222823,0.38441742311082716,0.09830618346794417,0.38127697,0.0951657254984134,0.3812347197146133,0.09512348007173033,0.42400503067554113,0.13789379103265814,0.3779471897059751,0.09183595006309209
E01026303,E01026303,South Kesteven 014A,South Kesteven,E01026303,1,2021,0.206836306166718,0.286111239642883,0.03447693096834298,34.556230789223626,74.34563372458229,0.0,0.0,0.0,0.286111239642883,0.07927493347616499,0.32058817061122596,0.11375186444450797,0.44267988739311154,0.23584358122639354,0.40493962509410275,0.19810331892738475,0.49005833927718584,0.28322203311046784,0.4421630108324903,0.23532670466577232,0.4975076341450537,0.2906713279783357,0.5030996,0.29626331417553664,0.48646316268963175,0.27962685652291375,0.5160540484369928,0.30921774227027476,0.47756255429188804,0.27072624812517004
E01026303,E01026303,South Kesteven 014A,South Kesteven,E01026303,1,2022,0.141536401181976,0.206836306166718,-0.07927493347616499,34.556230789223626,74.34563372458229,0.0,0.0,0.0,0.206836306166718,0.065299904984742,0.127561372690553,-0.013975028491422986,0.45010749344302353,0.3085710922610475,0.41285564362365,0.27131924244167405,0.5182323332773069,0.3766959320953309,0.48280675068339934,0.3412703495014233,0.5088402017594578,0.3673038005774818,0.5107895,0.3692531124059757,0.45240467982875343,0.31086827864677746,0.5044917637779527,0.3629553625959767,0.4761712522854826,0.33463485110350666
E01026304,E01026304,South Kesteven 014B,South Kesteven,E01026304,1,2020,0.0788789394874981,-0.0353719030968287,0.1264685436041573,34.84479290191057,74.33359540016937,0.0,0.0,0.0,-0.0353719030968287,-0.1142508425843268,0.0910966405073286,0.012217701019830496,0.16703748799638235,0.08815854850888424,0.13295864158273535,0.05407970209523724,0.21427183698212052,0.1353928974946224,0.17561618811219848,0.09673724862470037,0.20015260808565657,0.12127366859815847,0.15586002,0.0769810822228977,0.10744488240636002,0.028565942918861914,0.1785820541140225,0.0997031146265244,0.15747128871336652,0.07859234922586841
E01026304,E01026304,South Kesteven 014B,South Kesteven,E01026304,1,2021,0.372132339237369,0.0788789394874981,0.1142508425843268,34.84479290191057,74.33359540016937,0.0,0.0,0.0,0.0788789394874981,-0.29325339974987086,0.1931297820718249,-0.17900255716554409,0.26156257124531834,-0.11056976799205065,0.23006178741083716,-0.14207055182653183,0.2311051266297946,-0.1410272126075744,0.2314492228562674,-0.1406831163811016,0.24578352856596772,-0.12634881067140127,0.207884,-0.16424834048572867,0.19795230960355195,-0.17418002963381704,0.26910150368784347,-0.10303083554952552,0.2368736994627888,-0.1352586397745802
E01026304,E01026304,South Kesteven 014B,South Kesteven,E01026304,1,2022,0.361627836366963,0.372132339237369,0.29325339974987086,34.84479290191057,74.33359540016937,0.0,0.0,0.0,0.372132339237369,0.010504502870405996,0.6653857389872398,0.30375790262027685,0.4547384013277579,0.0931105649607949,0.4165476005220427,0.05491976415507971,0.41737752461753713,0.055749688250574136,0.4050893165287484,0.043461480161785415,0.4169800066762311,0.05535217030926809,0.41494563,0.05331779585235158,0.43015082252567877,0.06852298615871577,0.43410622193596893,0.07247838556900593,0.4477769148696982,0.08614907850273518
E01026305,E01026305,South Kesteven 014C,South Kesteven,E01026305,1,2020,0.0740661268410045,-0.0155081758320492,0.10995192170677681,34.76505956988071,74.36498131465872,0.0,0.0,0.0,-0.0155081758320492,-0.08957430267305369,0.09444374587472762,0.02037761903372312,0.21657410525101545,0.14250797841001095,0.15519235634407935,0.08112622950307485,0.2067078623451797,0.1326417355041752,0.1661722667944357,0.0921061399534312,0.16314058635926876,0.08907445951826426,0.14511272,0.07104659627110183,0.12186454529094408,0.04779841844993958,0.22512652810501213,0.15106040126400763,0.17879379402259138,0.10472766718158688
E01026305,E01026305,South Kesteven 014C,South Kesteven,E01026305,1,2021,0.291526307509738,0.0740661268410045,0.08957430267305369,34.76505956988071,74.36498131465872,0.0,0.0,0.0,0.0740661268410045,-0.21746018066873352,0.1636404295140582,-0.12788587799567983,0.3007508167397032,0.009224509229965205,0.24945814318029275,-0.04206816432944527,0.27949023632333225,-0.012036071186405761,0.26104152264910613,-0.030484784860631886,0.2322172143177264,-0.05930909319201161,0.2562358,-0.035290499375659035,0.22525053028450454,-0.06627577722523348,0.28944560785265794,-0.002080699657080076,0.27479930837534977,-0.016726999134388243
E01026305,E01026305,South Kesteven 014C,South Kesteven,E01026305,1,2022,0.421593189596308,0.291526307509738,0.21746018066873352,34.76505956988071,74.36498131465872,0.0,0.0,0.0,0.291526307509738,-0.13006688208656997,0.5089864881784716,0.0873932985821636,0.44189307598207855,0.02029988638577057,0.38674307164431115,-0.03485011795199683,0.42817084254357723,0.006577652947269252,0.3820697196739853,-0.039523469922322696,0.37154191017384414,-0.050051279422463846,0.4208857,-0.0007074776879675282,0.4227637744727424,0.0011705848764343996,0.4232168409563197,0.0016236513600116909,0.42861267847750933,0.007019488881201352
E01026306,E01026306,South Kesteven 014D,South Kesteven,E01026306,1,2020,1.13336992314553,0.964337662884937,-0.007548111115921907,34.78730252871837,74.37284758776676,0.0,0.0,0.0,0.964337662884937,-0.16903226026059304,0.9567895517690151,-0.17658037137651494,1.0858305566400501,-0.04753936650547996,1.0221950590927362,-0.11117486405279386,1.2458040745763084,0.11243415143077828,1.2820494658495258,0.14867954270399575,1.151777829591415,0.01840790644588486,1.3146921,0.18132221648001923,1.2056518042276876,0.0722818810821575,1.142958370870693,0.009588447725162874,1.1342922409892293,0.0009223178436992274
E01026306,E01026306,South Kesteven 014D,South Kesteven,E01026306,1,2021,0.987230530163977,1.13336992314553,0.16903226026059304,34.78730252871837,74.37284758776676,0.0,0.0,0.0,1.13336992314553,0.1461393929815531,1.302402183406123,0.315171653242146,1.1956237406645065,0.2083932105005295,1.1274824175737697,0.14025188740979266,1.2474359096046579,0.2602053794406809,1.2674640346805475,0.2802335045165705,1.2877026917727488,0.30047216160877177,1.3719386,0.3847080560710694,1.2932516491633343,0.30602111899935736,1.2699295942162758,0.28269906405229883,1.2397850865256688,0.2525545563616918
E01026306,E01026306,South Kesteven 014D,South Kesteven,E01026306,1,2022,0.878695706220757,0.987230530163977,-0.1461393929815531,34.78730252871837,74.37284758776676,0.0,0.0,0.0,0.987230530163977,0.10853482394322,0.8410911371824239,-0.03760456903833309,1.165100410536441,0.2864047043156841,1.1048584350232493,0.22616272880249233,1.1827338779759258,0.3040381717551688,1.1988308565556112,0.3201351503348542,1.138784235651456,0.26008852943069893,1.2392156,0.36051990619074203,1.2344523703878534,0.3557566641670964,1.1875540792077433,0.30885837298698626,1.1924100324393487,0.31371432621859174
E01026307,E01026307,South Kesteven 014E,South Kesteven,E01026307,1,2020,0.242191088536405,0.162942016491754,0.130250843247403,34.53472781277778,74.34525938260101,0.0,0.0,0.0,0.162942016491754,-0.07924907204465101,0.293192859739157,0.05100177120275198,0.3086659637260092,0.06647487518960418,0.2669692698530497,0.024778181316644693,0.21939400559643743,-0.022797082939967572,0.24003117310184166,-0.002159915434563342,0.23686627344423655,-0.00532481509216845,0.22063902,-0.021552068331860935,0.21509165010132344,-0.027099438435081558,0.3317966612627983,0.08960557272639327,0.25292246726147577,0.010731378725070767
E01026307,E01026307,South Kesteven 014E,South Kesteven,E01026307,1,2021,0.197742017688808,0.242191088536405,0.07924907204465101,34.53472781277778,74.34525938260101,0.0,0.0,0.0,0.242191088536405,0.044449070847597,0.321440160581056,0.12369814289224801,0.4376823304291205,0.23994031274031252,0.4010618907459308,0.2033198730571228,0.4413045500904816,0.24356253240167358,0.374926946691727,0.177184929002919,0.39838209432940114,0.20064007664059313,0.3810736,0.18333157640451475,0.40983509943403756,0.21209308174522956,0.4481150865957312,0.2503730689069232,0.410116749515054,0.212374731826246
E01026307,E01026307,South Kesteven 014E,South Kesteven,E01026307,1,2022,0.585735688627058,0.197742017688808,-0.044449070847597,34.53472781277778,74.34525938260101,0.0,0.0,0.0,0.197742017688808,-0.38799367093825005,0.153292946841211,-0.4324427417858471,0.44527513891554416,-0.1404605497115139,0.40968825810177767,-0.17604743052528038,0.44932509493032685,-0.1364105936967312,0.44690173040518116,-0.13883395822187689,0.5309880170754409,-0.054747671551617194,0.4634566,-0.12227908772259333,0.4020402073887137,-0.18369548123834434,0.43272590648848047,-0.15300978213857758,0.45627273720436606,-0.12946295142269199
E01026287,E01026287,South Kesteven 015A,South Kesteven,E01026287,1,2020,0.0281187894315117,0.274425875740603,0.2243112781185172,80.84291187739464,71.51340996168582,0.0,0.0,0.0,0.274425875740603,0.24630708630909132,0.4987371538591202,0.4706183644276085,0.45100945037985357,0.4228906609483419,0.4355635771117201,0.4074447876802084,0.5091365190764817,0.48101772964497,0.44084495499695026,0.41272616556543856,0.5610605620380336,0.5329417726065219,0.5459511,0.5178323385744698,0.5053413027413451,0.47722251330983345,0.4841311343513108,0.4560123449197991,0.47345608337138506,0.44533729393987337
E01026287,E01026287,South Kesteven 015A,South Kesteven,E01026287,1,2021,0.465248013549572,0.0281187894315117,-0.24630708630909132,80.84291187739464,71.51340996168582,0.0,0.0,0.0,0.0281187894315117,-0.4371292241180603,-0.21818829687757962,-0.6834363104271517,0.36381989109255947,-0.10142812245701255,0.3748417319636746,-0.09040628158589742,0.44173551289415985,-0.02351250065541216,0.38231373986291556,-0.08293427368665646,0.5183293805973983,0.05308136704782629,0.463581,-0.001667017751461053,0.3944501072103639,-0.07079790633920813,0.41594501633742964,-0.049302997212142374,0.4006903967862863,-0.0645576167632857
E01026287,E01026287,South Kesteven 015A,South Kesteven,E01026287,1,2022,0.358877466774759,0.465248013549572,0.4371292241180603,80.84291187739464,71.51340996168582,0.0,0.0,0.0,0.465248013549572,0.106370546774813,0.9023772376676323,0.5434997708928733,0.5844529478911754,0.2255754811164164,0.569257600619678,0.210380133844919,0.5680533611399315,0.20917589436517253,0.5331677343493546,0.1742902675745956,0.6783572498126736,0.31947978303791463,0.6859775,0.3271000517837432,0.6195464958216079,0.2606690290468489,0.587514436975885,0.228636970201126,0.6107717403959858,0.2518942736212268
E01026288,E01026288,South Kesteven 015B,South Kesteven,E01026288,1,2020,0.965339046204981,0.615251768261684,0.030207404741528054,80.64776669837823,71.62537121113705,0.0,0.0,0.0,0.615251768261684,-0.35008727794329697,0.6454591730032121,-0.3198798732017689,0.7441680854977455,-0.22117096070723552,0.7414541132440655,-0.2238849329609155,0.8291293476171905,-0.13620969858779053,0.803766312071824,-0.16157273413315698,0.8941009913535538,-0.0712380548514272,0.82363194,-0.14170710393279473,0.8246205660522089,-0.1407184801527721,0.8206187472897671,-0.14472029891521387,0.7771342484407311,-0.18820479776424992
E01026288,E01026288,South Kesteven 015B,South Kesteven,E01026288,1,2021,0.888413057161321,0.965339046204981,0.35008727794329697,80.64776669837823,71.62537121113705,0.0,0.0,0.0,0.965339046204981,0.07692598904365999,1.315426324148278,0.42701326698695696,0.944501173747313,0.056088116585992,0.9592910526327373,0.07087799547141627,0.9555215126920414,0.06710845553072042,1.0278228411375525,0.1394097839762315,1.0617744716571114,0.17336141449579034,1.0054802,0.11706711308861795,1.1118799032540307,0.22346684609270973,1.0208143272666081,0.13240127010528713,0.9872608477331937,0.09884779057187265
E01026288,E01026288,South Kesteven 015B,South Kesteven,E01026288,1,2022,0.802029763424869,0.888413057161321,-0.07692598904365999,80.64776669837823,71.62537121113705,0.0,0.0,0.0,0.888413057161321,0.08638329373645204,0.811487068117661,0.009457304692792046,1.0346861622306973,0.23265639880582833,1.0355857139579487,0.23355595053307976,1.169389271745811,0.367359508320942,1.1169840595470892,0.31495429612222026,1.1442922424954434,0.3422624790705744,1.1255782,0.3235484016294523,1.139610025530785,0.3375802621059161,1.0971348155175487,0.2951050520926797,1.0496404409933002,0.24761067756843125
E01026289,E01026289,South Kesteven 015C,South Kesteven,E01026289,1,2020,0.0759702866388287,-0.192739985998452,-0.005705810601750988,80.80212554767752,71.53562825791572,0.0,0.0,0.0,-0.192739985998452,-0.2687102726372807,-0.19844579660020298,-0.27441608323903166,-0.011856650801765511,-0.08782693744059421,-0.006769578282538644,-0.08273986492136734,-0.055156139494788675,-0.13112642613361736,-0.03857308835990552,-0.11454337499873421,-0.009954669254032248,-0.08592495589286095,-0.046597183,-0.1225674693895306,-0.03336785409025925,-0.10933814072908794,-0.010116988358542647,-0.08608727499737134,-0.03468127281476763,-0.11065155945359632
E01026289,E01026289,South Kesteven 015C,South Kesteven,E01026289,1,2021,0.224621618773854,0.0759702866388287,0.2687102726372807,80.80212554767752,71.53562825791572,0.0,0.0,0.0,0.0759702866388287,-0.1486513321350253,0.3446805592761094,0.1200589405022554,0.19414130493569443,-0.03048031383815958,0.19455043025705998,-0.030071188516794023,0.2317224287613895,0.0071008099875354835,0.23110223794395643,0.006480619170102425,0.25302597161102397,0.028404352837169966,0.20289336,-0.021728257324612366,0.18197938775983868,-0.04264223101401532,0.18726656389980145,-0.03735505487405255,0.2003702710779805,-0.024251347695873504
E01026289,E01026289,South Kesteven 015C,South Kesteven,E01026289,1,2022,0.21014860827155,0.224621618773854,0.1486513321350253,80.80212554767752,71.53562825791572,0.0,0.0,0.0,0.224621618773854,0.014473010502304012,0.3732729509088793,0.1631243426373293,0.3243602336789934,0.11421162540744342,0.3212470201904411,0.11109841191889111,0.31404221478479966,0.10389360651324966,0.30083807791963374,0.09068946964808375,0.3310505984338088,0.1209019901622588,0.31090578,0.10075717609696502,0.3290572009515427,0.11890859267999274,0.26780686948556537,0.05765826121401538,0.3209185033790709,0.11076989510752092
E01026346,E01026346,South Kesteven 015D,South Kesteven,E01026346,1,2020,0.215379316589339,0.108893029806613,0.19506198204724728,80.5770080044898,71.66590431346012,0.0,0.0,0.0,0.108893029806613,-0.10648628678272601,0.3039550118538603,0.0885756952645213,0.27516179111737044,0.059782474528031426,0.2689496906114407,0.053570374022101686,0.23439633645221686,0.01901701986287785,0.2307792807279294,0.015399964138590377,0.23719386485720875,0.021814548267869743,0.18933359,-0.026045728704436055,0.22560940739428822,0.010230090804949216,0.2530575959081793,0.03767827931884027,0.23959002250876446,0.02421070591942545
E01026346,E01026346,South Kesteven 015D,South Kesteven,E01026346,1,2021,0.316522321973353,0.215379316589339,0.10648628678272601,80.5770080044898,71.66590431346012,0.0,0.0,0.0,0.215379316589339,-0.101143005384014,0.32186560337206505,0.005343281398712041,0.3851454423102344,0.0686231203368814,0.38587945819656216,0.06935713622320916,0.3110788253944263,-0.005443496578926732,0.3250705218122917,0.008548199838938675,0.3524753197653642,0.03595299779201122,0.33793938,0.021417059626073265,0.3669846344301714,0.05046231245681837,0.3597643917397849,0.04324206976643191,0.3522041824103014,0.035681860436948376
E01026346,E01026346,South Kesteven 015D,South Kesteven,E01026346,1,2022,0.0154228326771104,0.316522321973353,0.101143005384014,80.5770080044898,71.66590431346012,0.0,0.0,0.0,0.316522321973353,0.3010994892962426,0.417665327357367,0.4022424946802566,0.49844906249543486,0.48302622981832444,0.4975937205310122,0.4821708878539018,0.5652215454303777,0.5497987127532673,0.49439042500106134,0.4789675923239509,0.5578105246056009,0.5423876919284905,0.5929866,0.5775637510326064,0.5067245822142215,0.49130174953711103,0.45161112348664806,0.43618829080953764,0.5318592487350264,0.516436416057916
E01026347,E01026347,South Kesteven 015E,South Kesteven,E01026347,1,2020,1.20840094709891,0.969782070064028,-0.14634585923120202,80.7016874453221,71.55163993158982,0.0,0.0,0.0,0.969782070064028,-0.23861887703488216,0.8234362108328259,-0.3849647362660842,1.1801947929599492,-0.02820615413896088,1.133860751756079,-0.07454019534283107,1.2342333175436189,0.025832370444708763,1.2531777215172402,0.044776774418330056,1.253606378792149,0.04520543169323887,1.3256187,0.11721779679757427,1.1801401655923767,-0.02826078150653344,1.2243777793081534,0.015976832209243286,1.1891656834488038,-0.019235263650106305
E01026347,E01026347,South Kesteven 015E,South Kesteven,E01026347,1,2021,1.38727743899509,1.20840094709891,0.23861887703488216,80.7016874453221,71.55163993158982,0.0,0.0,0.0,1.20840094709891,-0.17887649189617982,1.4470198241337924,0.05974238513870245,1.292685509453051,-0.09459192954203899,1.251394981634802,-0.13588245736028792,1.3226367356332371,-0.06464070336185279,1.3100541240307335,-0.07722331496435642,1.296287453756704,-0.09098998523838597,1.3273202,-0.05995722090884725,1.3727961518254392,-0.014481287169650692,1.3543846170719447,-0.03289282192314524,1.2963422217677758,-0.09093521722731412
E01026347,E01026347,South Kesteven 015E,South Kesteven,E01026347,1,2022,1.53364406539131,1.38727743899509,0.17887649189617982,80.7016874453221,71.55163993158982,0.0,0.0,0.0,1.38727743899509,-0.14636662639622,1.5661539308912698,0.03250986549995982,1.4441919167721784,-0.08945214861913153,1.381451655150182,-0.15219241024112784,1.4174410235323767,-0.11620304185893326,1.4280148961426666,-0.1056291692486433,1.3271808688413078,-0.20646319655000211,1.4632629,-0.07038114978004284,1.4367209644307866,-0.09692310096052337,1.4134285976059984,-0.12021546778531156,1.4029152479790983,-0.13072881741221165
E01026348,E01026348,South Kesteven 015F,South Kesteven,E01026348,1,2020,0.193841957447226,0.415458582412491,0.741970916759933,80.87121257683584,71.48991221386994,0.0,0.0,0.0,0.415458582412491,0.22161662496526502,1.1574294991724239,0.9635875417251979,0.3229650077072031,0.1291230502599771,0.35554584285081897,0.16170388540359298,0.5126975995003968,0.31885564205317085,0.4112779724127634,0.21743601496553744,0.3848427936317192,0.1910008361844932,0.3839446,0.1901026433733154,0.3465621736654087,0.1527202162181827,0.324291652923621,0.130449695476395,0.33242505649040904,0.13858309904318306
E01026348,E01026348,South Kesteven 015F,South Kesteven,E01026348,1,2021,0.483781080709905,0.193841957447226,-0.22161662496526502,80.87121257683584,71.48991221386994,0.0,0.0,0.0,0.193841957447226,-0.289939123262679,-0.02777466751803903,-0.511555748227944,0.343753792546404,-0.14002728816350102,0.3922781715744748,-0.09150290913543019,0.48461906114947595,0.0008379804395709511,0.4683772917476231,-0.015403788962281895,0.4478955924823389,-0.0358854882275661,0.41405082,-0.06973026322028097,0.3674647030563302,-0.11631637765357478,0.39040269878148887,-0.09337838192841613,0.3657018056512045,-0.11807927505870047
E01026348,E01026348,South Kesteven 015F,South Kesteven,E01026348,1,2022,0.76320538417075,0.483781080709905,0.289939123262679,80.87121257683584,71.48991221386994,0.0,0.0,0.0,0.483781080709905,-0.279424303460845,0.773720203972584,0.010514819801833997,0.5818710566404544,-0.18133432753029566,0.6108387667874252,-0.1523666173833248,0.7176169366639138,-0.045588447506836216,0.6552480934102901,-0.1079572907604599,0.6163740769898853,-0.14683130718086468,0.62885106,-0.13435432807181202,0.5876496404047771,-0.17555574376597294,0.5810233746033906,-0.18218200956735942,0.5778992510819205,-0.18530613308882948
E01026349,E01026349,South Kesteven 016A,South Kesteven,E01026349,1,2020,0.150169936451195,0.172597536831672,-0.012155578296696001,80.59904098225111,71.56259577198367,0.0,0.0,0.0,0.172597536831672,0.022427600380477003,0.160441958534976,0.010272022083781002,0.3874962461644492,0.23732630971325422,0.37248057486670927,0.22231063841551427,0.33003882780355603,0.17986889135236103,0.29987067662948014,0.14970074017828514,0.3659999039793153,0.2158299675281203,0.37162793,0.22145799037528205,0.37227318417936234,0.22210324772816734,0.40036489532734193,0.25019495887614696,0.3542126375490183,0.20404270109782333
E01026349,E01026349,South Kesteven 016A,South Kesteven,E01026349,1,2021,0.353365196805444,0.150169936451195,-0.022427600380477003,80.59904098225111,71.56259577198367,0.0,0.0,0.0,0.150169936451195,-0.20319526035424898,0.127742336070718,-0.22562286073472598,0.4572079288108777,0.1038427320054337,0.43424091799411557,0.08087572118867159,0.3850356483485523,0.031670451543108324,0.36373025156271005,0.010365054757266068,0.46676005835888884,0.11339486155344486,0.43076658,0.07740138568356969,0.4235318517115765,0.0701666549061325,0.46970710380370806,0.11634190699826408,0.4108311359398105,0.05746593913436654
E01026349,E01026349,South Kesteven 016A,South Kesteven,E01026349,1,2022,0.671947053680324,0.353365196805444,0.20319526035424898,80.59904098225111,71.56259577198367,0.0,0.0,0.0,0.353365196805444,-0.31858185687488005,0.5565604571596929,-0.1153865965206311,0.5463115794392797,-0.12563547424104438,0.5228059185536708,-0.14914113512665328,0.6206555822537438,-0.05129147142658019,0.580962447782337,-0.09098460589798707,0.6554113702532316,-0.01653568342709244,0.6543449,-0.01760213733663507,0.5717842350476461,-0.10016281863267795,0.5458055255237998,-0.12614152815652424,0.560401699106911,-0.11154535457341308
E01026350,E01026350,South Kesteven 016B,South Kesteven,E01026350,1,2020,0.670278852114424,0.643984363699362,0.46881736282820297,80.68313185304797,71.54518755394442,0.0,0.0,0.0,0.643984363699362,-0.02629448841506199,1.112801726527565,0.442522874413141,0.6929648327006308,0.022685980586206855,0.6302803341103301,-0.03999851800409382,0.5828430057512954,-0.08743584636312851,0.5594730769261002,-0.1108057751883238,0.6755156938737829,0.005236841759358901,0.61197555,-0.05830330146287366,0.6392269131828106,-0.0310519389316134,0.6734957570696398,0.0032169049552158713,0.6450762008714965,-0.02520265124292742
E01026350,E01026350,South Kesteven 016B,South Kesteven,E01026350,1,2021,0.615192705871769,0.670278852114424,0.02629448841506199,80.68313185304797,71.54518755394442,0.0,0.0,0.0,0.670278852114424,0.055086146242654954,0.6965733405294859,0.08138063465771694,0.8527232801668221,0.2375305742950531,0.7865998670279831,0.17140716115621413,0.8359051014312066,0.22071239555943756,0.8211141600435347,0.20592145417176566,0.9104221856834065,0.2952294798116375,0.8649182,0.24972546648769756,0.8078812347904222,0.19268852891865318,0.8864944804233374,0.27130177455156845,0.8298823069042138,0.21468960103244483
E01026350,E01026350,South Kesteven 016B,South Kesteven,E01026350,1,2022,0.795100295973979,0.615192705871769,-0.055086146242654954,80.68313185304797,71.54518755394442,0.0,0.0,0.0,0.615192705871769,-0.17990759010221002,0.560106559629114,-0.23499373634486498,0.9041182809264495,0.1090179849524705,0.843146033321959,0.04804573734798001,0.8631380679079806,0.06803777193400162,0.8680637891940042,0.07296349322002516,0.9613674867597362,0.16626719078575714,0.8840117,0.08891138987425706,0.8788237711142477,0.08372347514026868,0.8878938255540001,0.09279352958002107,0.8843791212658012,0.08927882529182218
E01026351,E01026351,South Kesteven 016C,South Kesteven,E01026351,1,2020,0.502206767294638,0.411372803478907,0.5390172008866989,80.68088304124042,71.62704768839025,0.0,0.0,0.0,0.411372803478907,-0.090833963815731,0.950390004365606,0.44818323707096797,0.5747623308115217,0.07255556351688375,0.49623670904885414,-0.005970058245783838,0.5359635017318441,0.03375673443720617,0.4768708952556214,-0.025335872039016605,0.6065087271686264,0.10430195987398838,0.5760564,0.07384965350843209,0.49770735988741116,-0.004499407407226819,0.5545121786488633,0.052305411354225284,0.5769700129401372,0.07476324564549919
E01026351,E01026351,South Kesteven 016C,South Kesteven,E01026351,1,2021,0.565785784015388,0.502206767294638,0.090833963815731,80.68088304124042,71.62704768839025,0.0,0.0,0.0,0.502206767294638,-0.06357901672075006,0.5930407311103689,0.027254947094980886,0.6850754624596157,0.11928967844422766,0.6126822022062092,0.04689641819082113,0.6023594346950083,0.03657365067962026,0.5834021455624242,0.017616361547036163,0.677789937324915,0.11200415330952695,0.63489574,0.06910995792415664,0.6211595380817547,0.05537375406636669,0.6799971762632694,0.11421139224788135,0.6536836871447254,0.08789790312933732
E01026351,E01026351,South Kesteven 016C,South Kesteven,E01026351,1,2022,0.52582452137858,0.565785784015388,0.06357901672075006,80.68088304124042,71.62704768839025,0.0,0.0,0.0,0.565785784015388,0.03996126263680799,0.6293648007361381,0.10354027935755805,0.842315228692456,0.31649070731387596,0.7581852858370779,0.23236076445849785,0.7807265379015971,0.254902016523017,0.7432572690445137,0.21743274766593368,0.8411605361529484,0.31533601477436835,0.7650161,0.23919155757039456,0.7510312039972015,0.22520668261862142,0.7838118696629751,0.25798734828439507,0.8027429627096565,0.27691844133107646
E01026356,E01026356,South Kesteven 016D,South Kesteven,E01026356,1,2020,-0.0259913218013504,-0.142978416543883,-0.11907323404139158,80.84143909757941,71.46774469217168,0.0,0.0,0.0,-0.142978416543883,-0.11698709474253259,-0.2620516505852746,-0.2360603287839242,-0.012632045981304144,0.013359275820046257,-0.01077917155105533,0.01521215025029507,0.03800271310432846,0.06399403490567887,0.06005341382107543,0.08604473562242583,0.0634874908461484,0.0894788126474988,0.05073737,0.07672869160692482,0.006505010486324375,0.032496332287674776,0.07621484142224672,0.10220616322359712,-0.0021003866188792006,0.0238909351824712
E01026356,E01026356,South Kesteven 016D,South Kesteven,E01026356,1,2021,0.0890883893208668,-0.0259913218013504,0.11698709474253259,80.84143909757941,71.46774469217168,0.0,0.0,0.0,-0.0259913218013504,-0.1150797111222172,0.09099577294118219,0.0019073836203153949,0.141119997341731,0.052031608020864206,0.12853087543151334,0.039442486110646546,0.17897184363764745,0.08988345431678066,0.1855807641952505,0.0964923748743837,0.14081808738790733,0.05172969806704053,0.14675279,0.05766440029571798,0.1298742916423685,0.0407859023215017,0.1867182447948333,0.09762985547396649,0.12461537045147403,0.03552698113060723
E01026356,E01026356,South Kesteven 016D,South Kesteven,E01026356,1,2022,-0.0011047135488468,0.0890883893208668,0.1150797111222172,80.84143909757941,71.46774469217168,0.0,0.0,0.0,0.0890883893208668,0.09019310286971359,0.20416810044308398,0.20527281399193079,0.19199682714254723,0.19310154069139404,0.18640809534177372,0.18751280889062052,0.16595436358606275,0.16705907713490956,0.22029186178934537,0.22139657533819218,0.18578996142280285,0.18689467497164966,0.16430248,0.16540719674987373,0.19131909835571242,0.19242381190455923,0.17924980695156562,0.18035452050041242,0.17421011111225226,0.17531482466109907
E01026357,E01026357,South Kesteven 016E,South Kesteven,E01026357,1,2020,0.0316384479396827,-0.234449865542434,0.225992479950777,80.68671476154631,71.59140720746814,0.0,0.0,0.0,-0.234449865542434,-0.2660883134821167,-0.008457385591656985,-0.040095833531339685,-0.1481095020290873,-0.17974794996877,-0.1354149310829647,-0.1670533790226474,-0.10765793928718968,-0.13929638722687238,-0.07450466873602349,-0.1061431166757062,-0.1307183656037731,-0.1623568135434558,-0.13212532,-0.16376376599006723,-0.13789619194422262,-0.16953463988390532,-0.18010765252047944,-0.21174610046016215,-0.1479049369848106,-0.17954338492449332
E01026357,E01026357,South Kesteven 016E,South Kesteven,E01026357,1,2021,0.0826575560923536,0.0316384479396827,0.2660883134821167,80.68671476154631,71.59140720746814,0.0,0.0,0.0,0.0316384479396827,-0.051019108152670904,0.2977267614217994,0.2150692053294458,0.09164184904365116,0.00898429295129756,0.09965872064553519,0.017001164553181583,0.035313153888768,-0.04734440220358561,0.06279767225426094,-0.01985988383809266,0.07058812809637856,-0.012069427995975046,0.058956206,-0.023701350247474454,0.06802630563649288,-0.014631250455860723,0.058727733235679466,-0.023929822856674138,0.08395559447204362,0.001298038379690017
E01026357,E01026357,South Kesteven 016E,South Kesteven,E01026357,1,2022,0.395734538179639,0.0826575560923536,0.051019108152670904,80.68671476154631,71.59140720746814,0.0,0.0,0.0,0.0826575560923536,-0.3130769820872854,0.1336766642450245,-0.2620578739346145,0.18884001771947762,-0.20689452046016138,0.19315689641976685,-0.20257764175987214,0.16001471611914092,-0.23571982206049807,0.21003666128436113,-0.18569787689527786,0.17995553728304048,-0.21577900089659852,0.12993166,-0.26580287967324556,0.15236830984724642,-0.24336622833239258,0.13785733440509107,-0.2578772037745479,0.1664536937043811,-0.2292808444752579
E01026358,E01026358,South Kesteven 016F,South Kesteven,E01026358,1,2020,-0.016024134679634,-0.388866335397642,-0.252668638742454,80.58823529411765,71.67820069204153,0.0,0.0,0.0,-0.388866335397642,-0.372842200718008,-0.641534974140096,-0.6255108394604619,-0.1794797118885928,-0.16345557720895879,-0.14789451993543434,-0.13187038525580033,-0.18398787654279522,-0.1679637418631612,-0.18790620149457016,-0.17188206681493615,-0.17271870597060418,-0.15669457129097017,-0.19290261,-0.17687847502629098,-0.19829483561855737,-0.18227070093892336,-0.15138507886473465,-0.13536094418510064,-0.19714401256655156,-0.18111987788691755
E01026358,E01026358,South Kesteven 016F,South Kesteven,E01026358,1,2021,-0.100317001434952,-0.016024134679634,0.372842200718008,80.58823529411765,71.67820069204153,0.0,0.0,0.0,-0.016024134679634,0.084292866755318,0.356818066038374,0.457135067473326,0.09392070716190726,0.19423770859685924,0.09423839727124182,0.19455539870619382,0.12980808926674087,0.23012509070169285,0.08323252758516976,0.18354952902012175,0.13037031202572263,0.23068731346067461,0.1064803,0.20679730186143513,0.06391612537914813,0.16423312681410013,0.11857250271420414,0.21888950414915614,0.08359452527848321,0.1839115267134352
E01026358,E01026358,South Kesteven 016F,South Kesteven,E01026358,1,2022,0.157593782000816,-0.100317001434952,-0.084292866755318,80.58823529411765,71.67820069204153,0.0,0.0,0.0,-0.100317001434952,-0.257910783435768,-0.18460986819026998,-0.342203650191086,0.09749302340056362,-0.06010075860025238,0.10098806901258062,-0.056605712988235385,0.1854681796770761,0.0278743976762601,0.1185305064941976,-0.03906327550661841,0.19133043815049308,0.03373665614967708,0.1379783,-0.01961548154858364,0.06412915056706117,-0.09346463143375483,0.09228381359097429,-0.06530996840984171,0.10425813655300747,-0.05333564544780853
E01026359,E01026359,South Kesteven 016G,South Kesteven,E01026359,1,2020,-0.0949260175054934,-0.263056105884352,-0.08826772958245002,80.56060458872135,71.63426436041887,0.0,0.0,0.0,-0.263056105884352,-0.16813008837885862,-0.351323835466802,-0.2563978179613086,-0.0659774438574791,0.0289485736480143,-0.08144565676294903,0.01348036074254437,-0.047273996786609776,0.04765202071888362,-0.08171938885577701,0.01320662864971639,-0.04470295014657308,0.05022306735892032,-0.011294471,0.08363154640552067,-0.07501634690511125,0.01990967060038215,-0.05393465887420349,0.04099135863128991,-0.0911705017659471,0.0037555157395463
E01026359,E01026359,South Kesteven 016G,South Kesteven,E01026359,1,2021,-0.0983838517555905,-0.0949260175054934,0.16813008837885862,80.56060458872135,71.63426436041887,0.0,0.0,0.0,-0.0949260175054934,0.0034578342500971027,0.07320407087336522,0.17158792262895572,0.08888498946013995,0.18726884121573045,0.07563375628872221,0.1740176080443127,0.12185035470315732,0.2202342064587478,0.08284743091037575,0.18123128266596625,0.11037662943565138,0.20876048119124188,0.12809145,0.2264753062615109,0.06971688386260046,0.16810073561819094,0.11099751209794335,0.20938136385353384,0.06144094858710816,0.15982480034269866
E01026359,E01026359,South Kesteven 016G,South Kesteven,E01026359,1,2022,0.171413527048633,-0.0983838517555905,-0.0034578342500971027,80.56060458872135,71.63426436041887,0.0,0.0,0.0,-0.0983838517555905,-0.2697973788042235,-0.1018416860056876,-0.2732552130543206,0.10757022085213314,-0.06384330619649986,0.08869346437826216,-0.08272006267037084,0.13908962770996353,-0.03232389933866947,0.1374556754392907,-0.03395785160934231,0.12116473668677942,-0.050248790361853576,0.1279811,-0.04343243054251422,0.07650318172217502,-0.09491034532645798,0.07408424626732964,-0.09732928078130336,0.07183497895127242,-0.09957854809736058
E01026242,E01026242,South Holland 001A,South Holland,E01026242,1,2020,1.34416836345969,0.841204663684374,0.212612675122683,62.310587784612416,77.51943413759427,0.0,0.0,0.0,0.841204663684374,-0.502963699775316,1.053817338807057,-0.29035102465263285,0.8897238111482756,-0.45444455231141434,0.8513977302913689,-0.49277063316832104,0.8746849355868996,-0.4694834278727903,0.8889236414733873,-0.4552447219863026,0.8543702411253031,-0.4897981223343868,0.86954427,-0.474624095805271,0.7938708277251054,-0.5502975357345845,0.8776986776523119,-0.466469685807378,0.8534354996876856,-0.4907328637720043
E01026242,E01026242,South Holland 001A,South Holland,E01026242,1,2021,1.40901993062053,1.34416836345969,0.502963699775316,62.310587784612416,77.51943413759427,0.0,0.0,0.0,1.34416836345969,-0.06485156716084006,1.847132063235006,0.4381121326144759,1.2369631614488248,-0.1720567691717052,1.2181431212689673,-0.1908768093515627,1.3869253078832038,-0.02209462273732621,1.4123146448647084,0.003294714244178376,1.3900217742136343,-0.018998156406895728,1.2958353,-0.1131846740439919,1.1922891688124317,-0.21673076180809825,1.2080962099576733,-0.2009237206628567,1.2703533594353893,-0.1386665711851407
E01026242,E01026242,South Holland 001A,South Holland,E01026242,1,2022,1.32502041404426,1.40901993062053,0.06485156716084006,62.310587784612416,77.51943413759427,0.0,0.0,0.0,1.40901993062053,0.08399951657626992,1.47387149778137,0.14885108373710998,1.4300859130183166,0.10506549897405648,1.3911867968166112,0.0661663827723511,1.4428057241051766,0.11778531006091653,1.4979668766641527,0.17294646261989266,1.463444175436708,0.13842376139244794,1.5790397,0.25401927883446307,1.353946344166668,0.02892593012240785,1.37906624697489,0.05404583293062992,1.4371024890097366,0.11208207496547651
E01026243,E01026243,South Holland 001B,South Holland,E01026243,1,2020,0.972709341146395,1.42487176336488,0.9051099606316799,62.302012047048635,77.37410594035667,0.0,0.0,0.0,1.42487176336488,0.452162422218485,2.3299817239965597,1.3572723828501647,1.2407998561331424,0.2680905149867474,1.211792675339812,0.2390833341934171,1.2563458420240459,0.2836365008776509,1.316603326738894,0.34389398559249895,1.2720872351081962,0.29937789396180126,1.1975741,0.22486479749496247,1.2948848492389549,0.3221755080925599,1.252787243441355,0.28007790229496,1.2367816181145879,0.2640722769681929
E01026243,E01026243,South Holland 001B,South Holland,E01026243,1,2021,1.23960499687037,0.972709341146395,-0.452162422218485,62.302012047048635,77.37410594035667,0.0,0.0,0.0,0.972709341146395,-0.266895655723975,0.5205469189279099,-0.71905807794246,1.209592729606177,-0.030012267264192927,1.2224497520355289,-0.0171552448348411,1.2874821849964568,0.04787718812608688,1.261604370243808,0.021999373373438047,1.2897456337481403,0.05014063687777037,1.3832483,0.1436433322922277,1.265092251692982,0.025487254822611938,1.249948843644091,0.010343846773721133,1.2798310132129735,0.04022601634260359
E01026243,E01026243,South Holland 001B,South Holland,E01026243,1,2022,1.32633401719574,1.23960499687037,0.266895655723975,62.302012047048635,77.37410594035667,0.0,0.0,0.0,1.23960499687037,-0.08672902032537011,1.506500652594345,0.1801666353986049,1.3875570216181483,0.061223004422408245,1.3793298049955007,0.05299578779976066,1.3295814242774735,0.0032474070817334333,1.35550636500375,0.029172347808009924,1.344585151199594,0.01825113400385403,1.4769381,0.15060411127563444,1.4635978463470891,0.13726382915134905,1.4463957826757399,0.1200617654799998,1.396510395985127,0.07017637878938698
E01026313,E01026313,South Kesteven 001A,South Kesteven,E01026313,1,2020,0.0729112396231236,0.147464677930056,0.49263406926731,76.9006582106458,76.078396262004,0.0,0.0,0.0,0.147464677930056,0.0745534383069324,0.640098747197366,0.5671875075742424,0.1740248965462843,0.10111365692316071,0.15117167550695426,0.07826043588383066,0.057893512690336275,-0.015017726932787322,0.04039238047246881,-0.032518859150654784,0.08843401584025466,0.015522776217131065,0.019213254,-0.053697985990935754,0.09797521880488025,0.02506397918175665,0.06354397446927937,-0.009367265153844229,0.10614457090277908,0.033233331279655484
E01026313,E01026313,South Kesteven 001A,South Kesteven,E01026313,1,2021,0.546000678910503,0.0729112396231236,-0.0745534383069324,76.9006582106458,76.078396262004,0.0,0.0,0.0,0.0729112396231236,-0.47308943928737934,-0.0016421986838087987,-0.5476428775943117,0.25200686003622075,-0.2939938188742822,0.2488255590040423,-0.29717511990646067,0.30822833167539276,-0.2377723472351102,0.24773894887676823,-0.29826173003373474,0.29602728613223495,-0.24997339277826802,0.28131312,-0.26468755759168583,0.24459775959368085,-0.3014029193168221,0.21371350593695063,-0.33228717297355237,0.25364502390013915,-0.2923556550103638
E01026313,E01026313,South Kesteven 001A,South Kesteven,E01026313,1,2022,0.430130832380288,0.546000678910503,0.47308943928737934,76.9006582106458,76.078396262004,0.0,0.0,0.0,0.546000678910503,0.11586984653021498,1.0190901181978824,0.5889592858175945,0.6115191950194642,0.18138836263917618,0.5890863323663483,0.15895549998606034,0.5133861951736269,0.08325536279333895,0.5310072113283274,0.10087637894803941,0.5121608052138789,0.08202997283359087,0.5392437,0.1091128657398292,0.5711063911661745,0.14097555878588647,0.49928170639495384,0.06915087401466585,0.5419121165350476,0.11178128415475957
E01026244,E01026244,South Holland 001C,South Holland,E01026244,1,2020,1.3821754131206,1.08382060819194,0.07753896361431001,57.191475805435076,77.6428365421285,0.0,0.0,0.0,1.08382060819194,-0.2983548049286602,1.16135957180625,-0.22081584131435017,1.1984105231932805,-0.18376488992731965,1.157837123793343,-0.2243382893272572,1.2535520991231408,-0.1286233139974593,1.2203180983548365,-0.1618573147657636,1.2174616795381685,-0.16471373358243158,1.115151,-0.2670243654139961,1.1242732472531085,-0.2579021658674916,1.2389176687042893,-0.14325774441631078,1.1670171462579475,-0.2151582668626526
E01026244,E01026244,South Holland 001C,South Holland,E01026244,1,2021,1.37662211427964,1.3821754131206,0.2983548049286602,57.191475805435076,77.6428365421285,0.0,0.0,0.0,1.3821754131206,0.005553298840960119,1.6805302180492603,0.3039081037696203,1.4069090999061742,0.030286985626534202,1.3791933664453775,0.002571252165737503,1.4348212951462156,0.058199180866575606,1.480346571964701,0.10372445768506111,1.467572682916486,0.09095056863684592,1.5460647,0.16944262017928335,1.3092340547344201,-0.06738805954521987,1.4565245561702254,0.07990244189058537,1.4203242767474173,0.04370216246777736
E01026244,E01026244,South Holland 001C,South Holland,E01026244,1,2022,1.94955824118604,1.37662211427964,-0.005553298840960119,57.191475805435076,77.6428365421285,0.0,0.0,0.0,1.37662211427964,-0.5729361269064,1.3710688154386799,-0.5784894257473601,1.5441300085476146,-0.4054282326384253,1.4948745530458833,-0.4546836881401566,1.6192028975147157,-0.33035534367132424,1.540379269302622,-0.409178971883418,1.6449377024116982,-0.3046205387743417,1.7005174,-0.24904082518567372,1.3811128776547392,-0.5684453635313007,1.60011319308008,-0.3494450481059599,1.5913917187752888,-0.3581665224107511
E01026247,E01026247,South Holland 001D,South Holland,E01026247,1,2020,1.36310935618346,1.76746286049082,0.7204707323198101,56.18752121776591,77.88137653219525,0.0,0.0,0.0,1.76746286049082,0.40435350430736006,2.48793359281063,1.12482423662717,1.6560400869293004,0.2929307307458404,1.5838139768220476,0.22070462063858765,1.5229776327358893,0.1598682765524293,1.546921218446805,0.18381186226334512,1.6129983164484263,0.24988896026496632,1.732421,0.3693116843515132,1.5591357770734084,0.19602642088994848,1.7277740351263664,0.36466467894290644,1.641145873916138,0.278036517732678
E01026247,E01026247,South Holland 001D,South Holland,E01026247,1,2021,2.4640213840173,1.36310935618346,-0.40435350430736006,56.18752121776591,77.88137653219525,0.0,0.0,0.0,1.36310935618346,-1.10091202783384,0.9587558518760999,-1.5052655321412,1.5694048709945685,-0.8946165130227315,1.542014691622887,-0.922006692394413,1.571983338890555,-0.8920380451267449,1.6880023703318232,-0.7760190136854768,1.681265701829847,-0.7827556821874531,1.7581322,-0.7058891647027248,1.6088749725297422,-0.8551464114875578,1.5920959290154588,-0.8719254550018412,1.606304663849611,-0.857716720167689
E01026247,E01026247,South Holland 001D,South Holland,E01026247,1,2022,2.13852747817653,2.4640213840173,1.10091202783384,56.18752121776591,77.88137653219525,0.0,0.0,0.0,2.4640213840173,0.32549390584076976,3.5649334118511398,1.4264059336746095,2.1982137951482965,0.059686316971766296,2.1034338479696,-0.035093630206930015,2.5389276474481055,0.4004001692715753,2.0849445445879935,-0.05358293358853672,2.123979647026072,-0.014547831150458101,2.4431734,0.30464593033177056,1.9181857704243708,-0.22034170775215944,2.122518683696291,-0.016008794480239175,2.2176563135018657,0.07912883532533543
E01026314,E01026314,South Kesteven 001B,South Kesteven,E01026314,1,2020,-0.349991137479272,-0.142842917948947,0.23940966527764201,82.93364487835427,78.70361932491737,0.0,0.0,0.0,-0.142842917948947,0.20714821953032503,0.09656674732869502,0.44655788480796704,-0.03389033545697931,0.31610080202229274,-0.048610906361462244,0.30138023111780976,-0.09968164780332482,0.2503094896759472,-0.12233738885417153,0.2276537486251005,-0.10450822626589878,0.24548291121337323,-0.18071392,0.1692772156939174,-0.10009264996483877,0.24989848751443325,-0.07875405216255545,0.2712370853167166,-0.093968992084836,0.256022145394436
E01026314,E01026314,South Kesteven 001B,South Kesteven,E01026314,1,2021,-0.0582511607235196,-0.349991137479272,-0.20714821953032503,82.93364487835427,78.70361932491737,0.0,0.0,0.0,-0.349991137479272,-0.2917399767557524,-0.557139357009597,-0.49888819628607745,-0.01408479967918233,0.04416636104433727,0.0014657867669375935,0.059716947490457195,-0.10781162985775349,-0.049560469134233884,-0.05442278019921157,0.0038283805243080338,-0.09707091084232547,-0.03881975011880587,-0.06456712,-0.006315958159613333,-0.06636945781119563,-0.00811829708767603,-0.10096354471985573,-0.04271238399633613,-0.05364691542418038,0.00460424529933922
E01026314,E01026314,South Kesteven 001B,South Kesteven,E01026314,1,2022,0.406106655899187,-0.0582511607235196,0.2917399767557524,82.93364487835427,78.70361932491737,0.0,0.0,0.0,-0.0582511607235196,-0.4643578166227066,0.23348881603223282,-0.17261783986695417,0.21230694626190538,-0.1937997096372816,0.18407862554825707,-0.2220280303509299,0.1625807269880939,-0.2435259289110931,0.1144477253407564,-0.2916589305584306,0.17738732528157625,-0.22871933061761074,0.15085004,-0.25525661319841947,0.10892565771478,-0.297180998184407,0.08540639143292846,-0.32070026446625854,0.16020592739739847,-0.2459007285017885
E01026276,E01026276,South Holland 001E,South Holland,E01026276,1,2020,0.784392971933111,0.595671986502436,0.14607592868020103,59.07453291407696,77.56635931061119,0.0,0.0,0.0,0.595671986502436,-0.18872098543067495,0.741747915182637,-0.04264505675047392,0.7809813344991089,-0.0034116374340020794,0.7236035997393768,-0.06078937219373415,0.7171155597413693,-0.06727741219174166,0.7290282326778973,-0.05536473925521368,0.7793575308847155,-0.005035441048395484,0.76028204,-0.024110932290776987,0.757656839684707,-0.026736132248403988,0.7596274107265159,-0.02476556120659512,0.7571367977665935,-0.02725617416651749
E01026276,E01026276,South Holland 001E,South Holland,E01026276,1,2021,0.96966874225345,0.784392971933111,0.18872098543067495,59.07453291407696,77.56635931061119,0.0,0.0,0.0,0.784392971933111,-0.18527577032033904,0.9731139573637859,0.0034452151103359085,0.889704934071801,-0.07996380818164905,0.8586114876813452,-0.1110572545721048,0.9050503367768209,-0.06461840547662911,0.9116026729947174,-0.05806606925873259,0.9538740326346455,-0.01579470961880447,0.8674064,-0.10226231439319,0.874472137717753,-0.095196604535697,0.892122204919441,-0.07754653733400896,0.9048296497993424,-0.06483909245410757
E01026276,E01026276,South Holland 001E,South Holland,E01026276,1,2022,1.27382104689717,0.96966874225345,0.18527577032033904,59.07453291407696,77.56635931061119,0.0,0.0,0.0,0.96966874225345,-0.30415230464372,1.1549445125737892,-0.11887653432338086,1.1240342918465087,-0.1497867550506613,1.070433076816526,-0.20338797008064402,1.2234521149972586,-0.05036893189991143,1.0851411844780159,-0.18867986241915413,1.130770038578847,-0.14305100831832296,0.99979925,-0.27402179534077353,1.0890917039493215,-0.18472934294784848,1.0790384885350834,-0.19478255836208658,1.103724372386321,-0.17009667451084898
E01026329,E01026329,South Kesteven 001C,South Kesteven,E01026329,1,2020,-0.325558843675608,-0.21042537532063,0.14345687812242203,82.42937091676282,78.40160053069617,0.0,0.0,0.0,-0.21042537532063,0.11513346835497801,-0.06696849719820797,0.25859034647740003,-0.04994813065519739,0.2756107130204106,-0.039134563050679014,0.286424280624929,0.012654893828950197,0.3382137375045582,-0.006032762128412813,0.3195260815471952,0.03572579102422798,0.36128463469983596,0.03298573,0.35854457190966066,-0.05680960638665994,0.26874923728894806,-0.1048070872993968,0.2207517563762112,-0.03578291524130871,0.2897759284342993
E01026329,E01026329,South Kesteven 001C,South Kesteven,E01026329,1,2021,0.0102206684876988,-0.325558843675608,-0.11513346835497801,82.42937091676282,78.40160053069617,0.0,0.0,0.0,-0.325558843675608,-0.3357795121633068,-0.440692312030586,-0.4509129805182848,-0.05625937377066968,-0.06648004225836848,-0.03502463604570473,-0.04524530453340353,0.0026723667089876735,-0.007548301778711127,0.008099503385470818,-0.0021211651022279825,0.03711592083395361,0.02689525234625481,0.019513628,0.009292959026544326,-0.06200477654804268,-0.07222544503574148,-0.12146940550308609,-0.1316900739907849,-0.027283291671404572,-0.03750396015910337
E01026329,E01026329,South Kesteven 001C,South Kesteven,E01026329,1,2022,0.0384797303189577,0.0102206684876988,0.3357795121633068,82.42937091676282,78.40160053069617,0.0,0.0,0.0,0.0102206684876988,-0.028259061831258897,0.34600018065100563,0.30752045033204795,0.19218809210664745,0.15370836178768976,0.18714485739921694,0.14866512708025925,0.21061795474341893,0.17213822442446125,0.16571132852408424,0.12723159820512653,0.24785944556874664,0.20937971524978893,0.1894604,0.15098066644770491,0.1524805007169837,0.11400077039802602,0.11295867625519276,0.07447894593623507,0.17740074070418857,0.13892101038523086
E01026246,E01026246,South Holland 002A,South Holland,E01026246,1,2020,1.26021466986628,1.10582487321838,0.230155390724886,85.27463623290839,83.22494803504321,0.0,0.0,0.0,1.10582487321838,-0.15438979664789998,1.335980263943266,0.07576559407698613,1.2142400167680854,-0.045974653098194596,1.19904026236156,-0.06117440750472003,1.2817548002655845,0.02154013039930458,1.2080688213219146,-0.052145848544365325,1.24453186817099,-0.015682801695289905,1.1264501,-0.13376460806818424,1.1321711550876452,-0.12804351477863474,1.165301508622426,-0.09491316124385385,1.1925608658729487,-0.06765380399333121
E01026246,E01026246,South Holland 002A,South Holland,E01026246,1,2021,1.64230029013139,1.26021466986628,0.15438979664789998,85.27463623290839,83.22494803504321,0.0,0.0,0.0,1.26021466986628,-0.38208562026510995,1.41460446651418,-0.22769582361720997,1.288013283140946,-0.3542870069904438,1.3027731758736092,-0.3395271142577807,1.4258542204957816,-0.2164460696356083,1.4104852484944295,-0.23181504163696043,1.2871863002449127,-0.35511398988647724,1.4551582,-0.18714205648881177,1.3254763404203314,-0.31682394971105854,1.2523478687406766,-0.3899524213907133,1.3127007655332894,-0.3295995245981005
E01026246,E01026246,South Holland 002A,South Holland,E01026246,1,2022,1.49578135198031,1.64230029013139,0.38208562026510995,85.27463623290839,83.22494803504321,0.0,0.0,0.0,1.64230029013139,0.14651893815107986,2.0243859103965,0.52860455841619,1.636285659031592,0.14050430705128192,1.6178749268011756,0.12209357482086558,1.67383958299151,0.1780582310112,1.669344986706161,0.1735636347258509,1.6746215018414006,0.17884014986109054,1.6269648,0.13118345553006594,1.466924489154124,-0.028856862826186047,1.5833390074840705,0.08755765550376049,1.6211154690758312,0.1253341170955211
E01026248,E01026248,South Holland 002B,South Holland,E01026248,1,2020,0.25496418156334,0.576737093711513,0.974620086753836,79.43500754651483,79.2765757282783,0.0,0.0,0.0,0.576737093711513,0.32177291214817305,1.5513571804653492,1.296392998902009,0.543732175501674,0.28876799393833397,0.5201033294074604,0.2651391478441204,0.5330308559662574,0.27806667440291744,0.45220660176485894,0.19724242020151894,0.4211311527248214,0.16616697116148138,0.47060496,0.21564077458671493,0.4938277015028193,0.2388635199394793,0.4399532095684425,0.18498902800510253,0.47473580483986094,0.21977162327652094
E01026248,E01026248,South Holland 002B,South Holland,E01026248,1,2021,0.507180950054712,0.25496418156334,-0.32177291214817305,79.43500754651483,79.2765757282783,0.0,0.0,0.0,0.25496418156334,-0.252216768491372,-0.06680873058483305,-0.573989680639545,0.4343003836735078,-0.07288056638120416,0.4758739265027901,-0.031307023551921886,0.5128076194963764,0.005626669441664456,0.5316009303642292,0.024419980309517197,0.6370771044428858,0.1298961543881738,0.6338705,0.1266895323900512,0.5097947802572573,0.002613830202545353,0.4459419959431089,-0.06123895411160307,0.5239550558501023,0.016774105795390293
E01026248,E01026248,South Holland 002B,South Holland,E01026248,1,2022,0.684260146826963,0.507180950054712,0.252216768491372,79.43500754651483,79.2765757282783,0.0,0.0,0.0,0.507180950054712,-0.17707919677225104,0.759397718546084,0.07513757171912094,0.7315117593311733,0.04725161250421028,0.7247485207761667,0.04048837394920368,0.7521899563696774,0.06792980954271444,0.7206118797376981,0.036351732910735124,0.714441823054956,0.03018167622799295,0.6887452,0.004485053807039674,0.6982021443765004,0.0139419975495374,0.6908693800272986,0.006609233200335574,0.7258690539667627,0.0416089071397997
E01026333,E01026333,South Kesteven 001D,South Kesteven,E01026333,1,2020,-0.298529965803373,-0.182875346496397,0.387813699533054,81.80740214675934,82.62287697524613,0.0,0.0,0.0,-0.182875346496397,0.11565461930697599,0.204938353036657,0.50346831884003,-0.16403233093696484,0.13449763486640814,-0.15838630359875677,0.14014366220461622,-0.18067198101554327,0.11785798478782972,-0.1736034694256321,0.12492649637774089,-0.147645528786026,0.150884437017347,-0.19998133,0.09854863397811664,-0.17587553562866115,0.12265443017471184,-0.19441872266425897,0.10411124313911402,-0.18825532866778655,0.11027463713558644
E01026333,E01026333,South Kesteven 001D,South Kesteven,E01026333,1,2021,-0.0584384487493671,-0.298529965803373,-0.11565461930697599,81.80740214675934,82.62287697524613,0.0,0.0,0.0,-0.298529965803373,-0.2400915170540059,-0.41418458511034895,-0.35574613636098185,-0.09841087316383558,-0.03997242441446848,-0.07936546237387983,-0.020927013624512728,-0.07898567124257991,-0.020547222493212808,-0.059606259002772825,-0.0011678102534057253,-0.07404217145351798,-0.015603722704150877,-0.059820052,-0.0013816034869514882,-0.10593450172451077,-0.04749605297514367,-0.15042264173694703,-0.09198419298757993,-0.10655272307287872,-0.04811427432351162
E01026333,E01026333,South Kesteven 001D,South Kesteven,E01026333,1,2022,-0.0499429475136945,-0.0584384487493671,0.2400915170540059,81.80740214675934,82.62287697524613,0.0,0.0,0.0,-0.0584384487493671,-0.008495501235672602,0.1816530683046388,0.23159601581833328,0.1618312034626529,0.2117741509763474,0.14425668382260176,0.19419963133629625,0.14586989325012795,0.19581284076382244,0.10446811305228292,0.15441106056597742,0.14033290120911698,0.19027584872281147,0.104995556,0.15493850368940326,0.09142714832759956,0.14137009584129406,0.04111456494000287,0.09105751245369736,0.11852580535585644,0.16846875286955093
E01026257,E01026257,South Holland 002C,South Holland,E01026257,1,2020,1.86266071239629,1.66320748334583,0.18402313238057988,86.82741021982872,83.90430932640756,0.0,0.0,0.0,1.66320748334583,-0.19945322905046003,1.8472306157264098,-0.015430096669880156,1.7109826444788154,-0.1516780679174745,1.6548480804226546,-0.2078126319736353,1.63486940891481,-0.22779130348148002,1.7090010928514854,-0.15365961954480456,1.6531360662359869,-0.20952464616030309,1.8180084,-0.04465228954472744,1.5688346296907565,-0.29382608270553345,1.6203648758036584,-0.24229583659263154,1.689127409442955,-0.17353330295333502
E01026257,E01026257,South Holland 002C,South Holland,E01026257,1,2021,1.66707812401599,1.86266071239629,0.19945322905046003,86.82741021982872,83.90430932640756,0.0,0.0,0.0,1.86266071239629,0.19558258838029996,2.06211394144675,0.39503581743076,1.8845844145255102,0.2175062905095202,1.847364875475278,0.18028675145928807,2.066440231607744,0.39936210759175417,1.9795902404879064,0.31251211647191646,2.0451968302463315,0.3781187062303415,2.0009606,0.3338824644392102,1.724894559222633,0.057816435206643035,1.8088267062785868,0.1417485822625968,1.9269058911368333,0.2598277671208433
E01026257,E01026257,South Holland 002C,South Holland,E01026257,1,2022,1.66389634230425,1.66707812401599,-0.19558258838029996,86.82741021982872,83.90430932640756,0.0,0.0,0.0,1.66707812401599,0.003181781711739884,1.47149553563569,-0.19240080666856008,1.9917037219246176,0.32780737962036754,1.9386974388076947,0.27480109650344464,2.0552599225397317,0.39136358023548157,2.005659928497029,0.341763586192779,2.102773384529354,0.43887704222510404,2.058319,0.3944227494926249,1.702519328397282,0.03862298609303183,1.8072286228257541,0.14333228052150404,1.9805468375312287,0.31665049522697863
E01026291,E01026291,South Kesteven 002A,South Kesteven,E01026291,1,2020,0.552155869935438,0.529986957130545,0.257753030141799,54.908246489661714,70.75001487404408,0.0,0.0,0.0,0.529986957130545,-0.02216891280489297,0.7877399872723441,0.2355841173369061,0.6114965841136528,0.05934071417821485,0.5848636069488816,0.03270773701344365,0.5752473082028534,0.023091438267415443,0.5682930923947379,0.016137222459299938,0.5281068888213984,-0.024048981114039525,0.5473044,-0.004851478074476057,0.5795012494049272,0.027345379469489228,0.6319959434730503,0.07984007353761235,0.5636299358921455,0.011474065956707524
E01026291,E01026291,South Kesteven 002A,South Kesteven,E01026291,1,2021,0.653788556800316,0.552155869935438,0.02216891280489297,54.908246489661714,70.75001487404408,0.0,0.0,0.0,0.552155869935438,-0.10163268686487803,0.5743247827403309,-0.07946377405998506,0.6979644032449605,0.04417584644464445,0.6876186192689093,0.033830062468593325,0.7257535511657697,0.07196499436545367,0.7205089075661517,0.06672035076583571,0.7477129362579744,0.09392437945765841,0.8249812,0.1711926558156508,0.6907616258504334,0.036973069050117435,0.7237201039665391,0.06993154716622307,0.7264560126401602,0.07266745583984424
E01026291,E01026291,South Kesteven 002A,South Kesteven,E01026291,1,2022,0.836398231243434,0.653788556800316,0.10163268686487803,54.908246489661714,70.75001487404408,0.0,0.0,0.0,0.653788556800316,-0.18260967444311804,0.755421243665194,-0.08097698757824001,0.8711487659385122,0.03475053469507816,0.8434408497588406,0.007042618515406551,0.8782988318444545,0.04190060060102041,0.7946694864783732,-0.04172874476506083,0.883519901755184,0.04712167051174998,0.92618847,0.08979023768967143,0.8333767478253113,-0.0030214834181226946,0.8553535164812089,0.0189552852377749,0.8693075866185094,0.03290935537507533
E01026340,E01026340,South Kesteven 002B,South Kesteven,E01026340,1,2020,0.808494252228568,0.791816044193921,0.5321758150677671,68.80351786128834,72.94859024922874,0.0,0.0,0.0,0.791816044193921,-0.016678208034646924,1.3239918592616882,0.5154976070331202,0.7692626962161512,-0.03923155601241679,0.7256142026875102,-0.08288004954105777,0.7869433040194974,-0.021550948209070553,0.6612197697349489,-0.14727448249361907,0.772055659125922,-0.036438593102645966,0.780427,-0.02806727316362656,0.7537379322903072,-0.0547563199382608,0.7751282558984475,-0.033365996330120495,0.7432594699101045,-0.06523478231846347
E01026340,E01026340,South Kesteven 002B,South Kesteven,E01026340,1,2021,1.31817569943526,0.808494252228568,0.016678208034646924,68.80351786128834,72.94859024922874,0.0,0.0,0.0,0.808494252228568,-0.5096814472066921,0.8251724602632149,-0.49300323917204514,0.8739153378571461,-0.4442603615781139,0.8430769192216463,-0.47509878021361374,0.9654682465787425,-0.3527074528565175,0.9037719912256396,-0.41440370820962047,0.982884390697111,-0.33529130873814905,0.99940854,-0.31876715632536623,0.8879870939224617,-0.43018860551279836,0.9043289416862712,-0.4138467577489888,0.8995953166191528,-0.4185803828161072
E01026340,E01026340,South Kesteven 002B,South Kesteven,E01026340,1,2022,1.0212698394408,1.31817569943526,0.5096814472066921,68.80351786128834,72.94859024922874,0.0,0.0,0.0,1.31817569943526,0.29690585999446006,1.8278571466419522,0.8065873072011522,1.2972311165617816,0.2759612771209816,1.2476859582083177,0.22641611876751777,1.3705307552334454,0.3492609157926454,1.3775899383469132,0.35632009890611327,1.388643410353152,0.367373570912352,1.4971215,0.4758516138444173,1.3317286497275713,0.31045881028677136,1.2868254373850911,0.2655555979442912,1.3599001928636545,0.3386303534228545
E01026250,E01026250,South Holland 003A,South Holland,E01026250,1,2020,0.55498509096469,0.258188013008507,0.1991895950736191,79.60070115519734,78.99775783304655,0.0,0.0,0.0,0.258188013008507,-0.29679707795618293,0.45737760808212613,-0.09760748288256382,0.522083054248514,-0.032902036716175975,0.44419622936683906,-0.1107888615978509,0.46931553171141305,-0.0856695592532769,0.37198143853171395,-0.183003652432976,0.43930082204647525,-0.1156842689182147,0.38259348,-0.17239160823191713,0.4587835087393136,-0.09620158222537634,0.3532616471567603,-0.20172344380792967,0.4629138473223811,-0.09207124364230884
E01026250,E01026250,South Holland 003A,South Holland,E01026250,1,2021,0.820277610043264,0.55498509096469,0.29679707795618293,79.60070115519734,78.99775783304655,0.0,0.0,0.0,0.55498509096469,-0.2652925190785741,0.8517821689208729,0.031504558877608835,0.6355716803229119,-0.18470592972035216,0.6042562451612971,-0.216021364881967,0.7166129535647554,-0.10366465647850864,0.6576105844222158,-0.1626670256210483,0.6911252260491414,-0.12915238399412265,0.70802903,-0.11224857828972401,0.6794553618247933,-0.14082224821847078,0.5189563743376784,-0.30132123570558567,0.6573122173787056,-0.16296539266455845
E01026250,E01026250,South Holland 003A,South Holland,E01026250,1,2022,1.01815876508812,0.820277610043264,0.2652925190785741,79.60070115519734,78.99775783304655,0.0,0.0,0.0,0.820277610043264,-0.19788115504485604,1.0855701291218383,0.06741136403371817,0.9282097705027437,-0.08994899458537642,0.869117011894973,-0.14904175319314705,0.8531287877422846,-0.16502997734583547,0.874942742353678,-0.14321602273444212,0.8660385933542007,-0.15212017173391934,0.8281401,-0.19001868511299191,0.899954043472583,-0.11820472161553708,0.7648164495643236,-0.2533423155237965,0.8955850026551426,-0.12257376243297746
E01026355,E01026355,South Kesteven 002C,South Kesteven,E01026355,1,2020,-0.491647895425779,-0.380596519743365,0.40005368779631395,80.61428910757279,87.25574539208516,0.0,0.0,0.0,-0.380596519743365,0.11105137568241402,0.019457168052948948,0.511105063478728,-0.22715364982245334,0.2644942456033257,-0.28228511130498357,0.20936278412079545,-0.27284215985748667,0.21880573556829236,-0.2853821618488166,0.20626573357696243,-0.23541877088617855,0.25622912453960045,-0.2815847,0.21006318554304282,-0.3023343246252953,0.18931357080048372,-0.33825553580611034,0.15339235961966868,-0.25580600442996704,0.235841890995812
E01026355,E01026355,South Kesteven 002C,South Kesteven,E01026355,1,2021,-0.0025544343325705,-0.491647895425779,-0.11105137568241402,80.61428910757279,87.25574539208516,0.0,0.0,0.0,-0.491647895425779,-0.4890934610932085,-0.6026992711081931,-0.6001448367756226,-0.2539455873988694,-0.2513911530662989,-0.27351402093714333,-0.2709595866045728,-0.2615198093986306,-0.2589653750660601,-0.27169903012981,-0.2691445957972395,-0.21951133710309634,-0.21695690277052584,-0.24256794,-0.24001350721386963,-0.3032007858799745,-0.300646351547404,-0.3125461056338501,-0.3099916713012796,-0.2596662225387709,-0.2571117882062004
E01026355,E01026355,South Kesteven 002C,South Kesteven,E01026355,1,2022,0.0763934120135387,-0.0025544343325705,0.4890934610932085,80.61428910757279,87.25574539208516,0.0,0.0,0.0,-0.0025544343325705,-0.07894784634610921,0.486539026760638,0.41014561474709926,0.13732110414655446,0.06092769213301576,0.08061256683479225,0.00421915482125354,0.06715629188256746,-0.00923712013097125,0.05549642027654055,-0.020896991736998154,0.11226924810432808,0.03587583609078937,0.08938416,0.012990748922340048,0.058927912886657254,-0.017465499126881452,0.007260412075489292,-0.06913299993804942,0.08801254452819952,0.011619132514660818
E01026251,E01026251,South Holland 003B,South Holland,E01026251,1,2020,0.480903240779519,0.318727799107911,0.649585956814255,79.59057599530658,78.9159029169018,0.0,0.0,0.0,0.318727799107911,-0.16217544167160802,0.968313755922166,0.48741051514264694,0.4444149315633792,-0.036488309216139825,0.4032104885705717,-0.07769275220894734,0.42100774274180836,-0.05989549803771066,0.31199470532787965,-0.16890853545163936,0.37692603256925855,-0.10397720821026046,0.34695226,-0.13395098123896115,0.39171325636874504,-0.08918998441077397,0.3532587768941466,-0.12764446388537243,0.40904099929757093,-0.07186224148194809
E01026251,E01026251,South Holland 003B,South Holland,E01026251,1,2021,0.476176622048455,0.480903240779519,0.16217544167160802,79.59057599530658,78.9159029169018,0.0,0.0,0.0,0.480903240779519,0.004726618731064003,0.643078682451127,0.16690206040267197,0.5202691607048866,0.04409253865643159,0.5121732576932906,0.03599663564483557,0.5770045666934415,0.10082794464498646,0.580838884326268,0.10466226227781295,0.5884808245425954,0.11230420249414041,0.6273553,0.15117865548984455,0.6016464354570156,0.12546981340856056,0.5081972433451022,0.03202062129664718,0.5585050893016308,0.08232846725317577
E01026251,E01026251,South Holland 003B,South Holland,E01026251,1,2022,0.96917000916747,0.476176622048455,-0.004726618731064003,79.59057599530658,78.9159029169018,0.0,0.0,0.0,0.476176622048455,-0.49299338711901497,0.471450003317391,-0.497720005850079,0.7460737298363237,-0.22309627933114629,0.711562598146326,-0.25760741102114393,0.721987207658274,-0.24718280150919603,0.6850120215476078,-0.2841579876198622,0.7641751624005679,-0.20499484676690205,0.76601815,-0.2031518569305315,0.7481552475396425,-0.22101476162782752,0.6604794414738229,-0.3086905676936471,0.7477903025244184,-0.22137970664305162
E01026365,E01026365,South Kesteven 002D,South Kesteven,E01026365,1,2020,-0.520188439716083,-0.555335917781709,0.30596913172206996,75.15057490249389,84.76785417737959,0.0,0.0,0.0,-0.555335917781709,-0.035147478065626014,-0.24936678605963902,0.27082165365644395,-0.24985550462534578,0.2703329350907372,-0.29293155187644637,0.2272568878396366,-0.43798577962273594,0.08220266009334704,-0.41506987894740643,0.10511856076867654,-0.3631061456999751,0.15708229401610785,-0.3682978,0.15189065419552938,-0.34295457238101856,0.1772338673350644,-0.3412526829063854,0.1789357568096976,-0.33726703535139085,0.18292140436469212
E01026365,E01026365,South Kesteven 002D,South Kesteven,E01026365,1,2021,-0.0849891374376633,-0.520188439716083,0.035147478065626014,75.15057490249389,84.76785417737959,0.0,0.0,0.0,-0.520188439716083,-0.4351993022784197,-0.48504096165045696,-0.40005182421279367,-0.26201269505923813,-0.17702355762157485,-0.27843160893889846,-0.19344247150123517,-0.27279796894749786,-0.18780883150983457,-0.25991380933078234,-0.17492467189311905,-0.2900615326006554,-0.20507239516299214,-0.2580176,-0.17302846214500883,-0.33053538343055333,-0.24554624599289004,-0.34190069522932687,-0.2569115577916636,-0.29684218660886635,-0.21185304917120307
E01026365,E01026365,South Kesteven 002D,South Kesteven,E01026365,1,2022,0.0563621764487504,-0.0849891374376633,0.4351993022784197,75.15057490249389,84.76785417737959,0.0,0.0,0.0,-0.0849891374376633,-0.1413513138864137,0.3502101648407564,0.293847988392006,0.12239580322405391,0.06603362677530351,0.07917265681972262,0.02281048037097222,-0.0003558283676470725,-0.05671800481639747,-0.0074111598221414995,-0.06377333627089189,0.07943130210321575,0.023069125654465353,0.025775414,-0.03058676248853197,0.0031680624562726856,-0.05319411399247771,0.010099102795196017,-0.04626307365355438,0.06331782007332927,0.006955643624578872
E01026252,E01026252,South Holland 003C,South Holland,E01026252,1,2020,0.360041296218258,1.10290692414616,0.802393293688207,79.55072746433788,80.4969691492113,0.0,0.0,0.0,1.10290692414616,0.742865627927902,1.905300217834367,1.545258921616109,1.0359547642175173,0.6759134679992593,0.9555849797684124,0.5955436835501544,1.0836584879533122,0.7236171917350542,1.0133130567670958,0.6532717605488378,1.1251437701111457,0.7651024738928878,1.0220054,0.6619641425863685,0.9488486892818668,0.5888073930636089,0.987581427479943,0.6275401312616851,1.0239000658820856,0.6638587696638276
E01026252,E01026252,South Holland 003C,South Holland,E01026252,1,2021,0.704439851083686,0.360041296218258,-0.742865627927902,79.55072746433788,80.4969691492113,0.0,0.0,0.0,0.360041296218258,-0.34439855486542803,-0.38282433170964403,-1.08726418279333,0.7726010929591162,0.06816124187543016,0.7895759491462581,0.08513609806257205,0.8531434321248188,0.1487035810411328,0.8188193147269089,0.11437946364322293,0.8849932694710952,0.18055341838740924,0.8464625,0.14202263709075247,0.7581310732884471,0.05369122220476108,0.7963551433704912,0.09191529228680517,0.8292453497694798,0.12480549868579383
E01026252,E01026252,South Holland 003C,South Holland,E01026252,1,2022,1.18544315379465,0.704439851083686,0.34439855486542803,79.55072746433788,80.4969691492113,0.0,0.0,0.0,0.704439851083686,-0.4810033027109639,1.048838405949114,-0.1366047478455359,0.966919192595293,-0.2185239611993569,0.9421593493496743,-0.24328380444497566,1.0203027467561314,-0.1651404070385185,0.9786002313537394,-0.20684292244091051,1.063153785084946,-0.12228936870970397,1.0184971,-0.16694604438150296,0.9794653837003368,-0.20597777009431317,1.0223577692015031,-0.1630853845931468,0.9881328544250427,-0.1973102993696072
E01026325,E01026325,South Kesteven 003A,South Kesteven,E01026325,1,2020,0.678970763223774,1.22435199983493,0.36627597406980694,60.947016056326774,68.29305770954808,0.0,0.0,0.0,1.22435199983493,0.5453812366111559,1.5906279739047369,0.9116572106809628,1.2325514829612219,0.5535807197374478,1.1670374800703915,0.4880667168466175,1.3041270146830624,0.6251562514592883,1.220354714266547,0.5413839510427729,1.2160824925372962,0.5371117293135221,1.2319212,0.5529504327601127,1.2033720235056142,0.5244012602818402,1.1441193414466218,0.4651485782228477,1.1736145987655369,0.49464383554176283
E01026325,E01026325,South Kesteven 003A,South Kesteven,E01026325,1,2021,1.54695650150248,0.678970763223774,-0.5453812366111559,60.947016056326774,68.29305770954808,0.0,0.0,0.0,0.678970763223774,-0.867985738278706,0.13358952661261814,-1.4133669748898618,1.0289349316162484,-0.5180215698862316,1.0429682237189644,-0.5039882777835156,1.209547949098777,-0.33740855240370293,1.1302331658349347,-0.41672333566754527,1.0586401485582313,-0.4883163529442487,1.1079533,-0.4390031914896626,1.1237445947668052,-0.42321190673567477,1.0323181317106094,-0.5146383697918706,1.035191740359715,-0.5117647611427649
E01026325,E01026325,South Kesteven 003A,South Kesteven,E01026325,1,2022,1.25326872611382,1.54695650150248,0.867985738278706,60.947016056326774,68.29305770954808,0.0,0.0,0.0,1.54695650150248,0.29368777538866,2.414942239781186,1.161673513667366,1.4406917486182518,0.18742302250443177,1.3936035538323428,0.1403348277185228,1.255619042804907,0.0023503166910869844,1.2749160254132406,0.021647299299420553,1.42915967986458,0.17589095375076003,1.1675339,-0.08573485160210126,1.4746990877582318,0.22143036164441177,1.4131337645678381,0.15986503845401812,1.354634884313777,0.10136615819995698
E01026253,E01026253,South Holland 003D,South Holland,E01026253,1,2020,0.476124854002781,0.7269035457301,1.137700008747026,79.59333946076414,79.45589644341601,0.0,0.0,0.0,0.7269035457301,0.250778691727319,1.8646035544771258,1.3884787004743449,0.7058308262458457,0.22970597224306472,0.6426352554753604,0.1665104014725794,0.6319999013182673,0.15587504731548635,0.5218586711213256,0.04573381711854457,0.6575411705137999,0.18141631651101892,0.6469029,0.1707780648128318,0.6379617208267151,0.1618368668239341,0.5589853937305203,0.08286053972773927,0.6526608841981671,0.17653603019538616
E01026253,E01026253,South Holland 003D,South Holland,E01026253,1,2021,0.616275604826528,0.476124854002781,-0.250778691727319,79.59333946076414,79.45589644341601,0.0,0.0,0.0,0.476124854002781,-0.140150750823747,0.225346162275462,-0.390929442551066,0.6112186527744659,-0.005056952052062136,0.6067842074705224,-0.009491397356005571,0.6781477543109676,0.06187214948443964,0.6537764738542251,0.037500869027697115,0.8335483924265146,0.21727278759998658,0.7384195,0.12214386834470614,0.724460189326874,0.10818458450034596,0.6011276527624319,-0.015147952064096137,0.6828282288790577,0.06655262405252971
E01026253,E01026253,South Holland 003D,South Holland,E01026253,1,2022,1.07098434260763,0.616275604826528,0.140150750823747,79.59333946076414,79.45589644341601,0.0,0.0,0.0,0.616275604826528,-0.454708737781102,0.756426355650275,-0.31455798695735493,0.9072131418944338,-0.16377120071319617,0.8653084079639761,-0.20567593464365386,0.9646563275580976,-0.10632801504953238,0.8612998538391613,-0.20968448876846868,0.9626024504319476,-0.10838189217568239,0.96153355,-0.10945079615987607,0.9174372872449942,-0.1535470553626358,0.8617481237905538,-0.2092362188170762,0.9238967838416632,-0.1470875587659668
E01026326,E01026326,South Kesteven 003B,South Kesteven,E01026326,1,2020,0.72706854321964,0.460919574186378,0.330032982900673,64.19471876018405,69.98599740584662,0.0,0.0,0.0,0.460919574186378,-0.26614896903326196,0.790952557087051,0.06388401386741105,0.755964416666741,0.028895873447100984,0.6956256275738723,-0.03144291564576773,0.6324861586723712,-0.09458238454726875,0.5991308413845364,-0.12793770183510356,0.6976211205943372,-0.029447422625302755,0.6861191,-0.040949463629796234,0.6559306559664407,-0.07113788725319925,0.7647563365440948,0.03768779332445482,0.6838717458214336,-0.043196797398206366
E01026326,E01026326,South Kesteven 003B,South Kesteven,E01026326,1,2021,1.05977626520434,0.72706854321964,0.26614896903326196,64.19471876018405,69.98599740584662,0.0,0.0,0.0,0.72706854321964,-0.3327077219847001,0.9932175122529019,-0.0665587529514382,0.8455753935745145,-0.2142008716298256,0.8173151004669551,-0.242461164737385,0.8519462534236524,-0.20783001178068772,0.809295980657648,-0.25048028454669213,0.8758131948242305,-0.18396307038010962,0.8626623,-0.19711394983568775,0.8142629262304408,-0.24551333897389926,0.8060839675914993,-0.25369229761284084,0.8610987669034087,-0.1986774983009314
E01026326,E01026326,South Kesteven 003B,South Kesteven,E01026326,1,2022,1.2844822420238,1.05977626520434,0.3327077219847001,64.19471876018405,69.98599740584662,0.0,0.0,0.0,1.05977626520434,-0.22470597681945992,1.3924839871890402,0.10800174516524019,1.1911074479698929,-0.09337479405390714,1.1331444654607004,-0.15133777656309966,1.1664170429785996,-0.11806519904520041,1.1113423044235362,-0.1731399376002638,1.2831921432002713,-0.001290098823528707,1.1677974,-0.11668479577288449,1.1123143040663206,-0.17216793795747942,1.1070986516925203,-0.1773835903312797,1.1995901883398599,-0.08489205368394015
E01026281,E01026281,South Holland 004A,South Holland,E01026281,1,2020,-0.0277307934719801,-0.425731019301156,-0.07559039000486295,75.65004906445627,76.71963746650783,0.0,0.0,0.0,-0.425731019301156,-0.3980002258291759,-0.501321409306019,-0.4735906158340389,-0.0754679808920783,-0.04773718742009821,-0.08417314434659069,-0.056442350874610595,-0.20396251239882943,-0.17623171892684933,-0.21544312114832412,-0.18771232767634402,-0.1502858483556958,-0.12255505488371571,-0.16889533,-0.14116454053337574,-0.13199008947094637,-0.10425929599896627,-0.15055716592071816,-0.12282637244873806,-0.137219943612291,-0.10948915014031091
E01026281,E01026281,South Holland 004A,South Holland,E01026281,1,2021,0.10743790479647,-0.0277307934719801,0.3980002258291759,75.65004906445627,76.71963746650783,0.0,0.0,0.0,-0.0277307934719801,-0.1351686982684501,0.3702694323571958,0.2628315275607258,0.0942527568388616,-0.013185147957608404,0.0959286831115317,-0.0115092216849383,0.033636908371311156,-0.07380099642515885,0.044558145262197466,-0.06287975953427254,0.09425840916085788,-0.013179495635612118,0.056267023,-0.05117088170992215,0.04627406353885168,-0.06116384125761832,0.024034805728421947,-0.08340309906804805,0.05647508121747624,-0.05096282357899376
E01026281,E01026281,South Holland 004A,South Holland,E01026281,1,2022,0.243734095428295,0.10743790479647,0.1351686982684501,75.65004906445627,76.71963746650783,0.0,0.0,0.0,0.10743790479647,-0.136296190631825,0.2426066030649201,-0.0011274923633748934,0.26301797422944245,0.019283878801147458,0.24936478338473222,0.00563068795643723,0.23809339965239923,-0.005640695775895765,0.1786007767205302,-0.06513331870776479,0.23451697353862117,-0.00921712188967383,0.20363015,-0.04010394606382356,0.2252830593871136,-0.018451036041181396,0.1739375666933363,-0.0697965287349587,0.23874938256649136,-0.004984712861803631
E01026327,E01026327,South Kesteven 003C,South Kesteven,E01026327,1,2020,0.887358992495847,0.817914653832629,0.40180899891069594,63.50064082057905,69.75862352845152,0.0,0.0,0.0,0.817914653832629,-0.06944433866321809,1.2197236527433248,0.3323646602474778,0.9763572928775461,0.08899830038169909,0.9074264726599414,0.02006748016409432,0.9787102702762581,0.09135127778041108,0.9666681617397727,0.07930916924392561,1.0621467059998777,0.17478771350403066,1.0675343,0.180175335011172,1.0210469427987356,0.1336879503028886,0.9957645993912729,0.10840560689542589,0.9567674746403947,0.06940848214454765
E01026327,E01026327,South Kesteven 003C,South Kesteven,E01026327,1,2021,1.31113320128075,0.887358992495847,0.06944433866321809,63.50064082057905,69.75862352845152,0.0,0.0,0.0,0.887358992495847,-0.4237742087849029,0.9568033311590651,-0.3543298701216848,0.9805190381880101,-0.33061416309273983,0.9395478781254365,-0.37158532315531345,0.9916261906427951,-0.31950701063795484,0.97495628639762,-0.33617691488312995,0.9795724106634885,-0.3315607906172614,1.0211025,-0.2900306536351811,1.009249733958788,-0.3018834673219619,0.978324466017901,-0.33280873526284893,0.9520661495240368,-0.35906705175671316
E01026327,E01026327,South Kesteven 003C,South Kesteven,E01026327,1,2022,1.46819310419435,1.31113320128075,0.4237742087849029,63.50064082057905,69.75862352845152,0.0,0.0,0.0,1.31113320128075,-0.15705990291359995,1.7349074100656527,0.26671430587130285,1.390119555174396,-0.078073549019954,1.312999337966705,-0.1551937662276448,1.4705638694114553,0.0023707652171054416,1.3705135945323728,-0.09767950966197714,1.454538676192147,-0.013654428002202845,1.5607233,0.09253020055418526,1.360255505817485,-0.1079375983768649,1.335809940708881,-0.13238316348546886,1.4005864987120678,-0.06760660548228214
E01026282,E01026282,South Holland 004B,South Holland,E01026282,1,2020,0.340187529420933,0.380257877949879,0.22035121964568596,76.72334819352884,77.41513093124038,0.0,0.0,0.0,0.380257877949879,0.040070348528945976,0.6006090975955649,0.2604215681746319,0.4843700248056466,0.14418249538471362,0.4553534320704626,0.11516590264952958,0.4371186117844029,0.09693108236346992,0.43602916478564663,0.09584163536471363,0.3505416193665632,0.010354089945630196,0.41864946,0.07846193542472435,0.5026832074481842,0.16249567802725118,0.3980630089730421,0.05787547955210909,0.4165423988231041,0.07635486940217112
E01026282,E01026282,South Holland 004B,South Holland,E01026282,1,2021,0.71670457099909,0.340187529420933,-0.040070348528945976,76.72334819352884,77.41513093124038,0.0,0.0,0.0,0.340187529420933,-0.376517041578157,0.300117180891987,-0.416587390107103,0.5438678557068819,-0.17283671529220812,0.5194519538706065,-0.19725261712848352,0.6874593906676904,-0.029245180331399667,0.6229144455980427,-0.09379012540104736,0.6744021266372545,-0.0423024443618355,0.69572127,-0.02098330234522039,0.5859865876998263,-0.13071798329926376,0.502014359597472,-0.21469021140161804,0.5837653774237064,-0.13293919357538364
E01026282,E01026282,South Holland 004B,South Holland,E01026282,1,2022,0.721628818535996,0.71670457099909,0.376517041578157,76.72334819352884,77.41513093124038,0.0,0.0,0.0,0.71670457099909,-0.004924247536906012,1.093221612577247,0.3715927940412509,0.8049745360954588,0.08334571755946274,0.7722243036828237,0.05059548514682766,0.8452546146826465,0.12362579614665048,0.8442780171754696,0.12264919863947354,0.8243378306161793,0.10270901208018324,0.8557694,0.13414057729225104,0.7969261806198347,0.07529736208383864,0.7390096028730433,0.01738078433704726,0.8044120785884075,0.08278326005241143
E01026328,E01026328,South Kesteven 003D,South Kesteven,E01026328,1,2020,1.40126589248831,1.63100662007838,1.1063054051990768,58.409296679666035,67.35192821110901,0.0,0.0,0.0,1.63100662007838,0.22974072759007003,2.7373120252774568,1.3360461327891469,1.4846404052327715,0.08337451274446162,1.396348531608657,-0.004917360879652888,1.2086467401317247,-0.19261915235658522,1.2886921636546407,-0.11257372883366923,1.548806373161835,0.147540480673525,1.028946,-0.37231985042745785,1.341970367786145,-0.059295524702164926,1.3853545296533631,-0.015911362834946763,1.39141670322254,-0.009849189265769942
E01026328,E01026328,South Kesteven 003D,South Kesteven,E01026328,1,2021,1.419627151881,1.40126589248831,-0.22974072759007003,58.409296679666035,67.35192821110901,0.0,0.0,0.0,1.40126589248831,-0.018361259392690066,1.1715251648982399,-0.2481019869827601,1.472519627962843,0.052892476081843,1.422111137079242,0.0024839851982421113,1.2572143336085966,-0.1624128182724034,1.4110424232101073,-0.00858472867089266,1.5874732839493735,0.1678461320683735,1.3273407,-0.09228642979695456,1.3856372622731143,-0.033989889607885626,1.4382273256662665,0.01860017378526657,1.4898953219918856,0.0702681701108856
E01026328,E01026328,South Kesteven 003D,South Kesteven,E01026328,1,2022,1.3222838088406,1.419627151881,0.018361259392690066,58.409296679666035,67.35192821110901,0.0,0.0,0.0,1.419627151881,0.09734334304040004,1.43798841127369,0.11570460243309011,1.670719728113924,0.3484359192733242,1.601831873192525,0.27954806435192503,1.892201987199324,0.5699181783587242,1.6916727782824,0.3693889694418,1.6858537985419249,0.3635699897013249,1.9188522,0.5965684012042609,1.693975082350496,0.37169127350989606,1.6088269432685005,0.2865431344279006,1.751237673478308,0.428953864637708
E01026352,E01026352,South Kesteven 003E,South Kesteven,E01026352,1,2020,0.726854821421978,0.463486402692232,0.12731312868795702,68.82342849803008,72.51409123642857,0.0,0.0,0.0,0.463486402692232,-0.263368418729746,0.590799531380189,-0.13605529004178896,0.7253903330113277,-0.0014644884106502776,0.6847400404008269,-0.04211478102115107,0.7006273604391556,-0.02622746098282236,0.6855809611195873,-0.041273860302390664,0.8210307897337861,0.09417596831180808,0.82528925,0.09843442799818802,0.6767536419241145,-0.050101179497863524,0.955226458119183,0.22837163669720506,0.7417690941522705,0.014914272730292555
E01026352,E01026352,South Kesteven 003E,South Kesteven,E01026352,1,2021,1.02423550518439,0.726854821421978,0.263368418729746,68.82342849803008,72.51409123642857,0.0,0.0,0.0,0.726854821421978,-0.2973806837624121,0.9902232401517239,-0.03401226503266619,0.8395141141714473,-0.18472139101294283,0.8143902327535424,-0.20984527243084772,0.8987082787537785,-0.12552722643061165,0.8765331808817121,-0.14770232430267805,0.9495385429305966,-0.07469696225379352,0.9681245,-0.056110996326663054,0.7758304202377879,-0.24840508494660218,1.0453556605575784,0.021120155373188343,0.8855319931340577,-0.13870351205033238
E01026352,E01026352,South Kesteven 003E,South Kesteven,E01026352,1,2022,1.31576818799169,1.02423550518439,0.2973806837624121,68.82342849803008,72.51409123642857,0.0,0.0,0.0,1.02423550518439,-0.29153268280729994,1.3216161889468023,0.005848000955112287,1.1162860535928463,-0.19948213439884377,1.0703783176044999,-0.24538987038719018,1.1070022989495958,-0.20876588904209425,1.1024435084736908,-0.21332467951799927,1.1474465397495526,-0.16832164824213747,1.137,-0.17876822327763975,0.9989366737478104,-0.3168315142438797,1.2111292543390642,-0.10463893365262589,1.1154029567936405,-0.2003652311980495
E01026353,E01026353,South Kesteven 003F,South Kesteven,E01026353,1,2020,1.96907985272146,2.30607132138736,0.78019929674386,71.05464264511325,73.47958107629671,0.0,0.0,0.0,2.30607132138736,0.33699146866590013,3.08627061813122,1.11719076540976,2.2099055034281734,0.24082565070671347,2.0922104018474577,0.12313054912599775,1.9770084946596869,0.007928641938226955,2.058484214201372,0.08940436147991226,2.3558935155592073,0.38681366283774743,2.030064,0.06098425326608892,1.8908528369889754,-0.07822701573248447,2.261714794295625,0.2926349415741649,2.1532922438261797,0.18421239110471976
E01026353,E01026353,South Kesteven 003F,South Kesteven,E01026353,1,2021,1.78180449784465,1.96907985272146,-0.33699146866590013,71.05464264511325,73.47958107629671,0.0,0.0,0.0,1.96907985272146,0.18727535487681002,1.6320883840555598,-0.1497161137890901,2.145810975972381,0.36400647812773124,2.073399761887882,0.291595264043232,1.9625235825387661,0.18071908469411624,2.130721408651238,0.34891691080658815,2.3838066377098834,0.6020021398652335,2.0704894,0.28868490874104347,1.9406029433686591,0.15879844552400924,2.1801463158970313,0.39834181805238145,2.1599582109611544,0.3781537131165045
E01026353,E01026353,South Kesteven 003F,South Kesteven,E01026353,1,2022,2.2489225046844,1.78180449784465,-0.18727535487681002,71.05464264511325,73.47958107629671,0.0,0.0,0.0,1.78180449784465,-0.46711800683975,1.5945291429678399,-0.65439336171656,2.156266929273566,-0.0926555754108338,2.090544644620897,-0.15837786006350285,2.1100825410132065,-0.13883996367119344,2.1537550808514254,-0.0951674238329745,2.4114535330604183,0.1625310283760184,2.3230615,0.0741389615326411,1.9790678664457233,-0.2698546382386766,2.1306947302027037,-0.11822777448169619,2.2085968565883847,-0.04032564809601524
E01026354,E01026354,South Kesteven 003G,South Kesteven,E01026354,1,2020,0.680794703656671,0.290277349295475,0.2463412096463525,66.04454316563479,70.89947566306087,0.0,0.0,0.0,0.290277349295475,-0.39051735436119606,0.5366185589418275,-0.14417614471484352,0.3776332940780957,-0.30316140957857535,0.36178570553163913,-0.3190089981250319,0.3955501418179162,-0.28524456183875485,0.38513525374817625,-0.2956594499084948,0.35041435450139125,-0.3303803491552798,0.34944135,-0.3313533541502929,0.3696570600726163,-0.31113764358405477,0.39574609581595943,-0.2850486078407116,0.3794151301140102,-0.3013795735426609
E01026354,E01026354,South Kesteven 003G,South Kesteven,E01026354,1,2021,0.620126686859286,0.680794703656671,0.39051735436119606,66.04454316563479,70.89947566306087,0.0,0.0,0.0,0.680794703656671,0.060668016797385094,1.0713120580178672,0.45118537115858126,0.6329349401261994,0.012808253266913483,0.6400062044795691,0.01987951762028317,0.6810505183031592,0.060923831443873255,0.6559205523318173,0.03579386547253138,0.6517296838552803,0.03160299699599434,0.6031398,-0.016986869144594796,0.6190766124745831,-0.001050074384702837,0.6716700889935415,0.05154340213425557,0.6384910109810231,0.018364324121737163
E01026354,E01026354,South Kesteven 003G,South Kesteven,E01026354,1,2022,0.496537395718909,0.620126686859286,-0.060668016797385094,66.04454316563479,70.89947566306087,0.0,0.0,0.0,0.620126686859286,0.12358929114037698,0.5594586700619009,0.06292127434299188,0.8030669960218819,0.30652960030297294,0.7901338688828814,0.2935964731639724,0.7527936581553586,0.2562562624364496,0.7561988843009906,0.2596614885820816,0.7926734049763146,0.2961360092574056,0.72973394,0.2331965482203,0.7309821076137633,0.23444471189485427,0.8334556411836356,0.3369182454647266,0.7743126913741702,0.27777529565526127
E01026320,E01034701,South Kesteven 004F,South Kesteven,E01026320,1,2020,0.723802240184078,0.870865350447429,0.20189436191292998,60.32602199574826,70.55777166779582,0.0,0.0,0.0,0.870865350447429,0.14706311026335095,1.072759712360359,0.3489574721762809,0.8888832844169209,0.16508104423284287,0.8591262722596197,0.13532403207554167,0.858654631333028,0.13485239114894998,0.9142406584312346,0.19043841824715657,0.9135630859026591,0.1897608457185811,0.79025745,0.06645521373437902,0.7857694021161594,0.061967161932081405,0.8698706681973915,0.14606842801331343,0.8462497298357832,0.12244748965170515
E01026320,E01034701,South Kesteven 004F,South Kesteven,E01026320,1,2021,0.855839041698511,0.723802240184078,-0.14706311026335095,60.32602199574826,70.55777166779582,0.0,0.0,0.0,0.723802240184078,-0.13203680151443298,0.5767391299207271,-0.2790999117777839,0.8801104705068978,0.02427142880838684,0.8744366471031696,0.0185976054046586,1.1017299216106187,0.24589087991210767,0.9846790764846459,0.12884003478613493,1.0473522069181067,0.19151316521959572,0.88336253,0.02752348996347631,0.839390550390367,-0.016448491308143964,0.9136533026234475,0.05781426092493647,0.9038737885934829,0.04803474689497189
E01026320,E01034701,South Kesteven 004F,South Kesteven,E01026320,1,2022,1.00108708900149,0.855839041698511,0.13203680151443298,60.32602199574826,70.55777166779582,0.0,0.0,0.0,0.855839041698511,-0.14524804730297902,0.987875843212944,-0.013211245788546044,1.0195530426254584,0.018465953623968412,0.9861423997417943,-0.01494468925969572,1.3078691178152873,0.30678202881379724,1.12025440424981,0.11916731524831992,1.1446405755896971,0.1435534865882071,0.98472816,-0.016358931481195826,0.9137715366404818,-0.08731555236100819,0.9971532861338408,-0.0039338028676492165,1.01605953050295,0.014972441501460043
E01026320,E01034702,South Kesteven 004G,South Kesteven,E01026320,1,2020,0.723802240184078,0.870865350447429,0.20189436191292998,60.32602199574826,70.55777166779582,0.0,0.0,0.0,0.870865350447429,0.14706311026335095,1.072759712360359,0.3489574721762809,0.8888832844169209,0.16508104423284287,0.8591262722596197,0.13532403207554167,0.858654631333028,0.13485239114894998,0.9142406584312346,0.19043841824715657,0.9135630859026591,0.1897608457185811,0.79025745,0.06645521373437902,0.7857694021161594,0.061967161932081405,0.8698706681973915,0.14606842801331343,0.8462497298357832,0.12244748965170515
E01026320,E01034702,South Kesteven 004G,South Kesteven,E01026320,1,2021,0.855839041698511,0.723802240184078,-0.14706311026335095,60.32602199574826,70.55777166779582,0.0,0.0,0.0,0.723802240184078,-0.13203680151443298,0.5767391299207271,-0.2790999117777839,0.8801104705068978,0.02427142880838684,0.8744366471031696,0.0185976054046586,1.1017299216106187,0.24589087991210767,0.9846790764846459,0.12884003478613493,1.0473522069181067,0.19151316521959572,0.88336253,0.02752348996347631,0.839390550390367,-0.016448491308143964,0.9136533026234475,0.05781426092493647,0.9038737885934829,0.04803474689497189
E01026320,E01034702,South Kesteven 004G,South Kesteven,E01026320,1,2022,1.00108708900149,0.855839041698511,0.13203680151443298,60.32602199574826,70.55777166779582,0.0,0.0,0.0,0.855839041698511,-0.14524804730297902,0.987875843212944,-0.013211245788546044,1.0195530426254584,0.018465953623968412,0.9861423997417943,-0.01494468925969572,1.3078691178152873,0.30678202881379724,1.12025440424981,0.11916731524831992,1.1446405755896971,0.1435534865882071,0.98472816,-0.016358931481195826,0.9137715366404818,-0.08731555236100819,0.9971532861338408,-0.0039338028676492165,1.01605953050295,0.014972441501460043
E01026321,E01026321,South Kesteven 004B,South Kesteven,E01026321,1,2020,1.04569024767993,0.792342206418763,-0.24074167112738698,59.96126157227454,71.40055747122679,0.0,0.0,0.0,0.792342206418763,-0.25334804126116695,0.551600535291376,-0.4940897123885539,0.9220274854289268,-0.12366276225100314,0.9051004598693981,-0.14058978781053177,0.9639265779923246,-0.08176366968760529,0.9508103961076283,-0.09487985157230161,0.9907258694437048,-0.05496437823622513,1.0230387,-0.02265150275347727,0.8791586010974949,-0.16653164658243502,0.9503860314264893,-0.09530421625344065,0.9239326729861186,-0.12175757469381132
E01026321,E01026321,South Kesteven 004B,South Kesteven,E01026321,1,2021,1.39343135927377,1.04569024767993,0.25334804126116695,59.96126157227454,71.40055747122679,0.0,0.0,0.0,1.04569024767993,-0.34774111159384,1.2990382889410967,-0.09439307033267319,1.1336193883050205,-0.2598119709687494,1.099988407965255,-0.29344295130851483,1.2808818050018849,-0.11254955427188507,1.2917861751075714,-0.1016451841661985,1.3482984691826707,-0.04513289009109922,1.3361337,-0.057297640783169346,1.14539881648225,-0.24803254279151998,1.1893868890361083,-0.2040444702376616,1.2285791122921,-0.16485224698167
E01026321,E01026321,South Kesteven 004B,South Kesteven,E01026321,1,2022,1.60296205525027,1.39343135927377,0.34774111159384,59.96126157227454,71.40055747122679,0.0,0.0,0.0,1.39343135927377,-0.20953069597649998,1.74117247086761,0.13821041561734004,1.367484623815557,-0.235477431434713,1.3169231344183459,-0.28603892083192406,1.3232148694632755,-0.2797471857869944,1.3349484971762133,-0.2680135580740566,1.2549340660603088,-0.34802798918996114,1.5115081,-0.09145394806490614,1.2791676913816494,-0.3237943638686205,1.2564755338134896,-0.34648652143678027,1.357220158303821,-0.24574189694644888
E01026322,E01026322,South Kesteven 004C,South Kesteven,E01026322,1,2020,0.834036942670151,0.609827572912196,0.146960170386499,62.01336152877567,69.84120462834221,0.0,0.0,0.0,0.609827572912196,-0.22420936975795502,0.756787743298695,-0.07724919937145602,0.7693524785586577,-0.06468446411149331,0.7385325035437312,-0.09550443912641982,0.7375852565068994,-0.09645168616325162,0.7489549393152705,-0.08508200335488059,0.8105304127206481,-0.023506529949502974,0.8124937,-0.02154326076249724,0.7476765535996057,-0.08636038907054533,0.7455167738656844,-0.08852016880446667,0.7748885822873091,-0.05914836038284199
E01026322,E01026322,South Kesteven 004C,South Kesteven,E01026322,1,2021,0.778292829182252,0.834036942670151,0.22420936975795502,62.01336152877567,69.84120462834221,0.0,0.0,0.0,0.834036942670151,0.055744113487899094,1.058246312428106,0.2799534832458541,0.924418085801131,0.1461252566188791,0.904929959652476,0.12663713047022407,0.920625145169361,0.14233231598710905,0.9533551038743252,0.17506227469207325,1.0002083426630832,0.22191551348083127,1.0220214,0.24372858366717431,0.8604081480583132,0.08211531887606127,0.8959149871626346,0.11762215798038267,0.9562103410098604,0.1779175118276084
E01026322,E01026322,South Kesteven 004C,South Kesteven,E01026322,1,2022,0.914938362331726,0.778292829182252,-0.055744113487899094,62.01336152877567,69.84120462834221,0.0,0.0,0.0,0.778292829182252,-0.13664553314947403,0.7225487156943529,-0.19238964663737312,1.0444852851381132,0.12954692280638724,1.004493723557763,0.08955536122603691,1.0102148123926507,0.09527645006092467,0.9897513982072041,0.07481303587547816,0.9937586876021786,0.07882032527045257,1.1035178,0.18857940843548593,0.977762492976469,0.06282413064474301,0.9861440685512696,0.07120570621954359,1.03150925302604,0.11657089069431392
E01026323,E01026323,South Kesteven 004D,South Kesteven,E01026323,1,2020,1.1463340539108,1.24093923186227,0.04996002352629003,69.09740300381628,72.50515177095978,0.0,0.0,0.0,1.24093923186227,0.09460517795147005,1.29089925538856,0.14456520147776009,1.485508319691113,0.33917426578031296,1.4082827081263969,0.2619486542155969,1.417601520388504,0.27126746647770394,1.260350584284912,0.11401653037411208,1.4548070491959588,0.3084729952851588,1.4753821,0.32904803570406815,1.378325828096582,0.23199177418578198,1.410982101478483,0.2646480475676829,1.4279869529689648,0.2816528990581648
E01026323,E01026323,South Kesteven 004D,South Kesteven,E01026323,1,2021,1.80780828372715,1.1463340539108,-0.09460517795147005,69.09740300381628,72.50515177095978,0.0,0.0,0.0,1.1463340539108,-0.6614742298163501,1.05172887595933,-0.7560794077678201,1.4205040237497426,-0.3873042599774075,1.3683185540540843,-0.43948972967306577,1.2757762130682506,-0.5320320706588995,1.200420422972299,-0.6073878607548511,1.2820408737390836,-0.5257674099880665,1.3316292,-0.47617912666080486,1.3586991887473276,-0.44910909497982243,1.3929204190787483,-0.41488786464840177,1.3634965840433644,-0.4443116996837857
E01026323,E01026323,South Kesteven 004D,South Kesteven,E01026323,1,2022,2.09996220293717,1.80780828372715,0.6614742298163501,69.09740300381628,72.50515177095978,0.0,0.0,0.0,1.80780828372715,-0.29215391921001976,2.4692825135435,0.3693203106063301,1.808693307743073,-0.29126889519409693,1.7250121272623065,-0.3749500756748634,1.59709652907206,-0.5028656738651098,1.5862358210901606,-0.5137263818470093,1.5631347890022367,-0.5368274139349332,1.5996536,-0.5003086012907465,1.5604710726288702,-0.5394911303082996,1.657023663397842,-0.44293853953932794,1.6821069070696386,-0.41785529586753123
E01026324,E01026324,South Kesteven 004E,South Kesteven,E01026324,1,2020,0.223316877403818,0.0904213568541563,0.2811432843380343,66.33708547208101,71.51673925573164,0.0,0.0,0.0,0.0904213568541563,-0.1328955205496617,0.3715646411921906,0.14824776378837262,0.2606242042902667,0.03730732688644872,0.24883998778393268,0.025523110380114677,0.28051493000379374,0.057198052599975735,0.25307601457353457,0.029759137169716565,0.2304499506274326,0.007133073223614589,0.27668342,0.05336654253903783,0.2164950861910615,-0.006821791212756501,0.2373830821329851,0.014066204729167087,0.25121920358225,0.02790232617843197
E01026324,E01026324,South Kesteven 004E,South Kesteven,E01026324,1,2021,0.652107048674937,0.223316877403818,0.1328955205496617,66.33708547208101,71.51673925573164,0.0,0.0,0.0,0.223316877403818,-0.42879017127111896,0.3562123979534797,-0.29589465072145726,0.3619034677426631,-0.2902035809322739,0.3652826949190115,-0.28682435375592547,0.3675797441363685,-0.28452730453856845,0.34269748797681987,-0.3094095606981171,0.29800859056809603,-0.35409845810684093,0.36846724,-0.28363980714928694,0.3581278188939841,-0.29397922978095287,0.33460291401819425,-0.3175041346567427,0.3403805886079386,-0.3117264600669984
E01026324,E01026324,South Kesteven 004E,South Kesteven,E01026324,1,2022,0.636759946774048,0.652107048674937,0.42879017127111896,66.33708547208101,71.51673925573164,0.0,0.0,0.0,0.652107048674937,0.015347101900888949,1.0808972199460558,0.4441372731720078,0.7242761636638118,0.08751621688976374,0.7106888731307162,0.07392892635666815,0.6106658401412328,-0.026094106632815195,0.6269213950941062,-0.009838551679941854,0.5406996618733024,-0.09606028490074559,0.5938587,-0.0429012279019777,0.6224906294864071,-0.014269317287640915,0.6383490709798725,0.001589124205824466,0.6534978011426389,0.016737854368590876
E01026308,E01026308,South Kesteven 005A,South Kesteven,E01026308,1,2020,1.26695471390022,1.61106286928537,0.8581665515103959,54.462831500370164,68.74208978609909,0.0,0.0,0.0,1.61106286928537,0.34410815538514994,2.4692294207957657,1.2022747068955457,1.3771365737502954,0.11018185985007545,1.3763925155565153,0.10943780165629535,1.2530938699815413,-0.0138608439186787,1.2862418796928876,0.01928716579266765,1.3693456856103998,0.10239097171017986,1.1948256,-0.07212906463874535,1.2417766224827222,-0.025178091417497717,1.3480544987089127,0.08109978480869273,1.3191608966592194,0.052206182758999464
E01026308,E01026308,South Kesteven 005A,South Kesteven,E01026308,1,2021,1.41768043235527,1.26695471390022,-0.34410815538514994,54.462831500370164,68.74208978609909,0.0,0.0,0.0,1.26695471390022,-0.15072571845505012,0.92284655851507,-0.49483387384020006,1.3065992110172577,-0.11108122133801235,1.3624327715782465,-0.05524766077702359,1.3090964210331986,-0.10858401132207152,1.3301667894893328,-0.08751364286593732,1.369403148981226,-0.04827728337404413,1.2597483,-0.15793209270225494,1.2540631899737118,-0.16361724238155828,1.3378485618299438,-0.07983187052532625,1.3333699532487526,-0.08431047910651746
E01026308,E01026308,South Kesteven 005A,South Kesteven,E01026308,1,2022,1.42308320012449,1.41768043235527,0.15072571845505012,54.462831500370164,68.74208978609909,0.0,0.0,0.0,1.41768043235527,-0.005402767769219885,1.5684061508103202,0.14532295068583023,1.5230068392220746,0.09992363909758462,1.5381911932482086,0.11510799312371867,1.8821975364122518,0.4591143362877619,1.4884241007357673,0.06534090061127729,1.5795450737244092,0.15646187359991925,1.581223,0.15813981089235574,1.47859609591469,0.05551289579020002,1.5427008567663534,0.11961765664186341,1.5190574415637421,0.09597424143925215
E01026309,E01026309,South Kesteven 005B,South Kesteven,E01026309,1,2020,0.982036916527227,0.771646384629022,0.19830379019376798,58.855974761446014,70.00758426940233,0.0,0.0,0.0,0.771646384629022,-0.210390531898205,0.96995017482279,-0.01208674170443702,0.9142919764124819,-0.06774494011474508,0.8760857232913352,-0.10595119323589186,0.8442716359938729,-0.13776528053335413,0.8341308548699619,-0.14790606165726516,0.8887558412751964,-0.09328107525203067,0.9139449,-0.06809201649136887,0.8461761871458927,-0.1358607293813343,0.8756907734304031,-0.10634614309682389,0.8868861159246431,-0.09515080060258396
E01026309,E01026309,South Kesteven 005B,South Kesteven,E01026309,1,2021,1.13229353934301,0.982036916527227,0.210390531898205,58.855974761446014,70.00758426940233,0.0,0.0,0.0,0.982036916527227,-0.150256622815783,1.192427448425432,0.060133909082422,1.0762264291366346,-0.05606711020637545,1.052072662537003,-0.08022087680600709,1.1492515169799595,0.016957977636949506,1.1196695530111407,-0.012623986331869341,1.1669954899312946,0.034701950588284625,1.1877569,0.05546335667597191,1.110003881529108,-0.02228965781390202,1.0347109828075847,-0.09758255653542536,1.11693052281298,-0.015363016530030027
E01026309,E01026309,South Kesteven 005B,South Kesteven,E01026309,1,2022,0.88067687120508,1.13229353934301,0.150256622815783,58.855974761446014,70.00758426940233,0.0,0.0,0.0,1.13229353934301,0.25161666813793004,1.2825501621587931,0.40187329095371316,1.2772124211017675,0.3965355498966875,1.2376940472432807,0.3570171760382007,1.2784174381620435,0.39774056695696347,1.2544232984356187,0.37374642723053875,1.257897203835701,0.37722033263062105,1.3233802,0.4427033606522198,1.2128297051445176,0.3321528339394376,1.213834120235148,0.33315724903006794,1.2832845001161566,0.4026076289110766
E01026310,E01026310,South Kesteven 005C,South Kesteven,E01026310,1,2020,0.889079378741291,0.666841781654804,-0.303652425026282,55.25357749976684,70.26574696726252,0.0,0.0,0.0,0.666841781654804,-0.22223759708648694,0.36318935662852203,-0.5258900221127689,0.9127000850987365,0.02362070635744551,0.8979852871317638,0.008905908390472894,0.7672595455167166,-0.12181983322457435,0.8115508912310959,-0.07752848751019503,0.8112446004024566,-0.07783477833883434,0.8677079,-0.021371470587757013,0.8450133176451344,-0.04406606109615652,0.9006064956452969,0.011527116904005985,0.8521927656128683,-0.036886613128422674
E01026310,E01026310,South Kesteven 005C,South Kesteven,E01026310,1,2021,0.989650740535514,0.889079378741291,0.22223759708648694,55.25357749976684,70.26574696726252,0.0,0.0,0.0,0.889079378741291,-0.1005713617942231,1.1113169758277779,0.12166623529226384,1.0443887712631963,0.05473803072768224,1.0272964079361133,0.03764566740059927,1.2313556429801764,0.24170490244466236,1.158809284360991,0.1691585438254769,1.2343365304386518,0.24468578990313772,1.2399547,0.2503039694711998,1.1469668095237588,0.1573160689882448,1.075784108785607,0.08613336825009299,1.1137849661848773,0.12413422564936327
E01026310,E01026310,South Kesteven 005C,South Kesteven,E01026310,1,2022,1.22772087457134,0.989650740535514,0.1005713617942231,55.25357749976684,70.26574696726252,0.0,0.0,0.0,0.989650740535514,-0.2380701340358259,1.0902221023297372,-0.13749877224160278,1.1558462923842834,-0.07187458218705656,1.1085706517120217,-0.1191502228593182,1.2235114203799324,-0.004209454191407502,1.1535921750343954,-0.07412869953694456,1.1339029251352806,-0.09381794943605937,1.2219621,-0.005758780264394137,1.1475208851217293,-0.0801999894496106,1.083320679689861,-0.14440019488147904,1.1482494293545873,-0.07947144521675265
E01026311,E01026311,South Kesteven 005D,South Kesteven,E01026311,1,2020,1.39867616612196,1.22725717503222,0.6052982951654601,57.312278515953786,68.65689520174763,0.0,0.0,0.0,1.22725717503222,-0.1714189910897399,1.83255547019768,0.43387930407572006,1.2051492222488032,-0.19352694387315683,1.166388587658886,-0.23228757846307402,1.2873326684366297,-0.11134349768533025,1.2533017409074205,-0.14537442521453947,1.2899684590225033,-0.10870770709945665,1.2605855,-0.13809061962842972,1.1975325785481434,-0.20114358757381656,1.1740350445717125,-0.2246411215502475,1.206384375075498,-0.1922917910464621
E01026311,E01026311,South Kesteven 005D,South Kesteven,E01026311,1,2021,1.13083429647977,1.39867616612196,0.1714189910897399,57.312278515953786,68.65689520174763,0.0,0.0,0.0,1.39867616612196,0.26784186964219003,1.5700951572117,0.43926086073192994,1.3527310272217634,0.22189673074199345,1.3343955327446306,0.20356123626486067,1.3124369251585764,0.1816026286788064,1.3626927967922984,0.23185850031252841,1.3386547407197649,0.2078204442399949,1.395377,0.26454274342959283,1.2897525004524018,0.1589182039726318,1.3467329915369657,0.21589869505719572,1.3235216212218468,0.19268732474207684
E01026311,E01026311,South Kesteven 005D,South Kesteven,E01026311,1,2022,1.15714052280022,1.13083429647977,-0.26784186964219003,57.312278515953786,68.65689520174763,0.0,0.0,0.0,1.13083429647977,-0.0263062263204501,0.8629924268375799,-0.29414809596264013,1.4317845630383998,0.2746440402381798,1.4211672931237416,0.2640267703235215,1.3683960009445229,0.2112554781443028,1.3367861649120005,0.17964564211178047,1.4719508944895858,0.31481037168936576,1.5191112,0.361970633663403,1.413984433282108,0.25684391048188804,1.3832001762904569,0.22605965349023682,1.5056657079682372,0.3485251851680171
E01026312,E01026312,South Kesteven 005E,South Kesteven,E01026312,1,2020,0.971858171403526,1.12970181062145,0.368088816994414,54.15333417907641,68.9815577293289,0.0,0.0,0.0,1.12970181062145,0.157843639217924,1.497790627615864,0.5259324562123379,1.2318305744382958,0.25997240303476976,1.1957588892536717,0.22390071785014565,1.3317138908449089,0.35985571944138284,1.2704308684069026,0.2985726970033765,1.3708753194386796,0.39901714803515353,1.2308722,0.2590139828323138,1.1817006554527156,0.2098424840491896,1.2031190518328567,0.23126088042933068,1.2415901717436602,0.2697320003401341
E01026312,E01026312,South Kesteven 005E,South Kesteven,E01026312,1,2021,1.35352332785367,0.971858171403526,-0.157843639217924,54.15333417907641,68.9815577293289,0.0,0.0,0.0,0.971858171403526,-0.381665156450144,0.814014532185602,-0.539508795668068,1.135944485328448,-0.21757884252522208,1.1470082934269175,-0.20651503442675256,1.1740152344038217,-0.1795080934498483,1.1503762926255312,-0.20314703522813882,1.1083973853615494,-0.2451259424921206,1.0880622,-0.26546116068600645,1.012987152457272,-0.340536175396398,1.129081915621176,-0.22444141223249403,1.1328565418480818,-0.2206667860055882
E01026312,E01026312,South Kesteven 005E,South Kesteven,E01026312,1,2022,1.87688416862305,1.35352332785367,0.381665156450144,54.15333417907641,68.9815577293289,0.0,0.0,0.0,1.35352332785367,-0.5233608407693799,1.735188484303814,-0.14169568431923607,1.4051311820307864,-0.4717529865922636,1.3803678785386297,-0.4965162900844202,1.3539210163273503,-0.5229631522956997,1.3116749726215469,-0.5652091960015031,1.3817868689155137,-0.49509729970753624,1.4029663,-0.4739179077130158,1.287712121754181,-0.589172046868869,1.3370213654940728,-0.5398628031289772,1.3917158855937966,-0.4851682830292534
E01026317,E01026317,South Kesteven 006A,South Kesteven,E01026317,1,2020,1.13667623802656,1.094024915015,0.3559832496463051,60.32129112805976,67.7164163671596,0.0,0.0,0.0,1.094024915015,-0.04265132301155994,1.4500081646613052,0.3133319266347452,1.1500120579566084,0.013335819930048398,1.1103097492323941,-0.02636648879416592,1.2417962958857418,0.10512005785918177,1.138775207849918,0.002098969823357999,1.2748635039800145,0.13818726595345443,1.1541233,0.017447068247854025,1.049743600540149,-0.086932637486411,1.0717991514903484,-0.0648770865362116,1.1534159351872817,0.016739697160721656
E01026317,E01026317,South Kesteven 006A,South Kesteven,E01026317,1,2021,1.68068999858954,1.13667623802656,0.04265132301155994,60.32129112805976,67.7164163671596,0.0,0.0,0.0,1.13667623802656,-0.54401376056298,1.17932756103812,-0.5013624375514201,1.213010403091329,-0.46767959549821114,1.1958045860385833,-0.48488541255095674,1.1247407788345516,-0.5559492197549885,1.1385560600654976,-0.5421339385240425,1.100861258810957,-0.5798287397785831,1.1307173,-0.5499727210626846,1.1024657789248626,-0.5782242196646774,1.1833566097081112,-0.49733338888142886,1.1673243496022017,-0.5133656489873384
E01026317,E01026317,South Kesteven 006A,South Kesteven,E01026317,1,2022,1.34823547040795,1.68068999858954,0.54401376056298,60.32129112805976,67.7164163671596,0.0,0.0,0.0,1.68068999858954,0.33245452818159005,2.2247037591525203,0.8764682887445703,1.6372590865579395,0.2890236161499895,1.5959442122747447,0.2477087418667947,1.4446951320822685,0.09645966167431852,1.4103933018414103,0.06215783143346032,1.511659407065445,0.163423936657495,1.4103485,0.06211306417609541,1.4141085359081718,0.06587306550022176,1.4791673468902453,0.13093187648229532,1.5617005978850376,0.21346512747708757
E01026318,E01026318,South Kesteven 006B,South Kesteven,E01026318,1,2020,1.1633905033276,1.15122679029005,0.7768536045338109,58.02121310138606,66.04296167515328,0.0,0.0,0.0,1.15122679029005,-0.012163713037550039,1.9280803948238607,0.7646898914962608,1.081929650424882,-0.08146085290271787,1.0428717906064626,-0.12051871272113734,1.0431860621602462,-0.12020444116735374,1.0882380764638262,-0.07515242686377377,0.9901186451827543,-0.1732718581448457,0.99111587,-0.17227463523601672,0.9545156065700869,-0.20887489675751303,1.0138594521298925,-0.1495310511977075,1.0496217062168374,-0.1137687971107626
E01026318,E01026318,South Kesteven 006B,South Kesteven,E01026318,1,2021,1.12064189221072,1.1633905033276,0.012163713037550039,58.02121310138606,66.04296167515328,0.0,0.0,0.0,1.1633905033276,0.04274861111688,1.17555421636515,0.05491232415443004,1.1509675328172306,0.030325640606510662,1.1356563888615627,0.015014496650842757,1.139389307878152,0.0187474156674321,1.1411998837559374,0.020557991545217424,1.1052573243776174,-0.015384567833102603,1.1801072,0.05946534369778833,1.036334344289076,-0.08430754792164397,1.1335512209595957,0.012909328748875737,1.1234755039186641,0.0028336117079441614
E01026318,E01026318,South Kesteven 006B,South Kesteven,E01026318,1,2022,1.03589494754781,1.12064189221072,-0.04274861111688,58.02121310138606,66.04296167515328,0.0,0.0,0.0,1.12064189221072,0.08474694466290988,1.07789328109384,0.04199833354602989,1.3423211806802466,0.30642623313243655,1.3173843405560823,0.28148939300827225,1.2796468933975376,0.24375194584972748,1.156584126198552,0.12068917865074202,1.2214081808352908,0.1855132332874807,1.1782702,0.14237527320872068,1.201251679754086,0.1653567322062759,1.2119171518635221,0.17602220431571203,1.2775227879474753,0.24162784039966523
E01026319,E01026319,South Kesteven 006C,South Kesteven,E01026319,1,2020,0.811933503668159,0.657234882784705,0.221813594982868,56.45792928078858,68.4026089549343,0.0,0.0,0.0,0.657234882784705,-0.15469862088345399,0.879048477767573,0.06711497409941403,0.8813348699870106,0.06940136631885163,0.8072318917897316,-0.004701611878427325,0.7607176792994184,-0.051215824368740615,0.7682120639650233,-0.04372143970313569,0.7771986369701093,-0.034734866698049705,0.78339547,-0.028538034479468788,0.7371647299579442,-0.07476877371021473,0.7839181064953078,-0.028015397172851175,0.8241915224979337,0.01225801882977473
E01026319,E01026319,South Kesteven 006C,South Kesteven,E01026319,1,2021,1.21642478142978,0.811933503668159,0.15469862088345399,56.45792928078858,68.4026089549343,0.0,0.0,0.0,0.811933503668159,-0.40449127776162097,0.966632124551613,-0.24979265687816699,0.9012741019980645,-0.3151506794317155,0.8639833396390891,-0.3524414417906908,0.9123262887857195,-0.3040984926440604,0.9291722684450595,-0.28725251298472043,0.998388738317653,-0.218036043112127,0.9736458,-0.2427789751172189,0.796184904003364,-0.420239877426416,0.8601442107561517,-0.3562805706736283,0.9401823921861969,-0.276242389243583
E01026319,E01026319,South Kesteven 006C,South Kesteven,E01026319,1,2022,1.27548319302359,1.21642478142978,0.40449127776162097,56.45792928078858,68.4026089549343,0.0,0.0,0.0,1.21642478142978,-0.05905841159380998,1.620916059191401,0.345432866167811,1.2379156963356566,-0.037567496687933355,1.1795169487321664,-0.09596624429142353,1.2353294433388256,-0.04015374968476437,1.250810950457876,-0.024672242565713987,1.2254301946011181,-0.050052998422471795,1.1927722,-0.08271104298391707,1.1538323673423951,-0.12165082568119479,1.1462055869722663,-0.12927760605132366,1.2187311171172779,-0.05675207590631204
E01026343,E01026343,South Kesteven 006D,South Kesteven,E01026343,1,2020,1.14553004694598,1.18639626633374,0.364379301990977,61.96175058567401,67.50833920351614,0.0,0.0,0.0,1.18639626633374,0.04086621938776003,1.5507755683247169,0.40524552137873693,1.2386628768680803,0.09313282992210037,1.180671448364993,0.03514140141901301,1.250171744812538,0.10464169786655808,1.198238311761341,0.05270826481536117,1.252717515321208,0.10718746837522808,1.2748381,0.1293080429969522,1.164312456201675,0.018782409255694965,1.153463166950514,0.007933120004534056,1.2066386694126583,0.061108622466678364
E01026343,E01026343,South Kesteven 006D,South Kesteven,E01026343,1,2021,1.59682470032621,1.14553004694598,-0.04086621938776003,61.96175058567401,67.50833920351614,0.0,0.0,0.0,1.14553004694598,-0.45129465338023,1.10466382755822,-0.49216087276799003,1.2992450190955098,-0.2975796812307001,1.2713248959619365,-0.3254998043642734,1.150504329709271,-0.44632037061693897,1.1168338071575559,-0.47999089316865406,1.0624866320941604,-0.5343380682320495,1.1983018,-0.39852290818143454,1.2474149093345268,-0.3494097909916831,1.1985039856987036,-0.3983207146275063,1.2303259176377102,-0.3664987826884998
E01026343,E01026343,South Kesteven 006D,South Kesteven,E01026343,1,2022,1.52453940236064,1.59682470032621,0.45129465338023,61.96175058567401,67.50833920351614,0.0,0.0,0.0,1.59682470032621,0.07228529796556993,2.04811935370644,0.5235799513457999,1.6429414338329706,0.11840203147233064,1.5934779570750495,0.06893855471440946,1.5191524201224456,-0.005386982238194449,1.447365800542624,-0.07717360181801602,1.472449443354254,-0.05208995900638591,1.5080467,-0.01649265610667272,1.5267787562840769,0.002239353923436882,1.5122028193037227,-0.012336583056917316,1.5608140767532577,0.03627467439261767
E01026344,E01026344,South Kesteven 006E,South Kesteven,E01026344,1,2020,0.676287004479718,0.982086430066317,0.690873204789574,58.26496475409428,65.73422435317846,0.0,0.0,0.0,0.982086430066317,0.305799425586599,1.672959634855891,0.996672630376173,0.9277670629102197,0.2514800584305017,0.8905505871061332,0.2142635826264152,0.8526296116861017,0.17634260720638373,0.8346488998920216,0.1583618954123036,0.7806390162324429,0.1043520117527249,0.8390935,0.16280650185649415,0.8844266902603839,0.20813968578066588,0.8828643553829854,0.20657735090326734,0.8859414033121975,0.2096543988324795
E01026344,E01026344,South Kesteven 006E,South Kesteven,E01026344,1,2021,0.594922327798636,0.676287004479718,-0.305799425586599,58.26496475409428,65.73422435317846,0.0,0.0,0.0,0.676287004479718,0.08136467668108205,0.370487578893119,-0.22443474890551696,0.8741090316017738,0.2791867038031378,0.883305477592437,0.2883831497938011,0.8480566179030672,0.2531342901044312,0.8278352970355568,0.23291296923692084,0.7508858702520892,0.15596354245345323,0.8024475,0.20752517004606008,0.7922242975213564,0.1973019697227204,0.8581586892883856,0.2632363614897496,0.8226334153301638,0.2277110875315278
E01026344,E01026344,South Kesteven 006E,South Kesteven,E01026344,1,2022,1.27324557853672,0.594922327798636,-0.08136467668108205,58.26496475409428,65.73422435317846,0.0,0.0,0.0,0.594922327798636,-0.6783232507380841,0.5135576511175539,-0.7596879274191661,0.9267586921206247,-0.3464868864160954,0.919089328469058,-0.35415625006766205,1.130510087875884,-0.14273549066083602,0.9784086610711497,-0.2948369174655704,1.1136656772758182,-0.15957990126090182,1.1071639,-0.16608167243930794,1.0185381054853528,-0.2547074730513672,0.926917305125255,-0.346328273411465,1.003707927818091,-0.2695376507186291
E01026345,E01026345,South Kesteven 006F,South Kesteven,E01026345,1,2020,1.62234198285557,1.4696523763024,0.13326626322235002,65.11716954603015,70.19893658379117,0.0,0.0,0.0,1.4696523763024,-0.15268960655317,1.60291863952475,-0.019423343330819964,1.579416080701645,-0.042925902153925,1.4877162916454163,-0.13462569121015378,1.476974153989326,-0.1453678288662441,1.4009690908586152,-0.22137289199695487,1.4494169577297198,-0.17292502512585028,1.6296349,0.0072928743221643,1.5224481930822296,-0.09989378977334051,1.5352318505330147,-0.08711013232255538,1.4956014454561153,-0.1267405373994548
E01026345,E01026345,South Kesteven 006F,South Kesteven,E01026345,1,2021,1.40007742911948,1.62234198285557,0.15268960655317,65.11716954603015,70.19893658379117,0.0,0.0,0.0,1.62234198285557,0.2222645537360901,1.77503158940874,0.3749541602892601,1.6834788216312964,0.2834013925118164,1.6126017149256189,0.2125242858061389,1.9802827853462028,0.5802053562267229,1.7887748044922167,0.38869737537273674,1.7304230810109615,0.3303456518914816,1.9418997,0.5418222281299707,1.6888703157023224,0.2887928865828424,1.714952460757821,0.3148750316383411,1.6843624620347697,0.2842850329152897
E01026345,E01026345,South Kesteven 006F,South Kesteven,E01026345,1,2022,1.28976102127773,1.40007742911948,-0.2222645537360901,65.11716954603015,70.19893658379117,0.0,0.0,0.0,1.40007742911948,0.11031640784175001,1.1778128753833899,-0.1119481458943401,1.6748573406372178,0.38509631935948785,1.6094973124822083,0.31973629120447833,1.9487625325472901,0.6590015112695602,1.7382365831502966,0.44847556187256665,1.873026602842157,0.583265581564427,1.8704929,0.5807319139029341,1.6549791942865775,0.3652181730088475,1.7121238915638104,0.42236287028608044,1.7105095090073832,0.42074848772965323
E01026292,E01026292,South Kesteven 007A,South Kesteven,E01026292,1,2020,0.679772449089791,0.294206981957511,0.14619640327800798,60.7786309663724,68.79394380808606,0.0,0.0,0.0,0.294206981957511,-0.38556546713227996,0.440403385235519,-0.23936906385427198,0.606019629694741,-0.07375281939504996,0.5471945254253364,-0.13257792366445453,0.4993476625693161,-0.18042478652047483,0.4825583834631656,-0.19721406562662536,0.4536648395606614,-0.22610760952912956,0.5486411,-0.13113136346509613,0.517970971889398,-0.16180147720039295,0.5119191339264583,-0.16785331516333268,0.5426985836085865,-0.13707386548120448
E01026292,E01026292,South Kesteven 007A,South Kesteven,E01026292,1,2021,0.885823473704858,0.679772449089791,0.38556546713227996,60.7786309663724,68.79394380808606,0.0,0.0,0.0,0.679772449089791,-0.20605102461506708,1.0653379162220709,0.17951444251721282,0.7361129798596312,-0.14971049384522683,0.7207746855959348,-0.1650487881089232,0.7726722642424801,-0.11315120946237789,0.7544472111801837,-0.13137626252467438,0.6791476969937486,-0.20667577671110948,0.7437149,-0.14210854507784387,0.742501763497335,-0.14332171020752305,0.7041252011225564,-0.18169827258230165,0.7403379358302549,-0.14548553787460317
E01026292,E01026292,South Kesteven 007A,South Kesteven,E01026292,1,2022,1.00651455402657,0.885823473704858,0.20605102461506708,60.7786309663724,68.79394380808606,0.0,0.0,0.0,0.885823473704858,-0.12069108032171205,1.0918744983199251,0.08535994429335503,0.930570433382162,-0.07594412064440803,0.90638940254923,-0.10012515147734014,0.9191993024450127,-0.0873152515815574,0.8763831530058219,-0.13013140102074816,0.8596299154073601,-0.14688463861920997,0.89370817,-0.11280638456627345,0.8686815070837434,-0.13783304694282672,0.8494095944752769,-0.15710495955129322,0.9155459058530815,-0.0909686481734886
E01026293,E01026293,South Kesteven 007B,South Kesteven,E01026293,1,2020,0.374511403436752,0.186379768340892,0.19373819786202612,62.172149223526546,68.81931835065758,0.0,0.0,0.0,0.186379768340892,-0.18813163509585998,0.38011796620291816,0.005606562766166168,0.3902205281257818,0.015709124689029796,0.3364935662597188,-0.038017837177033165,0.3247813211054388,-0.04973008233131321,0.29850947486251384,-0.07600192857423815,0.29103399994206275,-0.08347740349468924,0.31255108,-0.06196032225617948,0.24126698225305976,-0.13324442118369223,0.30076641394939163,-0.07374498948736036,0.3176702232140315,-0.0568411802227205
E01026293,E01026293,South Kesteven 007B,South Kesteven,E01026293,1,2021,0.309000066416438,0.374511403436752,0.18813163509585998,62.172149223526546,68.81931835065758,0.0,0.0,0.0,0.374511403436752,0.06551133702031398,0.562643038532612,0.253642972116174,0.4877374741611704,0.1787374077447324,0.4640860850592313,0.1550860186427933,0.4693043401120287,0.1603042736955907,0.46428381024285814,0.15528374382642013,0.42077904227869645,0.11177897586225843,0.47233889,0.16333881865245542,0.46185910376840544,0.15285903735196743,0.4298384450539567,0.12083837863751867,0.47029092077265233,0.16129085435621432
E01026293,E01026293,South Kesteven 007B,South Kesteven,E01026293,1,2022,0.690828775232734,0.309000066416438,-0.06551133702031398,62.172149223526546,68.81931835065758,0.0,0.0,0.0,0.309000066416438,-0.381828708816296,0.24348872939612404,-0.44734004583660997,0.5741372303340929,-0.11669154489864109,0.5372345994131678,-0.15359417581956625,0.6869652940740124,-0.0038634811587215934,0.6058371078389061,-0.08499166739382791,0.5389408727211088,-0.1518879025116252,0.6728933,-0.01793548948139123,0.5228446444997593,-0.1679841307329747,0.5245459257699,-0.166282849462834,0.5688406533643975,-0.12198812186833652
E01026294,E01026294,South Kesteven 007C,South Kesteven,E01026294,1,2020,0.328344684501278,0.194894579188129,0.381365990125589,64.29840084969426,70.4069422546242,0.0,0.0,0.0,0.194894579188129,-0.13345010531314902,0.576260569313718,0.24791588481244003,0.32469006480368207,-0.003654619697595951,0.281758462347616,-0.04658622215366204,0.3094592004494503,-0.018885484051827717,0.2774867981797359,-0.05085788632154209,0.25916926734962403,-0.06917541715165398,0.2776488,-0.05069587792931757,0.21974888006358723,-0.10859580443769079,0.29648668389016775,-0.03185800061111027,0.27819518517872505,-0.05014949932255297
E01026294,E01026294,South Kesteven 007C,South Kesteven,E01026294,1,2021,0.237635894987145,0.328344684501278,0.13345010531314902,64.29840084969426,70.4069422546242,0.0,0.0,0.0,0.328344684501278,0.09070878951413303,0.461794789814427,0.22415889482728202,0.3856817985826948,0.1480459035955498,0.3736163681392127,0.13598047315206768,0.44611373792993686,0.20847784294279187,0.40674659533840174,0.16911070035125675,0.3508331651557584,0.11319727016861342,0.40630627,0.16867037179752298,0.3892117073027608,0.1515758123156158,0.3827615381793024,0.14512564319215743,0.4025363655356297,0.16490047054848472
E01026294,E01026294,South Kesteven 007C,South Kesteven,E01026294,1,2022,0.494824211731121,0.237635894987145,-0.09070878951413303,64.29840084969426,70.4069422546242,0.0,0.0,0.0,0.237635894987145,-0.257188316743976,0.14692710547301197,-0.34789710625810905,0.5513320523507506,0.056507840619629546,0.5142275405958874,0.019403328864766367,0.537474017180446,0.04264980544932495,0.5156551132843605,0.020830901553239523,0.47094356017046696,-0.023880651560654054,0.5256589,0.030834693775013022,0.5135802867688699,0.0187560750377489,0.5058346999658778,0.01101048823475681,0.5078306019849099,0.013006390253788913
E01026316,E01026316,South Kesteven 007D,South Kesteven,E01026316,1,2020,0.254369950245196,-0.123737248590921,0.109425125272784,81.44491298453767,64.97049680225277,0.0,0.0,0.0,-0.123737248590921,-0.378107198836117,-0.014312123318136999,-0.26868207356333296,0.08341325691934119,-0.17095669332585478,0.0765604271940888,-0.1778095230511072,0.049712959362894826,-0.20465699088230116,0.034485031108668504,-0.21988491913652747,0.09851006404187224,-0.15585988620332375,0.06749365,-0.18687630290823615,0.06459281623852835,-0.18977713400666762,0.1011548392380365,-0.15321511100715948,0.05471688857008536,-0.19965306167511063
E01026316,E01026316,South Kesteven 007D,South Kesteven,E01026316,1,2021,0.288910974906424,0.254369950245196,0.378107198836117,81.44491298453767,64.97049680225277,0.0,0.0,0.0,0.254369950245196,-0.03454102466122799,0.632477149081313,0.34356617417488905,0.3030834301656796,0.014172455259255645,0.3135483152526022,0.024637340346178205,0.27545500817653673,-0.013455966729887248,0.26259772890296224,-0.026313246003461743,0.3342999478240384,0.0453889729176144,0.28904492,0.00013394172336728127,0.30555489997758395,0.01664392507115997,0.31316533291668897,0.024254358010264987,0.2999957496650294,0.01108477475860542
E01026316,E01026316,South Kesteven 007D,South Kesteven,E01026316,1,2022,0.348833164177184,0.288910974906424,0.03454102466122799,81.44491298453767,64.97049680225277,0.0,0.0,0.0,0.288910974906424,-0.05992218927076004,0.32345199956765197,-0.025381164609532048,0.43741308295066494,0.08857991877348093,0.43159278746754703,0.08275962329036302,0.40071103695050114,0.051877872773317124,0.41572209948933314,0.06688893531214912,0.46762587830147423,0.11879271412429021,0.49049094,0.14165777901625165,0.47193963004321693,0.12310646586603291,0.43251219243237543,0.08367902825519141,0.44185069015014056,0.09301752597295654
E01026332,E01026332,South Kesteven 007E,South Kesteven,E01026332,1,2020,0.184983608858801,-0.183423324089872,0.05070850689888301,80.13336931520581,70.15222524697289,0.0,0.0,0.0,-0.183423324089872,-0.368406932948673,-0.132714817190989,-0.31769842604979,0.039461762534295515,-0.1455218463245055,0.05926510877360933,-0.12571850008519167,0.0384754826288872,-0.1465081262299138,0.03199689446600179,-0.1529867143927992,0.050585074254945905,-0.1343985346038551,0.07612426,-0.10885935051939594,0.03490481338279777,-0.15007879547600322,0.02627894422673565,-0.15870466463206534,0.03519956104185547,-0.14978404781694554
E01026332,E01026332,South Kesteven 007E,South Kesteven,E01026332,1,2021,0.375693734632452,0.184983608858801,0.368406932948673,80.13336931520581,70.15222524697289,0.0,0.0,0.0,0.184983608858801,-0.19071012577365098,0.553390541807474,0.17769680717502206,0.265736397043017,-0.10995733758943499,0.29569351678149736,-0.08000021785095462,0.26085151338155693,-0.11484222125089505,0.234906818813066,-0.140786915819386,0.23480935847932397,-0.14088437615312802,0.2527082,-0.12298553799243733,0.21649541723404975,-0.15919831739840223,0.23740987203577935,-0.13828386259667264,0.24530085479470365,-0.13039287983774833
E01026332,E01026332,South Kesteven 007E,South Kesteven,E01026332,1,2022,0.196722386518774,0.375693734632452,0.19071012577365098,80.13336931520581,70.15222524697289,0.0,0.0,0.0,0.375693734632452,0.17897134811367799,0.566403860406103,0.369681473887329,0.4750653952323908,0.2783430087136168,0.4920827335871631,0.2953603470683891,0.46529777301780767,0.2685753864990337,0.43667657047581987,0.23995418395704587,0.38398538433009155,0.18726299781131756,0.41227162,0.21554923232430462,0.4611821451951297,0.2644597586763557,0.4085086409025242,0.2117862543837502,0.4506711183560985,0.2539487318373245
E01026290,E01026290,South Kesteven 008A,South Kesteven,E01026290,1,2020,0.848101813898145,0.71421098862084,0.260870878564949,68.44882556443689,65.84704576729126,0.0,0.0,0.0,0.71421098862084,-0.133890825277305,0.975081867185789,0.12698005328764406,0.8065525113427997,-0.04154930255534528,0.7914085757515761,-0.0566932381465689,0.8397289132278132,-0.008372900670331807,0.8631884990842441,0.015086685186099125,0.9196110709573505,0.07150925705920552,0.8157685,-0.032333333597241665,0.8317920165138306,-0.016309797384314373,0.8587518791925415,0.010650065294396494,0.8349726117529617,-0.013129202145183316
E01026290,E01026290,South Kesteven 008A,South Kesteven,E01026290,1,2021,1.34234679094868,0.848101813898145,0.133890825277305,68.44882556443689,65.84704576729126,0.0,0.0,0.0,0.848101813898145,-0.49424497705053494,0.98199263917545,-0.36035415177322994,0.9269973379814719,-0.41534945296720804,0.904752323952145,-0.4375944669965349,0.8796172370780687,-0.4627295538706112,0.93216860065433,-0.4101781902943499,0.8996927341218225,-0.44265405682685743,0.82302403,-0.5193227564485579,0.9193468109275742,-0.4229999800211057,0.9094825475307151,-0.4328642434179648,0.8888009562320487,-0.45354583471663124
E01026290,E01026290,South Kesteven 008A,South Kesteven,E01026290,1,2022,1.19259466544341,1.34234679094868,0.49424497705053494,68.44882556443689,65.84704576729126,0.0,0.0,0.0,1.34234679094868,0.14975212550526984,1.8365917679992148,0.6439971025558047,1.2566155012671276,0.06402083582371754,1.2321325085539796,0.039537843110569515,1.3230938403117376,0.13049917486832752,1.4070551514369785,0.21446048599356837,1.2315540023744092,0.03895933693099907,1.3167638,0.12416909321595271,1.2067350642594659,0.014140398816055777,1.2068866875932802,0.014292022149870132,1.267827019291028,0.07523235384761784
E01026341,E01026341,South Kesteven 008B,South Kesteven,E01026341,1,2020,0.480884055615462,0.424827405557583,0.23768762813262204,69.93080565724247,67.09251463208574,0.0,0.0,0.0,0.424827405557583,-0.056056650057878965,0.662515033690205,0.18163097807474304,0.4809405236161646,5.6468000702580845e-05,0.48483630310397224,0.003952247488510252,0.4740836413823768,-0.006800414233085195,0.5006647598816614,0.019780704266199378,0.4885495021506199,0.007665446535157883,0.5005517,0.019667644976579024,0.5386517296552658,0.05776767403980376,0.46315740450173243,-0.017726651113729563,0.4836193354825359,0.002735279867073892
E01026341,E01026341,South Kesteven 008B,South Kesteven,E01026341,1,2021,0.535443140083402,0.480884055615462,0.056056650057878965,69.93080565724247,67.09251463208574,0.0,0.0,0.0,0.480884055615462,-0.05455908446794,0.536940705673341,0.001497565589938965,0.5900416909644053,0.054598550881003294,0.5925351826876185,0.05709204260421652,0.6589835073078508,0.12354036722444883,0.6592687299786661,0.12382558989526415,0.7006051677247883,0.16516202764138632,0.71219605,0.17675291199103038,0.6543684886382712,0.11892534855486925,0.5955525198514591,0.06010937976805708,0.6233888081850085,0.08794566810160653
E01026341,E01026341,South Kesteven 008B,South Kesteven,E01026341,1,2022,0.987385736775322,0.535443140083402,0.05455908446794,69.93080565724247,67.09251463208574,0.0,0.0,0.0,0.535443140083402,-0.45194259669192005,0.590002224551342,-0.39738351222398005,0.6644531140999596,-0.3229326226753625,0.6621974719896624,-0.32518826478565965,0.7694736443109419,-0.21791209246438015,0.6944473169235436,-0.2929384198517785,0.8111078564068807,-0.1762778803684414,0.7813281,-0.20605765469066628,0.7132354741985449,-0.2741502625767771,0.604968780338834,-0.3824169564364881,0.713763834086933,-0.27362190268838904
E01026342,E01026342,South Kesteven 008C,South Kesteven,E01026342,1,2020,0.342110349739259,0.117452035865554,0.1540504429299853,69.67359070233283,66.5774110993845,0.0,0.0,0.0,0.117452035865554,-0.22465831387370502,0.2715024787955393,-0.07060787094371973,0.2934861361920081,-0.04862421354725094,0.2889847511625232,-0.05312559857673582,0.3117675100438231,-0.03034283969543594,0.2951012334921292,-0.047009116247129834,0.3011501854236312,-0.04096016431562782,0.3259849,-0.016125454509919424,0.32014713035816983,-0.021963219381089194,0.3108650651859878,-0.031245284553271246,0.3033190472440764,-0.038791302495182645
E01026342,E01026342,South Kesteven 008C,South Kesteven,E01026342,1,2021,0.355117503643885,0.342110349739259,0.22465831387370502,69.67359070233283,66.5774110993845,0.0,0.0,0.0,0.342110349739259,-0.013007153904625979,0.5667686636129641,0.21165115996907907,0.44465837427017235,0.08954087062628735,0.4426394583211531,0.08752195467726809,0.4254278100969269,0.07031030645304187,0.40931765735142456,0.054200153707539556,0.4114620316693272,0.05634452802544221,0.4191389,0.06402140474234547,0.4501188867879275,0.0950013831440425,0.43697791509560036,0.08186041145171535,0.4402151206081126,0.08509761696422757
E01026342,E01026342,South Kesteven 008C,South Kesteven,E01026342,1,2022,0.574565996827621,0.355117503643885,0.013007153904625979,69.67359070233283,66.5774110993845,0.0,0.0,0.0,0.355117503643885,-0.219448493183736,0.368124657548511,-0.20644133927911001,0.5296541150622539,-0.04491188176536709,0.5196175937215769,-0.0549484031060441,0.588358019309405,0.013792022481784016,0.5594331483205667,-0.01513284850705432,0.5849311115472096,0.010365114719588564,0.53298265,-0.041583349408645165,0.566790320448843,-0.007775676378777963,0.5138490131635061,-0.06071698366411493,0.5413125706291886,-0.03325342619843241
E01026361,E01026361,South Kesteven 008D,South Kesteven,E01026361,1,2020,1.07029303449949,0.896548362764297,0.5076502219368529,75.82708882538462,73.72025085057693,0.0,0.0,0.0,0.896548362764297,-0.17374467173519315,1.4041985847011498,0.3339055502016597,0.9114834943409998,-0.15880954015849025,0.8729572030796524,-0.19733583141983768,0.9102128143095427,-0.1600802201899474,0.9103851047451795,-0.15990792975431056,0.9075143768529407,-0.16277865764654942,0.9091109,-0.1611821307595609,0.9019150143251693,-0.1683780201743208,0.8906854503318915,-0.1796075841675986,0.9148309501916216,-0.15546208430786845
E01026361,E01026361,South Kesteven 008D,South Kesteven,E01026361,1,2021,1.29907901830348,1.07029303449949,0.17374467173519315,75.82708882538462,73.72025085057693,0.0,0.0,0.0,1.07029303449949,-0.22878598380398985,1.2440377062346832,-0.0550413120687967,1.1107625708972342,-0.18831644740624576,1.0740414130678417,-0.2250376052356382,1.2196589168107979,-0.07942010149268208,1.1548594934010632,-0.14421952490241674,1.2664737990952557,-0.032605219208224234,1.1594946,-0.13958437986048677,1.1029252425512475,-0.19615377575223247,1.1074400570366427,-0.19163896126683722,1.1410352583626486,-0.1580437599408313
E01026361,E01026361,South Kesteven 008D,South Kesteven,E01026361,1,2022,1.22936625125483,1.29907901830348,0.22878598380398985,75.82708882538462,73.72025085057693,0.0,0.0,0.0,1.29907901830348,0.06971276704864993,1.5278650021074698,0.29849875085263977,1.3597605470097789,0.13039429575494887,1.319293439529088,0.08992718827425805,1.4016363822335454,0.17227013097871535,1.4012659351363776,0.17189968388154764,1.4450497601369106,0.21568350888208054,1.4605904,0.2312241112939981,1.3639449590791117,0.13457870782428172,1.2577341057431248,0.02836785448829482,1.402667818721695,0.17330156746686498
E01026315,E01026315,South Kesteven 009A,South Kesteven,E01026315,1,2020,0.367823642450713,0.481827270231206,0.6736171972186029,47.91027482500001,69.90481464229278,0.0,0.0,0.0,0.481827270231206,0.114003627780493,1.1554444674498088,0.7876208249990958,0.49176507811298564,0.12394143566227267,0.4444879773107607,0.0766643348600477,0.4639936875533439,0.09617004510263094,0.4194282765382864,0.05160463408757343,0.39530720244105044,0.02748355999033747,0.391934,0.024110364955521768,0.432919413337565,0.06509577088685203,0.4315392696199396,0.06371562716922663,0.46173188968549456,0.09390824723478158
E01026315,E01026315,South Kesteven 009A,South Kesteven,E01026315,1,2021,0.578410173506651,0.367823642450713,-0.114003627780493,47.91027482500001,69.90481464229278,0.0,0.0,0.0,0.367823642450713,-0.21058653105593805,0.25382001467022,-0.32459015883643105,0.530278725184488,-0.048131448322162984,0.5020212128774342,-0.07638896062921685,0.5811174070777257,0.0027072335710747186,0.5614885082890354,-0.016921665217615622,0.5273480990788065,-0.051062074427844495,0.58600575,0.007595573811616796,0.5404316239604139,-0.03797854954623714,0.5013667051499667,-0.0770434683566843,0.5183914802418887,-0.06001869326476228
E01026315,E01026315,South Kesteven 009A,South Kesteven,E01026315,1,2022,0.915525606176483,0.578410173506651,0.21058653105593805,47.91027482500001,69.90481464229278,0.0,0.0,0.0,0.578410173506651,-0.337115432669832,0.7889967045625891,-0.12652890161389396,0.77080437032176,-0.14472123585472307,0.7190446948028825,-0.19648091137360058,0.7324130428783807,-0.18311256329810233,0.7281524025963121,-0.18737320358017096,0.741595459341458,-0.17393014683502506,0.72451663,-0.19100897600375355,0.6871071493080272,-0.22841845686845585,0.6913833606008264,-0.22414224557565665,0.7513084244963764,-0.16421718168010668
E01026331,E01026331,South Kesteven 009B,South Kesteven,E01026331,1,2020,0.129095476370043,0.0581725456762345,0.4689086775302535,67.69948411834085,63.635183750127,0.0,0.0,0.0,0.0581725456762345,-0.0709229306938085,0.527081223206488,0.39798574683644494,0.06989688100501729,-0.059198595365025725,0.04290598139848892,-0.08618949497155409,0.06355895153095333,-0.06553652483908969,0.02008689179036314,-0.10900858457967988,0.103083109555543,-0.026012366814500004,0.07112347,-0.05797200302380964,0.022741086402124966,-0.10635438996791804,0.02901834637722764,-0.10007712999281537,0.04679975749322625,-0.08229571887681676
E01026331,E01026331,South Kesteven 009B,South Kesteven,E01026331,1,2021,0.766665394176062,0.129095476370043,0.0709229306938085,67.69948411834085,63.635183750127,0.0,0.0,0.0,0.129095476370043,-0.637569917806019,0.20001840706385152,-0.5666469871122105,0.2727520071263115,-0.4939133870497506,0.24660409407835698,-0.520061300097705,0.19481227909163198,-0.57185311508443,0.2124275286915204,-0.5542378654845417,0.19762247507991262,-0.5690429190961495,0.20982991,-0.5568354825864396,0.237002126263471,-0.529663267912591,0.22942177205004186,-0.5372436221260202,0.22079993254434999,-0.545865461631712
E01026331,E01026331,South Kesteven 009B,South Kesteven,E01026331,1,2022,0.746388566601946,0.766665394176062,0.637569917806019,67.69948411834085,63.635183750127,0.0,0.0,0.0,0.766665394176062,0.020276827574116085,1.404235311982081,0.657846745380135,0.6986170365564359,-0.04777153004551005,0.6753405956048479,-0.07104797099709803,0.6160624183905525,-0.13032614821139343,0.61102071158817,-0.13536785501377602,0.5879781543771382,-0.15841041222480778,0.54959863,-0.1967899323589345,0.7008197301565782,-0.0455688364453678,0.6120345993438173,-0.13435396725812865,0.6586715455521122,-0.08771702104983381
E01026338,E01026338,South Kesteven 009C,South Kesteven,E01026338,1,2020,-0.0299734084306256,-0.457159671020853,0.04600534628672903,66.53356388529318,75.42864048737349,0.0,0.0,0.0,-0.457159671020853,-0.42718626259022735,-0.41115432473412394,-0.3811809163034983,-0.2112822314283168,-0.18130882299769122,-0.2571869797332266,-0.22721357130260098,-0.21875502708355346,-0.18878161865292786,-0.21466629804195084,-0.18469288961132524,-0.19436351328899132,-0.16439010485836572,-0.2082891,-0.17831569328923066,-0.25583183264229586,-0.22585842421167027,-0.20424708821897436,-0.17427367978834876,-0.2532529104487771,-0.22327950201815153
E01026338,E01026338,South Kesteven 009C,South Kesteven,E01026338,1,2021,-0.156079717825329,-0.0299734084306256,0.42718626259022735,66.53356388529318,75.42864048737349,0.0,0.0,0.0,-0.0299734084306256,0.1261063093947034,0.3972128541596017,0.5532925719849308,0.09563652636492892,0.25171624419025795,0.0488916664701858,0.2049713842955148,0.02861517036307801,0.184694888188407,0.011389105070322335,0.16746882289565135,0.02680966337686553,0.18288938120219453,0.015640989,0.17172070677129,0.017641001194637712,0.17372071901996672,0.07222869712999165,0.22830841495532067,0.028675278042561217,0.18475499586789024
E01026338,E01026338,South Kesteven 009C,South Kesteven,E01026338,1,2022,0.196600147788226,-0.156079717825329,-0.1261063093947034,66.53356388529318,75.42864048737349,0.0,0.0,0.0,-0.156079717825329,-0.352679865613555,-0.2821860272200324,-0.4787861750082584,0.16316259149554427,-0.03343755629268172,0.11570227886287543,-0.08089786892535056,0.11617159997008625,-0.08042854781813974,0.08603234945096276,-0.11056779833726323,0.13057799795564717,-0.06602214983257881,0.14535026,-0.05124988526552854,0.06313106518585823,-0.13346908260236776,0.12224217781538252,-0.07435796997284347,0.1031326938413973,-0.09346745394682869
E01026339,E01026339,South Kesteven 009D,South Kesteven,E01026339,1,2020,-0.16865741214447,-0.376701364242073,0.20686871173846,64.67567742381104,68.95826061091294,0.0,0.0,0.0,-0.376701364242073,-0.208043952097603,-0.169832652503613,-0.001175240359143015,-0.19853657816552095,-0.02987916602105095,-0.22462667692288485,-0.05596926477841485,-0.2316491307295059,-0.06299171858503591,-0.21215643730788136,-0.043499025163411364,-0.24630906003322459,-0.07765164788875459,-0.24981976,-0.08116234340972922,-0.26626902686417897,-0.09761161471970897,-0.27636422226305785,-0.10770681011858785,-0.24712718286123608,-0.07846977071676609
E01026339,E01026339,South Kesteven 009D,South Kesteven,E01026339,1,2021,0.172795251899109,-0.16865741214447,0.208043952097603,64.67567742381104,68.95826061091294,0.0,0.0,0.0,-0.16865741214447,-0.341452664043579,0.039386539953133015,-0.13340871194597598,0.021411821442095066,-0.1513834304570139,0.0011317341398138642,-0.17166351775929511,-0.05157515048224289,-0.2243704023813519,-0.04806247537354047,-0.22085772727264946,-0.05865958273907254,-0.23145483463818153,-0.067442104,-0.2402373561194993,-0.06529135853043302,-0.23808661042954202,-0.07072473597171806,-0.24351998787082707,-0.038170198774555096,-0.2109654506736641
E01026339,E01026339,South Kesteven 009D,South Kesteven,E01026339,1,2022,0.273928504540107,0.172795251899109,0.341452664043579,64.67567742381104,68.95826061091294,0.0,0.0,0.0,0.172795251899109,-0.10113325264099798,0.514247915942688,0.24031941140258106,0.30929086448348475,0.035362359943377775,0.275181115467479,0.0012526109273719999,0.21303886361040136,-0.06088964092970561,0.20051112869030996,-0.07341737584979702,0.21314344368285537,-0.060785060857251605,0.1621527,-0.11177581186451646,0.1819615252202279,-0.09196697931987907,0.17342722340620806,-0.10050128113389892,0.24019316298111199,-0.03373534155899499
E01026299,E01026299,South Kesteven 010A,South Kesteven,E01026299,1,2020,1.08856126731461,0.82541988210316,-0.01854722307855905,75.27231568350642,72.11079832993892,0.0,0.0,0.0,0.82541988210316,-0.2631413852114499,0.8068726590246009,-0.28168860829000897,0.9587434158279242,-0.12981785148668568,0.9291080203738767,-0.15945324694073315,0.98310944020993,-0.10545182710467993,0.9310538732195666,-0.15750739409504333,0.9695760256533594,-0.11898524166125046,0.9534006,-0.1351606554371685,0.9728089456536217,-0.11575232166098814,0.9786054437019903,-0.10995582361261957,0.9309569996676863,-0.1576042676469236
E01026299,E01026299,South Kesteven 010A,South Kesteven,E01026299,1,2021,0.685012445727755,1.08856126731461,0.2631413852114499,75.27231568350642,72.11079832993892,0.0,0.0,0.0,1.08856126731461,0.4035488215868549,1.3517026525260598,0.6666902067983048,1.166898556392578,0.481886110664823,1.1398651868369958,0.4548527411092408,1.297328242816619,0.6123157970888641,1.274832682346155,0.5898202366184001,1.3522890588028593,0.6672766130751043,1.3290634,0.6440509697995888,1.2525319374808679,0.5675194917531129,1.1850421521110528,0.5000297063832978,1.2223667869197037,0.5373543411919487
E01026299,E01026299,South Kesteven 010A,South Kesteven,E01026299,1,2022,0.991212606744844,0.685012445727755,-0.4035488215868549,75.27231568350642,72.11079832993892,0.0,0.0,0.0,0.685012445727755,-0.306200161017089,0.2814636241409001,-0.7097489826039439,0.9657847830267166,-0.025427823718127462,0.9824625129136013,-0.0087500938312427,1.0513111708306648,0.060098564085820816,1.042127586079783,0.05091497933493894,1.0951517009042104,0.10393909415936642,1.0788019,0.08758926360122532,1.0022060687088086,0.010993461963964557,0.9195076848167106,-0.07170492192813338,1.0176484563234494,0.02643584957860534
E01026300,E01026300,South Kesteven 010B,South Kesteven,E01026300,1,2020,0.31681462322892,0.44654320132058,0.45178012751695223,71.08952113861788,68.48442029848917,0.0,0.0,0.0,0.44654320132058,0.12972857809166,0.8983233288375323,0.5815087056086123,0.4288934267300101,0.11207880350109006,0.44453205102029053,0.12771742779137052,0.41400462832641327,0.09719000509749326,0.43122808771695487,0.11441346448803486,0.4447750637331826,0.12796044050426258,0.47308445,0.1562698265391464,0.44914736496017565,0.13233274173125564,0.4265501137194665,0.10973549049054648,0.4437813884882169,0.1269667652592969
E01026300,E01026300,South Kesteven 010B,South Kesteven,E01026300,1,2021,0.351606635579086,0.31681462322892,-0.12972857809166,71.08952113861788,68.48442029848917,0.0,0.0,0.0,0.31681462322892,-0.03479201235016599,0.18708604513726002,-0.164520590441826,0.5159292664106112,0.1643226308315252,0.5283691178512124,0.17676248227212643,0.534408890575193,0.18280225499610703,0.5422582667992493,0.19065163122016326,0.5266895418832681,0.1750829063041821,0.5488108,0.19720414446928436,0.5568748895762222,0.20526825399713622,0.5331867996628011,0.18158016408371513,0.5057206945732373,0.15411405899415132
E01026300,E01026300,South Kesteven 010B,South Kesteven,E01026300,1,2022,0.58811735220143,0.351606635579086,0.03479201235016599,71.08952113861788,68.48442029848917,0.0,0.0,0.0,0.351606635579086,-0.23651071662234402,0.386398647929252,-0.20171870427217803,0.5280562001490413,-0.06006115205238871,0.5463000439939069,-0.04181730820752316,0.7128708575971843,0.12475350539575425,0.6369363127330451,0.04881896053161505,0.6631846804087692,0.07506732820733919,0.7041134,0.11599607162288028,0.5947200468301825,0.0066026946287525146,0.505632120468061,-0.08248523173336897,0.5973244985069965,0.009207146305566516
E01026301,E01034703,South Kesteven 010E,South Kesteven,E01026301,1,2020,0.47367092945184,0.50890425127357,0.12033396319057799,72.58741832464622,69.68623067931014,0.0,0.0,0.0,0.50890425127357,0.03523332182173,0.629238214464148,0.155567285012308,0.5800144002165577,0.10634347076471773,0.5424419597350975,0.06877103028325748,0.6590663682662959,0.18539543881445597,0.6350941768808545,0.16142324742901448,0.5967868528203878,0.12311592336854782,0.62716633,0.1534954013625216,0.568958507456791,0.09528757800495102,0.5900567910401038,0.1163858615882638,0.5701338242717631,0.0964628948199231
E01026301,E01034703,South Kesteven 010E,South Kesteven,E01026301,1,2021,0.727097605522645,0.47367092945184,-0.03523332182173,72.58741832464622,69.68623067931014,0.0,0.0,0.0,0.47367092945184,-0.25342667607080505,0.43843760763010997,-0.28865999789253505,0.660815943540398,-0.06628166198224705,0.6166422209233464,-0.1104553845992986,0.6820192098552874,-0.04507839566735761,0.6762762086495345,-0.05082139687311049,0.7198479460558325,-0.0072496594668125525,0.6807626,-0.0463350165448313,0.6302009739553708,-0.09689663156727424,0.6989967007578934,-0.028100904764751578,0.6341230094655341,-0.09297459605711089
E01026301,E01034703,South Kesteven 010E,South Kesteven,E01026301,1,2022,0.51614364481282,0.727097605522645,0.25342667607080505,72.58741832464622,69.68623067931014,0.0,0.0,0.0,0.727097605522645,0.21095396070982497,0.9805242815934501,0.46438063678063,0.777839532305915,0.2616958874930949,0.7368984529399991,0.22075480812717907,0.8385228177431288,0.3223791729303087,0.8173105449142952,0.3011669001014752,0.8662467931350536,0.35010314832223355,0.71898854,0.20284489297557107,0.7343411254724846,0.2181974806596646,0.7636177884769315,0.24747414366411147,0.7643164172421901,0.24817277242937008
E01026301,E01034704,South Kesteven 010F,South Kesteven,E01026301,1,2020,0.47367092945184,0.50890425127357,0.12033396319057799,72.58741832464622,69.68623067931014,0.0,0.0,0.0,0.50890425127357,0.03523332182173,0.629238214464148,0.155567285012308,0.5800144002165577,0.10634347076471773,0.5424419597350975,0.06877103028325748,0.6590663682662959,0.18539543881445597,0.6350941768808545,0.16142324742901448,0.5967868528203878,0.12311592336854782,0.62716633,0.1534954013625216,0.568958507456791,0.09528757800495102,0.5900567910401038,0.1163858615882638,0.5701338242717631,0.0964628948199231
E01026301,E01034704,South Kesteven 010F,South Kesteven,E01026301,1,2021,0.727097605522645,0.47367092945184,-0.03523332182173,72.58741832464622,69.68623067931014,0.0,0.0,0.0,0.47367092945184,-0.25342667607080505,0.43843760763010997,-0.28865999789253505,0.660815943540398,-0.06628166198224705,0.6166422209233464,-0.1104553845992986,0.6820192098552874,-0.04507839566735761,0.6762762086495345,-0.05082139687311049,0.7198479460558325,-0.0072496594668125525,0.6807626,-0.0463350165448313,0.6302009739553708,-0.09689663156727424,0.6989967007578934,-0.028100904764751578,0.6341230094655341,-0.09297459605711089
E01026301,E01034704,South Kesteven 010F,South Kesteven,E01026301,1,2022,0.51614364481282,0.727097605522645,0.25342667607080505,72.58741832464622,69.68623067931014,0.0,0.0,0.0,0.727097605522645,0.21095396070982497,0.9805242815934501,0.46438063678063,0.777839532305915,0.2616958874930949,0.7368984529399991,0.22075480812717907,0.8385228177431288,0.3223791729303087,0.8173105449142952,0.3011669001014752,0.8662467931350536,0.35010314832223355,0.71898854,0.20284489297557107,0.7343411254724846,0.2181974806596646,0.7636177884769315,0.24747414366411147,0.7643164172421901,0.24817277242937008
E01026283,E01026283,South Holland 004C,South Holland,E01026283,1,2020,0.54784482257158,0.419486130154469,0.3775699681002824,77.07467120524349,77.7892043571008,0.0,0.0,0.0,0.419486130154469,-0.12835869241711095,0.7970560982547514,0.24921127568317147,0.4899340867448468,-0.05791073582673317,0.45012456042627447,-0.09772026214530549,0.4865346569793172,-0.061310165592262766,0.4558721687875472,-0.09197265378403274,0.4081598558300227,-0.13968496674155728,0.43704772,-0.11079710261613562,0.48859242252241847,-0.05925240004916149,0.39728688085093106,-0.1505579417206489,0.47044608045492076,-0.0773987421166592
E01026283,E01026283,South Holland 004C,South Holland,E01026283,1,2021,0.511933612806962,0.54784482257158,0.12835869241711095,77.07467120524349,77.7892043571008,0.0,0.0,0.0,0.54784482257158,0.035911209764617924,0.6762035149886909,0.16426990218172888,0.6178687880875217,0.10593517528055962,0.5964388067453145,0.08450519393835243,0.67424376401497,0.16231015120800796,0.6434655826459438,0.13153196983898174,0.6169610709669208,0.10502745815995873,0.66317123,0.15123761893971155,0.6542489328837213,0.1423153200767593,0.5395938926009186,0.027660279793956577,0.6267634847748558,0.11482987196789374
E01026283,E01026283,South Holland 004C,South Holland,E01026283,1,2022,0.656887445542133,0.511933612806962,-0.035911209764617924,77.07467120524349,77.7892043571008,0.0,0.0,0.0,0.511933612806962,-0.14495383273517093,0.4760224030423441,-0.18086504249978885,0.7728605320444768,0.11597308650234384,0.729999298703002,0.07311185316086899,0.7319488923131658,0.07506144677103288,0.6778939439676313,0.021006498425498288,0.7845448690470207,0.12765742350488773,0.7224211,0.06553366413422812,0.7453895205560553,0.08850207501392238,0.6688869741571126,0.01199952861497966,0.7491271897161391,0.09223974417400616
E01026285,E01026285,South Holland 004D,South Holland,E01026285,1,2020,-0.0712157092011665,-0.0226087451027448,0.4095964399348692,77.94706765590702,77.92683783112331,0.0,0.0,0.0,-0.0226087451027448,0.048606964098421704,0.3869876948321244,0.4582034040332909,0.2418582228399912,0.3130739320411577,0.1862191297909795,0.257434838992146,0.15823107410723133,0.22944678330839785,0.13673520684277699,0.2079509160439435,0.25546291270946897,0.32667862191063546,0.19702342,0.2682391307271217,0.1639933092701802,0.23520901847134668,0.19817973790993726,0.26939544711110375,0.18883249961761572,0.2600482088187822
E01026285,E01026285,South Holland 004D,South Holland,E01026285,1,2021,0.577297438852519,-0.0712157092011665,-0.048606964098421704,77.94706765590702,77.92683783112331,0.0,0.0,0.0,-0.0712157092011665,-0.6485131480536855,-0.1198226732995882,-0.6971201121521072,0.21141656930305497,-0.3658808695494641,0.17838282474571093,-0.3989146141068081,0.2251143185260393,-0.35218312032647975,0.16071734586396488,-0.41658009298855414,0.26916481051389396,-0.3081326283386251,0.25218004,-0.32511739896985914,0.15758733634019828,-0.41971010251232077,0.18748152245915262,-0.38981591639336644,0.1882067992222171,-0.38909063963030194
E01026285,E01026285,South Holland 004D,South Holland,E01026285,1,2022,0.895597756197213,0.577297438852519,0.6485131480536855,77.94706765590702,77.92683783112331,0.0,0.0,0.0,0.577297438852519,-0.318300317344694,1.2258105869062046,0.33021283070899154,0.6644318625870743,-0.23116589361013873,0.6167082303369459,-0.27888952586026716,0.5056947978021094,-0.3899029583951037,0.4147655644203654,-0.48083219177684766,0.4364515150051959,-0.45914624119201713,0.46423134,-0.4313664141199578,0.5527577896507161,-0.34283996654649695,0.5385484092282624,-0.35704934696895063,0.563509371230406,-0.33208838496680704
E01026286,E01026286,South Holland 004E,South Holland,E01026286,1,2020,0.365334983408798,0.198463782853823,0.705397166698186,78.34749632124259,78.6186918928159,0.0,0.0,0.0,0.198463782853823,-0.166871200554975,0.9038609495520089,0.5385259661432109,0.31414532004950835,-0.05118966335928965,0.24656228280772863,-0.11877270060106937,0.11194792955612795,-0.25338705385267,0.11273880682775783,-0.25259617658104017,0.09468276600922186,-0.2706522173995761,0.12028538,-0.24504960650240304,0.15799288978560372,-0.20734209362319428,0.15717253178393512,-0.20816245162486288,0.20453615486735072,-0.16079882854144728
E01026286,E01026286,South Holland 004E,South Holland,E01026286,1,2021,0.883554575615405,0.365334983408798,0.166871200554975,78.34749632124259,78.6186918928159,0.0,0.0,0.0,0.365334983408798,-0.518219592206607,0.5322061839637731,-0.3513483916516319,0.4029713911797961,-0.4805831844356089,0.3776583137091399,-0.505896261906265,0.4276396386001634,-0.45591493701524155,0.36982489206074837,-0.5137296835546565,0.3853889115536743,-0.4981656640617307,0.43682843,-0.4467261411480893,0.41241672075626146,-0.4711378548591435,0.35609937620710946,-0.5274551994082954,0.4168022561666919,-0.46675231944871304
E01026286,E01026286,South Holland 004E,South Holland,E01026286,1,2022,1.03655196336826,0.883554575615405,0.518219592206607,78.34749632124259,78.6186918928159,0.0,0.0,0.0,0.883554575615405,-0.1529973877528551,1.401774167822012,0.36522220445375186,0.8871357710589886,-0.1494161923092715,0.8479531313577846,-0.18859883201047545,0.8547482740362373,-0.18180368933202273,0.8900931730004116,-0.14645879036784848,0.8577850380400182,-0.1787669253282419,0.8378605,-0.19869143871387163,0.8278027373567638,-0.20874922601149626,0.7957137047151362,-0.2408382586531238,0.8689409955169558,-0.16761096785130425
E01026241,E01026241,South Holland 005A,South Holland,E01026241,1,2020,-0.0133732634154638,-0.165597259310191,-0.07278584263958021,66.14820789449455,77.55440375694826,0.0,0.0,0.0,-0.165597259310191,-0.1522239958947272,-0.23838310194977122,-0.22500983853430742,0.06228476924470542,0.07565803266016922,0.06764619980913045,0.08101946322459425,0.04485359732515551,0.05822686074061931,0.0670781552586206,0.0804514186740844,0.02378510776956451,0.03715837118502831,0.026775083,0.04014834598875844,0.04992811392421735,0.06330137733968115,0.0701416221986555,0.0835148856141193,0.017532361428639415,0.030905624844103217
E01026241,E01026241,South Holland 005A,South Holland,E01026241,1,2021,0.125946997089488,-0.0133732634154638,0.1522239958947272,66.14820789449455,77.55440375694826,0.0,0.0,0.0,-0.0133732634154638,-0.1393202605049518,0.1388507324792634,0.012903735389775406,0.18169859996175947,0.05575160287227146,0.17811777896373687,0.05217078187424887,0.2104033462161822,0.0844563491266942,0.21946759326847853,0.09352059617899053,0.21234081457808945,0.08639381748860145,0.17885605,0.05290904791821768,0.14479423606620503,0.01884723897671703,0.1371110010740772,0.011164003984589194,0.16345484440932417,0.03750784731983617
E01026241,E01026241,South Holland 005A,South Holland,E01026241,1,2022,0.303928252298932,0.125946997089488,0.1393202605049518,66.14820789449455,77.55440375694826,0.0,0.0,0.0,0.125946997089488,-0.177981255209444,0.2652672575944398,-0.03866099470449219,0.3026699256368757,-0.001258326662056275,0.29237696910948535,-0.011551283189446648,0.25551956692541555,-0.04840868537351645,0.23811689868145483,-0.06581135361747717,0.2534287022356702,-0.05049955006326179,0.24130973,-0.06261852010021679,0.22764232604069176,-0.07628592625824024,0.22868803554104644,-0.07524021675788556,0.2748809096956958,-0.029047342603236215
E01026258,E01026258,South Holland 005B,South Holland,E01026258,1,2020,0.216818249089827,0.457501776318246,0.641206012725118,70.23060680926504,77.69706202020879,0.0,0.0,0.0,0.457501776318246,0.24068352722841901,1.098707789043364,0.8818895399535371,0.5001216307682043,0.28330338167837726,0.4429544214338164,0.22613617234398942,0.44598786567189674,0.22916961658206975,0.42739171274067406,0.21057346365084706,0.32680232612587756,0.10998407703605056,0.39713255,0.180314296619783,0.42539424602643483,0.20857599693660783,0.3900105091198939,0.17319226003006688,0.4436129879485285,0.2267947388587015
E01026258,E01026258,South Holland 005B,South Holland,E01026258,1,2021,0.419349298265635,0.216818249089827,-0.24068352722841901,70.23060680926504,77.69706202020879,0.0,0.0,0.0,0.216818249089827,-0.202531049175808,-0.023865278138592017,-0.443214576404227,0.45147729046013896,0.03212799219450396,0.4177148949901235,-0.001634403275511509,0.44122002026979174,0.02187072200415674,0.469956504450945,0.050607206185310005,0.4744247865944354,0.05507548832880038,0.47111052,0.0517612244814048,0.4262466359340628,0.0068973376684278165,0.3508573937586894,-0.06849190450694559,0.45280900539839164,0.033459707132756644
E01026258,E01026258,South Holland 005B,South Holland,E01026258,1,2022,0.877592767725383,0.419349298265635,0.202531049175808,70.23060680926504,77.69706202020879,0.0,0.0,0.0,0.419349298265635,-0.458243469459748,0.6218803474414429,-0.25571242028394003,0.6432368158643936,-0.23435595186098934,0.5880279468874008,-0.2895648208379822,0.679989085117402,-0.197603682607981,0.6426880820227254,-0.23490468570265755,0.6225745007310518,-0.25501826699433117,0.63426274,-0.24333002711335294,0.5985737705005248,-0.2790189972248581,0.5732034337004568,-0.3043893340249262,0.6305674113880413,-0.24702535633734168
E01026259,E01026259,South Holland 005C,South Holland,E01026259,1,2020,0.525958114463435,0.356503221858323,0.2835712250437997,69.07098136266855,77.99714200072519,0.0,0.0,0.0,0.356503221858323,-0.16945489260511198,0.6400744469021227,0.11411633243868768,0.44503260053419874,-0.08092551392923625,0.422387278636249,-0.10357083582718601,0.42035839564164534,-0.10559971882178965,0.39873268648867494,-0.12722542797476005,0.4139545990516804,-0.11200351541175457,0.4118468,-0.11411132772599297,0.46652838559421234,-0.05942972886922265,0.29860538407316817,-0.22735273039026682,0.4383919106057986,-0.08756620385763642
E01026259,E01026259,South Holland 005C,South Holland,E01026259,1,2021,0.6106291160981,0.525958114463435,0.16945489260511198,69.07098136266855,77.99714200072519,0.0,0.0,0.0,0.525958114463435,-0.08467100163466501,0.6954130070685469,0.08478389097044692,0.5781730599023006,-0.03245605619579939,0.5742125805055277,-0.0364165355925723,0.6661538790558039,0.05552476295770392,0.6620878998610573,0.051458783762957316,0.6468556414655832,0.036226525367483164,0.64534783,0.03471871753532285,0.6022794802779089,-0.008349635820191104,0.46286055821382066,-0.14776855788427934,0.6038981840633697,-0.006730932034730297
E01026259,E01026259,South Holland 005C,South Holland,E01026259,1,2022,0.568184647335114,0.6106291160981,0.08467100163466501,69.07098136266855,77.99714200072519,0.0,0.0,0.0,0.6106291160981,0.04244446876298602,0.695300117732765,0.12711547039765103,0.7637695491629543,0.19558490182784027,0.7348598600305888,0.1666752126954748,0.7219071212761627,0.15372247394104877,0.7448124987144378,0.1766278513793238,0.7623280022736835,0.1941433549385695,0.7239797,0.1557950641974788,0.7168201708088735,0.14863552347375952,0.6263707826100188,0.05818613527490479,0.7416226074800369,0.17343796014492296
E01026260,E01026260,South Holland 005D,South Holland,E01026260,1,2020,0.704355585625548,1.10483488661503,0.8179778750793139,70.09167412021793,78.54652211404994,0.0,0.0,0.0,1.10483488661503,0.4004793009894819,1.9228127616943438,1.2184571760687959,0.9627326430193986,0.25837705739385064,0.9024840614350362,0.19812847580948822,1.0508522375759122,0.34649665195036417,1.0878137428984755,0.38345815727292754,1.107994846217169,0.4036392605916209,0.98674864,0.2823930501433424,0.9166105764214296,0.21225499079588162,0.9258044053752771,0.22144881974972908,0.9982251969060689,0.2938696112805209
E01026260,E01026260,South Holland 005D,South Holland,E01026260,1,2021,1.23025025010035,0.704355585625548,-0.4004793009894819,70.09167412021793,78.54652211404994,0.0,0.0,0.0,0.704355585625548,-0.525894664474802,0.3038762846360661,-0.926373965464284,0.9124775090130757,-0.3177727410872744,0.9098298436452199,-0.32042040645513015,0.9573188865496521,-0.2729313635506979,0.9902795293109041,-0.23997072078944592,0.9515562613037535,-0.27869398879659657,0.9142404,-0.3160098302356955,0.9198262195017956,-0.3104240305985545,0.8928929085628221,-0.33735734153752794,0.9263857837788063,-0.30386446632154374
E01026260,E01026260,South Holland 005D,South Holland,E01026260,1,2022,1.1640966628394,1.23025025010035,0.525894664474802,70.09167412021793,78.54652211404994,0.0,0.0,0.0,1.23025025010035,0.06615358726095,1.756144914575152,0.5920482517357519,1.258559115502759,0.09446245266335884,1.2064541239610682,0.04235746112166816,1.286624525326467,0.12252786248706693,1.3341186407671826,0.1700219779277825,1.3371575587241027,0.17306089588470264,1.256011,0.09191434637690854,1.284371729942915,0.12027506710351488,1.224563615670714,0.06046695283131398,1.2576928022757836,0.09359613943638356
E01026266,E01026266,South Holland 006B,South Holland,E01026266,1,2020,0.0072814049669228,0.0169144439495055,0.32251168889814646,66.37071455595513,70.22269636877729,0.0,0.0,0.0,0.0169144439495055,0.0096330389825827,0.33942613284765194,0.33214472788072913,0.19650932363407708,0.18922791866715427,0.19136682874740493,0.18408542378048212,0.18856430668780927,0.18128290172088646,0.1861167662897009,0.17883536132277808,0.189841712934746,0.1825603079678232,0.16063604,0.1533546326211967,0.16346566416883196,0.15618425920190915,0.2130816546217911,0.2058002496548683,0.1629933273045029,0.15571192233758008
E01026266,E01026266,South Holland 006B,South Holland,E01026266,1,2021,0.650612161541381,0.0072814049669228,-0.0096330389825827,66.37071455595513,70.22269636877729,0.0,0.0,0.0,0.0072814049669228,-0.6433307565744583,-0.0023516340156598996,-0.6529637955570409,0.22277259574650832,-0.4278395657948727,0.22005668314354693,-0.4305554783978341,0.20279948735379463,-0.4478126741875864,0.19060624593423137,-0.46000591560714965,0.23853050891258096,-0.41208165262880003,0.17587982,-0.4747323403600837,0.17605351022493973,-0.47455865131644126,0.24220964643328236,-0.40840251510809866,0.19122837169732043,-0.4593837898440606
E01026266,E01026266,South Holland 006B,South Holland,E01026266,1,2022,0.532554780307028,0.650612161541381,0.6433307565744583,66.37071455595513,70.22269636877729,0.0,0.0,0.0,0.650612161541381,0.11805738123435305,1.2939429181158393,0.7613881378088113,0.5771599196452667,0.04460513933823873,0.5915641308560601,0.059009350549032114,0.5756228844119131,0.04306810410488515,0.5808257896696848,0.048271009362656825,0.5393106741633928,0.006755893856364881,0.5592367,0.026681924996164175,0.6744688985993539,0.14191411829232592,0.5496131685801614,0.01705838827313344,0.5681718129191589,0.035617032612130894
E01026273,E01026273,South Holland 006C,South Holland,E01026273,1,2020,0.249700015084396,0.385557420096365,0.3429182071235868,73.46459929219064,76.16732060759874,0.0,0.0,0.0,0.385557420096365,0.13585740501196902,0.7284756272199517,0.47877561213555575,0.49634015259086467,0.24664013750646868,0.46834430742881195,0.21864429234441596,0.4749950701720897,0.2252950550876937,0.4640038176780184,0.21430380259362242,0.4881824635237284,0.23848244843933242,0.50124484,0.25154482792173805,0.5051962399076497,0.25549622482325374,0.4487651871707659,0.19906517208636992,0.47892235042712517,0.22922233534272918
E01026273,E01026273,South Holland 006C,South Holland,E01026273,1,2021,0.317900257315025,0.249700015084396,-0.13585740501196902,73.46459929219064,76.16732060759874,0.0,0.0,0.0,0.249700015084396,-0.06820024223062904,0.11384261007242696,-0.20405764724259806,0.4224037945298286,0.1045035372148036,0.43337699342735214,0.11547673611232712,0.5392788355785371,0.22137857826351204,0.5034942927475541,0.18559403543252906,0.5439392212514313,0.22603896393640632,0.56608593,0.24818567732395203,0.5352844721834717,0.21738421486844672,0.40651897320163916,0.08861871588661413,0.4782503571190965,0.1603500998040715
E01026273,E01026273,South Holland 006C,South Holland,E01026273,1,2022,0.387771532184633,0.317900257315025,0.06820024223062904,73.46459929219064,76.16732060759874,0.0,0.0,0.0,0.317900257315025,-0.06987127486960798,0.38610049954565406,-0.001671032638978942,0.5335257112896538,0.14575417910502075,0.5174301409631692,0.1296586087785362,0.6658258455034477,0.2780543133188147,0.5994065167494068,0.2116349845647738,0.6498459840076832,0.2620744518230502,0.69403505,0.3062635210685408,0.5688878276344016,0.1811162954497686,0.5114456390663588,0.12367410688172575,0.5952273979251292,0.20745586574049624
E01026274,E01034697,South Holland 006H,South Holland,E01026274,1,2020,-0.203367085571857,-0.295121385668568,0.15266206978963703,74.67594224266198,77.26140540925154,0.0,0.0,0.0,-0.295121385668568,-0.09175430009671098,-0.14245931587893096,0.06090776969292605,-0.07886402853161482,0.12450305704024218,-0.10565608105588141,0.0977110045159756,-0.18747997906295344,0.01588710650890357,-0.17706396811707134,0.02630311745478567,-0.11880074301176478,0.08456634256009223,-0.17528042,0.02808666359958223,-0.12822594639644427,0.07514113917541274,-0.1372266645106615,0.0661404210611955,-0.12528903503670694,0.07807805053515007
E01026274,E01034697,South Holland 006H,South Holland,E01026274,1,2021,-0.0676685000683946,-0.203367085571857,0.09175430009671098,74.67594224266198,77.26140540925154,0.0,0.0,0.0,-0.203367085571857,-0.13569858550346242,-0.11161278547514603,-0.043944285406751424,-0.009503665224213809,0.05816483484418079,-0.017107526097427203,0.0505609739709674,-0.04371364058124435,0.023954859487150253,-0.03510429410750345,0.03256420596089115,0.00014991063496466142,0.06781841070335927,-0.028851243,0.03881725733241266,-0.00855080573519476,0.05911769433319984,-0.03968045097147503,0.02798804909691957,-0.03278713226455449,0.03488136780384011
E01026274,E01034697,South Holland 006H,South Holland,E01026274,1,2022,0.111224212894394,-0.0676685000683946,0.13569858550346242,74.67594224266198,77.26140540925154,0.0,0.0,0.0,-0.0676685000683946,-0.1788927129627886,0.06803008543506782,-0.04319412745932619,0.14188916403235452,0.030664951137960514,0.11491630779529632,0.003692094900902318,0.16675626161051466,0.05553204871612065,0.10144302406951596,-0.009781188824878051,0.18800192766485013,0.07677771477045613,0.14577024,0.034546023955390845,0.08142049836082609,-0.02980371453356792,0.06096103963129406,-0.050263173263099946,0.1464275206059571,0.03520330771156309
E01026274,E01034698,South Holland 006I,South Holland,E01026274,1,2020,-0.203367085571857,-0.295121385668568,0.15266206978963703,74.67594224266198,77.26140540925154,0.0,0.0,0.0,-0.295121385668568,-0.09175430009671098,-0.14245931587893096,0.06090776969292605,-0.07886402853161482,0.12450305704024218,-0.10565608105588141,0.0977110045159756,-0.18747997906295344,0.01588710650890357,-0.17706396811707134,0.02630311745478567,-0.11880074301176478,0.08456634256009223,-0.17528042,0.02808666359958223,-0.12822594639644427,0.07514113917541274,-0.1372266645106615,0.0661404210611955,-0.12528903503670694,0.07807805053515007
E01026274,E01034698,South Holland 006I,South Holland,E01026274,1,2021,-0.0676685000683946,-0.203367085571857,0.09175430009671098,74.67594224266198,77.26140540925154,0.0,0.0,0.0,-0.203367085571857,-0.13569858550346242,-0.11161278547514603,-0.043944285406751424,-0.009503665224213809,0.05816483484418079,-0.017107526097427203,0.0505609739709674,-0.04371364058124435,0.023954859487150253,-0.03510429410750345,0.03256420596089115,0.00014991063496466142,0.06781841070335927,-0.028851243,0.03881725733241266,-0.00855080573519476,0.05911769433319984,-0.03968045097147503,0.02798804909691957,-0.03278713226455449,0.03488136780384011
E01026274,E01034698,South Holland 006I,South Holland,E01026274,1,2022,0.111224212894394,-0.0676685000683946,0.13569858550346242,74.67594224266198,77.26140540925154,0.0,0.0,0.0,-0.0676685000683946,-0.1788927129627886,0.06803008543506782,-0.04319412745932619,0.14188916403235452,0.030664951137960514,0.11491630779529632,0.003692094900902318,0.16675626161051466,0.05553204871612065,0.10144302406951596,-0.009781188824878051,0.18800192766485013,0.07677771477045613,0.14577024,0.034546023955390845,0.08142049836082609,-0.02980371453356792,0.06096103963129406,-0.050263173263099946,0.1464275206059571,0.03520330771156309
E01026275,E01026275,South Holland 006E,South Holland,E01026275,1,2020,0.173009509287269,-0.0565352750908397,0.19456270578707033,70.67532742856419,73.82963428439433,0.0,0.0,0.0,-0.0565352750908397,-0.22954478437810868,0.13802743069623064,-0.03498207859103836,0.12058712689026826,-0.05242238239700073,0.11058647400242178,-0.06242303528484722,0.07083013196583292,-0.10217937732143607,0.06756261463827051,-0.10544689464899848,0.08731687653518266,-0.08569263275208633,0.013257115,-0.15975239413926112,0.06004909964775178,-0.11296040963951721,0.0837001844105908,-0.0893093248766782,0.06484389333930002,-0.10816561594796897
E01026275,E01026275,South Holland 006E,South Holland,E01026275,1,2021,0.399949562266086,0.173009509287269,0.22954478437810868,70.67532742856419,73.82963428439433,0.0,0.0,0.0,0.173009509287269,-0.22694005297881703,0.40255429366537765,0.0026047313992916266,0.2312302631436851,-0.1687192991224009,0.24129077530801124,-0.15865878695807478,0.16150999701916563,-0.2384395652469204,0.23440614877936666,-0.16554341348671936,0.12360762940071046,-0.27634193286537556,0.10360524,-0.2963443216826662,0.19576815512433351,-0.2041814071417525,0.15620836361380902,-0.243741198652277,0.16725837121084922,-0.2326911910552368
E01026275,E01026275,South Holland 006E,South Holland,E01026275,1,2022,0.415308792997173,0.399949562266086,0.22694005297881703,70.67532742856419,73.82963428439433,0.0,0.0,0.0,0.399949562266086,-0.01535923073108697,0.626889615244903,0.21158082224773006,0.4749194599513958,0.05961066695422279,0.4749174637505037,0.059608670753330706,0.5347493615330171,0.11944056853584412,0.4896736475478894,0.0743648545507164,0.5181264227804091,0.10281762978323611,0.50439864,0.08908985097331651,0.5194415719837876,0.1041327789866146,0.3978955863035545,-0.01741320669361851,0.4880004489573042,0.07269165596013122
E01032995,E01032995,South Holland 006F,South Holland,E01032995,1,2020,0.456021340553304,0.560498861038794,0.711634364306226,70.58726870258064,73.71213550870968,0.0,0.0,0.0,0.560498861038794,0.10447752048548997,1.27213322534502,0.8161118847917159,0.5945596674822399,0.13853832692893586,0.5805263957550684,0.12450505520176436,0.6216728549653315,0.16565151441202752,0.6173595614351505,0.16133822088184646,0.5899605319226007,0.13393919136929666,0.5378381,0.08181676083371991,0.5599674342035276,0.10394609365022356,0.5142232227156601,0.05820188216235611,0.5673901943036568,0.11136885375035277
E01032995,E01032995,South Holland 006F,South Holland,E01032995,1,2021,0.463117126419296,0.456021340553304,-0.10447752048548997,70.58726870258064,73.71213550870968,0.0,0.0,0.0,0.456021340553304,-0.007095785865991966,0.35154382006781404,-0.11157330635148194,0.5828378791819905,0.1197207527626945,0.5984623511805391,0.13534522476124317,0.7124549504984734,0.24933782407917743,0.7262611926395178,0.26314406622022185,0.7284715703427557,0.2653544439234597,0.6716447,0.2085275612332919,0.6330576566341316,0.16994053021483563,0.563531858340372,0.10041473192107603,0.604165167977361,0.141048041558065
E01032995,E01032995,South Holland 006F,South Holland,E01032995,1,2022,0.485407255060845,0.463117126419296,0.007095785865991966,70.58726870258064,73.71213550870968,0.0,0.0,0.0,0.463117126419296,-0.022290128641549,0.47021291228528794,-0.015194342775557035,0.7103291068568655,0.22492185179602048,0.7139722356743777,0.22856498061353275,0.8077922342770004,0.32238497921615544,0.767766180685011,0.28235892562416604,0.8084724816879811,0.32306522662713616,0.78168005,0.29627279245120947,0.7623003563940248,0.27689310133317985,0.6647866341781244,0.17937937911727947,0.7334872618003052,0.24808000673946023
E01032996,E01032996,South Holland 006G,South Holland,E01032996,1,2020,0.0589888395983663,0.254319630771653,0.2847531361322548,77.8807994327728,79.92858192830484,0.0,0.0,0.0,0.254319630771653,0.19533079117328667,0.5390727669039077,0.4800839273055414,0.3733916619763536,0.3144028223779873,0.34403777407585523,0.2850489344774889,0.38197535010030476,0.32298651050193844,0.32689788518863355,0.26790904559026724,0.30700862468091455,0.24801978508254824,0.23767,0.17868116476946205,0.34993835321965117,0.29094951362128485,0.2504410030706082,0.19145216347224187,0.3411882355283242,0.2821993959299579
E01032996,E01032996,South Holland 006G,South Holland,E01032996,1,2021,0.157481760839517,0.0589888395983663,-0.19533079117328667,77.8807994327728,79.92858192830484,0.0,0.0,0.0,0.0589888395983663,-0.09849292124115071,-0.13634195157492035,-0.2938237124144374,0.2967597457745198,0.1392779849350028,0.30886696022567933,0.15138519938616232,0.3893448151703098,0.23186305433079277,0.32160224131000914,0.16412048047049213,0.49237689852366645,0.33489513768414947,0.4071566,0.24967482580751668,0.33056512223557155,0.17308336139605454,0.2198446753494186,0.062362914509901585,0.3563273366460889,0.1988455758065719
E01032996,E01032996,South Holland 006G,South Holland,E01032996,1,2022,0.337290476549588,0.157481760839517,0.09849292124115071,77.8807994327728,79.92858192830484,0.0,0.0,0.0,0.157481760839517,-0.17980871571007098,0.2559746820806677,-0.08131579446892029,0.40916028124960996,0.07186980470002197,0.38646453687984134,0.049174060330253344,0.40942308014076473,0.07213260359117674,0.3698871831986432,0.03259670664905523,0.3973191911041198,0.06002871455453179,0.3996194,0.06232892395166323,0.36420433403544994,0.026913857485861947,0.331053856153323,-0.006236620396264991,0.3995476038994884,0.06225712734990041
E01026268,E01026268,South Holland 007A,South Holland,E01026268,1,2020,0.315084461531874,0.237099056864861,0.32824857794148576,67.60160968127416,71.17896796171792,0.0,0.0,0.0,0.237099056864861,-0.07798540466701304,0.5653476348063468,0.25026317327447273,0.43721360941943826,0.12212914788756424,0.4083586425837261,0.09327418105185209,0.4512059624822719,0.13612150095039788,0.4061147361173388,0.09103027458546475,0.5133771754005206,0.1982927138686466,0.4703832,0.15529873553729406,0.4417864357593387,0.12670197422746465,0.43064948884005216,0.11556502730817814,0.4432523353414336,0.12816787380955957
E01026268,E01026268,South Holland 007A,South Holland,E01026268,1,2021,0.477449572985115,0.315084461531874,0.07798540466701304,67.60160968127416,71.17896796171792,0.0,0.0,0.0,0.315084461531874,-0.16236511145324095,0.39306986619888706,-0.08437970678622791,0.4769512211924913,-0.0004983517926236969,0.4615369356245431,-0.015912637360571857,0.5599563930755527,0.0825068200904377,0.4757040042773997,-0.001745568707715306,0.6534617150281848,0.17601214204306986,0.5948279,0.11737831741100319,0.5603558702217868,0.08290629723667181,0.4956264682376013,0.018176895252486336,0.5356521178279368,0.05820254484282178
E01026268,E01026268,South Holland 007A,South Holland,E01026268,1,2022,0.703108589017628,0.477449572985115,0.16236511145324095,67.60160968127416,71.17896796171792,0.0,0.0,0.0,0.477449572985115,-0.22565901603251298,0.6398146844383559,-0.06329390457927209,0.6623457101187408,-0.04076287889888719,0.6386105267229357,-0.06449806229469224,0.7765069108054901,0.0733983217878621,0.7056603536479051,0.0025517646302771757,0.7699914290408048,0.06688284002317679,0.75595033,0.052841742670299285,0.7386971409150856,0.03558855189745769,0.6356251446873676,-0.06748344433026032,0.7007550729304926,-0.00235351608713541
E01026269,E01026269,South Holland 007B,South Holland,E01026269,1,2020,0.567965805267229,0.436800694006688,0.7375375721101429,68.06675739003057,71.57185914015714,0.0,0.0,0.0,0.436800694006688,-0.13116511126054098,1.174338266116831,0.606372460849602,0.4569916256535878,-0.11097417961364114,0.44183281224258997,-0.12613299302463898,0.5275214710676789,-0.04044433419955007,0.4415719492898668,-0.12639385597736214,0.44965514007348767,-0.11831066519374128,0.45185292,-0.11611288759602534,0.46832166316038465,-0.0996441421068443,0.39734394201775186,-0.1706218632494771,0.46385650952370416,-0.10410929574352479
E01026269,E01026269,South Holland 007B,South Holland,E01026269,1,2021,0.337683300210545,0.567965805267229,0.13116511126054098,68.06675739003057,71.57185914015714,0.0,0.0,0.0,0.567965805267229,0.23028250505668396,0.6991309165277699,0.36144761631722494,0.5538542783307666,0.21617097812022162,0.5569587434652797,0.21927544325473475,0.6666857331078123,0.3290024328972673,0.62601548877471,0.28833218856416504,0.7051469575896915,0.3674636573791465,0.70708185,0.3693985541328693,0.6429262769723864,0.30524297676184137,0.5803080036229894,0.2426247034124444,0.595874984811952,0.258191684601407
E01026269,E01026269,South Holland 007B,South Holland,E01026269,1,2022,0.380762908809073,0.337683300210545,-0.23028250505668396,68.06675739003057,71.57185914015714,0.0,0.0,0.0,0.337683300210545,-0.043079608598527996,0.10740079515386103,-0.27336211365521196,0.6289746027305155,0.24821169392144254,0.6326807708596753,0.25191786205060235,0.7273755520414998,0.34661264323242685,0.6664402120804096,0.2856773032713366,0.7403345299654528,0.3595716211563798,0.7254802,0.34471729005109547,0.6237091878870655,0.24294627907799254,0.5926027515073272,0.21183984269825423,0.6839472936542603,0.30318438484518734
E01026270,E01026270,South Holland 007C,South Holland,E01026270,1,2020,-0.0281402362607815,0.47740984811426,0.5816689366494711,71.98554923742422,74.83422744917621,0.0,0.0,0.0,0.47740984811426,0.5055500843750416,1.059078784763731,1.0872190210245125,0.48268158537281436,0.5108218216335959,0.46705147381507967,0.49519171007586116,0.6359773036575643,0.6641175399183459,0.614225336488281,0.6423655727490626,0.5144180639898018,0.5425583002505834,0.58384687,0.6119871033452847,0.5543924952723156,0.5825327315330971,0.4286151361031896,0.45675537236397107,0.494625206380876,0.5227654426416575
E01026270,E01026270,South Holland 007C,South Holland,E01026270,1,2021,0.0238398211952236,-0.0281402362607815,-0.5055500843750416,71.98554923742422,74.83422744917621,0.0,0.0,0.0,-0.0281402362607815,-0.0519800574560051,-0.5336903206358231,-0.5575301418310468,0.350491561575416,0.3266517403801924,0.3767820038537444,0.3529421826585208,0.4663712640676492,0.44253144287242563,0.3567905060552796,0.332950684860056,0.4316627028694587,0.4078228816742351,0.45284224,0.42900241436996195,0.34233839421237017,0.31849857301714657,0.29189075299531886,0.26805093180009526,0.3879575225354848,0.3641177013402612
E01026270,E01026270,South Holland 007C,South Holland,E01026270,1,2022,0.217222502098301,0.0238398211952236,0.0519800574560051,71.98554923742422,74.83422744917621,0.0,0.0,0.0,0.0238398211952236,-0.1933826809030774,0.07581987865122869,-0.1414026234470723,0.37726613931402225,0.16004363721572126,0.39828202406859775,0.18105952197029676,0.43034586978154066,0.21312336768323967,0.36540092871343577,0.14817842661513478,0.4582411939000086,0.24101869180170762,0.45473725,0.23751474393822855,0.4169585610366237,0.19973605893832272,0.40839400582351015,0.19117150372520916,0.4213174334232387,0.2040949313249377
E01026271,E01026271,South Holland 007D,South Holland,E01026271,1,2020,1.1990950156249,1.10510889793479,0.4681120560475741,69.99108649172514,73.22501016799416,0.0,0.0,0.0,1.10510889793479,-0.09398611769011,1.5732209539823643,0.3741259383574642,1.0635486028774175,-0.13554641274748258,1.0539997207126572,-0.14509529491224282,1.0050301063860312,-0.19406490923886888,1.1109687468040221,-0.08812626882087793,1.1166584461903482,-0.08243656943455191,1.0610213,-0.13807368765248795,1.1388802315759767,-0.06021478404892333,1.0425187501764932,-0.15657626544840686,1.074559900694131,-0.12453511493076896
E01026271,E01026271,South Holland 007D,South Holland,E01026271,1,2021,1.43600185021676,1.1990950156249,0.09398611769011,69.99108649172514,73.22501016799416,0.0,0.0,0.0,1.1990950156249,-0.2369068345918599,1.29308113331501,-0.1429207169017499,1.1338347499501784,-0.30216710026658156,1.1505597873173776,-0.28544206289938234,1.2595286665865841,-0.17647318363017583,1.2460053249222003,-0.18999652529455968,1.2317663262362046,-0.20423552398055533,1.2616458,-0.17435605630196505,1.3323763110546547,-0.10362553916210526,1.1446904153060056,-0.2913114349107544,1.1975020314170088,-0.23849981879975113
E01026271,E01026271,South Holland 007D,South Holland,E01026271,1,2022,1.24773174304775,1.43600185021676,0.2369068345918599,69.99108649172514,73.22501016799416,0.0,0.0,0.0,1.43600185021676,0.18827010716901005,1.6729086848086199,0.42517694176086995,1.3363402956887924,0.0886085526410425,1.3573289049990347,0.10959716195128477,1.5450661010584827,0.2973343580107328,1.498054693858448,0.2503229508106981,1.4844615298597799,0.23672978681202994,1.4561443,0.20841258983799227,1.5611406421563654,0.31340889910861547,1.3496682950613168,0.10193655201356688,1.4152714762904406,0.16753973324269067
E01026272,E01026272,South Holland 007E,South Holland,E01026272,1,2020,0.453551839510243,0.0522374041456329,0.20797178897161891,67.2107857912024,70.80961426020708,0.0,0.0,0.0,0.0522374041456329,-0.40131443536461014,0.2602091931172518,-0.1933426463929912,0.2783783529600409,-0.17517348655020215,0.240875536947607,-0.21267630256263603,0.22261398445606828,-0.23093785505417475,0.17287930442530525,-0.2806725350849378,0.23877222348727045,-0.21477961602297257,0.20658052,-0.24697131983403453,0.17583533121640346,-0.27771650829383954,0.18935633086752052,-0.2641955086427225,0.21445258747938772,-0.2390992520308553
E01026272,E01026272,South Holland 007E,South Holland,E01026272,1,2021,0.0665733048787796,0.453551839510243,0.40131443536461014,67.2107857912024,70.80961426020708,0.0,0.0,0.0,0.453551839510243,0.3869785346314634,0.8548662748748532,0.7882929699960737,0.4834425860855612,0.4168692812067816,0.4819070812711463,0.4153337763923667,0.5602868235616811,0.49371351868290153,0.49107322635526696,0.42449992147648735,0.48517256685999616,0.41859926198121655,0.522775,0.45620168949454193,0.47626675919400363,0.409693454315224,0.43574721175201775,0.36917390687323814,0.49274747338332875,0.42617416850454914
E01026272,E01026272,South Holland 007E,South Holland,E01026272,1,2022,0.133896299544898,0.0665733048787796,-0.3869785346314634,67.2107857912024,70.80961426020708,0.0,0.0,0.0,0.0665733048787796,-0.06732299466611841,-0.3204052297526838,-0.45430152929758183,0.45817466662203377,0.32427836707713575,0.46270391719769793,0.3288076176527999,0.4607573477389045,0.32686104819400646,0.4092893935989872,0.2753930940540892,0.46041329779613965,0.32651699825124164,0.46635813,0.33246182566491034,0.4159695374182019,0.2820732378733039,0.43016773783215295,0.29627143828725494,0.4592610828840742,0.3253647833391762
E01026254,E01026254,South Holland 008A,South Holland,E01026254,1,2020,1.62639743983889,1.46061269063635,-0.3625533231872502,86.88055060770535,83.90490352321383,0.0,0.0,0.0,1.46061269063635,-0.16578474920254016,1.0980593674490997,-0.5283380723897904,1.828526324483223,0.20212888464433298,1.7729947528143464,0.1465973129754563,2.006940346206783,0.3805429063678929,1.954464820613749,0.32806738077485886,1.9400022601529023,0.31360482031401227,1.9413849,0.31498747169828034,1.7896572469057888,0.1632598070668987,1.819654780165476,0.19325734032658604,1.838676446820051,0.21227900698116087
E01026254,E01026254,South Holland 008A,South Holland,E01026254,1,2021,2.04391724664509,1.62639743983889,0.16578474920254016,86.88055060770535,83.90490352321383,0.0,0.0,0.0,1.62639743983889,-0.41751980680620004,1.7921821890414302,-0.2517350576036599,1.849581474712372,-0.19433577193271812,1.7931653578875244,-0.2507518887575657,2.099865067050648,0.0559478204055579,1.9812748759873329,-0.06264237065775724,1.9795050246617751,-0.06441222198331498,2.0050468,-0.03887040216266824,1.7535822691592045,-0.29033497748588566,1.8668475077872007,-0.17706973885788946,1.8704672027071745,-0.17345004393791563
E01026254,E01026254,South Holland 008A,South Holland,E01026254,1,2022,2.00483152002382,2.04391724664509,0.41751980680620004,86.88055060770535,83.90490352321383,0.0,0.0,0.0,2.04391724664509,0.0390857266212703,2.46143705345129,0.45660553342747034,2.1051173212499936,0.10028580122617381,2.0164083985885117,0.011576878564691917,1.9949009171559267,-0.009930602867893157,2.077575427200312,0.07274390717649215,2.2652348118778987,0.26040329185407884,2.0902402,0.08540872007322609,1.9832906308082223,-0.021540889215597492,1.973162399784846,-0.031669120238973836,2.108925140156266,0.10409362013244605
E01026255,E01026255,South Holland 008B,South Holland,E01026255,1,2020,2.0739572842687,2.46516050494806,0.32228471407230996,86.95007776938284,84.01334318363067,0.0,0.0,0.0,2.46516050494806,0.39120322067935964,2.78744521902037,0.7134879347516696,2.419654648599406,0.34569736433070597,2.33996424713668,0.26600696286798,2.4777607809256903,0.4038034966569901,2.188020013058776,0.11406272879007595,2.224468182478171,0.15051089820947094,2.191719,0.11776177090708106,2.0300595226595775,-0.04389776160912273,2.1339020886923583,0.05994480442365813,2.2494089786683955,0.17545169439969532
E01026255,E01026255,South Holland 008B,South Holland,E01026255,1,2021,2.75055350472062,2.0739572842687,-0.39120322067935964,86.95007776938284,84.01334318363067,0.0,0.0,0.0,2.0739572842687,-0.6765962204519198,1.6827540635893405,-1.0677994411312794,2.283341201375705,-0.4672123033449149,2.258530699691048,-0.49202280502957185,2.4392333216368787,-0.3113201830837413,2.1680178101772527,-0.5825356945433673,2.227092776659744,-0.5234607280608761,2.132741,-0.6178125302943505,1.9561609397785693,-0.7943925649420507,2.013392069433795,-0.7371614352868252,2.1950717356951865,-0.5554817690254334
E01026255,E01026255,South Holland 008B,South Holland,E01026255,1,2022,2.68490927485308,2.75055350472062,0.6765962204519198,86.95007776938284,84.01334318363067,0.0,0.0,0.0,2.75055350472062,0.06564422986753993,3.42714972517254,0.7422404503194597,2.6735931460833293,-0.011316128769750744,2.5759143850197073,-0.1089948898333728,2.556693295541525,-0.12821597931155493,2.2303979932082965,-0.4545112816447836,2.2020519096686417,-0.48285736518443834,2.4247599,-0.26014941004595116,2.056750573929774,-0.6281587009233061,2.182990927025397,-0.501918347827683,2.464854631463113,-0.22005464338996727
E01026256,E01026256,South Holland 008C,South Holland,E01026256,1,2020,1.50480850513716,1.84813892644682,0.47807137896044005,86.74194986592119,83.98305041447755,0.0,0.0,0.0,1.84813892644682,0.34333042130965996,2.32621030540726,0.8214018002701,1.8214951623596336,0.3166866572224736,1.7640376963524438,0.25922919121528376,1.6925689229180743,0.18776041778091423,1.75502392424286,0.2502154191057,1.6438072381538515,0.13899873301669152,1.7521688,0.24736026946763734,1.639286523121337,0.1344780179841769,1.7217542109543915,0.2169457058172315,1.7049073309229357,0.20009882578577565
E01026256,E01026256,South Holland 008C,South Holland,E01026256,1,2021,1.93631419013604,1.50480850513716,-0.34333042130965996,86.74194986592119,83.98305041447755,0.0,0.0,0.0,1.50480850513716,-0.43150568499887987,1.1614780838275,-0.7748361063085398,1.7742609263243763,-0.16205326381166363,1.7572958760423605,-0.1790183140936794,1.9687391102937848,0.032424920157744896,1.8343970703791437,-0.10191711975689621,1.9714967449965137,0.035182554860473836,1.9251881,-0.01112612556084458,1.688937989626348,-0.247376200509692,1.7202299824995422,-0.21608420763649772,1.7989405427481415,-0.13737364738789837
E01026256,E01026256,South Holland 008C,South Holland,E01026256,1,2022,1.78141958811332,1.93631419013604,0.43150568499887987,86.74194986592119,83.98305041447755,0.0,0.0,0.0,1.93631419013604,0.15489460202271998,2.36781987513492,0.5864002870216001,2.0334842947325162,0.25206470661919633,1.9756650376329707,0.19424544951965084,2.029936894707859,0.2485173065945392,1.9598691101310517,0.1784495220177318,1.9898380181725248,0.2084184300592049,1.9201136,0.13869397542427775,1.846073405757123,0.06465381764380318,1.978221317240409,0.19680172912708915,1.9586834519035052,0.17726386379018533
E01026277,E01026277,South Holland 008D,South Holland,E01026277,1,2020,2.40509845398998,2.2401042461204,0.2916525893850501,87.14194685446058,84.17607859838456,0.0,0.0,0.0,2.2401042461204,-0.16499420786957986,2.5317568355054503,0.12665838151547026,2.2963401271189348,-0.10875832687104525,2.193866664378656,-0.21123178961132405,1.9282598049218882,-0.4768386490680918,2.0542526387789346,-0.3508458152110454,2.2375292482184483,-0.16756920577153167,2.1027675,-0.3023309864912007,2.0053440092942107,-0.39975444469576926,2.1460063648932253,-0.25909208909675474,2.184479929523971,-0.22061852446600883
E01026277,E01026277,South Holland 008D,South Holland,E01026277,1,2021,2.78478552722102,2.40509845398998,0.16499420786957986,87.14194685446058,84.17607859838456,0.0,0.0,0.0,2.40509845398998,-0.37968707323104,2.57009266185956,-0.21469286536146015,2.445143964760603,-0.3396415624604172,2.3537141936439623,-0.43107133357705774,2.3845296624505075,-0.40025586477051256,2.165677534769154,-0.6191079924518661,2.2741897483063274,-0.5105957789146927,2.2385075,-0.5462780179894526,2.078668582110075,-0.7061169451109448,2.1489317886052977,-0.6358537386157224,2.292196070751937,-0.49258945646908314
E01026277,E01026277,South Holland 008D,South Holland,E01026277,1,2022,2.04645545693916,2.78478552722102,0.37968707323104,87.14194685446058,84.17607859838456,0.0,0.0,0.0,2.78478552722102,0.7383300702818598,3.16447260045206,1.1180171435128998,2.7075239696652136,0.6610685127260534,2.610354862999243,0.5638994060600826,2.4664168417367596,0.41996138479759937,2.219360213470092,0.17290475653093162,2.23869024063723,0.19223478369807,2.1897874,0.1433319309087402,2.032318735671529,-0.014136721267631103,2.1054163067411023,0.05896084980194205,2.4072608803525726,0.3608054234134124
E01026278,E01026278,South Holland 008E,South Holland,E01026278,1,2020,1.76082036979301,1.49308731620005,0.5141935928614599,87.18454241386605,84.25109656283867,0.0,0.0,0.0,1.49308731620005,-0.26773305359296007,2.00728090906151,0.24646053926849976,1.5093906021408277,-0.2514297676521824,1.5149790759439894,-0.24584129384902065,1.4471878986519553,-0.31363247114105475,1.5157405194001703,-0.24507985039283975,1.4618864599577006,-0.29893390983530943,1.4696357,-0.29118464477164774,1.3280395087585661,-0.4327808610344439,1.2968441528797687,-0.4639762169132413,1.4523565964492415,-0.3084637733437685
E01026278,E01026278,South Holland 008E,South Holland,E01026278,1,2021,1.62228443836127,1.76082036979301,0.26773305359296007,87.18454241386605,84.25109656283867,0.0,0.0,0.0,1.76082036979301,0.13853593143174003,2.0285534233859703,0.4062689850247003,1.6955805450248496,0.07329610666357955,1.7130222929302208,0.09073785456895078,1.5700943887524679,-0.052190049608802136,1.7252027508953267,0.1029183125340567,1.538128417482536,-0.08415602087873397,1.579129,-0.04315545772467333,1.5109173779419014,-0.11136706041936861,1.5529831776083916,-0.06930126075287846,1.664179364562368,0.041894926201097915
E01026278,E01026278,South Holland 008E,South Holland,E01026278,1,2022,1.9091054744391,1.62228443836127,-0.13853593143174003,87.18454241386605,84.25109656283867,0.0,0.0,0.0,1.62228443836127,-0.28682103607783005,1.48374850692953,-0.4253569675095701,1.8411002733764323,-0.06800520106266772,1.8505048629589138,-0.05860061148018625,2.0089627055330537,0.09985723109395361,2.006040703528364,0.096935229089264,1.976078985706799,0.06697351126769902,1.9219719,0.012866442713304727,1.7326790373475924,-0.17642643709150763,1.5864441420496118,-0.32266133238948824,1.8791037151022172,-0.03000175933688287
E01026279,E01026279,South Holland 008F,South Holland,E01026279,1,2020,1.83310742803916,1.72840709884422,0.4738213603822299,87.23033387694092,84.29534156380703,0.0,0.0,0.0,1.72840709884422,-0.10470032919493999,2.2022284592264496,0.36912103118728967,1.7629233176642682,-0.0701841103748917,1.7110966525997051,-0.12201077543945482,1.6856379198697562,-0.14746950816940374,1.6571365526379949,-0.17597087540116507,1.7072606689213496,-0.1258467591178103,1.7141348,-0.11897261568411843,1.613002546106691,-0.2201048819324689,1.6732153572506658,-0.1598920707884941,1.6997455196693265,-0.13336190836983342
E01026279,E01026279,South Holland 008F,South Holland,E01026279,1,2021,1.93606712662833,1.83310742803916,0.10470032919493999,87.23033387694092,84.29534156380703,0.0,0.0,0.0,1.83310742803916,-0.10295969858917009,1.9378077572341,0.0017406306057698995,1.8932874412713638,-0.04277968535696619,1.8589019801086024,-0.07716514651972761,1.9615300090549805,0.025462882426650513,1.9331226047209078,-0.002944521907422226,2.1094305313090147,0.17336340468068467,2.0387824,0.10271523154122564,1.8328406715630488,-0.10322645506528128,1.876284088108596,-0.05978303851973399,1.915155721096669,-0.020911405531661043
E01026279,E01026279,South Holland 008F,South Holland,E01026279,1,2022,1.5318410375123,1.93606712662833,0.10295969858917009,87.23033387694092,84.29534156380703,0.0,0.0,0.0,1.93606712662833,0.4042260891160301,2.0390268252175003,0.5071857877052004,2.1052510412612246,0.5734100037489247,2.058054584236141,0.5262135467238411,2.023164045954906,0.4913230084426061,2.085285299778421,0.5534442622661211,2.16658310288825,0.6347420653759501,2.016367,0.4845259211058641,1.988876652241478,0.4570356147291781,2.0166207607953632,0.4847797232830633,2.0612293919669837,0.5293883544546838
E01026262,E01026262,South Holland 009A,South Holland,E01026262,1,2020,-0.274380110991685,-0.124843960898207,0.15115978580016404,69.70348233581763,72.9534361145532,0.0,0.0,0.0,-0.124843960898207,0.14953615009347804,0.02631582490195704,0.3006959358936421,0.04265546874457264,0.3170355797362577,0.04995216694373932,0.32433227793542435,0.047949009392886384,0.3223291203845714,-0.003498028848417202,0.2708820821432678,0.07353073720005607,0.3479108481917411,0.062319897,0.3367000081069156,0.005468281643367615,0.2798483926350526,-0.013562546888003856,0.2608175641036812,0.03535219513071505,0.3097323061224001
E01026262,E01026262,South Holland 009A,South Holland,E01026262,1,2021,0.105899858592744,-0.274380110991685,-0.14953615009347804,69.70348233581763,72.9534361145532,0.0,0.0,0.0,-0.274380110991685,-0.380279969584429,-0.42391626108516306,-0.5298161196779071,0.04408567243735159,-0.061814186155392414,0.06468300270479158,-0.04121685588795243,0.030850333941593356,-0.07504952465115065,0.029856574622261937,-0.07604328397048207,0.06535723800035785,-0.040542620592386155,0.053254444,-0.05264541444062723,0.023726751251436626,-0.08217310734130738,0.005453399641476708,-0.1004464589512673,0.043115037935552394,-0.06278482065719161
E01026262,E01026262,South Holland 009A,South Holland,E01026262,1,2022,0.184068336186352,0.105899858592744,0.380279969584429,69.70348233581763,72.9534361145532,0.0,0.0,0.0,0.105899858592744,-0.07816847759360798,0.486179828177173,0.302111491990821,0.25014232181215534,0.06607398562580336,0.2564649156100535,0.07239657942370153,0.23409042591833218,0.05002208973198019,0.23465209998470238,0.05058376379835039,0.2354458453620985,0.051377509175746516,0.19934888,0.015280545654353883,0.2129332053281879,0.02886486914183592,0.18076270029547567,-0.0033056358908763184,0.22555009696547662,0.04148176077912463
E01026263,E01026263,South Holland 009B,South Holland,E01026263,1,2020,-0.0943227380179399,-0.307545807321665,0.386225026844302,69.44768358801079,72.68665097189229,0.0,0.0,0.0,-0.307545807321665,-0.2132230693037251,0.07867921952263701,0.1730019575405769,-0.1435969809783057,-0.0492742429603658,-0.15605483709703422,-0.06173209907909431,-0.20596852408589,-0.1116457860679501,-0.23155060106340272,-0.1372278630454628,-0.15411311507231518,-0.059790377054375274,-0.20681703,-0.11249429288873734,-0.19507787003397364,-0.10075513201603374,-0.1943993988938942,-0.1000766608759543,-0.176340490401182,-0.08201775238324209
E01026263,E01026263,South Holland 009B,South Holland,E01026263,1,2021,-0.191711917261589,-0.0943227380179399,0.2132230693037251,69.44768358801079,72.68665097189229,0.0,0.0,0.0,-0.0943227380179399,0.09738917924364911,0.11890033128578519,0.3106122485473742,0.007421353532515315,0.1991332707941043,0.009427597202693663,0.2011395144642827,-0.024014445417667226,0.16769747184392178,-0.06635334296996825,0.12535857429162076,-0.05466685166589633,0.13704506559569268,-0.100839876,0.09087204162310406,-0.04805587628712124,0.14365604097446777,-0.052775848719411975,0.13893606854217705,-0.032701103303292525,0.15901081395829647
E01026263,E01026263,South Holland 009B,South Holland,E01026263,1,2022,-0.0267919833715165,-0.191711917261589,-0.09738917924364911,69.44768358801079,72.68665097189229,0.0,0.0,0.0,-0.191711917261589,-0.1649199338900725,-0.28910109650523813,-0.2623091131337216,0.1117883293278617,0.1385803126993782,0.10928482294238029,0.1360768063138968,0.04896423919356143,0.07575622256507793,0.05052309412924082,0.07731507750075732,0.06265282790873526,0.08944481128025177,0.017117277,0.04390926015927438,0.053609801343825945,0.08040178471534244,0.050442311964397635,0.07723429533591414,0.05191078331567973,0.07870276668719622
E01026264,E01026264,South Holland 009C,South Holland,E01026264,1,2020,-0.024508475884347,0.0509951500373724,0.31537585275081337,67.78405720429761,71.32420928194047,0.0,0.0,0.0,0.0509951500373724,0.0755036259217194,0.3663710027881858,0.3908794786725328,0.12052162383826547,0.14503009972261247,0.12978992759003632,0.15429840347438334,0.06756664478826706,0.09207512067261406,0.15537996077033683,0.17988843665468385,0.14327660623775662,0.16778508212210363,0.08769859,0.11220706216946129,0.08169009229961184,0.10619856818395884,0.07759750129839428,0.10210597718274128,0.09250515544666663,0.11701363133101363
E01026264,E01026264,South Holland 009C,South Holland,E01026264,1,2021,0.368866794415829,-0.024508475884347,-0.0755036259217194,67.78405720429761,71.32420928194047,0.0,0.0,0.0,-0.024508475884347,-0.393375270300176,-0.1000121018060664,-0.4688788962218954,0.15379297003447134,-0.21507382438135764,0.16679461574356108,-0.2020721786722679,0.16768465492996631,-0.20118213948586267,0.19218120573831093,-0.17668558867751805,0.20587937900684025,-0.16298741540898873,0.17708167,-0.1917851200784419,0.12099560984155985,-0.24787118457426913,0.12317356252262412,-0.24569323189320486,0.13824020534569098,-0.230626589070138
E01026264,E01026264,South Holland 009C,South Holland,E01026264,1,2022,0.29049324377653,0.368866794415829,0.393375270300176,67.78405720429761,71.32420928194047,0.0,0.0,0.0,0.368866794415829,0.07837355063929896,0.762242064716005,0.47174882093947496,0.4132461334162289,0.12275288963969888,0.41548260007994187,0.12498935630341185,0.5241643883397136,0.23367114456318355,0.4763214785121166,0.18582823473558657,0.4323128143502942,0.14181957057376415,0.4893321,0.1988388659131825,0.47371547366243416,0.18322222988590414,0.3371821385034709,0.04668889472694088,0.4251752717854545,0.13468202800892448
E01026265,E01026265,South Holland 009D,South Holland,E01026265,1,2020,1.22045397601809,0.700751392093927,0.6507528665397636,70.20473283084873,73.33732239875866,0.0,0.0,0.0,0.700751392093927,-0.5197025839241629,1.3515042586336907,0.1310502826156008,0.6373034566497857,-0.5831505193683042,0.6187076556205946,-0.6017463203974953,0.4619244371471254,-0.7585295388709645,0.49577173408280134,-0.7246822419352885,0.42523028517670286,-0.795223690841387,0.4630512,-0.757402776105065,0.6114488496665499,-0.60900512635154,0.5576225345790359,-0.662831441439054,0.5214668860096281,-0.6989870900084618
E01026265,E01026265,South Holland 009D,South Holland,E01026265,1,2021,1.48856983494479,1.22045397601809,0.5197025839241629,70.20473283084873,73.33732239875866,0.0,0.0,0.0,1.22045397601809,-0.2681158589267001,1.7401565599422528,0.2515867249974628,0.9838287786511408,-0.5047410562936492,0.9741694992148364,-0.5144003357299536,1.0363946604206018,-0.4521751745241882,1.1468255528075593,-0.34174428213723074,1.0327346707400111,-0.4558351642047789,1.0193659,-0.46920392822939694,0.9448094078509109,-0.5437604270938791,0.9552132922611062,-0.5333565426836838,0.9782257314670315,-0.5103441034777585
E01026265,E01026265,South Holland 009D,South Holland,E01026265,1,2022,1.71077943077472,1.48856983494479,0.2681158589267001,70.20473283084873,73.33732239875866,0.0,0.0,0.0,1.48856983494479,-0.22220959582992994,1.75668569387149,0.04590626309677015,1.3386373704753773,-0.3721420602993426,1.3160725679044523,-0.3947068628702677,1.3378236050525416,-0.37295582572217834,1.4239556193360767,-0.2868238114386432,1.2727707972380198,-0.43800863353670016,1.2105879,-0.5001915716209724,1.2975015528430855,-0.4132778779316344,1.2543661916248028,-0.45641323914991716,1.303022854084592,-0.4077565766901279
E01026267,E01034699,South Holland 009F,South Holland,E01026267,1,2020,0.212101537087647,0.0670662208124744,0.09608790591424421,68.70408350405887,72.13140783062411,0.0,0.0,0.0,0.0670662208124744,-0.1450353162751726,0.1631541267267186,-0.048947410360928395,0.17471909678852557,-0.03738244029912144,0.1917229086092525,-0.0203786284783945,0.19327678170179172,-0.01882475538585529,0.2178903566285599,0.005788819540912898,0.20031703291747624,-0.011784504170170768,0.18054911,-0.03155242214509635,0.16896985518888924,-0.04313168189875777,0.15455452490506708,-0.05754701218257993,0.1603056219841536,-0.051795915103493406
E01026267,E01034699,South Holland 009F,South Holland,E01026267,1,2021,0.139830539541669,0.212101537087647,0.1450353162751726,68.70408350405887,72.13140783062411,0.0,0.0,0.0,0.212101537087647,0.07227099754597802,0.35713685336281964,0.21730631382115065,0.28056201492449157,0.14073147538282257,0.30372432530554627,0.16389378576387728,0.2654086775367939,0.12557813799512493,0.30350986487984916,0.16367932533818016,0.2598682966560685,0.12003775711439948,0.29301473,0.15318419544177522,0.3349568234238377,0.1951262838821687,0.24090445156536527,0.10107391202369628,0.26213614064810487,0.12230560110643587
E01026267,E01034699,South Holland 009F,South Holland,E01026267,1,2022,0.290252627703302,0.139830539541669,-0.07227099754597802,68.70408350405887,72.13140783062411,0.0,0.0,0.0,0.139830539541669,-0.15042208816163302,0.06755954199569097,-0.22269308570761104,0.3560856286515706,0.0658330009482686,0.3673655487595563,0.07711292105625428,0.36451614697259066,0.07426351926928865,0.37608663251795316,0.08583400481465114,0.4269081020658423,0.13665547436254027,0.40121174,0.11095911088312377,0.3757534055788525,0.0855007778755505,0.3213138717498087,0.031061244046506675,0.3631825059134588,0.07292987821015678
E01026267,E01034700,South Holland 009G,South Holland,E01026267,1,2020,0.212101537087647,0.0670662208124744,0.09608790591424421,68.70408350405887,72.13140783062411,0.0,0.0,0.0,0.0670662208124744,-0.1450353162751726,0.1631541267267186,-0.048947410360928395,0.17471909678852557,-0.03738244029912144,0.1917229086092525,-0.0203786284783945,0.19327678170179172,-0.01882475538585529,0.2178903566285599,0.005788819540912898,0.20031703291747624,-0.011784504170170768,0.18054911,-0.03155242214509635,0.16896985518888924,-0.04313168189875777,0.15455452490506708,-0.05754701218257993,0.1603056219841536,-0.051795915103493406
E01026267,E01034700,South Holland 009G,South Holland,E01026267,1,2021,0.139830539541669,0.212101537087647,0.1450353162751726,68.70408350405887,72.13140783062411,0.0,0.0,0.0,0.212101537087647,0.07227099754597802,0.35713685336281964,0.21730631382115065,0.28056201492449157,0.14073147538282257,0.30372432530554627,0.16389378576387728,0.2654086775367939,0.12557813799512493,0.30350986487984916,0.16367932533818016,0.2598682966560685,0.12003775711439948,0.29301473,0.15318419544177522,0.3349568234238377,0.1951262838821687,0.24090445156536527,0.10107391202369628,0.26213614064810487,0.12230560110643587
E01026267,E01034700,South Holland 009G,South Holland,E01026267,1,2022,0.290252627703302,0.139830539541669,-0.07227099754597802,68.70408350405887,72.13140783062411,0.0,0.0,0.0,0.139830539541669,-0.15042208816163302,0.06755954199569097,-0.22269308570761104,0.3560856286515706,0.0658330009482686,0.3673655487595563,0.07711292105625428,0.36451614697259066,0.07426351926928865,0.37608663251795316,0.08583400481465114,0.4269081020658423,0.13665547436254027,0.40121174,0.11095911088312377,0.3757534055788525,0.0855007778755505,0.3213138717498087,0.031061244046506675,0.3631825059134588,0.07292987821015678
E01026245,E01026245,South Holland 010A,South Holland,E01026245,1,2020,0.834461480610173,1.12983238674318,0.49768639404305115,80.85973578319734,79.49090072250276,0.0,0.0,0.0,1.12983238674318,0.2953709061330071,1.6275187807862312,0.7930573001760582,1.1421093916682612,0.3076479110580882,1.0562009746357035,0.2217394940255305,1.047695602961374,0.21323412235120098,1.1085650267864386,0.27410354617626564,1.0654572678046321,0.23099578719445912,1.0780683,0.24360677576800083,0.9744001043247309,0.1399386237145579,1.0905531132371968,0.25609163262702384,1.063890404476243,0.22942892386606994
E01026245,E01026245,South Holland 010A,South Holland,E01026245,1,2021,1.11984405360621,0.834461480610173,-0.2953709061330071,80.85973578319734,79.49090072250276,0.0,0.0,0.0,0.834461480610173,-0.285382572996037,0.5390905744771659,-0.5807534791290441,1.0691681900282841,-0.05067586357792586,1.0445230873892242,-0.07532096621698581,1.1192457137782208,-0.0005983398279891805,1.0608117253375655,-0.05903232826864446,1.0892439307322166,-0.030600122873993385,1.1328309,0.012986804624380843,1.062327457968395,-0.05751659563781497,1.05355750752268,-0.06628654608353002,1.0819341614304148,-0.03790989217579521
E01026245,E01026245,South Holland 010A,South Holland,E01026245,1,2022,1.49224644204556,1.11984405360621,0.285382572996037,80.85973578319734,79.49090072250276,0.0,0.0,0.0,1.11984405360621,-0.3724023884393499,1.4052266266022468,-0.08701981544331305,1.2834016191994704,-0.20884482284608952,1.2218973440540746,-0.2703490979914853,1.305226878418127,-0.187019563627433,1.313281884086124,-0.1789645579594359,1.4086940081476262,-0.08355243389793365,1.2961624,-0.19608407517849447,1.24310645692545,-0.24913998512010993,1.325532998529254,-0.1667134435163058,1.3232443404204464,-0.16900210162511353
E01026249,E01026249,South Holland 010B,South Holland,E01026249,1,2020,0.4140491372734,0.117434462929906,0.376340120938265,82.09718340915352,81.44574376860777,0.0,0.0,0.0,0.117434462929906,-0.296614674343494,0.493774583868171,0.07972544659477104,0.3241465067794282,-0.08990263049397179,0.2946008977787803,-0.11944823949461969,0.2452208674913392,-0.16882826978206078,0.2577742259540967,-0.15627491131930327,0.2527519743655584,-0.16129716290784157,0.20281954,-0.21122959617671266,0.24733422955850326,-0.16671490771489672,0.24149419258698646,-0.17255494468641353,0.2624516168089193,-0.15159752046448066
E01026249,E01026249,South Holland 010B,South Holland,E01026249,1,2021,0.679788926894646,0.4140491372734,0.296614674343494,82.09718340915352,81.44574376860777,0.0,0.0,0.0,0.4140491372734,-0.265739789621246,0.710663811616894,0.030874884722247975,0.4607293852711287,-0.21905954162351726,0.4522355069783281,-0.2275534199163179,0.4899770086403139,-0.18981191825433208,0.458940043011544,-0.22084888388310198,0.4420509663849801,-0.2377379605096659,0.44975448,-0.23003445034740477,0.4790867592817332,-0.20070216761291276,0.35344402703328376,-0.3263448998613622,0.4609059831204047,-0.21888294377424128
E01026249,E01026249,South Holland 010B,South Holland,E01026249,1,2022,0.4502345190296,0.679788926894646,0.265739789621246,82.09718340915352,81.44574376860777,0.0,0.0,0.0,0.679788926894646,0.229554407865046,0.945528716515892,0.495294197486292,0.7771251551451956,0.32689063611559566,0.7567308861868326,0.3064963671572326,0.7849955493871205,0.3347610303575205,0.7624857301721747,0.3122512111425747,0.7302697470343544,0.28003522800475444,0.63654155,0.18630702636148277,0.7642666902304414,0.31403217120084137,0.6506323181313658,0.2003977991017658,0.7500977061517042,0.29986318712210425
E01026280,E01026280,South Holland 010C,South Holland,E01026280,1,2020,0.621224469803863,0.667785922351381,0.317298950164908,85.23336990005969,83.23907185008359,0.0,0.0,0.0,0.667785922351381,0.04656145254751798,0.9850848725162891,0.36386040271242603,0.7576328842722595,0.13640841446839647,0.7646644550241803,0.1434399852203173,0.6874396072823361,0.06621513747847307,0.7009217533786325,0.07969728357476946,0.6450545459298919,0.023830076126028832,0.64429325,0.023068778849548832,0.7439956348766824,0.12277116507281938,0.6677376839022297,0.04651321409836662,0.7129145731382152,0.09169010333435212
E01026280,E01026280,South Holland 010C,South Holland,E01026280,1,2021,0.713478528248908,0.621224469803863,-0.04656145254751798,85.23336990005969,83.23907185008359,0.0,0.0,0.0,0.621224469803863,-0.09225405844504497,0.574663017256345,-0.13881551099256295,0.8279497905845188,0.11447126233561078,0.8354017486829513,0.12192322043404324,0.7734114211100881,0.05993289286118009,0.7879548966780656,0.07447636842915761,0.7779538711357558,0.06447534288684775,0.7883182,0.07483968855178169,0.7824464291183384,0.06896790086943039,0.7696416271258344,0.05616309887692639,0.8090364669351553,0.09555793868624729
E01026280,E01026280,South Holland 010C,South Holland,E01026280,1,2022,1.08022478711175,0.713478528248908,0.09225405844504497,85.23336990005969,83.23907185008359,0.0,0.0,0.0,0.713478528248908,-0.36674625886284207,0.805732586693953,-0.2744922004177971,1.0105522455577554,-0.06967254155399472,0.9939461291734735,-0.0862786579382766,0.8252899061838033,-0.2549348809279468,0.8459702028164375,-0.23425458429531254,0.9017751396133011,-0.17844964749844894,0.8663311,-0.21389368664788289,0.929004211826772,-0.15122057528497812,0.9060777348797391,-0.174147052232011,0.954537197377981,-0.12568758973376903
E01026239,E01026239,South Holland 011A,South Holland,E01026239,1,2020,0.212918129011463,-0.105212790685262,-0.323372518977154,85.14921876347182,85.12460604819005,0.0,0.0,0.0,-0.105212790685262,-0.318130919696725,-0.42858530966241604,-0.641503438673879,0.2669226639563974,0.0540045349449344,0.21798273485111308,0.0050646058396500715,0.22970296768764115,0.016784838676178138,0.22404349657239303,0.011125367560930022,0.2605927454507223,0.0476746164392593,0.23194502,0.019026893929172672,0.16547609016872614,-0.04744203884273687,0.20577331887343528,-0.00714481013802773,0.2159025631691262,0.002984434157663196
E01026239,E01026239,South Holland 011A,South Holland,E01026239,1,2021,0.502124662005235,0.212918129011463,0.318130919696725,85.14921876347182,85.12460604819005,0.0,0.0,0.0,0.212918129011463,-0.28920653299377197,0.531049048708188,0.028924386702953053,0.42277102793466553,-0.07935363407056945,0.3477757645539605,-0.1543488974512745,0.35896720369919477,-0.1431574583060402,0.32177647682289556,-0.18034818518233942,0.3876106965409109,-0.11451396546432407,0.3988213,-0.10330336769752624,0.3491531812054525,-0.15297148079978246,0.3740274930898123,-0.12809716891542267,0.40077303041484325,-0.10135163159039173
E01026239,E01026239,South Holland 011A,South Holland,E01026239,1,2022,0.335948715970898,0.502124662005235,0.28920653299377197,85.14921876347182,85.12460604819005,0.0,0.0,0.0,0.502124662005235,0.166175946034337,0.791331194999007,0.45538247902810897,0.6191614504295707,0.28321273445867273,0.5426469740488613,0.20669825807796333,0.5161737956466491,0.18022507967575113,0.4712151052667406,0.13526638929584262,0.5367116184736258,0.20076290250272782,0.49581483,0.15986611409387558,0.5520738556626767,0.21612513969177877,0.47911890140456836,0.14317018543367038,0.5711186341124128,0.23516991814151483
E01026240,E01026240,South Holland 011B,South Holland,E01026240,1,2020,0.146481814171755,-0.0891024934151595,0.1752577724643645,85.176654858639,85.20176641024517,0.0,0.0,0.0,-0.0891024934151595,-0.23558430758691448,0.086155279049205,-0.060326535122549985,0.020209263918154502,-0.12627255025360049,0.005782569253578007,-0.14069924491817698,-0.009848677615475603,-0.1563304917872306,0.031492886463394945,-0.11498892770836004,0.027569595868612424,-0.11891221830314257,0.016771752,-0.12971006178446975,-0.027497013412253773,-0.17397882758400876,0.0059407855803320555,-0.14054102859142292,-0.008534511927810977,-0.15501632609956598
E01026240,E01026240,South Holland 011B,South Holland,E01026240,1,2021,0.0926885059901901,0.146481814171755,0.23558430758691448,85.176654858639,85.20176641024517,0.0,0.0,0.0,0.146481814171755,0.053793308181564886,0.3820661217586695,0.2893776157684794,0.30156044175669333,0.20887193576650323,0.255990641630391,0.16330213564020088,0.2952728228807758,0.20258431689058568,0.2341792949463778,0.1414907889561877,0.21356634590731152,0.12087783991712142,0.18875006,0.09606155242236178,0.2213351248412949,0.1286466188511048,0.2154657939934436,0.12277728800325349,0.24094151634807986,0.14825301035788976
E01026240,E01026240,South Holland 011B,South Holland,E01026240,1,2022,0.540052048644043,0.0926885059901901,-0.053793308181564886,85.176654858639,85.20176641024517,0.0,0.0,0.0,0.0926885059901901,-0.4473635426538529,0.038895197808625215,-0.5011568508354178,0.37934530659668547,-0.16070674204735752,0.332235753827168,-0.20781629481687497,0.3310880006506717,-0.20896404799337132,0.2933903516956997,-0.24666169694834328,0.29293046543071505,-0.24712158321332794,0.30392876,-0.23612328596971133,0.30661119472408604,-0.23344085391995695,0.2841463860994585,-0.25590566254458447,0.3160656573331371,-0.22398639131090592
E01026412,E01026412,West Lindsey 008B,West Lindsey,E01026412,1,2020,0.486948323610691,0.352700355571698,-0.004469697185235988,82.0213459831726,71.26334400384523,0.0,0.0,0.0,0.352700355571698,-0.13424796803899303,0.348230658386462,-0.13871766522422901,0.5705481586348083,0.08359983502411733,0.5609373112734214,0.07398898766273038,0.685353115647089,0.198404792036398,0.6227404699143142,0.13579214630362318,0.654261267687101,0.16731294407641,0.66560936,0.17866103613051992,0.6186840489368949,0.13173572532620387,0.5378131985895611,0.0508648749788701,0.6342636249339344,0.14731530132324339
E01026412,E01026412,West Lindsey 008B,West Lindsey,E01026412,1,2021,0.381573330190661,0.486948323610691,0.13424796803899303,82.0213459831726,71.26334400384523,0.0,0.0,0.0,0.486948323610691,0.10537499342003004,0.621196291649684,0.23962296145902306,0.6412637055329737,0.25969037534231276,0.6202885723905841,0.23871524219992313,0.7151207601041036,0.33354742991344266,0.6701545444606137,0.28858121426995276,0.7163234473355617,0.33475011714490077,0.6904468,0.30887346384238956,0.6759748468721873,0.29440151668152637,0.6059467951582109,0.22437346496754995,0.6667072649533758,0.28513393476271487
E01026412,E01026412,West Lindsey 008B,West Lindsey,E01026412,1,2022,0.701139630493924,0.381573330190661,-0.10537499342003004,82.0213459831726,71.26334400384523,0.0,0.0,0.0,0.381573330190661,-0.31956630030326305,0.27619833677063094,-0.4249412937232931,0.640355475747275,-0.060784154746649,0.6124482765867733,-0.08869135390715077,0.6976097395180209,-0.0035298909759031716,0.6131191930744792,-0.08802043741944487,0.7001036427749662,-0.0010359877189578537,0.6764651,-0.02467453640441597,0.6409070569387104,-0.06023257355521361,0.5814761261904084,-0.11966350430351558,0.6526591968664628,-0.04848043362746124
E01026413,E01026413,West Lindsey 008C,West Lindsey,E01026413,1,2020,0.319007550390024,0.0168029109422437,-0.0489017811579542,83.72122349628461,71.12976642551098,0.0,0.0,0.0,0.0168029109422437,-0.3022046394477803,-0.03209887021571049,-0.3511064206057345,0.18161779998307015,-0.13738975040695384,0.20609862826239583,-0.11290892212762815,0.2939607410356423,-0.025046809354381694,0.24483426721924875,-0.07417328317077523,0.26406063065874663,-0.054946919731277355,0.23147738,-0.08753017059113483,0.18353030654277935,-0.13547724384724463,0.15152524161580783,-0.16748230877421616,0.19455380301934877,-0.12445374737067522
E01026413,E01026413,West Lindsey 008C,West Lindsey,E01026413,1,2021,0.300277405461676,0.319007550390024,0.3022046394477803,83.72122349628461,71.12976642551098,0.0,0.0,0.0,0.319007550390024,0.018730144928348014,0.6212121898378042,0.32093478437612827,0.3809234247403303,0.08064601927865434,0.3986293530760523,0.09835194761437632,0.43535821773406885,0.13508081227239288,0.42286743649176106,0.12259003103008509,0.4548787113539947,0.15460130589231874,0.43958867,0.13931126050054327,0.4344332925507301,0.13415588708905413,0.3607508647752277,0.06047345931355175,0.4118715510831233,0.11159414562144732
E01026413,E01026413,West Lindsey 008C,West Lindsey,E01026413,1,2022,0.236018176033804,0.300277405461676,-0.018730144928348014,83.72122349628461,71.12976642551098,0.0,0.0,0.0,0.300277405461676,0.06425922942787196,0.28154726053332796,0.04552908449952395,0.4534100918830598,0.2173919158492558,0.45764461700479075,0.22162644097098674,0.4980873773004521,0.2620692012666481,0.4589578718434644,0.22293969580966042,0.4711453937954565,0.2351272177616525,0.4658984,0.22988021855085175,0.49451480587976576,0.2584966298459618,0.4192700081848869,0.1832518321510829,0.46484771307903194,0.22882953704522793
E01026414,E01026414,West Lindsey 008D,West Lindsey,E01026414,1,2020,0.0213044115943068,0.0491717472318898,-0.045518935299099006,85.17276618204306,76.5384253034001,0.0,0.0,0.0,0.0491717472318898,0.027867335637583,0.003652811932790795,-0.017651599661516006,0.3199806486660374,0.29867623707173063,0.2982184902731722,0.2769140786788654,0.3266166270340109,0.3053122154397041,0.3068573973286525,0.28555298573434573,0.40048504772477705,0.37918063613047026,0.37129638,0.34999196439560715,0.3130585799503668,0.29175416835606,0.2571015231169226,0.2357971115226158,0.32100690939506543,0.29970249780075864
E01026414,E01026414,West Lindsey 008D,West Lindsey,E01026414,1,2021,0.394261693544971,0.0213044115943068,-0.027867335637583,85.17276618204306,76.5384253034001,0.0,0.0,0.0,0.0213044115943068,-0.3729572819506642,-0.0065629240432762,-0.40082461758824717,0.3401430582535188,-0.054118635291452166,0.3151109283684393,-0.07915076517653169,0.35445009433401814,-0.03981159921095284,0.3127799005012427,-0.08148179304372827,0.3883657748156026,-0.005895918729368399,0.36644548,-0.02781621176777982,0.29824440632016425,-0.09601728722480674,0.28429809753613916,-0.10996359600883182,0.32911282760616284,-0.06514886593880814
E01026414,E01026414,West Lindsey 008D,West Lindsey,E01026414,1,2022,0.589636878135531,0.394261693544971,0.3729572819506642,85.17276618204306,76.5384253034001,0.0,0.0,0.0,0.394261693544971,-0.19537518459056002,0.7672189754956351,0.1775820973601041,0.5261360110059308,-0.06350086712960024,0.48759704999491804,-0.10203982814061296,0.4730220316358637,-0.1166148464996673,0.43539134653098177,-0.15424553160454924,0.4787479290613382,-0.11088894907419283,0.480864,-0.10877288973602539,0.4562671639397044,-0.1333697141958266,0.4498165252817082,-0.13982035285382283,0.48978954213027975,-0.09984733600525125
E01026396,E01026396,West Lindsey 009A,West Lindsey,E01026396,1,2020,0.20701209844995,0.284010117035214,0.3448319312013033,54.720709413288,62.427522123744,0.0,0.0,0.0,0.284010117035214,0.076998018585264,0.6288420482365173,0.42182994978656735,0.4830559761510299,0.2760438777010799,0.42663919438991177,0.21962709593996177,0.4509632287840346,0.2439511303340846,0.426883734108623,0.21987163565867301,0.5344868832758469,0.3274747848258969,0.50183076,0.2948186582143261,0.47058565437694716,0.26357355592699716,0.47564356226564775,0.26863146381569775,0.47800655183841717,0.27099445338846717
E01026396,E01026396,West Lindsey 009A,West Lindsey,E01026396,1,2021,0.337833858891242,0.20701209844995,-0.076998018585264,54.720709413288,62.427522123744,0.0,0.0,0.0,0.20701209844995,-0.130821760441292,0.130014079864686,-0.20781977902655602,0.44295705558530407,0.10512319669406206,0.401945431253943,0.06411157236270099,0.4168926510103895,0.07905879211914751,0.38281259641572135,0.04497873752447934,0.5433176736840871,0.2054838147928451,0.5071876,0.1693537460129328,0.43431848819710167,0.09648462930585966,0.4382218310178444,0.10038797212660239,0.4584414823374037,0.12060762344616172
E01026396,E01026396,West Lindsey 009A,West Lindsey,E01026396,1,2022,0.659571216522315,0.337833858891242,0.130821760441292,54.720709413288,62.427522123744,0.0,0.0,0.0,0.337833858891242,-0.321737357631073,0.468655619332534,-0.19091559718978096,0.6369958564717887,-0.022575360050526294,0.5670385206001936,-0.09253269592212143,0.5852297177975436,-0.07434149872477136,0.6033441888117534,-0.05622702771056154,0.6743952876751609,0.014824071152845897,0.60433865,-0.05523257058725639,0.5667130319500036,-0.09285818457231143,0.5975191299183666,-0.06205208660394834,0.5984249570681104,-0.0611462594542046
E01026397,E01034706,West Lindsey 009E,West Lindsey,E01026397,1,2020,0.362024470501942,0.367417962481741,0.21026661668050003,53.94856755009383,63.32578419216711,0.0,0.0,0.0,0.367417962481741,0.005393491979799048,0.577684579162241,0.21566010866029905,0.5167365335529117,0.15471206305096974,0.47041239596760903,0.10838792546566706,0.4543843659388582,0.09235989543691625,0.45738489376089697,0.095360423258955,0.43664148619331483,0.07461701569137286,0.44188455,0.07986007697005815,0.49093444154946286,0.1289099710475209,0.4711286175651907,0.10910414706324872,0.4647472249167804,0.10272275441483841
E01026397,E01034706,West Lindsey 009E,West Lindsey,E01026397,1,2021,0.625049175006317,0.362024470501942,-0.005393491979799048,53.94856755009383,63.32578419216711,0.0,0.0,0.0,0.362024470501942,-0.263024704504375,0.3566309785221429,-0.26841819648417403,0.5423359764217506,-0.08271319858456638,0.5092888906915645,-0.11576028431475249,0.6601836787081159,0.035134503701798936,0.5878476902386879,-0.03720148476762908,0.5624051569538154,-0.06264401805250153,0.5930155,-0.0320336830438841,0.5471923047392899,-0.07785687026702703,0.5104045894535094,-0.11464458555280754,0.5428827651253003,-0.08216640988101664
E01026397,E01034706,West Lindsey 009E,West Lindsey,E01026397,1,2022,1.07533874272669,0.625049175006317,0.263024704504375,53.94856755009383,63.32578419216711,0.0,0.0,0.0,0.625049175006317,-0.4502895677203731,0.8880738795106919,-0.1872648632159981,0.7345539323652973,-0.34078481036139274,0.7010974042989322,-0.37424133842775786,0.7850575169862902,-0.29028122574039983,0.7827624472756963,-0.29257629545099373,0.7218689210541072,-0.3534698216725829,0.672371,-0.40296777247751403,0.6870828992374326,-0.38825584348925746,0.7190938644252968,-0.3562448783013933,0.7140369805191744,-0.36130176220751564
E01026397,E01034707,West Lindsey 009F,West Lindsey,E01026397,1,2020,0.362024470501942,0.367417962481741,0.21026661668050003,53.94856755009383,63.32578419216711,0.0,0.0,0.0,0.367417962481741,0.005393491979799048,0.577684579162241,0.21566010866029905,0.5167365335529117,0.15471206305096974,0.47041239596760903,0.10838792546566706,0.4543843659388582,0.09235989543691625,0.45738489376089697,0.095360423258955,0.43664148619331483,0.07461701569137286,0.44188455,0.07986007697005815,0.49093444154946286,0.1289099710475209,0.4711286175651907,0.10910414706324872,0.4647472249167804,0.10272275441483841
E01026397,E01034707,West Lindsey 009F,West Lindsey,E01026397,1,2021,0.625049175006317,0.362024470501942,-0.005393491979799048,53.94856755009383,63.32578419216711,0.0,0.0,0.0,0.362024470501942,-0.263024704504375,0.3566309785221429,-0.26841819648417403,0.5423359764217506,-0.08271319858456638,0.5092888906915645,-0.11576028431475249,0.6601836787081159,0.035134503701798936,0.5878476902386879,-0.03720148476762908,0.5624051569538154,-0.06264401805250153,0.5930155,-0.0320336830438841,0.5471923047392899,-0.07785687026702703,0.5104045894535094,-0.11464458555280754,0.5428827651253003,-0.08216640988101664
E01026397,E01034707,West Lindsey 009F,West Lindsey,E01026397,1,2022,1.07533874272669,0.625049175006317,0.263024704504375,53.94856755009383,63.32578419216711,0.0,0.0,0.0,0.625049175006317,-0.4502895677203731,0.8880738795106919,-0.1872648632159981,0.7345539323652973,-0.34078481036139274,0.7010974042989322,-0.37424133842775786,0.7850575169862902,-0.29028122574039983,0.7827624472756963,-0.29257629545099373,0.7218689210541072,-0.3534698216725829,0.672371,-0.40296777247751403,0.6870828992374326,-0.38825584348925746,0.7190938644252968,-0.3562448783013933,0.7140369805191744,-0.36130176220751564
E01026398,E01026398,West Lindsey 009C,West Lindsey,E01026398,1,2020,0.322409715389479,0.441559620932904,0.33210388691980003,54.348003138530174,62.77585328925545,0.0,0.0,0.0,0.441559620932904,0.11914990554342503,0.7736635078527041,0.4512537924632251,0.618966240006869,0.29655652461738996,0.5514368148846042,0.22902709949512517,0.5052810903997909,0.18287137501031187,0.5178867471517357,0.19547703176225667,0.5722012861916768,0.24979157080219777,0.56741023,0.2450005152471177,0.6024485474383535,0.28003883204887453,0.6142150561622889,0.2918053407728099,0.5873846070098372,0.2649748916203582
E01026398,E01026398,West Lindsey 009C,West Lindsey,E01026398,1,2021,0.643942488415041,0.322409715389479,-0.11914990554342503,54.348003138530174,62.77585328925545,0.0,0.0,0.0,0.322409715389479,-0.321532773025562,0.20325980984605396,-0.440682678568987,0.6013519643115594,-0.04259052410348163,0.5532263155519761,-0.09071617286306488,0.6570694115291117,0.01312692311407071,0.6031811793498695,-0.0407613090651715,0.6543924747482132,0.010449986333172179,0.7143354,0.07039289356966971,0.6106022227164706,-0.033340265698570404,0.6212738668368126,-0.022668621578228354,0.6211058930284461,-0.022836595386594882
E01026398,E01026398,West Lindsey 009C,West Lindsey,E01026398,1,2022,1.14341566773308,0.643942488415041,0.321532773025562,54.348003138530174,62.77585328925545,0.0,0.0,0.0,0.643942488415041,-0.49947317931803903,0.965475261440603,-0.17794040629247698,0.8356732799398041,-0.3077423877932759,0.7697857632662402,-0.37362990446683986,0.8311586809691581,-0.3122569867639219,0.8162131927436626,-0.32720247498941746,0.8240702623931478,-0.31934540533993216,0.8404391,-0.3029765865410634,0.8047125740638567,-0.33870309366922335,0.8477649635469314,-0.2956507041861486,0.8269468702966027,-0.31646879743647727
E01026400,E01026400,West Lindsey 009D,West Lindsey,E01026400,1,2020,0.425495025335263,0.100185738041513,0.020692689832479905,80.37584310449779,75.90440123681617,0.0,0.0,0.0,0.100185738041513,-0.32530928729375,0.1208784278739929,-0.3046165974612701,0.25922418661315483,-0.16627083872210818,0.2498508008273463,-0.17564422450791672,0.24018783861344686,-0.18530718672181615,0.23551320863784497,-0.18998181669741804,0.24346668249588124,-0.18202834283938177,0.24641824,-0.17907678764910578,0.21154052422680647,-0.21395450110845654,0.2506050671060339,-0.1748899582292291,0.24214289738060896,-0.18335212795465405
E01026400,E01026400,West Lindsey 009D,West Lindsey,E01026400,1,2021,0.270202690837724,0.425495025335263,0.32530928729375,80.37584310449779,75.90440123681617,0.0,0.0,0.0,0.425495025335263,0.155292334497539,0.750804312629013,0.480601621791289,0.4874354027719807,0.2172327119342567,0.48943270942129924,0.21923001858357521,0.523711672621832,0.253508981784108,0.5027258908285123,0.23252319999078824,0.47533858199142226,0.20513589115369824,0.472152,0.20194930386747617,0.4819997410775644,0.21179705023984036,0.49758377093719425,0.22738108009947022,0.484751069952919,0.21454837911519498
E01026400,E01026400,West Lindsey 009D,West Lindsey,E01026400,1,2022,0.284403340709553,0.270202690837724,-0.155292334497539,80.37584310449779,75.90440123681617,0.0,0.0,0.0,0.270202690837724,-0.014200649871828952,0.11491035634018504,-0.16949298436936794,0.5011546747449536,0.2167513340354006,0.5007270896748165,0.21632374896526352,0.5560093681036345,0.2716060273940816,0.5347564050377918,0.2503530643282388,0.48448788389802333,0.20008454318847035,0.513544,0.2291406823274038,0.4743221448843903,0.1899188041748373,0.4927699329022771,0.20836659219272413,0.4873027715268609,0.20289943081730794
E01026393,E01026393,West Lindsey 010A,West Lindsey,E01026393,1,2020,0.463504903296096,0.514441291749248,0.321564226562971,32.14563298637606,78.87200025320756,0.0,0.0,0.0,0.514441291749248,0.050936388453152015,0.836005518312219,0.372500615016123,0.6730661306744253,0.20956122737832933,0.5955246066485953,0.1320197033524993,0.5925172718306756,0.1290123685345796,0.6298494099295493,0.1663445066334533,0.5538204854015659,0.09031558210546992,0.53433424,0.07082933904780658,0.5811176270673695,0.11761272377127346,0.6087971695826275,0.14529226628653152,0.5831718633123517,0.11966696001625571
E01026393,E01026393,West Lindsey 010A,West Lindsey,E01026393,1,2021,0.580213378106709,0.463504903296096,-0.050936388453152015,32.14563298637606,78.87200025320756,0.0,0.0,0.0,0.463504903296096,-0.11670847481061303,0.412568514842944,-0.16764486326376504,0.6884277345317847,0.10821435642507571,0.626605981180717,0.04639260307400794,0.6938852888768219,0.11367191077011285,0.6707228690970801,0.09050949099037109,0.687923005015874,0.10770962690916497,0.6505905,0.07037710126722285,0.6525417620098732,0.0723283839031642,0.6321203132858193,0.05190693517911027,0.6760858843072302,0.09587250620052112
E01026393,E01026393,West Lindsey 010A,West Lindsey,E01026393,1,2022,0.703429951886556,0.580213378106709,0.11670847481061303,32.14563298637606,78.87200025320756,0.0,0.0,0.0,0.580213378106709,-0.12321657377984696,0.696921852917322,-0.0065080989692339886,0.8296924294030695,0.12626247751651354,0.7456181107385705,0.042188158852014546,0.7737716471570052,0.0703416952704492,0.7251012592381083,0.021671307351552316,0.7827771987458277,0.07934724685927175,0.7001743,-0.003255679826161706,0.7130309639438264,0.009601012057270375,0.7225198866866315,0.01908993480007548,0.7872745246156609,0.08384457272910495
E01026394,E01026394,West Lindsey 010B,West Lindsey,E01026394,1,2020,0.597915043171388,0.438620488270255,0.282047220652056,50.314150871326554,71.03957132724808,0.0,0.0,0.0,0.438620488270255,-0.15929455490113298,0.720667708922311,0.12275266575092303,0.5609938213491646,-0.03692122182222335,0.5218265450630702,-0.07608849810831775,0.4626838529201625,-0.13523119025122549,0.46807667523427665,-0.12983836793711134,0.45799054983707427,-0.13992449333431373,0.5016518,-0.0962632196507276,0.4915612863300472,-0.1063537568413408,0.44867689048621223,-0.14923815268517576,0.49785460658003194,-0.10006043659135605
E01026394,E01026394,West Lindsey 010B,West Lindsey,E01026394,1,2021,0.761447320387765,0.597915043171388,0.15929455490113298,50.314150871326554,71.03957132724808,0.0,0.0,0.0,0.597915043171388,-0.16353227721637698,0.757209598072521,-0.004237722315243997,0.7311721768200087,-0.03027514356775629,0.6891284407131768,-0.07231887967458817,0.742308364638701,-0.01913895574906399,0.7115907982132638,-0.049856522174501205,0.7155498427867711,-0.04589747760099383,0.7164716,-0.044975707934304276,0.6855857780739214,-0.07586154231384357,0.6228462934917607,-0.1386010268960043,0.7123860285095485,-0.049061291878216506
E01026394,E01026394,West Lindsey 010B,West Lindsey,E01026394,1,2022,0.784176038953714,0.761447320387765,0.16353227721637698,50.314150871326554,71.03957132724808,0.0,0.0,0.0,0.761447320387765,-0.022728718565949046,0.924979597604142,0.14080355865042793,0.8994889636253259,0.11531292467161192,0.8535371214674294,0.06936108251371542,0.9328178739987857,0.14864183504507167,0.8539071127548169,0.06973107380110288,0.9218572516649405,0.13768121271122646,0.88580334,0.10162730291182553,0.785242113035385,0.0010660740816710312,0.7741486219907198,-0.010027416962994251,0.8942904932631406,0.11011445430942657
E01026395,E01026395,West Lindsey 010C,West Lindsey,E01026395,1,2020,0.700309499513665,0.362290716469954,0.20232241263766598,33.868461463304286,78.64279282418171,0.0,0.0,0.0,0.362290716469954,-0.33801878304371097,0.56461312910762,-0.13569637040604499,0.6031896888239934,-0.09711981068967157,0.5143955570546899,-0.18591394245897508,0.5694279695047286,-0.13088153000893632,0.4881412164788248,-0.21216828303484014,0.5815728838084127,-0.11873661570525229,0.54936624,-0.15094326378063272,0.5689852889271088,-0.1313242105865562,0.5811773143500863,-0.1191321851635786,0.5716927280892041,-0.12861677142446082
E01026395,E01026395,West Lindsey 010C,West Lindsey,E01026395,1,2021,0.788244911242464,0.700309499513665,0.33801878304371097,33.868461463304286,78.64279282418171,0.0,0.0,0.0,0.700309499513665,-0.08793541172879904,1.0383282825573759,0.2500833713149119,0.7887769160296528,0.0005320047871888445,0.7232678532873666,-0.06497705795509734,0.9215531208991425,0.13330820965667856,0.8271258331734561,0.03888092193099213,0.8635971713331468,0.07535226009068285,0.8081742,0.01992928166296204,0.7847986686504441,-0.003446242592019866,0.7589972766616117,-0.029247634580852333,0.8171371005689165,0.028892189326452544
E01026395,E01026395,West Lindsey 010C,West Lindsey,E01026395,1,2022,0.59804333129298,0.788244911242464,0.08793541172879904,33.868461463304286,78.64279282418171,0.0,0.0,0.0,0.788244911242464,0.19020157994948395,0.876180322971263,0.278136991678283,0.9624199298791447,0.36437659858616467,0.8772672170708715,0.2792238857778915,0.9505843891368623,0.35254105784388223,0.9073212819796556,0.3092779506866755,0.9509305585595333,0.3528872272665533,0.93726516,0.3392218264066049,0.8591466928893631,0.26110336159638303,0.9557577667177104,0.35771443542473036,0.931675506949764,0.33363217565678394
E01026405,E01026405,West Lindsey 010D,West Lindsey,E01026405,1,2020,0.237949945626176,0.24391026599075,0.1523549939889787,42.14083302907776,77.67391737466546,0.0,0.0,0.0,0.24391026599075,0.005960320364574001,0.3962652599797287,0.15831531435355273,0.4055024945131307,0.1675525488869547,0.374829682521613,0.13687973689543698,0.434002145601679,0.196052199975503,0.3940730272190604,0.1561230815928844,0.36804131674726914,0.13009137112109315,0.38983375,0.1518838027144307,0.3929168433780597,0.15496689775188371,0.37139024697352224,0.13344030134734625,0.3898452322073472,0.15189528658117118
E01026405,E01026405,West Lindsey 010D,West Lindsey,E01026405,1,2021,0.796553810101762,0.237949945626176,-0.005960320364574001,42.14083302907776,77.67391737466546,0.0,0.0,0.0,0.237949945626176,-0.558603864475586,0.231989625261602,-0.5645641848401599,0.433414938235241,-0.36313887186652094,0.4142325505834315,-0.38232125951833046,0.4570901197149479,-0.33946369038681407,0.4345135343549857,-0.3620402757467763,0.41629049470106266,-0.3802633154006993,0.44002262,-0.3565311925232555,0.45704390259125466,-0.3395099075105073,0.3937773167947011,-0.40277649330706083,0.432506708367488,-0.36404710173427396
E01026405,E01026405,West Lindsey 010D,West Lindsey,E01026405,1,2022,0.801206339588393,0.796553810101762,0.558603864475586,42.14083302907776,77.67391737466546,0.0,0.0,0.0,0.796553810101762,-0.004652529486631085,1.355157674577348,0.5539513349889549,0.8060902488007435,0.00488390921235049,0.7680712737407186,-0.03313506584767445,0.7734385284222411,-0.0277678111661519,0.7875056143361426,-0.013700725252250412,0.765610778016021,-0.03559556157237209,0.7031721,-0.09803425191902049,0.7096891510921711,-0.09151718849622192,0.7494171463161052,-0.051789193272287815,0.7779635679541568,-0.02324277163423627
E01026406,E01026406,West Lindsey 010E,West Lindsey,E01026406,1,2020,0.414401820681268,0.438617867789258,0.38582893574252286,37.63217192542504,78.0295841342272,0.0,0.0,0.0,0.438617867789258,0.02421604710798997,0.8244468035317809,0.4100449828505129,0.48782125637193885,0.07341943569067083,0.4778378853274424,0.0634360646461744,0.45215975676353803,0.037757936082270016,0.4382240454743654,0.02382222479309737,0.4028515852150138,-0.011550235466254222,0.43053448,0.016132661320990282,0.4514519033612919,0.037050082680023855,0.39877109001930133,-0.015630730661966685,0.46449023448335375,0.05008841380208573
E01026406,E01026406,West Lindsey 010E,West Lindsey,E01026406,1,2021,0.525141008257296,0.414401820681268,-0.02421604710798997,37.63217192542504,78.0295841342272,0.0,0.0,0.0,0.414401820681268,-0.11073918757602802,0.39018577357327805,-0.134955234684018,0.5582157872439254,0.03307477898662936,0.5495291869011782,0.024388178643882208,0.635979895327259,0.11083888706996292,0.6163095415254151,0.09116853326811902,0.5880121846188427,0.06287117636154671,0.6023699,0.0772288962608314,0.5575991907352125,0.03245818247791643,0.489142046515828,-0.03599896174146805,0.573675426032572,0.048534417775276006
E01026406,E01026406,West Lindsey 010E,West Lindsey,E01026406,1,2022,0.401760815559511,0.525141008257296,0.11073918757602802,37.63217192542504,78.0295841342272,0.0,0.0,0.0,0.525141008257296,0.12338019269778505,0.635880195833324,0.23411938027381302,0.7238680345185572,0.3221072189590462,0.7025652371552629,0.3008044215957519,0.7593792838729135,0.35761846831340255,0.7092155511087131,0.30745473554920216,0.7640885032680457,0.3623276877085347,0.71912587,0.3173650513304426,0.636402322225774,0.234641506666263,0.6379733402226063,0.23621252466309534,0.7198810350453089,0.3181202194857979
E01026367,E01026367,West Lindsey 001A,West Lindsey,E01026367,1,2020,0.343197756491487,0.545708787162235,-0.09135622677286992,93.59205667016307,82.27883336053374,0.0,0.0,0.0,0.545708787162235,0.20251103067074805,0.4543525603893651,0.11115480389787813,0.7489501394476271,0.40575238295614013,0.6889109735273202,0.34571321703583324,0.6995300410318641,0.35633228454037713,0.6709825881712884,0.32778483167980144,0.7344198393929184,0.39122208290143146,0.6974526,0.3542548482791734,0.749988109126668,0.40679035263518104,0.7480174341588142,0.4048196776673272,0.7013350990014833,0.3581373425099963
E01026367,E01026367,West Lindsey 001A,West Lindsey,E01026367,1,2021,0.93223895246879,0.343197756491487,-0.20251103067074805,93.59205667016307,82.27883336053374,0.0,0.0,0.0,0.343197756491487,-0.589041195977303,0.14068672582073893,-0.791552226648051,0.6867537886045392,-0.2454851638642508,0.6492676080484993,-0.2829713444202907,0.5665185678135016,-0.36572038465528833,0.5771243743464215,-0.35511457812236846,0.6840029178054359,-0.2482360346633541,0.6581606,-0.2740783255805148,0.6365544570519143,-0.2956844954168757,0.6848539585219661,-0.2473849939468239,0.6563181968195688,-0.27592075564922114
E01026367,E01026367,West Lindsey 001A,West Lindsey,E01026367,1,2022,1.41734447337646,0.93223895246879,0.589041195977303,93.59205667016307,82.27883336053374,0.0,0.0,0.0,0.93223895246879,-0.48510552090767,1.521280148446093,0.10393567506963297,1.0495016694416366,-0.3678428039348234,0.966372548266885,-0.45097192510957496,0.9332788954539113,-0.4840655779225487,0.9671907770758088,-0.45015369630065116,1.0215557685420702,-0.39578870483438977,0.9773634,-0.43998106576461304,0.9316236784722602,-0.4857207949041997,0.9662871754699389,-0.45105729790652105,1.0098730943943397,-0.40747137898212027
E01026368,E01026368,West Lindsey 001B,West Lindsey,E01026368,1,2020,-0.210194884711622,-0.43701568540848,0.30200842046647003,93.94351537328899,82.39135418612028,0.0,0.0,0.0,-0.43701568540848,-0.226820800696858,-0.13500726494200999,0.07518761976961202,-0.25679029090235783,-0.04659540619073582,-0.23220437574440372,-0.022009491032781714,-0.3013539793774729,-0.09115909466585087,-0.2897078755573427,-0.07951299084572067,-0.2446280983234095,-0.0344332136117875,-0.29003343,-0.07983854514944672,-0.26084802190602363,-0.05065313719440162,-0.31353904735980814,-0.10334416264818613,-0.2630578011768055,-0.052862916465183485
E01026368,E01026368,West Lindsey 001B,West Lindsey,E01026368,1,2021,-0.0502271806491015,-0.210194884711622,0.226820800696858,93.94351537328899,82.39135418612028,0.0,0.0,0.0,-0.210194884711622,-0.1599677040625205,0.016625915985235995,0.0668530966343375,-0.12421645294290719,-0.0739892722938057,-0.09287708913580918,-0.04264990848670768,-0.10615755239953767,-0.05593037175043617,-0.10329183231954045,-0.05306465167043895,-0.15561578202893123,-0.10538860137982972,-0.21520896,-0.1649817819105985,-0.15751799501137675,-0.10729081436227525,-0.2166939410645401,-0.1664667604154386,-0.13627452285193128,-0.08604734220282978
E01026368,E01026368,West Lindsey 001B,West Lindsey,E01026368,1,2022,0.430346627352886,-0.0502271806491015,0.1599677040625205,93.94351537328899,82.39135418612028,0.0,0.0,0.0,-0.0502271806491015,-0.48057380800198746,0.109740523413419,-0.320606103939467,0.21624649360770287,-0.2141001337451831,0.20714010403995586,-0.22320652331293012,0.0735863980557968,-0.35676022929708917,0.06650594170828682,-0.36384068564459915,0.066429015169547,-0.36391761218333896,0.05416111,-0.37618551832263925,0.09672942263882041,-0.3336172047140656,0.08398820048651488,-0.3463584268663711,0.12170725228890672,-0.30863937506397926
E01026387,E01026387,West Lindsey 001C,West Lindsey,E01026387,1,2020,-0.187333279162565,-0.283245265674588,0.269863083888447,92.30495292902086,83.66273909815956,0.0,0.0,0.0,-0.283245265674588,-0.09591198651202301,-0.013382181786141034,0.17395109737642397,-0.08897801132031151,0.0983552678422535,-0.10454314988562792,0.08279012927693709,-0.07341817450112038,0.11391510466144462,-0.11375976141496902,0.07357351774759599,-0.11274676664862415,0.07458651251394086,-0.15729319,0.030040093570867316,-0.13338683563367168,0.05394644352889333,-0.23062998604970733,-0.04329670688714232,-0.11741663663314315,0.06991664252942185
E01026387,E01026387,West Lindsey 001C,West Lindsey,E01026387,1,2021,0.135427385076402,-0.187333279162565,0.09591198651202301,92.30495292902086,83.66273909815956,0.0,0.0,0.0,-0.187333279162565,-0.322760664238967,-0.091421292650542,-0.226848677726944,0.009446164407765925,-0.1259812206686361,0.0018824530831138553,-0.13354493199328815,0.02393301287572046,-0.11149437220068155,0.020966582969172275,-0.11446080210722973,0.03563178766092108,-0.09979559741548093,-0.021816304,-0.1572436890299304,-0.023459628903824886,-0.1588870139802269,-0.10847065542440423,-0.24389804050080624,-0.005442774698803462,-0.14087015977520548
E01026387,E01026387,West Lindsey 001C,West Lindsey,E01026387,1,2022,0.332056012166023,0.135427385076402,0.322760664238967,92.30495292902086,83.66273909815956,0.0,0.0,0.0,0.135427385076402,-0.19662862708962098,0.458188049315369,0.126132037149346,0.3373163019907377,0.0052602898247147145,0.30176642909468016,-0.03028958307134283,0.23325775422919426,-0.09879825793682873,0.21728058797829594,-0.11477542418772704,0.201714242385007,-0.130341769781016,0.18608487,-0.1459711456422803,0.2169824530762065,-0.11507355908981648,0.1747977965243639,-0.1572582156416591,0.26614104909888175,-0.06591496306714123
E01026416,E01026416,West Lindsey 001D,West Lindsey,E01026416,1,2020,0.148112887468362,0.181730310124528,-0.04803320274925599,91.9677837815241,83.55657142648523,0.0,0.0,0.0,0.181730310124528,0.03361742265616602,0.13369710737527202,-0.01441578009308997,0.42240744791801754,0.27429456044965556,0.40407922596111834,0.25596633849275635,0.37883941428343765,0.23072652681507566,0.4272381384463643,0.27912525097800234,0.3966010535588256,0.2484881660904636,0.38014787,0.23203498688695418,0.42192287745981466,0.2738099899914527,0.3701530247545961,0.22204013728623412,0.3766157000294368,0.2285028125610748
E01026416,E01026416,West Lindsey 001D,West Lindsey,E01026416,1,2021,1.19612615240805,0.148112887468362,-0.03361742265616602,91.9677837815241,83.55657142648523,0.0,0.0,0.0,0.148112887468362,-1.048013264939688,0.11449546481219597,-1.0816306875958541,0.4122193080457371,-0.783906844362313,0.4010956986567439,-0.7950304537513061,0.3722159037638075,-0.8239102486442424,0.3971590667953165,-0.7989670856127336,0.3198559009090475,-0.8762702514990025,0.3681162,-0.8280099524378046,0.3977988246851465,-0.7983273277229035,0.34916159559011845,-0.8469645568179316,0.3759912453737242,-0.8201349070343258
E01026416,E01026416,West Lindsey 001D,West Lindsey,E01026416,1,2022,0.722238495758744,1.19612615240805,1.048013264939688,91.9677837815241,83.55657142648523,0.0,0.0,0.0,1.19612615240805,0.473887656649306,2.2441394173477383,1.5219009215889943,1.0120290580758247,0.28979056231708067,0.9852881867544302,0.2630496909956862,1.071835950967568,0.3495974552088239,1.104467844039447,0.3822293482807031,1.0744046075495008,0.35216611179075685,0.97011644,0.24787794072273184,0.974954296622778,0.252715800864034,0.9649236126924305,0.24268511693368655,1.0230141515803506,0.3007756558216066
E01032683,E01032683,West Lindsey 001G,West Lindsey,E01032683,1,2020,-0.0968270837616567,-0.135634684632336,0.08852431657944101,94.11764706000001,82.35294118,0.0,0.0,0.0,-0.135634684632336,-0.03880760087067929,-0.04711036805289498,0.049716715708761725,-0.014198772243237123,0.08262831151841958,0.011635314469723629,0.10846239823138033,-0.0037838907238320536,0.09304319303782466,-0.048988108426364356,0.04783897533529235,-0.022654922120279145,0.07417216164137756,-0.06357068,0.03325640552755636,-0.0748912079522058,0.021935875809450903,-0.02220998067621256,0.07461710308544414,-0.028883619094144337,0.06794346466751236
E01032683,E01032683,West Lindsey 001G,West Lindsey,E01032683,1,2021,0.0895654147811696,-0.0968270837616567,0.03880760087067929,94.11764706000001,82.35294118,0.0,0.0,0.0,-0.0968270837616567,-0.1863924985428263,-0.058019482890977414,-0.147584897672147,0.09547856842225397,0.0059131536410843705,0.12649166736018802,0.03692625257901842,0.1581986853838855,0.06863327060271592,0.13941071048012113,0.04984529569895153,0.14759775218159016,0.05803233740042056,0.12803483,0.03846941531221419,0.09795342787791904,0.008388013096749442,0.06280169169777312,-0.026763723083396473,0.10479150428924522,0.015226089508075621
E01032683,E01032683,West Lindsey 001G,West Lindsey,E01032683,1,2022,0.106868771817917,0.0895654147811696,0.1863924985428263,94.11764706000001,82.35294118,0.0,0.0,0.0,0.0895654147811696,-0.017303357036747402,0.2759579133239959,0.1690891415060789,0.397435918807023,0.290567146989106,0.38070599212166956,0.27383722030375257,0.3088230028505757,0.2019542310326587,0.246751983753684,0.13988321193576703,0.26696300666874806,0.16009423485083107,0.24316134,0.13629256376958454,0.25177449368611515,0.14490572186819817,0.25403988859807225,0.14717111678015526,0.31252971449592365,0.20566094267800666
E01026380,E01026380,West Lindsey 002A,West Lindsey,E01026380,1,2020,1.00925023868085,0.887142993306853,0.34560031723861395,36.33916911214863,47.4767846428992,0.0,0.0,0.0,0.887142993306853,-0.12210724537399698,1.2327433105454668,0.22349307186461687,0.9418812921168447,-0.06736894656400527,0.9093319102304264,-0.09991832845042359,0.9378137209018299,-0.07143651777902005,0.9047809359802083,-0.1044693027006417,0.9453634800795048,-0.06388675860134518,0.98327124,-0.025978997492800637,0.908190327485174,-0.10105991119567592,0.9282883618231302,-0.08096187685771972,0.92317112355801,-0.08607911512283994
E01026380,E01026380,West Lindsey 002A,West Lindsey,E01026380,1,2021,1.13376153348804,1.00925023868085,0.12210724537399698,36.33916911214863,47.4767846428992,0.0,0.0,0.0,1.00925023868085,-0.12451129480719003,1.1313574840548468,-0.0024040494331931672,1.0715434562798591,-0.062218077208180844,1.0498585035579788,-0.08390302993006116,1.1929156556387543,0.05915412215071436,1.1311085052669982,-0.002653028221041742,1.1086380297099747,-0.02512350377806527,1.0656103,-0.06815124391437055,1.0942551512867082,-0.039506382201331736,1.049753213842515,-0.08400831964552502,1.0613955523007743,-0.07236598118726567
E01026380,E01026380,West Lindsey 002A,West Lindsey,E01026380,1,2022,1.44414019595831,1.13376153348804,0.12451129480719003,36.33916911214863,47.4767846428992,0.0,0.0,0.0,1.13376153348804,-0.31037866247027,1.25827282829523,-0.18586736766307999,1.2705933113926966,-0.1735468845656134,1.2374213025628658,-0.20671889339544425,1.249207301981859,-0.19493289397645097,1.2030917682561113,-0.2410484277021987,1.2241676974673694,-0.21997249849094058,1.2210869,-0.22305333625524604,1.19437587856668,-0.24976431739162996,1.2307627517983852,-0.21337744415992477,1.223781736611023,-0.22035845934728693
E01026401,E01026401,West Lindsey 002B,West Lindsey,E01026401,1,2020,0.294109893794125,0.321380656382696,0.2864357704039382,46.198537844,59.654864296999996,0.0,0.0,0.0,0.321380656382696,0.027270762588570974,0.6078164267866342,0.31370653299250917,0.3656469331280096,0.07153703933388461,0.40060979599700935,0.10649990220288436,0.40774533052080064,0.11363543672667564,0.3981561844300639,0.1040462906359389,0.4166924117761132,0.12258251798198821,0.41537684,0.12126694822781714,0.40324958887835055,0.10913969508422555,0.35225089299992535,0.05814099920580035,0.3879796806840366,0.0938697868899116
E01026401,E01026401,West Lindsey 002B,West Lindsey,E01026401,1,2021,0.469898602059297,0.294109893794125,-0.027270762588570974,46.198537844,59.654864296999996,0.0,0.0,0.0,0.294109893794125,-0.175788708265172,0.266839131205554,-0.20305947085374298,0.4607250227669554,-0.009173579292341583,0.49279305565211945,0.02289445359282244,0.5215031701774356,0.05160456811813863,0.47462435891585175,0.004725756856554741,0.5023775762735055,0.032478974214208534,0.5441027,0.0742041263075548,0.5130382262172761,0.04313962415797912,0.5002812151388304,0.030382613079533383,0.47602252539969964,0.006123923340402626
E01026401,E01026401,West Lindsey 002B,West Lindsey,E01026401,1,2022,0.250666196489542,0.469898602059297,0.175788708265172,46.198537844,59.654864296999996,0.0,0.0,0.0,0.469898602059297,0.21923240556975498,0.645687310324469,0.395021113834927,0.5797915957043183,0.32912539921477624,0.613253829294391,0.36258763280484896,0.6824386357223986,0.4317724392328566,0.6520415164454006,0.4013753199558586,0.6379553596059518,0.3872891631164098,0.66329485,0.4126286552903957,0.5840716679650073,0.3334054714754653,0.57120966320826,0.32054346671871803,0.5956339646633637,0.3449677681738217
E01026402,E01026402,West Lindsey 002C,West Lindsey,E01026402,1,2020,0.636464169132683,0.432197706015579,0.3855622520042517,44.66125229277778,55.638342361111114,0.0,0.0,0.0,0.432197706015579,-0.204266463117104,0.8177599580198307,0.1812957888871477,0.4495490928335832,-0.1869150762990998,0.4593744720457682,-0.1770896970869148,0.45157241968113243,-0.18489174945155057,0.44974388646567426,-0.18672028266700874,0.40289102538332416,-0.23357314374935884,0.41452545,-0.22193871985671254,0.4413649607343056,-0.1950992083983774,0.43407727726533474,-0.20238689186734826,0.44521622453475307,-0.19124794459792993
E01026402,E01026402,West Lindsey 002C,West Lindsey,E01026402,1,2021,0.510069986923355,0.636464169132683,0.204266463117104,44.66125229277778,55.638342361111114,0.0,0.0,0.0,0.636464169132683,0.12639418220932797,0.840730632249787,0.3306606453264319,0.611637667933993,0.10156768101063796,0.6296898555927294,0.11961986866937435,0.7168791181290498,0.20680913120569477,0.6877859308649253,0.1777159439415703,0.629484876595803,0.11941488967244795,0.6096732,0.09960321511445624,0.6489540644777888,0.13888407755443377,0.5908007294923101,0.08073074256895507,0.6317473179906834,0.12167733106732836
E01026402,E01026402,West Lindsey 002C,West Lindsey,E01026402,1,2022,0.490589531134956,0.510069986923355,-0.12639418220932797,44.66125229277778,55.638342361111114,0.0,0.0,0.0,0.510069986923355,0.01948045578839902,0.38367580471402707,-0.10691372642092895,0.7036009736057515,0.21301144247079545,0.7165197302111548,0.22593019907619877,0.7018926083002797,0.21130307716532365,0.6594671259298546,0.16887759479489856,0.7228780976835115,0.2322885665485555,0.71664715,0.2260576169973682,0.6506288288646596,0.16003929772970354,0.6930020668961021,0.2024125357611461,0.6964328622740361,0.2058433311390801
E01026403,E01026403,West Lindsey 002D,West Lindsey,E01026403,1,2020,0.848414711857961,0.63942110789834,-0.26381482489085906,37.67403388317391,52.55452397391304,0.0,0.0,0.0,0.63942110789834,-0.20899360395962108,0.3756062830074809,-0.47280842885048013,0.8692140979192623,0.020799386061301273,0.8589741294451322,0.01055941758717116,0.8437433026894412,-0.0046714091685198245,0.8661762737282972,0.017761561870336173,0.8921733929057912,0.043758681047830206,0.8012738,-0.047140889073537195,0.8784002918700567,0.029985580012095725,0.8985585032642099,0.050143791406248917,0.8535253485051184,0.005110636647157385
E01026403,E01026403,West Lindsey 002D,West Lindsey,E01026403,1,2021,0.99037868073661,0.848414711857961,0.20899360395962108,37.67403388317391,52.55452397391304,0.0,0.0,0.0,0.848414711857961,-0.14196396887864893,1.057408315817582,0.06702963508097204,0.964240392211976,-0.026138288524633957,0.9484635942727818,-0.04191508646382813,1.1835678440453892,0.19318916330877922,1.095658686777439,0.10528000604082899,1.159580938693034,0.16920225795642407,1.0866145,0.09623580881874894,1.0742650914131333,0.08388641067652336,1.0365772157992739,0.046198535062663915,1.0257704812358441,0.03539180049923418
E01026403,E01026403,West Lindsey 002D,West Lindsey,E01026403,1,2022,1.48677437739527,0.99037868073661,0.14196396887864893,37.67403388317391,52.55452397391304,0.0,0.0,0.0,0.99037868073661,-0.49639569665866,1.1323426496152589,-0.3544317277800111,1.1188835060560371,-0.3678908713392328,1.0785907672147812,-0.40818361018048877,1.19225690217632,-0.2945174752189499,1.1463456721549778,-0.3404287052402921,1.1463253353406255,-0.34044904205464444,1.0467596,-0.4400147719875551,1.0932165535568663,-0.39355782383840365,1.1250989258504949,-0.3616754515447751,1.080850433345133,-0.405923944050137
E01026407,E01026407,West Lindsey 002E,West Lindsey,E01026407,1,2020,0.750930896432868,0.344150873288843,-0.057845922159732,52.838264073523035,55.86532098292683,0.0,0.0,0.0,0.344150873288843,-0.40678002314402506,0.286304951129111,-0.46462594530375706,0.6230400904153328,-0.12789080601753522,0.6042477709404679,-0.14668312549240015,0.6987669897365661,-0.05216390669630189,0.6853146636995422,-0.06561623273332584,0.7147673821298199,-0.036163514303048094,0.72688276,-0.02404814067648986,0.6122639215763476,-0.13866697485652046,0.6094511443402599,-0.1414797520926081,0.6283328824378416,-0.12259801399502646
E01026407,E01026407,West Lindsey 002E,West Lindsey,E01026407,1,2021,0.733598830237674,0.750930896432868,0.40678002314402506,52.838264073523035,55.86532098292683,0.0,0.0,0.0,0.750930896432868,0.017332066195194007,1.157710919576893,0.42411208933921907,0.8364270438424818,0.10282821360480776,0.8250362061804398,0.0914373759427658,0.8883055320086233,0.15470670177094925,0.8826453192253341,0.14904648898766004,0.881458075469472,0.14785924523179794,0.8971905,0.16359168098898003,0.8013383634995406,0.06773953326186655,0.8278195613199287,0.0942207310822547,0.8560391939075405,0.12244036366986644
E01026407,E01026407,West Lindsey 002E,West Lindsey,E01026407,1,2022,1.03350961994497,0.733598830237674,-0.017332066195194007,52.838264073523035,55.86532098292683,0.0,0.0,0.0,0.733598830237674,-0.299910789707296,0.71626676404248,-0.31724285590249,0.9442322280566711,-0.08927739188829897,0.9143277883256976,-0.11918183161927243,0.9129915346774611,-0.12051808526750896,0.8788126712684766,-0.15469694867649342,0.9610982017790796,-0.07241141816589047,0.96001405,-0.07349557470647516,0.8424295465173847,-0.19108007342758537,0.895798235930812,-0.13771138401415806,0.9153086318654269,-0.11820098807954316
E01026408,E01026408,West Lindsey 002F,West Lindsey,E01026408,1,2020,1.17319863607084,1.44546691430216,0.38269981619465,36.38397073502882,48.91733491056196,0.0,0.0,0.0,1.44546691430216,0.27226827823131994,1.8281667304968099,0.6549680944259699,1.397733925777904,0.22453528970706405,1.3504258566005711,0.17722722052973117,1.333761271760193,0.16056263568935303,1.3852318590643948,0.21203322299355487,1.249617030548796,0.07641839447795595,1.3978863,0.22468764017427723,1.3586458746018522,0.1854472385310122,1.3595693244582265,0.18637068838738657,1.3389145099601367,0.16571587388929676
E01026408,E01026408,West Lindsey 002F,West Lindsey,E01026408,1,2021,1.60794425540477,1.17319863607084,-0.27226827823131994,36.38397073502882,48.91733491056196,0.0,0.0,0.0,1.17319863607084,-0.4347456193339301,0.90093035783952,-0.70701389756525,1.4172046140631196,-0.19073964134165045,1.384680068143644,-0.22326418726112607,1.2795583502817567,-0.32838590512301336,1.3921848347113837,-0.21575942069338638,1.3656845250259693,-0.24225973037880077,1.4738735,-0.134070759349167,1.5082414074969983,-0.09970284790777173,1.3864047911514086,-0.22153946425336146,1.4538604472851135,-0.1540838081196565
E01026408,E01026408,West Lindsey 002F,West Lindsey,E01026408,1,2022,1.88172481327355,1.60794425540477,0.4347456193339301,36.38397073502882,48.91733491056196,0.0,0.0,0.0,1.60794425540477,-0.27378055786878,2.0426898747387003,0.16096506146515033,1.7132341047918627,-0.16849070848168735,1.640769234280834,-0.24095557899271602,1.6668392473829439,-0.21488556589060614,1.6158237782936269,-0.2659010349799231,1.6259514905389383,-0.25577332273461173,1.7392845,-0.14244029789269064,1.525311281188067,-0.3564135320854831,1.6632914798827432,-0.21843333339080684,1.649365688944469,-0.232359124329081
E01026389,E01026389,West Lindsey 003A,West Lindsey,E01026389,1,2020,1.18014602844716,1.28188022830677,0.3207736292749861,90.00703333267106,87.06019201118652,0.0,0.0,0.0,1.28188022830677,0.10173419985960996,1.6026538575817562,0.42250782913459606,1.3247424642872763,0.14459643584011617,1.2622783258590466,0.08213229741188655,1.3801009187107118,0.19995489026355173,1.4053308355685148,0.2251848071213547,1.3203007699094196,0.14015474146225948,1.4193965,0.2392504912137896,1.3831420380594879,0.20299600961232778,1.3110446605953394,0.13089863214817932,1.3528236214904275,0.17267759304326735
E01026389,E01026389,West Lindsey 003A,West Lindsey,E01026389,1,2021,1.16434724222895,1.18014602844716,-0.10173419985960996,90.00703333267106,87.06019201118652,0.0,0.0,0.0,1.18014602844716,0.01579878621821007,1.0784118285875501,-0.0859354136413999,1.3704275560196537,0.20608031379070368,1.3061088176931765,0.14176157546422652,1.292572631862291,0.12822538963334096,1.3056367556688158,0.14128951343986573,1.2509778293825524,0.08663058715360239,1.3491948,0.18484752286199235,1.424774508160824,0.26042726593187404,1.326274839596951,0.161927597368001,1.3295877019330202,0.1652404597040702
E01026389,E01026389,West Lindsey 003A,West Lindsey,E01026389,1,2022,1.04641329401176,1.16434724222895,-0.01579878621821007,90.00703333267106,87.06019201118652,0.0,0.0,0.0,1.16434724222895,0.11793394821718994,1.14854845601074,0.10213516199897987,1.4250563223715784,0.37864302835981833,1.362721687908892,0.31630839389713183,1.3089517750551227,0.26253848104336264,1.346769991387154,0.30035669737539394,1.456633989996435,0.4102206959846748,1.461369,0.41495574361641374,1.4740689476801223,0.4276556536683622,1.3937776534017958,0.34736435939003574,1.425263320708152,0.3788500266963919
E01026390,E01026390,West Lindsey 003B,West Lindsey,E01026390,1,2020,0.715814752215454,0.874073139780769,0.22069087764737794,89.88818356120365,86.82446161466414,0.0,0.0,0.0,0.874073139780769,0.15825838756531496,1.094764017428147,0.378949265212693,0.9103873354752401,0.1945725832597861,0.8772614126911139,0.16144666047565992,0.9353731551928833,0.21955840297742935,0.9279084350926795,0.21209368287722552,0.9658039210028602,0.24998916878740618,0.9624831,0.24666835582821667,0.9494542188636865,0.23363946664823254,0.9157440426649386,0.1999292904494846,0.9198158592314205,0.20400110701596652
E01026390,E01026390,West Lindsey 003B,West Lindsey,E01026390,1,2021,1.09104569853837,0.715814752215454,-0.15825838756531496,89.88818356120365,86.82446161466414,0.0,0.0,0.0,0.715814752215454,-0.3752309463229161,0.557556364650139,-0.533489333888231,0.9461282105721052,-0.1449174879662649,0.9332429647886789,-0.15780273374969123,1.1011215379570305,0.010075839418660415,1.0456856980673712,-0.04536000047099886,1.1604028557969102,0.06935715725854008,1.1065521,0.015506425485067421,1.084163420572831,-0.006882277965539085,0.9992404859404099,-0.09180521259796015,1.0244733637426853,-0.0665723347956848
E01026390,E01026390,West Lindsey 003B,West Lindsey,E01026390,1,2022,0.765398146442926,1.09104569853837,0.3752309463229161,89.88818356120365,86.82446161466414,0.0,0.0,0.0,1.09104569853837,0.32564755209544405,1.4662766448612863,0.7008784984183603,1.177790851850336,0.4123927054074099,1.1344353817937882,0.3690372353508622,1.2433357470043829,0.47793760056145684,1.2454711093496333,0.4800729629067073,1.2816148501004643,0.5162167036575382,1.2678913,0.5024931413607239,1.2896319280720483,0.5242337816291223,1.2013533698780867,0.4359552234351607,1.1935330278538758,0.4281348814109498
E01026391,E01026391,West Lindsey 003C,West Lindsey,E01026391,1,2020,0.33303312328035,-0.0901079732335652,-0.009604645145608298,87.95999457555756,86.08649758504495,0.0,0.0,0.0,-0.0901079732335652,-0.4231410965139152,-0.0997126183791735,-0.4327457416595235,0.23074778647616184,-0.10228533680418816,0.23575819066656745,-0.09727493261378256,0.2609085018222202,-0.07212462145812981,0.24201671439071465,-0.09101640888963536,0.3256315043702656,-0.007401618910084395,0.29081413,-0.042218991782013215,0.1853674612661867,-0.1476656620141633,0.19139155337345215,-0.14164156990689786,0.24678823068643307,-0.08624489259391693
E01026391,E01026391,West Lindsey 003C,West Lindsey,E01026391,1,2021,0.447322577456132,0.33303312328035,0.4231410965139152,87.95999457555756,86.08649758504495,0.0,0.0,0.0,0.33303312328035,-0.11428945417578201,0.7561742197942651,0.3088516423381331,0.4254739655876588,-0.0218486118684732,0.42135199621029973,-0.02597058124583229,0.41730424397198307,-0.03001833348414895,0.36284626354143007,-0.08447631391470195,0.43841715769866574,-0.008905419757466282,0.42306614,-0.024256438234940614,0.39558773662450947,-0.05173484083162255,0.357113444366205,-0.09020913308992701,0.4315733397265679,-0.015749237729564103
E01026391,E01026391,West Lindsey 003C,West Lindsey,E01026391,1,2022,0.977196753092623,0.447322577456132,0.11428945417578201,87.95999457555756,86.08649758504495,0.0,0.0,0.0,0.447322577456132,-0.529874175636491,0.561612031631914,-0.415584721460709,0.6095823158577444,-0.36761443723487863,0.5917855596288308,-0.38541119346379216,0.5375671559441324,-0.4396295971484906,0.5235032030339646,-0.4536935500586584,0.5498896908686638,-0.4273070622239592,0.5620464,-0.4151503444393637,0.5974144236475993,-0.37978232944502366,0.5301190166724086,-0.4470777364202144,0.5737806739978697,-0.4034160790947533
E01026392,E01026392,West Lindsey 003D,West Lindsey,E01026392,1,2020,0.308126911942122,0.039897962652608,0.0929946609013246,90.12736390058137,86.93902212141106,0.0,0.0,0.0,0.039897962652608,-0.268228949289514,0.1328926235539326,-0.17523428838818939,0.2430526248720189,-0.0650742870701031,0.24419481114204916,-0.06393210080007283,0.2969320501120183,-0.011194861830103708,0.2598921697217724,-0.04823474222034957,0.3131494862641991,0.005022574322077089,0.29812473,-0.01000218135511638,0.22692394759345155,-0.08120296434867044,0.2215931486804148,-0.0865337632617072,0.24881389507322987,-0.05931301686889212
E01026392,E01026392,West Lindsey 003D,West Lindsey,E01026392,1,2021,0.448022763159131,0.308126911942122,0.268228949289514,90.12736390058137,86.93902212141106,0.0,0.0,0.0,0.308126911942122,-0.13989585121700898,0.576355861231636,0.12833309807250498,0.4078750147493918,-0.04014774840973917,0.4128428797151718,-0.03517988344395917,0.43835308528497363,-0.009669677874157345,0.39879340935389035,-0.04922935380524063,0.44086197420947393,-0.007160788949657049,0.4706864,0.022663642738009526,0.43239451775617216,-0.015628245402958818,0.3854979348919203,-0.06252482826721067,0.43289429767383775,-0.01512846548529323
E01026392,E01026392,West Lindsey 003D,West Lindsey,E01026392,1,2022,0.563242379672067,0.448022763159131,0.13989585121700898,90.12736390058137,86.93902212141106,0.0,0.0,0.0,0.448022763159131,-0.11521961651293605,0.5879186143761399,0.024676234704072875,0.613666267444772,0.05042388777270501,0.6004325935912856,0.03719021391921862,0.5553335678144967,-0.007908811857570308,0.5520282932345865,-0.011214086437480564,0.5739216839827429,0.010679304310675874,0.57113445,0.007892068379385608,0.6100283136157114,0.04678593394364439,0.5860421924345864,0.02279981276251941,0.5818301498193912,0.018587770147324156
E01026415,E01026415,West Lindsey 003E,West Lindsey,E01026415,1,2020,0.234675393447012,0.402001179719357,0.3318675863504454,70.54942247010801,77.41186485794779,0.0,0.0,0.0,0.402001179719357,0.167325786272345,0.7338687660698024,0.49919337262279045,0.6007158146625434,0.36604042121553143,0.5064974534739756,0.2718220600269636,0.5201630258450567,0.2854876323980447,0.5224636949976085,0.2877883015505965,0.6341471318731762,0.3994717384261642,0.6389414,0.4042660137566623,0.5967693366318415,0.3620939431848295,0.5086401720305784,0.27396477858356644,0.5860111006575277,0.3513357072105157
E01026415,E01026415,West Lindsey 003E,West Lindsey,E01026415,1,2021,0.72285013413292,0.234675393447012,-0.167325786272345,70.54942247010801,77.41186485794779,0.0,0.0,0.0,0.234675393447012,-0.488174740685908,0.06734960717466698,-0.655500526958253,0.5869041476386858,-0.13594598649423417,0.5089302304620208,-0.2139199036708992,0.5028527344073662,-0.21999739972555377,0.5767661739288124,-0.14608396020410763,0.6017560453250066,-0.12109408880791339,0.59063476,-0.13221537089210578,0.5818084031868809,-0.1410417309460391,0.49306709453992525,-0.22978303959299473,0.5767172234112516,-0.14613291072166834
E01026415,E01026415,West Lindsey 003E,West Lindsey,E01026415,1,2022,0.536247077993814,0.72285013413292,0.488174740685908,70.54942247010801,77.41186485794779,0.0,0.0,0.0,0.72285013413292,0.186603056139106,1.211024874818828,0.6747777968250139,0.9383034078419494,0.40205632984813544,0.8244497433565706,0.2882026653627566,0.8468857711388269,0.3106386931450129,0.8317809113305483,0.29553383333673433,0.8969742260859527,0.3607271480921387,0.91300344,0.37675636667781687,0.8184454880679628,0.2821984100741488,0.8219195441306414,0.2856724661368274,0.9109688306309254,0.3747217526371114
E01026378,E01026378,West Lindsey 004A,West Lindsey,E01026378,1,2020,1.28333883066929,1.26821809362572,0.5837403359658829,36.15856960215632,47.06783734414634,0.0,0.0,0.0,1.26821809362572,-0.015120737043570198,1.851958429591603,0.5686195989223128,1.2849101041195725,0.0015712734502824066,1.2462636832034795,-0.03707514746581064,1.2672986132958537,-0.016040217373436416,1.2639696348251015,-0.019369195844188614,1.2822875127349644,-0.0010513179343256684,1.2975086,0.014169766704672293,1.255608229572202,-0.027730601097088137,1.2607395935467989,-0.022599237122491234,1.277081475487238,-0.006257355182052171
E01026378,E01026378,West Lindsey 004A,West Lindsey,E01026378,1,2021,1.37200903372789,1.28333883066929,0.015120737043570198,36.15856960215632,47.06783734414634,0.0,0.0,0.0,1.28333883066929,-0.08867020305859996,1.2984595677128603,-0.07354946601502976,1.3747179298582206,0.0027088961303305403,1.3458423617563968,-0.02616667197149325,1.2206084597070057,-0.15140057402088436,1.3090900484361474,-0.06291898529174267,1.3796838405761347,0.00767480684824462,1.3776683,0.005659227800125066,1.3508315227604377,-0.02117751096745235,1.3628145233791313,-0.009194510348758733,1.3518604035212887,-0.020148630206601403
E01026378,E01026378,West Lindsey 004A,West Lindsey,E01026378,1,2022,1.95520480250573,1.37200903372789,0.08867020305859996,36.15856960215632,47.06783734414634,0.0,0.0,0.0,1.37200903372789,-0.58319576877784,1.46067923678649,-0.49452556571924,1.702952425715504,-0.25225237679022605,1.6245015432657333,-0.33070325923999677,1.604187492052547,-0.3510173104531831,1.5773756683010893,-0.3778291342046407,1.7374009670592152,-0.21780383544651483,1.7590973,-0.1961074647829517,1.5935691248045858,-0.36163567770114424,1.5810850063434372,-0.37411979616229285,1.659133730306821,-0.29607107219890905
E01026379,E01026379,West Lindsey 004B,West Lindsey,E01026379,1,2020,1.12789029498051,0.951312106848994,0.08416027710529306,36.2185739729531,46.93952741240938,0.0,0.0,0.0,0.951312106848994,-0.17657818813151605,1.035472383954287,-0.0924179110262231,1.204473188615566,0.07658289363505588,1.1410910334629756,0.013200738482465502,1.2770648857282334,0.14917459074772332,1.2429770841146135,0.11508678913410342,1.1848671937385125,0.05697689875800238,1.2728397,0.14494937043239275,1.1586872302724363,0.030796935291926175,1.186869429745462,0.05897913476495198,1.1914419314794191,0.06355163649890905
E01026379,E01026379,West Lindsey 004B,West Lindsey,E01026379,1,2021,1.3837662951644,1.12789029498051,0.17657818813151605,36.2185739729531,46.93952741240938,0.0,0.0,0.0,1.12789029498051,-0.25587600018389,1.3044684831120261,-0.07929781205237396,1.2961223362942575,-0.08764395887014254,1.2407375363474058,-0.14302875881699428,1.2433558819099937,-0.1404104132544064,1.2572109084582055,-0.1265553867061946,1.2813219958910258,-0.10244429927337428,1.3171657,-0.06660056278067206,1.2435219518460918,-0.14024434331830826,1.2526110454854125,-0.13115524967898762,1.2859524997183063,-0.09781379544609381
E01026379,E01026379,West Lindsey 004B,West Lindsey,E01026379,1,2022,1.61513504830134,1.3837662951644,0.25587600018389,36.2185739729531,46.93952741240938,0.0,0.0,0.0,1.3837662951644,-0.23136875313693994,1.63964229534829,0.024507247046950065,1.573366766133926,-0.04176828216741413,1.4888365202038765,-0.12629852809746356,1.4172736181539314,-0.19786143014740865,1.4060600544104538,-0.20907499389088624,1.3908948267035153,-0.22424022159782475,1.5218198,-0.09331521836054413,1.4117278649326879,-0.20340718336865216,1.428782149087546,-0.18635289921379394,1.4979353434066232,-0.11719970489471687
E01026381,E01026381,West Lindsey 004C,West Lindsey,E01026381,1,2020,1.12634672429871,1.42044564588284,0.07199456164660001,36.69900698908818,48.56445731634674,0.0,0.0,0.0,1.42044564588284,0.2940989215841301,1.49244020752944,0.3660934832307301,1.582841424654099,0.45649470035538897,1.46785573187476,0.34150900757605007,1.4334270436935432,0.30708031939483327,1.3925761836160768,0.26622945931736686,1.4488353491883603,0.32248862488965035,1.551422,0.4250752756326255,1.4634459586901483,0.3370992343914383,1.5499205901959416,0.42357386589723167,1.489762141681961,0.3634154173832511
E01026381,E01026381,West Lindsey 004C,West Lindsey,E01026381,1,2021,2.17113024226041,1.12634672429871,-0.2940989215841301,36.69900698908818,48.56445731634674,0.0,0.0,0.0,1.12634672429871,-1.0447835179617002,0.8322478027145799,-1.3388824395458303,1.510806916219868,-0.6603233260405421,1.4430780105163912,-0.728052231744019,1.3810899108518193,-0.7900403314085909,1.3638964506234859,-0.8072337916369243,1.3605395618249951,-0.810590680435415,1.5073698,-0.6637604855618018,1.5548661026695483,-0.6162641395908619,1.4853904959326623,-0.6857397463277479,1.503010643815505,-0.6681195984449051
E01026381,E01026381,West Lindsey 004C,West Lindsey,E01026381,1,2022,2.14577175029184,2.17113024226041,1.0447835179617002,36.69900698908818,48.56445731634674,0.0,0.0,0.0,2.17113024226041,0.025358491968570096,3.2159137602221106,1.0701420099302705,2.100224588101117,-0.04554716219072308,1.9710518133997723,-0.17471993689206777,1.9899541350163261,-0.15581761527551397,1.9588968176677466,-0.1868749326240935,1.93222666990623,-0.21354508038561004,1.948992,-0.19677973636056567,1.8436549133175473,-0.3021168369742928,2.0102739152735816,-0.13549783501825852,2.03765065293582,-0.10812109735602027
E01026382,E01026382,West Lindsey 004D,West Lindsey,E01026382,1,2020,2.05589433975499,2.07647700798778,0.47014117253945,38.972505274595406,47.27077691221302,0.0,0.0,0.0,2.07647700798778,0.02058266823279009,2.54661818052723,0.4907238407722403,1.9548694966689786,-0.10102484308601123,1.8944528867216623,-0.16144145303332746,1.9311115530368526,-0.12478278671813725,1.9149841813292543,-0.1409101584257355,2.1552804136173775,0.09938607386238774,1.9905773,-0.06531699962895221,2.003200178693923,-0.052694161061066946,1.9131097371046177,-0.14278460265037207,2.0030883314397543,-0.05280600831523552
E01026382,E01026382,West Lindsey 004D,West Lindsey,E01026382,1,2021,2.42546684682618,2.05589433975499,-0.02058266823279009,38.972505274595406,47.27077691221302,0.0,0.0,0.0,2.05589433975499,-0.36957250707119016,2.0353116715221997,-0.39015517530398025,2.1076413159827907,-0.31782553084338927,2.051946906648782,-0.3735199401773981,1.940590090653045,-0.48487675617313486,2.0491530555398665,-0.3763137912863135,2.2611974078497346,-0.16426943897644541,2.108989,-0.3164778465057454,2.121538530031988,-0.3039283167941922,2.023726295837393,-0.4017405509887868,2.1205169586142376,-0.30494988821194235
E01026382,E01026382,West Lindsey 004D,West Lindsey,E01026382,1,2022,2.18767200538713,2.42546684682618,0.36957250707119016,38.972505274595406,47.27077691221302,0.0,0.0,0.0,2.42546684682618,0.23779484143905005,2.79503935389737,0.6073673485102402,2.389482407946929,0.20181040255979887,2.3227104512634678,0.13503844587633784,2.4446238589070854,0.25695185351995553,2.2166742568052906,0.029002251418160707,2.219119173430515,0.03144716804338499,1.9888859,-0.19878612587052835,2.11400825806819,-0.07366374731893988,2.130965045533611,-0.056706959853519034,2.259949702882333,0.07227769749520307
E01026383,E01026383,West Lindsey 004E,West Lindsey,E01026383,1,2020,1.926433531653,1.89911251854507,-0.13328438834639988,35.64941656096204,44.179481052310216,0.0,0.0,0.0,1.89911251854507,-0.027321013107930003,1.76582813019867,-0.1606054014543299,2.3630411474015287,0.4366076157485288,2.2590719925625677,0.33263846090956783,2.110201068470284,0.1837675368172842,2.1309766624809034,0.20454313082790354,2.3200618674150735,0.39362833576207357,2.4112673,0.4848337489256134,2.107985700321047,0.18155216866804724,2.1443393410296725,0.2179058093766726,2.3662773814114124,0.4398438497584125
E01026383,E01026383,West Lindsey 004E,West Lindsey,E01026383,1,2021,2.34295520863306,1.926433531653,0.027321013107930003,35.64941656096204,44.179481052310216,0.0,0.0,0.0,1.926433531653,-0.41652167698006015,1.95375454476093,-0.38920066387213015,2.261941450581784,-0.08101375805127597,2.1547216055419085,-0.18823360309115156,2.0540623770181434,-0.28889283161491663,2.0625780064517167,-0.2803772021813433,2.2524471594356603,-0.09050804919739974,2.1361213,-0.20683393559228858,1.9964048276114887,-0.3465503810215713,2.034486392743487,-0.3084688158895732,2.2337093163635724,-0.10924589226948767
E01026383,E01026383,West Lindsey 004E,West Lindsey,E01026383,1,2022,2.14127017608996,2.34295520863306,0.41652167698006015,35.64941656096204,44.179481052310216,0.0,0.0,0.0,2.34295520863306,0.2016850325431001,2.75947688561312,0.61820670952316,2.589972613442467,0.44870243735250703,2.434217733278699,0.292947557188739,2.0883604205890802,-0.05290975550087973,2.0960887810905517,-0.04518139499940821,2.212919653189901,0.07164947709994118,2.182512,0.04124186881665626,2.0548404382961065,-0.08642973779385343,2.2307652557324893,0.08949507964252934,2.4175873258466907,0.2763171497567307
E01026384,E01026384,West Lindsey 004F,West Lindsey,E01026384,1,2020,1.88191619176302,2.06565125231932,0.14614451361790004,35.98574556338999,45.09945989319707,0.0,0.0,0.0,2.06565125231932,0.18373506055629996,2.21179576593722,0.3298795741741998,2.319255088429361,0.43733889666634074,2.1877115514179026,0.3057953596548826,2.077725011914101,0.1958088201510808,2.1371817553207646,0.25526556355774455,2.2260370556905484,0.3441208639275284,2.1624238,0.2805076573428149,2.0531138505375646,0.17119765877454451,2.2148282455364856,0.33291205377346555,2.226839296580554,0.34492310481753385
E01026384,E01026384,West Lindsey 004F,West Lindsey,E01026384,1,2021,2.44596128355191,1.88191619176302,-0.18373506055629996,35.98574556338999,45.09945989319707,0.0,0.0,0.0,1.88191619176302,-0.56404509178889,1.69818113120672,-0.7477801523451899,2.1970326427633458,-0.24892864078856425,2.087070754657664,-0.3588905288942459,2.0626197927154313,-0.3833414908364787,2.117709086209041,-0.32825219734286915,2.219578615191018,-0.22638266836089205,2.070535,-0.37542633901760825,2.000798636126439,-0.44516264742547085,2.014771360452556,-0.4311899230993541,2.1880573738408535,-0.2579039097110565
E01026384,E01026384,West Lindsey 004F,West Lindsey,E01026384,1,2022,2.08683896875465,2.44596128355191,0.56404509178889,35.98574556338999,45.09945989319707,0.0,0.0,0.0,2.44596128355191,0.35912231479726,3.0100063753408,0.9231674065861499,2.5496143042414565,0.4627753354868065,2.391224805919564,0.3043858371649142,2.478319656553557,0.39148068779890677,2.2011459598559227,0.11430699110127263,2.164521657582198,0.07768268882754814,2.1119187,0.025079719065784545,2.1707281889180834,0.08388922016343336,2.2113207038203075,0.12448173506565752,2.3333780805286515,0.24653911177400145
E01026385,E01026385,West Lindsey 005A,West Lindsey,E01026385,1,2020,0.188870714105152,0.235722672492334,0.1878886733412265,83.92062320688208,72.92386225351474,0.0,0.0,0.0,0.235722672492334,0.04685195838718201,0.4236113458335605,0.23474063172840853,0.50631104839654,0.31744033429138796,0.4973379960480083,0.30846728194285633,0.37017207117854106,0.18130135707338907,0.3914555825469503,0.2025848684417983,0.4063699751157185,0.2174992610105665,0.41706872,0.2281980057587396,0.43699583882973236,0.24812512472458037,0.47146331501569544,0.28259260091054345,0.4539454199005391,0.2650747057953871
E01026385,E01026385,West Lindsey 005A,West Lindsey,E01026385,1,2021,0.33197587397841,0.188870714105152,-0.04685195838718201,83.92062320688208,72.92386225351474,0.0,0.0,0.0,0.188870714105152,-0.143105159873258,0.14201875571796999,-0.18995711826044,0.5416075244721252,0.20963165049371524,0.5243655742803388,0.1923897003019288,0.41735958081812186,0.08538370683971186,0.391186633434315,0.05921075945590498,0.4487642483954466,0.1167883744170366,0.44443616,0.11246028873177982,0.4318477167000319,0.09987184272162192,0.47642542598784127,0.14444955200943127,0.4730952625991684,0.1411193886207584
E01026385,E01026385,West Lindsey 005A,West Lindsey,E01026385,1,2022,0.654470287553939,0.33197587397841,0.143105159873258,83.92062320688208,72.92386225351474,0.0,0.0,0.0,0.33197587397841,-0.322494413575529,0.475081033851668,-0.179389253702271,0.6564461368652762,0.0019758493113372078,0.6325402235991705,-0.021930063954768486,0.5588330480046199,-0.09563723954931913,0.5775298027212132,-0.07694048483272575,0.5822826550706547,-0.0721876324832843,0.56793183,-0.08653845667091287,0.5373942074473246,-0.11707608010661441,0.5903192520081251,-0.06415103554581392,0.6025505113276732,-0.05191977622626576
E01026386,E01026386,West Lindsey 005B,West Lindsey,E01026386,1,2020,0.487980711882594,0.695496644905649,-0.13975583330755803,79.16026575233118,86.16777093212218,0.0,0.0,0.0,0.695496644905649,0.207515933023055,0.555740811598091,0.06776009971549696,0.9108014017425392,0.4228206898599452,0.8701037071910925,0.3821229953084985,0.912133289878699,0.424152577996105,0.8771984877446038,0.38921777586200984,0.9901233471822746,0.5021426352996805,0.93178797,0.44380725579929076,0.9781337430617807,0.4901530311791867,0.8772577627571302,0.3892770508745362,0.9304293438039553,0.44244863192136125
E01026386,E01026386,West Lindsey 005B,West Lindsey,E01026386,1,2021,1.04703589147695,0.487980711882594,-0.207515933023055,79.16026575233118,86.16777093212218,0.0,0.0,0.0,0.487980711882594,-0.5590551795943559,0.280464778859539,-0.766571112617411,0.8701474650087668,-0.17688842646818315,0.8334491154711586,-0.21358677600579135,0.7915916554184528,-0.2554442360584972,0.8325442186053136,-0.2144916728716364,0.8640455941684598,-0.18299029730849015,0.87984574,-0.16719015306600027,0.8684667238864191,-0.17856916759053088,0.8480084343818204,-0.1990274570951296,0.8608242439177489,-0.18621164755920105
E01026386,E01026386,West Lindsey 005B,West Lindsey,E01026386,1,2022,0.830777277414728,1.04703589147695,0.5590551795943559,79.16026575233118,86.16777093212218,0.0,0.0,0.0,1.04703589147695,0.21625861406222202,1.6060910710713059,0.7753137936565779,1.0961152640088698,0.2653379865941419,1.0284747324494667,0.1976974550347388,1.0688507287947027,0.2380734513799747,1.0586946428973396,0.22791736548261166,1.079493193034127,0.248715915619399,1.089654,0.2588766913963072,1.0191855300387902,0.18840825262406224,1.037317250044457,0.206539972629729,1.0835129625230024,0.2527356851082745
E01026399,E01026399,West Lindsey 005C,West Lindsey,E01026399,1,2020,0.917837526576723,0.335587865765656,0.083444576185007,81.4207963318158,83.97643495328289,0.0,0.0,0.0,0.335587865765656,-0.582249660811067,0.419032441950663,-0.49880508462606,0.5236959778820353,-0.39414154869468776,0.47333161762573,-0.444505908950993,0.5180315272316625,-0.39980599934506056,0.4757158280949067,-0.4421216984818163,0.5857393649898182,-0.33209816158690486,0.5310905,-0.38674702860614196,0.5236647836481947,-0.39417274292852833,0.4598633697762249,-0.45797415680049813,0.5143412041173381,-0.40349632245938494
E01026399,E01026399,West Lindsey 005C,West Lindsey,E01026399,1,2021,0.810221390364122,0.917837526576723,0.582249660811067,81.4207963318158,83.97643495328289,0.0,0.0,0.0,0.917837526576723,0.10761613621260102,1.50008718738779,0.6898657970236679,0.8711706015946965,0.06094921123057451,0.8315942336596871,0.021372843295565103,0.8299428181705985,0.019721427806476455,0.9000934112656797,0.08987202090155766,0.8263597293265174,0.01613833896239536,0.8077519,-0.0024694963669296133,0.7791174210687893,-0.031103969295332656,0.8034568909423906,-0.006764499421731407,0.8491616767431491,0.038940286379027134
E01026399,E01026399,West Lindsey 005C,West Lindsey,E01026399,1,2022,0.990293763124908,0.810221390364122,-0.10761613621260102,81.4207963318158,83.97643495328289,0.0,0.0,0.0,0.810221390364122,-0.18007237276078603,0.702605254151521,-0.28768850897338705,0.956212982551351,-0.03408078057355701,0.9064255656062166,-0.08386819751869146,0.9097877858267839,-0.08050597729812414,0.9105214485683196,-0.0797723145565884,0.9213322074296816,-0.06896155569522644,0.90989053,-0.08040323063131671,0.8621906893625262,-0.12810307376238184,0.870992052477763,-0.11930171064714501,0.9033973994891078,-0.08689636363580022
E01026411,E01026411,West Lindsey 005D,West Lindsey,E01026411,1,2020,0.454719635949773,0.289380397136313,0.09270626255392897,81.31707569270766,87.45971001951811,0.0,0.0,0.0,0.289380397136313,-0.16533923881346002,0.3820866596902419,-0.07263297625953108,0.3901315049832937,-0.0645881309664793,0.40591696486866286,-0.04880267108111014,0.43056271328645723,-0.02415692266331576,0.40917790427651374,-0.045541731673259256,0.4735610257155822,0.01884138976580918,0.45468906,-3.058026854435569e-05,0.4541400755480355,-0.0005795604017375111,0.38010499127725306,-0.07461464467251994,0.4183382743416705,-0.036381361608102514
E01026411,E01026411,West Lindsey 005D,West Lindsey,E01026411,1,2021,0.436263380536691,0.454719635949773,0.16533923881346002,81.31707569270766,87.45971001951811,0.0,0.0,0.0,0.454719635949773,0.01845625541308199,0.620058874763233,0.18379549422654196,0.5464734720324185,0.11021009149572747,0.5635140413178428,0.12725066078115177,0.6942236489369935,0.2579602684003025,0.6654966721540101,0.2292332916173191,0.7089127244995593,0.27264934396286833,0.68553096,0.24926758002315397,0.5994039526276148,0.1631405720909238,0.5649862886601116,0.12872290812342058,0.6148400204669326,0.17857663993024164
E01026411,E01026411,West Lindsey 005D,West Lindsey,E01026411,1,2022,0.717595473658989,0.436263380536691,-0.01845625541308199,81.31707569270766,87.45971001951811,0.0,0.0,0.0,0.436263380536691,-0.281332093122298,0.417807125123609,-0.29978834853538,0.6360311435951324,-0.08156433006385666,0.6387393991780358,-0.07885607448095322,0.6990772602867789,-0.018518213372210157,0.6475954646715606,-0.07000000898742842,0.7259954958907617,0.008400022231772719,0.73657066,0.01897518264060205,0.655747025712123,-0.06184844794686606,0.612042228047659,-0.10555324561133006,0.673500680587074,-0.044094793071914995
E01026374,E01026374,West Lindsey 006A,West Lindsey,E01026374,1,2020,1.19613672478774,1.4333308534531,0.29023981471948,36.27153030288928,46.68099050271167,0.0,0.0,0.0,1.4333308534531,0.23719412866536005,1.72357066817258,0.5274339433848401,1.4558825138983233,0.25974578911058344,1.4351049210598568,0.23896819627211685,1.3587740069867476,0.16263728219900764,1.4156310668764378,0.2194943420886979,1.4366368450388065,0.2405001202510666,1.4162709,0.2201341273011883,1.4162537612150452,0.2201170364273053,1.4354193124626844,0.23928258767494448,1.4167739739737155,0.2206372491859756
E01026374,E01026374,West Lindsey 006A,West Lindsey,E01026374,1,2021,1.83925303349407,1.19613672478774,-0.23719412866536005,36.27153030288928,46.68099050271167,0.0,0.0,0.0,1.19613672478774,-0.6431163087063301,0.9589425961223799,-0.8803104373716901,1.469951295684896,-0.3693017378091741,1.4733334496375468,-0.36591958385652323,1.370798058058794,-0.46845497543527603,1.4497739721849765,-0.3894790613090935,1.5010615981161717,-0.3381914353778983,1.5073766,-0.3318764818659572,1.5318230742851797,-0.30742995920889027,1.4581015694320612,-0.38115146406200884,1.5098785986853767,-0.32937443480869333
E01026374,E01026374,West Lindsey 006A,West Lindsey,E01026374,1,2022,1.94969727400795,1.83925303349407,0.6431163087063301,36.27153030288928,46.68099050271167,0.0,0.0,0.0,1.83925303349407,-0.11044424051387991,2.4823693422004,0.5326720681924499,1.8236912495794426,-0.12600602442850728,1.792610628533152,-0.1570866454747979,1.878001493772742,-0.07169578023520784,1.7703141049283597,-0.17938316907959018,1.5872761743550288,-0.36242109965292113,1.8416977,-0.10799958113685615,1.6860229211238758,-0.26367435288407415,1.7832574296730899,-0.16643984433486003,1.7344099908440165,-0.21528728316393342
E01026375,E01026375,West Lindsey 006B,West Lindsey,E01026375,1,2020,2.54828139868175,2.17754775295849,0.18478611908457987,36.70546352701011,46.37326822193548,0.0,0.0,0.0,2.17754775295849,-0.3707336457232602,2.3623338720430698,-0.1859475266386803,2.1441793523063706,-0.4041020463753795,2.0598746770737772,-0.4884067216079728,1.902298167998257,-0.6459832306834932,2.0193627074307554,-0.5289186912509947,2.2239527317957357,-0.32432866688601436,2.1228096,-0.42547175016795613,2.055100493391274,-0.4931809052904761,2.100927386587028,-0.4473540120947219,2.1055109739852327,-0.4427704246965174
E01026375,E01026375,West Lindsey 006B,West Lindsey,E01026375,1,2021,2.4198269766963,2.54828139868175,0.3707336457232602,36.70546352701011,46.37326822193548,0.0,0.0,0.0,2.54828139868175,0.1284544219854502,2.9190150444050103,0.4991880677087104,2.4148464389642155,-0.0049805377320844,2.336826168401489,-0.08300080829481082,2.472646907926971,0.05281993123067119,2.256377603348093,-0.16344937334820697,2.163135454778148,-0.2566915219181518,2.1152976,-0.30452942077283796,2.0888439736736246,-0.33098300302267525,2.068782369965807,-0.35104460673049287,2.2507474401753713,-0.16907953652092855
E01026375,E01026375,West Lindsey 006B,West Lindsey,E01026375,1,2022,2.57804523882111,2.4198269766963,-0.1284544219854502,36.70546352701011,46.37326822193548,0.0,0.0,0.0,2.4198269766963,-0.15821826212481005,2.2913725547108497,-0.28667268411026026,2.528509311513622,-0.04953592730748779,2.4480400978649235,-0.13000514095618643,2.506243586837031,-0.07180165198407895,2.2724594118040313,-0.3055858270170786,2.2858267808945874,-0.29221845792652257,2.140247,-0.4377981322689859,2.16262979432102,-0.41541544450008994,2.1061954079095146,-0.47184983091159527,2.3401870143986057,-0.23785822442250426
E01026376,E01026376,West Lindsey 006C,West Lindsey,E01026376,1,2020,1.67652114202778,1.5503173895791,0.48921460464463995,36.68045205390756,47.073347668151264,0.0,0.0,0.0,1.5503173895791,-0.12620375244867987,2.03953199422374,0.3630108521959601,1.5819576815551513,-0.09456346047262865,1.5345428936659673,-0.1419782483618126,1.4202214394938946,-0.25629970253388534,1.4371107391823486,-0.23941040284543136,1.375714222434005,-0.3008069195937748,1.477111,-0.19941016008655676,1.4555220306414984,-0.22099911138628148,1.5311800397779332,-0.14534110224984675,1.5010057707469455,-0.1755153712808344
E01026376,E01026376,West Lindsey 006C,West Lindsey,E01026376,1,2021,1.93652827579528,1.67652114202778,0.12620375244867987,36.68045205390756,47.073347668151264,0.0,0.0,0.0,1.67652114202778,-0.26000713376750006,1.8027248944764598,-0.1338033813188202,1.7728862115781945,-0.1636420642170855,1.726867832625164,-0.2096604431701159,1.8825416471880798,-0.05398662860720016,1.7635579039426148,-0.17297037185266517,1.81169756455032,-0.12483071124496004,1.818638,-0.1178903086855998,1.7280293254053891,-0.20849895038989086,1.7300003762239933,-0.2065278995712867,1.7556027975147344,-0.18092547828054562
E01026376,E01026376,West Lindsey 006C,West Lindsey,E01026376,1,2022,1.86870744417967,1.93652827579528,0.26000713376750006,36.68045205390756,47.073347668151264,0.0,0.0,0.0,1.93652827579528,0.06782083161560992,2.19653540956278,0.32782796538311,2.079974334182133,0.21126689000246301,2.0237264308814202,0.15501898670175018,2.040504253465679,0.17179680928600893,2.0438489127592687,0.17514146857959867,2.101598425656023,0.2328909814763529,2.0336769,0.16496941853700475,2.0726635746217776,0.20395613044210759,2.0147264240919167,0.14601897991224666,2.0656989223441173,0.1969914781644473
E01026377,E01026377,West Lindsey 006D,West Lindsey,E01026377,1,2020,1.43821071308565,1.19627841178177,0.0034735799734799677,36.56623978519009,47.774980343183024,0.0,0.0,0.0,1.19627841178177,-0.2419323013038801,1.19975199175525,-0.23845872133040014,1.3881445960977061,-0.05006611698794394,1.350675585031618,-0.08753512805403196,1.4268345228879518,-0.01137619019769831,1.4112534814788527,-0.026957231606797416,1.479291309337088,0.041080596251438006,1.5000778,0.06186713058042659,1.4267784452619108,-0.011432267823739295,1.4209908553926744,-0.017219857692975626,1.3975540773105757,-0.04065663577507439
E01026377,E01026377,West Lindsey 006D,West Lindsey,E01026377,1,2021,1.76418970030598,1.43821071308565,0.2419323013038801,36.56623978519009,47.774980343183024,0.0,0.0,0.0,1.43821071308565,-0.32597898722033003,1.6801430143895302,-0.08404668591644993,1.496372829221839,-0.2678168710841411,1.4807222432469718,-0.28346745705900833,1.5619798868247905,-0.2022098134811896,1.492558234020887,-0.27163146628509316,1.5331450024332653,-0.23104469787271475,1.6505737,-0.1136159698372301,1.5550141995309923,-0.2091755007749878,1.5303684639761763,-0.23382123632980378,1.5286543136626989,-0.23553538664328122
E01026377,E01026377,West Lindsey 006D,West Lindsey,E01026377,1,2022,1.98313027670046,1.76418970030598,0.32597898722033003,36.56623978519009,47.774980343183024,0.0,0.0,0.0,1.76418970030598,-0.21894057639447984,2.09016868752631,0.10703841082584997,1.8034077118081557,-0.1797225648923042,1.7571063270559812,-0.2260239496444787,1.9152654070515238,-0.06786486964893612,1.7702584803787003,-0.21287179632175968,1.6584079571159207,-0.32472231958453923,1.8050481,-0.17808216859956882,1.6811809043503037,-0.3019493723501563,1.787647441273832,-0.19548283542662803,1.7447684425402334,-0.2383618341602265
E01026388,E01026388,West Lindsey 007A,West Lindsey,E01026388,1,2020,0.877572936248174,0.389450841861512,0.25941804923928,81.00528294443262,67.00664425531662,0.0,0.0,0.0,0.389450841861512,-0.488122094386662,0.648868891100792,-0.22870404514738196,0.5719625107812316,-0.3056104254669424,0.5750392644215128,-0.30253367182666124,0.5768216782685262,-0.30075125797964786,0.5594020930606313,-0.31817084318754274,0.5534132462674676,-0.32415968998070643,0.5387845,-0.33878843231140643,0.5663490583970162,-0.3112238778511578,0.5649350050206046,-0.31263793122756944,0.548479642573636,-0.329093293674538
E01026388,E01026388,West Lindsey 007A,West Lindsey,E01026388,1,2021,0.618435843644459,0.877572936248174,0.488122094386662,81.00528294443262,67.00664425531662,0.0,0.0,0.0,0.877572936248174,0.259137092603715,1.365695030634836,0.7472591869903771,0.8568700271966088,0.23843418355214974,0.871715139776959,0.2532792961325,0.9303816811661089,0.31194583752164984,0.9302731606487157,0.31183731700425665,0.8813947895115257,0.2629589458670667,0.8414322,0.22299637013880513,0.8101626618394033,0.1917268181949443,0.8068584309754553,0.18842258733099626,0.8757402941183943,0.25730445047393524
E01026388,E01026388,West Lindsey 007A,West Lindsey,E01026388,1,2022,0.747460870778779,0.618435843644459,-0.259137092603715,81.00528294443262,67.00664425531662,0.0,0.0,0.0,0.618435843644459,-0.12902502713431996,0.35929875104074405,-0.38816211973803494,0.8643397855169064,0.11687891473812739,0.9032976928738214,0.15583682209504246,0.8292026298294174,0.08174175905063841,0.8889828853502828,0.14152201457150382,0.8691628809151133,0.1217020101363343,0.8755168,0.12805590149142365,0.8322217739302692,0.08476090315149021,0.8280164653921449,0.08055559461336592,0.8715647724361384,0.1241039016573594
E01026404,E01026404,West Lindsey 007B,West Lindsey,E01026404,1,2020,0.759605370739411,0.64937176800992,0.43790953501695706,74.96952122844368,68.18208594778551,0.0,0.0,0.0,0.64937176800992,-0.11023360272949101,1.087281303026877,0.32767593228746605,0.7037128712107552,-0.055892499528655826,0.6739360998915237,-0.08566927084788734,0.7149542175625165,-0.0446511531768945,0.73847962301564,-0.02112574772377107,0.7429738736079163,-0.0166314971314947,0.7332823,-0.026323043087433495,0.6895377289723774,-0.07006764176703362,0.7317631539739464,-0.02784221676546461,0.7014845942661934,-0.05812077647321767
E01026404,E01026404,West Lindsey 007B,West Lindsey,E01026404,1,2021,1.03859292385249,0.759605370739411,0.11023360272949101,74.96952122844368,68.18208594778551,0.0,0.0,0.0,0.759605370739411,-0.278987553113079,0.869838973468902,-0.16875395038358798,0.8755787777863542,-0.16301414606613585,0.8365571282217363,-0.2020357956307537,0.8678923303233733,-0.1707005935291167,0.8826985637218816,-0.15589436013060842,0.8996466943168281,-0.13894622953566194,0.85931635,-0.179276574822949,0.8260802792113798,-0.2125126446411102,0.8776395264535575,-0.16095339739893255,0.8586959754949814,-0.17989694835750858
E01026404,E01026404,West Lindsey 007B,West Lindsey,E01026404,1,2022,1.15423446870205,1.03859292385249,0.278987553113079,74.96952122844368,68.18208594778551,0.0,0.0,0.0,1.03859292385249,-0.11564154484956002,1.317580476965569,0.16334600826351897,1.0702800969413946,-0.08395437176065546,1.0396828022693916,-0.11455166643265846,1.2121404339844337,0.057905965282383676,1.1643558182776492,0.010121349575599181,1.2032052045596175,0.048970735857567504,1.1470054,-0.007229029897423578,1.107843854878847,-0.046390613823203086,1.050354382231243,-0.10388008647080715,1.1107580441390548,-0.043476424562995275
E01026409,E01026409,West Lindsey 007C,West Lindsey,E01026409,1,2020,0.281225064247575,0.230543918927533,0.371078572088544,57.93682320365913,60.62383920468498,0.0,0.0,0.0,0.230543918927533,-0.050681145320041976,0.601622491016077,0.320397426768502,0.3983970397508092,0.11717197550323422,0.36723486266320915,0.08600979841563416,0.3013837078819741,0.02015864363439912,0.2847676619813615,0.003542597733786512,0.26339439027322287,-0.017830673974352118,0.27843678,-0.002788284271683872,0.30581504142539495,0.024589977177819966,0.3457682389889945,0.06454317474141952,0.31008539400442353,0.028860329756848546
E01026409,E01026409,West Lindsey 007C,West Lindsey,E01026409,1,2021,0.479866879593506,0.281225064247575,0.050681145320041976,57.93682320365913,60.62383920468498,0.0,0.0,0.0,0.281225064247575,-0.198641815345931,0.33190620956761696,-0.14796067002588903,0.49462932596458686,0.014762446371080873,0.47336093722700184,-0.006505942366504147,0.40790421546477085,-0.07196266412873514,0.4028413267786799,-0.07702555281482609,0.46103743562457056,-0.018829443968935433,0.4867357,0.0068688219674681306,0.4694978412512492,-0.010369038342256776,0.48345552831352206,0.0035886487200160744,0.4676701423281061,-0.012196737265399882
E01026409,E01026409,West Lindsey 007C,West Lindsey,E01026409,1,2022,0.723860877296298,0.479866879593506,0.198641815345931,57.93682320365913,60.62383920468498,0.0,0.0,0.0,0.479866879593506,-0.243993997702792,0.678508694939437,-0.045352182356861004,0.6514386436731621,-0.07242223362313593,0.6337334023106963,-0.0901274749856017,0.7163630680507196,-0.007497809245578413,0.6750048634429882,-0.04885601385330984,0.5996246475360281,-0.12423622976026993,0.7126442,-0.011216657897799465,0.6285925515882212,-0.09526832570807675,0.613016084330436,-0.11084479296586203,0.6305126952314897,-0.09334818206480833
E01026410,E01026410,West Lindsey 007D,West Lindsey,E01026410,1,2020,0.815021598887958,0.609524511889567,0.399730620342323,70.63145453055694,62.8891814823154,0.0,0.0,0.0,0.609524511889567,-0.20549708699839098,1.00925513223189,0.1942335333439319,0.746350005779287,-0.06867159310867099,0.7111614269484621,-0.10386017193949593,0.7216672913723439,-0.09335430751561413,0.7270922583591567,-0.0879293405288013,0.6670054011567752,-0.1480161977311828,0.66821164,-0.14680995996049828,0.670550930359409,-0.14447066852854895,0.6830576531402639,-0.1319639457476941,0.6789101232527783,-0.13611147563517967
E01026410,E01026410,West Lindsey 007D,West Lindsey,E01026410,1,2021,0.80829101969536,0.815021598887958,0.20549708699839098,70.63145453055694,62.8891814823154,0.0,0.0,0.0,0.815021598887958,0.006730579192598007,1.020518685886349,0.2122276661909891,0.881501377064717,0.073210357369357,0.8621505783500578,0.053859558654697826,0.9246917680088271,0.11640074831346714,0.9221175596888794,0.11382653999351944,0.8706577178671313,0.06236669817177132,0.847916,0.03962498734657116,0.8179698637315352,0.00967884403617525,0.7844327677002767,-0.02385825199508329,0.8582780892115682,0.04998706951620824
E01026410,E01026410,West Lindsey 007D,West Lindsey,E01026410,1,2022,1.13283381553911,0.80829101969536,-0.006730579192598007,70.63145453055694,62.8891814823154,0.0,0.0,0.0,0.80829101969536,-0.32454279584375,0.801560440502762,-0.331273375036348,1.0137836922198578,-0.11905012331925224,0.9818248805112494,-0.1510089350278606,1.0308385046539104,-0.10199531088519964,0.9797790648464214,-0.1530547506926886,0.9625913608439124,-0.1702424546951976,1.0199205,-0.1129133472087267,0.9891970501805684,-0.14363676535854164,0.9421586236547684,-0.19067519188434157,0.9855236776163785,-0.1473101379227315
E01026372,E01026372,West Lindsey 008A,West Lindsey,E01026372,1,2020,0.316983381157852,0.245498397750412,0.12205539130929499,81.2566943567969,72.43737894084202,0.0,0.0,0.0,0.245498397750412,-0.07148498340744003,0.367553789059707,0.050570407901854963,0.3765679964036956,0.059584615245843575,0.383952999339911,0.06696961818205899,0.43152138089748365,0.11453799973963164,0.4078755795889454,0.09089219843109336,0.42577853107277025,0.10879514991491823,0.41110414,0.09412076150801102,0.4224129864913914,0.1054296053335394,0.3161531089731234,-0.0008302721847286421,0.39052922059268214,0.07354583943483012
E01026372,E01026372,West Lindsey 008A,West Lindsey,E01026372,1,2021,0.479609643679739,0.316983381157852,0.07148498340744003,81.2566943567969,72.43737894084202,0.0,0.0,0.0,0.316983381157852,-0.162626262521887,0.38846836456529205,-0.09114127911444697,0.4747351470573914,-0.004874496622347624,0.4790659305126021,-0.0005437131671369166,0.5216398165527286,0.0420301728729896,0.47285549027020435,-0.006754153409534669,0.5293690204836516,0.049759376803912625,0.53631234,0.05670269801032446,0.528320547484419,0.04871090380468002,0.41483350169134076,-0.06477614198839826,0.50348204296964,0.023872399289901036
E01026372,E01026372,West Lindsey 008A,West Lindsey,E01026372,1,2022,0.764091342226023,0.479609643679739,0.162626262521887,81.2566943567969,72.43737894084202,0.0,0.0,0.0,0.479609643679739,-0.284481698546284,0.6422359062016261,-0.12185543602439697,0.639084422754177,-0.12500691947184606,0.6323618120859902,-0.13172953014003286,0.699775611045857,-0.06431573118016609,0.6446711573116676,-0.11942018491435547,0.6097771821705543,-0.15431416005546872,0.6598205,-0.10427084519004282,0.6387788968540723,-0.12531244537195074,0.568253179017543,-0.19583816320848002,0.6490550097703085,-0.11503633245571454
E01026366,E01026366,West Lindsey 011A,West Lindsey,E01026366,1,2020,0.0539114806924974,-0.190248090377188,-0.10503722298534761,81.71931181511475,90.54928853511065,0.0,0.0,0.0,-0.190248090377188,-0.24415957106968542,-0.2952853133625356,-0.349196794055033,0.16611703504550668,0.11220555435300927,0.15808175359958365,0.10417027290708625,0.2500915723129382,0.1961800916204408,0.1922000072798705,0.1382885265873731,0.27849041176910394,0.22457893107660654,0.22573563,0.171824153872856,0.1511629469412239,0.09725146624872649,0.12580754462878257,0.07189606393628517,0.1774165230517529,0.1235050423592555
E01026366,E01026366,West Lindsey 011A,West Lindsey,E01026366,1,2021,0.143691557814275,0.0539114806924974,0.24415957106968542,81.71931181511475,90.54928853511065,0.0,0.0,0.0,0.0539114806924974,-0.0897800771217776,0.2980710517621828,0.1543794939479078,0.2741532272635529,0.1304616694492779,0.2552312061681507,0.1115396483538757,0.2747065138287365,0.1310149560144615,0.24021375720739022,0.09652219939311521,0.3235080969042073,0.17981653908993228,0.2719098,0.12821824533780934,0.2269159517778087,0.0832243939635337,0.2143297099737038,0.07063815215942879,0.2551325104199976,0.11144095260572262
E01026366,E01026366,West Lindsey 011A,West Lindsey,E01026366,1,2022,0.321091636337554,0.143691557814275,0.0897800771217776,81.71931181511475,90.54928853511065,0.0,0.0,0.0,0.143691557814275,-0.177400078523279,0.2334716349360526,-0.08762000140150139,0.4142741878522996,0.09318255151474558,0.37342183313129385,0.05233019679373985,0.3020475563744899,-0.01904407996306412,0.26677626894563483,-0.05431536739191917,0.3300492526845269,0.008957616346972896,0.30849528,-0.012596353210722944,0.3133129598259656,-0.007778676511588423,0.3193476687099574,-0.0017439676275965987,0.35247975674986737,0.03138812041231337
E01026369,E01026369,West Lindsey 011B,West Lindsey,E01026369,1,2020,1.21773737566916,1.25770115295683,0.16705046354258002,32.040537734561156,77.73473370456115,0.0,0.0,0.0,1.25770115295683,0.03996377728766998,1.42475161649941,0.20701424083025,1.2953642614421295,0.07762688577296939,1.2356339914046568,0.017896615735496724,1.3225705728999222,0.10483319723076212,1.328294477160515,0.11055710149135489,1.217048200138205,-0.000689175530955044,1.4332085,0.2154710899070118,1.3180229937650203,0.10028561809586023,1.3508264889857906,0.13308911331663054,1.3279765092104383,0.11023913354127823
E01026369,E01026369,West Lindsey 011B,West Lindsey,E01026369,1,2021,0.919643084432146,1.21773737566916,-0.03996377728766998,32.040537734561156,77.73473370456115,0.0,0.0,0.0,1.21773737566916,0.29809429123701403,1.17777359838149,0.25813051394934405,1.3286292288666206,0.40898614443447456,1.287189464148241,0.36754637971609505,1.2695429084993626,0.34989982406721654,1.2437651549293078,0.3241220704971618,1.2057882512768843,0.28614516684473823,1.3650832,0.44544013318870357,1.3639857967667264,0.44434271233458034,1.404817374379217,0.4851742899470709,1.3403479082974226,0.4207048238652765
E01026369,E01026369,West Lindsey 011B,West Lindsey,E01026369,1,2022,1.54732372643034,0.919643084432146,-0.29809429123701403,32.040537734561156,77.73473370456115,0.0,0.0,0.0,0.919643084432146,-0.6276806419981941,0.621548793195132,-0.9257749332352081,1.248808020899002,-0.2985157055313381,1.2141397330973527,-0.3331839933329874,1.2377197175342416,-0.3096040088960985,1.1895785665268075,-0.3577451599035326,1.233693205570656,-0.3136305208596841,1.3777562,-0.1695674884466365,1.2668216309295495,-0.28050209550079064,1.2851883524392247,-0.2621353739911154,1.2756764987748315,-0.27164722765550864
E01026370,E01026370,West Lindsey 011C,West Lindsey,E01026370,1,2020,0.544432749974732,0.52843042943102,0.285052145701437,32.64460505847156,77.48744010112165,0.0,0.0,0.0,0.52843042943102,-0.01600232054371198,0.813482575132457,0.269049825157725,0.6304771374072302,0.0860443874324982,0.5833604865425611,0.03892773656782911,0.538727028674439,-0.00570572130029301,0.5275966954028051,-0.01683605457192694,0.5146634926411556,-0.029769257333576382,0.5339039,-0.010528853166107743,0.5525717895417082,0.008139039566976147,0.5418497313130886,-0.0025830186616434547,0.5659203606136551,0.021487610638923127
E01026370,E01026370,West Lindsey 011C,West Lindsey,E01026370,1,2021,0.764825261900538,0.544432749974732,0.01600232054371198,32.64460505847156,77.48744010112165,0.0,0.0,0.0,0.544432749974732,-0.220392511925806,0.560435070518444,-0.20439019138209402,0.7257873287767622,-0.03903793312377579,0.6879761239180884,-0.07684913798244963,0.7348951785219384,-0.029930083378599592,0.7216819946459012,-0.0431432672546368,0.7584297909711258,-0.0063954709294121725,0.8150067,0.05018141143549104,0.6730218213729463,-0.0918034405275917,0.6851033932541554,-0.07972186864638264,0.729892697832778,-0.03493256406776002
E01026370,E01026370,West Lindsey 011C,West Lindsey,E01026370,1,2022,0.828219659599108,0.764825261900538,0.220392511925806,32.64460505847156,77.48744010112165,0.0,0.0,0.0,0.764825261900538,-0.06339439769857003,0.985217773826344,0.15699811422723597,0.9141285757789495,0.08590891617984142,0.8676758717283916,0.03945621212928352,0.9286701153615784,0.10045045576247036,0.9151707190376357,0.08695105943852766,0.9847168390645912,0.15649717946548314,1.0181158,0.18989609929676599,0.8375158628288032,0.009296203229695155,0.8539824446618598,0.02576278506275176,0.9365810446441998,0.10836138504509174
E01026371,E01026371,West Lindsey 011D,West Lindsey,E01026371,1,2020,0.537942383963463,0.250289935233881,0.2792765723310296,30.536061982542115,78.39970225786371,0.0,0.0,0.0,0.250289935233881,-0.28765244872958196,0.5295665075649105,-0.008375876398552418,0.47162517792529124,-0.0663172060381717,0.4289274506863454,-0.10901493327711753,0.49226155714368625,-0.0456808268197767,0.44078442129922385,-0.0971579626642391,0.44345158267021634,-0.0944908012932466,0.4681203,-0.06982207723319256,0.43193775457851885,-0.1060046293849441,0.45377702630246347,-0.08416535766099947,0.4600183150966731,-0.07792406886678982
E01026371,E01026371,West Lindsey 011D,West Lindsey,E01026371,1,2021,0.945351522866551,0.537942383963463,0.28765244872958196,30.536061982542115,78.39970225786371,0.0,0.0,0.0,0.537942383963463,-0.40740913890308805,0.8255948326930449,-0.1197566901735061,0.6181473298709689,-0.3272041929955821,0.5874492921095211,-0.35790223075702987,0.5268052044132596,-0.4185463184532914,0.5317776827211952,-0.4135738401453558,0.49201398269023255,-0.45333754017631844,0.51064193,-0.4347095903790632,0.5582507231805385,-0.3871007996860125,0.5325862285215478,-0.4127652943450032,0.5702665163935241,-0.3750850064730269
E01026371,E01026371,West Lindsey 011D,West Lindsey,E01026371,1,2022,0.604529263932864,0.945351522866551,0.40740913890308805,30.536061982542115,78.39970225786371,0.0,0.0,0.0,0.945351522866551,0.340822258933687,1.352760661769639,0.7482313978367751,0.9648812604996336,0.36035199656676964,0.9215274528561384,0.31699818892327436,0.9333163299436528,0.3287870660107888,0.9254428203612202,0.3209135564283562,0.8588332430318096,0.25430397909894564,0.90480787,0.30027860168679543,0.8101216983730708,0.2055924344402068,0.8865098788484491,0.2819806149155851,0.9243156210320498,0.3197863570991858
E01026373,E01026373,West Lindsey 011E,West Lindsey,E01026373,1,2020,0.840738356115619,0.735029375185902,0.25103536887727795,40.18357750005778,79.24026588085333,0.0,0.0,0.0,0.735029375185902,-0.10570898092971703,0.9860647440631799,0.14532638794756092,0.8253720231151285,-0.015366333000490506,0.7559020983466592,-0.08483625776895976,0.9092621998711625,0.06852384375554355,0.8664566196288016,0.025718263513182626,0.857189040597538,0.016450684481918998,0.86483324,0.024094879625042642,0.7974534366485927,-0.043284919467026284,0.7176467358203488,-0.12309162029527021,0.8443247116580448,0.003586355542425812
E01026373,E01026373,West Lindsey 011E,West Lindsey,E01026373,1,2021,1.09333420539861,0.840738356115619,0.10570898092971703,40.18357750005778,79.24026588085333,0.0,0.0,0.0,0.840738356115619,-0.25259584928299095,0.946447337045336,-0.14688686835327391,0.9752525350653288,-0.1180816703332811,0.9038025989046538,-0.18953160649395617,0.9779410711349082,-0.11539313426370168,0.9837057936921838,-0.10962841170642612,0.962528897416368,-0.13080530798224188,0.9686795,-0.12465471769337921,0.9485153138836498,-0.14481889151496008,0.8796962993863776,-0.21363790601223231,0.9755032254299312,-0.11783097996867875
E01026373,E01026373,West Lindsey 011E,West Lindsey,E01026373,1,2022,0.873917622457271,1.09333420539861,0.25259584928299095,40.18357750005778,79.24026588085333,0.0,0.0,0.0,1.09333420539861,0.21941658294133892,1.3459300546816009,0.47201243222432987,1.2104484462873017,0.33653082383003075,1.1255013846968984,0.2515837622396274,1.2293764213244676,0.35545879886719656,1.2279211490899795,0.3540035266327085,1.3014817337296816,0.42756411127241056,1.1672078,0.29329021464752636,1.1261909155709366,0.25227329311366564,1.145352477945183,0.2714348554879119,1.2128688586057241,0.33895123614845313
