lsoa11,gp_pt_time,gp_car_time
E01000001,4,7
E01000002,9,7
E01000003,7,7
E01000005,9,7
E01000006,6,6
E01000007,5,6
E01000008,6,6
E01000009,4,6
E01000010,6,6
E01000011,4,7
E01000012,6,7
E01000013,7,7
E01000014,7,7
E01000015,5,6
E01000016,8,7
E01000017,5,6
E01000018,6,6
E01000019,8,7
E01000020,8,6
E01000021,7,6
E01000022,8,7
E01000023,5,6
E01000024,7,6
E01000025,5,6
E01000027,9,7
E01000028,9,7
E01000029,10,8
E01000030,6,7
E01000031,4,6
E01000032,8,7
E01000033,15,9
E01000034,10,8
E01000035,10,7
E01000036,3,6
E01000037,6,7
E01000038,5,7
E01000039,7,7
E01000040,4,6
E01000041,5,7
E01000042,7,8
E01000043,6,6
E01000044,4,6
E01000045,8,7
E01000046,8,7
E01000048,4,6
E01000049,5,6
E01000050,3,6
E01000051,4,7
E01000052,6,6
E01000053,12,8
E01000054,3,6
E01000055,7,7
E01000056,8,7
E01000057,4,6
E01000058,6,6
E01000059,8,7
E01000060,8,8
E01000061,3,7
E01000062,12,8
E01000063,6,7
E01000064,13,8
E01000065,4,6
E01000066,13,8
E01000067,10,7
E01000068,8,7
E01000069,5,6
E01000070,5,6
E01000071,5,7
E01000072,6,7
E01000073,4,6
E01000074,4,6
E01000075,7,7
E01000076,7,7
E01000077,6,7
E01000078,6,7
E01000079,7,7
E01000080,8,7
E01000081,7,7
E01000082,6,6
E01000083,6,7
E01000084,4,6
E01000085,6,6
E01000086,7,6
E01000087,7,7
E01000088,2,6
E01000089,4,6
E01000090,3,6
E01000091,8,6
E01000092,12,8
E01000093,5,6
E01000094,14,8
E01000095,15,11
E01000096,11,7
E01000097,7,6
E01000098,6,6
E01000099,4,6
E01000100,5,6
E01000101,5,6
E01000102,7,6
E01000103,11,8
E01000104,8,7
E01000105,5,6
E01000106,5,6
E01000107,12,7
E01000108,5,6
E01000109,7,6
E01000110,9,7
E01000111,11,7
E01000112,7,7
E01000113,11,8
E01000114,10,8
E01000115,7,7
E01000116,9,7
E01000117,11,7
E01000118,6,6
E01000119,15,9
E01000120,12,8
E01000121,6,7
E01000122,15,9
E01000123,12,8
E01000124,12,8
E01000125,5,7
E01000126,9,7
E01000127,3,6
E01000128,8,7
E01000129,5,7
E01000130,7,7
E01000131,11,7
E01000132,5,6
E01000133,8,7
E01000134,8,7
E01000135,5,7
E01000136,10,7
E01000137,7,7
E01000138,6,7
E01000139,6,7
E01000140,9,8
E01000141,6,7
E01000142,8,7
E01000143,7,8
E01000144,5,6
E01000145,5,7
E01000146,6,6
E01000147,4,6
E01000148,7,7
E01000150,11,8
E01000151,2,7
E01000152,6,6
E01000153,8,8
E01000154,7,8
E01000155,11,8
E01000156,3,6
E01000157,6,6
E01000158,8,7
E01000159,11,7
E01000160,12,8
E01000161,4,6
E01000162,6,7
E01000163,12,7
E01000164,7,7
E01000165,11,7
E01000166,14,8
E01000167,13,8
E01000168,11,8
E01000169,8,7
E01000170,4,6
E01000171,5,6
E01000172,8,7
E01000173,11,7
E01000174,10,7
E01000175,14,8
E01000176,10,7
E01000177,4,6
E01000178,7,7
E01000179,8,7
E01000180,8,7
E01000181,7,7
E01000182,3,6
E01000183,10,7
E01000184,7,8
E01000185,6,7
E01000186,7,7
E01000187,12,8
E01000188,9,8
E01000189,14,8
E01000190,13,8
E01000191,7,7
E01000192,3,6
E01000193,8,7
E01000194,7,7
E01000195,16,9
E01000196,4,6
E01000197,3,6
E01000198,12,8
E01000199,13,9
E01000200,9,7
E01000201,9,8
E01000202,5,6
E01000203,9,7
E01000204,7,7
E01000205,11,7
E01000206,14,8
E01000207,7,6
E01000208,7,7
E01000209,8,7
E01000210,6,7
E01000211,8,7
E01000212,5,6
E01000213,10,7
E01000214,10,7
E01000215,9,7
E01000216,6,6
E01000217,7,7
E01000218,4,6
E01000219,9,7
E01000220,6,6
E01000221,13,9
E01000222,5,7
E01000223,12,8
E01000224,6,7
E01000225,13,8
E01000226,10,7
E01000227,8,7
E01000228,19,10
E01000229,15,10
E01000230,12,8
E01000231,15,13
E01000232,7,7
E01000233,4,6
E01000234,7,7
E01000235,9,7
E01000236,9,7
E01000237,7,7
E01000238,5,7
E01000239,13,9
E01000240,13,9
E01000241,5,7
E01000242,9,8
E01000243,5,6
E01000244,6,7
E01000245,5,7
E01000246,13,8
E01000247,10,7
E01000248,6,7
E01000249,12,8
E01000250,7,7
E01000251,4,6
E01000252,8,7
E01000253,16,10
E01000254,11,8
E01000255,18,9
E01000256,15,9
E01000257,7,8
E01000258,6,7
E01000259,9,8
E01000260,16,10
E01000261,13,9
E01000262,15,10
E01000263,12,9
E01000264,8,8
E01000265,5,6
E01000266,10,7
E01000267,13,8
E01000268,4,6
E01000269,9,7
E01000270,8,6
E01000271,14,8
E01000272,12,8
E01000273,7,7
E01000274,6,7
E01000275,13,8
E01000276,20,10
E01000277,9,7
E01000278,16,8
E01000279,17,10
E01000280,14,8
E01000281,8,7
E01000282,10,8
E01000283,17,9
E01000284,7,6
E01000285,15,9
E01000286,15,10
E01000287,14,9
E01000288,10,7
E01000289,8,7
E01000290,18,11
E01000291,12,8
E01000292,7,7
E01000293,6,7
E01000294,9,8
E01000295,7,7
E01000296,5,7
E01000297,8,7
E01000298,5,6
E01000299,8,7
E01000300,11,7
E01000301,8,7
E01000302,9,7
E01000303,8,7
E01000304,10,8
E01000305,8,8
E01000306,10,7
E01000307,11,8
E01000308,5,7
E01000309,11,8
E01000310,5,7
E01000311,12,8
E01000312,12,8
E01000313,5,7
E01000314,7,7
E01000315,11,8
E01000316,5,7
E01000317,11,7
E01000318,12,8
E01000319,6,7
E01000320,8,7
E01000321,4,6
E01000322,6,6
E01000323,7,7
E01000324,10,7
E01000325,8,7
E01000326,14,8
E01000327,7,7
E01000328,11,8
E01000329,11,7
E01000330,9,7
E01000331,14,8
E01000332,5,6
E01000333,3,6
E01000334,8,7
E01000335,14,9
E01000336,13,8
E01000337,10,7
E01000338,8,7
E01000339,6,6
E01000340,18,9
E01000341,15,8
E01000342,13,7
E01000343,10,8
E01000344,6,6
E01000345,8,6
E01000346,15,9
E01000347,11,8
E01000348,15,8
E01000349,10,7
E01000350,14,8
E01000351,17,10
E01000352,13,9
E01000353,10,7
E01000354,8,7
E01000355,7,8
E01000356,11,7
E01000357,12,8
E01000358,11,8
E01000359,7,7
E01000360,8,7
E01000361,9,7
E01000362,5,7
E01000363,11,8
E01000364,9,8
E01000365,11,8
E01000366,8,7
E01000367,12,8
E01000368,14,8
E01000369,12,7
E01000370,11,7
E01000371,17,8
E01000372,8,7
E01000373,11,9
E01000374,17,8
E01000375,9,7
E01000376,12,7
E01000377,11,8
E01000378,9,8
E01000379,9,8
E01000380,16,10
E01000381,22,11
E01000382,15,8
E01000383,21,11
E01000384,8,7
E01000385,20,11
E01000386,14,9
E01000387,18,9
E01000388,6,7
E01000389,7,7
E01000390,14,8
E01000391,6,6
E01000392,9,8
E01000393,13,8
E01000394,8,6
E01000395,9,7
E01000396,9,6
E01000398,13,7
E01000399,5,6
E01000400,8,7
E01000401,7,7
E01000402,9,7
E01000403,5,7
E01000404,9,8
E01000405,7,6
E01000406,10,7
E01000407,6,6
E01000408,5,6
E01000409,6,6
E01000410,11,7
E01000411,7,6
E01000412,14,8
E01000413,10,8
E01000414,5,7
E01000415,5,6
E01000416,8,7
E01000417,12,8
E01000418,13,8
E01000419,8,7
E01000420,11,7
E01000421,6,7
E01000422,4,7
E01000423,7,7
E01000424,6,6
E01000425,13,8
E01000426,12,8
E01000427,14,8
E01000428,10,7
E01000429,8,7
E01000430,11,7
E01000431,8,8
E01000432,6,7
E01000433,10,7
E01000434,8,7
E01000435,12,9
E01000436,5,6
E01000437,12,7
E01000438,9,7
E01000439,6,6
E01000440,11,7
E01000441,13,8
E01000442,10,7
E01000443,14,9
E01000444,16,8
E01000445,14,8
E01000446,16,9
E01000447,9,7
E01000448,9,7
E01000449,4,6
E01000450,11,7
E01000451,10,7
E01000452,8,7
E01000453,12,7
E01000454,9,7
E01000455,6,7
E01000456,12,8
E01000457,4,6
E01000458,8,7
E01000459,4,6
E01000460,14,8
E01000461,13,9
E01000462,6,7
E01000463,6,6
E01000464,12,8
E01000465,11,8
E01000466,9,8
E01000467,13,8
E01000468,17,9
E01000469,12,8
E01000470,4,6
E01000471,8,7
E01000472,4,6
E01000473,3,6
E01000474,7,7
E01000475,9,8
E01000476,7,6
E01000477,12,7
E01000478,5,7
E01000479,8,7
E01000480,11,7
E01000481,7,7
E01000482,4,6
E01000483,5,6
E01000484,13,8
E01000485,12,7
E01000486,8,7
E01000487,6,6
E01000488,6,6
E01000489,5,6
E01000490,9,7
E01000491,13,8
E01000492,7,7
E01000493,10,7
E01000494,11,7
E01000495,11,8
E01000497,6,6
E01000498,14,8
E01000499,10,7
E01000501,9,7
E01000502,8,7
E01000503,9,7
E01000504,10,7
E01000505,12,8
E01000506,11,8
E01000507,12,9
E01000508,8,8
E01000509,6,6
E01000510,3,6
E01000511,7,7
E01000512,11,8
E01000513,7,7
E01000514,7,7
E01000515,9,7
E01000516,3,6
E01000517,5,6
E01000518,10,7
E01000519,6,7
E01000520,7,7
E01000521,4,6
E01000522,11,7
E01000523,7,7
E01000524,4,6
E01000525,6,6
E01000526,4,6
E01000527,8,7
E01000528,5,6
E01000530,5,7
E01000531,6,7
E01000532,10,7
E01000533,7,6
E01000534,6,6
E01000535,5,6
E01000536,6,7
E01000538,16,8
E01000539,11,7
E01000540,11,8
E01000541,11,8
E01000543,6,7
E01000544,8,7
E01000545,4,6
E01000546,6,7
E01000547,6,7
E01000548,8,7
E01000549,7,7
E01000550,4,6
E01000551,3,6
E01000552,6,7
E01000553,7,7
E01000554,11,8
E01000555,9,7
E01000556,3,6
E01000557,4,6
E01000558,5,6
E01000559,5,6
E01000560,4,6
E01000561,6,7
E01000562,10,8
E01000563,15,8
E01000564,13,9
E01000565,10,7
E01000566,18,9
E01000567,9,8
E01000568,11,8
E01000569,16,10
E01000570,12,8
E01000571,6,7
E01000572,15,8
E01000573,9,7
E01000574,12,8
E01000575,8,7
E01000576,6,6
E01000577,12,8
E01000578,5,6
E01000579,13,8
E01000580,6,6
E01000581,12,8
E01000582,9,7
E01000583,3,6
E01000584,11,8
E01000585,13,8
E01000586,10,7
E01000587,4,6
E01000588,6,7
E01000589,8,7
E01000590,4,6
E01000591,5,7
E01000592,6,7
E01000593,6,7
E01000594,9,7
E01000595,7,7
E01000596,6,7
E01000599,6,6
E01000600,9,7
E01000601,7,7
E01000602,6,8
E01000603,3,7
E01000604,9,10
E01000605,8,7
E01000606,9,8
E01000607,8,8
E01000608,6,8
E01000609,10,8
E01000610,8,7
E01000611,5,7
E01000612,5,6
E01000613,12,8
E01000615,10,8
E01000616,8,7
E01000617,6,7
E01000618,5,7
E01000619,8,7
E01000620,4,6
E01000621,3,6
E01000622,12,8
E01000623,6,7
E01000624,8,6
E01000625,9,7
E01000626,11,8
E01000627,11,8
E01000628,8,7
E01000629,5,6
E01000630,7,7
E01000631,7,7
E01000632,5,6
E01000633,6,6
E01000634,5,6
E01000635,7,7
E01000636,7,7
E01000637,6,6
E01000638,7,7
E01000639,7,7
E01000640,4,6
E01000641,7,7
E01000642,6,7
E01000643,5,6
E01000644,5,7
E01000645,20,9
E01000646,8,7
E01000647,10,7
E01000648,14,8
E01000649,18,10
E01000650,17,9
E01000651,16,8
E01000652,13,8
E01000653,17,8
E01000654,12,7
E01000655,13,8
E01000656,6,7
E01000657,4,6
E01000658,11,8
E01000659,8,7
E01000661,10,7
E01000662,12,7
E01000663,14,9
E01000664,18,10
E01000665,18,9
E01000666,16,10
E01000667,17,9
E01000668,11,7
E01000669,7,7
E01000670,10,7
E01000671,15,8
E01000672,8,7
E01000673,12,7
E01000674,3,6
E01000675,7,7
E01000676,10,7
E01000677,9,8
E01000678,9,7
E01000679,16,8
E01000680,15,9
E01000681,13,8
E01000682,12,7
E01000683,11,8
E01000684,10,7
E01000685,6,7
E01000686,8,6
E01000687,6,6
E01000688,8,7
E01000689,13,9
E01000690,7,7
E01000691,9,7
E01000692,6,7
E01000693,13,10
E01000694,17,10
E01000695,11,8
E01000696,12,9
E01000697,17,10
E01000698,17,8
E01000699,7,7
E01000700,13,8
E01000701,9,7
E01000702,11,8
E01000703,8,7
E01000704,11,8
E01000705,10,8
E01000706,12,8
E01000707,6,7
E01000708,5,6
E01000709,11,8
E01000710,14,8
E01000711,14,8
E01000712,11,7
E01000713,12,7
E01000714,7,7
E01000715,6,6
E01000716,11,7
E01000717,13,8
E01000718,15,9
E01000719,4,6
E01000720,13,8
E01000721,8,7
E01000722,4,6
E01000723,9,7
E01000724,8,7
E01000725,7,7
E01000726,4,6
E01000727,8,7
E01000728,11,7
E01000729,6,7
E01000730,11,7
E01000731,14,8
E01000732,8,7
E01000733,7,7
E01000734,9,7
E01000735,15,9
E01000736,14,8
E01000737,13,8
E01000738,5,6
E01000739,6,7
E01000740,11,7
E01000741,12,7
E01000742,11,7
E01000743,5,6
E01000744,8,7
E01000745,12,8
E01000746,11,8
E01000747,18,11
E01000748,17,10
E01000749,15,9
E01000750,9,7
E01000751,6,6
E01000752,6,7
E01000753,14,8
E01000754,13,8
E01000755,13,8
E01000756,11,7
E01000757,15,9
E01000758,15,9
E01000759,17,9
E01000760,8,7
E01000761,13,8
E01000762,14,9
E01000763,11,7
E01000764,14,8
E01000765,5,6
E01000766,8,7
E01000767,4,6
E01000768,11,7
E01000769,13,9
E01000770,8,7
E01000771,6,7
E01000772,8,7
E01000773,10,7
E01000774,4,6
E01000775,17,9
E01000777,12,8
E01000778,13,8
E01000779,20,9
E01000780,15,8
E01000781,14,8
E01000782,16,9
E01000783,14,9
E01000784,13,8
E01000785,17,9
E01000786,16,8
E01000787,8,7
E01000788,11,8
E01000789,11,8
E01000790,7,7
E01000791,6,7
E01000792,12,8
E01000793,10,7
E01000794,7,6
E01000795,11,8
E01000796,5,6
E01000797,12,8
E01000798,4,6
E01000799,5,6
E01000800,4,6
E01000801,4,6
E01000802,13,8
E01000803,14,8
E01000804,11,7
E01000805,8,6
E01000806,8,7
E01000807,8,7
E01000808,8,7
E01000809,13,8
E01000810,7,6
E01000811,8,7
E01000812,6,7
E01000813,6,7
E01000814,11,7
E01000815,10,7
E01000816,11,8
E01000818,15,8
E01000819,6,7
E01000820,8,7
E01000822,3,6
E01000823,8,7
E01000824,6,7
E01000825,8,7
E01000826,19,9
E01000827,14,9
E01000828,15,9
E01000829,9,8
E01000830,16,9
E01000831,13,9
E01000832,10,8
E01000833,19,10
E01000834,15,8
E01000835,5,7
E01000836,13,9
E01000837,7,7
E01000838,10,7
E01000839,8,7
E01000840,10,7
E01000841,7,8
E01000842,9,7
E01000843,8,7
E01000844,6,7
E01000845,4,6
E01000846,5,6
E01000847,4,7
E01000848,10,8
E01000849,9,7
E01000850,4,6
E01000851,4,6
E01000852,5,7
E01000853,2,6
E01000854,4,6
E01000855,4,6
E01000856,7,7
E01000857,4,6
E01000858,8,7
E01000859,4,6
E01000860,6,7
E01000861,8,7
E01000862,10,7
E01000863,10,8
E01000864,8,8
E01000865,10,8
E01000866,4,7
E01000867,9,7
E01000868,11,9
E01000869,6,7
E01000870,5,7
E01000871,7,7
E01000872,4,6
E01000873,5,7
E01000874,4,6
E01000875,6,7
E01000876,8,7
E01000877,3,6
E01000878,8,7
E01000879,9,8
E01000880,12,8
E01000881,9,8
E01000882,6,7
E01000883,7,7
E01000884,10,8
E01000885,13,9
E01000886,9,7
E01000887,4,7
E01000888,7,7
E01000889,6,7
E01000890,5,7
E01000891,3,6
E01000892,5,7
E01000893,4,6
E01000894,7,7
E01000895,8,8
E01000896,4,6
E01000897,5,6
E01000898,5,8
E01000899,13,8
E01000900,4,6
E01000901,3,6
E01000902,7,7
E01000903,7,7
E01000904,4,6
E01000905,4,6
E01000906,5,6
E01000907,3,7
E01000908,5,7
E01000909,8,8
E01000910,6,7
E01000911,6,7
E01000912,4,7
E01000913,13,8
E01000914,5,7
E01000915,3,6
E01000916,6,7
E01000917,5,7
E01000918,2,7
E01000919,4,7
E01000920,2,6
E01000921,5,6
E01000922,6,7
E01000923,9,7
E01000924,7,7
E01000925,6,6
E01000926,8,7
E01000927,4,6
E01000928,4,6
E01000929,3,6
E01000930,5,6
E01000931,5,7
E01000932,7,7
E01000933,6,7
E01000934,6,7
E01000935,3,6
E01000936,6,6
E01000937,2,6
E01000938,8,7
E01000939,7,8
E01000940,6,7
E01000941,4,7
E01000942,5,6
E01000943,5,6
E01000944,4,6
E01000945,3,6
E01000946,6,6
E01000947,4,7
E01000948,7,7
E01000949,3,6
E01000950,3,6
E01000951,2,5
E01000952,5,7
E01000953,5,7
E01000954,5,7
E01000955,4,7
E01000956,4,6
E01000957,10,7
E01000958,5,6
E01000959,4,7
E01000960,10,8
E01000961,7,7
E01000962,11,8
E01000963,5,8
E01000964,12,8
E01000965,7,7
E01000966,9,8
E01000967,9,7
E01000968,9,8
E01000969,7,7
E01000970,4,6
E01000971,2,6
E01000972,12,8
E01000973,8,7
E01000974,8,7
E01000975,5,7
E01000976,6,6
E01000977,4,6
E01000978,7,7
E01000979,5,7
E01000980,10,7
E01000981,9,7
E01000982,6,6
E01000983,5,6
E01000984,5,6
E01000985,7,7
E01000986,7,6
E01000987,7,6
E01000989,14,9
E01000990,8,7
E01000991,15,8
E01000992,6,6
E01000993,7,7
E01000994,9,7
E01000995,4,6
E01000996,8,7
E01000997,5,6
E01000998,5,6
E01000999,5,6
E01001000,4,6
E01001001,7,7
E01001002,5,7
E01001003,9,7
E01001004,9,7
E01001005,6,7
E01001006,17,9
E01001007,10,7
E01001008,8,7
E01001009,4,6
E01001010,9,9
E01001011,9,7
E01001012,10,7
E01001013,12,8
E01001014,13,9
E01001015,15,8
E01001016,11,9
E01001017,19,10
E01001018,9,7
E01001019,12,7
E01001020,7,6
E01001021,14,8
E01001022,16,8
E01001023,5,7
E01001024,8,7
E01001025,14,8
E01001026,14,9
E01001027,15,9
E01001028,14,8
E01001029,14,9
E01001030,13,8
E01001031,5,6
E01001032,16,8
E01001033,6,7
E01001034,9,7
E01001035,6,7
E01001036,13,8
E01001037,7,7
E01001038,11,8
E01001039,12,8
E01001040,4,7
E01001041,6,6
E01001042,7,8
E01001043,5,6
E01001044,10,8
E01001045,5,7
E01001046,8,7
E01001047,6,7
E01001048,5,6
E01001049,10,7
E01001050,5,7
E01001051,9,8
E01001052,8,7
E01001053,9,7
E01001054,8,7
E01001055,4,6
E01001056,5,6
E01001057,7,6
E01001058,18,11
E01001059,16,10
E01001060,20,12
E01001061,14,10
E01001062,9,7
E01001063,6,6
E01001064,14,10
E01001065,17,12
E01001066,13,10
E01001067,19,9
E01001068,9,7
E01001069,12,8
E01001070,19,10
E01001071,11,8
E01001072,24,9
E01001073,14,9
E01001074,14,10
E01001075,13,8
E01001076,11,8
E01001077,8,7
E01001078,7,7
E01001079,13,9
E01001080,11,8
E01001081,14,9
E01001082,13,8
E01001083,13,8
E01001084,14,9
E01001085,4,6
E01001086,9,7
E01001087,7,7
E01001088,9,7
E01001089,7,7
E01001090,6,6
E01001091,6,7
E01001092,10,8
E01001093,9,7
E01001094,13,8
E01001095,8,7
E01001096,17,8
E01001097,7,8
E01001098,14,8
E01001099,13,8
E01001100,10,7
E01001101,10,7
E01001102,13,8
E01001103,16,8
E01001104,5,6
E01001105,16,9
E01001106,13,8
E01001107,15,8
E01001108,17,8
E01001109,4,6
E01001110,5,6
E01001111,9,7
E01001112,10,7
E01001113,7,7
E01001114,9,7
E01001115,7,7
E01001116,6,7
E01001117,7,7
E01001118,4,6
E01001119,14,10
E01001120,8,8
E01001121,13,9
E01001122,13,8
E01001123,15,8
E01001124,8,7
E01001125,3,6
E01001126,13,9
E01001127,6,6
E01001128,5,6
E01001129,9,7
E01001130,7,7
E01001131,16,8
E01001132,10,7
E01001133,6,6
E01001134,10,8
E01001135,9,7
E01001136,10,7
E01001137,4,6
E01001138,7,7
E01001139,6,7
E01001140,6,6
E01001141,10,7
E01001142,5,6
E01001143,14,8
E01001144,8,7
E01001145,11,7
E01001146,4,6
E01001147,8,7
E01001148,6,6
E01001149,7,7
E01001150,9,7
E01001151,7,7
E01001152,3,6
E01001153,7,7
E01001154,5,7
E01001155,3,6
E01001156,9,7
E01001157,15,8
E01001158,9,7
E01001159,14,8
E01001160,12,7
E01001161,14,8
E01001162,10,7
E01001163,9,7
E01001164,11,8
E01001165,16,9
E01001166,11,9
E01001167,14,9
E01001168,16,9
E01001169,6,7
E01001170,10,7
E01001171,8,7
E01001172,9,7
E01001173,10,8
E01001174,7,7
E01001175,7,7
E01001176,4,6
E01001177,9,7
E01001178,6,6
E01001179,4,6
E01001180,4,6
E01001181,3,6
E01001182,4,6
E01001183,7,6
E01001184,6,6
E01001185,8,7
E01001186,5,6
E01001187,15,8
E01001188,7,7
E01001189,8,7
E01001190,12,8
E01001191,7,7
E01001192,8,7
E01001193,14,8
E01001194,4,6
E01001195,10,7
E01001196,7,7
E01001197,9,7
E01001198,4,6
E01001199,3,6
E01001200,5,6
E01001201,5,6
E01001202,4,6
E01001203,3,6
E01001204,4,6
E01001205,10,8
E01001206,10,7
E01001207,8,7
E01001208,8,7
E01001209,4,6
E01001210,10,8
E01001211,3,6
E01001212,7,7
E01001213,4,6
E01001214,5,6
E01001215,4,6
E01001216,5,7
E01001217,7,6
E01001218,12,8
E01001219,7,7
E01001220,8,7
E01001221,8,8
E01001222,6,6
E01001223,6,7
E01001224,3,6
E01001225,8,7
E01001226,10,7
E01001227,6,6
E01001228,10,7
E01001229,11,8
E01001230,12,8
E01001231,8,7
E01001232,13,8
E01001233,6,7
E01001234,11,8
E01001235,6,7
E01001236,6,7
E01001237,10,7
E01001238,8,8
E01001239,14,9
E01001240,6,7
E01001241,7,7
E01001242,9,8
E01001243,5,7
E01001244,4,6
E01001245,5,6
E01001246,11,8
E01001247,5,7
E01001248,10,8
E01001249,7,6
E01001250,5,6
E01001251,6,7
E01001252,5,7
E01001253,11,8
E01001254,11,8
E01001255,5,6
E01001257,6,7
E01001258,5,6
E01001259,5,6
E01001260,5,7
E01001261,7,7
E01001262,12,8
E01001263,11,8
E01001264,8,7
E01001265,15,8
E01001266,5,7
E01001267,7,7
E01001268,8,7
E01001269,7,7
E01001270,4,6
E01001271,5,6
E01001272,9,7
E01001273,6,7
E01001274,8,8
E01001275,7,7
E01001276,17,8
E01001277,7,6
E01001278,12,7
E01001279,4,6
E01001280,9,7
E01001281,6,6
E01001282,8,7
E01001283,4,6
E01001284,5,6
E01001285,4,6
E01001286,10,7
E01001287,6,6
E01001288,9,7
E01001289,9,7
E01001290,9,7
E01001291,8,7
E01001292,3,6
E01001293,6,6
E01001294,5,6
E01001295,3,6
E01001296,3,6
E01001297,3,6
E01001298,5,6
E01001299,9,7
E01001300,7,7
E01001301,4,6
E01001302,9,7
E01001303,9,7
E01001304,7,6
E01001305,5,6
E01001306,8,7
E01001307,4,6
E01001308,5,7
E01001309,11,7
E01001310,8,7
E01001311,12,8
E01001312,7,7
E01001313,6,6
E01001314,7,7
E01001315,5,6
E01001316,5,7
E01001317,5,6
E01001318,7,7
E01001319,5,6
E01001320,11,7
E01001321,7,7
E01001322,8,7
E01001323,4,6
E01001324,12,10
E01001325,8,7
E01001326,12,9
E01001327,9,7
E01001328,10,8
E01001329,4,6
E01001330,12,8
E01001331,5,7
E01001332,8,7
E01001333,7,7
E01001334,8,7
E01001335,10,7
E01001336,7,6
E01001337,13,9
E01001338,8,7
E01001339,4,7
E01001340,14,9
E01001341,6,6
E01001342,11,7
E01001343,4,6
E01001344,8,7
E01001345,12,8
E01001346,4,6
E01001347,13,9
E01001348,7,7
E01001349,7,8
E01001350,11,7
E01001351,4,6
E01001352,7,7
E01001353,4,6
E01001354,3,6
E01001355,5,7
E01001356,3,6
E01001357,6,7
E01001358,8,7
E01001359,2,6
E01001360,3,7
E01001361,6,6
E01001362,4,6
E01001363,4,6
E01001364,5,6
E01001365,4,7
E01001366,9,7
E01001367,3,6
E01001368,8,7
E01001369,2,6
E01001370,11,7
E01001371,7,7
E01001372,5,7
E01001373,3,6
E01001374,5,6
E01001375,4,6
E01001376,3,6
E01001377,6,6
E01001379,6,6
E01001380,8,7
E01001381,4,6
E01001382,6,6
E01001383,5,6
E01001384,3,6
E01001385,6,6
E01001386,12,8
E01001387,5,6
E01001388,5,6
E01001389,4,6
E01001390,9,7
E01001391,8,7
E01001392,8,7
E01001393,10,8
E01001394,11,8
E01001395,15,8
E01001396,7,7
E01001397,13,9
E01001398,9,7
E01001399,13,8
E01001400,13,8
E01001401,4,6
E01001402,8,7
E01001403,8,8
E01001404,12,8
E01001405,11,7
E01001406,6,7
E01001407,14,8
E01001408,10,7
E01001409,14,9
E01001410,18,9
E01001411,6,7
E01001412,20,11
E01001413,14,8
E01001414,14,8
E01001415,4,6
E01001416,12,8
E01001417,16,11
E01001418,6,6
E01001419,7,7
E01001420,7,7
E01001421,10,7
E01001422,19,11
E01001423,8,7
E01001424,6,7
E01001425,6,7
E01001426,10,8
E01001427,12,8
E01001428,9,7
E01001429,4,6
E01001430,6,7
E01001431,12,8
E01001432,4,7
E01001433,13,8
E01001434,12,7
E01001435,6,7
E01001436,6,6
E01001437,11,7
E01001438,12,7
E01001439,3,6
E01001440,4,6
E01001441,6,7
E01001442,5,7
E01001444,12,7
E01001445,10,7
E01001446,5,6
E01001447,12,7
E01001448,9,7
E01001449,13,8
E01001450,9,7
E01001451,11,8
E01001452,12,9
E01001453,12,8
E01001454,12,8
E01001455,13,8
E01001456,9,7
E01001457,12,9
E01001458,4,6
E01001459,6,6
E01001460,6,6
E01001461,6,6
E01001462,4,6
E01001463,11,7
E01001464,10,7
E01001465,7,7
E01001466,5,6
E01001467,7,6
E01001468,16,10
E01001469,16,9
E01001470,6,6
E01001471,16,9
E01001472,13,9
E01001473,8,7
E01001474,14,8
E01001475,14,8
E01001476,4,6
E01001477,7,6
E01001478,11,7
E01001479,5,6
E01001480,12,7
E01001481,8,6
E01001482,7,7
E01001483,12,7
E01001484,10,7
E01001485,9,7
E01001486,12,8
E01001487,4,6
E01001488,8,6
E01001489,8,7
E01001491,7,6
E01001492,12,7
E01001493,6,7
E01001494,7,6
E01001495,4,6
E01001496,5,6
E01001497,10,7
E01001498,7,7
E01001499,8,7
E01001500,11,7
E01001501,5,7
E01001502,8,7
E01001503,9,7
E01001504,7,7
E01001505,4,6
E01001506,6,7
E01001507,5,6
E01001508,7,7
E01001509,5,6
E01001510,4,6
E01001511,5,6
E01001512,6,6
E01001513,6,6
E01001514,8,7
E01001515,7,7
E01001516,11,7
E01001517,5,6
E01001518,5,6
E01001519,13,9
E01001520,16,9
E01001521,16,9
E01001522,5,6
E01001523,11,8
E01001524,15,8
E01001525,13,8
E01001526,17,9
E01001527,7,7
E01001528,10,8
E01001529,10,8
E01001530,5,8
E01001531,12,7
E01001532,12,8
E01001533,13,8
E01001534,9,8
E01001535,8,7
E01001536,7,7
E01001537,11,7
E01001538,9,7
E01001539,6,6
E01001540,13,8
E01001541,9,7
E01001542,6,6
E01001543,8,7
E01001544,4,6
E01001545,12,8
E01001546,5,6
E01001547,6,6
E01001548,11,7
E01001549,8,7
E01001550,9,7
E01001551,17,10
E01001552,10,7
E01001553,14,9
E01001554,4,7
E01001555,4,6
E01001556,14,9
E01001557,9,7
E01001558,5,7
E01001559,12,8
E01001560,11,9
E01001562,12,8
E01001563,5,6
E01001564,6,7
E01001565,7,7
E01001566,5,6
E01001567,15,8
E01001568,13,8
E01001569,7,7
E01001570,7,7
E01001571,6,6
E01001572,11,7
E01001573,3,6
E01001574,9,7
E01001575,4,6
E01001576,8,7
E01001577,7,6
E01001578,9,7
E01001579,8,7
E01001580,7,7
E01001581,5,7
E01001582,4,6
E01001583,7,7
E01001584,9,7
E01001585,10,7
E01001586,9,7
E01001587,9,7
E01001588,6,7
E01001589,7,7
E01001590,11,8
E01001591,9,8
E01001592,10,8
E01001593,7,7
E01001594,11,8
E01001595,12,8
E01001596,11,7
E01001597,16,9
E01001598,11,8
E01001599,6,7
E01001600,8,7
E01001601,5,7
E01001602,6,6
E01001603,8,7
E01001604,7,7
E01001605,9,7
E01001606,5,6
E01001607,6,6
E01001608,5,7
E01001609,7,7
E01001610,9,7
E01001611,10,7
E01001613,9,7
E01001614,17,9
E01001615,8,7
E01001617,12,7
E01001618,11,7
E01001619,9,7
E01001620,8,7
E01001621,4,6
E01001623,11,8
E01001624,9,8
E01001625,4,8
E01001629,6,7
E01001631,5,6
E01001632,3,6
E01001633,6,7
E01001634,3,6
E01001635,7,7
E01001636,5,6
E01001637,5,6
E01001638,5,6
E01001640,8,8
E01001641,3,6
E01001642,6,6
E01001644,5,6
E01001645,15,9
E01001646,17,10
E01001647,11,9
E01001648,16,9
E01001649,13,9
E01001650,12,8
E01001651,15,9
E01001652,12,8
E01001653,17,9
E01001654,21,10
E01001655,15,8
E01001656,13,8
E01001657,8,7
E01001658,14,9
E01001659,14,9
E01001660,20,10
E01001661,14,8
E01001662,5,6
E01001664,4,7
E01001665,6,6
E01001666,13,8
E01001667,4,6
E01001668,5,7
E01001669,12,7
E01001671,8,7
E01001672,3,6
E01001673,3,6
E01001674,5,6
E01001675,3,6
E01001676,9,7
E01001677,6,7
E01001678,9,7
E01001679,12,7
E01001680,13,8
E01001681,7,7
E01001682,15,8
E01001683,4,6
E01001684,7,7
E01001685,7,7
E01001686,7,6
E01001687,8,7
E01001688,10,7
E01001690,11,8
E01001692,5,7
E01001693,10,7
E01001694,9,7
E01001695,6,7
E01001696,5,6
E01001697,8,7
E01001698,4,7
E01001699,9,7
E01001700,5,7
E01001701,10,7
E01001702,6,7
E01001703,4,6
E01001704,6,6
E01001705,4,6
E01001706,12,8
E01001708,11,8
E01001709,14,9
E01001710,7,7
E01001711,13,8
E01001712,6,6
E01001713,11,8
E01001714,3,6
E01001715,6,7
E01001716,9,7
E01001717,7,7
E01001718,11,7
E01001719,7,7
E01001720,9,7
E01001722,6,7
E01001723,6,7
E01001724,4,6
E01001725,8,7
E01001726,5,7
E01001727,7,7
E01001728,4,6
E01001729,3,6
E01001730,4,6
E01001731,4,6
E01001732,3,6
E01001733,7,7
E01001734,4,7
E01001735,3,6
E01001736,7,7
E01001737,4,6
E01001738,4,6
E01001739,4,6
E01001740,5,6
E01001741,3,6
E01001742,4,6
E01001744,4,6
E01001745,5,6
E01001746,8,6
E01001747,4,6
E01001748,4,6
E01001749,5,6
E01001750,5,6
E01001751,5,6
E01001752,4,6
E01001753,5,6
E01001754,4,6
E01001755,3,6
E01001756,8,7
E01001757,7,7
E01001758,9,7
E01001759,7,6
E01001760,7,7
E01001761,4,6
E01001762,8,7
E01001763,5,6
E01001764,4,6
E01001765,4,6
E01001767,7,7
E01001768,7,7
E01001769,4,6
E01001770,5,6
E01001772,6,7
E01001773,7,7
E01001774,7,7
E01001775,5,7
E01001776,6,6
E01001777,4,6
E01001779,5,7
E01001780,7,7
E01001781,4,6
E01001782,7,6
E01001783,4,6
E01001784,6,6
E01001785,4,6
E01001786,3,6
E01001787,13,8
E01001788,8,8
E01001789,12,7
E01001790,3,7
E01001791,6,7
E01001792,9,7
E01001793,10,7
E01001794,7,7
E01001795,6,7
E01001796,8,7
E01001798,7,7
E01001799,8,7
E01001800,5,7
E01001801,8,7
E01001802,9,7
E01001803,5,6
E01001804,6,7
E01001805,3,6
E01001806,4,6
E01001807,3,6
E01001808,6,7
E01001809,8,7
E01001811,6,7
E01001812,6,6
E01001813,8,8
E01001814,5,6
E01001815,5,6
E01001816,4,6
E01001819,3,6
E01001820,7,7
E01001821,4,6
E01001822,6,7
E01001823,11,8
E01001824,6,7
E01001825,7,7
E01001826,8,7
E01001827,5,6
E01001828,6,7
E01001829,5,6
E01001830,7,7
E01001831,4,7
E01001832,5,7
E01001833,6,6
E01001834,5,6
E01001835,4,6
E01001836,10,7
E01001837,6,7
E01001838,3,6
E01001839,3,6
E01001840,5,6
E01001841,10,7
E01001842,3,6
E01001843,6,7
E01001844,5,6
E01001845,9,8
E01001846,4,6
E01001847,3,6
E01001848,6,7
E01001849,3,6
E01001850,7,7
E01001851,4,6
E01001852,5,6
E01001853,5,6
E01001854,4,6
E01001855,6,7
E01001856,3,6
E01001857,3,6
E01001858,6,7
E01001859,6,6
E01001860,5,6
E01001861,5,6
E01001862,5,6
E01001863,4,7
E01001864,4,7
E01001865,6,7
E01001866,7,7
E01001867,7,7
E01001868,9,8
E01001869,2,7
E01001870,8,8
E01001871,7,7
E01001872,9,8
E01001873,5,7
E01001874,8,7
E01001875,5,7
E01001876,6,7
E01001877,6,7
E01001878,9,8
E01001879,3,6
E01001880,6,7
E01001881,6,7
E01001882,5,6
E01001883,4,6
E01001884,4,6
E01001885,3,6
E01001886,3,6
E01001887,5,7
E01001888,9,7
E01001889,11,8
E01001890,8,7
E01001891,9,8
E01001892,7,7
E01001893,4,9
E01001894,6,9
E01001895,7,7
E01001896,3,6
E01001897,6,7
E01001898,7,7
E01001899,5,9
E01001900,6,9
E01001901,5,6
E01001902,4,6
E01001903,2,6
E01001904,3,6
E01001905,4,6
E01001906,6,7
E01001907,8,7
E01001908,6,7
E01001909,5,6
E01001910,9,7
E01001911,3,6
E01001912,3,6
E01001913,8,7
E01001914,5,7
E01001915,6,7
E01001916,11,8
E01001917,9,7
E01001918,5,6
E01001919,8,7
E01001920,3,6
E01001921,5,6
E01001922,3,6
E01001923,6,6
E01001924,5,7
E01001925,3,6
E01001926,7,7
E01001927,7,7
E01001928,10,8
E01001929,11,8
E01001930,4,6
E01001931,9,7
E01001932,11,9
E01001933,12,8
E01001934,10,8
E01001935,5,6
E01001937,6,7
E01001938,9,8
E01001939,7,7
E01001940,6,7
E01001941,6,7
E01001942,3,6
E01001943,7,8
E01001944,10,8
E01001945,4,6
E01001946,7,7
E01001947,3,6
E01001948,5,6
E01001949,8,7
E01001950,4,6
E01001951,8,7
E01001952,10,7
E01001953,3,6
E01001954,6,6
E01001955,5,7
E01001956,5,6
E01001957,7,7
E01001958,5,6
E01001959,6,7
E01001960,4,6
E01001961,4,6
E01001962,9,7
E01001963,5,6
E01001964,11,7
E01001965,10,7
E01001966,5,6
E01001967,6,6
E01001968,6,6
E01001969,5,6
E01001970,9,7
E01001971,7,7
E01001972,8,7
E01001973,6,7
E01001974,5,7
E01001975,3,6
E01001976,8,7
E01001977,7,7
E01001978,6,6
E01001979,5,6
E01001980,6,6
E01001981,6,6
E01001982,4,7
E01001983,7,6
E01001984,7,7
E01001985,4,6
E01001986,10,7
E01001987,12,7
E01001988,6,6
E01001989,5,6
E01001990,4,6
E01001991,3,6
E01001992,8,7
E01001993,6,7
E01001994,10,8
E01001995,10,7
E01001996,6,6
E01001997,3,6
E01001998,6,7
E01001999,4,7
E01002000,7,7
E01002001,5,7
E01002002,5,7
E01002003,4,7
E01002004,5,7
E01002005,12,8
E01002006,11,8
E01002007,9,8
E01002008,9,8
E01002009,12,9
E01002010,5,6
E01002011,7,7
E01002013,12,8
E01002014,9,7
E01002015,9,7
E01002016,12,7
E01002017,8,7
E01002018,15,9
E01002019,7,7
E01002020,7,7
E01002021,9,8
E01002022,7,7
E01002023,9,7
E01002024,4,6
E01002025,13,8
E01002026,9,8
E01002027,8,7
E01002028,5,7
E01002029,8,7
E01002030,5,6
E01002031,5,6
E01002032,9,7
E01002033,11,8
E01002034,5,6
E01002036,9,7
E01002037,13,8
E01002038,7,7
E01002039,13,8
E01002040,13,7
E01002041,7,7
E01002042,6,6
E01002043,4,6
E01002044,5,7
E01002045,3,6
E01002046,3,6
E01002047,4,6
E01002048,5,6
E01002049,4,6
E01002050,5,6
E01002051,3,6
E01002052,9,7
E01002053,7,7
E01002054,7,7
E01002055,5,6
E01002056,8,7
E01002057,8,7
E01002058,7,7
E01002059,12,8
E01002060,12,7
E01002061,11,7
E01002062,7,6
E01002063,9,7
E01002064,4,6
E01002065,7,7
E01002066,5,6
E01002067,4,6
E01002068,4,7
E01002069,7,6
E01002070,6,6
E01002071,4,6
E01002072,6,7
E01002073,6,7
E01002074,8,7
E01002075,11,7
E01002076,7,6
E01002077,4,6
E01002078,8,8
E01002079,4,6
E01002080,5,7
E01002081,4,7
E01002082,6,7
E01002083,8,7
E01002084,8,7
E01002085,4,6
E01002086,7,7
E01002087,6,6
E01002088,4,6
E01002089,9,8
E01002090,17,8
E01002091,11,7
E01002092,4,6
E01002093,14,8
E01002094,6,6
E01002095,3,6
E01002096,10,7
E01002097,6,7
E01002098,5,7
E01002099,7,7
E01002100,6,7
E01002101,5,7
E01002102,4,6
E01002103,9,7
E01002104,11,7
E01002105,4,7
E01002106,7,7
E01002107,5,6
E01002108,8,7
E01002109,15,9
E01002110,6,7
E01002111,8,8
E01002112,17,9
E01002113,21,10
E01002114,20,10
E01002115,22,10
E01002116,16,9
E01002117,16,8
E01002118,13,8
E01002119,9,7
E01002120,15,8
E01002121,9,7
E01002122,5,6
E01002123,5,6
E01002124,6,6
E01002125,4,6
E01002126,7,7
E01002127,6,6
E01002128,4,6
E01002129,9,8
E01002130,8,7
E01002131,10,7
E01002132,12,8
E01002133,11,8
E01002134,9,7
E01002135,6,8
E01002136,5,6
E01002137,15,9
E01002138,4,6
E01002139,10,8
E01002140,6,6
E01002141,11,7
E01002142,9,7
E01002143,8,7
E01002144,14,8
E01002145,14,8
E01002146,11,9
E01002147,12,8
E01002148,7,7
E01002149,9,7
E01002150,8,7
E01002151,9,7
E01002152,5,7
E01002153,6,7
E01002154,5,6
E01002155,14,8
E01002156,11,8
E01002157,9,7
E01002158,13,8
E01002159,4,6
E01002160,4,6
E01002161,9,7
E01002162,10,7
E01002163,9,7
E01002164,4,6
E01002165,7,7
E01002166,7,7
E01002167,9,7
E01002168,6,7
E01002169,11,8
E01002170,8,7
E01002171,8,7
E01002172,14,8
E01002173,11,8
E01002174,9,7
E01002175,12,8
E01002176,8,7
E01002177,7,7
E01002178,10,7
E01002179,12,8
E01002180,11,8
E01002181,5,6
E01002182,4,6
E01002183,11,7
E01002184,11,7
E01002185,15,9
E01002186,14,8
E01002187,13,8
E01002188,8,7
E01002189,8,7
E01002190,16,9
E01002191,16,9
E01002192,11,7
E01002193,11,8
E01002194,14,8
E01002195,14,9
E01002196,14,9
E01002197,8,7
E01002198,8,7
E01002199,4,6
E01002200,9,7
E01002201,5,6
E01002202,5,7
E01002203,6,6
E01002204,4,6
E01002206,9,7
E01002207,5,6
E01002208,13,8
E01002209,10,8
E01002210,8,7
E01002211,5,6
E01002212,7,7
E01002213,9,7
E01002214,5,6
E01002215,4,7
E01002216,4,6
E01002217,7,7
E01002218,10,7
E01002219,12,7
E01002220,5,7
E01002221,9,7
E01002222,8,7
E01002223,8,7
E01002224,6,7
E01002225,16,10
E01002226,18,10
E01002227,17,9
E01002228,18,10
E01002229,18,10
E01002230,17,9
E01002231,10,7
E01002232,4,6
E01002233,9,7
E01002234,8,7
E01002235,12,8
E01002236,11,8
E01002237,9,7
E01002238,5,6
E01002239,6,7
E01002240,6,6
E01002241,6,7
E01002242,7,7
E01002243,8,8
E01002244,9,8
E01002245,8,7
E01002246,16,9
E01002247,16,9
E01002248,7,7
E01002249,8,7
E01002250,16,9
E01002251,11,8
E01002252,13,8
E01002253,9,7
E01002254,5,6
E01002255,14,8
E01002256,9,7
E01002257,9,7
E01002258,7,7
E01002259,6,6
E01002260,7,7
E01002261,8,7
E01002262,6,6
E01002263,8,7
E01002264,4,6
E01002265,9,8
E01002266,7,7
E01002267,9,7
E01002268,15,9
E01002269,18,10
E01002270,14,8
E01002271,19,9
E01002272,5,6
E01002273,14,8
E01002274,10,7
E01002275,10,8
E01002276,16,9
E01002277,11,7
E01002278,9,8
E01002279,10,7
E01002280,12,8
E01002281,6,7
E01002282,6,7
E01002283,9,7
E01002284,7,7
E01002285,13,8
E01002286,8,7
E01002287,5,6
E01002288,11,8
E01002289,9,7
E01002290,10,7
E01002291,7,6
E01002292,13,8
E01002293,10,8
E01002294,6,6
E01002295,13,8
E01002296,18,8
E01002297,10,7
E01002298,11,8
E01002299,8,7
E01002300,5,7
E01002301,8,7
E01002302,6,6
E01002303,12,8
E01002304,14,9
E01002305,11,8
E01002306,11,7
E01002307,11,7
E01002308,11,8
E01002309,7,7
E01002310,10,8
E01002311,12,8
E01002312,15,9
E01002313,13,8
E01002314,9,7
E01002315,7,7
E01002316,6,7
E01002317,10,7
E01002318,11,9
E01002319,11,7
E01002320,13,8
E01002321,17,9
E01002322,10,7
E01002323,13,8
E01002324,19,9
E01002325,12,8
E01002326,7,7
E01002327,11,8
E01002328,11,8
E01002329,7,7
E01002330,7,8
E01002331,10,8
E01002332,8,7
E01002333,16,8
E01002334,17,8
E01002335,13,8
E01002336,13,8
E01002337,16,9
E01002338,8,8
E01002339,13,8
E01002340,5,7
E01002341,16,8
E01002342,6,6
E01002343,8,7
E01002344,11,7
E01002345,6,7
E01002346,7,7
E01002347,13,7
E01002348,7,7
E01002349,5,6
E01002350,8,7
E01002351,6,6
E01002352,6,6
E01002353,7,7
E01002354,13,8
E01002355,12,8
E01002356,11,8
E01002358,5,7
E01002359,7,7
E01002360,5,6
E01002361,7,7
E01002362,4,6
E01002363,12,7
E01002364,6,6
E01002365,11,8
E01002366,11,7
E01002367,5,6
E01002368,15,9
E01002369,14,8
E01002370,11,8
E01002371,8,7
E01002372,6,7
E01002373,4,6
E01002374,5,7
E01002375,7,7
E01002376,16,9
E01002377,16,10
E01002378,17,10
E01002379,11,8
E01002380,16,8
E01002381,13,8
E01002382,8,7
E01002383,15,10
E01002384,5,6
E01002385,12,8
E01002386,9,7
E01002387,8,7
E01002388,6,6
E01002389,9,7
E01002390,6,6
E01002391,13,8
E01002392,8,7
E01002393,5,6
E01002394,12,7
E01002395,11,7
E01002396,10,8
E01002397,8,7
E01002398,10,7
E01002399,8,7
E01002400,8,7
E01002401,9,7
E01002402,6,7
E01002403,5,6
E01002404,10,7
E01002405,8,7
E01002406,8,7
E01002407,4,6
E01002408,6,7
E01002409,5,7
E01002410,11,8
E01002411,6,7
E01002412,8,7
E01002413,11,8
E01002414,10,8
E01002415,9,7
E01002416,6,6
E01002417,10,7
E01002418,12,8
E01002419,11,7
E01002420,6,6
E01002421,5,6
E01002422,10,7
E01002423,9,8
E01002424,4,6
E01002425,12,8
E01002426,6,7
E01002427,11,8
E01002428,12,8
E01002429,15,9
E01002430,13,8
E01002431,10,8
E01002432,6,7
E01002433,13,9
E01002434,6,6
E01002435,11,7
E01002436,18,9
E01002437,14,8
E01002438,15,9
E01002439,8,7
E01002440,13,8
E01002441,14,8
E01002442,19,10
E01002443,12,7
E01002444,23,12
E01002445,15,8
E01002446,18,9
E01002447,17,9
E01002448,5,6
E01002449,12,8
E01002450,15,8
E01002451,7,7
E01002452,7,7
E01002453,8,7
E01002454,14,8
E01002455,10,7
E01002456,10,7
E01002457,15,8
E01002458,7,7
E01002459,7,7
E01002460,12,7
E01002461,16,9
E01002462,12,8
E01002463,11,9
E01002464,19,9
E01002465,11,8
E01002466,12,7
E01002467,8,7
E01002468,9,7
E01002469,13,8
E01002470,10,7
E01002471,9,8
E01002472,8,7
E01002473,19,9
E01002474,10,7
E01002475,6,7
E01002476,10,8
E01002477,9,7
E01002478,6,7
E01002479,18,10
E01002480,20,9
E01002481,16,10
E01002482,12,8
E01002483,11,9
E01002484,5,6
E01002485,10,8
E01002486,8,7
E01002487,9,7
E01002488,6,7
E01002489,5,7
E01002490,8,7
E01002491,9,7
E01002492,5,6
E01002493,12,8
E01002494,18,10
E01002495,12,7
E01002496,6,6
E01002497,7,7
E01002498,5,6
E01002499,5,7
E01002501,5,6
E01002502,8,7
E01002503,5,6
E01002504,12,8
E01002505,8,7
E01002506,4,7
E01002507,8,7
E01002508,7,7
E01002509,13,8
E01002511,13,8
E01002512,9,7
E01002513,7,7
E01002514,7,7
E01002515,9,7
E01002516,11,8
E01002518,11,8
E01002519,14,9
E01002520,17,9
E01002521,8,7
E01002523,14,9
E01002525,6,6
E01002526,15,8
E01002527,7,6
E01002528,18,8
E01002529,10,7
E01002530,14,8
E01002531,8,7
E01002532,17,8
E01002533,8,7
E01002534,4,7
E01002535,4,7
E01002536,14,8
E01002537,16,8
E01002538,10,7
E01002539,4,6
E01002540,6,7
E01002541,7,7
E01002542,5,7
E01002543,8,7
E01002544,11,7
E01002545,13,8
E01002546,15,9
E01002547,12,8
E01002548,7,7
E01002549,11,8
E01002550,10,9
E01002551,11,8
E01002552,5,6
E01002553,10,7
E01002554,6,7
E01002555,5,6
E01002556,8,6
E01002557,9,7
E01002558,6,6
E01002559,11,8
E01002560,5,7
E01002561,3,6
E01002562,11,8
E01002563,12,8
E01002564,7,7
E01002565,10,7
E01002566,16,9
E01002567,10,7
E01002568,14,8
E01002569,7,7
E01002570,6,7
E01002571,12,8
E01002572,10,8
E01002573,10,7
E01002574,7,8
E01002575,10,9
E01002576,4,6
E01002577,8,7
E01002578,6,6
E01002579,10,7
E01002580,12,7
E01002581,11,8
E01002582,6,7
E01002583,8,8
E01002584,5,6
E01002585,13,8
E01002586,13,8
E01002587,7,7
E01002588,6,7
E01002589,12,7
E01002590,9,6
E01002591,9,7
E01002592,10,7
E01002593,7,6
E01002594,4,6
E01002595,4,6
E01002596,19,10
E01002598,11,8
E01002599,11,8
E01002600,16,8
E01002601,17,9
E01002602,18,11
E01002603,11,8
E01002604,10,8
E01002605,9,7
E01002606,11,8
E01002607,5,6
E01002608,13,9
E01002609,13,9
E01002610,16,10
E01002611,8,7
E01002612,4,7
E01002613,6,6
E01002614,13,8
E01002615,13,8
E01002616,16,9
E01002617,18,10
E01002618,10,8
E01002619,7,7
E01002620,9,7
E01002621,12,8
E01002622,8,8
E01002623,12,8
E01002624,13,8
E01002625,7,7
E01002626,7,7
E01002627,9,7
E01002628,14,8
E01002629,9,8
E01002630,13,7
E01002631,11,7
E01002632,6,6
E01002633,12,8
E01002634,14,8
E01002635,7,7
E01002636,9,7
E01002637,14,8
E01002638,13,7
E01002639,11,7
E01002640,7,7
E01002641,4,6
E01002642,9,7
E01002643,5,7
E01002645,9,7
E01002646,8,7
E01002647,15,9
E01002648,7,8
E01002649,9,8
E01002650,17,9
E01002651,14,8
E01002652,16,8
E01002653,13,9
E01002654,12,9
E01002655,5,7
E01002656,14,9
E01002657,5,6
E01002658,16,9
E01002659,13,8
E01002660,12,8
E01002661,6,6
E01002662,6,7
E01002663,7,7
E01002664,5,7
E01002665,13,8
E01002666,14,8
E01002667,7,7
E01002668,8,9
E01002669,11,8
E01002670,9,8
E01002671,7,7
E01002672,13,9
E01002673,13,9
E01002674,10,7
E01002675,14,8
E01002676,15,9
E01002677,5,6
E01002678,19,9
E01002679,18,10
E01002680,11,7
E01002681,11,9
E01002682,13,9
E01002683,11,8
E01002684,6,7
E01002686,16,9
E01002687,3,6
E01002689,4,6
E01002690,8,7
E01002691,7,7
E01002692,7,6
E01002693,3,6
E01002694,6,6
E01002695,5,6
E01002696,5,6
E01002697,6,6
E01002698,8,7
E01002699,9,7
E01002700,8,7
E01002701,3,6
E01002702,5,6
E01002703,9,7
E01002704,8,7
E01002706,8,7
E01002707,9,7
E01002708,8,7
E01002709,4,6
E01002710,5,6
E01002711,3,7
E01002712,8,7
E01002713,9,7
E01002714,6,7
E01002715,2,6
E01002716,3,6
E01002717,7,7
E01002718,4,6
E01002719,6,7
E01002720,6,6
E01002721,5,6
E01002722,3,6
E01002723,9,7
E01002724,6,7
E01002725,5,7
E01002726,2,6
E01002727,6,6
E01002728,7,7
E01002729,4,6
E01002730,5,7
E01002731,4,6
E01002732,3,6
E01002733,4,6
E01002734,7,7
E01002735,8,7
E01002736,6,6
E01002737,4,6
E01002738,7,7
E01002739,6,7
E01002740,7,7
E01002741,6,7
E01002742,9,7
E01002743,4,6
E01002744,3,6
E01002745,8,7
E01002747,12,7
E01002748,11,8
E01002749,10,7
E01002751,5,7
E01002752,7,6
E01002753,5,7
E01002754,7,8
E01002755,3,6
E01002756,5,6
E01002757,7,7
E01002758,5,6
E01002759,4,7
E01002760,4,6
E01002762,7,7
E01002763,4,7
E01002764,5,6
E01002765,8,7
E01002766,3,6
E01002767,5,7
E01002768,4,6
E01002769,7,7
E01002770,9,8
E01002771,6,7
E01002772,5,7
E01002773,6,7
E01002774,6,7
E01002775,7,7
E01002776,6,6
E01002777,7,7
E01002778,8,7
E01002779,4,6
E01002780,5,6
E01002781,2,6
E01002782,4,7
E01002783,9,7
E01002784,10,7
E01002785,4,6
E01002786,6,7
E01002787,6,7
E01002788,8,7
E01002789,5,6
E01002790,6,6
E01002791,5,7
E01002792,8,7
E01002793,4,7
E01002794,5,6
E01002795,3,6
E01002796,6,7
E01002797,3,6
E01002798,3,6
E01002799,4,6
E01002800,6,7
E01002801,2,6
E01002802,4,6
E01002803,8,7
E01002804,4,6
E01002805,5,6
E01002806,4,6
E01002807,5,6
E01002808,6,6
E01002809,5,6
E01002810,4,6
E01002811,6,6
E01002812,5,7
E01002813,3,7
E01002814,6,8
E01002815,4,8
E01002816,4,6
E01002817,5,7
E01002818,4,6
E01002819,7,7
E01002820,6,7
E01002821,8,8
E01002822,9,8
E01002823,9,8
E01002824,7,7
E01002825,7,7
E01002826,6,7
E01002827,10,8
E01002828,10,8
E01002829,6,6
E01002830,5,6
E01002831,2,6
E01002832,3,6
E01002833,3,6
E01002834,4,7
E01002835,4,6
E01002836,2,6
E01002837,5,6
E01002838,8,7
E01002839,5,7
E01002840,3,6
E01002841,5,7
E01002842,5,7
E01002843,4,7
E01002844,8,8
E01002845,6,8
E01002846,4,7
E01002847,5,7
E01002848,8,8
E01002849,2,6
E01002850,2,6
E01002851,4,7
E01002852,6,7
E01002853,6,6
E01002854,2,6
E01002855,6,6
E01002856,7,6
E01002857,3,6
E01002858,9,8
E01002859,8,8
E01002860,9,8
E01002861,8,7
E01002862,9,7
E01002863,5,7
E01002864,7,8
E01002865,4,8
E01002866,7,7
E01002867,3,6
E01002868,7,7
E01002869,7,8
E01002870,6,6
E01002871,3,7
E01002872,5,7
E01002873,8,8
E01002874,4,6
E01002875,6,6
E01002876,5,6
E01002877,8,7
E01002878,4,6
E01002879,4,6
E01002880,6,7
E01002881,3,6
E01002882,6,6
E01002883,7,7
E01002884,6,7
E01002885,11,8
E01002886,2,6
E01002887,2,6
E01002888,2,6
E01002889,6,8
E01002890,5,7
E01002891,6,6
E01002892,4,6
E01002893,2,6
E01002894,2,6
E01002895,7,7
E01002896,5,6
E01002897,4,6
E01002898,3,7
E01002899,2,6
E01002900,6,7
E01002901,6,7
E01002902,6,7
E01002903,5,7
E01002904,10,7
E01002905,5,6
E01002906,5,6
E01002907,9,7
E01002908,6,6
E01002909,6,6
E01002910,9,7
E01002911,5,7
E01002912,5,7
E01002913,4,7
E01002914,6,7
E01002915,7,7
E01002916,12,8
E01002917,12,9
E01002918,5,6
E01002919,8,8
E01002920,18,9
E01002921,8,7
E01002922,13,8
E01002923,6,7
E01002924,16,8
E01002925,9,7
E01002926,18,9
E01002927,14,9
E01002928,9,8
E01002929,11,8
E01002930,6,7
E01002931,7,7
E01002932,15,9
E01002933,6,7
E01002934,9,7
E01002935,4,6
E01002937,5,7
E01002938,10,7
E01002939,8,7
E01002940,10,8
E01002941,10,8
E01002942,5,6
E01002943,12,8
E01002944,16,8
E01002945,15,8
E01002946,17,9
E01002947,14,7
E01002948,8,7
E01002949,7,7
E01002950,13,9
E01002951,7,7
E01002952,14,8
E01002953,16,8
E01002954,5,7
E01002955,18,11
E01002956,18,11
E01002957,8,7
E01002958,11,7
E01002959,10,7
E01002960,12,8
E01002961,6,6
E01002962,11,7
E01002963,11,7
E01002964,14,9
E01002965,14,9
E01002966,16,9
E01002967,14,8
E01002968,10,7
E01002969,12,9
E01002970,13,9
E01002971,12,9
E01002972,6,7
E01002973,15,9
E01002974,6,7
E01002975,16,8
E01002976,15,9
E01002977,13,8
E01002978,7,7
E01002979,10,7
E01002980,15,8
E01002981,12,8
E01002982,10,8
E01002983,16,8
E01002984,5,6
E01002985,7,7
E01002986,14,8
E01002987,9,7
E01002988,8,7
E01002989,8,7
E01002990,12,8
E01002991,15,9
E01002992,17,9
E01002993,6,6
E01002994,14,8
E01002995,10,7
E01002996,8,7
E01002997,11,7
E01002998,5,6
E01002999,4,6
E01003000,12,7
E01003001,10,7
E01003002,15,7
E01003003,7,6
E01003004,11,7
E01003005,10,7
E01003006,14,8
E01003007,13,8
E01003008,8,7
E01003009,15,8
E01003010,4,6
E01003011,5,6
E01003013,5,7
E01003014,4,7
E01003015,3,6
E01003016,8,8
E01003017,4,7
E01003018,7,7
E01003019,7,7
E01003020,8,7
E01003021,8,7
E01003022,9,7
E01003023,4,6
E01003024,6,7
E01003025,6,7
E01003026,12,8
E01003027,11,7
E01003028,7,7
E01003029,7,7
E01003030,11,8
E01003031,8,7
E01003032,9,7
E01003033,13,8
E01003034,8,7
E01003035,3,6
E01003036,4,6
E01003037,5,6
E01003038,7,7
E01003039,4,7
E01003040,6,6
E01003041,5,6
E01003042,6,7
E01003043,10,8
E01003044,12,9
E01003045,10,8
E01003046,8,7
E01003047,7,8
E01003048,6,7
E01003049,8,8
E01003050,6,8
E01003051,8,8
E01003052,9,8
E01003053,6,6
E01003054,3,6
E01003055,4,6
E01003056,4,6
E01003057,3,6
E01003058,5,6
E01003059,6,7
E01003060,4,6
E01003061,5,6
E01003062,13,9
E01003063,12,7
E01003064,7,8
E01003065,12,8
E01003066,10,7
E01003067,8,7
E01003068,10,7
E01003069,8,7
E01003070,12,8
E01003071,10,7
E01003072,6,6
E01003073,6,6
E01003074,11,8
E01003075,5,6
E01003076,4,6
E01003077,4,6
E01003078,9,7
E01003079,8,7
E01003080,6,7
E01003081,5,7
E01003082,10,7
E01003083,8,7
E01003084,9,7
E01003085,12,8
E01003086,5,6
E01003087,10,7
E01003088,8,7
E01003089,5,6
E01003090,7,7
E01003091,5,6
E01003092,3,6
E01003093,3,6
E01003094,3,6
E01003095,6,6
E01003096,6,7
E01003097,3,7
E01003098,9,7
E01003099,10,8
E01003100,9,7
E01003101,10,8
E01003102,10,8
E01003104,6,7
E01003105,4,6
E01003106,4,7
E01003107,7,7
E01003108,3,7
E01003109,3,6
E01003110,5,7
E01003111,6,7
E01003112,5,6
E01003113,7,7
E01003114,7,7
E01003115,7,7
E01003116,10,7
E01003117,6,7
E01003118,5,6
E01003119,7,7
E01003120,4,8
E01003121,6,6
E01003122,8,7
E01003123,5,6
E01003124,3,7
E01003125,7,7
E01003126,3,6
E01003127,5,7
E01003128,3,6
E01003129,5,6
E01003130,3,6
E01003131,6,6
E01003132,5,6
E01003133,7,7
E01003134,9,7
E01003135,6,7
E01003136,4,6
E01003137,3,6
E01003138,9,7
E01003139,4,6
E01003140,7,7
E01003141,7,7
E01003142,7,7
E01003143,8,7
E01003144,8,7
E01003145,5,6
E01003146,4,7
E01003147,4,6
E01003148,6,6
E01003149,9,7
E01003150,9,8
E01003151,5,6
E01003152,9,7
E01003153,4,6
E01003154,6,6
E01003155,5,6
E01003156,11,7
E01003157,12,8
E01003158,13,7
E01003159,6,6
E01003160,6,7
E01003161,10,7
E01003162,3,6
E01003163,7,7
E01003164,6,7
E01003165,6,7
E01003166,4,6
E01003167,9,7
E01003168,6,7
E01003169,8,7
E01003170,8,7
E01003171,5,7
E01003172,10,8
E01003173,9,7
E01003174,9,7
E01003175,8,7
E01003176,8,7
E01003177,11,8
E01003178,7,7
E01003179,8,8
E01003180,4,6
E01003181,6,7
E01003182,9,7
E01003183,4,6
E01003184,4,6
E01003185,7,7
E01003186,9,7
E01003187,3,6
E01003188,8,7
E01003189,5,6
E01003190,7,7
E01003191,8,7
E01003192,10,7
E01003193,5,6
E01003194,9,7
E01003195,8,7
E01003196,7,6
E01003197,5,6
E01003198,8,7
E01003199,7,7
E01003200,9,8
E01003201,6,6
E01003202,5,6
E01003203,4,6
E01003204,6,6
E01003205,4,6
E01003206,10,7
E01003207,3,6
E01003209,8,7
E01003210,8,7
E01003211,5,6
E01003212,7,7
E01003213,11,8
E01003214,12,8
E01003215,4,7
E01003216,10,7
E01003217,6,6
E01003218,4,6
E01003219,9,7
E01003220,8,6
E01003221,13,8
E01003222,6,6
E01003223,12,7
E01003224,5,6
E01003225,9,7
E01003226,8,7
E01003227,9,7
E01003228,10,7
E01003229,6,7
E01003230,8,7
E01003231,5,7
E01003232,3,6
E01003233,6,6
E01003235,15,8
E01003236,11,8
E01003237,6,7
E01003238,4,6
E01003239,6,6
E01003240,12,7
E01003241,9,8
E01003243,14,8
E01003244,3,6
E01003245,7,7
E01003246,7,7
E01003247,10,7
E01003248,7,7
E01003249,4,6
E01003250,6,7
E01003251,4,6
E01003252,3,6
E01003253,5,7
E01003254,16,9
E01003255,13,8
E01003256,11,7
E01003257,13,8
E01003258,5,6
E01003259,6,6
E01003260,11,8
E01003261,14,8
E01003262,16,9
E01003263,17,9
E01003264,18,9
E01003265,17,9
E01003266,19,10
E01003267,20,10
E01003268,15,9
E01003269,18,10
E01003270,18,10
E01003271,21,10
E01003272,9,8
E01003273,9,7
E01003274,3,6
E01003275,8,7
E01003276,6,6
E01003277,8,7
E01003278,5,6
E01003279,9,7
E01003280,12,8
E01003281,12,8
E01003282,7,7
E01003283,5,6
E01003284,8,7
E01003285,6,6
E01003286,7,7
E01003287,6,7
E01003288,7,7
E01003290,6,7
E01003291,8,8
E01003292,4,6
E01003293,6,7
E01003295,8,7
E01003296,7,7
E01003297,15,9
E01003298,8,7
E01003299,6,7
E01003300,7,7
E01003301,8,7
E01003302,14,9
E01003303,4,6
E01003304,4,6
E01003305,10,9
E01003307,5,6
E01003308,5,6
E01003309,6,7
E01003310,9,7
E01003311,5,6
E01003312,7,6
E01003313,10,7
E01003314,4,6
E01003315,9,7
E01003316,4,6
E01003317,14,8
E01003318,10,8
E01003319,8,7
E01003320,5,7
E01003321,9,7
E01003322,6,7
E01003323,6,6
E01003324,5,6
E01003325,6,7
E01003326,10,8
E01003327,13,8
E01003328,14,8
E01003329,8,7
E01003330,12,8
E01003331,5,6
E01003332,8,7
E01003333,6,6
E01003334,12,7
E01003335,10,7
E01003336,5,6
E01003337,3,6
E01003338,6,8
E01003339,4,7
E01003340,6,6
E01003341,7,6
E01003342,8,7
E01003343,9,7
E01003344,4,6
E01003345,8,7
E01003346,8,7
E01003347,11,7
E01003348,4,6
E01003349,10,7
E01003350,12,7
E01003351,6,6
E01003352,5,6
E01003353,10,7
E01003354,11,7
E01003355,6,7
E01003356,8,7
E01003357,5,6
E01003358,4,6
E01003359,3,6
E01003360,6,7
E01003361,11,9
E01003362,15,9
E01003363,17,9
E01003364,14,8
E01003365,16,10
E01003366,10,9
E01003367,8,8
E01003368,10,7
E01003369,5,6
E01003370,4,6
E01003371,5,6
E01003372,8,7
E01003373,5,6
E01003374,9,8
E01003375,14,8
E01003376,4,7
E01003377,4,7
E01003378,3,6
E01003379,8,7
E01003380,9,8
E01003381,10,7
E01003382,12,8
E01003383,7,8
E01003384,7,7
E01003385,8,8
E01003386,8,6
E01003387,10,7
E01003388,5,6
E01003389,11,8
E01003390,6,6
E01003391,12,8
E01003392,8,6
E01003393,7,7
E01003394,11,7
E01003395,14,7
E01003396,6,6
E01003397,9,7
E01003398,9,7
E01003399,14,8
E01003400,6,7
E01003401,8,7
E01003402,5,6
E01003403,9,7
E01003404,12,8
E01003405,7,7
E01003406,9,7
E01003407,9,7
E01003408,9,8
E01003409,4,6
E01003410,8,7
E01003411,8,7
E01003412,12,7
E01003413,4,6
E01003414,7,6
E01003415,7,6
E01003416,4,6
E01003417,5,7
E01003418,10,7
E01003419,17,8
E01003420,10,8
E01003421,13,8
E01003422,11,7
E01003423,3,7
E01003424,10,8
E01003425,9,8
E01003426,6,7
E01003427,11,8
E01003428,7,8
E01003429,8,6
E01003430,8,7
E01003431,11,7
E01003432,10,7
E01003433,4,6
E01003434,7,6
E01003435,4,6
E01003436,7,7
E01003437,9,7
E01003438,5,6
E01003439,5,7
E01003440,5,7
E01003441,9,8
E01003442,16,8
E01003443,8,6
E01003444,7,7
E01003445,12,8
E01003446,7,7
E01003447,13,9
E01003448,5,6
E01003449,8,7
E01003450,4,6
E01003451,8,6
E01003452,11,7
E01003453,6,7
E01003454,11,8
E01003455,6,7
E01003456,7,7
E01003457,10,8
E01003458,8,7
E01003459,4,6
E01003460,8,7
E01003461,6,7
E01003462,13,8
E01003463,16,10
E01003464,15,8
E01003465,10,7
E01003466,3,6
E01003467,6,6
E01003468,7,6
E01003469,13,7
E01003470,12,7
E01003471,7,7
E01003472,6,6
E01003473,7,7
E01003474,7,7
E01003475,13,9
E01003476,10,7
E01003477,13,9
E01003478,5,6
E01003479,10,7
E01003480,6,6
E01003481,7,7
E01003482,10,8
E01003483,10,7
E01003484,6,6
E01003485,8,6
E01003486,5,6
E01003487,9,7
E01003488,6,7
E01003489,6,7
E01003490,6,6
E01003491,5,6
E01003492,6,6
E01003493,3,6
E01003494,9,7
E01003495,8,7
E01003496,9,8
E01003497,4,6
E01003498,9,6
E01003499,5,6
E01003500,10,7
E01003501,7,7
E01003502,4,6
E01003503,4,6
E01003506,6,6
E01003507,3,6
E01003508,7,7
E01003509,7,7
E01003511,8,7
E01003512,8,8
E01003513,12,8
E01003514,14,8
E01003515,5,7
E01003516,11,8
E01003517,3,6
E01003518,13,8
E01003519,10,8
E01003520,4,6
E01003521,5,6
E01003522,6,7
E01003523,4,6
E01003524,4,6
E01003525,5,7
E01003526,3,6
E01003527,9,7
E01003528,9,8
E01003529,5,6
E01003530,9,7
E01003531,2,6
E01003532,4,6
E01003533,4,6
E01003534,6,7
E01003535,13,8
E01003536,11,7
E01003537,11,7
E01003538,13,8
E01003539,13,8
E01003540,14,8
E01003541,16,9
E01003542,8,6
E01003543,5,6
E01003544,8,7
E01003545,10,7
E01003546,6,6
E01003547,9,7
E01003548,5,6
E01003549,7,7
E01003550,8,6
E01003551,10,7
E01003552,8,7
E01003553,8,7
E01003554,5,6
E01003555,6,6
E01003556,4,6
E01003557,8,7
E01003558,5,7
E01003559,3,6
E01003560,6,6
E01003561,5,6
E01003562,4,7
E01003563,5,6
E01003564,4,6
E01003565,6,6
E01003566,4,6
E01003567,3,6
E01003568,4,6
E01003569,2,6
E01003570,3,6
E01003571,4,7
E01003572,4,7
E01003573,4,7
E01003574,4,6
E01003575,6,7
E01003576,5,7
E01003577,9,8
E01003578,4,6
E01003579,5,7
E01003580,12,8
E01003581,4,6
E01003582,9,7
E01003583,8,7
E01003584,9,7
E01003585,4,7
E01003586,4,6
E01003587,5,7
E01003588,7,7
E01003589,6,7
E01003590,8,7
E01003591,5,7
E01003592,5,7
E01003593,8,7
E01003594,4,6
E01003595,4,6
E01003596,4,6
E01003597,4,6
E01003598,3,6
E01003599,7,7
E01003600,4,7
E01003601,4,6
E01003602,3,6
E01003603,9,7
E01003604,5,6
E01003605,6,7
E01003606,5,7
E01003607,3,6
E01003608,7,6
E01003609,11,8
E01003611,12,8
E01003615,3,6
E01003616,5,6
E01003617,5,6
E01003618,3,6
E01003619,6,7
E01003621,10,7
E01003622,10,7
E01003623,9,7
E01003624,5,6
E01003625,11,8
E01003626,9,7
E01003627,6,7
E01003628,10,7
E01003629,4,6
E01003630,8,7
E01003631,5,7
E01003632,6,7
E01003633,4,6
E01003634,4,7
E01003635,6,6
E01003636,5,6
E01003637,8,7
E01003638,10,7
E01003639,12,7
E01003640,18,10
E01003641,14,10
E01003642,9,9
E01003643,7,7
E01003644,9,7
E01003645,4,7
E01003646,5,7
E01003647,8,7
E01003648,9,7
E01003649,9,7
E01003650,6,6
E01003651,8,7
E01003652,4,6
E01003653,6,7
E01003654,11,10
E01003655,9,10
E01003656,19,10
E01003657,17,9
E01003658,11,11
E01003659,18,10
E01003660,14,9
E01003661,8,6
E01003662,12,7
E01003663,7,7
E01003664,9,7
E01003665,5,6
E01003666,8,7
E01003668,5,6
E01003669,8,7
E01003670,8,8
E01003671,11,8
E01003672,4,7
E01003673,8,7
E01003674,6,8
E01003675,7,7
E01003676,3,6
E01003677,13,8
E01003678,10,7
E01003679,8,7
E01003680,11,7
E01003681,10,7
E01003682,9,7
E01003683,11,7
E01003684,11,7
E01003685,7,7
E01003686,10,7
E01003688,6,7
E01003689,5,7
E01003690,4,6
E01003691,6,6
E01003692,5,6
E01003693,8,7
E01003694,5,6
E01003695,3,6
E01003696,6,7
E01003697,8,9
E01003698,7,7
E01003699,10,7
E01003700,6,6
E01003701,9,7
E01003702,5,6
E01003703,12,7
E01003704,3,6
E01003705,7,7
E01003706,3,6
E01003707,6,6
E01003708,5,6
E01003709,5,6
E01003710,5,6
E01003711,10,7
E01003712,11,7
E01003713,8,7
E01003714,4,6
E01003715,5,6
E01003716,7,7
E01003718,4,6
E01003719,4,6
E01003720,6,7
E01003721,9,7
E01003722,15,9
E01003723,10,8
E01003724,12,8
E01003725,9,7
E01003726,16,9
E01003727,6,7
E01003728,7,8
E01003729,6,6
E01003730,4,6
E01003731,5,6
E01003732,7,7
E01003733,4,6
E01003734,3,6
E01003735,7,7
E01003736,5,6
E01003737,12,7
E01003738,12,8
E01003739,14,8
E01003740,11,7
E01003741,12,7
E01003742,4,6
E01003743,13,8
E01003744,16,9
E01003745,15,9
E01003746,12,8
E01003747,8,7
E01003748,5,7
E01003749,7,7
E01003750,6,8
E01003751,12,8
E01003752,10,7
E01003753,9,8
E01003754,11,7
E01003755,9,8
E01003756,10,7
E01003757,6,6
E01003758,9,7
E01003759,12,8
E01003760,16,9
E01003761,17,10
E01003762,14,10
E01003763,9,8
E01003764,11,8
E01003765,9,8
E01003766,9,7
E01003767,7,7
E01003768,4,6
E01003769,4,6
E01003770,10,7
E01003771,6,6
E01003772,11,7
E01003773,8,7
E01003774,10,7
E01003775,10,7
E01003776,10,8
E01003777,6,7
E01003778,5,6
E01003779,6,7
E01003780,10,7
E01003781,4,6
E01003782,3,6
E01003783,4,6
E01003784,8,7
E01003785,5,6
E01003786,11,7
E01003787,6,6
E01003788,7,6
E01003789,9,8
E01003790,7,7
E01003791,14,7
E01003792,5,6
E01003793,10,7
E01003794,12,8
E01003795,12,8
E01003796,10,8
E01003797,6,7
E01003798,6,6
E01003799,4,6
E01003800,9,7
E01003801,10,9
E01003802,13,9
E01003803,14,8
E01003804,10,8
E01003805,11,8
E01003806,11,8
E01003807,4,6
E01003808,7,7
E01003809,9,7
E01003810,9,8
E01003811,13,7
E01003812,13,8
E01003813,11,7
E01003814,10,8
E01003815,6,7
E01003816,22,11
E01003817,18,9
E01003818,17,10
E01003819,22,10
E01003820,15,9
E01003821,7,8
E01003822,10,7
E01003823,13,9
E01003824,3,6
E01003825,8,7
E01003826,7,7
E01003827,8,7
E01003828,10,7
E01003829,14,8
E01003830,10,7
E01003831,16,8
E01003832,15,8
E01003833,13,8
E01003834,6,7
E01003835,12,7
E01003836,7,6
E01003837,13,8
E01003838,9,7
E01003839,6,6
E01003840,15,8
E01003841,14,9
E01003842,7,7
E01003843,11,7
E01003844,6,6
E01003845,7,7
E01003846,6,7
E01003847,9,7
E01003848,8,7
E01003849,6,7
E01003851,14,8
E01003852,14,8
E01003853,5,7
E01003854,5,7
E01003855,9,8
E01003856,11,8
E01003857,11,8
E01003858,12,8
E01003859,10,8
E01003860,8,8
E01003861,8,8
E01003862,11,8
E01003863,5,6
E01003864,11,8
E01003865,12,9
E01003866,6,7
E01003867,14,10
E01003868,6,7
E01003869,9,8
E01003870,11,10
E01003871,3,6
E01003872,5,7
E01003873,4,6
E01003874,6,6
E01003875,8,7
E01003876,4,6
E01003877,4,6
E01003878,12,8
E01003879,6,7
E01003880,9,7
E01003881,11,8
E01003882,6,7
E01003883,6,7
E01003884,6,7
E01003885,8,7
E01003886,7,7
E01003887,6,6
E01003888,8,7
E01003889,8,7
E01003890,12,7
E01003891,5,6
E01003892,9,8
E01003893,6,7
E01003894,4,6
E01003895,6,7
E01003896,3,6
E01003897,4,7
E01003898,8,7
E01003899,8,7
E01003900,6,7
E01003901,9,8
E01003902,4,6
E01003903,7,6
E01003904,11,8
E01003905,12,8
E01003906,11,7
E01003907,16,8
E01003908,12,8
E01003909,12,8
E01003910,17,9
E01003911,3,6
E01003912,6,7
E01003913,6,7
E01003914,7,7
E01003915,7,7
E01003916,8,7
E01003917,5,7
E01003918,4,6
E01003919,6,7
E01003920,5,7
E01003921,3,6
E01003922,4,6
E01003923,6,7
E01003924,4,6
E01003925,7,7
E01003926,3,6
E01003927,5,6
E01003929,8,7
E01003930,6,7
E01003932,2,7
E01003933,5,7
E01003934,5,7
E01003935,10,8
E01003936,4,6
E01003937,4,6
E01003938,8,8
E01003939,7,7
E01003940,9,7
E01003941,11,7
E01003942,6,6
E01003943,3,6
E01003945,12,8
E01003946,7,7
E01003947,11,8
E01003948,13,8
E01003949,10,7
E01003950,7,7
E01003951,6,7
E01003952,7,7
E01003953,5,6
E01003954,4,6
E01003955,5,6
E01003956,5,6
E01003957,7,7
E01003958,4,6
E01003960,7,7
E01003961,4,6
E01003963,6,6
E01003964,4,6
E01003966,4,6
E01003967,6,7
E01003968,6,7
E01003969,7,7
E01003970,4,6
E01003971,6,7
E01003972,3,6
E01003973,4,6
E01003974,3,6
E01003975,5,6
E01003976,9,8
E01003977,6,7
E01003978,8,7
E01003979,9,7
E01003980,7,7
E01003981,12,8
E01003983,9,7
E01003984,9,7
E01003986,6,6
E01003987,6,7
E01003988,10,7
E01003989,8,7
E01003990,9,7
E01003991,5,7
E01003992,4,6
E01003993,3,7
E01003994,3,6
E01003995,6,7
E01003997,4,6
E01003998,7,7
E01003999,5,7
E01004000,8,7
E01004001,4,6
E01004002,12,7
E01004003,10,7
E01004004,9,7
E01004005,8,7
E01004006,10,7
E01004007,9,7
E01004008,3,6
E01004010,5,6
E01004011,7,7
E01004012,10,7
E01004013,4,7
E01004014,8,7
E01004015,5,6
E01004016,11,7
E01004017,8,7
E01004018,5,6
E01004019,7,7
E01004020,13,8
E01004021,5,6
E01004022,4,6
E01004023,7,7
E01004024,11,7
E01004027,7,7
E01004028,3,6
E01004029,4,7
E01004030,4,6
E01004031,6,7
E01004032,7,8
E01004033,4,6
E01004034,10,7
E01004035,6,7
E01004036,4,7
E01004037,8,7
E01004038,5,7
E01004039,8,7
E01004040,5,6
E01004041,7,7
E01004042,10,8
E01004043,10,8
E01004044,11,8
E01004045,5,6
E01004046,7,7
E01004047,12,8
E01004048,9,7
E01004049,8,7
E01004050,9,7
E01004051,11,8
E01004052,7,7
E01004053,9,6
E01004054,14,7
E01004055,13,7
E01004056,16,8
E01004057,16,9
E01004058,13,8
E01004059,10,8
E01004060,8,7
E01004061,5,7
E01004062,4,7
E01004063,4,6
E01004064,5,6
E01004065,6,6
E01004066,4,7
E01004067,4,6
E01004068,6,7
E01004069,11,8
E01004070,9,7
E01004071,9,7
E01004072,6,6
E01004073,5,7
E01004074,4,6
E01004075,9,7
E01004076,14,9
E01004077,14,9
E01004078,17,10
E01004079,10,7
E01004080,17,9
E01004081,12,8
E01004082,13,8
E01004083,4,6
E01004084,15,8
E01004085,10,7
E01004086,7,7
E01004087,10,7
E01004088,6,7
E01004089,4,7
E01004090,17,9
E01004091,18,9
E01004092,19,9
E01004093,19,9
E01004094,17,9
E01004095,11,7
E01004096,16,9
E01004097,6,6
E01004098,5,6
E01004099,11,8
E01004100,8,7
E01004101,7,7
E01004102,12,7
E01004103,5,6
E01004104,9,7
E01004105,7,6
E01004106,14,8
E01004107,10,7
E01004108,16,8
E01004109,13,8
E01004110,14,8
E01004111,11,8
E01004112,20,9
E01004114,22,10
E01004115,9,7
E01004116,11,7
E01004117,15,8
E01004118,4,6
E01004119,10,7
E01004120,9,7
E01004121,11,8
E01004122,14,8
E01004123,10,7
E01004124,13,7
E01004125,6,7
E01004126,8,7
E01004127,7,7
E01004128,8,7
E01004129,8,7
E01004130,11,7
E01004131,13,7
E01004132,13,7
E01004133,10,7
E01004134,4,6
E01004135,11,7
E01004136,10,7
E01004137,5,6
E01004138,8,6
E01004139,7,7
E01004140,5,7
E01004141,6,6
E01004142,6,7
E01004143,7,7
E01004144,14,8
E01004145,14,8
E01004146,13,7
E01004147,11,7
E01004148,12,8
E01004149,10,7
E01004150,11,7
E01004151,14,7
E01004152,9,7
E01004153,15,8
E01004154,12,7
E01004155,9,7
E01004156,3,6
E01004157,9,7
E01004158,6,6
E01004159,5,6
E01004160,8,7
E01004161,11,7
E01004162,4,6
E01004163,11,7
E01004164,10,7
E01004165,3,6
E01004166,10,7
E01004167,4,6
E01004168,7,6
E01004169,10,9
E01004170,5,6
E01004171,10,8
E01004172,4,6
E01004173,5,6
E01004174,5,6
E01004175,12,8
E01004176,9,7
E01004177,5,6
E01004178,7,7
E01004179,10,7
E01004180,10,7
E01004181,11,7
E01004182,12,8
E01004183,4,6
E01004184,8,7
E01004185,11,7
E01004186,7,7
E01004187,9,7
E01004188,3,6
E01004189,7,7
E01004190,15,9
E01004191,9,7
E01004192,14,9
E01004193,19,10
E01004194,18,9
E01004195,12,8
E01004196,16,9
E01004197,5,7
E01004198,4,6
E01004199,5,7
E01004200,6,6
E01004201,8,7
E01004202,6,7
E01004203,5,6
E01004204,3,6
E01004205,6,6
E01004206,6,7
E01004207,9,7
E01004208,5,7
E01004209,6,7
E01004211,5,6
E01004212,8,6
E01004214,4,6
E01004215,4,6
E01004216,11,7
E01004217,11,7
E01004218,12,7
E01004219,5,6
E01004221,4,6
E01004222,5,7
E01004223,5,6
E01004224,6,6
E01004225,8,7
E01004226,3,6
E01004228,4,6
E01004229,3,6
E01004230,3,6
E01004231,5,6
E01004232,6,6
E01004233,6,7
E01004234,6,6
E01004235,3,6
E01004236,4,6
E01004237,3,6
E01004238,4,7
E01004239,4,6
E01004240,9,7
E01004241,7,7
E01004242,7,6
E01004243,5,6
E01004244,5,7
E01004245,5,6
E01004246,5,7
E01004247,4,7
E01004248,9,8
E01004249,6,8
E01004250,6,6
E01004251,8,7
E01004252,6,7
E01004253,7,8
E01004254,8,8
E01004255,2,8
E01004256,8,7
E01004257,6,7
E01004258,6,8
E01004259,4,7
E01004260,3,6
E01004261,7,7
E01004262,6,6
E01004263,6,6
E01004264,7,7
E01004266,6,7
E01004267,6,6
E01004268,3,6
E01004269,7,7
E01004270,8,7
E01004271,7,7
E01004272,3,6
E01004273,6,6
E01004274,4,6
E01004275,7,7
E01004276,10,7
E01004277,7,8
E01004280,7,7
E01004281,3,6
E01004283,8,7
E01004284,3,6
E01004285,4,6
E01004286,8,7
E01004287,3,6
E01004288,9,7
E01004289,4,6
E01004290,9,7
E01004291,4,6
E01004292,5,6
E01004293,3,6
E01004294,6,7
E01004295,6,7
E01004296,3,6
E01004297,6,6
E01004298,2,6
E01004300,7,7
E01004301,6,6
E01004302,5,6
E01004303,8,7
E01004304,3,6
E01004305,4,6
E01004306,2,6
E01004307,7,7
E01004308,6,7
E01004309,4,6
E01004310,4,6
E01004311,3,6
E01004312,5,6
E01004313,3,6
E01004314,5,6
E01004315,6,7
E01004316,8,7
E01004317,5,6
E01004318,4,6
E01004319,4,6
E01004321,3,6
E01004322,4,7
E01004323,5,6
E01004324,6,7
E01004325,4,6
E01004326,4,6
E01004327,3,6
E01004328,3,6
E01004329,8,7
E01004330,6,6
E01004331,10,7
E01004332,5,6
E01004333,7,7
E01004334,4,6
E01004335,3,6
E01004336,9,7
E01004337,8,7
E01004338,5,7
E01004339,11,8
E01004340,6,6
E01004341,6,6
E01004342,9,7
E01004343,9,7
E01004344,11,8
E01004345,5,6
E01004346,5,6
E01004347,9,8
E01004348,4,6
E01004349,13,9
E01004350,6,7
E01004351,9,8
E01004352,14,9
E01004353,14,8
E01004354,9,8
E01004355,10,7
E01004356,10,7
E01004357,7,7
E01004358,10,7
E01004359,5,6
E01004360,6,7
E01004361,11,7
E01004362,10,7
E01004363,4,7
E01004364,4,6
E01004365,6,7
E01004366,7,7
E01004367,4,6
E01004368,5,6
E01004369,6,6
E01004370,6,6
E01004371,4,6
E01004372,4,6
E01004373,4,6
E01004374,7,7
E01004375,4,6
E01004376,5,6
E01004377,11,8
E01004378,8,7
E01004379,8,8
E01004380,10,8
E01004381,6,7
E01004382,10,9
E01004383,10,7
E01004384,7,7
E01004385,7,7
E01004386,11,7
E01004387,9,7
E01004388,5,6
E01004389,12,8
E01004390,13,8
E01004391,8,7
E01004392,8,7
E01004393,11,7
E01004394,5,6
E01004395,8,7
E01004396,9,7
E01004397,11,8
E01004398,3,6
E01004399,9,7
E01004400,5,6
E01004401,5,6
E01004402,3,6
E01004403,5,6
E01004404,6,6
E01004405,6,7
E01004406,5,7
E01004407,9,7
E01004408,11,8
E01004409,11,8
E01004410,7,7
E01004411,7,7
E01004412,5,7
E01004413,5,6
E01004414,8,7
E01004415,11,7
E01004416,12,8
E01004417,5,7
E01004418,7,7
E01004419,12,8
E01004420,8,7
E01004421,4,6
E01004422,9,7
E01004423,6,6
E01004424,4,6
E01004425,7,7
E01004426,7,7
E01004427,5,6
E01004428,8,7
E01004429,4,6
E01004430,5,6
E01004432,6,6
E01004434,9,7
E01004435,4,6
E01004436,8,7
E01004437,3,6
E01004438,6,7
E01004439,5,6
E01004440,11,7
E01004441,9,7
E01004442,8,7
E01004443,3,6
E01004444,5,7
E01004445,6,7
E01004446,5,6
E01004447,6,7
E01004448,9,7
E01004449,8,7
E01004450,7,7
E01004451,6,7
E01004452,3,6
E01004453,10,8
E01004454,5,6
E01004455,9,8
E01004456,15,9
E01004457,3,6
E01004458,5,7
E01004459,7,7
E01004460,8,7
E01004461,11,7
E01004462,9,8
E01004463,5,7
E01004464,4,6
E01004465,5,6
E01004466,4,6
E01004467,4,6
E01004468,9,7
E01004469,11,8
E01004470,6,6
E01004471,5,6
E01004472,8,7
E01004473,11,8
E01004474,8,7
E01004475,8,7
E01004476,8,7
E01004477,5,6
E01004478,6,6
E01004479,6,6
E01004480,12,8
E01004481,4,6
E01004482,8,7
E01004483,14,8
E01004484,4,7
E01004485,4,6
E01004486,8,7
E01004487,6,7
E01004488,6,7
E01004489,7,7
E01004490,7,6
E01004491,14,8
E01004492,9,7
E01004493,4,6
E01004494,3,6
E01004495,7,7
E01004496,7,7
E01004497,8,7
E01004498,3,6
E01004499,7,8
E01004500,8,7
E01004501,6,6
E01004502,6,8
E01004503,7,8
E01004504,10,8
E01004505,7,7
E01004506,5,7
E01004507,7,7
E01004508,5,6
E01004509,8,8
E01004510,5,6
E01004511,6,8
E01004512,9,8
E01004513,5,7
E01004514,9,7
E01004515,4,7
E01004516,11,7
E01004517,3,6
E01004518,5,7
E01004519,8,7
E01004520,8,7
E01004521,4,6
E01004522,4,6
E01004523,9,7
E01004524,6,6
E01004525,8,7
E01004526,5,6
E01004527,10,7
E01004528,7,7
E01004529,3,6
E01004530,6,6
E01004531,13,8
E01004532,14,8
E01004533,12,8
E01004534,4,6
E01004535,2,6
E01004536,3,6
E01004537,4,6
E01004538,5,6
E01004539,4,6
E01004540,7,7
E01004541,3,7
E01004542,8,7
E01004543,8,7
E01004544,7,7
E01004545,3,6
E01004546,5,6
E01004547,8,7
E01004548,3,6
E01004549,8,7
E01004550,6,7
E01004551,6,7
E01004552,4,7
E01004553,6,7
E01004554,4,7
E01004555,8,7
E01004556,6,7
E01004557,4,6
E01004558,7,7
E01004559,8,7
E01004560,4,6
E01004562,9,8
E01004563,4,6
E01004564,7,7
E01004565,5,6
E01004566,7,7
E01004567,12,8
E01004568,4,6
E01004569,3,6
E01004570,7,7
E01004571,6,7
E01004572,7,7
E01004573,15,10
E01004574,4,6
E01004575,14,8
E01004576,10,7
E01004577,4,7
E01004579,4,7
E01004580,5,7
E01004581,9,7
E01004582,9,8
E01004583,8,8
E01004584,4,6
E01004585,7,7
E01004586,6,7
E01004587,8,7
E01004588,5,7
E01004589,5,6
E01004590,6,7
E01004591,3,6
E01004592,5,7
E01004593,11,8
E01004594,13,8
E01004595,8,7
E01004596,6,6
E01004597,4,6
E01004598,4,6
E01004599,6,6
E01004600,3,6
E01004601,7,7
E01004602,7,7
E01004604,12,8
E01004605,13,8
E01004606,11,8
E01004607,7,7
E01004608,10,8
E01004609,7,7
E01004610,13,8
E01004611,9,7
E01004612,9,7
E01004613,10,8
E01004614,13,8
E01004615,14,8
E01004616,7,7
E01004617,5,6
E01004618,8,7
E01004619,14,9
E01004620,8,7
E01004621,12,8
E01004622,14,9
E01004623,6,7
E01004624,17,8
E01004625,18,9
E01004626,13,8
E01004627,9,7
E01004628,6,8
E01004629,10,7
E01004630,7,7
E01004631,3,6
E01004632,11,7
E01004633,7,7
E01004634,4,6
E01004635,3,6
E01004636,7,6
E01004637,8,6
E01004638,5,7
E01004639,12,8
E01004640,7,7
E01004641,14,9
E01004642,12,8
E01004643,8,7
E01004644,9,7
E01004645,8,7
E01004646,5,6
E01004647,7,7
E01004648,5,6
E01004649,5,7
E01004650,6,7
E01004651,4,6
E01004652,5,7
E01004653,5,6
E01004654,5,7
E01004656,6,7
E01004657,5,7
E01004658,6,7
E01004659,8,7
E01004660,7,8
E01004661,6,7
E01004662,5,7
E01004663,6,7
E01004665,6,6
E01004666,2,6
E01004667,4,6
E01004668,7,7
E01004669,4,6
E01004670,5,6
E01004674,5,6
E01004675,3,6
E01004676,4,6
E01004677,6,6
E01004678,4,6
E01004679,3,6
E01004680,4,6
E01004681,7,7
E01004682,8,8
E01004683,9,7
E01004684,6,7
E01004686,4,6
E01004687,6,7
E01004688,6,6
E01004689,8,7
E01004690,5,7
E01004691,7,7
E01004692,6,6
E01004693,9,7
E01004694,5,6
E01004695,7,8
E01004696,4,7
E01004697,4,6
E01004698,5,7
E01004699,7,7
E01004700,4,6
E01004701,7,7
E01004702,3,6
E01004703,6,7
E01004705,8,7
E01004706,4,7
E01004707,4,6
E01004708,6,7
E01004709,2,6
E01004710,5,6
E01004711,3,6
E01004712,5,7
E01004713,4,6
E01004714,5,7
E01004715,4,6
E01004716,4,7
E01004717,5,7
E01004718,2,6
E01004719,5,6
E01004720,9,7
E01004721,4,6
E01004722,2,6
E01004723,3,6
E01004724,6,7
E01004725,6,7
E01004726,5,7
E01004727,8,8
E01004728,6,7
E01004729,7,7
E01004730,10,8
E01004731,6,7
E01004732,4,6
E01004733,2,6
E01004734,7,7
E01004735,4,6
E01004736,13,10
E01004737,7,7
E01004738,5,6
E01004739,5,6
E01004740,4,7
E01004741,5,7
E01004742,3,6
E01004743,2,6
E01004744,5,6
E01004745,4,6
E01004746,3,6
E01004747,5,7
E01004748,5,7
E01004749,4,6
E01004750,4,7
E01004751,7,7
E01004752,4,6
E01004753,5,6
E01004754,6,6
E01004755,3,6
E01004756,7,6
E01004757,6,6
E01004760,7,6
E01004761,11,9
E01004762,5,8
E01004763,4,7
E01004765,6,7
E01004766,13,8
E01004767,11,7
E01004768,12,9
E01004769,7,7
E01004770,14,8
E01004771,5,6
E01004772,15,8
E01004773,10,7
E01004774,14,8
E01004775,15,10
E01004776,11,7
E01004777,7,7
E01004778,17,10
E01004779,11,8
E01004780,14,9
E01004781,12,8
E01004782,16,10
E01004783,14,10
E01004784,15,8
E01004785,16,9
E01004786,10,8
E01004787,14,9
E01004788,13,8
E01004789,14,8
E01004790,11,8
E01004791,11,7
E01004792,15,8
E01004793,12,8
E01004794,18,10
E01004795,6,8
E01004796,11,8
E01004797,14,8
E01004798,12,8
E01004799,15,9
E01004800,18,10
E01004801,16,9
E01004802,6,7
E01004803,13,10
E01004804,13,9
E01004805,12,8
E01004806,12,8
E01004807,6,7
E01004808,8,7
E01004809,6,6
E01004810,13,9
E01004811,3,6
E01004812,7,6
E01004813,8,7
E01004814,14,8
E01004815,7,6
E01004816,9,7
E01004817,8,7
E01004818,4,6
E01004819,10,7
E01004820,5,7
E01004822,5,7
E01004823,9,8
E01004824,9,7
E01004825,10,7
E01004826,11,7
E01004827,8,6
E01004828,7,7
E01004829,5,6
E01004830,4,6
E01004831,5,6
E01004832,8,7
E01004833,9,7
E01004834,4,6
E01004835,13,9
E01004836,10,7
E01004837,14,9
E01004838,4,6
E01004839,8,6
E01004840,14,8
E01004841,15,8
E01004842,6,6
E01004843,9,7
E01004844,17,11
E01004845,10,7
E01004846,8,7
E01004847,10,7
E01004848,5,6
E01004849,2,5
E01004850,5,6
E01004851,3,6
E01004852,5,6
E01004853,5,6
E01004854,3,6
E01004855,10,7
E01004856,14,8
E01004857,13,8
E01004858,12,7
E01004859,6,6
E01004860,4,6
E01004861,12,8
E01004862,13,8
E01004863,9,8
E01004864,11,8
E01004865,12,8
E01004866,9,8
E01004867,9,7
E01004868,4,6
E01004869,5,6
E01004870,5,6
E01004871,7,7
E01004872,15,8
E01004873,14,9
E01004874,17,10
E01004875,17,10
E01004876,16,9
E01004877,14,8
E01004878,12,7
E01004879,13,8
E01004880,14,9
E01004881,4,6
E01004882,5,6
E01004883,7,6
E01004884,14,8
E01004885,16,10
E01004886,11,9
E01004887,15,10
E01004888,12,8
E01004889,8,7
E01004890,6,6
E01004891,7,7
E01004892,13,9
E01004893,7,7
E01004894,8,7
E01004895,13,9
E01004896,15,9
E01004897,17,11
E01004899,13,8
E01004900,13,7
E01004901,9,7
E01004902,6,6
E01004903,14,8
E01004904,14,9
E01004905,5,6
E01004906,5,6
E01004907,13,8
E01004908,13,9
E01004909,11,8
E01004910,14,8
E01004911,8,7
E01004912,11,8
E01004913,8,7
E01004914,11,7
E01004915,8,7
E01004916,7,7
E01004917,16,9
E01004918,14,8
E01004919,5,6
E01004920,7,7
E01004921,6,6
E01004922,3,6
E01004923,7,6
E01004924,16,9
E01004925,9,7
E01004926,12,8
E01004927,13,8
E01004928,13,7
E01004929,8,7
E01004930,11,7
E01004931,8,7
E01004932,6,6
E01004933,20,11
E01004934,24,11
E01004935,15,11
E01004936,6,7
E01004937,21,10
E01004938,11,8
E01004939,13,9
E01004940,17,12
E01004941,15,8
E01004942,11,8
E01004943,13,8
E01004944,16,8
E01004945,10,7
E01004946,12,7
E01004947,13,9
E01004948,14,9
E01004949,9,7
E01004950,13,8
E01004951,11,7
E01004952,5,6
E01004953,14,9
E01004954,18,9
E01004955,14,8
E01004956,6,7
E01004957,13,8
E01004958,7,7
E01004959,10,7
E01004960,7,7
E01004961,7,7
E01004962,14,9
E01004963,17,10
E01004964,13,8
E01004965,13,8
E01004966,11,7
E01004967,5,6
E01004968,12,8
E01004969,16,9
E01004970,8,6
E01004971,8,6
E01004972,3,6
E01004973,5,6
E01004974,6,6
E01004975,8,7
E01004976,13,8
E01004977,13,8
E01004978,10,7
E01004979,5,6
E01004980,4,6
E01004981,16,10
E01004982,16,10
E01004983,13,8
E01004984,14,9
E01004985,18,10
E01004986,8,8
E01004987,8,7
E01004988,7,7
E01004989,9,8
E01004990,14,8
E01004991,11,7
E01004992,8,6
E01004993,13,7
E01004994,5,6
E01004995,15,8
E01004996,12,8
E01004997,13,8
E01004998,16,10
E01004999,17,9
E01005000,18,9
E01005001,18,9
E01005002,17,9
E01005003,15,8
E01005004,16,9
E01005005,16,9
E01005006,12,8
E01005007,9,8
E01005008,8,7
E01005009,6,6
E01005010,16,9
E01005011,10,8
E01005012,14,8
E01005013,13,8
E01005014,5,6
E01005015,14,8
E01005016,6,6
E01005017,12,8
E01005018,11,8
E01005019,8,7
E01005020,15,9
E01005021,14,8
E01005022,16,9
E01005023,7,7
E01005024,10,8
E01005025,8,7
E01005026,13,8
E01005027,6,7
E01005028,14,8
E01005029,12,7
E01005030,11,8
E01005031,17,10
E01005032,17,10
E01005033,11,7
E01005034,7,7
E01005035,10,8
E01005036,6,7
E01005037,16,9
E01005038,17,9
E01005039,3,6
E01005040,14,8
E01005041,12,7
E01005042,7,6
E01005043,5,6
E01005044,4,6
E01005045,8,7
E01005046,7,7
E01005047,17,8
E01005048,12,7
E01005049,6,6
E01005050,12,8
E01005051,7,6
E01005052,11,7
E01005053,12,8
E01005054,8,7
E01005055,13,7
E01005056,7,6
E01005057,10,7
E01005058,12,7
E01005059,16,9
E01005060,14,8
E01005061,6,7
E01005062,10,7
E01005063,11,7
E01005065,6,7
E01005066,8,7
E01005067,8,7
E01005068,10,7
E01005069,9,7
E01005070,6,7
E01005071,7,7
E01005072,6,7
E01005073,12,8
E01005074,8,7
E01005075,4,6
E01005076,12,8
E01005077,4,6
E01005078,14,9
E01005079,13,9
E01005081,12,8
E01005082,7,7
E01005083,13,8
E01005084,9,7
E01005085,15,8
E01005086,11,7
E01005087,13,8
E01005088,13,8
E01005089,8,7
E01005090,10,7
E01005091,7,7
E01005092,5,6
E01005093,9,7
E01005094,11,7
E01005097,10,7
E01005098,14,8
E01005099,4,6
E01005100,7,7
E01005101,7,6
E01005102,14,8
E01005103,11,7
E01005104,14,8
E01005105,10,7
E01005106,8,7
E01005107,14,8
E01005108,9,7
E01005111,7,7
E01005112,11,7
E01005113,5,6
E01005114,4,6
E01005115,8,7
E01005116,10,7
E01005117,5,7
E01005118,9,7
E01005119,8,7
E01005120,8,7
E01005121,8,7
E01005122,6,7
E01005123,6,6
E01005124,8,7
E01005125,6,6
E01005126,6,6
E01005128,7,6
E01005129,8,7
E01005130,6,7
E01005132,7,7
E01005133,5,6
E01005135,7,7
E01005136,6,7
E01005138,7,7
E01005139,12,8
E01005140,6,6
E01005141,8,7
E01005142,8,7
E01005143,3,6
E01005145,6,6
E01005146,8,7
E01005147,7,7
E01005149,5,6
E01005150,4,6
E01005151,9,7
E01005152,6,6
E01005153,10,7
E01005154,4,6
E01005155,11,7
E01005156,7,6
E01005157,13,8
E01005158,8,7
E01005159,7,7
E01005160,11,7
E01005161,9,7
E01005162,7,7
E01005163,9,7
E01005164,4,6
E01005165,5,6
E01005166,6,6
E01005167,9,7
E01005168,9,7
E01005169,10,7
E01005170,17,8
E01005171,14,9
E01005172,8,7
E01005173,11,8
E01005174,7,7
E01005175,10,7
E01005176,7,7
E01005177,6,7
E01005178,12,8
E01005179,10,7
E01005180,14,8
E01005181,5,6
E01005182,14,8
E01005183,10,8
E01005184,11,7
E01005185,7,7
E01005186,9,8
E01005187,9,7
E01005188,10,7
E01005189,5,6
E01005190,8,7
E01005191,6,6
E01005192,13,8
E01005193,13,8
E01005194,5,6
E01005195,9,7
E01005196,15,8
E01005197,9,7
E01005198,7,6
E01005199,5,6
E01005200,10,7
E01005201,6,6
E01005202,6,7
E01005203,4,7
E01005205,3,6
E01005206,6,6
E01005207,7,6
E01005208,7,7
E01005209,8,7
E01005210,11,7
E01005212,6,6
E01005213,3,6
E01005214,6,6
E01005215,13,8
E01005216,10,7
E01005217,10,7
E01005218,8,7
E01005219,4,6
E01005220,5,6
E01005221,6,6
E01005222,10,7
E01005223,6,6
E01005224,6,6
E01005225,4,6
E01005226,5,6
E01005227,5,6
E01005228,8,7
E01005229,9,7
E01005230,6,6
E01005231,5,6
E01005232,9,7
E01005233,5,6
E01005234,6,6
E01005235,7,6
E01005236,4,6
E01005237,5,6
E01005238,7,7
E01005239,6,6
E01005240,12,8
E01005241,12,7
E01005242,8,7
E01005243,5,7
E01005244,6,7
E01005245,6,7
E01005246,9,7
E01005247,5,6
E01005248,14,8
E01005249,12,7
E01005250,13,8
E01005251,12,8
E01005252,8,6
E01005253,10,7
E01005254,5,6
E01005255,11,7
E01005256,7,6
E01005257,14,8
E01005258,3,6
E01005259,4,6
E01005260,9,7
E01005261,9,7
E01005262,9,7
E01005263,12,8
E01005264,12,8
E01005265,8,7
E01005266,7,7
E01005267,8,7
E01005268,9,7
E01005269,7,7
E01005270,8,7
E01005271,9,7
E01005272,7,7
E01005273,5,7
E01005274,3,6
E01005275,10,7
E01005276,7,6
E01005277,9,7
E01005278,10,7
E01005279,7,7
E01005280,10,7
E01005281,8,7
E01005282,5,6
E01005283,5,6
E01005284,5,7
E01005285,3,6
E01005286,6,6
E01005287,7,7
E01005288,5,6
E01005289,5,6
E01005290,10,7
E01005291,8,7
E01005292,13,8
E01005293,11,8
E01005294,13,8
E01005295,11,7
E01005296,7,6
E01005297,9,7
E01005298,7,6
E01005299,8,7
E01005300,9,7
E01005301,5,6
E01005302,6,7
E01005304,7,7
E01005305,5,6
E01005306,9,7
E01005307,8,7
E01005308,10,7
E01005309,7,6
E01005310,4,6
E01005311,4,6
E01005312,4,6
E01005313,7,7
E01005314,9,7
E01005315,12,7
E01005316,15,8
E01005317,9,7
E01005318,6,6
E01005319,13,8
E01005320,10,7
E01005321,9,7
E01005322,5,6
E01005323,8,7
E01005324,4,6
E01005325,8,7
E01005326,8,7
E01005327,9,7
E01005328,7,7
E01005329,12,9
E01005330,10,7
E01005331,8,6
E01005332,4,6
E01005333,17,8
E01005334,17,9
E01005335,16,9
E01005336,18,10
E01005337,12,8
E01005338,6,6
E01005339,18,10
E01005340,14,10
E01005341,9,7
E01005342,7,7
E01005343,10,7
E01005344,9,7
E01005345,14,8
E01005346,13,8
E01005347,14,8
E01005348,6,6
E01005349,6,6
E01005350,5,6
E01005351,13,8
E01005352,10,7
E01005353,8,7
E01005354,9,7
E01005355,7,7
E01005356,11,7
E01005357,16,9
E01005358,12,7
E01005359,17,8
E01005360,15,8
E01005361,10,7
E01005362,13,8
E01005363,6,6
E01005364,12,8
E01005365,14,9
E01005366,10,7
E01005367,16,9
E01005368,11,8
E01005369,10,7
E01005370,10,7
E01005371,7,7
E01005372,8,7
E01005373,12,8
E01005374,11,7
E01005375,12,8
E01005376,11,7
E01005377,7,7
E01005378,9,7
E01005379,7,7
E01005380,11,8
E01005381,7,6
E01005382,4,6
E01005383,11,8
E01005386,13,9
E01005387,11,7
E01005388,8,7
E01005389,9,7
E01005390,10,8
E01005391,11,7
E01005392,5,6
E01005393,13,7
E01005394,15,9
E01005395,13,8
E01005396,16,9
E01005397,12,8
E01005398,11,7
E01005399,11,7
E01005400,6,6
E01005401,13,8
E01005402,10,7
E01005403,9,7
E01005406,16,9
E01005407,16,8
E01005408,14,9
E01005409,14,9
E01005410,18,10
E01005411,9,7
E01005412,10,7
E01005413,15,8
E01005414,23,11
E01005415,17,12
E01005416,17,11
E01005417,14,8
E01005418,13,7
E01005419,10,7
E01005420,15,8
E01005421,9,7
E01005422,15,8
E01005427,7,7
E01005428,7,6
E01005429,3,6
E01005430,6,6
E01005431,10,7
E01005432,10,7
E01005433,5,6
E01005434,10,7
E01005435,11,7
E01005436,10,7
E01005437,10,7
E01005438,5,6
E01005439,8,7
E01005440,12,8
E01005441,12,8
E01005442,17,8
E01005443,20,9
E01005444,11,7
E01005445,9,7
E01005446,14,8
E01005447,4,6
E01005448,7,6
E01005449,6,6
E01005450,9,6
E01005451,12,7
E01005452,11,7
E01005453,6,6
E01005454,11,7
E01005455,9,6
E01005456,3,6
E01005459,8,6
E01005460,4,6
E01005461,6,6
E01005462,5,6
E01005463,6,6
E01005464,7,7
E01005465,11,8
E01005466,11,8
E01005467,13,9
E01005468,14,10
E01005469,10,7
E01005470,9,7
E01005471,11,7
E01005472,14,8
E01005473,13,8
E01005474,14,8
E01005475,11,7
E01005476,9,7
E01005477,9,7
E01005478,15,8
E01005479,12,8
E01005480,8,7
E01005481,7,6
E01005482,5,7
E01005483,3,6
E01005484,11,7
E01005485,7,7
E01005486,10,8
E01005487,6,6
E01005488,19,10
E01005489,7,7
E01005490,9,7
E01005491,8,7
E01005492,13,9
E01005493,12,8
E01005494,8,7
E01005495,10,8
E01005496,14,9
E01005497,7,7
E01005498,7,6
E01005499,16,8
E01005500,12,8
E01005501,5,6
E01005502,6,6
E01005503,11,7
E01005504,10,7
E01005505,9,7
E01005506,5,6
E01005507,8,7
E01005508,14,8
E01005509,7,7
E01005510,8,7
E01005511,5,6
E01005512,4,6
E01005513,6,7
E01005514,11,8
E01005515,4,6
E01005516,16,10
E01005517,17,10
E01005518,16,10
E01005519,14,8
E01005520,12,8
E01005521,16,8
E01005522,5,6
E01005523,8,8
E01005524,5,6
E01005525,12,7
E01005526,10,7
E01005527,5,6
E01005528,7,6
E01005529,6,6
E01005530,17,9
E01005531,14,8
E01005532,12,7
E01005533,11,7
E01005534,9,7
E01005535,4,6
E01005536,5,6
E01005537,13,8
E01005538,7,6
E01005539,5,6
E01005540,12,7
E01005541,10,7
E01005542,11,8
E01005543,12,7
E01005544,13,9
E01005545,17,9
E01005546,10,7
E01005547,11,8
E01005548,6,7
E01005549,12,8
E01005550,16,9
E01005551,9,7
E01005552,9,7
E01005553,6,7
E01005554,15,8
E01005555,13,8
E01005556,8,7
E01005557,11,7
E01005558,6,6
E01005559,11,8
E01005560,9,7
E01005561,18,9
E01005562,13,8
E01005563,6,6
E01005564,5,6
E01005565,13,8
E01005566,9,7
E01005567,12,8
E01005568,8,7
E01005569,6,7
E01005570,18,10
E01005571,21,11
E01005572,17,9
E01005573,23,10
E01005574,17,9
E01005575,17,11
E01005576,22,11
E01005577,19,10
E01005578,10,8
E01005579,7,6
E01005580,8,7
E01005581,5,6
E01005583,5,6
E01005585,8,6
E01005586,13,9
E01005587,20,9
E01005588,11,8
E01005589,11,8
E01005590,8,7
E01005591,7,7
E01005592,15,9
E01005593,16,10
E01005594,16,9
E01005595,13,9
E01005596,13,9
E01005597,19,10
E01005598,10,8
E01005599,6,6
E01005600,9,6
E01005601,11,7
E01005602,10,7
E01005603,5,6
E01005604,10,7
E01005605,11,7
E01005609,7,7
E01005610,8,7
E01005611,12,8
E01005612,7,7
E01005613,10,7
E01005614,6,7
E01005615,9,8
E01005616,18,10
E01005617,16,9
E01005618,15,9
E01005619,14,9
E01005620,8,7
E01005621,10,7
E01005622,5,6
E01005623,9,6
E01005624,8,7
E01005625,12,7
E01005626,9,7
E01005627,5,6
E01005628,8,7
E01005629,10,7
E01005630,9,7
E01005631,6,7
E01005632,7,6
E01005633,9,7
E01005634,10,7
E01005635,11,8
E01005636,11,8
E01005637,5,6
E01005638,9,7
E01005639,12,8
E01005640,13,8
E01005641,10,7
E01005642,7,6
E01005643,6,7
E01005644,6,7
E01005645,8,7
E01005646,8,7
E01005647,12,7
E01005648,19,10
E01005649,11,8
E01005650,8,7
E01005651,9,7
E01005652,21,10
E01005653,19,10
E01005654,3,6
E01005655,7,7
E01005656,4,6
E01005657,3,6
E01005658,9,7
E01005659,12,7
E01005660,6,6
E01005661,10,7
E01005662,12,8
E01005663,8,7
E01005664,12,8
E01005665,8,7
E01005667,7,7
E01005670,7,7
E01005671,8,7
E01005672,7,6
E01005673,12,8
E01005674,9,7
E01005675,13,9
E01005676,15,9
E01005677,13,8
E01005678,14,9
E01005679,13,8
E01005680,5,6
E01005681,8,7
E01005682,6,8
E01005683,14,10
E01005686,10,7
E01005687,12,8
E01005688,11,8
E01005689,10,8
E01005690,7,7
E01005691,14,9
E01005692,8,7
E01005693,13,8
E01005694,14,8
E01005695,12,7
E01005696,12,8
E01005697,6,7
E01005698,8,7
E01005699,10,8
E01005700,8,7
E01005701,12,8
E01005702,12,8
E01005703,7,6
E01005704,4,6
E01005705,9,7
E01005706,6,6
E01005707,10,7
E01005708,5,6
E01005709,12,7
E01005710,10,7
E01005711,13,8
E01005712,6,6
E01005713,10,7
E01005714,12,8
E01005715,13,8
E01005716,5,6
E01005717,11,7
E01005718,7,7
E01005719,10,7
E01005720,5,6
E01005721,5,6
E01005722,7,6
E01005723,7,6
E01005724,6,7
E01005725,11,8
E01005726,13,8
E01005727,6,7
E01005728,12,8
E01005729,6,7
E01005730,10,7
E01005731,16,9
E01005732,15,9
E01005733,15,9
E01005734,7,7
E01005735,10,8
E01005736,6,6
E01005737,13,9
E01005738,17,10
E01005739,7,6
E01005740,16,10
E01005741,18,9
E01005742,11,8
E01005743,13,9
E01005744,6,7
E01005745,8,7
E01005746,5,7
E01005747,11,7
E01005748,10,7
E01005749,8,7
E01005750,14,8
E01005751,7,7
E01005752,13,8
E01005753,4,6
E01005754,10,7
E01005755,7,7
E01005756,11,8
E01005757,5,6
E01005758,13,8
E01005759,13,8
E01005760,5,6
E01005761,13,8
E01005762,16,9
E01005763,15,8
E01005764,13,7
E01005765,11,7
E01005766,6,6
E01005767,16,9
E01005768,9,9
E01005769,7,7
E01005770,9,7
E01005771,5,7
E01005772,12,8
E01005773,10,8
E01005774,7,7
E01005775,10,7
E01005776,16,9
E01005777,17,10
E01005778,12,8
E01005779,11,8
E01005780,8,7
E01005781,4,6
E01005782,16,8
E01005783,12,9
E01005784,15,9
E01005785,17,10
E01005786,16,10
E01005787,14,9
E01005788,13,9
E01005789,12,9
E01005790,17,10
E01005791,6,7
E01005792,12,8
E01005793,12,8
E01005794,12,9
E01005795,13,9
E01005796,16,10
E01005797,3,6
E01005798,7,7
E01005799,15,8
E01005800,12,8
E01005801,12,8
E01005802,13,8
E01005803,15,9
E01005804,5,6
E01005805,14,10
E01005806,17,10
E01005807,14,10
E01005808,11,8
E01005809,16,9
E01005810,10,8
E01005811,13,9
E01005812,10,7
E01005813,16,8
E01005814,16,10
E01005815,13,10
E01005816,6,6
E01005817,6,6
E01005818,16,8
E01005819,16,9
E01005820,5,6
E01005821,12,8
E01005822,11,7
E01005823,5,6
E01005824,7,6
E01005825,6,7
E01005826,13,8
E01005827,8,7
E01005828,15,9
E01005829,13,8
E01005830,8,7
E01005831,11,7
E01005832,13,8
E01005833,16,9
E01005834,10,7
E01005835,18,9
E01005836,11,7
E01005837,18,8
E01005838,3,6
E01005839,13,8
E01005840,6,8
E01005841,13,8
E01005842,16,9
E01005843,18,9
E01005844,9,7
E01005845,7,6
E01005846,13,8
E01005847,11,8
E01005848,13,9
E01005849,7,7
E01005850,14,8
E01005851,13,8
E01005852,7,7
E01005853,14,9
E01005854,13,9
E01005855,8,7
E01005856,14,9
E01005857,12,8
E01005858,6,6
E01005859,9,7
E01005860,12,7
E01005861,11,8
E01005862,13,8
E01005863,8,7
E01005864,6,6
E01005865,11,7
E01005866,8,7
E01005867,13,8
E01005868,11,8
E01005869,12,8
E01005870,11,7
E01005871,7,7
E01005872,11,8
E01005873,11,7
E01005874,10,8
E01005875,7,7
E01005876,8,7
E01005877,11,7
E01005878,9,7
E01005879,6,7
E01005880,14,9
E01005881,11,8
E01005882,13,8
E01005883,12,8
E01005884,13,9
E01005885,5,6
E01005886,6,6
E01005887,9,7
E01005888,8,7
E01005889,4,6
E01005890,7,6
E01005891,12,8
E01005892,12,8
E01005893,10,7
E01005894,8,7
E01005895,10,7
E01005896,11,7
E01005897,14,8
E01005898,16,9
E01005899,13,8
E01005900,6,7
E01005901,17,9
E01005902,14,9
E01005903,13,8
E01005904,8,7
E01005905,11,8
E01005906,19,7
E01005907,19,7
E01005908,15,9
E01005909,8,7
E01005910,6,7
E01005911,13,8
E01005912,13,8
E01005913,17,7
E01005914,6,6
E01005915,3,6
E01005916,8,7
E01005917,4,6
E01005918,8,7
E01005919,16,9
E01005920,15,9
E01005921,12,8
E01005922,11,7
E01005923,12,8
E01005924,10,7
E01005925,7,7
E01005926,15,10
E01005927,8,7
E01005928,13,8
E01005929,15,8
E01005930,12,7
E01005931,11,8
E01005932,11,8
E01005933,16,8
E01005934,11,7
E01005935,12,8
E01005936,15,8
E01005937,13,8
E01005938,16,9
E01005939,14,9
E01005940,12,8
E01005941,5,7
E01005942,7,7
E01005943,10,8
E01005944,8,7
E01005945,11,7
E01005946,9,7
E01005947,3,6
E01005948,5,6
E01005949,10,7
E01005950,8,7
E01005951,4,6
E01005952,5,7
E01005953,3,6
E01005954,8,7
E01005955,10,7
E01005956,10,7
E01005957,5,6
E01005958,6,6
E01005959,10,7
E01005960,10,7
E01005961,12,9
E01005962,12,8
E01005963,9,8
E01005964,12,8
E01005965,7,6
E01005966,10,7
E01005967,9,7
E01005968,12,9
E01005969,7,7
E01005970,11,7
E01005971,9,7
E01005972,4,6
E01005973,15,9
E01005974,8,7
E01005975,11,7
E01005976,15,8
E01005977,15,9
E01005978,16,9
E01005979,18,9
E01005980,16,9
E01005981,14,9
E01005982,17,10
E01005983,19,10
E01005984,19,11
E01005985,18,9
E01005986,9,7
E01005987,15,8
E01005988,14,8
E01005989,16,8
E01005990,17,9
E01005991,15,8
E01005992,5,6
E01005993,15,9
E01005994,5,6
E01005995,17,9
E01005996,13,8
E01005997,8,7
E01005998,13,8
E01005999,9,7
E01006000,6,7
E01006001,13,8
E01006002,11,7
E01006003,15,8
E01006004,7,7
E01006005,10,7
E01006006,14,8
E01006007,8,7
E01006008,12,8
E01006009,7,7
E01006010,4,6
E01006011,8,7
E01006012,5,6
E01006013,12,8
E01006014,11,7
E01006015,16,8
E01006016,4,6
E01006017,17,10
E01006018,12,8
E01006019,16,9
E01006020,16,9
E01006021,11,7
E01006022,6,7
E01006023,8,7
E01006024,15,9
E01006025,6,7
E01006026,12,8
E01006027,11,7
E01006028,9,7
E01006029,6,7
E01006030,12,8
E01006031,13,8
E01006032,16,9
E01006033,14,8
E01006034,16,10
E01006035,11,8
E01006036,11,7
E01006037,16,10
E01006038,14,9
E01006039,9,7
E01006040,6,7
E01006041,5,6
E01006042,14,8
E01006043,10,7
E01006044,15,8
E01006045,18,9
E01006046,13,8
E01006047,8,6
E01006048,6,7
E01006049,4,7
E01006050,7,7
E01006051,13,10
E01006052,9,7
E01006053,12,9
E01006054,6,7
E01006055,8,7
E01006056,12,8
E01006057,11,8
E01006058,4,6
E01006059,8,7
E01006060,5,7
E01006061,12,8
E01006062,14,9
E01006063,15,9
E01006064,14,8
E01006065,11,8
E01006066,8,7
E01006067,6,7
E01006068,5,6
E01006069,8,7
E01006070,8,7
E01006071,16,9
E01006072,17,8
E01006073,5,7
E01006074,18,9
E01006075,8,7
E01006076,9,7
E01006077,5,7
E01006078,5,6
E01006079,13,8
E01006080,5,6
E01006081,18,10
E01006082,10,7
E01006083,14,9
E01006084,15,9
E01006085,12,9
E01006086,16,10
E01006087,24,11
E01006088,10,7
E01006089,4,6
E01006090,10,8
E01006091,12,8
E01006092,11,7
E01006093,9,7
E01006094,16,9
E01006095,17,9
E01006096,10,8
E01006097,12,8
E01006098,7,6
E01006099,4,6
E01006100,14,8
E01006101,18,9
E01006102,10,7
E01006103,16,9
E01006104,7,7
E01006105,8,7
E01006106,12,8
E01006107,9,8
E01006108,13,8
E01006109,6,7
E01006110,7,7
E01006111,5,6
E01006112,5,7
E01006113,6,6
E01006114,7,7
E01006115,5,6
E01006116,7,6
E01006117,11,7
E01006118,7,7
E01006119,15,8
E01006120,6,6
E01006121,14,8
E01006122,11,7
E01006123,7,6
E01006124,10,7
E01006125,10,7
E01006126,7,7
E01006127,14,8
E01006128,10,7
E01006129,11,7
E01006130,10,7
E01006131,13,8
E01006132,15,9
E01006133,14,8
E01006134,16,9
E01006135,10,8
E01006136,11,8
E01006137,15,9
E01006138,13,8
E01006139,13,8
E01006140,14,9
E01006141,8,7
E01006142,10,8
E01006143,13,9
E01006144,12,9
E01006145,9,7
E01006146,13,8
E01006147,14,8
E01006148,11,7
E01006149,10,8
E01006150,5,6
E01006151,14,8
E01006152,12,7
E01006153,16,9
E01006154,11,8
E01006155,11,8
E01006156,12,7
E01006157,8,7
E01006158,7,7
E01006159,6,6
E01006160,9,7
E01006161,13,7
E01006162,11,7
E01006163,9,7
E01006164,16,8
E01006165,13,8
E01006166,4,6
E01006167,10,8
E01006168,12,7
E01006169,10,7
E01006170,14,8
E01006171,7,7
E01006172,10,7
E01006173,8,6
E01006174,8,7
E01006175,8,7
E01006176,6,6
E01006177,10,7
E01006178,10,7
E01006179,14,9
E01006180,6,7
E01006181,7,7
E01006182,12,7
E01006183,12,8
E01006184,13,8
E01006185,8,7
E01006186,11,7
E01006187,4,6
E01006188,6,6
E01006189,7,6
E01006190,5,6
E01006191,10,7
E01006192,6,6
E01006193,10,7
E01006194,10,7
E01006195,5,6
E01006196,8,7
E01006197,5,6
E01006198,7,7
E01006199,10,7
E01006200,7,7
E01006201,6,6
E01006202,5,6
E01006203,8,7
E01006204,10,7
E01006205,11,7
E01006206,13,8
E01006207,16,9
E01006208,17,9
E01006209,17,8
E01006210,10,7
E01006211,9,7
E01006212,17,9
E01006213,7,7
E01006214,13,8
E01006215,13,8
E01006216,20,10
E01006217,14,8
E01006218,6,6
E01006219,12,8
E01006220,15,9
E01006221,10,8
E01006222,16,10
E01006223,9,7
E01006224,18,10
E01006225,14,8
E01006226,14,8
E01006227,15,8
E01006228,9,7
E01006229,6,8
E01006230,9,7
E01006231,11,7
E01006232,16,10
E01006233,12,8
E01006234,7,7
E01006235,7,7
E01006236,12,8
E01006237,14,8
E01006238,6,6
E01006239,6,6
E01006240,13,7
E01006241,11,7
E01006242,4,6
E01006243,12,8
E01006244,5,6
E01006245,9,7
E01006246,13,8
E01006247,16,9
E01006248,20,11
E01006249,16,10
E01006250,4,6
E01006251,12,7
E01006252,14,8
E01006253,14,9
E01006254,13,8
E01006255,5,6
E01006256,15,8
E01006257,5,6
E01006258,9,7
E01006259,17,11
E01006260,11,7
E01006261,10,7
E01006262,12,7
E01006263,9,7
E01006264,15,8
E01006265,8,6
E01006266,10,7
E01006267,7,7
E01006268,5,6
E01006269,4,7
E01006270,17,9
E01006271,6,6
E01006272,6,7
E01006273,14,8
E01006274,12,8
E01006275,13,8
E01006276,11,9
E01006277,14,10
E01006278,17,11
E01006279,19,10
E01006280,14,11
E01006281,15,9
E01006282,8,7
E01006283,12,8
E01006284,9,8
E01006285,20,11
E01006286,17,9
E01006287,15,8
E01006288,11,8
E01006289,13,8
E01006290,13,8
E01006291,6,6
E01006292,9,7
E01006293,8,7
E01006294,7,6
E01006295,3,6
E01006296,11,7
E01006297,15,8
E01006298,11,7
E01006299,13,9
E01006300,17,9
E01006301,19,10
E01006302,12,8
E01006303,14,8
E01006304,7,8
E01006305,10,8
E01006306,10,7
E01006307,9,7
E01006308,5,6
E01006309,9,7
E01006310,8,7
E01006311,11,7
E01006312,16,9
E01006313,13,9
E01006314,12,8
E01006315,13,10
E01006316,14,10
E01006317,11,8
E01006318,18,10
E01006319,11,8
E01006320,16,10
E01006321,16,9
E01006322,13,8
E01006323,18,9
E01006324,18,10
E01006325,16,10
E01006326,15,8
E01006327,16,11
E01006328,12,7
E01006329,13,10
E01006330,5,6
E01006331,10,7
E01006332,6,7
E01006333,7,6
E01006334,10,7
E01006335,10,7
E01006336,6,6
E01006337,11,8
E01006338,9,7
E01006339,5,6
E01006340,10,7
E01006341,8,7
E01006342,7,7
E01006343,7,7
E01006344,12,8
E01006345,7,7
E01006346,10,7
E01006347,8,8
E01006348,11,10
E01006349,13,8
E01006350,11,7
E01006351,9,7
E01006352,14,8
E01006353,12,7
E01006354,7,6
E01006355,11,7
E01006356,11,8
E01006357,10,8
E01006358,9,7
E01006359,9,7
E01006360,8,7
E01006361,4,6
E01006362,14,9
E01006363,14,8
E01006364,16,10
E01006365,17,10
E01006366,15,11
E01006367,17,11
E01006368,12,8
E01006369,6,7
E01006370,7,7
E01006371,4,6
E01006372,13,9
E01006373,12,7
E01006374,10,7
E01006375,4,6
E01006376,7,6
E01006377,13,8
E01006378,14,9
E01006379,9,7
E01006380,12,8
E01006381,12,8
E01006382,16,8
E01006383,12,7
E01006384,12,8
E01006385,9,7
E01006386,6,7
E01006387,5,7
E01006388,17,11
E01006389,10,7
E01006390,10,8
E01006391,14,9
E01006392,5,7
E01006393,5,6
E01006394,9,7
E01006395,9,7
E01006396,15,9
E01006397,13,9
E01006398,10,8
E01006399,4,6
E01006400,8,7
E01006401,15,8
E01006402,9,7
E01006403,12,7
E01006404,14,8
E01006405,7,6
E01006406,6,6
E01006407,12,8
E01006408,9,7
E01006409,13,8
E01006410,16,9
E01006411,9,7
E01006412,7,8
E01006413,10,8
E01006414,8,7
E01006415,8,7
E01006416,10,7
E01006417,8,7
E01006418,12,7
E01006419,14,8
E01006420,11,8
E01006421,14,8
E01006422,6,6
E01006423,9,7
E01006424,12,8
E01006425,15,8
E01006426,9,7
E01006427,11,7
E01006428,5,7
E01006429,8,7
E01006430,16,9
E01006431,15,8
E01006432,16,8
E01006433,14,8
E01006434,8,7
E01006435,4,6
E01006436,7,7
E01006437,7,7
E01006438,21,11
E01006439,20,12
E01006440,15,9
E01006441,12,8
E01006442,8,7
E01006443,6,7
E01006444,10,8
E01006445,12,8
E01006446,12,8
E01006447,6,7
E01006448,6,7
E01006449,9,7
E01006450,5,6
E01006451,10,7
E01006452,12,8
E01006453,7,7
E01006454,20,10
E01006455,13,8
E01006456,19,10
E01006457,11,8
E01006458,12,8
E01006459,13,8
E01006460,11,7
E01006461,8,7
E01006462,15,8
E01006463,7,6
E01006464,9,7
E01006465,13,8
E01006466,12,7
E01006467,12,7
E01006470,4,6
E01006471,13,8
E01006472,12,9
E01006473,10,8
E01006474,8,7
E01006475,9,7
E01006476,16,8
E01006477,9,7
E01006478,9,7
E01006479,6,7
E01006480,6,6
E01006481,5,6
E01006482,9,7
E01006483,6,6
E01006484,9,7
E01006485,11,7
E01006486,4,6
E01006487,7,7
E01006488,10,7
E01006489,6,7
E01006490,14,8
E01006491,15,8
E01006492,16,8
E01006493,9,8
E01006494,10,8
E01006495,9,7
E01006496,11,8
E01006497,5,6
E01006498,17,9
E01006499,13,8
E01006500,7,6
E01006501,13,9
E01006502,13,8
E01006503,17,9
E01006504,13,9
E01006505,10,8
E01006506,15,10
E01006507,15,9
E01006508,18,9
E01006509,15,8
E01006510,15,9
E01006512,6,6
E01006513,8,7
E01006514,7,7
E01006515,6,7
E01006518,10,7
E01006519,12,8
E01006520,7,7
E01006521,6,6
E01006522,10,7
E01006523,9,7
E01006524,12,7
E01006525,14,8
E01006526,6,6
E01006527,8,7
E01006528,8,7
E01006529,5,6
E01006530,13,8
E01006531,11,7
E01006532,13,8
E01006533,11,7
E01006534,9,7
E01006535,8,7
E01006536,8,7
E01006537,9,7
E01006538,8,7
E01006539,9,7
E01006540,8,7
E01006541,10,8
E01006542,12,7
E01006543,11,7
E01006544,6,7
E01006545,9,7
E01006546,11,7
E01006547,9,7
E01006548,9,7
E01006549,8,7
E01006550,4,6
E01006551,7,7
E01006552,7,7
E01006553,3,6
E01006554,6,7
E01006556,8,7
E01006557,4,6
E01006558,9,7
E01006560,6,7
E01006562,9,7
E01006563,11,7
E01006564,9,7
E01006565,13,8
E01006566,12,7
E01006567,12,7
E01006568,15,9
E01006569,13,8
E01006570,8,7
E01006571,6,7
E01006572,4,6
E01006573,8,7
E01006574,7,7
E01006575,13,8
E01006576,5,7
E01006577,10,7
E01006578,9,7
E01006579,7,7
E01006580,13,8
E01006581,10,8
E01006582,10,8
E01006583,14,9
E01006584,12,8
E01006585,13,7
E01006586,9,7
E01006587,12,7
E01006588,7,6
E01006589,5,6
E01006590,6,6
E01006591,3,6
E01006592,8,7
E01006593,5,6
E01006594,18,9
E01006595,9,7
E01006596,6,7
E01006597,11,8
E01006598,4,6
E01006599,8,7
E01006600,6,6
E01006603,8,7
E01006604,8,7
E01006605,13,8
E01006606,12,7
E01006607,9,7
E01006608,6,7
E01006609,3,6
E01006610,8,7
E01006611,10,7
E01006612,9,7
E01006613,7,7
E01006614,7,7
E01006615,8,7
E01006616,6,7
E01006617,13,8
E01006618,11,7
E01006619,11,7
E01006620,12,8
E01006621,13,7
E01006622,13,8
E01006623,12,7
E01006624,13,8
E01006625,5,6
E01006626,7,7
E01006627,10,7
E01006628,9,8
E01006629,12,8
E01006630,4,6
E01006632,9,7
E01006633,8,7
E01006637,8,7
E01006638,5,6
E01006639,9,7
E01006640,10,7
E01006641,11,7
E01006642,8,7
E01006643,9,7
E01006644,12,8
E01006645,9,7
E01006646,7,7
E01006647,8,7
E01006648,9,9
E01006651,17,8
E01006652,8,6
E01006653,13,8
E01006654,13,7
E01006655,10,8
E01006656,6,6
E01006657,4,6
E01006658,12,9
E01006659,7,7
E01006660,8,7
E01006661,5,6
E01006662,9,7
E01006663,10,7
E01006664,8,8
E01006665,11,8
E01006666,9,8
E01006667,10,8
E01006668,10,7
E01006669,10,7
E01006670,8,7
E01006671,15,9
E01006672,10,7
E01006673,11,7
E01006674,7,7
E01006675,7,7
E01006676,12,7
E01006677,11,7
E01006678,5,6
E01006679,9,7
E01006680,11,7
E01006681,11,7
E01006682,9,7
E01006683,11,7
E01006684,12,8
E01006685,5,6
E01006686,8,6
E01006687,13,8
E01006688,9,7
E01006689,7,6
E01006690,8,6
E01006691,3,6
E01006692,14,7
E01006693,8,7
E01006694,5,6
E01006695,6,6
E01006696,7,7
E01006697,3,6
E01006698,10,7
E01006699,4,6
E01006700,9,7
E01006701,6,6
E01006702,8,7
E01006703,5,7
E01006705,8,7
E01006706,8,8
E01006707,6,7
E01006708,7,7
E01006709,6,6
E01006710,14,8
E01006711,9,7
E01006712,2,7
E01006713,5,7
E01006716,9,7
E01006717,5,6
E01006718,4,6
E01006719,4,6
E01006720,5,6
E01006721,10,7
E01006722,6,6
E01006723,5,6
E01006724,6,6
E01006725,13,7
E01006726,9,7
E01006727,12,7
E01006728,11,7
E01006729,9,7
E01006730,9,7
E01006731,7,7
E01006732,10,7
E01006734,9,7
E01006735,9,7
E01006736,12,8
E01006737,10,8
E01006738,12,7
E01006739,7,6
E01006740,10,7
E01006741,5,6
E01006742,12,7
E01006743,10,7
E01006744,9,7
E01006745,5,6
E01006746,9,8
E01006747,10,8
E01006748,7,8
E01006751,10,7
E01006752,6,7
E01006753,8,6
E01006754,5,6
E01006755,5,6
E01006756,7,7
E01006757,5,7
E01006758,10,7
E01006759,10,7
E01006760,7,7
E01006761,4,6
E01006762,6,6
E01006763,12,8
E01006764,5,6
E01006765,7,7
E01006766,3,6
E01006767,8,7
E01006768,8,7
E01006769,7,7
E01006770,10,7
E01006771,9,8
E01006772,6,7
E01006773,11,8
E01006774,12,8
E01006775,9,7
E01006776,8,7
E01006778,8,7
E01006779,7,7
E01006780,8,6
E01006781,7,6
E01006782,5,6
E01006783,6,6
E01006784,3,6
E01006785,9,7
E01006786,7,7
E01006787,10,7
E01006788,13,8
E01006790,5,7
E01006791,7,7
E01006792,11,7
E01006793,8,7
E01006794,4,6
E01006795,5,6
E01006796,15,8
E01006797,12,7
E01006798,8,7
E01006799,6,6
E01006800,13,8
E01006801,9,7
E01006802,7,7
E01006803,14,8
E01006804,7,6
E01006805,12,7
E01006806,8,7
E01006807,14,9
E01006808,14,8
E01006809,11,7
E01006810,17,9
E01006811,17,9
E01006812,13,9
E01006813,4,6
E01006814,17,8
E01006815,9,7
E01006816,10,8
E01006817,10,7
E01006818,7,7
E01006819,11,8
E01006820,12,8
E01006821,11,8
E01006822,11,7
E01006823,18,9
E01006824,15,8
E01006825,18,8
E01006826,14,8
E01006827,14,8
E01006828,16,9
E01006829,13,8
E01006830,12,7
E01006831,4,6
E01006832,7,7
E01006833,7,6
E01006834,7,7
E01006835,7,6
E01006836,10,7
E01006837,12,8
E01006838,11,7
E01006839,10,7
E01006840,7,6
E01006841,18,9
E01006842,6,6
E01006843,11,7
E01006844,5,6
E01006845,9,7
E01006846,11,7
E01006847,12,7
E01006848,13,8
E01006849,19,11
E01006850,18,11
E01006851,18,11
E01006852,18,9
E01006853,15,9
E01006854,15,9
E01006855,19,12
E01006856,13,8
E01006857,15,9
E01006858,12,8
E01006859,15,9
E01006860,7,7
E01006861,12,8
E01006862,8,7
E01006863,4,6
E01006864,10,7
E01006865,10,7
E01006866,9,7
E01006867,4,6
E01006868,11,7
E01006869,7,6
E01006870,7,7
E01006871,14,8
E01006872,4,6
E01006873,8,7
E01006874,11,7
E01006875,6,7
E01006876,7,6
E01006877,4,6
E01006878,5,6
E01006879,8,7
E01006880,7,6
E01006881,5,6
E01006882,6,7
E01006883,10,7
E01006884,7,7
E01006885,12,9
E01006886,14,9
E01006887,13,8
E01006888,12,8
E01006889,17,9
E01006890,10,7
E01006891,8,7
E01006892,9,7
E01006893,5,6
E01006894,10,7
E01006895,10,7
E01006896,12,8
E01006897,15,8
E01006898,20,9
E01006899,8,7
E01006900,15,8
E01006901,13,8
E01006903,6,7
E01006904,9,7
E01006905,12,8
E01006906,8,7
E01006907,8,7
E01006908,8,7
E01006909,4,6
E01006910,14,8
E01006911,7,7
E01006912,13,8
E01006913,13,8
E01006914,14,9
E01006915,9,7
E01006916,11,7
E01006917,15,9
E01006918,10,7
E01006919,14,9
E01006920,6,6
E01006921,12,7
E01006922,16,8
E01006923,16,8
E01006924,15,8
E01006925,12,8
E01006926,10,7
E01006927,7,7
E01006928,9,7
E01006929,10,7
E01006930,6,6
E01006931,9,7
E01006932,13,8
E01006933,7,7
E01006934,7,6
E01006935,5,6
E01006936,9,7
E01006937,12,7
E01006938,16,8
E01006939,6,6
E01006940,10,7
E01006941,5,6
E01006942,7,7
E01006943,9,7
E01006944,14,8
E01006945,11,7
E01006946,5,7
E01006947,9,7
E01006948,11,7
E01006949,12,7
E01006950,16,8
E01006951,11,7
E01006952,5,6
E01006953,4,6
E01006954,11,7
E01006955,5,6
E01006956,8,7
E01006957,10,7
E01006958,11,8
E01006959,8,7
E01006960,8,7
E01006961,7,7
E01006962,9,7
E01006963,9,7
E01006964,5,6
E01006965,6,7
E01006966,4,6
E01006967,4,6
E01006968,11,7
E01006969,4,6
E01006970,10,7
E01006971,10,7
E01006972,6,6
E01006973,14,8
E01006974,14,8
E01006976,9,7
E01006977,5,6
E01006978,7,7
E01006979,12,8
E01006980,5,6
E01006981,12,8
E01006982,6,7
E01006983,10,7
E01006984,10,7
E01006985,16,8
E01006986,16,9
E01006987,15,8
E01006988,12,8
E01006989,16,9
E01006990,16,8
E01006991,19,9
E01006992,15,8
E01006993,18,9
E01006994,9,6
E01006995,5,6
E01006996,7,6
E01006997,10,7
E01006998,10,7
E01006999,8,7
E01007000,7,7
E01007001,10,7
E01007002,9,8
E01007003,4,6
E01007004,7,7
E01007005,5,6
E01007006,4,6
E01007007,7,7
E01007008,5,7
E01007009,7,7
E01007010,13,8
E01007011,5,6
E01007012,7,7
E01007013,6,7
E01007014,14,8
E01007016,4,6
E01007017,9,7
E01007019,11,7
E01007020,8,7
E01007021,10,7
E01007022,7,7
E01007023,13,9
E01007024,4,6
E01007025,13,8
E01007026,13,8
E01007027,15,9
E01007028,12,8
E01007029,12,7
E01007030,12,8
E01007031,12,8
E01007032,5,6
E01007033,7,7
E01007034,9,7
E01007035,5,6
E01007036,9,7
E01007037,10,7
E01007038,12,8
E01007039,25,12
E01007040,22,11
E01007041,17,9
E01007042,22,10
E01007043,19,10
E01007044,20,10
E01007045,18,10
E01007046,14,9
E01007047,15,8
E01007048,15,9
E01007049,11,7
E01007050,13,8
E01007051,9,7
E01007052,9,7
E01007053,15,9
E01007054,10,8
E01007055,14,8
E01007056,13,8
E01007057,9,7
E01007058,8,7
E01007059,9,7
E01007060,11,7
E01007061,8,7
E01007062,6,6
E01007063,7,7
E01007064,7,7
E01007065,14,9
E01007066,16,8
E01007067,14,8
E01007068,14,8
E01007069,9,7
E01007070,8,7
E01007071,12,8
E01007072,8,7
E01007073,14,8
E01007074,18,9
E01007075,12,8
E01007076,15,9
E01007077,12,7
E01007078,11,7
E01007079,11,7
E01007080,10,7
E01007081,5,6
E01007082,10,7
E01007083,8,7
E01007084,15,8
E01007085,5,6
E01007086,11,7
E01007087,7,7
E01007088,6,7
E01007089,9,7
E01007090,12,7
E01007091,13,8
E01007092,11,8
E01007095,5,6
E01007096,11,8
E01007097,9,8
E01007098,13,9
E01007099,14,9
E01007100,13,8
E01007101,8,7
E01007102,5,6
E01007103,7,7
E01007104,7,7
E01007105,5,6
E01007106,11,7
E01007107,4,6
E01007108,9,7
E01007109,8,7
E01007110,7,7
E01007111,13,8
E01007112,13,8
E01007113,11,8
E01007114,15,8
E01007115,10,7
E01007116,9,7
E01007117,7,7
E01007118,5,6
E01007119,13,8
E01007120,19,11
E01007121,15,9
E01007122,11,7
E01007123,14,8
E01007124,16,10
E01007125,7,7
E01007126,5,6
E01007127,7,7
E01007128,6,6
E01007129,5,6
E01007130,5,6
E01007131,6,6
E01007133,5,6
E01007135,7,7
E01007136,11,7
E01007137,11,7
E01007138,8,7
E01007139,5,7
E01007140,12,7
E01007141,11,7
E01007142,11,7
E01007143,15,8
E01007144,18,10
E01007145,6,8
E01007146,7,8
E01007147,11,9
E01007148,21,11
E01007149,14,10
E01007150,15,11
E01007151,9,7
E01007152,6,7
E01007153,8,8
E01007154,8,7
E01007155,8,7
E01007156,8,7
E01007157,9,7
E01007158,10,7
E01007159,19,9
E01007160,10,7
E01007161,12,7
E01007162,13,8
E01007163,8,7
E01007164,17,8
E01007165,18,10
E01007166,17,9
E01007167,13,8
E01007168,18,10
E01007169,16,10
E01007170,10,7
E01007171,9,7
E01007172,13,8
E01007173,13,8
E01007174,11,7
E01007175,10,7
E01007176,12,7
E01007177,14,9
E01007178,14,8
E01007179,5,6
E01007180,10,7
E01007181,14,8
E01007182,7,6
E01007183,15,9
E01007184,9,7
E01007185,10,7
E01007186,17,9
E01007187,17,9
E01007188,12,8
E01007189,12,7
E01007190,14,8
E01007191,17,9
E01007192,13,8
E01007193,16,10
E01007194,16,9
E01007195,8,6
E01007196,7,7
E01007197,10,7
E01007198,6,7
E01007199,7,6
E01007200,8,6
E01007201,14,8
E01007202,15,9
E01007203,8,7
E01007204,6,6
E01007205,8,7
E01007206,12,7
E01007207,7,7
E01007208,9,7
E01007209,11,7
E01007210,9,7
E01007211,10,7
E01007212,7,7
E01007213,10,8
E01007214,7,6
E01007215,6,6
E01007216,6,6
E01007217,4,6
E01007218,9,7
E01007219,9,7
E01007220,4,6
E01007221,5,6
E01007222,11,8
E01007223,13,9
E01007224,12,7
E01007225,6,6
E01007226,8,7
E01007227,6,7
E01007228,12,8
E01007229,4,6
E01007230,9,7
E01007231,7,7
E01007232,12,7
E01007233,7,7
E01007234,12,7
E01007235,9,7
E01007236,11,7
E01007237,11,8
E01007238,11,7
E01007239,5,6
E01007240,12,7
E01007241,12,8
E01007242,12,8
E01007243,12,7
E01007244,9,7
E01007245,8,7
E01007246,5,6
E01007247,7,7
E01007248,13,8
E01007249,7,7
E01007250,8,7
E01007251,9,7
E01007252,7,7
E01007253,5,6
E01007254,11,7
E01007255,10,8
E01007256,11,8
E01007257,10,7
E01007258,15,9
E01007259,7,7
E01007260,14,9
E01007261,12,8
E01007262,17,9
E01007263,13,8
E01007264,8,7
E01007265,14,8
E01007266,12,8
E01007267,8,7
E01007268,9,7
E01007269,10,7
E01007270,7,7
E01007271,9,7
E01007272,12,7
E01007273,13,7
E01007274,11,8
E01007275,10,7
E01007276,8,6
E01007277,6,6
E01007278,11,7
E01007279,15,9
E01007280,18,10
E01007281,13,9
E01007282,11,8
E01007283,20,11
E01007284,15,10
E01007285,15,10
E01007286,15,8
E01007287,17,9
E01007288,15,9
E01007289,8,6
E01007290,7,6
E01007291,9,7
E01007292,9,7
E01007293,5,6
E01007294,8,6
E01007295,7,6
E01007296,4,6
E01007297,12,7
E01007298,10,7
E01007299,13,9
E01007300,6,7
E01007301,13,8
E01007302,10,7
E01007303,9,7
E01007304,10,7
E01007305,11,8
E01007306,12,8
E01007307,7,7
E01007308,7,6
E01007309,11,7
E01007310,8,7
E01007311,8,7
E01007312,4,7
E01007313,7,7
E01007314,10,7
E01007315,11,8
E01007316,7,7
E01007317,12,7
E01007318,5,6
E01007319,19,10
E01007320,14,8
E01007321,19,10
E01007322,12,7
E01007323,15,8
E01007324,9,8
E01007325,13,9
E01007326,14,9
E01007327,14,9
E01007328,11,7
E01007329,16,11
E01007330,5,6
E01007331,13,9
E01007332,5,6
E01007333,9,7
E01007334,12,8
E01007335,12,8
E01007336,7,7
E01007337,8,7
E01007338,5,6
E01007339,5,6
E01007340,4,6
E01007341,16,9
E01007342,15,8
E01007343,10,7
E01007344,10,7
E01007345,7,6
E01007346,10,7
E01007347,15,8
E01007348,13,8
E01007349,18,10
E01007350,13,8
E01007351,8,7
E01007352,10,7
E01007353,9,7
E01007354,18,11
E01007355,9,7
E01007356,12,7
E01007357,5,6
E01007358,7,7
E01007359,11,8
E01007360,12,8
E01007361,7,7
E01007362,14,7
E01007363,12,7
E01007364,15,8
E01007365,9,7
E01007366,14,8
E01007367,18,9
E01007368,16,9
E01007369,12,8
E01007370,9,7
E01007371,10,8
E01007372,9,7
E01007373,10,7
E01007374,15,8
E01007375,11,7
E01007376,13,8
E01007377,13,8
E01007378,11,7
E01007379,15,10
E01007380,17,9
E01007381,15,9
E01007382,7,6
E01007383,12,7
E01007384,8,7
E01007385,13,7
E01007386,11,8
E01007387,14,10
E01007388,11,7
E01007389,9,7
E01007390,14,8
E01007391,10,7
E01007392,12,7
E01007393,8,7
E01007394,12,7
E01007395,13,8
E01007396,16,9
E01007397,16,9
E01007398,15,10
E01007399,18,11
E01007400,9,7
E01007402,9,7
E01007403,6,6
E01007404,10,7
E01007405,12,7
E01007406,10,7
E01007408,11,7
E01007409,4,6
E01007410,12,7
E01007411,5,6
E01007413,10,7
E01007414,7,6
E01007415,8,7
E01007416,9,7
E01007417,6,7
E01007418,35,13
E01007419,20,9
E01007420,20,10
E01007421,24,12
E01007422,17,10
E01007423,23,13
E01007424,24,12
E01007425,18,9
E01007426,23,13
E01007427,16,10
E01007428,12,7
E01007429,4,6
E01007430,10,7
E01007431,10,7
E01007432,8,6
E01007433,11,7
E01007434,5,6
E01007435,7,6
E01007436,13,8
E01007437,17,9
E01007438,9,7
E01007439,10,7
E01007440,7,6
E01007441,5,6
E01007442,11,8
E01007443,8,7
E01007444,8,7
E01007445,10,7
E01007446,13,7
E01007447,14,8
E01007448,9,7
E01007449,10,7
E01007450,15,9
E01007451,7,7
E01007452,11,7
E01007453,13,8
E01007455,15,8
E01007456,16,9
E01007457,16,9
E01007458,6,6
E01007459,14,8
E01007460,15,8
E01007461,11,8
E01007462,14,7
E01007463,11,8
E01007464,21,10
E01007465,29,12
E01007466,23,11
E01007467,20,10
E01007468,15,8
E01007469,15,8
E01007470,11,7
E01007471,23,10
E01007472,8,7
E01007473,10,7
E01007474,5,6
E01007475,17,10
E01007476,15,10
E01007477,18,11
E01007478,11,8
E01007479,15,8
E01007480,9,7
E01007482,7,7
E01007483,11,8
E01007484,13,8
E01007485,17,9
E01007486,12,8
E01007487,17,10
E01007488,28,11
E01007489,12,7
E01007490,17,9
E01007491,14,8
E01007492,11,7
E01007493,20,11
E01007494,8,7
E01007495,8,7
E01007496,12,8
E01007497,13,9
E01007498,12,8
E01007499,13,9
E01007500,15,8
E01007501,15,10
E01007502,20,11
E01007503,16,9
E01007504,21,10
E01007505,14,8
E01007506,10,7
E01007507,22,10
E01007508,8,6
E01007509,5,6
E01007510,4,6
E01007511,12,8
E01007512,8,7
E01007513,10,7
E01007514,9,7
E01007515,4,6
E01007516,11,8
E01007517,12,9
E01007518,11,8
E01007519,10,7
E01007520,21,10
E01007521,18,9
E01007522,6,7
E01007523,17,9
E01007524,10,7
E01007525,13,8
E01007526,16,9
E01007527,20,10
E01007528,9,7
E01007529,12,8
E01007530,10,8
E01007531,12,7
E01007532,7,7
E01007533,11,7
E01007534,9,7
E01007535,6,6
E01007536,10,7
E01007537,16,8
E01007538,10,7
E01007539,5,6
E01007540,10,7
E01007541,11,7
E01007542,7,6
E01007543,14,8
E01007544,9,7
E01007545,15,8
E01007546,15,8
E01007547,8,7
E01007548,12,7
E01007549,8,7
E01007550,11,7
E01007551,16,10
E01007552,17,10
E01007553,12,8
E01007554,13,8
E01007555,11,8
E01007556,13,8
E01007557,20,14
E01007558,6,7
E01007559,17,11
E01007560,11,8
E01007561,5,6
E01007562,11,8
E01007563,14,9
E01007564,8,7
E01007565,7,7
E01007566,9,7
E01007567,13,7
E01007568,13,8
E01007569,15,8
E01007570,7,7
E01007571,10,7
E01007572,11,7
E01007573,13,8
E01007574,14,8
E01007575,11,8
E01007576,5,6
E01007577,12,8
E01007578,4,6
E01007579,9,7
E01007580,14,8
E01007581,12,8
E01007582,8,7
E01007583,13,8
E01007584,11,7
E01007585,7,7
E01007586,11,7
E01007587,26,10
E01007588,9,7
E01007589,9,7
E01007590,5,6
E01007591,15,8
E01007592,7,6
E01007593,5,6
E01007594,21,9
E01007595,11,7
E01007596,20,8
E01007597,10,7
E01007598,13,7
E01007599,31,16
E01007600,23,12
E01007601,21,11
E01007602,30,18
E01007603,16,9
E01007604,12,8
E01007605,13,8
E01007606,15,9
E01007607,10,7
E01007608,28,14
E01007609,11,7
E01007610,8,7
E01007611,19,10
E01007612,8,7
E01007613,22,10
E01007614,13,8
E01007615,8,7
E01007616,6,7
E01007617,18,10
E01007618,10,7
E01007619,16,9
E01007620,18,9
E01007621,20,11
E01007622,18,10
E01007623,17,11
E01007624,21,12
E01007625,19,13
E01007626,10,7
E01007627,9,7
E01007628,8,7
E01007629,12,7
E01007630,19,12
E01007631,25,12
E01007632,23,11
E01007633,21,11
E01007634,20,10
E01007635,19,9
E01007636,12,8
E01007637,13,8
E01007638,12,8
E01007639,7,6
E01007640,15,8
E01007641,19,9
E01007642,16,9
E01007643,11,8
E01007644,14,7
E01007645,8,7
E01007646,7,6
E01007647,7,7
E01007648,3,6
E01007649,12,7
E01007650,11,8
E01007651,16,8
E01007652,13,9
E01007653,16,8
E01007654,13,7
E01007655,8,6
E01007656,20,9
E01007657,17,9
E01007658,17,9
E01007659,15,8
E01007660,16,10
E01007661,20,11
E01007662,16,10
E01007663,20,11
E01007664,21,13
E01007665,16,8
E01007666,16,9
E01007667,9,7
E01007668,11,8
E01007669,10,7
E01007670,14,8
E01007671,11,7
E01007672,13,8
E01007673,8,7
E01007674,14,8
E01007675,7,7
E01007676,13,8
E01007677,14,8
E01007678,18,9
E01007679,5,6
E01007680,10,7
E01007681,18,9
E01007682,12,8
E01007683,19,10
E01007684,14,9
E01007685,18,10
E01007686,7,7
E01007687,8,7
E01007688,10,7
E01007689,16,9
E01007690,10,7
E01007691,26,11
E01007692,25,11
E01007693,12,8
E01007694,16,9
E01007695,19,10
E01007696,21,10
E01007697,14,8
E01007698,15,8
E01007699,15,8
E01007700,10,7
E01007701,6,6
E01007702,14,8
E01007703,9,7
E01007704,12,7
E01007705,9,7
E01007706,14,9
E01007707,15,9
E01007708,11,7
E01007709,6,7
E01007710,9,7
E01007711,8,7
E01007712,7,7
E01007713,15,8
E01007714,6,7
E01007715,5,6
E01007716,11,7
E01007717,10,7
E01007718,11,7
E01007719,21,11
E01007720,20,11
E01007721,16,9
E01007723,23,9
E01007724,12,8
E01007725,17,9
E01007726,13,8
E01007727,26,12
E01007728,8,7
E01007729,3,6
E01007730,11,8
E01007731,5,6
E01007732,13,8
E01007733,11,7
E01007734,13,8
E01007735,18,8
E01007736,10,7
E01007737,21,9
E01007738,15,8
E01007739,19,8
E01007740,19,8
E01007741,16,8
E01007742,18,9
E01007743,19,9
E01007744,14,8
E01007745,16,9
E01007746,17,9
E01007747,12,8
E01007748,18,10
E01007749,15,9
E01007750,16,9
E01007751,10,8
E01007752,13,9
E01007753,17,12
E01007754,17,8
E01007755,14,8
E01007756,16,8
E01007757,11,7
E01007758,11,7
E01007759,9,7
E01007760,7,6
E01007761,16,8
E01007762,9,6
E01007763,4,6
E01007764,15,8
E01007765,13,8
E01007766,18,8
E01007767,11,7
E01007768,6,6
E01007769,6,7
E01007770,12,7
E01007771,13,8
E01007772,13,8
E01007773,13,8
E01007774,14,8
E01007775,9,7
E01007776,8,6
E01007777,5,6
E01007778,18,9
E01007779,17,9
E01007780,15,8
E01007781,14,8
E01007782,9,7
E01007783,4,6
E01007784,5,7
E01007785,13,8
E01007786,12,8
E01007787,17,9
E01007788,17,10
E01007789,15,8
E01007790,7,7
E01007791,8,7
E01007792,14,8
E01007793,12,8
E01007794,8,7
E01007795,11,8
E01007796,7,6
E01007797,9,7
E01007798,10,7
E01007799,11,7
E01007800,7,6
E01007801,16,8
E01007802,5,6
E01007803,9,7
E01007804,19,10
E01007805,15,9
E01007806,18,9
E01007807,19,10
E01007808,11,8
E01007809,12,8
E01007810,8,7
E01007811,14,8
E01007812,18,10
E01007813,18,10
E01007814,20,11
E01007815,9,7
E01007816,15,8
E01007817,13,8
E01007818,15,7
E01007819,16,8
E01007820,10,7
E01007821,9,7
E01007822,8,7
E01007823,5,6
E01007824,13,8
E01007825,17,8
E01007826,9,7
E01007827,12,9
E01007828,8,7
E01007829,10,7
E01007830,13,8
E01007831,3,6
E01007832,7,7
E01007833,10,8
E01007834,8,7
E01007835,10,8
E01007836,9,7
E01007838,16,9
E01007839,17,8
E01007841,12,8
E01007842,8,7
E01007843,5,6
E01007846,4,7
E01007847,12,7
E01007848,11,8
E01007849,8,7
E01007850,11,8
E01007851,7,7
E01007852,6,6
E01007853,14,9
E01007854,13,8
E01007855,6,7
E01007856,7,7
E01007857,6,6
E01007858,8,7
E01007859,8,8
E01007860,13,8
E01007861,9,7
E01007862,9,8
E01007863,11,8
E01007864,11,8
E01007865,4,6
E01007866,6,6
E01007867,8,7
E01007868,5,6
E01007869,8,7
E01007870,5,6
E01007871,10,7
E01007872,12,7
E01007873,12,8
E01007874,8,7
E01007875,6,7
E01007877,8,7
E01007878,4,7
E01007879,5,6
E01007881,7,7
E01007882,10,7
E01007883,11,8
E01007885,10,8
E01007886,9,8
E01007887,9,8
E01007888,14,9
E01007889,18,10
E01007890,12,9
E01007891,15,8
E01007892,20,10
E01007893,11,8
E01007894,15,9
E01007895,6,7
E01007896,9,8
E01007897,7,7
E01007898,23,12
E01007899,21,11
E01007900,18,10
E01007901,15,10
E01007902,6,7
E01007903,6,7
E01007904,11,8
E01007905,11,7
E01007906,7,6
E01007907,7,7
E01007908,12,8
E01007909,10,7
E01007910,14,9
E01007911,9,7
E01007912,11,7
E01007913,8,7
E01007914,8,7
E01007915,14,8
E01007916,9,7
E01007917,14,8
E01007918,11,7
E01007919,9,7
E01007920,18,9
E01007921,20,10
E01007922,18,9
E01007923,9,8
E01007924,7,7
E01007925,9,7
E01007926,22,11
E01007927,16,9
E01007928,14,8
E01007929,16,8
E01007930,21,9
E01007931,13,8
E01007932,15,10
E01007933,17,10
E01007934,6,7
E01007935,3,6
E01007936,4,6
E01007937,4,6
E01007938,7,7
E01007939,17,8
E01007940,8,7
E01007941,7,7
E01007942,8,7
E01007943,6,6
E01007944,5,6
E01007945,6,7
E01007946,6,7
E01007947,10,8
E01007948,9,7
E01007949,10,7
E01007950,8,7
E01007951,6,6
E01007952,10,7
E01007953,15,9
E01007954,7,7
E01007955,17,9
E01007956,21,11
E01007957,17,9
E01007958,14,8
E01007959,13,9
E01007960,10,7
E01007961,6,7
E01007962,5,6
E01007963,8,6
E01007964,8,7
E01007965,13,8
E01007966,13,8
E01007967,12,7
E01007968,10,7
E01007969,10,7
E01007970,4,6
E01007971,8,7
E01007972,13,8
E01007973,8,7
E01007974,16,8
E01007975,4,6
E01007976,4,6
E01007977,5,7
E01007978,5,6
E01007979,10,7
E01007980,7,6
E01007981,5,6
E01007982,12,8
E01007983,6,7
E01007984,11,8
E01007985,9,7
E01007986,9,7
E01007987,7,7
E01007988,10,7
E01007989,4,6
E01007990,14,8
E01007991,8,7
E01007992,4,6
E01007993,10,7
E01007994,6,6
E01007995,3,6
E01007996,10,7
E01007997,16,8
E01007998,14,8
E01007999,10,7
E01008000,12,8
E01008001,11,7
E01008002,11,7
E01008003,13,8
E01008004,10,8
E01008005,8,7
E01008006,7,7
E01008007,11,8
E01008008,10,7
E01008009,7,6
E01008010,9,7
E01008011,7,7
E01008012,11,7
E01008013,11,7
E01008014,9,7
E01008015,7,7
E01008016,14,9
E01008017,11,7
E01008018,4,6
E01008019,13,8
E01008020,15,8
E01008021,15,8
E01008022,14,8
E01008023,18,9
E01008024,9,6
E01008025,5,6
E01008027,13,8
E01008028,14,9
E01008029,10,7
E01008030,9,7
E01008031,5,7
E01008032,14,8
E01008033,8,7
E01008034,12,8
E01008035,11,8
E01008036,8,7
E01008037,8,7
E01008038,10,8
E01008039,9,7
E01008040,10,7
E01008041,7,7
E01008042,8,7
E01008043,10,7
E01008044,12,7
E01008045,7,7
E01008046,5,6
E01008047,10,7
E01008048,9,7
E01008049,7,6
E01008050,11,7
E01008051,10,7
E01008052,10,7
E01008053,13,8
E01008054,7,6
E01008055,6,6
E01008056,15,9
E01008057,5,6
E01008058,13,8
E01008059,10,7
E01008060,8,7
E01008061,5,6
E01008062,9,7
E01008063,4,7
E01008064,5,6
E01008065,5,6
E01008066,8,7
E01008067,8,6
E01008068,8,7
E01008069,4,6
E01008072,3,6
E01008073,8,6
E01008074,7,6
E01008075,16,9
E01008076,17,10
E01008077,15,9
E01008078,19,11
E01008079,16,9
E01008080,6,6
E01008081,16,10
E01008082,13,9
E01008083,12,8
E01008084,17,10
E01008085,10,7
E01008086,6,6
E01008087,11,7
E01008088,11,8
E01008089,8,7
E01008090,6,6
E01008091,11,8
E01008092,12,8
E01008093,6,6
E01008094,11,8
E01008095,8,8
E01008096,8,7
E01008097,9,7
E01008098,9,7
E01008099,8,8
E01008100,7,7
E01008101,9,7
E01008102,6,6
E01008103,5,6
E01008104,11,8
E01008105,6,6
E01008107,3,6
E01008108,4,7
E01008109,6,7
E01008111,6,6
E01008112,7,7
E01008113,8,7
E01008114,6,8
E01008115,7,8
E01008116,13,8
E01008117,15,8
E01008118,9,7
E01008119,15,9
E01008122,8,7
E01008123,5,6
E01008124,8,7
E01008125,17,8
E01008126,10,7
E01008128,25,11
E01008129,16,9
E01008130,14,9
E01008131,13,7
E01008132,7,7
E01008133,8,6
E01008134,10,7
E01008135,6,6
E01008136,16,10
E01008137,8,7
E01008138,10,7
E01008139,12,8
E01008140,6,7
E01008141,10,7
E01008142,11,7
E01008143,7,6
E01008144,5,6
E01008145,11,7
E01008146,15,8
E01008147,18,8
E01008148,15,7
E01008149,14,9
E01008150,9,7
E01008151,6,6
E01008152,13,8
E01008153,6,6
E01008154,6,6
E01008155,4,6
E01008156,11,7
E01008157,6,7
E01008158,13,8
E01008159,10,7
E01008160,8,7
E01008161,7,7
E01008162,12,9
E01008163,7,7
E01008164,14,8
E01008165,14,8
E01008166,6,7
E01008167,5,6
E01008168,6,7
E01008169,3,6
E01008170,3,6
E01008171,4,6
E01008172,14,9
E01008173,11,8
E01008174,11,8
E01008175,9,7
E01008176,12,8
E01008177,5,6
E01008178,7,6
E01008179,11,8
E01008180,8,7
E01008181,9,7
E01008182,11,7
E01008183,14,9
E01008184,7,7
E01008185,11,7
E01008186,5,6
E01008187,9,7
E01008188,11,7
E01008189,13,9
E01008190,14,9
E01008191,14,8
E01008192,11,8
E01008193,11,7
E01008194,14,8
E01008195,16,9
E01008196,14,10
E01008197,12,8
E01008198,8,7
E01008199,5,6
E01008200,14,8
E01008201,10,7
E01008202,12,8
E01008203,11,7
E01008204,14,8
E01008205,12,7
E01008206,12,8
E01008207,14,9
E01008208,12,7
E01008209,8,7
E01008210,4,6
E01008211,7,7
E01008212,7,7
E01008213,6,7
E01008214,17,9
E01008215,9,7
E01008216,6,6
E01008217,9,7
E01008218,5,6
E01008219,7,7
E01008220,9,8
E01008221,6,7
E01008222,14,8
E01008223,11,8
E01008224,14,9
E01008225,9,7
E01008226,25,13
E01008227,11,9
E01008228,11,7
E01008229,13,8
E01008230,13,8
E01008231,10,7
E01008232,14,8
E01008233,16,9
E01008234,8,7
E01008235,8,7
E01008236,7,6
E01008237,7,7
E01008238,3,6
E01008239,5,6
E01008240,11,8
E01008241,11,7
E01008242,6,6
E01008243,8,7
E01008244,5,6
E01008245,10,7
E01008246,13,7
E01008247,9,7
E01008248,15,8
E01008249,8,7
E01008250,5,6
E01008251,9,7
E01008252,6,6
E01008253,7,6
E01008254,7,6
E01008255,10,7
E01008256,15,10
E01008257,8,7
E01008258,6,7
E01008259,9,8
E01008260,14,8
E01008261,15,10
E01008262,12,8
E01008263,9,8
E01008264,10,8
E01008265,11,9
E01008266,10,8
E01008267,8,7
E01008268,13,8
E01008269,13,8
E01008270,13,8
E01008271,15,9
E01008272,9,7
E01008273,9,7
E01008274,6,6
E01008275,13,9
E01008276,12,8
E01008277,8,7
E01008278,14,8
E01008279,11,7
E01008280,5,6
E01008281,8,6
E01008282,11,7
E01008283,18,9
E01008284,13,8
E01008285,12,8
E01008286,17,8
E01008287,11,8
E01008288,9,7
E01008289,10,7
E01008290,6,6
E01008291,4,6
E01008292,11,7
E01008293,18,10
E01008294,17,10
E01008295,16,10
E01008296,16,9
E01008297,14,9
E01008298,15,9
E01008299,13,8
E01008300,13,8
E01008301,12,8
E01008302,12,8
E01008303,4,6
E01008304,7,7
E01008305,10,8
E01008306,19,13
E01008307,12,8
E01008308,13,9
E01008309,4,6
E01008311,18,10
E01008312,16,11
E01008313,15,10
E01008314,12,8
E01008315,14,8
E01008316,12,7
E01008317,14,9
E01008318,11,8
E01008319,16,9
E01008320,4,6
E01008321,14,8
E01008322,13,8
E01008323,9,7
E01008324,10,7
E01008325,8,7
E01008326,11,7
E01008327,12,8
E01008328,9,7
E01008329,11,7
E01008330,11,8
E01008331,4,6
E01008332,6,6
E01008333,5,6
E01008334,6,6
E01008335,7,6
E01008336,7,7
E01008337,6,7
E01008338,7,7
E01008339,16,8
E01008340,11,7
E01008341,10,7
E01008342,13,8
E01008343,11,7
E01008344,8,6
E01008345,7,6
E01008346,6,6
E01008347,9,7
E01008348,10,7
E01008349,5,7
E01008350,11,7
E01008351,12,8
E01008352,9,7
E01008353,11,7
E01008354,7,6
E01008355,2,6
E01008356,13,8
E01008357,8,7
E01008358,5,6
E01008359,9,7
E01008360,8,6
E01008361,7,6
E01008362,8,6
E01008363,8,7
E01008364,2,6
E01008365,6,6
E01008366,9,7
E01008367,6,6
E01008368,5,6
E01008369,6,6
E01008370,8,7
E01008371,9,7
E01008372,6,6
E01008373,6,6
E01008374,15,9
E01008375,19,9
E01008376,16,9
E01008377,17,10
E01008378,16,8
E01008379,18,10
E01008380,14,9
E01008381,15,9
E01008382,16,10
E01008383,18,10
E01008384,15,10
E01008385,15,9
E01008386,13,9
E01008387,18,10
E01008388,13,7
E01008389,7,6
E01008390,7,6
E01008391,16,8
E01008392,13,7
E01008394,14,8
E01008395,12,8
E01008396,6,6
E01008397,5,7
E01008398,7,7
E01008399,8,7
E01008400,4,6
E01008401,8,7
E01008402,14,9
E01008403,8,7
E01008404,7,7
E01008405,12,8
E01008406,12,8
E01008407,11,7
E01008409,12,8
E01008410,11,7
E01008411,12,8
E01008412,7,6
E01008413,6,6
E01008415,10,7
E01008416,6,6
E01008418,8,6
E01008419,5,6
E01008420,5,6
E01008421,13,7
E01008422,9,7
E01008423,9,7
E01008424,12,8
E01008425,6,7
E01008426,10,7
E01008427,8,7
E01008428,8,7
E01008429,7,8
E01008430,10,8
E01008431,11,8
E01008432,13,8
E01008433,9,7
E01008434,8,7
E01008435,11,7
E01008436,10,7
E01008437,8,7
E01008438,6,6
E01008439,5,6
E01008441,11,8
E01008442,9,8
E01008443,12,9
E01008444,12,9
E01008445,6,6
E01008446,9,9
E01008447,5,6
E01008448,15,9
E01008449,4,6
E01008450,5,6
E01008451,9,7
E01008452,10,7
E01008453,9,7
E01008455,7,6
E01008456,8,8
E01008457,11,8
E01008458,18,10
E01008459,15,9
E01008460,13,9
E01008461,16,9
E01008462,18,9
E01008463,19,10
E01008464,19,9
E01008465,18,8
E01008466,17,11
E01008467,17,10
E01008468,17,9
E01008469,7,6
E01008470,5,6
E01008471,10,7
E01008472,11,7
E01008473,10,7
E01008474,7,6
E01008475,12,7
E01008476,16,10
E01008477,12,8
E01008478,16,10
E01008479,11,7
E01008480,15,9
E01008481,13,7
E01008482,10,7
E01008483,5,6
E01008484,6,6
E01008485,13,7
E01008486,13,7
E01008487,16,9
E01008488,17,11
E01008489,17,10
E01008490,19,9
E01008491,17,10
E01008492,17,8
E01008493,16,9
E01008494,16,9
E01008495,14,8
E01008496,10,7
E01008497,13,8
E01008498,15,9
E01008499,11,8
E01008500,13,8
E01008501,19,10
E01008502,14,8
E01008503,16,9
E01008504,9,7
E01008505,11,7
E01008506,8,7
E01008507,11,8
E01008508,10,7
E01008509,11,7
E01008510,7,6
E01008511,7,6
E01008512,12,8
E01008513,9,7
E01008514,8,7
E01008516,15,9
E01008517,12,7
E01008518,14,8
E01008519,9,8
E01008520,6,6
E01008521,9,7
E01008522,6,6
E01008523,10,7
E01008524,7,7
E01008525,12,7
E01008526,14,8
E01008527,11,7
E01008528,8,6
E01008529,7,6
E01008530,5,6
E01008531,16,10
E01008532,16,9
E01008533,13,8
E01008534,15,9
E01008535,9,7
E01008536,5,6
E01008537,5,6
E01008538,20,10
E01008539,16,9
E01008540,8,7
E01008541,8,8
E01008542,7,6
E01008543,9,7
E01008544,9,7
E01008545,14,8
E01008546,13,7
E01008547,10,8
E01008548,9,8
E01008549,13,8
E01008550,4,6
E01008551,17,8
E01008552,9,8
E01008553,7,6
E01008554,10,7
E01008555,12,8
E01008556,14,8
E01008557,20,10
E01008558,15,8
E01008559,12,7
E01008560,16,9
E01008561,13,7
E01008562,19,9
E01008563,17,9
E01008564,12,8
E01008565,14,9
E01008567,6,7
E01008568,11,8
E01008569,12,8
E01008570,18,9
E01008571,13,7
E01008572,7,7
E01008573,5,6
E01008574,8,6
E01008575,5,6
E01008576,16,8
E01008577,6,7
E01008578,15,10
E01008579,5,7
E01008580,12,8
E01008581,8,8
E01008582,15,8
E01008583,16,10
E01008584,6,6
E01008585,5,6
E01008586,3,6
E01008587,7,6
E01008588,4,6
E01008589,11,7
E01008590,3,6
E01008591,4,6
E01008592,7,6
E01008593,8,7
E01008594,9,7
E01008595,9,7
E01008596,16,9
E01008597,14,8
E01008598,17,9
E01008599,18,9
E01008600,13,8
E01008601,17,9
E01008602,17,9
E01008603,18,9
E01008604,6,7
E01008605,19,8
E01008606,17,9
E01008607,17,9
E01008608,16,8
E01008609,15,8
E01008610,9,7
E01008611,11,7
E01008612,14,8
E01008613,5,6
E01008614,15,8
E01008615,13,8
E01008616,18,11
E01008617,15,9
E01008618,22,10
E01008619,18,10
E01008620,18,11
E01008621,21,11
E01008622,15,8
E01008624,15,9
E01008625,14,9
E01008627,18,12
E01008628,15,10
E01008629,16,11
E01008630,17,10
E01008631,15,10
E01008632,14,9
E01008633,11,8
E01008634,10,7
E01008635,12,7
E01008636,6,7
E01008637,11,7
E01008638,13,8
E01008639,12,7
E01008640,8,7
E01008641,7,6
E01008642,9,7
E01008643,14,8
E01008644,14,9
E01008645,16,9
E01008646,15,8
E01008647,11,8
E01008648,11,7
E01008649,10,7
E01008650,8,7
E01008651,7,7
E01008652,8,7
E01008653,10,7
E01008654,4,6
E01008655,5,6
E01008656,13,8
E01008657,9,7
E01008658,17,10
E01008659,12,9
E01008660,4,6
E01008661,7,7
E01008662,12,8
E01008663,11,8
E01008664,5,6
E01008665,9,7
E01008666,6,7
E01008667,12,8
E01008668,4,6
E01008669,9,7
E01008670,10,7
E01008671,8,7
E01008672,6,6
E01008673,7,6
E01008674,11,7
E01008675,6,6
E01008676,6,6
E01008677,6,6
E01008678,4,6
E01008679,8,6
E01008680,11,7
E01008681,9,7
E01008682,10,8
E01008683,4,6
E01008684,13,8
E01008685,12,7
E01008686,10,7
E01008687,7,6
E01008688,14,8
E01008689,14,9
E01008690,14,9
E01008691,17,9
E01008692,13,8
E01008693,11,8
E01008694,14,9
E01008695,13,9
E01008696,9,7
E01008697,8,7
E01008698,15,10
E01008699,13,9
E01008700,6,6
E01008701,3,6
E01008702,7,7
E01008703,7,6
E01008704,7,6
E01008705,5,6
E01008706,7,6
E01008707,7,6
E01008708,12,7
E01008709,9,7
E01008711,10,7
E01008712,12,8
E01008713,13,7
E01008714,12,8
E01008715,8,7
E01008716,15,8
E01008717,12,8
E01008718,8,7
E01008719,4,6
E01008720,10,8
E01008721,12,8
E01008722,7,6
E01008723,15,8
E01008724,13,7
E01008725,10,7
E01008726,6,6
E01008727,7,6
E01008728,9,6
E01008729,16,9
E01008730,15,7
E01008731,14,8
E01008732,14,8
E01008733,17,9
E01008734,19,10
E01008735,6,6
E01008736,3,6
E01008737,3,6
E01008738,6,6
E01008739,10,7
E01008740,10,7
E01008741,12,8
E01008742,10,7
E01008743,16,10
E01008744,16,9
E01008745,16,10
E01008746,14,8
E01008747,18,9
E01008748,14,10
E01008749,11,8
E01008750,16,9
E01008751,11,7
E01008752,15,10
E01008753,7,7
E01008754,6,7
E01008755,15,10
E01008756,10,7
E01008757,5,6
E01008758,12,8
E01008759,8,6
E01008760,9,6
E01008761,11,7
E01008762,8,7
E01008763,10,7
E01008764,8,7
E01008765,16,9
E01008766,10,8
E01008767,13,8
E01008768,13,7
E01008769,6,6
E01008770,16,10
E01008771,16,10
E01008772,14,9
E01008773,14,8
E01008774,16,9
E01008775,17,10
E01008776,10,8
E01008777,11,8
E01008778,13,8
E01008779,13,8
E01008780,16,9
E01008781,12,8
E01008782,14,9
E01008783,15,8
E01008784,15,8
E01008785,15,9
E01008786,13,7
E01008787,8,7
E01008788,11,7
E01008789,12,7
E01008790,13,7
E01008791,5,6
E01008792,14,7
E01008793,4,6
E01008795,6,7
E01008796,6,6
E01008797,12,8
E01008799,11,8
E01008800,13,8
E01008801,11,8
E01008802,10,7
E01008803,11,7
E01008804,14,8
E01008805,10,7
E01008808,15,9
E01008809,13,8
E01008810,13,8
E01008811,6,6
E01008812,15,8
E01008813,14,8
E01008814,6,6
E01008817,11,7
E01008819,4,7
E01008820,8,7
E01008821,12,8
E01008822,6,7
E01008823,16,9
E01008824,13,8
E01008825,5,7
E01008826,11,8
E01008827,4,7
E01008828,8,8
E01008829,8,8
E01008830,10,7
E01008831,6,6
E01008832,5,6
E01008833,5,6
E01008834,6,6
E01008835,11,7
E01008836,4,6
E01008837,18,10
E01008838,18,10
E01008839,15,9
E01008840,17,11
E01008841,16,9
E01008842,11,8
E01008843,14,9
E01008844,13,9
E01008845,18,10
E01008846,17,10
E01008847,17,11
E01008848,14,9
E01008849,7,8
E01008850,20,11
E01008851,17,10
E01008852,15,9
E01008853,9,7
E01008854,12,8
E01008855,17,9
E01008856,12,8
E01008857,10,7
E01008858,5,7
E01008859,14,9
E01008860,7,6
E01008861,14,8
E01008862,17,10
E01008863,8,7
E01008864,8,8
E01008865,6,7
E01008866,7,7
E01008867,18,9
E01008868,18,11
E01008869,18,10
E01008870,14,9
E01008871,15,9
E01008872,12,10
E01008873,17,9
E01008874,15,10
E01008875,14,9
E01008876,13,8
E01008877,13,10
E01008878,14,8
E01008879,11,7
E01008880,12,8
E01008881,11,7
E01008882,11,7
E01008883,6,6
E01008884,6,7
E01008885,6,8
E01008886,7,7
E01008887,9,7
E01008888,8,8
E01008889,7,7
E01008890,12,8
E01008891,12,7
E01008892,12,8
E01008893,12,8
E01008894,7,7
E01008895,11,7
E01008896,11,7
E01008897,14,8
E01008898,13,8
E01008899,9,7
E01008901,3,6
E01008905,3,6
E01008906,4,6
E01008907,7,6
E01008909,4,7
E01008910,5,7
E01008911,7,8
E01008913,10,8
E01008914,9,7
E01008915,16,8
E01008916,12,7
E01008917,11,7
E01008918,4,6
E01008919,10,8
E01008920,6,6
E01008921,14,8
E01008923,6,6
E01008924,13,8
E01008925,12,7
E01008927,12,7
E01008928,10,7
E01008929,13,8
E01008930,7,7
E01008931,7,7
E01008932,6,7
E01008933,10,7
E01008934,12,7
E01008935,10,7
E01008936,13,8
E01008937,9,7
E01008938,11,7
E01008939,10,7
E01008940,8,7
E01008941,7,7
E01008942,8,7
E01008943,8,7
E01008944,11,8
E01008945,7,7
E01008946,7,6
E01008947,6,6
E01008948,10,7
E01008949,14,7
E01008950,14,8
E01008951,11,7
E01008952,13,8
E01008953,9,7
E01008954,13,8
E01008955,15,8
E01008956,13,7
E01008957,12,7
E01008958,11,7
E01008959,8,7
E01008960,8,7
E01008961,4,6
E01008962,7,7
E01008963,9,6
E01008964,6,6
E01008965,7,6
E01008966,6,6
E01008967,11,7
E01008968,9,7
E01008969,15,8
E01008970,10,7
E01008971,12,7
E01008972,12,8
E01008973,13,8
E01008974,14,8
E01008975,9,7
E01008976,6,7
E01008977,10,7
E01008978,5,6
E01008979,6,8
E01008980,4,6
E01008981,6,7
E01008982,13,8
E01008984,11,7
E01008986,10,7
E01008987,4,6
E01008988,7,7
E01008989,10,7
E01008990,12,9
E01008991,13,8
E01008992,9,8
E01008994,9,9
E01008995,4,7
E01008996,6,7
E01008997,10,9
E01008998,13,7
E01008999,10,7
E01009000,10,7
E01009001,13,8
E01009002,16,9
E01009003,5,6
E01009005,12,8
E01009006,14,8
E01009007,12,7
E01009008,9,7
E01009009,12,8
E01009011,12,7
E01009012,12,7
E01009013,10,8
E01009014,11,8
E01009015,6,7
E01009016,13,8
E01009017,8,7
E01009018,11,7
E01009019,9,7
E01009020,9,7
E01009021,9,7
E01009022,15,8
E01009023,17,8
E01009024,11,7
E01009025,6,6
E01009026,14,8
E01009028,12,8
E01009029,9,7
E01009030,14,8
E01009031,15,8
E01009032,16,8
E01009033,15,8
E01009034,16,8
E01009035,17,9
E01009036,14,8
E01009037,12,7
E01009039,13,8
E01009040,11,7
E01009041,9,7
E01009042,4,6
E01009043,5,6
E01009044,6,7
E01009045,7,7
E01009046,10,7
E01009047,3,6
E01009048,5,6
E01009049,10,7
E01009050,13,8
E01009051,12,7
E01009053,11,7
E01009054,12,7
E01009056,5,6
E01009057,7,6
E01009058,9,7
E01009059,7,6
E01009060,6,7
E01009061,6,6
E01009062,5,6
E01009064,16,10
E01009065,10,7
E01009066,10,7
E01009067,8,7
E01009068,6,7
E01009069,4,7
E01009070,13,8
E01009071,12,9
E01009072,9,8
E01009073,16,8
E01009074,15,9
E01009075,9,8
E01009077,15,10
E01009078,15,11
E01009079,11,7
E01009080,2,6
E01009081,8,7
E01009082,16,8
E01009083,4,6
E01009084,12,7
E01009085,15,8
E01009086,13,8
E01009087,4,6
E01009088,7,7
E01009089,9,7
E01009090,12,8
E01009091,8,7
E01009092,8,7
E01009093,6,6
E01009094,6,6
E01009095,11,7
E01009096,11,8
E01009097,11,7
E01009098,7,7
E01009099,7,7
E01009100,7,7
E01009101,5,7
E01009102,12,7
E01009103,7,6
E01009104,10,7
E01009105,13,8
E01009106,14,8
E01009107,10,8
E01009108,11,7
E01009109,12,9
E01009110,13,8
E01009111,10,7
E01009112,6,6
E01009113,5,7
E01009114,8,8
E01009115,7,8
E01009116,7,7
E01009117,13,7
E01009118,10,7
E01009119,10,7
E01009120,10,8
E01009121,4,6
E01009122,6,6
E01009123,11,8
E01009124,11,9
E01009125,14,8
E01009126,11,7
E01009127,11,8
E01009128,10,7
E01009129,10,7
E01009130,10,7
E01009131,11,7
E01009132,4,7
E01009133,7,6
E01009134,8,7
E01009135,10,7
E01009136,7,7
E01009137,7,7
E01009138,8,7
E01009139,10,7
E01009140,6,6
E01009141,5,7
E01009143,6,7
E01009145,7,6
E01009146,6,6
E01009147,4,6
E01009151,6,6
E01009152,3,6
E01009153,8,7
E01009155,12,7
E01009157,9,7
E01009158,7,7
E01009159,10,7
E01009160,12,7
E01009161,13,8
E01009162,15,9
E01009163,14,8
E01009164,5,6
E01009165,16,9
E01009166,13,8
E01009167,9,7
E01009168,11,7
E01009169,14,8
E01009170,7,7
E01009171,11,8
E01009172,11,7
E01009173,12,7
E01009174,9,7
E01009175,9,7
E01009176,10,7
E01009177,9,7
E01009178,6,7
E01009179,9,7
E01009182,5,6
E01009183,12,8
E01009184,6,7
E01009185,9,7
E01009186,11,7
E01009187,9,7
E01009188,6,6
E01009189,7,7
E01009192,6,6
E01009194,5,6
E01009195,8,7
E01009197,10,7
E01009198,7,7
E01009199,10,8
E01009200,12,8
E01009201,3,6
E01009202,8,7
E01009203,5,6
E01009204,11,8
E01009205,6,7
E01009206,7,7
E01009207,13,8
E01009208,16,8
E01009209,12,7
E01009210,7,6
E01009211,11,7
E01009212,7,7
E01009213,16,8
E01009214,7,7
E01009215,11,8
E01009216,8,7
E01009217,12,7
E01009218,7,6
E01009219,8,7
E01009220,7,6
E01009221,10,7
E01009222,6,6
E01009223,11,8
E01009224,6,6
E01009225,10,7
E01009226,12,7
E01009227,10,7
E01009228,9,7
E01009229,11,8
E01009230,11,7
E01009231,13,7
E01009232,14,8
E01009233,10,7
E01009234,11,9
E01009235,15,10
E01009236,13,8
E01009237,14,10
E01009238,9,8
E01009239,9,8
E01009240,13,9
E01009241,8,8
E01009242,7,8
E01009243,11,8
E01009244,17,8
E01009245,10,8
E01009246,13,9
E01009247,13,8
E01009248,17,9
E01009249,9,7
E01009250,13,8
E01009251,8,7
E01009252,12,8
E01009253,13,8
E01009254,9,7
E01009255,12,8
E01009256,10,7
E01009257,12,8
E01009258,15,9
E01009259,14,9
E01009260,13,8
E01009261,13,8
E01009262,7,7
E01009263,5,6
E01009264,9,7
E01009265,6,6
E01009266,11,7
E01009267,11,7
E01009268,13,7
E01009269,13,8
E01009270,10,7
E01009271,12,7
E01009272,16,8
E01009273,9,7
E01009274,6,6
E01009275,5,6
E01009276,19,10
E01009278,9,7
E01009279,16,8
E01009280,9,7
E01009281,8,7
E01009282,13,7
E01009283,6,7
E01009284,7,7
E01009286,8,7
E01009288,7,6
E01009289,9,7
E01009290,12,7
E01009291,11,7
E01009292,11,7
E01009293,11,7
E01009294,9,7
E01009295,8,7
E01009296,7,6
E01009297,13,8
E01009298,11,7
E01009299,12,8
E01009300,14,8
E01009301,11,8
E01009302,13,8
E01009303,15,8
E01009304,9,7
E01009305,7,7
E01009306,8,7
E01009307,5,6
E01009308,12,8
E01009309,4,6
E01009310,12,7
E01009311,4,6
E01009312,11,7
E01009313,7,7
E01009314,5,6
E01009315,6,6
E01009316,10,7
E01009317,10,7
E01009318,10,7
E01009319,6,7
E01009320,6,7
E01009321,8,7
E01009322,4,6
E01009323,7,7
E01009324,6,6
E01009325,13,8
E01009326,12,8
E01009327,8,7
E01009328,4,6
E01009329,5,6
E01009331,6,6
E01009332,4,6
E01009333,4,6
E01009334,5,6
E01009335,5,6
E01009337,3,6
E01009338,7,7
E01009339,6,6
E01009340,12,8
E01009341,10,7
E01009342,4,7
E01009343,5,7
E01009344,4,6
E01009345,6,6
E01009346,4,6
E01009347,10,7
E01009348,13,8
E01009349,9,6
E01009350,9,7
E01009351,6,6
E01009352,8,7
E01009353,7,6
E01009354,4,6
E01009355,4,6
E01009358,9,7
E01009359,7,6
E01009360,13,8
E01009361,12,7
E01009362,2,6
E01009363,6,6
E01009364,7,7
E01009365,6,7
E01009366,9,7
E01009367,9,7
E01009368,5,6
E01009371,5,6
E01009372,3,6
E01009373,2,6
E01009374,5,6
E01009375,9,7
E01009376,5,6
E01009377,6,6
E01009378,12,8
E01009379,8,7
E01009380,4,6
E01009382,5,8
E01009383,6,7
E01009384,9,7
E01009385,6,7
E01009389,8,8
E01009390,8,7
E01009391,7,7
E01009392,8,7
E01009393,5,7
E01009394,8,7
E01009395,5,6
E01009396,4,6
E01009397,4,6
E01009399,4,6
E01009400,14,8
E01009401,13,8
E01009403,13,8
E01009404,13,8
E01009405,15,8
E01009406,12,7
E01009407,14,8
E01009408,6,7
E01009409,11,7
E01009410,9,8
E01009411,17,9
E01009412,10,7
E01009413,14,8
E01009414,15,8
E01009415,27,12
E01009416,26,9
E01009417,25,12
E01009418,27,12
E01009419,28,13
E01009420,28,9
E01009421,22,11
E01009422,23,12
E01009423,25,10
E01009424,16,8
E01009425,24,11
E01009426,20,8
E01009427,20,9
E01009428,11,7
E01009429,22,9
E01009430,20,9
E01009431,21,10
E01009432,16,9
E01009433,26,14
E01009434,16,10
E01009435,15,10
E01009436,11,9
E01009437,8,8
E01009438,14,9
E01009439,9,7
E01009440,9,9
E01009441,15,10
E01009442,15,8
E01009443,13,9
E01009444,11,7
E01009445,17,9
E01009446,16,8
E01009447,16,9
E01009448,16,10
E01009449,8,8
E01009450,19,11
E01009451,7,7
E01009452,17,10
E01009453,7,6
E01009454,18,9
E01009455,15,10
E01009456,17,9
E01009457,15,8
E01009458,16,9
E01009459,12,8
E01009460,11,8
E01009461,12,8
E01009462,7,7
E01009463,7,6
E01009464,14,8
E01009465,13,8
E01009466,15,9
E01009467,14,7
E01009468,14,8
E01009469,18,8
E01009470,20,9
E01009471,11,8
E01009472,16,8
E01009473,13,8
E01009474,17,9
E01009475,10,7
E01009476,7,6
E01009477,10,7
E01009478,7,7
E01009479,8,7
E01009480,10,7
E01009481,6,7
E01009482,3,6
E01009483,2,6
E01009484,7,6
E01009485,7,6
E01009486,5,6
E01009487,5,6
E01009488,9,7
E01009489,4,6
E01009490,10,7
E01009491,5,6
E01009492,5,6
E01009493,15,9
E01009494,8,7
E01009495,9,7
E01009496,9,7
E01009497,12,8
E01009498,8,7
E01009499,5,6
E01009500,14,8
E01009501,6,6
E01009502,9,7
E01009503,7,7
E01009504,12,8
E01009505,9,7
E01009506,14,8
E01009507,10,7
E01009508,11,7
E01009509,9,7
E01009510,11,7
E01009511,11,7
E01009512,12,7
E01009513,5,6
E01009514,13,8
E01009515,11,7
E01009516,14,8
E01009517,7,7
E01009518,13,8
E01009519,8,7
E01009520,11,7
E01009521,9,7
E01009522,9,7
E01009523,18,9
E01009524,6,6
E01009525,7,6
E01009526,13,7
E01009527,9,6
E01009528,11,7
E01009529,11,7
E01009530,11,7
E01009531,5,6
E01009532,6,6
E01009535,9,8
E01009536,9,7
E01009537,10,7
E01009538,11,7
E01009539,6,7
E01009540,4,6
E01009541,10,7
E01009542,5,6
E01009543,16,8
E01009544,11,8
E01009548,13,8
E01009549,9,7
E01009550,10,8
E01009552,6,7
E01009553,5,6
E01009554,5,6
E01009555,12,8
E01009556,6,6
E01009557,14,8
E01009558,8,7
E01009559,9,7
E01009560,5,6
E01009561,15,8
E01009562,13,8
E01009563,14,7
E01009564,12,8
E01009565,5,6
E01009566,7,7
E01009567,5,6
E01009568,5,6
E01009569,7,6
E01009570,3,6
E01009571,5,6
E01009572,10,7
E01009573,4,6
E01009574,6,6
E01009575,13,8
E01009576,7,6
E01009577,6,6
E01009578,6,6
E01009579,6,6
E01009580,9,7
E01009581,7,6
E01009582,11,7
E01009583,9,7
E01009584,13,8
E01009585,10,7
E01009586,10,7
E01009587,8,7
E01009588,7,7
E01009589,11,7
E01009590,16,9
E01009591,9,7
E01009592,12,7
E01009593,8,6
E01009594,11,7
E01009596,10,7
E01009597,8,6
E01009598,13,7
E01009599,9,7
E01009604,15,9
E01009605,15,8
E01009606,17,8
E01009607,10,7
E01009608,16,8
E01009609,15,9
E01009610,15,8
E01009611,7,7
E01009612,5,7
E01009613,9,6
E01009614,10,7
E01009615,5,6
E01009616,10,7
E01009617,7,6
E01009618,5,6
E01009619,7,7
E01009620,8,7
E01009621,4,6
E01009622,7,6
E01009623,6,6
E01009624,4,6
E01009625,8,7
E01009626,7,7
E01009627,4,6
E01009628,3,6
E01009629,11,7
E01009630,7,7
E01009631,8,7
E01009632,8,8
E01009633,5,6
E01009634,8,7
E01009635,6,7
E01009636,9,7
E01009637,11,8
E01009638,8,7
E01009639,12,7
E01009640,12,7
E01009641,11,8
E01009642,8,8
E01009643,12,8
E01009644,13,8
E01009645,12,7
E01009646,11,7
E01009647,9,7
E01009648,13,8
E01009649,10,8
E01009650,9,8
E01009651,7,7
E01009652,13,8
E01009653,13,8
E01009654,4,6
E01009655,12,7
E01009656,10,7
E01009657,5,6
E01009658,7,6
E01009659,4,6
E01009660,6,6
E01009661,5,6
E01009662,16,8
E01009663,13,8
E01009664,13,7
E01009665,19,10
E01009666,9,7
E01009667,11,7
E01009668,6,6
E01009669,10,8
E01009670,9,6
E01009671,22,10
E01009672,14,8
E01009674,13,8
E01009676,9,6
E01009679,6,6
E01009681,8,7
E01009682,8,7
E01009683,6,6
E01009684,8,7
E01009685,11,7
E01009686,10,7
E01009687,12,8
E01009688,8,7
E01009689,6,6
E01009690,3,6
E01009691,5,6
E01009692,12,8
E01009693,9,7
E01009694,7,6
E01009695,12,8
E01009696,11,7
E01009697,12,8
E01009698,7,7
E01009699,7,7
E01009700,6,7
E01009701,10,7
E01009702,7,7
E01009703,14,9
E01009704,13,8
E01009705,11,8
E01009706,15,9
E01009707,13,8
E01009708,12,7
E01009709,5,6
E01009710,12,8
E01009711,7,6
E01009712,7,7
E01009713,6,6
E01009714,5,6
E01009715,12,8
E01009716,8,6
E01009717,13,8
E01009718,11,7
E01009719,13,8
E01009720,9,7
E01009721,8,7
E01009722,11,7
E01009723,3,6
E01009724,6,7
E01009725,8,7
E01009726,11,8
E01009727,11,7
E01009728,12,8
E01009729,9,8
E01009730,12,8
E01009731,14,9
E01009732,6,7
E01009733,7,7
E01009734,10,7
E01009735,16,9
E01009736,7,7
E01009737,8,7
E01009738,8,7
E01009739,7,7
E01009740,17,8
E01009741,9,7
E01009742,16,9
E01009743,14,8
E01009744,8,7
E01009745,15,9
E01009746,8,7
E01009747,13,7
E01009748,9,7
E01009749,9,7
E01009750,11,7
E01009751,4,6
E01009752,12,8
E01009753,13,8
E01009754,14,8
E01009756,14,8
E01009757,15,8
E01009758,6,6
E01009759,15,9
E01009760,10,7
E01009762,11,7
E01009763,13,7
E01009764,9,7
E01009765,10,7
E01009766,9,7
E01009767,11,7
E01009768,8,7
E01009769,8,7
E01009770,11,7
E01009771,5,6
E01009772,7,7
E01009773,8,6
E01009774,9,7
E01009775,12,7
E01009776,10,7
E01009777,11,8
E01009778,7,6
E01009779,6,6
E01009780,10,7
E01009781,10,7
E01009782,14,8
E01009783,9,7
E01009784,10,7
E01009785,8,7
E01009786,5,6
E01009787,6,6
E01009788,6,6
E01009789,7,7
E01009790,5,6
E01009791,10,7
E01009792,10,7
E01009793,6,7
E01009794,12,8
E01009795,5,7
E01009796,8,7
E01009797,10,8
E01009798,7,7
E01009799,5,6
E01009800,4,7
E01009801,9,8
E01009802,10,9
E01009803,13,9
E01009804,15,10
E01009805,9,8
E01009806,8,7
E01009807,5,7
E01009808,13,8
E01009809,9,7
E01009810,8,7
E01009811,13,8
E01009812,16,9
E01009813,7,7
E01009814,18,9
E01009815,16,8
E01009816,13,9
E01009817,13,8
E01009818,14,9
E01009819,16,9
E01009820,6,7
E01009821,12,8
E01009822,5,7
E01009823,15,8
E01009824,5,7
E01009825,10,7
E01009826,15,8
E01009827,13,9
E01009828,10,7
E01009829,10,7
E01009830,13,8
E01009831,7,7
E01009832,7,7
E01009833,6,7
E01009834,12,7
E01009835,11,7
E01009836,4,6
E01009837,5,6
E01009838,10,7
E01009839,8,8
E01009840,11,7
E01009841,12,7
E01009842,9,7
E01009843,8,8
E01009844,9,8
E01009845,21,10
E01009846,26,11
E01009847,21,9
E01009848,18,9
E01009849,22,10
E01009850,20,10
E01009851,22,10
E01009852,24,11
E01009853,12,8
E01009854,15,9
E01009855,18,9
E01009856,15,9
E01009857,13,8
E01009858,16,9
E01009859,14,9
E01009860,11,7
E01009861,5,6
E01009862,10,7
E01009863,8,7
E01009864,10,7
E01009865,7,7
E01009866,5,6
E01009867,11,7
E01009868,11,7
E01009869,11,7
E01009870,15,8
E01009871,10,7
E01009872,7,7
E01009873,11,8
E01009874,13,9
E01009875,11,7
E01009876,13,8
E01009877,8,7
E01009878,8,6
E01009879,5,6
E01009880,10,7
E01009881,5,6
E01009882,8,7
E01009883,12,8
E01009884,15,9
E01009885,9,8
E01009886,12,8
E01009887,10,7
E01009888,11,7
E01009889,5,6
E01009890,14,8
E01009891,7,6
E01009892,6,8
E01009893,10,7
E01009894,11,8
E01009895,10,7
E01009896,11,7
E01009897,14,8
E01009898,6,7
E01009899,16,8
E01009900,17,8
E01009901,8,6
E01009902,7,6
E01009903,16,8
E01009904,14,8
E01009905,10,7
E01009906,8,7
E01009907,11,8
E01009908,15,9
E01009909,13,9
E01009910,18,9
E01009911,5,6
E01009912,11,8
E01009913,5,6
E01009914,14,8
E01009915,10,8
E01009916,5,7
E01009917,11,8
E01009918,12,9
E01009919,12,8
E01009920,13,9
E01009921,3,6
E01009922,11,7
E01009923,12,7
E01009924,6,6
E01009925,13,7
E01009926,5,6
E01009927,7,6
E01009928,6,6
E01009929,9,7
E01009930,15,8
E01009931,9,7
E01009932,3,6
E01009933,9,8
E01009934,12,8
E01009935,12,8
E01009936,16,9
E01009937,9,7
E01009938,13,8
E01009939,7,7
E01009940,8,7
E01009941,6,6
E01009942,8,7
E01009943,10,7
E01009944,9,7
E01009946,12,8
E01009947,15,9
E01009948,11,8
E01009949,14,9
E01009950,5,6
E01009951,11,7
E01009952,7,7
E01009953,10,7
E01009954,6,6
E01009955,8,7
E01009956,7,7
E01009957,10,7
E01009958,10,7
E01009959,16,9
E01009960,7,6
E01009961,12,7
E01009962,5,6
E01009963,7,6
E01009964,11,7
E01009965,9,7
E01009966,10,7
E01009967,14,8
E01009968,8,7
E01009969,20,10
E01009970,16,9
E01009971,19,10
E01009972,16,11
E01009973,19,9
E01009974,7,7
E01009975,7,7
E01009976,15,8
E01009977,11,7
E01009978,9,7
E01009979,6,6
E01009980,12,7
E01009981,13,7
E01009982,12,7
E01009983,15,8
E01009985,9,7
E01009986,4,6
E01009987,9,7
E01009988,6,6
E01009989,6,6
E01009991,14,8
E01009992,16,8
E01009993,18,9
E01009994,6,7
E01009995,12,7
E01009996,9,7
E01009997,16,8
E01009998,10,7
E01009999,14,9
E01010000,10,7
E01010001,12,8
E01010002,10,7
E01010003,10,7
E01010004,13,8
E01010005,10,7
E01010006,5,7
E01010007,16,9
E01010008,14,8
E01010009,14,9
E01010010,17,9
E01010011,7,7
E01010012,5,7
E01010013,12,9
E01010014,11,9
E01010015,14,8
E01010016,7,6
E01010017,6,7
E01010018,14,9
E01010019,6,6
E01010020,6,6
E01010021,4,6
E01010022,7,7
E01010023,9,7
E01010024,11,7
E01010025,7,7
E01010026,12,7
E01010027,14,8
E01010028,4,6
E01010029,4,6
E01010030,9,7
E01010031,6,6
E01010032,10,7
E01010033,6,6
E01010034,15,9
E01010035,17,8
E01010036,12,7
E01010037,9,7
E01010038,7,7
E01010039,13,8
E01010040,10,7
E01010041,12,7
E01010042,9,7
E01010043,11,7
E01010044,12,7
E01010045,14,8
E01010046,5,6
E01010047,4,6
E01010048,7,6
E01010049,10,7
E01010050,9,7
E01010051,11,7
E01010052,8,7
E01010053,5,7
E01010054,7,7
E01010055,4,6
E01010056,11,7
E01010057,7,7
E01010058,10,7
E01010059,10,7
E01010060,5,6
E01010061,6,6
E01010062,6,7
E01010063,8,7
E01010064,4,6
E01010065,5,6
E01010066,7,6
E01010067,8,7
E01010068,9,7
E01010069,16,8
E01010070,10,8
E01010071,7,7
E01010072,8,6
E01010073,16,9
E01010074,11,8
E01010075,16,8
E01010076,9,7
E01010077,16,10
E01010078,15,9
E01010079,13,9
E01010080,6,7
E01010081,9,8
E01010082,16,9
E01010083,15,9
E01010084,15,10
E01010085,9,7
E01010086,13,8
E01010087,13,8
E01010088,13,8
E01010089,13,8
E01010090,9,7
E01010091,5,6
E01010092,7,7
E01010093,9,7
E01010094,5,7
E01010095,10,7
E01010096,7,7
E01010097,14,8
E01010098,12,8
E01010099,9,7
E01010100,9,7
E01010101,9,8
E01010102,7,7
E01010103,11,8
E01010104,15,8
E01010105,7,7
E01010106,7,6
E01010107,6,7
E01010108,14,7
E01010109,26,12
E01010110,22,9
E01010111,13,8
E01010112,16,8
E01010113,16,8
E01010114,21,10
E01010115,21,10
E01010116,21,10
E01010117,11,8
E01010118,5,6
E01010119,10,7
E01010120,6,6
E01010121,12,8
E01010122,12,8
E01010123,4,6
E01010124,12,7
E01010125,11,7
E01010126,8,8
E01010127,10,8
E01010128,8,7
E01010129,13,8
E01010130,4,6
E01010131,11,8
E01010132,14,8
E01010133,11,8
E01010134,8,8
E01010135,15,8
E01010136,14,8
E01010137,12,8
E01010138,12,8
E01010139,14,8
E01010140,8,8
E01010141,14,8
E01010142,3,7
E01010143,7,7
E01010144,6,6
E01010145,5,6
E01010146,5,7
E01010147,10,7
E01010148,8,7
E01010149,11,9
E01010150,14,8
E01010151,17,8
E01010152,12,8
E01010153,8,7
E01010154,21,10
E01010155,21,9
E01010156,19,9
E01010157,9,7
E01010158,5,6
E01010159,11,7
E01010160,6,7
E01010161,8,7
E01010162,10,7
E01010163,5,6
E01010164,19,11
E01010165,16,12
E01010166,21,9
E01010167,28,11
E01010168,14,8
E01010169,10,7
E01010170,14,8
E01010171,14,9
E01010172,13,8
E01010173,16,9
E01010174,6,6
E01010175,9,7
E01010176,12,8
E01010177,8,6
E01010178,5,7
E01010179,9,7
E01010180,15,10
E01010181,15,8
E01010183,21,11
E01010184,14,8
E01010185,11,8
E01010186,11,7
E01010187,17,8
E01010188,8,7
E01010189,19,10
E01010190,19,11
E01010191,20,11
E01010192,16,9
E01010193,23,12
E01010194,20,12
E01010195,17,10
E01010196,14,9
E01010197,21,10
E01010198,16,9
E01010199,17,11
E01010200,19,10
E01010201,17,10
E01010202,19,11
E01010203,16,9
E01010204,12,9
E01010205,10,9
E01010206,16,9
E01010207,22,11
E01010208,12,8
E01010209,17,9
E01010210,15,9
E01010211,7,7
E01010212,19,11
E01010213,13,8
E01010214,25,10
E01010215,23,10
E01010216,26,11
E01010217,18,9
E01010218,5,6
E01010219,14,8
E01010220,16,8
E01010221,16,9
E01010222,11,7
E01010223,16,8
E01010225,10,7
E01010226,9,7
E01010227,15,9
E01010228,16,10
E01010229,15,9
E01010230,9,8
E01010231,14,9
E01010232,15,9
E01010233,12,8
E01010234,5,7
E01010235,6,7
E01010236,8,7
E01010237,9,7
E01010238,13,8
E01010239,11,8
E01010240,14,8
E01010241,10,7
E01010242,16,8
E01010243,12,8
E01010244,13,8
E01010245,8,7
E01010246,16,9
E01010247,12,8
E01010248,15,9
E01010249,7,7
E01010250,14,9
E01010251,12,8
E01010252,12,8
E01010253,10,8
E01010254,6,7
E01010255,16,10
E01010256,12,7
E01010257,19,9
E01010258,6,7
E01010259,9,7
E01010260,6,6
E01010261,12,8
E01010262,8,7
E01010263,4,6
E01010264,8,7
E01010265,11,7
E01010266,11,8
E01010267,12,8
E01010268,3,6
E01010269,5,6
E01010270,11,7
E01010271,8,7
E01010272,10,7
E01010273,10,7
E01010274,7,7
E01010275,5,6
E01010277,8,7
E01010279,13,8
E01010282,7,7
E01010283,5,6
E01010284,11,7
E01010285,10,7
E01010286,10,7
E01010287,7,7
E01010288,7,7
E01010289,5,6
E01010290,4,6
E01010291,10,7
E01010292,10,7
E01010293,9,7
E01010294,11,7
E01010295,7,7
E01010296,17,8
E01010297,13,7
E01010298,10,7
E01010299,10,7
E01010300,5,6
E01010301,13,8
E01010302,13,9
E01010303,12,7
E01010304,14,9
E01010305,12,8
E01010306,8,7
E01010307,16,8
E01010308,12,8
E01010309,4,6
E01010310,10,7
E01010311,8,7
E01010312,9,7
E01010313,10,7
E01010314,4,6
E01010315,9,7
E01010316,5,6
E01010317,12,9
E01010318,8,7
E01010319,12,8
E01010320,11,8
E01010321,10,7
E01010322,8,8
E01010323,9,7
E01010324,8,8
E01010325,12,8
E01010326,12,8
E01010327,9,7
E01010328,16,9
E01010329,15,10
E01010330,6,6
E01010331,21,10
E01010332,14,8
E01010333,17,9
E01010334,20,10
E01010335,10,7
E01010336,10,7
E01010337,14,8
E01010338,6,6
E01010339,11,8
E01010340,5,7
E01010341,4,6
E01010342,5,6
E01010343,8,7
E01010344,7,7
E01010345,11,7
E01010346,14,8
E01010347,7,6
E01010348,7,7
E01010349,6,6
E01010350,14,8
E01010351,14,8
E01010352,12,7
E01010353,14,8
E01010354,13,8
E01010355,9,7
E01010356,10,7
E01010357,13,8
E01010358,5,6
E01010359,7,7
E01010360,11,7
E01010361,11,8
E01010362,12,8
E01010363,6,6
E01010364,9,7
E01010365,4,6
E01010366,10,7
E01010367,10,7
E01010368,6,7
E01010369,5,6
E01010370,6,7
E01010371,4,6
E01010372,3,6
E01010373,9,7
E01010374,7,7
E01010375,4,6
E01010376,14,8
E01010377,16,8
E01010378,16,9
E01010379,15,8
E01010380,14,8
E01010381,13,8
E01010382,15,9
E01010383,16,9
E01010384,11,7
E01010385,16,7
E01010386,6,6
E01010387,11,7
E01010388,12,7
E01010389,15,9
E01010390,12,7
E01010391,15,8
E01010392,16,8
E01010393,8,7
E01010394,8,7
E01010395,11,7
E01010396,9,7
E01010397,10,7
E01010398,6,7
E01010399,8,7
E01010400,12,8
E01010401,15,8
E01010402,14,7
E01010403,14,8
E01010404,6,6
E01010405,14,8
E01010406,10,7
E01010407,11,7
E01010408,11,7
E01010409,14,8
E01010410,6,7
E01010411,15,8
E01010412,9,7
E01010413,11,8
E01010414,10,7
E01010415,13,8
E01010416,11,7
E01010417,15,8
E01010418,15,8
E01010419,9,7
E01010420,9,7
E01010421,15,8
E01010422,8,7
E01010423,14,8
E01010424,16,8
E01010425,15,8
E01010426,9,7
E01010427,10,7
E01010428,6,6
E01010429,9,7
E01010430,5,6
E01010431,14,8
E01010432,11,7
E01010433,3,6
E01010434,9,7
E01010435,10,8
E01010436,17,9
E01010437,21,10
E01010438,13,8
E01010439,16,9
E01010440,16,8
E01010441,10,7
E01010442,10,7
E01010443,8,7
E01010444,12,7
E01010445,8,7
E01010446,11,8
E01010447,6,7
E01010448,6,7
E01010449,8,7
E01010450,9,7
E01010451,14,8
E01010452,10,7
E01010453,7,7
E01010454,5,6
E01010455,6,6
E01010456,6,7
E01010457,10,7
E01010458,10,7
E01010459,5,6
E01010460,9,7
E01010461,6,7
E01010462,8,7
E01010463,5,6
E01010464,8,7
E01010465,10,7
E01010466,4,6
E01010467,6,6
E01010468,10,7
E01010469,8,7
E01010470,11,7
E01010471,10,8
E01010472,10,7
E01010473,5,8
E01010474,9,7
E01010475,8,7
E01010476,11,7
E01010477,13,8
E01010478,9,7
E01010479,9,7
E01010480,11,7
E01010481,6,6
E01010482,11,7
E01010483,9,7
E01010484,4,6
E01010485,4,6
E01010486,5,6
E01010487,10,7
E01010488,9,7
E01010489,9,7
E01010490,4,6
E01010491,10,7
E01010492,13,9
E01010493,16,9
E01010494,14,8
E01010495,4,7
E01010496,16,10
E01010497,13,11
E01010498,16,10
E01010499,5,6
E01010500,5,6
E01010501,10,8
E01010502,8,7
E01010503,13,9
E01010504,17,9
E01010505,17,8
E01010506,9,7
E01010507,17,9
E01010508,7,7
E01010509,13,8
E01010510,6,7
E01010511,6,7
E01010512,8,7
E01010513,11,7
E01010514,13,9
E01010515,7,7
E01010516,9,7
E01010517,11,8
E01010518,8,7
E01010519,7,6
E01010520,8,7
E01010521,9,8
E01010522,11,7
E01010523,9,7
E01010524,9,8
E01010525,6,7
E01010526,5,6
E01010527,4,6
E01010528,7,7
E01010529,6,7
E01010530,9,7
E01010531,14,8
E01010532,9,6
E01010533,13,8
E01010534,16,9
E01010535,14,9
E01010536,15,8
E01010537,13,7
E01010538,15,8
E01010539,8,7
E01010540,8,7
E01010541,17,10
E01010542,17,8
E01010543,15,9
E01010544,16,9
E01010545,15,8
E01010546,17,10
E01010547,12,9
E01010548,17,10
E01010549,16,10
E01010550,15,7
E01010551,16,9
E01010552,4,6
E01010553,18,9
E01010554,10,7
E01010555,4,6
E01010556,7,7
E01010557,6,6
E01010558,13,8
E01010559,10,7
E01010560,9,7
E01010561,15,9
E01010562,13,8
E01010563,13,8
E01010564,8,7
E01010565,13,8
E01010566,11,7
E01010567,12,8
E01010568,18,9
E01010569,16,9
E01010570,13,8
E01010571,17,9
E01010572,15,8
E01010573,11,7
E01010574,11,8
E01010575,6,6
E01010576,17,9
E01010577,6,6
E01010578,15,8
E01010579,17,8
E01010580,10,7
E01010581,9,7
E01010582,8,7
E01010583,13,8
E01010584,4,6
E01010585,11,7
E01010586,19,11
E01010587,14,9
E01010588,18,10
E01010589,12,8
E01010590,20,11
E01010591,19,11
E01010592,18,11
E01010593,5,7
E01010594,20,13
E01010595,18,12
E01010596,17,9
E01010597,10,7
E01010598,12,8
E01010599,13,8
E01010600,16,9
E01010601,7,7
E01010602,14,8
E01010603,6,7
E01010604,10,7
E01010605,7,7
E01010606,7,7
E01010607,8,7
E01010608,10,7
E01010609,15,10
E01010610,19,9
E01010611,17,9
E01010612,22,10
E01010613,13,9
E01010614,13,9
E01010615,8,8
E01010616,19,9
E01010617,5,6
E01010618,10,7
E01010619,7,6
E01010620,7,7
E01010621,6,6
E01010622,5,6
E01010623,12,8
E01010624,9,7
E01010625,11,8
E01010626,11,7
E01010627,10,8
E01010628,16,9
E01010629,19,9
E01010630,14,8
E01010631,19,10
E01010632,17,10
E01010633,9,7
E01010634,13,8
E01010635,6,6
E01010636,10,7
E01010637,5,6
E01010638,17,8
E01010639,12,8
E01010640,6,6
E01010641,8,7
E01010642,16,8
E01010643,17,11
E01010644,15,10
E01010645,19,11
E01010646,8,6
E01010647,5,6
E01010648,11,8
E01010649,12,7
E01010650,16,9
E01010651,9,7
E01010652,7,6
E01010653,9,7
E01010654,10,8
E01010655,11,7
E01010656,10,7
E01010657,5,6
E01010658,17,8
E01010659,16,8
E01010662,13,7
E01010663,8,7
E01010664,11,7
E01010665,13,7
E01010666,7,7
E01010667,9,7
E01010668,12,7
E01010669,14,9
E01010670,9,7
E01010671,8,7
E01010672,17,10
E01010673,8,6
E01010674,9,8
E01010675,6,7
E01010676,6,6
E01010677,8,7
E01010678,18,11
E01010679,8,6
E01010680,10,8
E01010681,9,7
E01010682,8,8
E01010683,12,8
E01010684,11,7
E01010685,14,8
E01010686,13,8
E01010687,12,7
E01010688,8,6
E01010689,8,8
E01010690,9,7
E01010691,8,7
E01010692,10,7
E01010693,19,9
E01010694,17,9
E01010695,9,7
E01010696,13,8
E01010697,14,8
E01010698,9,8
E01010699,15,9
E01010700,14,8
E01010701,10,7
E01010702,5,6
E01010703,17,10
E01010704,18,9
E01010705,22,10
E01010706,25,11
E01010707,24,12
E01010708,22,11
E01010709,25,11
E01010710,4,6
E01010711,9,7
E01010712,7,7
E01010713,12,8
E01010714,4,6
E01010715,8,7
E01010716,11,7
E01010717,5,6
E01010718,11,8
E01010719,8,6
E01010720,12,7
E01010721,15,8
E01010722,16,9
E01010723,7,6
E01010724,9,7
E01010725,7,7
E01010726,12,8
E01010727,13,8
E01010728,7,6
E01010729,15,8
E01010730,13,8
E01010731,8,7
E01010732,9,7
E01010733,6,6
E01010734,11,9
E01010735,6,7
E01010736,16,8
E01010737,13,8
E01010738,8,7
E01010739,9,7
E01010740,10,7
E01010741,7,6
E01010742,19,9
E01010743,17,9
E01010744,13,8
E01010745,14,9
E01010746,16,9
E01010747,15,8
E01010748,11,7
E01010749,8,6
E01010750,13,8
E01010751,11,7
E01010752,9,7
E01010753,9,7
E01010754,8,7
E01010755,15,8
E01010756,12,8
E01010758,15,9
E01010759,9,7
E01010760,14,8
E01010761,7,6
E01010762,9,7
E01010763,8,7
E01010764,18,8
E01010765,21,10
E01010766,9,7
E01010767,8,7
E01010768,11,8
E01010769,5,7
E01010770,19,9
E01010771,13,8
E01010772,17,10
E01010773,19,11
E01010774,24,11
E01010775,12,8
E01010776,14,8
E01010777,12,8
E01010778,14,8
E01010779,9,7
E01010781,12,8
E01010782,7,7
E01010783,12,8
E01010784,9,7
E01010785,5,6
E01010786,13,8
E01010787,7,7
E01010788,5,6
E01010789,9,7
E01010790,15,9
E01010791,8,6
E01010792,6,6
E01010793,5,6
E01010794,17,9
E01010795,12,8
E01010796,9,7
E01010797,16,9
E01010798,5,7
E01010799,18,10
E01010800,20,10
E01010801,19,10
E01010802,21,10
E01010803,5,6
E01010804,8,7
E01010805,16,8
E01010806,10,7
E01010807,5,6
E01010808,8,6
E01010809,7,6
E01010810,8,7
E01010811,3,6
E01010812,4,6
E01010813,3,6
E01010814,8,7
E01010815,9,8
E01010816,18,9
E01010817,14,8
E01010818,16,9
E01010819,17,10
E01010820,14,9
E01010821,20,10
E01010822,9,8
E01010824,13,8
E01010825,11,8
E01010826,17,8
E01010827,9,7
E01010828,3,6
E01010829,6,7
E01010830,5,6
E01010831,7,6
E01010832,6,7
E01010833,9,7
E01010834,9,7
E01010835,2,6
E01010836,6,7
E01010837,7,6
E01010838,5,6
E01010839,4,7
E01010840,4,6
E01010841,8,6
E01010842,4,6
E01010843,5,6
E01010845,15,8
E01010846,12,7
E01010847,6,6
E01010848,5,6
E01010849,7,6
E01010850,15,8
E01010851,11,7
E01010852,12,8
E01010853,10,7
E01010854,14,8
E01010855,10,8
E01010856,7,7
E01010857,19,9
E01010858,20,11
E01010859,13,8
E01010860,9,7
E01010861,15,9
E01010862,10,7
E01010863,8,7
E01010864,14,8
E01010865,19,9
E01010866,12,7
E01010867,11,7
E01010868,11,7
E01010869,10,8
E01010870,13,8
E01010871,6,7
E01010872,10,8
E01010873,8,7
E01010874,12,7
E01010875,16,8
E01010876,13,7
E01010877,10,7
E01010878,8,7
E01010879,15,10
E01010880,16,8
E01010881,16,9
E01010882,20,10
E01010883,27,12
E01010884,13,8
E01010885,17,10
E01010886,21,12
E01010887,21,12
E01010888,6,7
E01010889,5,6
E01010890,9,7
E01010891,12,7
E01010892,13,8
E01010893,5,6
E01010894,5,6
E01010895,9,7
E01010896,19,11
E01010897,15,9
E01010898,4,6
E01010899,10,9
E01010900,10,7
E01010901,12,8
E01010902,13,8
E01010903,10,7
E01010904,16,8
E01010905,12,9
E01010906,7,6
E01010907,10,7
E01010908,15,10
E01010909,6,8
E01010910,15,9
E01010911,14,7
E01010912,8,7
E01010913,11,8
E01010914,5,6
E01010915,12,7
E01010916,9,7
E01010917,24,12
E01010918,24,12
E01010919,21,11
E01010920,26,12
E01010921,24,13
E01010922,20,10
E01010923,14,8
E01010924,10,7
E01010925,7,7
E01010926,10,7
E01010927,11,8
E01010928,8,7
E01010929,8,6
E01010930,4,6
E01010931,18,10
E01010932,15,9
E01010933,16,10
E01010934,21,10
E01010935,21,11
E01010936,22,11
E01010937,18,11
E01010938,9,8
E01010939,11,7
E01010940,9,7
E01010941,10,7
E01010942,6,7
E01010943,8,7
E01010944,4,6
E01010945,5,6
E01010946,15,8
E01010947,17,8
E01010948,8,7
E01010949,6,6
E01010950,10,7
E01010951,6,6
E01010952,7,6
E01010953,16,10
E01010954,12,8
E01010955,18,10
E01010956,19,10
E01010957,16,8
E01010958,15,9
E01010959,12,8
E01010960,6,6
E01010961,12,8
E01010964,4,6
E01010965,5,6
E01010966,5,6
E01010967,17,9
E01010968,12,7
E01010969,6,6
E01010970,7,6
E01010971,19,9
E01010972,16,8
E01010973,17,9
E01010974,4,6
E01010975,12,8
E01010976,13,8
E01010977,11,8
E01010978,11,8
E01010979,6,6
E01010980,11,8
E01010981,12,8
E01010982,14,8
E01010983,7,7
E01010984,6,7
E01010985,16,9
E01010986,21,13
E01010987,18,9
E01010988,19,10
E01010989,12,8
E01010990,6,6
E01010991,11,7
E01010992,18,9
E01010993,16,9
E01010994,6,7
E01010995,7,6
E01010996,7,6
E01010997,14,8
E01010998,7,6
E01010999,13,7
E01011000,6,6
E01011001,7,6
E01011002,7,6
E01011003,5,6
E01011004,10,7
E01011005,11,8
E01011006,9,7
E01011007,9,7
E01011008,4,6
E01011009,10,7
E01011010,10,7
E01011011,11,7
E01011012,6,6
E01011013,18,9
E01011014,7,7
E01011015,6,6
E01011016,9,7
E01011017,4,6
E01011018,6,6
E01011019,13,8
E01011020,9,7
E01011021,13,8
E01011022,12,7
E01011023,8,7
E01011024,10,7
E01011025,7,6
E01011026,9,7
E01011027,13,8
E01011028,12,8
E01011029,6,6
E01011030,14,8
E01011031,18,9
E01011032,9,7
E01011033,15,8
E01011034,9,7
E01011035,9,7
E01011036,14,8
E01011037,13,7
E01011038,5,7
E01011039,9,7
E01011040,8,7
E01011041,4,6
E01011042,6,7
E01011043,10,7
E01011044,8,7
E01011045,5,6
E01011046,18,8
E01011047,15,9
E01011048,4,6
E01011049,7,6
E01011050,14,8
E01011051,15,9
E01011052,14,9
E01011053,10,8
E01011054,13,8
E01011055,14,10
E01011056,18,10
E01011057,17,9
E01011058,15,9
E01011059,12,8
E01011060,13,8
E01011061,8,7
E01011062,17,10
E01011063,5,6
E01011064,16,10
E01011065,12,8
E01011066,11,8
E01011067,13,9
E01011068,20,9
E01011069,12,8
E01011070,17,8
E01011071,14,9
E01011072,13,8
E01011073,9,7
E01011074,8,6
E01011075,8,6
E01011076,10,7
E01011077,11,8
E01011078,8,7
E01011079,6,6
E01011080,5,6
E01011081,4,6
E01011082,3,6
E01011083,14,8
E01011084,10,7
E01011085,14,8
E01011086,18,9
E01011087,15,10
E01011088,17,10
E01011089,20,10
E01011090,15,8
E01011091,24,10
E01011092,19,9
E01011093,16,9
E01011094,15,9
E01011095,7,7
E01011096,10,7
E01011097,8,7
E01011098,8,7
E01011099,6,6
E01011100,16,8
E01011101,11,7
E01011102,8,8
E01011103,17,8
E01011104,14,8
E01011105,12,8
E01011106,11,8
E01011107,7,7
E01011108,19,8
E01011109,11,8
E01011110,14,8
E01011111,9,8
E01011112,11,8
E01011113,6,6
E01011114,7,7
E01011115,21,11
E01011116,14,9
E01011117,19,9
E01011118,14,8
E01011119,23,12
E01011120,18,9
E01011121,19,9
E01011122,18,10
E01011123,10,8
E01011124,21,9
E01011125,17,8
E01011126,18,10
E01011127,13,7
E01011128,8,7
E01011129,9,7
E01011130,6,6
E01011132,14,8
E01011133,11,7
E01011134,8,8
E01011136,7,6
E01011137,12,7
E01011138,9,7
E01011139,15,8
E01011140,14,8
E01011141,12,8
E01011142,14,8
E01011143,11,7
E01011144,6,6
E01011145,7,6
E01011146,5,6
E01011147,12,7
E01011148,12,8
E01011149,7,7
E01011150,13,8
E01011151,13,8
E01011152,12,7
E01011153,6,6
E01011154,10,7
E01011155,14,8
E01011156,13,8
E01011157,15,8
E01011158,9,7
E01011159,19,10
E01011160,14,8
E01011161,13,8
E01011162,17,10
E01011163,13,7
E01011164,12,7
E01011165,16,8
E01011166,5,6
E01011167,8,7
E01011168,11,7
E01011169,13,8
E01011170,12,8
E01011171,7,7
E01011172,7,7
E01011173,13,8
E01011174,12,8
E01011175,8,7
E01011176,15,10
E01011177,11,7
E01011178,8,7
E01011179,22,11
E01011180,15,10
E01011181,11,8
E01011182,24,12
E01011183,28,11
E01011184,18,9
E01011185,21,10
E01011186,10,7
E01011187,13,8
E01011188,12,8
E01011189,16,9
E01011190,15,8
E01011191,8,7
E01011192,10,9
E01011193,19,11
E01011194,8,8
E01011195,21,10
E01011196,13,9
E01011197,12,7
E01011198,11,7
E01011199,6,6
E01011200,13,8
E01011201,5,6
E01011202,7,7
E01011203,9,7
E01011204,9,7
E01011205,11,9
E01011206,10,7
E01011207,13,8
E01011208,5,6
E01011209,10,7
E01011210,10,7
E01011211,8,7
E01011212,6,6
E01011213,10,7
E01011214,12,9
E01011215,10,8
E01011216,14,8
E01011217,18,9
E01011218,15,8
E01011219,13,7
E01011220,17,8
E01011221,12,7
E01011222,11,8
E01011223,13,9
E01011224,8,7
E01011225,11,7
E01011226,7,6
E01011227,7,7
E01011228,11,8
E01011229,8,7
E01011230,4,6
E01011231,4,6
E01011232,6,6
E01011233,9,7
E01011234,13,7
E01011235,6,7
E01011236,5,6
E01011237,7,6
E01011238,6,6
E01011239,4,6
E01011240,8,7
E01011241,14,8
E01011242,14,9
E01011243,11,7
E01011244,15,9
E01011245,13,7
E01011246,9,7
E01011247,12,8
E01011248,8,7
E01011249,16,10
E01011250,6,6
E01011251,17,11
E01011252,12,9
E01011253,7,7
E01011254,7,7
E01011255,8,7
E01011256,9,7
E01011257,6,7
E01011258,7,7
E01011259,6,6
E01011260,9,7
E01011261,2,6
E01011262,4,6
E01011263,7,7
E01011264,9,7
E01011265,8,7
E01011266,19,9
E01011267,11,8
E01011268,12,8
E01011269,6,6
E01011270,24,9
E01011271,10,7
E01011272,14,8
E01011273,10,7
E01011274,6,7
E01011275,12,8
E01011276,8,7
E01011277,14,9
E01011278,14,8
E01011279,15,8
E01011280,14,8
E01011281,14,8
E01011282,4,6
E01011283,13,8
E01011284,10,7
E01011286,6,7
E01011287,13,8
E01011292,5,6
E01011293,8,7
E01011294,8,7
E01011295,10,7
E01011296,19,12
E01011297,19,12
E01011298,19,13
E01011299,14,8
E01011300,12,7
E01011301,8,7
E01011302,6,7
E01011303,6,6
E01011304,5,6
E01011305,8,6
E01011306,12,7
E01011307,6,6
E01011308,11,7
E01011309,19,13
E01011310,18,13
E01011311,22,11
E01011312,5,6
E01011313,9,7
E01011314,10,7
E01011315,6,6
E01011316,8,7
E01011317,13,8
E01011318,17,9
E01011319,12,7
E01011320,13,8
E01011321,15,9
E01011322,18,10
E01011323,5,8
E01011324,13,8
E01011325,11,8
E01011326,9,8
E01011327,17,9
E01011328,16,8
E01011329,12,8
E01011330,14,9
E01011331,7,7
E01011332,9,8
E01011333,15,9
E01011334,12,8
E01011335,13,8
E01011336,6,7
E01011337,14,9
E01011338,9,7
E01011339,10,7
E01011340,7,6
E01011341,14,8
E01011342,14,8
E01011343,9,7
E01011344,4,6
E01011345,8,7
E01011346,13,8
E01011347,8,7
E01011348,10,7
E01011349,9,7
E01011350,9,8
E01011351,9,7
E01011352,6,6
E01011353,8,7
E01011354,12,8
E01011355,9,7
E01011356,4,6
E01011357,7,7
E01011358,6,6
E01011359,9,7
E01011360,6,6
E01011361,5,6
E01011362,7,6
E01011363,4,6
E01011364,8,7
E01011366,10,7
E01011368,8,7
E01011369,5,7
E01011370,6,6
E01011371,11,7
E01011372,7,6
E01011373,5,6
E01011374,8,7
E01011375,7,6
E01011376,14,9
E01011377,12,8
E01011378,6,7
E01011379,7,7
E01011380,19,10
E01011381,10,7
E01011382,15,10
E01011383,8,7
E01011384,13,8
E01011385,19,10
E01011386,14,8
E01011388,12,8
E01011390,15,10
E01011391,18,10
E01011392,10,9
E01011393,12,8
E01011394,7,7
E01011395,21,8
E01011396,5,6
E01011397,13,8
E01011398,16,9
E01011399,9,7
E01011400,10,7
E01011401,13,8
E01011402,10,7
E01011403,7,6
E01011404,14,9
E01011405,14,8
E01011406,9,7
E01011407,11,7
E01011408,4,7
E01011409,5,6
E01011410,12,8
E01011411,6,6
E01011412,6,6
E01011413,10,7
E01011414,7,7
E01011415,14,9
E01011416,12,7
E01011417,14,9
E01011418,7,7
E01011419,12,7
E01011420,17,10
E01011421,4,6
E01011422,5,6
E01011423,7,6
E01011424,12,8
E01011425,9,7
E01011426,5,6
E01011427,10,7
E01011428,4,6
E01011429,3,6
E01011430,7,6
E01011431,9,7
E01011432,4,6
E01011433,4,6
E01011434,3,6
E01011435,6,6
E01011440,5,6
E01011441,10,7
E01011442,11,7
E01011443,14,7
E01011444,10,7
E01011445,11,7
E01011446,11,7
E01011447,9,7
E01011448,6,6
E01011449,7,7
E01011450,9,7
E01011451,7,7
E01011452,9,7
E01011453,8,7
E01011454,5,6
E01011455,19,10
E01011456,20,11
E01011457,15,10
E01011458,15,10
E01011459,16,9
E01011460,15,8
E01011461,16,9
E01011462,11,7
E01011463,15,8
E01011464,12,8
E01011465,6,6
E01011466,11,7
E01011467,6,7
E01011468,5,7
E01011469,15,9
E01011470,10,8
E01011471,7,7
E01011472,9,7
E01011473,12,8
E01011474,14,8
E01011475,13,8
E01011476,14,8
E01011477,8,7
E01011478,8,7
E01011479,9,7
E01011480,10,7
E01011481,6,6
E01011482,7,7
E01011483,3,6
E01011484,12,7
E01011485,11,8
E01011488,6,7
E01011489,8,7
E01011490,9,7
E01011491,16,9
E01011492,14,8
E01011493,18,9
E01011494,15,8
E01011496,16,10
E01011497,17,9
E01011499,16,10
E01011500,7,6
E01011502,13,8
E01011504,16,9
E01011505,13,9
E01011506,13,9
E01011507,13,8
E01011508,9,7
E01011509,9,7
E01011510,10,8
E01011511,9,7
E01011512,6,7
E01011513,16,8
E01011514,9,8
E01011515,9,8
E01011516,12,8
E01011517,14,8
E01011518,20,10
E01011519,10,8
E01011520,12,8
E01011521,7,7
E01011522,7,7
E01011523,7,7
E01011524,18,9
E01011525,12,8
E01011526,21,9
E01011527,11,7
E01011528,19,9
E01011529,13,8
E01011530,11,7
E01011531,15,8
E01011532,13,8
E01011533,9,7
E01011534,11,7
E01011535,17,9
E01011536,18,9
E01011537,15,9
E01011538,6,6
E01011540,13,8
E01011541,5,6
E01011545,7,6
E01011546,13,7
E01011547,9,7
E01011548,16,10
E01011549,16,8
E01011550,14,10
E01011551,17,9
E01011552,9,7
E01011553,14,7
E01011554,9,7
E01011555,17,9
E01011556,7,7
E01011557,10,9
E01011558,12,8
E01011559,8,7
E01011560,10,7
E01011561,19,12
E01011562,16,9
E01011563,12,8
E01011564,9,7
E01011565,14,10
E01011566,14,8
E01011567,8,7
E01011568,11,7
E01011569,6,6
E01011570,20,11
E01011571,8,7
E01011572,12,7
E01011573,15,9
E01011574,7,7
E01011576,26,12
E01011578,11,7
E01011579,14,9
E01011580,15,9
E01011581,14,8
E01011582,16,8
E01011583,14,8
E01011584,9,7
E01011585,13,8
E01011586,10,7
E01011587,8,7
E01011588,11,8
E01011589,7,7
E01011590,8,7
E01011591,18,10
E01011592,14,8
E01011593,16,9
E01011594,13,8
E01011595,14,9
E01011596,8,9
E01011597,11,8
E01011598,8,7
E01011599,9,7
E01011600,7,7
E01011601,12,8
E01011602,9,7
E01011603,11,7
E01011604,8,7
E01011605,14,8
E01011606,21,10
E01011607,12,8
E01011608,12,8
E01011609,9,7
E01011610,6,6
E01011611,9,7
E01011612,5,6
E01011613,7,6
E01011614,8,7
E01011615,10,7
E01011616,15,9
E01011617,6,6
E01011618,10,7
E01011620,18,10
E01011621,11,7
E01011622,12,9
E01011623,5,6
E01011624,19,11
E01011625,7,6
E01011626,10,7
E01011627,16,9
E01011628,17,10
E01011629,19,10
E01011630,18,12
E01011632,20,11
E01011633,21,10
E01011634,17,9
E01011635,10,7
E01011636,20,10
E01011637,11,7
E01011638,8,7
E01011639,17,10
E01011641,13,8
E01011642,12,8
E01011643,10,7
E01011644,11,8
E01011645,5,7
E01011646,9,7
E01011647,10,8
E01011648,11,7
E01011649,18,11
E01011650,13,7
E01011651,11,7
E01011652,5,6
E01011653,6,6
E01011654,10,7
E01011655,11,8
E01011656,13,8
E01011657,14,8
E01011658,7,7
E01011659,12,9
E01011660,11,8
E01011661,9,8
E01011662,12,8
E01011663,9,7
E01011664,11,8
E01011665,7,7
E01011666,7,6
E01011667,7,7
E01011668,10,7
E01011669,8,7
E01011670,5,6
E01011671,7,7
E01011673,5,6
E01011677,6,6
E01011678,10,8
E01011681,4,7
E01011684,10,7
E01011685,14,10
E01011686,15,9
E01011687,14,8
E01011688,11,7
E01011689,9,7
E01011690,13,8
E01011691,5,6
E01011692,9,7
E01011693,5,6
E01011694,10,7
E01011695,6,6
E01011696,10,7
E01011697,15,8
E01011698,15,9
E01011699,16,9
E01011700,12,8
E01011701,14,8
E01011702,12,7
E01011703,17,8
E01011704,8,7
E01011705,6,7
E01011706,12,8
E01011707,15,8
E01011708,21,11
E01011709,12,7
E01011710,11,8
E01011711,6,6
E01011712,7,7
E01011713,30,10
E01011714,17,10
E01011715,21,10
E01011716,19,10
E01011717,17,9
E01011718,14,8
E01011719,19,10
E01011720,5,7
E01011721,8,7
E01011722,13,8
E01011723,12,8
E01011724,8,7
E01011725,10,8
E01011726,14,7
E01011727,11,7
E01011728,17,10
E01011729,10,7
E01011730,14,8
E01011731,14,9
E01011732,13,8
E01011733,14,8
E01011734,9,7
E01011735,13,9
E01011736,11,7
E01011737,5,8
E01011738,19,10
E01011739,6,7
E01011740,14,8
E01011741,21,9
E01011742,14,7
E01011743,19,10
E01011744,17,10
E01011745,14,9
E01011746,7,7
E01011747,16,9
E01011748,20,9
E01011749,13,7
E01011750,13,8
E01011751,18,8
E01011752,10,7
E01011753,10,7
E01011754,18,9
E01011755,20,9
E01011756,7,6
E01011757,15,9
E01011758,13,8
E01011759,15,8
E01011760,5,6
E01011761,12,8
E01011762,4,6
E01011763,5,6
E01011764,12,8
E01011765,7,6
E01011766,12,8
E01011767,16,9
E01011768,8,7
E01011769,12,8
E01011770,7,7
E01011771,24,12
E01011772,24,12
E01011773,10,7
E01011774,12,8
E01011775,18,10
E01011776,16,11
E01011777,13,8
E01011778,8,6
E01011779,11,8
E01011780,11,8
E01011781,3,6
E01011782,10,7
E01011783,6,6
E01011784,19,10
E01011785,16,11
E01011786,24,12
E01011787,10,8
E01011788,11,8
E01011789,12,8
E01011790,10,7
E01011791,20,12
E01011792,17,10
E01011793,19,10
E01011794,16,9
E01011795,16,9
E01011796,15,10
E01011797,13,8
E01011798,10,7
E01011799,11,8
E01011800,14,9
E01011801,9,8
E01011802,6,7
E01011803,15,9
E01011804,19,11
E01011805,10,7
E01011806,18,10
E01011807,11,7
E01011808,11,8
E01011809,16,8
E01011810,15,8
E01011811,11,8
E01011812,16,8
E01011813,13,8
E01011814,6,6
E01011815,16,9
E01011816,13,8
E01011817,18,10
E01011818,17,9
E01011819,7,6
E01011820,11,7
E01011821,13,7
E01011822,6,6
E01011823,17,9
E01011824,15,8
E01011825,13,8
E01011826,11,7
E01011827,17,9
E01011828,10,7
E01011829,15,9
E01011830,9,8
E01011831,6,8
E01011832,12,8
E01011833,10,8
E01011834,14,8
E01011835,14,8
E01011836,14,8
E01011837,6,6
E01011838,5,6
E01011839,17,8
E01011840,7,7
E01011841,10,8
E01011842,14,9
E01011843,15,9
E01011844,15,8
E01011845,15,9
E01011846,11,8
E01011847,15,8
E01011848,16,8
E01011849,28,13
E01011850,12,8
E01011851,12,8
E01011852,16,9
E01011853,14,8
E01011854,29,12
E01011855,24,11
E01011856,28,12
E01011857,21,13
E01011858,24,10
E01011859,13,8
E01011860,13,7
E01011861,14,7
E01011862,12,7
E01011863,9,7
E01011864,19,9
E01011865,10,7
E01011866,13,8
E01011867,7,7
E01011868,14,8
E01011869,7,6
E01011870,11,7
E01011871,12,7
E01011872,14,8
E01011873,11,7
E01011874,13,8
E01011875,15,8
E01011876,7,7
E01011877,11,7
E01011878,8,7
E01011879,5,6
E01011880,13,9
E01011881,14,8
E01011882,7,7
E01011883,14,9
E01011884,12,8
E01011885,17,9
E01011886,11,8
E01011887,15,8
E01011888,13,9
E01011889,17,8
E01011890,18,10
E01011891,12,9
E01011892,14,7
E01011893,10,7
E01011894,12,8
E01011895,12,8
E01011896,11,7
E01011897,7,7
E01011898,7,7
E01011899,12,8
E01011900,7,8
E01011901,8,7
E01011902,15,9
E01011903,13,8
E01011904,8,8
E01011905,13,8
E01011906,11,8
E01011907,10,7
E01011908,8,7
E01011909,8,9
E01011910,7,6
E01011911,6,7
E01011912,10,8
E01011913,7,7
E01011914,11,7
E01011915,10,7
E01011916,5,7
E01011917,13,8
E01011918,18,9
E01011919,6,6
E01011920,8,7
E01011921,14,8
E01011922,17,9
E01011923,6,7
E01011924,9,7
E01011925,6,6
E01011926,4,6
E01011927,11,7
E01011928,6,7
E01011929,20,10
E01011930,18,10
E01011931,20,12
E01011932,16,10
E01011933,22,10
E01011934,16,8
E01011935,20,11
E01011936,22,9
E01011937,21,10
E01011938,9,7
E01011939,17,9
E01011940,7,6
E01011941,17,10
E01011942,15,9
E01011943,11,7
E01011944,15,9
E01011945,13,8
E01011946,16,10
E01011947,17,11
E01011948,17,10
E01011949,13,8
E01011950,11,7
E01011951,10,7
E01011952,7,6
E01011953,7,7
E01011954,13,8
E01011955,13,7
E01011957,13,7
E01011959,53,13
E01011960,15,10
E01011961,11,8
E01011962,13,9
E01011963,16,8
E01011964,6,6
E01011965,13,8
E01011966,13,7
E01011967,10,7
E01011968,19,10
E01011969,14,9
E01011970,18,10
E01011971,19,9
E01011973,7,6
E01011974,14,7
E01011975,11,7
E01011976,8,7
E01011977,8,7
E01011978,5,7
E01011979,9,8
E01011980,14,9
E01011981,15,9
E01011982,25,10
E01011983,20,9
E01011984,15,9
E01011985,10,7
E01011986,14,8
E01011987,9,7
E01011988,12,8
E01011989,16,8
E01011990,14,8
E01011991,5,6
E01011992,9,7
E01011993,8,7
E01011994,13,8
E01011995,9,7
E01011996,5,6
E01011997,13,7
E01011998,10,7
E01011999,4,6
E01012000,13,8
E01012001,7,7
E01012002,19,8
E01012003,18,10
E01012005,19,9
E01012007,18,9
E01012008,14,8
E01012009,12,8
E01012010,15,8
E01012011,12,7
E01012012,16,8
E01012013,6,7
E01012014,7,8
E01012015,17,9
E01012016,14,8
E01012017,17,9
E01012018,6,7
E01012019,14,8
E01012020,8,7
E01012021,14,8
E01012022,12,8
E01012023,16,9
E01012024,6,7
E01012025,9,7
E01012026,14,7
E01012027,13,8
E01012030,11,8
E01012031,13,8
E01012032,16,9
E01012033,11,8
E01012034,18,10
E01012035,8,7
E01012036,7,6
E01012037,10,7
E01012038,9,7
E01012039,6,6
E01012040,8,6
E01012041,6,7
E01012042,15,11
E01012043,17,10
E01012044,18,10
E01012045,15,10
E01012046,16,9
E01012047,16,9
E01012048,10,8
E01012049,18,10
E01012050,13,8
E01012051,14,8
E01012052,16,9
E01012053,7,7
E01012054,8,7
E01012055,9,7
E01012056,7,6
E01012057,9,7
E01012058,10,7
E01012059,6,7
E01012060,8,7
E01012061,13,8
E01012062,28,11
E01012063,26,10
E01012064,25,11
E01012065,22,10
E01012066,25,11
E01012067,18,9
E01012068,5,6
E01012071,25,11
E01012073,28,11
E01012074,7,7
E01012075,7,7
E01012076,11,8
E01012077,9,7
E01012078,3,6
E01012079,9,6
E01012080,8,6
E01012081,6,6
E01012082,18,9
E01012083,11,8
E01012084,14,8
E01012085,19,9
E01012088,11,8
E01012089,4,6
E01012090,11,8
E01012091,11,7
E01012092,6,6
E01012093,7,6
E01012094,8,7
E01012095,12,7
E01012096,15,9
E01012097,15,8
E01012098,9,7
E01012099,9,7
E01012100,4,6
E01012101,7,6
E01012102,11,7
E01012105,14,8
E01012106,15,8
E01012107,15,9
E01012108,17,9
E01012109,22,10
E01012110,14,9
E01012111,14,8
E01012112,14,8
E01012113,17,10
E01012114,19,9
E01012117,6,6
E01012118,7,6
E01012119,14,8
E01012120,12,8
E01012121,12,8
E01012124,15,10
E01012127,6,6
E01012128,9,7
E01012129,11,8
E01012130,11,7
E01012131,6,7
E01012132,23,14
E01012134,14,9
E01012136,5,6
E01012137,12,7
E01012138,20,9
E01012139,23,11
E01012140,20,10
E01012141,14,8
E01012142,14,7
E01012143,12,7
E01012144,12,8
E01012145,7,6
E01012146,9,7
E01012147,18,8
E01012148,19,8
E01012149,18,8
E01012150,17,8
E01012151,23,10
E01012152,23,11
E01012154,11,8
E01012155,7,7
E01012156,11,7
E01012157,8,7
E01012158,15,8
E01012159,7,6
E01012160,11,7
E01012161,4,6
E01012162,18,9
E01012163,15,8
E01012164,12,8
E01012165,10,7
E01012167,8,7
E01012168,11,8
E01012170,11,8
E01012171,16,9
E01012172,15,9
E01012173,8,8
E01012174,5,7
E01012175,14,9
E01012176,16,10
E01012177,22,10
E01012178,17,9
E01012179,16,10
E01012180,21,10
E01012181,17,11
E01012182,11,7
E01012183,9,8
E01012184,15,8
E01012185,17,10
E01012186,14,9
E01012187,24,13
E01012188,25,12
E01012189,22,12
E01012190,26,13
E01012191,21,10
E01012192,14,7
E01012193,11,7
E01012194,14,7
E01012195,12,7
E01012196,11,7
E01012197,7,7
E01012198,20,10
E01012199,5,7
E01012200,14,8
E01012201,16,10
E01012202,7,7
E01012203,17,11
E01012204,19,10
E01012205,21,11
E01012206,18,11
E01012207,17,10
E01012208,16,9
E01012209,17,9
E01012210,19,9
E01012211,18,8
E01012212,18,9
E01012213,19,9
E01012214,13,8
E01012215,10,7
E01012216,17,9
E01012217,8,6
E01012218,12,7
E01012219,15,8
E01012223,20,10
E01012224,17,11
E01012225,21,12
E01012226,21,12
E01012227,23,13
E01012228,20,12
E01012230,21,12
E01012231,26,14
E01012232,24,14
E01012233,36,13
E01012234,25,14
E01012235,42,10
E01012236,16,11
E01012237,18,11
E01012238,12,7
E01012239,13,7
E01012240,13,8
E01012241,9,7
E01012242,13,9
E01012243,14,9
E01012244,15,10
E01012245,17,9
E01012246,14,10
E01012247,18,10
E01012248,16,10
E01012249,19,11
E01012250,19,12
E01012251,10,7
E01012252,12,8
E01012253,15,8
E01012254,7,7
E01012255,14,7
E01012256,15,8
E01012257,13,7
E01012258,12,7
E01012259,10,7
E01012260,9,7
E01012261,6,7
E01012262,8,7
E01012264,14,8
E01012266,8,7
E01012267,4,6
E01012268,12,7
E01012269,41,12
E01012270,16,9
E01012271,14,9
E01012272,17,9
E01012273,19,11
E01012274,17,10
E01012275,7,6
E01012276,4,6
E01012277,5,6
E01012278,17,9
E01012279,15,9
E01012280,16,8
E01012281,13,8
E01012282,12,9
E01012283,12,8
E01012284,7,7
E01012285,13,10
E01012286,4,6
E01012287,9,7
E01012288,5,6
E01012289,8,6
E01012290,13,8
E01012291,14,8
E01012292,9,7
E01012294,41,11
E01012295,5,6
E01012296,13,8
E01012297,17,9
E01012298,19,9
E01012299,9,7
E01012300,10,7
E01012301,18,9
E01012302,15,8
E01012303,13,8
E01012304,9,7
E01012305,6,6
E01012306,13,8
E01012307,15,8
E01012309,12,7
E01012310,13,8
E01012311,10,7
E01012312,17,8
E01012313,11,7
E01012314,17,9
E01012315,6,6
E01012316,9,7
E01012317,9,7
E01012318,12,8
E01012319,14,9
E01012323,14,8
E01012324,14,7
E01012325,13,9
E01012326,14,9
E01012327,20,12
E01012328,6,7
E01012329,8,8
E01012330,13,9
E01012331,9,7
E01012332,9,7
E01012333,15,9
E01012334,25,12
E01012335,22,13
E01012336,13,8
E01012337,14,8
E01012338,19,9
E01012339,8,7
E01012340,4,6
E01012341,9,8
E01012342,15,8
E01012343,16,9
E01012344,14,8
E01012345,13,8
E01012346,13,8
E01012347,9,7
E01012348,14,8
E01012349,4,6
E01012350,8,6
E01012351,12,7
E01012352,8,7
E01012353,8,7
E01012354,8,6
E01012355,5,6
E01012356,8,7
E01012357,7,6
E01012358,13,8
E01012359,12,8
E01012360,15,8
E01012361,17,8
E01012362,9,7
E01012363,6,6
E01012364,3,6
E01012365,6,6
E01012366,40,11
E01012367,7,7
E01012368,5,6
E01012369,6,6
E01012370,3,6
E01012371,15,9
E01012372,19,10
E01012373,16,11
E01012374,19,10
E01012375,17,9
E01012376,15,8
E01012377,13,8
E01012378,6,7
E01012379,9,7
E01012380,10,7
E01012381,5,8
E01012382,6,7
E01012383,11,8
E01012384,11,7
E01012385,19,11
E01012386,18,10
E01012387,24,12
E01012388,4,6
E01012389,13,7
E01012390,12,7
E01012391,13,9
E01012392,15,9
E01012393,14,9
E01012394,6,7
E01012395,16,8
E01012396,16,9
E01012397,17,9
E01012398,15,9
E01012399,18,10
E01012400,13,8
E01012401,17,10
E01012402,16,9
E01012403,15,9
E01012404,16,9
E01012405,13,8
E01012406,13,10
E01012407,7,9
E01012408,12,8
E01012409,11,9
E01012410,17,9
E01012411,15,8
E01012412,8,7
E01012413,12,7
E01012414,13,8
E01012415,20,11
E01012416,16,10
E01012417,17,10
E01012418,17,10
E01012419,7,7
E01012420,4,7
E01012421,12,8
E01012422,7,7
E01012423,10,7
E01012424,8,7
E01012425,8,7
E01012426,8,7
E01012427,12,7
E01012428,12,8
E01012429,14,9
E01012430,6,7
E01012431,7,7
E01012432,6,7
E01012433,6,7
E01012434,14,9
E01012435,15,10
E01012436,9,8
E01012437,14,11
E01012438,7,7
E01012439,15,10
E01012440,16,9
E01012441,10,8
E01012442,11,7
E01012443,10,7
E01012444,13,11
E01012445,14,10
E01012446,22,10
E01012447,18,8
E01012448,13,9
E01012449,15,8
E01012450,13,8
E01012451,15,9
E01012452,16,9
E01012453,12,8
E01012454,6,6
E01012455,8,7
E01012457,10,7
E01012458,16,10
E01012459,7,7
E01012460,10,9
E01012461,20,12
E01012462,18,11
E01012463,17,10
E01012464,17,10
E01012465,14,8
E01012466,12,8
E01012467,21,13
E01012468,22,12
E01012469,21,11
E01012470,22,12
E01012471,7,7
E01012472,18,10
E01012473,13,8
E01012474,8,7
E01012475,16,9
E01012476,17,11
E01012477,15,8
E01012478,7,6
E01012479,4,6
E01012480,10,8
E01012481,6,6
E01012482,10,7
E01012483,10,8
E01012485,15,9
E01012486,13,8
E01012487,14,9
E01012488,22,11
E01012489,17,10
E01012490,18,10
E01012491,20,10
E01012492,18,9
E01012493,17,8
E01012494,21,10
E01012495,17,9
E01012496,16,9
E01012497,12,7
E01012498,10,7
E01012499,13,8
E01012500,13,8
E01012501,16,9
E01012502,12,8
E01012503,10,8
E01012504,8,7
E01012505,12,8
E01012506,12,8
E01012507,5,7
E01012508,8,8
E01012509,13,8
E01012510,10,7
E01012511,14,8
E01012512,9,7
E01012513,9,7
E01012514,14,8
E01012515,15,8
E01012516,7,7
E01012517,15,8
E01012518,18,9
E01012519,10,7
E01012520,12,8
E01012521,18,10
E01012522,19,9
E01012523,10,7
E01012524,14,8
E01012525,8,7
E01012526,15,9
E01012527,15,8
E01012528,13,8
E01012529,10,7
E01012530,18,9
E01012531,11,7
E01012532,7,7
E01012533,15,8
E01012534,21,10
E01012535,18,10
E01012536,15,8
E01012537,17,10
E01012538,15,9
E01012539,19,11
E01012540,8,7
E01012541,14,8
E01012542,14,8
E01012543,9,7
E01012544,12,8
E01012545,7,7
E01012546,10,7
E01012547,10,7
E01012548,8,7
E01012549,9,7
E01012550,11,7
E01012551,15,9
E01012552,11,7
E01012553,16,9
E01012554,21,12
E01012555,12,7
E01012556,5,6
E01012557,5,6
E01012558,9,7
E01012559,13,8
E01012560,12,8
E01012561,17,9
E01012562,15,8
E01012563,10,8
E01012564,17,9
E01012565,8,8
E01012566,10,8
E01012567,19,9
E01012568,15,8
E01012569,11,8
E01012570,13,8
E01012571,6,7
E01012572,7,7
E01012573,4,6
E01012574,7,6
E01012575,4,6
E01012576,3,7
E01012577,6,6
E01012578,5,6
E01012579,7,7
E01012580,4,6
E01012581,22,10
E01012582,16,9
E01012583,15,9
E01012584,12,8
E01012585,6,6
E01012586,5,6
E01012587,9,7
E01012588,6,6
E01012589,4,6
E01012590,9,7
E01012591,12,7
E01012592,23,11
E01012593,7,7
E01012594,13,8
E01012595,9,7
E01012596,11,7
E01012597,17,9
E01012598,13,8
E01012599,13,8
E01012600,10,8
E01012601,8,8
E01012602,14,9
E01012603,6,7
E01012604,9,7
E01012605,4,6
E01012606,5,6
E01012607,12,9
E01012608,7,6
E01012609,17,10
E01012610,18,11
E01012611,18,10
E01012612,15,9
E01012613,15,8
E01012614,17,9
E01012615,10,7
E01012616,16,8
E01012617,13,8
E01012618,10,7
E01012619,8,7
E01012620,11,7
E01012621,8,7
E01012622,10,7
E01012623,4,6
E01012624,9,7
E01012625,8,7
E01012628,29,12
E01012629,7,7
E01012630,4,6
E01012631,4,6
E01012632,11,8
E01012633,6,7
E01012634,10,7
E01012635,12,8
E01012636,8,7
E01012637,11,7
E01012638,6,7
E01012639,12,8
E01012640,10,7
E01012641,7,7
E01012642,7,6
E01012643,4,6
E01012644,3,6
E01012645,11,7
E01012646,12,8
E01012647,20,9
E01012648,7,6
E01012649,13,8
E01012650,13,7
E01012651,7,6
E01012652,10,7
E01012653,5,6
E01012654,6,6
E01012655,10,7
E01012656,7,7
E01012657,7,6
E01012658,7,6
E01012659,9,7
E01012660,13,8
E01012661,11,7
E01012662,17,9
E01012663,6,7
E01012664,9,7
E01012665,14,8
E01012666,17,8
E01012667,16,8
E01012668,13,8
E01012669,17,8
E01012670,10,7
E01012671,10,7
E01012672,7,7
E01012673,11,7
E01012674,6,6
E01012675,5,6
E01012676,12,7
E01012677,10,7
E01012678,9,7
E01012679,4,6
E01012680,10,7
E01012681,6,6
E01012682,8,6
E01012683,4,6
E01012684,10,7
E01012685,15,8
E01012686,20,11
E01012687,20,11
E01012688,17,9
E01012689,16,10
E01012690,18,9
E01012691,12,7
E01012692,12,8
E01012693,17,8
E01012694,14,7
E01012695,11,7
E01012696,13,7
E01012697,15,8
E01012698,11,7
E01012699,12,7
E01012700,10,7
E01012701,6,6
E01012702,6,6
E01012703,11,7
E01012704,15,8
E01012705,6,6
E01012706,8,7
E01012707,5,6
E01012708,8,7
E01012709,5,6
E01012710,9,7
E01012711,10,7
E01012712,16,9
E01012713,18,9
E01012714,16,10
E01012715,12,8
E01012716,14,9
E01012717,16,9
E01012718,16,9
E01012719,12,8
E01012720,5,6
E01012721,10,7
E01012722,7,8
E01012723,14,8
E01012724,8,7
E01012725,6,6
E01012726,10,7
E01012727,9,7
E01012728,8,7
E01012729,5,6
E01012730,14,8
E01012731,9,7
E01012732,9,8
E01012733,5,6
E01012734,4,6
E01012735,8,7
E01012736,6,6
E01012737,3,6
E01012738,9,7
E01012739,8,7
E01012740,8,7
E01012741,11,7
E01012742,5,6
E01012743,5,6
E01012744,7,6
E01012745,4,6
E01012746,7,6
E01012747,17,7
E01012748,8,6
E01012749,14,7
E01012750,13,7
E01012751,13,7
E01012752,13,7
E01012753,11,7
E01012754,13,7
E01012755,6,6
E01012756,4,6
E01012757,4,7
E01012758,9,7
E01012759,6,6
E01012760,7,7
E01012761,5,6
E01012762,11,7
E01012763,6,7
E01012764,11,9
E01012765,5,6
E01012766,9,7
E01012767,12,8
E01012768,10,8
E01012769,12,8
E01012770,16,10
E01012771,15,8
E01012772,11,8
E01012773,8,6
E01012774,7,7
E01012775,7,7
E01012776,8,7
E01012777,14,9
E01012778,5,6
E01012779,8,8
E01012780,7,7
E01012781,7,7
E01012782,14,9
E01012783,12,8
E01012784,11,7
E01012785,13,8
E01012786,13,9
E01012787,4,7
E01012788,12,8
E01012789,10,8
E01012790,5,7
E01012791,11,7
E01012792,12,8
E01012793,11,7
E01012794,14,8
E01012795,16,9
E01012796,14,9
E01012797,16,10
E01012798,17,10
E01012799,15,9
E01012800,16,9
E01012801,13,9
E01012802,12,8
E01012803,15,9
E01012804,17,8
E01012805,6,7
E01012806,11,8
E01012807,10,7
E01012808,7,7
E01012809,14,8
E01012810,12,9
E01012811,16,10
E01012812,14,8
E01012813,17,8
E01012814,14,8
E01012815,19,10
E01012816,6,6
E01012817,20,9
E01012818,11,7
E01012819,13,7
E01012820,5,6
E01012821,16,9
E01012822,16,8
E01012823,16,8
E01012824,18,9
E01012825,14,8
E01012826,14,8
E01012827,11,7
E01012828,17,9
E01012829,17,9
E01012830,15,8
E01012832,14,9
E01012833,10,9
E01012834,14,8
E01012835,6,7
E01012836,15,9
E01012837,16,8
E01012838,13,8
E01012839,7,7
E01012840,10,7
E01012841,17,9
E01012842,13,8
E01012843,12,9
E01012844,15,8
E01012845,12,8
E01012846,11,8
E01012847,14,8
E01012848,16,10
E01012849,17,9
E01012850,9,8
E01012851,8,7
E01012852,5,7
E01012854,14,8
E01012855,11,8
E01012856,9,7
E01012857,5,6
E01012858,9,7
E01012859,5,6
E01012860,10,7
E01012862,11,8
E01012863,9,7
E01012864,7,7
E01012865,5,6
E01012866,8,7
E01012867,5,7
E01012868,6,6
E01012869,7,7
E01012870,6,7
E01012871,8,7
E01012872,7,6
E01012873,13,8
E01012874,14,8
E01012875,5,7
E01012876,8,8
E01012877,13,9
E01012878,8,7
E01012879,12,8
E01012880,7,7
E01012881,7,7
E01012882,12,8
E01012883,10,7
E01012884,13,8
E01012886,7,7
E01012887,15,9
E01012888,7,6
E01012889,6,6
E01012891,9,7
E01012892,9,7
E01012893,9,7
E01012894,13,8
E01012895,13,8
E01012896,7,7
E01012897,13,9
E01012898,10,7
E01012899,9,7
E01012900,8,7
E01012901,8,7
E01012902,5,6
E01012903,4,6
E01012904,15,8
E01012905,14,9
E01012906,12,8
E01012907,11,7
E01012908,12,7
E01012909,16,8
E01012910,14,9
E01012911,16,8
E01012912,14,9
E01012913,12,8
E01012914,8,7
E01012915,12,7
E01012916,14,8
E01012917,14,8
E01012918,13,9
E01012919,22,11
E01012920,78,14
E01012921,24,12
E01012922,102,19
E01012923,64,16
E01012924,19,11
E01012925,23,12
E01012926,8,7
E01012927,23,12
E01012928,19,9
E01012929,12,7
E01012930,14,7
E01012931,15,8
E01012932,16,8
E01012933,30,16
E01012934,22,9
E01012935,15,7
E01012936,8,6
E01012937,30,16
E01012938,21,10
E01012939,25,10
E01012940,21,8
E01012941,19,9
E01012942,21,9
E01012943,6,6
E01012944,4,6
E01012945,5,6
E01012946,10,8
E01012947,10,7
E01012948,9,7
E01012949,6,7
E01012950,15,8
E01012951,13,7
E01012952,5,6
E01012953,13,8
E01012954,16,8
E01012955,9,7
E01012956,12,7
E01012957,6,6
E01012958,16,8
E01012959,12,7
E01012960,5,6
E01012961,15,8
E01012962,6,7
E01012963,12,8
E01012964,14,8
E01012965,30,17
E01012966,30,12
E01012967,11,7
E01012968,14,8
E01012969,11,7
E01012970,23,13
E01012972,25,13
E01012973,30,13
E01012974,26,12
E01012975,12,7
E01012976,9,7
E01012977,16,8
E01012978,11,7
E01012979,7,6
E01012980,9,6
E01012981,56,16
E01012982,10,7
E01012983,16,8
E01012984,26,13
E01012985,26,12
E01012986,38,17
E01012987,51,21
E01012988,23,11
E01012989,24,15
E01012990,66,18
E01012991,86,19
E01012992,42,15
E01012993,9,7
E01012994,9,7
E01012995,7,6
E01012996,27,11
E01012997,4,6
E01012998,10,7
E01012999,9,6
E01013000,16,8
E01013001,15,8
E01013002,23,9
E01013003,23,10
E01013004,16,8
E01013005,10,7
E01013006,8,6
E01013007,6,6
E01013008,5,6
E01013009,6,6
E01013010,12,7
E01013011,8,7
E01013012,18,8
E01013013,5,6
E01013014,5,6
E01013015,11,7
E01013016,28,9
E01013017,7,6
E01013018,7,6
E01013019,29,12
E01013020,23,13
E01013021,23,8
E01013022,66,20
E01013023,45,18
E01013024,40,18
E01013025,13,10
E01013026,14,9
E01013027,20,12
E01013028,60,23
E01013029,40,24
E01013030,57,16
E01013031,15,10
E01013032,15,9
E01013033,45,23
E01013034,46,14
E01013035,47,16
E01013036,7,7
E01013037,13,8
E01013038,4,6
E01013039,18,11
E01013040,15,8
E01013041,12,7
E01013042,16,8
E01013043,20,9
E01013044,20,9
E01013045,7,7
E01013046,10,7
E01013047,9,7
E01013048,32,12
E01013049,11,7
E01013050,21,10
E01013051,19,9
E01013052,19,8
E01013053,21,9
E01013054,8,7
E01013055,20,8
E01013056,16,8
E01013057,25,13
E01013058,18,10
E01013059,32,16
E01013060,34,19
E01013061,36,19
E01013062,5,6
E01013063,9,7
E01013064,13,9
E01013065,15,8
E01013066,8,7
E01013067,12,9
E01013068,12,7
E01013069,12,7
E01013070,8,7
E01013071,6,6
E01013072,25,14
E01013073,8,7
E01013074,23,13
E01013075,26,13
E01013076,29,18
E01013077,12,7
E01013078,67,16
E01013079,16,11
E01013080,10,7
E01013081,44,25
E01013082,18,8
E01013083,5,6
E01013084,8,7
E01013085,35,27
E01013086,22,17
E01013087,37,22
E01013088,14,9
E01013089,6,7
E01013090,14,8
E01013091,18,10
E01013092,26,11
E01013093,21,10
E01013094,22,15
E01013095,23,16
E01013096,22,14
E01013097,31,17
E01013098,34,17
E01013099,32,17
E01013100,44,21
E01013101,41,19
E01013102,21,14
E01013103,18,10
E01013104,19,10
E01013105,7,7
E01013106,14,8
E01013107,10,7
E01013108,12,8
E01013110,6,7
E01013111,13,8
E01013112,13,7
E01013113,7,7
E01013114,18,10
E01013115,11,7
E01013116,13,8
E01013117,10,7
E01013118,15,9
E01013119,73,18
E01013120,16,8
E01013121,32,9
E01013122,88,17
E01013123,14,7
E01013124,16,8
E01013125,35,21
E01013126,63,19
E01013127,91,17
E01013128,6,6
E01013129,11,7
E01013130,9,7
E01013131,10,7
E01013132,7,6
E01013133,13,7
E01013134,10,7
E01013135,14,8
E01013136,6,6
E01013137,4,6
E01013138,10,7
E01013139,6,7
E01013140,7,7
E01013141,11,7
E01013142,4,6
E01013143,7,6
E01013144,10,8
E01013145,14,9
E01013146,14,10
E01013147,11,8
E01013148,19,10
E01013149,17,10
E01013150,19,10
E01013151,17,8
E01013152,13,7
E01013153,20,11
E01013154,12,7
E01013155,8,7
E01013156,12,8
E01013157,19,10
E01013158,14,7
E01013159,5,6
E01013160,14,8
E01013161,8,7
E01013162,9,7
E01013163,14,8
E01013164,7,7
E01013165,8,7
E01013166,18,11
E01013167,23,12
E01013168,16,9
E01013169,17,10
E01013170,11,7
E01013171,9,7
E01013172,7,6
E01013173,21,10
E01013174,10,7
E01013175,21,10
E01013176,8,7
E01013177,8,7
E01013178,14,8
E01013179,12,8
E01013180,13,8
E01013181,13,8
E01013182,11,7
E01013183,17,9
E01013184,12,7
E01013185,12,8
E01013186,14,9
E01013187,6,6
E01013188,10,7
E01013189,10,7
E01013190,16,9
E01013191,10,8
E01013192,6,7
E01013193,14,8
E01013194,14,8
E01013195,3,6
E01013196,7,6
E01013197,11,7
E01013198,4,6
E01013199,10,7
E01013200,6,7
E01013201,7,7
E01013202,4,6
E01013203,9,7
E01013204,10,7
E01013205,15,8
E01013206,7,7
E01013207,13,7
E01013208,15,8
E01013209,10,7
E01013210,12,8
E01013211,8,7
E01013212,8,7
E01013213,19,10
E01013214,38,13
E01013215,24,10
E01013216,27,12
E01013217,23,11
E01013218,17,8
E01013219,10,7
E01013220,12,7
E01013221,9,7
E01013222,7,7
E01013223,10,7
E01013224,20,12
E01013225,53,14
E01013226,20,11
E01013227,15,8
E01013228,18,9
E01013229,15,8
E01013231,3,6
E01013233,8,7
E01013234,10,7
E01013236,8,7
E01013237,14,8
E01013238,13,8
E01013239,6,6
E01013240,17,10
E01013241,8,7
E01013242,35,12
E01013243,15,8
E01013244,12,8
E01013245,5,6
E01013246,23,20
E01013247,16,15
E01013248,22,20
E01013249,21,19
E01013250,26,13
E01013251,32,13
E01013252,25,14
E01013253,19,15
E01013254,6,6
E01013255,6,6
E01013256,10,7
E01013257,16,8
E01013258,9,7
E01013259,15,7
E01013260,11,7
E01013261,7,6
E01013262,16,8
E01013263,7,6
E01013264,17,9
E01013265,15,8
E01013266,13,9
E01013267,21,15
E01013268,19,15
E01013269,16,10
E01013270,7,7
E01013271,10,7
E01013272,4,6
E01013273,13,8
E01013274,20,11
E01013275,20,15
E01013276,16,14
E01013277,20,14
E01013278,7,7
E01013279,6,6
E01013280,12,7
E01013281,13,8
E01013282,11,8
E01013283,15,8
E01013284,11,8
E01013285,9,7
E01013286,19,8
E01013287,23,9
E01013288,18,9
E01013289,22,11
E01013290,28,15
E01013291,12,7
E01013292,14,8
E01013293,28,15
E01013294,25,14
E01013295,22,10
E01013296,8,6
E01013297,16,8
E01013298,13,8
E01013299,16,8
E01013300,6,6
E01013301,17,8
E01013302,21,9
E01013303,25,16
E01013304,31,17
E01013305,22,12
E01013306,25,14
E01013307,17,11
E01013308,9,8
E01013309,27,15
E01013310,17,9
E01013311,18,9
E01013312,11,8
E01013313,14,9
E01013314,12,8
E01013315,12,8
E01013316,11,8
E01013317,10,7
E01013318,7,7
E01013319,12,8
E01013320,15,8
E01013321,12,8
E01013322,9,7
E01013323,11,8
E01013324,28,13
E01013325,13,10
E01013326,16,11
E01013327,18,11
E01013328,19,12
E01013329,12,7
E01013330,4,6
E01013331,9,7
E01013332,5,6
E01013333,9,7
E01013334,16,8
E01013335,13,8
E01013336,8,7
E01013337,14,8
E01013338,15,9
E01013339,15,9
E01013340,23,12
E01013341,22,12
E01013342,28,13
E01013343,20,10
E01013344,18,8
E01013345,23,9
E01013346,25,11
E01013347,25,11
E01013348,14,9
E01013349,27,12
E01013350,22,11
E01013351,26,13
E01013352,23,13
E01013353,17,8
E01013354,18,11
E01013355,18,10
E01013356,18,9
E01013357,16,10
E01013358,13,8
E01013359,16,8
E01013360,22,11
E01013361,17,9
E01013362,18,10
E01013363,15,9
E01013364,14,9
E01013365,23,12
E01013366,13,8
E01013368,15,8
E01013369,9,7
E01013370,10,8
E01013371,13,9
E01013372,6,7
E01013373,12,8
E01013374,15,9
E01013375,16,9
E01013376,11,8
E01013377,11,8
E01013378,14,9
E01013379,7,7
E01013380,4,6
E01013381,13,7
E01013382,11,7
E01013383,7,6
E01013384,10,7
E01013385,18,9
E01013386,17,9
E01013387,15,8
E01013388,17,9
E01013389,18,9
E01013390,21,10
E01013391,15,8
E01013392,12,8
E01013393,11,8
E01013394,6,8
E01013395,11,7
E01013396,6,6
E01013397,10,7
E01013398,15,9
E01013399,14,8
E01013400,16,9
E01013401,15,8
E01013402,11,8
E01013403,17,9
E01013404,21,12
E01013405,22,10
E01013406,20,10
E01013407,20,12
E01013408,22,13
E01013409,25,12
E01013410,18,12
E01013411,24,11
E01013412,12,7
E01013413,12,7
E01013414,15,8
E01013416,8,7
E01013417,5,6
E01013418,14,8
E01013419,16,9
E01013420,12,8
E01013421,20,11
E01013422,19,12
E01013423,9,7
E01013424,6,6
E01013425,9,7
E01013426,23,14
E01013427,21,13
E01013428,29,13
E01013429,28,14
E01013430,25,16
E01013431,30,14
E01013432,29,15
E01013433,30,14
E01013434,29,14
E01013435,32,14
E01013436,17,10
E01013437,25,14
E01013438,8,7
E01013439,11,7
E01013440,13,7
E01013441,7,7
E01013442,11,7
E01013443,11,8
E01013444,14,8
E01013445,6,7
E01013446,9,7
E01013447,6,6
E01013448,12,9
E01013449,13,9
E01013450,31,12
E01013451,10,7
E01013452,42,12
E01013453,11,7
E01013454,15,8
E01013455,16,9
E01013456,9,7
E01013457,13,8
E01013458,15,9
E01013459,12,8
E01013460,8,7
E01013461,8,7
E01013462,11,7
E01013463,9,7
E01013464,10,8
E01013465,14,8
E01013466,10,8
E01013467,9,8
E01013468,9,8
E01013469,6,7
E01013470,9,7
E01013471,10,7
E01013472,13,8
E01013473,4,6
E01013474,4,6
E01013475,11,8
E01013476,7,7
E01013477,6,7
E01013479,4,6
E01013480,5,7
E01013481,8,7
E01013483,10,7
E01013484,6,7
E01013485,7,7
E01013486,6,6
E01013487,5,6
E01013488,16,9
E01013489,17,11
E01013490,17,11
E01013491,13,8
E01013492,17,10
E01013493,15,9
E01013494,18,11
E01013495,17,9
E01013496,10,8
E01013497,16,9
E01013498,13,8
E01013499,15,8
E01013500,14,8
E01013501,8,7
E01013502,7,6
E01013503,13,8
E01013504,15,8
E01013505,10,7
E01013506,7,6
E01013507,10,7
E01013508,12,7
E01013509,17,8
E01013510,13,8
E01013511,14,8
E01013512,16,9
E01013513,11,7
E01013514,10,8
E01013515,18,9
E01013517,22,10
E01013518,20,9
E01013519,4,6
E01013520,11,10
E01013521,21,11
E01013522,7,7
E01013523,6,6
E01013524,4,6
E01013525,11,8
E01013526,13,8
E01013527,9,8
E01013528,5,6
E01013529,8,7
E01013530,17,9
E01013531,18,10
E01013532,18,10
E01013533,15,8
E01013534,16,8
E01013535,9,7
E01013536,10,7
E01013537,13,8
E01013538,6,7
E01013539,11,7
E01013540,10,7
E01013541,6,6
E01013542,17,10
E01013543,13,9
E01013544,12,9
E01013545,14,9
E01013546,15,9
E01013547,11,7
E01013548,19,9
E01013549,25,10
E01013550,14,8
E01013551,10,7
E01013552,21,10
E01013553,24,10
E01013554,4,6
E01013555,20,10
E01013556,13,8
E01013557,13,7
E01013558,13,8
E01013559,10,7
E01013560,6,7
E01013561,5,6
E01013562,5,6
E01013563,7,7
E01013564,19,8
E01013565,8,7
E01013566,4,6
E01013567,4,6
E01013568,7,6
E01013569,4,6
E01013570,6,6
E01013571,5,6
E01013572,10,7
E01013573,6,6
E01013574,15,8
E01013575,16,8
E01013576,10,7
E01013577,12,7
E01013578,15,8
E01013579,8,7
E01013580,5,7
E01013581,14,8
E01013582,8,7
E01013583,11,9
E01013584,14,9
E01013585,11,10
E01013586,12,11
E01013587,12,10
E01013588,10,12
E01013589,11,14
E01013590,13,8
E01013591,12,8
E01013592,6,6
E01013593,10,7
E01013594,9,7
E01013595,12,7
E01013596,7,6
E01013597,10,7
E01013598,16,9
E01013599,12,7
E01013600,15,8
E01013601,9,7
E01013602,16,8
E01013603,14,9
E01013604,9,7
E01013605,12,8
E01013606,6,6
E01013607,8,7
E01013608,7,6
E01013609,6,7
E01013610,8,7
E01013611,12,9
E01013612,6,6
E01013613,11,7
E01013614,8,7
E01013615,12,7
E01013616,9,7
E01013617,15,8
E01013618,9,7
E01013619,6,7
E01013620,4,6
E01013621,7,7
E01013622,6,7
E01013623,9,7
E01013624,9,7
E01013625,5,6
E01013626,4,6
E01013627,3,6
E01013628,10,7
E01013629,8,7
E01013630,7,7
E01013631,9,7
E01013632,13,8
E01013633,6,6
E01013634,10,7
E01013635,6,7
E01013636,12,8
E01013637,12,7
E01013638,9,7
E01013639,13,8
E01013640,9,8
E01013641,6,6
E01013642,7,7
E01013643,4,6
E01013646,7,7
E01013647,5,7
E01013648,4,6
E01013649,7,7
E01013650,5,6
E01013651,13,7
E01013652,14,8
E01013653,5,6
E01013654,4,7
E01013655,8,7
E01013656,6,6
E01013657,4,6
E01013658,7,7
E01013659,5,6
E01013660,6,6
E01013661,5,7
E01013662,8,7
E01013663,5,7
E01013664,12,8
E01013665,5,6
E01013666,11,8
E01013667,16,9
E01013668,12,8
E01013669,6,7
E01013670,14,8
E01013671,15,8
E01013672,16,9
E01013673,7,7
E01013674,6,6
E01013675,11,7
E01013676,11,7
E01013677,12,8
E01013678,9,7
E01013679,11,8
E01013680,7,7
E01013681,5,7
E01013682,10,7
E01013683,5,6
E01013684,5,6
E01013685,12,8
E01013686,10,8
E01013687,12,8
E01013688,13,8
E01013689,7,7
E01013690,11,8
E01013691,8,7
E01013692,12,8
E01013693,5,6
E01013694,6,6
E01013695,10,7
E01013696,14,8
E01013697,11,7
E01013698,9,7
E01013699,11,7
E01013700,8,7
E01013702,10,8
E01013703,12,8
E01013704,18,9
E01013705,11,7
E01013706,17,8
E01013707,5,7
E01013709,9,7
E01013710,13,8
E01013711,15,8
E01013712,17,9
E01013713,5,6
E01013714,5,6
E01013715,7,7
E01013716,5,7
E01013717,10,7
E01013718,7,6
E01013719,3,7
E01013720,5,7
E01013721,11,7
E01013722,9,7
E01013723,7,7
E01013725,12,8
E01013726,7,7
E01013727,8,7
E01013728,12,7
E01013729,12,8
E01013730,6,7
E01013731,11,8
E01013732,14,8
E01013733,17,9
E01013734,9,7
E01013735,8,7
E01013736,14,8
E01013737,10,8
E01013738,11,8
E01013739,4,6
E01013740,8,7
E01013741,10,7
E01013742,2,6
E01013743,3,6
E01013744,4,6
E01013745,4,6
E01013746,4,6
E01013747,7,7
E01013748,3,6
E01013749,11,8
E01013750,4,6
E01013751,2,6
E01013752,2,6
E01013753,4,6
E01013754,10,8
E01013755,8,7
E01013756,4,6
E01013757,11,7
E01013758,4,6
E01013759,8,7
E01013760,3,6
E01013761,5,6
E01013762,4,6
E01013763,6,7
E01013764,9,7
E01013765,5,6
E01013766,5,6
E01013767,13,8
E01013768,12,8
E01013770,15,8
E01013771,15,9
E01013772,4,6
E01013773,15,9
E01013774,4,6
E01013775,6,6
E01013776,5,6
E01013777,7,6
E01013778,5,6
E01013779,4,6
E01013780,14,8
E01013781,5,6
E01013782,5,6
E01013783,12,8
E01013784,6,6
E01013785,15,8
E01013786,9,7
E01013787,32,11
E01013788,17,11
E01013789,25,12
E01013790,29,14
E01013791,35,15
E01013792,44,15
E01013793,18,10
E01013794,32,11
E01013795,25,12
E01013796,17,9
E01013797,36,15
E01013798,25,9
E01013799,9,7
E01013800,10,7
E01013801,4,6
E01013802,17,8
E01013803,12,7
E01013804,19,13
E01013805,14,13
E01013806,14,8
E01013807,11,7
E01013808,12,8
E01013809,24,18
E01013810,7,7
E01013811,5,6
E01013812,5,6
E01013813,11,8
E01013814,7,7
E01013815,11,7
E01013816,9,7
E01013817,14,8
E01013818,8,7
E01013819,6,7
E01013820,10,7
E01013821,12,7
E01013822,10,7
E01013823,6,7
E01013824,8,7
E01013825,10,7
E01013826,14,9
E01013827,8,7
E01013828,12,7
E01013829,13,8
E01013830,8,7
E01013831,14,9
E01013832,5,6
E01013833,8,7
E01013834,14,9
E01013835,9,8
E01013836,13,8
E01013837,14,8
E01013838,13,7
E01013839,4,6
E01013840,10,7
E01013841,4,6
E01013842,7,7
E01013843,8,6
E01013844,6,6
E01013845,9,7
E01013846,5,6
E01013847,8,6
E01013849,13,8
E01013850,12,8
E01013851,12,8
E01013852,6,6
E01013853,9,7
E01013854,9,8
E01013855,6,7
E01013856,7,7
E01013858,5,6
E01013859,9,7
E01013860,4,6
E01013861,9,7
E01013862,10,7
E01013863,10,7
E01013864,13,7
E01013865,6,6
E01013866,5,6
E01013867,11,8
E01013868,7,7
E01013870,13,8
E01013871,4,7
E01013872,8,8
E01013873,8,7
E01013874,11,8
E01013875,17,9
E01013876,11,8
E01013877,5,7
E01013878,12,8
E01013879,12,8
E01013880,12,8
E01013881,9,7
E01013882,6,7
E01013883,17,9
E01013884,16,9
E01013885,6,6
E01013886,10,7
E01013887,7,7
E01013888,7,7
E01013889,12,8
E01013890,10,7
E01013891,10,7
E01013892,6,7
E01013893,10,8
E01013894,9,8
E01013895,16,11
E01013896,12,8
E01013897,6,7
E01013898,9,7
E01013899,7,7
E01013900,6,7
E01013901,12,10
E01013902,15,10
E01013903,11,8
E01013904,12,7
E01013905,14,8
E01013906,8,7
E01013907,5,7
E01013908,15,8
E01013909,17,9
E01013910,12,8
E01013911,15,8
E01013912,14,8
E01013913,6,6
E01013914,6,6
E01013915,9,7
E01013916,7,7
E01013917,8,7
E01013918,8,6
E01013919,9,7
E01013920,7,7
E01013921,11,7
E01013924,7,7
E01013926,10,8
E01013928,13,9
E01013929,6,7
E01013930,12,8
E01013931,11,8
E01013932,8,8
E01013933,11,9
E01013934,12,8
E01013935,14,9
E01013936,16,9
E01013937,13,7
E01013938,6,7
E01013939,10,7
E01013940,17,9
E01013941,6,6
E01013942,13,8
E01013943,6,6
E01013944,11,8
E01013945,8,7
E01013947,10,7
E01013948,7,7
E01013953,5,6
E01013954,4,6
E01013957,5,6
E01013958,8,7
E01013959,7,7
E01013960,5,7
E01013961,8,7
E01013962,9,7
E01013963,11,8
E01013964,7,6
E01013965,9,7
E01013966,7,7
E01013967,11,8
E01013968,10,7
E01013969,4,6
E01013970,7,7
E01013971,6,6
E01013972,6,6
E01013973,10,8
E01013974,8,8
E01013975,9,8
E01013976,12,8
E01013977,15,9
E01013978,11,9
E01013979,8,7
E01013980,12,7
E01013981,15,8
E01013982,8,7
E01013983,9,7
E01013984,10,7
E01013985,10,7
E01013986,17,9
E01013987,19,10
E01013988,16,9
E01013989,19,10
E01013990,24,10
E01013991,32,19
E01013992,8,7
E01013993,11,8
E01013994,11,7
E01013995,10,7
E01013996,7,7
E01013997,7,7
E01013998,30,17
E01013999,18,9
E01014000,60,14
E01014001,28,10
E01014002,10,8
E01014003,14,8
E01014004,62,19
E01014005,6,6
E01014006,36,18
E01014007,22,12
E01014008,66,18
E01014009,89,20
E01014010,6,7
E01014011,6,7
E01014012,32,16
E01014013,26,19
E01014014,63,19
E01014015,58,17
E01014016,14,7
E01014017,45,14
E01014018,68,30
E01014019,38,19
E01014020,94,20
E01014021,25,8
E01014022,23,14
E01014023,32,18
E01014024,90,18
E01014025,54,19
E01014026,50,15
E01014027,31,13
E01014028,17,8
E01014029,8,7
E01014030,13,8
E01014031,32,16
E01014032,30,12
E01014033,18,8
E01014034,12,7
E01014035,6,6
E01014036,18,8
E01014037,10,7
E01014038,11,8
E01014039,13,9
E01014040,9,7
E01014041,9,7
E01014042,16,8
E01014043,11,7
E01014044,13,9
E01014045,22,9
E01014046,15,8
E01014047,7,6
E01014048,10,7
E01014049,23,12
E01014050,88,20
E01014051,31,21
E01014052,68,22
E01014053,42,14
E01014054,73,15
E01014055,43,16
E01014056,50,14
E01014057,30,12
E01014058,39,13
E01014059,48,17
E01014060,19,8
E01014061,15,8
E01014062,8,6
E01014063,11,7
E01014064,14,8
E01014065,20,9
E01014066,6,7
E01014067,10,7
E01014068,20,10
E01014069,25,12
E01014070,18,9
E01014071,12,8
E01014072,20,10
E01014073,23,11
E01014074,14,9
E01014075,16,9
E01014076,11,9
E01014077,21,13
E01014078,18,11
E01014079,21,13
E01014080,13,10
E01014081,34,20
E01014082,34,18
E01014083,22,13
E01014084,16,10
E01014085,19,11
E01014086,5,6
E01014087,22,12
E01014088,23,12
E01014089,22,11
E01014090,24,10
E01014091,17,9
E01014092,11,8
E01014093,21,10
E01014094,18,10
E01014095,20,10
E01014096,43,15
E01014097,39,13
E01014098,13,8
E01014099,31,12
E01014100,36,19
E01014101,43,18
E01014102,17,10
E01014103,15,10
E01014104,19,9
E01014105,14,8
E01014106,13,8
E01014107,12,9
E01014108,12,8
E01014109,9,7
E01014110,16,9
E01014111,26,11
E01014112,16,8
E01014113,8,7
E01014114,11,7
E01014115,20,9
E01014116,15,8
E01014117,21,10
E01014118,17,10
E01014119,14,8
E01014120,9,7
E01014121,15,8
E01014122,16,9
E01014123,16,9
E01014124,6,7
E01014125,8,7
E01014126,6,7
E01014127,8,7
E01014128,14,8
E01014129,14,9
E01014130,13,9
E01014131,37,15
E01014132,23,12
E01014133,11,8
E01014134,15,9
E01014135,66,14
E01014136,48,16
E01014137,22,11
E01014138,17,10
E01014139,20,11
E01014140,19,11
E01014141,19,9
E01014142,20,11
E01014143,19,11
E01014144,15,8
E01014145,8,7
E01014146,18,10
E01014147,21,9
E01014148,20,9
E01014149,11,7
E01014150,15,8
E01014151,13,7
E01014152,10,7
E01014153,7,7
E01014154,18,9
E01014155,19,10
E01014156,22,10
E01014157,26,9
E01014158,21,9
E01014159,9,7
E01014160,12,8
E01014161,14,8
E01014162,7,7
E01014163,13,8
E01014164,8,7
E01014165,15,9
E01014166,14,8
E01014167,20,9
E01014168,14,8
E01014169,12,8
E01014170,15,10
E01014171,13,8
E01014172,17,9
E01014173,16,8
E01014174,27,10
E01014175,13,8
E01014176,4,6
E01014177,8,7
E01014178,8,7
E01014179,14,9
E01014180,14,8
E01014181,24,11
E01014182,22,10
E01014183,20,9
E01014184,20,9
E01014185,13,7
E01014186,15,8
E01014187,15,8
E01014188,10,8
E01014189,7,7
E01014190,6,7
E01014191,5,7
E01014192,4,6
E01014193,7,9
E01014194,13,9
E01014195,14,9
E01014196,5,8
E01014197,5,7
E01014198,6,8
E01014199,12,9
E01014200,10,8
E01014201,7,8
E01014202,26,10
E01014203,14,8
E01014204,21,11
E01014205,16,9
E01014206,16,9
E01014207,19,10
E01014208,14,8
E01014209,15,10
E01014210,11,7
E01014211,12,8
E01014212,11,8
E01014213,10,7
E01014214,9,7
E01014215,10,7
E01014216,8,6
E01014217,5,6
E01014218,6,7
E01014219,7,7
E01014220,12,7
E01014221,7,7
E01014222,14,8
E01014223,20,9
E01014224,16,9
E01014225,11,8
E01014226,13,7
E01014228,16,8
E01014229,19,9
E01014230,8,7
E01014231,4,6
E01014233,11,8
E01014234,10,7
E01014235,6,6
E01014236,11,8
E01014237,6,6
E01014238,13,8
E01014239,11,7
E01014240,9,7
E01014241,13,7
E01014242,15,8
E01014243,16,8
E01014244,15,8
E01014245,13,7
E01014246,11,7
E01014247,9,7
E01014248,12,7
E01014249,8,6
E01014250,5,6
E01014251,7,6
E01014252,11,7
E01014253,16,8
E01014254,6,6
E01014255,7,7
E01014256,10,7
E01014257,16,10
E01014258,25,9
E01014259,16,8
E01014260,17,9
E01014261,13,9
E01014262,16,8
E01014263,14,8
E01014264,27,11
E01014265,7,7
E01014266,15,8
E01014267,10,7
E01014268,14,8
E01014269,15,9
E01014270,17,8
E01014271,15,9
E01014272,8,6
E01014273,12,7
E01014274,8,7
E01014275,6,7
E01014276,7,7
E01014277,14,8
E01014278,11,8
E01014279,11,7
E01014280,16,9
E01014281,5,6
E01014282,12,7
E01014283,10,7
E01014284,14,7
E01014285,15,8
E01014286,8,7
E01014287,8,7
E01014288,8,6
E01014289,4,6
E01014290,7,6
E01014291,10,7
E01014292,10,7
E01014293,5,6
E01014294,14,8
E01014295,12,7
E01014296,17,8
E01014297,16,9
E01014298,10,7
E01014299,14,8
E01014300,11,7
E01014301,20,9
E01014302,8,7
E01014303,17,9
E01014304,19,9
E01014305,9,7
E01014306,3,6
E01014307,11,7
E01014308,6,7
E01014309,5,6
E01014310,15,7
E01014311,9,7
E01014312,7,6
E01014313,9,7
E01014314,19,9
E01014315,11,8
E01014316,9,6
E01014317,11,7
E01014318,6,7
E01014319,12,7
E01014320,7,8
E01014321,5,6
E01014322,12,7
E01014323,14,7
E01014324,14,8
E01014325,5,6
E01014326,5,6
E01014327,12,7
E01014328,11,7
E01014329,14,8
E01014330,11,8
E01014331,9,7
E01014332,12,7
E01014333,8,7
E01014334,6,6
E01014335,11,7
E01014336,6,7
E01014337,11,7
E01014338,10,7
E01014339,6,6
E01014340,4,6
E01014341,14,8
E01014342,8,7
E01014343,6,6
E01014344,8,7
E01014345,6,6
E01014346,9,7
E01014347,13,7
E01014348,8,7
E01014349,5,6
E01014350,11,7
E01014351,15,9
E01014352,16,8
E01014353,7,7
E01014354,5,6
E01014355,5,6
E01014356,9,7
E01014357,4,6
E01014358,10,7
E01014359,6,6
E01014360,13,8
E01014361,6,6
E01014362,24,10
E01014363,20,9
E01014364,15,8
E01014365,17,8
E01014366,14,8
E01014367,11,7
E01014368,6,6
E01014369,21,10
E01014370,8,7
E01014371,3,6
E01014372,9,7
E01014373,7,7
E01014374,13,8
E01014375,21,9
E01014376,15,8
E01014377,17,9
E01014379,20,10
E01014380,11,8
E01014381,7,7
E01014382,14,8
E01014383,25,11
E01014384,26,12
E01014385,28,14
E01014386,36,14
E01014387,11,8
E01014388,9,7
E01014389,6,7
E01014390,17,9
E01014391,18,10
E01014392,35,11
E01014393,20,10
E01014394,18,10
E01014395,19,11
E01014396,13,8
E01014397,16,10
E01014398,17,10
E01014399,15,8
E01014400,8,7
E01014401,9,7
E01014402,14,8
E01014403,3,6
E01014404,9,7
E01014405,12,7
E01014407,5,6
E01014409,9,7
E01014410,8,7
E01014411,8,7
E01014412,12,7
E01014413,16,9
E01014414,12,7
E01014415,13,7
E01014416,15,9
E01014417,15,8
E01014418,13,8
E01014419,30,13
E01014420,12,7
E01014421,8,7
E01014422,11,7
E01014423,6,7
E01014424,19,9
E01014425,15,8
E01014426,14,7
E01014427,9,7
E01014428,4,6
E01014429,8,7
E01014430,9,7
E01014431,13,7
E01014432,14,8
E01014433,18,10
E01014434,9,7
E01014435,4,6
E01014436,6,6
E01014437,12,7
E01014438,12,7
E01014439,9,7
E01014440,14,8
E01014441,15,8
E01014442,14,9
E01014443,12,9
E01014444,12,8
E01014445,8,7
E01014446,30,13
E01014447,18,8
E01014448,13,8
E01014449,11,7
E01014450,13,8
E01014451,10,7
E01014452,22,13
E01014453,25,13
E01014454,27,13
E01014455,10,7
E01014456,8,6
E01014457,14,7
E01014458,13,8
E01014459,6,6
E01014460,9,7
E01014461,12,7
E01014462,11,8
E01014463,6,7
E01014464,6,7
E01014465,3,6
E01014466,6,6
E01014467,4,6
E01014468,7,7
E01014469,8,7
E01014470,9,7
E01014471,6,6
E01014472,14,9
E01014473,10,7
E01014474,12,8
E01014475,10,7
E01014476,13,7
E01014477,17,10
E01014478,18,10
E01014479,19,9
E01014480,14,9
E01014481,9,7
E01014482,9,8
E01014483,5,7
E01014484,7,7
E01014485,10,8
E01014486,9,7
E01014487,8,7
E01014488,8,7
E01014489,4,6
E01014491,12,7
E01014492,7,7
E01014493,7,7
E01014494,8,7
E01014495,6,7
E01014496,17,11
E01014497,18,9
E01014498,13,8
E01014499,14,9
E01014500,12,8
E01014501,24,11
E01014502,12,9
E01014504,16,8
E01014505,15,8
E01014506,20,9
E01014507,4,6
E01014508,3,6
E01014509,9,7
E01014510,7,6
E01014511,8,7
E01014512,7,7
E01014513,11,7
E01014514,4,6
E01014515,9,7
E01014516,12,8
E01014517,16,8
E01014518,4,6
E01014519,5,6
E01014520,14,8
E01014521,11,8
E01014522,10,7
E01014523,13,7
E01014524,14,8
E01014525,14,7
E01014526,16,9
E01014527,17,8
E01014528,12,8
E01014529,11,7
E01014530,14,9
E01014531,13,8
E01014532,9,7
E01014533,14,7
E01014534,11,8
E01014535,17,10
E01014536,23,11
E01014537,5,6
E01014538,4,6
E01014539,6,7
E01014540,9,8
E01014542,9,7
E01014544,9,7
E01014545,9,7
E01014546,12,9
E01014547,15,9
E01014548,17,10
E01014549,17,9
E01014550,16,10
E01014551,9,7
E01014552,5,6
E01014553,4,6
E01014554,11,7
E01014555,15,8
E01014556,6,7
E01014557,5,6
E01014558,5,6
E01014559,10,7
E01014560,8,7
E01014561,9,7
E01014562,11,7
E01014563,7,6
E01014564,11,8
E01014565,11,8
E01014566,10,7
E01014567,5,7
E01014568,7,7
E01014569,5,7
E01014570,11,8
E01014571,14,8
E01014572,11,8
E01014573,13,9
E01014574,6,7
E01014575,13,8
E01014576,19,9
E01014577,17,9
E01014578,12,8
E01014579,8,8
E01014580,17,9
E01014581,14,9
E01014582,12,8
E01014583,17,9
E01014584,6,7
E01014585,17,9
E01014586,18,10
E01014587,16,10
E01014588,6,6
E01014589,14,7
E01014590,3,6
E01014591,12,7
E01014592,7,7
E01014593,8,7
E01014594,10,7
E01014595,10,7
E01014596,9,8
E01014597,13,8
E01014598,17,8
E01014599,14,7
E01014600,5,6
E01014601,7,7
E01014602,12,8
E01014603,13,8
E01014605,6,7
E01014607,9,8
E01014608,9,8
E01014609,14,9
E01014610,10,9
E01014611,13,9
E01014612,11,9
E01014613,15,9
E01014614,14,9
E01014615,12,8
E01014616,9,7
E01014617,12,7
E01014618,12,7
E01014619,9,7
E01014620,4,7
E01014621,8,7
E01014622,14,8
E01014623,16,8
E01014624,17,8
E01014626,16,8
E01014627,15,8
E01014629,12,7
E01014630,8,7
E01014631,7,6
E01014632,7,7
E01014633,15,8
E01014634,7,6
E01014635,8,6
E01014636,12,8
E01014637,5,6
E01014638,19,10
E01014639,18,10
E01014640,17,11
E01014641,14,8
E01014642,15,9
E01014643,5,6
E01014644,9,7
E01014645,8,7
E01014646,10,7
E01014647,15,8
E01014648,6,6
E01014649,4,6
E01014650,10,7
E01014651,4,6
E01014653,8,7
E01014654,7,7
E01014655,5,7
E01014658,4,7
E01014659,8,6
E01014660,12,8
E01014661,8,7
E01014662,7,6
E01014663,12,7
E01014664,18,9
E01014665,14,8
E01014666,12,7
E01014667,12,7
E01014668,13,8
E01014669,14,7
E01014670,12,7
E01014671,10,7
E01014672,15,8
E01014673,6,7
E01014674,11,7
E01014675,9,7
E01014676,8,7
E01014677,13,7
E01014678,8,7
E01014679,14,7
E01014680,15,8
E01014681,14,8
E01014682,7,7
E01014683,10,7
E01014684,12,8
E01014685,10,7
E01014686,14,8
E01014687,3,6
E01014688,12,7
E01014689,6,7
E01014690,8,7
E01014691,5,6
E01014692,12,7
E01014693,17,9
E01014694,7,7
E01014695,16,9
E01014696,12,7
E01014698,8,7
E01014699,12,8
E01014700,17,8
E01014701,6,6
E01014702,12,7
E01014703,14,9
E01014704,14,9
E01014705,8,7
E01014706,8,7
E01014707,5,6
E01014708,16,10
E01014709,8,8
E01014710,7,7
E01014711,15,8
E01014712,12,8
E01014713,12,8
E01014714,12,9
E01014715,10,7
E01014716,15,8
E01014717,12,7
E01014718,12,7
E01014719,4,6
E01014720,12,7
E01014721,6,6
E01014722,17,10
E01014723,18,10
E01014725,18,10
E01014726,9,8
E01014727,12,8
E01014729,11,9
E01014730,8,8
E01014731,12,9
E01014732,5,7
E01014733,11,9
E01014734,12,9
E01014735,11,8
E01014736,14,8
E01014737,24,12
E01014738,19,10
E01014739,30,14
E01014740,26,14
E01014741,10,7
E01014742,12,7
E01014744,33,13
E01014745,15,9
E01014746,23,11
E01014747,27,14
E01014748,10,7
E01014749,11,7
E01014750,12,8
E01014751,11,8
E01014752,8,9
E01014753,5,7
E01014754,16,9
E01014755,16,8
E01014756,14,9
E01014757,14,9
E01014758,19,10
E01014759,15,9
E01014760,20,9
E01014761,17,10
E01014762,15,10
E01014763,14,10
E01014764,29,13
E01014765,30,12
E01014766,19,10
E01014767,8,7
E01014769,22,12
E01014770,24,12
E01014771,28,12
E01014772,24,11
E01014773,30,11
E01014774,25,10
E01014775,15,9
E01014776,16,9
E01014777,12,7
E01014778,17,8
E01014779,14,9
E01014780,14,8
E01014781,12,7
E01014782,16,8
E01014783,13,8
E01014784,8,7
E01014785,20,9
E01014786,6,6
E01014787,10,7
E01014789,14,10
E01014790,13,8
E01014792,9,7
E01014793,20,11
E01014794,18,12
E01014795,12,8
E01014796,15,8
E01014797,16,9
E01014798,18,10
E01014799,10,7
E01014800,7,7
E01014801,6,7
E01014802,7,7
E01014803,17,9
E01014804,8,7
E01014805,19,10
E01014806,4,6
E01014807,7,7
E01014808,5,6
E01014809,5,6
E01014810,14,9
E01014811,8,7
E01014812,11,7
E01014813,7,6
E01014815,7,7
E01014816,10,7
E01014817,12,7
E01014818,17,9
E01014819,14,8
E01014820,8,6
E01014821,24,10
E01014822,22,9
E01014823,22,10
E01014824,18,8
E01014825,18,8
E01014826,19,9
E01014827,16,8
E01014828,17,10
E01014829,11,8
E01014830,11,7
E01014831,5,6
E01014832,7,7
E01014833,6,7
E01014834,16,10
E01014835,12,8
E01014836,8,7
E01014838,7,7
E01014839,8,7
E01014840,13,7
E01014841,16,9
E01014842,16,8
E01014843,14,8
E01014844,13,8
E01014845,12,7
E01014846,14,8
E01014847,33,11
E01014848,40,13
E01014849,28,15
E01014850,26,13
E01014851,25,16
E01014852,16,10
E01014853,23,11
E01014854,36,13
E01014855,31,16
E01014856,33,17
E01014857,31,16
E01014858,41,14
E01014859,27,16
E01014860,34,16
E01014861,20,10
E01014862,11,7
E01014863,19,9
E01014864,18,9
E01014865,21,11
E01014866,13,10
E01014867,19,12
E01014868,24,13
E01014869,25,16
E01014870,23,9
E01014871,12,8
E01014872,17,10
E01014873,13,8
E01014874,16,9
E01014875,6,7
E01014876,13,9
E01014877,12,8
E01014878,7,7
E01014879,10,8
E01014880,11,8
E01014881,17,10
E01014882,8,8
E01014883,15,8
E01014884,23,14
E01014885,21,12
E01014886,19,9
E01014887,21,10
E01014888,17,9
E01014889,16,8
E01014890,32,16
E01014891,44,14
E01014892,16,9
E01014893,16,9
E01014894,16,8
E01014895,16,8
E01014896,18,10
E01014897,13,9
E01014898,8,7
E01014899,5,6
E01014900,10,7
E01014901,15,9
E01014902,16,10
E01014903,13,9
E01014904,14,8
E01014905,13,7
E01014906,13,8
E01014907,7,6
E01014908,13,8
E01014909,4,6
E01014910,17,9
E01014911,9,7
E01014912,18,10
E01014913,17,9
E01014914,18,10
E01014915,12,7
E01014916,10,7
E01014917,11,7
E01014918,14,8
E01014919,7,7
E01014920,9,7
E01014921,11,7
E01014922,11,8
E01014923,14,8
E01014924,8,8
E01014925,13,8
E01014926,9,7
E01014927,6,7
E01014928,12,7
E01014929,22,11
E01014930,28,15
E01014931,14,8
E01014932,15,9
E01014933,13,9
E01014934,18,10
E01014935,9,8
E01014936,12,7
E01014937,15,8
E01014938,5,6
E01014939,7,7
E01014940,7,7
E01014941,7,8
E01014942,10,8
E01014943,12,8
E01014944,7,7
E01014945,8,7
E01014946,6,7
E01014947,9,9
E01014948,6,7
E01014949,10,7
E01014950,13,8
E01014951,14,8
E01014952,15,9
E01014953,11,7
E01014954,16,9
E01014955,19,9
E01014956,17,9
E01014957,17,9
E01014958,13,8
E01014959,12,8
E01014960,16,8
E01014961,14,8
E01014962,33,13
E01014963,29,12
E01014964,13,8
E01014965,9,7
E01014966,9,7
E01014967,7,7
E01014968,5,6
E01014969,12,7
E01014972,14,8
E01014973,14,7
E01014974,9,7
E01014975,12,7
E01014976,14,8
E01014977,7,7
E01014978,14,9
E01014979,4,6
E01014980,8,7
E01014981,13,8
E01014982,8,8
E01014983,8,7
E01014984,11,8
E01014985,11,7
E01014986,7,6
E01014987,13,7
E01014988,11,7
E01014989,15,11
E01014990,11,7
E01014991,8,6
E01014992,14,8
E01014993,14,10
E01014994,19,11
E01014995,20,11
E01014996,21,11
E01014998,10,8
E01014999,12,8
E01015000,13,10
E01015001,15,10
E01015002,13,8
E01015003,13,8
E01015004,15,9
E01015005,7,7
E01015006,16,8
E01015007,8,7
E01015008,10,7
E01015009,8,7
E01015010,16,8
E01015011,10,7
E01015012,10,7
E01015013,15,8
E01015014,15,8
E01015015,10,8
E01015016,13,8
E01015017,7,7
E01015018,14,8
E01015019,12,8
E01015020,9,8
E01015021,5,6
E01015022,7,8
E01015023,8,8
E01015024,16,8
E01015025,14,9
E01015026,12,7
E01015027,19,9
E01015028,9,7
E01015029,8,8
E01015030,4,6
E01015031,5,6
E01015032,3,6
E01015033,13,8
E01015034,4,7
E01015035,12,8
E01015036,7,6
E01015037,12,8
E01015038,11,8
E01015039,12,7
E01015040,11,7
E01015041,8,7
E01015042,5,6
E01015043,9,7
E01015044,7,6
E01015045,10,7
E01015046,13,8
E01015047,8,8
E01015048,8,7
E01015049,4,6
E01015050,8,7
E01015051,7,6
E01015052,9,6
E01015053,6,6
E01015054,9,7
E01015055,22,11
E01015056,18,10
E01015057,16,9
E01015058,15,9
E01015059,17,8
E01015060,15,8
E01015061,11,7
E01015062,8,6
E01015063,17,9
E01015064,11,8
E01015065,14,8
E01015066,19,9
E01015067,16,9
E01015068,13,9
E01015069,15,9
E01015070,9,7
E01015071,7,7
E01015072,5,6
E01015073,16,8
E01015074,12,8
E01015075,14,8
E01015076,14,9
E01015077,11,8
E01015078,10,7
E01015079,13,7
E01015080,13,7
E01015081,13,7
E01015082,19,10
E01015083,17,10
E01015084,16,9
E01015085,10,8
E01015086,7,7
E01015087,8,7
E01015088,5,7
E01015089,8,7
E01015090,11,9
E01015091,8,7
E01015092,12,8
E01015093,10,8
E01015094,5,8
E01015095,9,8
E01015096,11,7
E01015097,12,7
E01015098,9,7
E01015099,8,7
E01015100,7,6
E01015101,11,7
E01015102,6,6
E01015103,5,6
E01015104,9,7
E01015105,9,7
E01015106,6,6
E01015107,17,9
E01015108,16,8
E01015109,18,10
E01015110,20,10
E01015111,20,11
E01015112,13,7
E01015113,16,9
E01015114,6,6
E01015115,10,7
E01015116,14,9
E01015117,17,9
E01015118,17,10
E01015119,18,10
E01015120,18,9
E01015121,18,9
E01015122,16,9
E01015123,11,7
E01015124,12,7
E01015125,18,9
E01015126,8,7
E01015127,13,8
E01015128,12,8
E01015129,14,8
E01015130,12,8
E01015131,19,10
E01015132,13,7
E01015133,13,8
E01015134,7,6
E01015135,12,7
E01015136,6,6
E01015137,14,8
E01015138,18,10
E01015139,13,8
E01015140,7,7
E01015141,11,8
E01015142,16,8
E01015143,11,7
E01015144,8,7
E01015145,14,9
E01015146,14,8
E01015147,10,7
E01015148,14,9
E01015149,6,6
E01015150,4,6
E01015151,4,6
E01015152,5,6
E01015153,6,6
E01015155,4,6
E01015156,13,8
E01015157,10,7
E01015158,5,6
E01015159,7,7
E01015160,6,8
E01015161,10,8
E01015162,8,9
E01015163,15,9
E01015164,16,10
E01015165,18,11
E01015166,10,8
E01015167,8,7
E01015168,8,7
E01015169,9,7
E01015170,8,7
E01015171,5,6
E01015172,10,7
E01015173,8,6
E01015174,7,6
E01015175,12,7
E01015176,12,7
E01015177,9,6
E01015178,7,6
E01015179,3,6
E01015180,10,7
E01015181,6,7
E01015182,5,7
E01015183,11,7
E01015184,15,8
E01015185,12,7
E01015186,5,7
E01015187,10,7
E01015188,14,8
E01015189,6,7
E01015190,17,9
E01015191,13,7
E01015192,10,7
E01015193,6,6
E01015194,11,8
E01015195,16,9
E01015196,9,7
E01015197,20,12
E01015198,15,10
E01015199,24,13
E01015200,19,11
E01015201,23,12
E01015202,12,8
E01015203,15,8
E01015204,13,8
E01015205,10,7
E01015206,9,8
E01015207,10,7
E01015208,13,8
E01015209,5,6
E01015210,15,8
E01015211,17,9
E01015212,9,7
E01015213,14,9
E01015214,9,7
E01015215,13,8
E01015216,11,7
E01015217,12,8
E01015218,6,7
E01015219,7,7
E01015220,13,8
E01015221,17,11
E01015222,16,10
E01015223,19,12
E01015224,10,7
E01015225,7,6
E01015226,18,9
E01015227,12,8
E01015228,5,6
E01015229,6,6
E01015230,15,8
E01015231,7,7
E01015232,8,7
E01015233,5,6
E01015234,9,7
E01015235,10,7
E01015236,14,8
E01015237,14,8
E01015238,11,8
E01015239,5,6
E01015240,4,6
E01015241,7,7
E01015242,10,7
E01015243,8,7
E01015244,20,9
E01015245,21,10
E01015246,17,8
E01015247,16,8
E01015248,14,7
E01015249,20,10
E01015250,22,11
E01015251,20,10
E01015252,24,10
E01015253,24,12
E01015254,18,11
E01015255,6,7
E01015256,9,8
E01015257,16,10
E01015258,17,9
E01015259,11,8
E01015260,8,7
E01015261,10,7
E01015262,20,9
E01015263,17,9
E01015264,29,11
E01015265,24,10
E01015266,19,8
E01015267,16,9
E01015268,17,10
E01015269,15,8
E01015270,17,9
E01015271,25,10
E01015272,7,6
E01015273,9,7
E01015274,5,6
E01015275,11,7
E01015276,11,7
E01015277,11,7
E01015279,6,7
E01015280,7,7
E01015281,6,7
E01015282,4,6
E01015283,14,8
E01015285,9,7
E01015286,18,9
E01015287,13,8
E01015288,15,8
E01015289,11,7
E01015290,8,7
E01015291,8,6
E01015292,13,8
E01015293,11,8
E01015294,12,7
E01015295,14,8
E01015296,11,7
E01015297,5,6
E01015298,17,9
E01015299,14,8
E01015300,12,7
E01015301,12,7
E01015302,12,8
E01015303,6,6
E01015304,12,8
E01015305,9,7
E01015306,14,8
E01015307,13,8
E01015308,15,9
E01015309,12,8
E01015310,11,8
E01015311,11,7
E01015312,15,8
E01015313,13,9
E01015314,16,8
E01015315,5,7
E01015316,16,9
E01015317,17,8
E01015318,13,7
E01015319,13,9
E01015320,9,7
E01015321,8,7
E01015322,11,7
E01015323,7,6
E01015324,5,6
E01015325,7,6
E01015326,13,7
E01015327,17,8
E01015328,17,8
E01015329,15,8
E01015330,6,6
E01015331,12,7
E01015332,11,7
E01015333,9,6
E01015334,10,7
E01015335,6,6
E01015336,13,8
E01015337,13,7
E01015338,8,7
E01015339,11,8
E01015340,6,6
E01015341,14,8
E01015342,11,7
E01015343,14,8
E01015344,14,8
E01015345,11,7
E01015346,7,6
E01015348,13,8
E01015349,9,8
E01015350,9,7
E01015351,4,6
E01015352,11,8
E01015353,14,8
E01015354,14,9
E01015355,5,6
E01015356,9,7
E01015357,14,8
E01015358,14,7
E01015359,8,7
E01015360,11,7
E01015361,10,7
E01015362,15,8
E01015363,7,6
E01015364,10,7
E01015365,5,6
E01015366,9,7
E01015367,9,7
E01015368,8,7
E01015369,9,7
E01015370,15,9
E01015371,4,7
E01015372,4,6
E01015373,6,6
E01015374,7,6
E01015375,6,7
E01015376,8,7
E01015377,5,6
E01015378,9,7
E01015379,17,10
E01015380,18,9
E01015381,13,8
E01015382,9,8
E01015383,9,7
E01015384,16,9
E01015385,15,9
E01015386,9,8
E01015387,11,9
E01015388,6,7
E01015389,15,9
E01015390,12,8
E01015391,14,9
E01015392,17,8
E01015393,12,7
E01015394,13,9
E01015395,9,8
E01015396,13,8
E01015397,18,9
E01015398,13,8
E01015399,9,7
E01015400,16,8
E01015401,13,8
E01015402,14,9
E01015403,9,8
E01015404,20,11
E01015405,16,9
E01015406,24,12
E01015407,6,7
E01015408,5,7
E01015409,13,9
E01015410,14,10
E01015411,11,8
E01015412,20,10
E01015413,17,9
E01015414,20,9
E01015415,14,9
E01015416,20,9
E01015417,4,6
E01015418,10,7
E01015419,15,8
E01015420,15,9
E01015421,14,8
E01015422,14,8
E01015423,18,8
E01015424,18,11
E01015425,20,10
E01015426,22,10
E01015427,20,11
E01015428,23,10
E01015429,16,12
E01015430,21,14
E01015431,14,11
E01015432,13,10
E01015433,17,9
E01015434,17,11
E01015435,9,7
E01015436,5,6
E01015437,8,7
E01015438,10,7
E01015439,9,7
E01015440,12,9
E01015441,7,7
E01015442,13,8
E01015443,7,7
E01015444,14,8
E01015445,15,8
E01015446,15,9
E01015447,13,9
E01015448,14,9
E01015449,12,9
E01015450,14,9
E01015451,14,9
E01015452,8,7
E01015453,5,6
E01015454,6,7
E01015455,10,7
E01015456,7,7
E01015457,9,7
E01015458,17,9
E01015459,17,9
E01015460,8,7
E01015461,12,8
E01015462,15,8
E01015463,12,8
E01015464,20,9
E01015465,8,7
E01015466,9,7
E01015468,5,7
E01015471,15,9
E01015472,11,8
E01015473,27,12
E01015474,27,13
E01015475,6,7
E01015476,6,6
E01015477,4,6
E01015478,8,7
E01015479,5,7
E01015480,8,7
E01015481,23,11
E01015482,20,11
E01015483,23,10
E01015484,15,11
E01015485,18,12
E01015486,15,11
E01015487,10,8
E01015488,16,11
E01015489,15,10
E01015490,19,11
E01015491,7,8
E01015492,5,7
E01015493,9,7
E01015494,8,7
E01015496,9,7
E01015497,8,7
E01015498,9,7
E01015499,17,10
E01015500,16,9
E01015501,14,9
E01015502,13,8
E01015503,14,9
E01015504,15,8
E01015505,13,9
E01015506,11,8
E01015507,11,8
E01015508,7,7
E01015509,7,7
E01015510,11,7
E01015511,12,7
E01015512,8,7
E01015513,7,7
E01015514,8,7
E01015515,9,8
E01015516,7,7
E01015517,11,8
E01015518,8,7
E01015519,8,7
E01015520,11,8
E01015521,15,8
E01015522,19,9
E01015523,15,8
E01015524,10,7
E01015525,13,8
E01015526,13,8
E01015527,13,8
E01015528,7,7
E01015529,9,7
E01015530,4,7
E01015532,10,7
E01015533,5,7
E01015534,10,7
E01015535,9,7
E01015536,16,9
E01015537,8,7
E01015538,8,7
E01015539,7,7
E01015540,4,6
E01015541,5,6
E01015542,10,8
E01015543,15,10
E01015544,17,11
E01015545,12,11
E01015546,13,12
E01015547,26,14
E01015548,29,15
E01015549,13,9
E01015550,18,10
E01015551,18,9
E01015552,7,7
E01015553,10,7
E01015554,12,8
E01015555,14,10
E01015556,19,9
E01015557,14,9
E01015558,16,10
E01015559,13,9
E01015560,14,9
E01015561,11,8
E01015562,6,6
E01015563,9,7
E01015564,8,8
E01015565,8,7
E01015566,6,7
E01015567,7,7
E01015568,7,7
E01015569,8,7
E01015570,4,7
E01015571,6,7
E01015572,11,9
E01015573,10,7
E01015574,13,8
E01015575,16,9
E01015576,11,8
E01015578,13,8
E01015579,15,8
E01015580,14,8
E01015581,13,8
E01015582,16,8
E01015583,21,11
E01015584,11,8
E01015585,15,8
E01015586,14,8
E01015587,6,7
E01015588,25,14
E01015589,46,17
E01015590,30,15
E01015591,18,11
E01015592,17,10
E01015593,14,9
E01015594,20,10
E01015595,24,10
E01015596,17,10
E01015597,23,11
E01015598,24,11
E01015599,8,7
E01015600,6,7
E01015601,7,7
E01015602,8,7
E01015603,7,7
E01015604,7,7
E01015605,13,8
E01015606,5,6
E01015607,6,7
E01015608,13,8
E01015609,7,7
E01015610,8,7
E01015611,18,9
E01015612,17,9
E01015613,10,9
E01015614,15,8
E01015615,14,8
E01015616,20,10
E01015617,13,7
E01015618,20,8
E01015619,18,11
E01015620,17,10
E01015621,10,7
E01015622,11,7
E01015623,16,8
E01015624,16,8
E01015626,29,16
E01015627,11,7
E01015628,25,12
E01015629,29,14
E01015630,39,13
E01015631,46,14
E01015632,5,6
E01015633,12,9
E01015634,8,8
E01015635,29,11
E01015636,38,13
E01015637,11,8
E01015638,20,10
E01015639,18,10
E01015640,18,11
E01015641,15,10
E01015642,14,9
E01015643,14,10
E01015644,10,8
E01015645,13,8
E01015646,16,10
E01015647,9,7
E01015648,17,10
E01015650,13,8
E01015651,13,8
E01015652,8,7
E01015653,14,8
E01015654,6,7
E01015655,12,8
E01015656,11,7
E01015657,10,8
E01015658,3,7
E01015659,10,8
E01015660,16,8
E01015661,4,7
E01015662,9,8
E01015663,9,7
E01015664,8,7
E01015665,6,6
E01015666,11,7
E01015667,17,8
E01015668,8,7
E01015669,15,8
E01015670,17,9
E01015671,20,11
E01015672,21,10
E01015673,23,10
E01015674,20,10
E01015675,17,8
E01015676,18,10
E01015677,17,9
E01015678,28,12
E01015679,27,13
E01015680,26,12
E01015681,30,12
E01015682,30,13
E01015683,24,11
E01015684,23,10
E01015685,17,10
E01015686,25,12
E01015687,18,9
E01015688,8,7
E01015689,20,9
E01015690,9,7
E01015691,12,8
E01015692,6,6
E01015693,19,9
E01015694,17,8
E01015695,15,8
E01015696,20,10
E01015697,20,10
E01015698,4,6
E01015699,5,6
E01015700,7,7
E01015701,5,6
E01015702,4,6
E01015703,3,6
E01015704,5,6
E01015705,5,7
E01015706,6,6
E01015707,12,8
E01015708,11,7
E01015709,8,7
E01015710,4,6
E01015711,8,7
E01015712,11,8
E01015713,16,9
E01015714,16,10
E01015715,12,8
E01015716,6,6
E01015717,10,7
E01015718,11,8
E01015719,18,10
E01015720,16,9
E01015721,16,8
E01015722,17,8
E01015723,17,10
E01015724,14,8
E01015725,6,7
E01015726,4,6
E01015727,7,7
E01015728,18,9
E01015729,7,7
E01015730,11,7
E01015731,5,6
E01015732,13,8
E01015733,17,9
E01015734,12,8
E01015735,6,6
E01015736,16,9
E01015737,12,7
E01015738,5,6
E01015739,9,7
E01015740,11,7
E01015741,4,6
E01015742,9,7
E01015743,9,8
E01015744,14,8
E01015745,16,8
E01015746,11,8
E01015747,17,10
E01015748,12,8
E01015749,4,6
E01015750,5,6
E01015751,5,6
E01015752,10,7
E01015753,13,8
E01015754,8,7
E01015755,9,7
E01015756,6,6
E01015757,8,7
E01015758,9,7
E01015759,6,6
E01015760,4,6
E01015761,11,7
E01015762,12,7
E01015763,10,7
E01015764,8,7
E01015765,9,7
E01015766,6,6
E01015767,5,7
E01015768,10,7
E01015769,13,9
E01015770,12,9
E01015771,13,9
E01015772,14,9
E01015773,13,8
E01015774,15,9
E01015775,16,8
E01015776,10,7
E01015777,13,8
E01015778,13,8
E01015779,15,8
E01015780,16,9
E01015781,17,9
E01015782,10,7
E01015783,9,7
E01015784,11,7
E01015785,5,7
E01015786,6,6
E01015787,7,6
E01015788,6,6
E01015789,9,7
E01015790,13,8
E01015791,3,6
E01015792,8,7
E01015793,10,7
E01015794,6,7
E01015795,6,7
E01015796,7,7
E01015797,14,8
E01015798,8,7
E01015799,12,8
E01015800,9,7
E01015801,8,7
E01015802,12,7
E01015803,15,8
E01015804,5,6
E01015805,10,7
E01015806,4,6
E01015807,13,8
E01015808,7,7
E01015809,9,8
E01015810,9,7
E01015811,11,8
E01015812,11,9
E01015813,10,8
E01015814,5,6
E01015815,6,6
E01015816,16,10
E01015817,14,9
E01015818,11,7
E01015819,7,7
E01015820,8,7
E01015821,6,7
E01015822,15,9
E01015823,11,8
E01015824,8,8
E01015825,10,7
E01015826,5,6
E01015827,12,7
E01015828,6,6
E01015829,10,7
E01015830,15,8
E01015831,6,6
E01015832,10,7
E01015833,10,7
E01015834,16,9
E01015835,11,8
E01015836,16,10
E01015837,17,11
E01015838,12,9
E01015839,11,7
E01015840,9,7
E01015841,6,7
E01015842,6,6
E01015843,12,7
E01015844,7,7
E01015845,12,8
E01015846,9,7
E01015847,11,7
E01015848,12,8
E01015849,9,8
E01015850,5,6
E01015851,8,7
E01015852,7,7
E01015853,11,8
E01015854,5,6
E01015855,5,6
E01015856,8,7
E01015857,14,9
E01015858,16,9
E01015859,11,7
E01015860,10,7
E01015861,11,8
E01015862,8,7
E01015863,6,7
E01015864,8,7
E01015865,15,9
E01015866,8,10
E01015867,13,9
E01015868,8,8
E01015869,10,7
E01015870,7,7
E01015871,9,7
E01015872,5,6
E01015873,6,6
E01015874,14,9
E01015875,5,6
E01015876,12,8
E01015877,8,7
E01015878,5,6
E01015879,4,6
E01015880,5,6
E01015881,12,8
E01015882,6,7
E01015883,14,8
E01015884,5,6
E01015885,15,8
E01015886,10,7
E01015887,7,6
E01015888,11,8
E01015889,9,7
E01015890,6,6
E01015891,4,6
E01015892,7,6
E01015893,10,7
E01015894,10,7
E01015895,4,6
E01015896,6,7
E01015897,12,8
E01015898,9,8
E01015899,5,7
E01015900,6,7
E01015901,13,9
E01015902,8,8
E01015903,17,9
E01015904,13,8
E01015905,15,9
E01015906,11,8
E01015907,9,7
E01015908,7,7
E01015909,10,7
E01015910,11,7
E01015911,13,7
E01015912,7,7
E01015913,6,6
E01015914,15,9
E01015915,13,9
E01015916,16,8
E01015917,9,7
E01015918,10,7
E01015919,14,8
E01015920,13,7
E01015921,15,9
E01015922,8,7
E01015923,12,8
E01015924,14,8
E01015925,11,7
E01015926,6,6
E01015927,9,7
E01015928,11,7
E01015929,7,7
E01015930,14,8
E01015931,6,7
E01015932,12,8
E01015933,16,10
E01015934,18,10
E01015935,18,9
E01015936,18,11
E01015937,19,10
E01015938,20,11
E01015939,14,8
E01015941,5,6
E01015942,11,8
E01015943,14,8
E01015944,11,7
E01015945,7,6
E01015946,7,7
E01015947,3,6
E01015948,7,7
E01015949,6,7
E01015950,17,9
E01015951,13,8
E01015952,9,7
E01015953,7,7
E01015954,4,6
E01015955,15,8
E01015956,6,6
E01015957,13,8
E01015958,12,8
E01015959,5,6
E01015960,7,6
E01015961,3,6
E01015962,4,6
E01015963,14,8
E01015964,12,7
E01015965,17,8
E01015966,13,8
E01015967,11,7
E01015968,7,6
E01015969,8,6
E01015970,7,6
E01015971,4,6
E01015972,7,7
E01015973,11,7
E01015974,15,8
E01015975,10,7
E01015976,7,7
E01015977,5,6
E01015978,35,13
E01015979,16,10
E01015980,5,6
E01015982,15,9
E01015983,7,7
E01015984,7,6
E01015985,6,6
E01015986,8,7
E01015987,13,7
E01015988,11,7
E01015989,5,6
E01015990,8,7
E01015991,10,7
E01015992,5,6
E01015993,7,6
E01015994,7,7
E01015995,11,7
E01015996,8,7
E01015997,14,7
E01015998,14,7
E01015999,8,7
E01016000,9,7
E01016001,6,7
E01016002,10,7
E01016003,7,7
E01016004,4,6
E01016005,9,7
E01016006,7,7
E01016007,9,6
E01016008,13,7
E01016009,6,6
E01016010,6,6
E01016011,17,11
E01016012,20,11
E01016013,14,9
E01016014,12,8
E01016015,15,9
E01016016,6,8
E01016017,8,8
E01016018,7,7
E01016019,4,6
E01016020,10,8
E01016021,10,8
E01016022,11,8
E01016023,12,7
E01016024,8,6
E01016025,14,8
E01016026,4,7
E01016027,20,12
E01016028,18,11
E01016029,12,8
E01016030,16,8
E01016031,6,6
E01016032,14,8
E01016033,14,8
E01016034,20,8
E01016035,12,7
E01016036,13,8
E01016037,13,7
E01016038,12,7
E01016039,6,7
E01016040,8,7
E01016041,4,6
E01016042,8,7
E01016043,7,7
E01016044,5,6
E01016045,4,6
E01016046,3,6
E01016047,7,6
E01016048,7,7
E01016049,5,6
E01016050,19,10
E01016051,22,11
E01016052,17,10
E01016053,11,8
E01016054,20,10
E01016055,19,10
E01016056,20,10
E01016057,19,11
E01016058,13,8
E01016059,17,9
E01016060,20,10
E01016061,7,6
E01016062,10,7
E01016063,8,6
E01016064,3,6
E01016065,6,6
E01016066,6,6
E01016067,8,6
E01016068,5,6
E01016069,5,6
E01016070,25,21
E01016071,27,28
E01016072,19,17
E01016073,21,12
E01016074,9,7
E01016075,9,7
E01016076,7,7
E01016077,5,6
E01016078,7,8
E01016079,9,8
E01016080,8,7
E01016081,11,7
E01016082,13,8
E01016083,11,8
E01016084,9,8
E01016085,8,7
E01016086,11,8
E01016087,4,6
E01016088,8,7
E01016089,5,7
E01016090,11,7
E01016091,9,7
E01016092,9,7
E01016093,15,8
E01016094,15,8
E01016095,16,9
E01016096,10,7
E01016097,13,8
E01016098,5,6
E01016099,5,7
E01016100,11,8
E01016101,11,8
E01016102,8,7
E01016103,12,8
E01016104,11,8
E01016105,5,6
E01016106,3,6
E01016107,9,7
E01016110,9,8
E01016111,6,6
E01016112,7,7
E01016113,6,7
E01016114,3,6
E01016115,11,8
E01016116,13,8
E01016117,7,7
E01016118,4,6
E01016119,11,7
E01016120,13,8
E01016121,8,7
E01016122,9,8
E01016123,7,7
E01016124,6,7
E01016125,9,7
E01016126,8,7
E01016127,5,6
E01016128,16,9
E01016129,14,8
E01016130,11,7
E01016131,9,7
E01016132,12,7
E01016133,16,9
E01016134,14,8
E01016135,11,7
E01016136,10,7
E01016137,7,7
E01016138,17,9
E01016139,12,8
E01016140,3,6
E01016141,5,6
E01016142,15,9
E01016143,19,10
E01016144,7,7
E01016145,5,7
E01016146,16,10
E01016147,15,8
E01016148,13,8
E01016149,19,11
E01016150,9,7
E01016151,10,8
E01016152,15,9
E01016153,4,7
E01016154,6,7
E01016155,13,8
E01016156,6,6
E01016157,12,8
E01016158,9,7
E01016159,7,6
E01016160,9,7
E01016161,5,6
E01016162,9,6
E01016163,7,6
E01016164,8,7
E01016165,6,7
E01016166,11,7
E01016167,5,7
E01016168,10,7
E01016169,11,8
E01016170,14,9
E01016171,8,6
E01016172,5,6
E01016173,7,6
E01016174,3,6
E01016175,8,7
E01016176,16,8
E01016177,7,6
E01016178,5,6
E01016179,5,6
E01016180,15,10
E01016181,20,10
E01016182,13,8
E01016183,15,10
E01016184,15,10
E01016185,13,9
E01016186,13,8
E01016187,8,7
E01016188,17,10
E01016190,13,8
E01016191,15,9
E01016192,15,9
E01016193,11,7
E01016194,19,10
E01016195,15,9
E01016196,16,8
E01016197,9,7
E01016198,14,8
E01016199,18,9
E01016200,6,7
E01016201,12,7
E01016202,12,7
E01016203,6,6
E01016204,8,7
E01016205,7,7
E01016206,8,7
E01016207,17,9
E01016208,14,8
E01016209,9,8
E01016210,6,8
E01016212,7,7
E01016213,10,8
E01016214,12,8
E01016215,6,7
E01016216,13,8
E01016217,12,8
E01016218,15,9
E01016219,13,9
E01016220,16,9
E01016221,13,8
E01016222,15,9
E01016223,9,7
E01016224,9,7
E01016225,11,8
E01016226,8,7
E01016227,23,11
E01016228,19,11
E01016229,26,11
E01016230,14,8
E01016231,12,7
E01016232,13,8
E01016233,7,7
E01016234,8,9
E01016235,12,8
E01016236,6,6
E01016237,9,8
E01016238,12,8
E01016239,13,10
E01016240,10,9
E01016241,13,10
E01016242,10,9
E01016243,13,8
E01016245,10,8
E01016246,9,7
E01016247,15,8
E01016248,8,7
E01016249,6,7
E01016250,11,8
E01016252,20,9
E01016253,21,9
E01016254,25,12
E01016255,26,12
E01016256,19,13
E01016257,49,19
E01016258,16,9
E01016259,15,9
E01016260,18,9
E01016261,12,7
E01016262,15,8
E01016263,40,13
E01016264,30,12
E01016265,28,12
E01016266,20,9
E01016267,21,11
E01016268,19,11
E01016269,27,12
E01016270,23,12
E01016271,23,13
E01016272,23,12
E01016273,19,11
E01016274,26,13
E01016275,21,11
E01016276,20,10
E01016277,19,9
E01016278,32,12
E01016279,18,9
E01016280,18,10
E01016281,18,9
E01016282,22,10
E01016283,32,11
E01016284,20,9
E01016285,65,18
E01016286,47,24
E01016287,58,20
E01016288,38,16
E01016289,14,8
E01016290,12,8
E01016291,14,8
E01016292,10,7
E01016293,18,11
E01016294,13,8
E01016295,15,8
E01016296,9,7
E01016297,16,8
E01016298,18,8
E01016299,7,6
E01016300,7,6
E01016301,22,12
E01016302,19,9
E01016303,29,16
E01016304,13,9
E01016305,14,8
E01016306,9,7
E01016307,7,6
E01016308,18,8
E01016309,25,10
E01016310,7,7
E01016311,8,7
E01016312,14,8
E01016313,11,8
E01016314,14,8
E01016315,22,9
E01016316,21,11
E01016317,17,11
E01016318,18,10
E01016319,9,7
E01016320,6,7
E01016321,12,7
E01016322,13,8
E01016323,14,8
E01016324,19,9
E01016325,11,7
E01016326,25,12
E01016327,27,11
E01016328,25,11
E01016329,12,7
E01016330,13,8
E01016331,11,8
E01016332,5,6
E01016333,17,9
E01016334,14,8
E01016335,14,8
E01016336,11,8
E01016337,10,7
E01016338,8,8
E01016339,6,7
E01016340,13,8
E01016341,12,8
E01016342,17,8
E01016343,19,8
E01016344,7,7
E01016345,9,7
E01016346,12,8
E01016347,6,7
E01016348,10,7
E01016349,16,9
E01016350,13,7
E01016353,5,6
E01016355,12,8
E01016356,12,8
E01016357,8,8
E01016358,6,7
E01016359,8,7
E01016360,4,6
E01016361,6,8
E01016362,8,7
E01016363,18,10
E01016364,5,6
E01016365,13,9
E01016366,12,8
E01016367,15,9
E01016368,15,8
E01016369,19,10
E01016370,8,7
E01016371,13,8
E01016372,12,7
E01016373,17,9
E01016374,8,7
E01016375,4,8
E01016376,6,7
E01016377,6,7
E01016378,3,7
E01016379,7,7
E01016380,9,7
E01016381,8,8
E01016382,7,7
E01016383,6,7
E01016384,13,8
E01016385,13,8
E01016386,19,10
E01016387,19,10
E01016388,14,8
E01016389,20,10
E01016390,6,7
E01016391,10,8
E01016392,11,8
E01016393,13,7
E01016394,14,8
E01016395,13,9
E01016396,9,8
E01016397,7,7
E01016398,3,6
E01016399,11,8
E01016400,9,8
E01016401,10,7
E01016402,7,7
E01016403,6,6
E01016404,5,6
E01016405,3,6
E01016406,7,7
E01016407,13,7
E01016408,18,9
E01016409,8,7
E01016410,16,10
E01016411,16,8
E01016412,17,9
E01016413,7,6
E01016414,5,7
E01016415,10,7
E01016416,6,7
E01016417,6,6
E01016418,6,6
E01016419,15,9
E01016420,18,11
E01016421,21,12
E01016422,20,10
E01016423,20,11
E01016424,17,10
E01016425,15,9
E01016426,14,8
E01016427,12,8
E01016428,10,7
E01016429,15,9
E01016430,12,7
E01016431,5,6
E01016432,10,7
E01016433,9,7
E01016434,10,7
E01016435,12,8
E01016436,12,7
E01016437,16,9
E01016438,19,9
E01016439,19,10
E01016440,22,10
E01016441,20,11
E01016442,12,7
E01016443,13,8
E01016444,6,6
E01016445,5,6
E01016446,8,7
E01016447,4,6
E01016448,4,6
E01016449,10,7
E01016450,8,7
E01016451,4,6
E01016452,7,7
E01016453,13,8
E01016454,6,6
E01016455,10,8
E01016456,11,8
E01016457,12,8
E01016458,10,8
E01016459,7,7
E01016460,4,6
E01016461,11,7
E01016462,5,7
E01016463,13,7
E01016464,8,7
E01016465,14,8
E01016467,6,6
E01016468,8,7
E01016469,8,7
E01016470,8,7
E01016471,7,6
E01016472,6,6
E01016473,12,8
E01016474,18,8
E01016475,17,8
E01016476,7,7
E01016477,18,8
E01016478,22,8
E01016479,20,11
E01016480,22,11
E01016481,28,12
E01016482,33,14
E01016483,10,7
E01016484,6,7
E01016485,7,6
E01016486,10,7
E01016487,9,7
E01016488,6,6
E01016490,5,6
E01016491,7,7
E01016492,13,9
E01016493,14,9
E01016494,9,8
E01016495,11,8
E01016496,15,9
E01016497,17,10
E01016498,16,9
E01016499,15,9
E01016500,17,10
E01016501,14,8
E01016502,7,7
E01016503,11,8
E01016504,17,9
E01016505,12,8
E01016506,11,8
E01016507,13,8
E01016508,9,7
E01016509,6,7
E01016510,17,9
E01016511,11,8
E01016512,4,6
E01016513,21,11
E01016514,5,7
E01016515,19,10
E01016516,6,6
E01016517,6,7
E01016518,11,8
E01016519,13,8
E01016520,8,7
E01016521,10,8
E01016522,14,9
E01016523,15,9
E01016524,9,7
E01016525,8,7
E01016526,5,7
E01016527,6,6
E01016528,6,6
E01016529,5,6
E01016530,12,8
E01016531,31,10
E01016532,12,8
E01016533,12,7
E01016534,14,8
E01016535,16,8
E01016536,10,8
E01016537,13,8
E01016538,11,7
E01016539,25,10
E01016540,30,12
E01016541,26,11
E01016542,28,12
E01016543,29,12
E01016544,6,6
E01016545,6,6
E01016546,6,6
E01016547,7,7
E01016548,17,9
E01016549,11,8
E01016550,10,7
E01016551,22,11
E01016552,16,8
E01016553,24,11
E01016554,18,10
E01016555,19,10
E01016556,19,11
E01016557,23,12
E01016558,29,12
E01016559,14,7
E01016560,14,8
E01016561,5,6
E01016562,15,8
E01016563,5,7
E01016564,10,7
E01016565,11,9
E01016566,10,7
E01016567,8,7
E01016568,18,11
E01016569,17,11
E01016570,14,10
E01016571,9,7
E01016572,15,9
E01016573,14,9
E01016574,13,8
E01016575,27,11
E01016576,23,12
E01016577,28,12
E01016578,21,9
E01016579,34,13
E01016580,8,7
E01016581,32,12
E01016582,11,7
E01016583,14,8
E01016584,6,6
E01016585,6,6
E01016586,17,8
E01016587,19,11
E01016588,20,10
E01016589,21,10
E01016591,15,9
E01016592,13,8
E01016593,6,6
E01016594,8,7
E01016595,16,9
E01016596,10,8
E01016597,23,11
E01016598,15,8
E01016599,15,8
E01016600,22,10
E01016601,11,7
E01016602,16,8
E01016603,15,8
E01016604,18,8
E01016605,7,7
E01016606,15,8
E01016607,20,10
E01016608,9,7
E01016609,17,10
E01016610,20,11
E01016611,20,13
E01016612,25,13
E01016613,12,9
E01016614,14,9
E01016615,10,7
E01016616,6,7
E01016617,12,8
E01016618,12,8
E01016619,19,10
E01016620,16,9
E01016621,11,7
E01016622,12,7
E01016623,9,7
E01016624,15,9
E01016625,12,9
E01016626,14,10
E01016627,18,9
E01016628,17,9
E01016629,14,9
E01016630,13,9
E01016631,7,8
E01016632,12,10
E01016633,21,12
E01016634,19,11
E01016635,12,9
E01016636,14,9
E01016637,17,8
E01016638,16,9
E01016639,19,9
E01016640,18,8
E01016641,21,9
E01016642,9,8
E01016643,16,9
E01016644,7,7
E01016645,10,7
E01016646,18,9
E01016647,11,8
E01016648,16,8
E01016649,18,9
E01016651,18,9
E01016652,15,8
E01016653,18,9
E01016654,20,10
E01016655,21,10
E01016656,30,10
E01016657,25,9
E01016658,7,7
E01016659,3,6
E01016660,11,8
E01016661,14,9
E01016662,17,9
E01016663,16,10
E01016664,13,8
E01016665,6,6
E01016666,9,7
E01016668,11,8
E01016669,11,7
E01016670,10,7
E01016671,8,7
E01016672,14,8
E01016673,7,6
E01016674,6,6
E01016675,22,9
E01016676,7,6
E01016677,11,7
E01016678,9,6
E01016679,17,10
E01016680,17,10
E01016682,19,11
E01016683,19,9
E01016684,12,8
E01016685,17,11
E01016686,18,9
E01016687,13,8
E01016688,15,9
E01016689,12,8
E01016690,13,8
E01016691,18,8
E01016692,12,7
E01016693,20,8
E01016694,9,7
E01016695,10,7
E01016696,6,7
E01016699,14,10
E01016700,22,11
E01016701,26,12
E01016702,19,13
E01016703,30,13
E01016704,22,13
E01016705,21,9
E01016706,16,8
E01016707,17,8
E01016708,18,8
E01016709,11,7
E01016710,7,7
E01016711,10,8
E01016713,16,9
E01016714,6,6
E01016715,18,10
E01016716,7,7
E01016717,14,8
E01016718,18,9
E01016719,13,9
E01016720,14,8
E01016721,17,9
E01016722,13,8
E01016723,8,7
E01016724,7,7
E01016725,11,8
E01016726,6,7
E01016727,11,8
E01016728,16,9
E01016729,5,6
E01016731,16,9
E01016732,16,9
E01016733,8,7
E01016734,15,9
E01016735,13,8
E01016736,6,6
E01016737,14,8
E01016738,12,8
E01016739,16,8
E01016740,17,9
E01016741,17,9
E01016742,5,7
E01016743,7,9
E01016744,7,8
E01016745,9,7
E01016746,5,6
E01016748,17,8
E01016750,11,8
E01016751,13,8
E01016752,15,8
E01016753,10,7
E01016754,14,8
E01016755,13,9
E01016756,16,9
E01016757,18,9
E01016758,17,9
E01016759,36,17
E01016760,23,11
E01016761,36,17
E01016762,14,8
E01016763,11,8
E01016764,12,8
E01016765,12,8
E01016766,4,6
E01016767,14,9
E01016768,15,8
E01016769,15,9
E01016770,10,8
E01016771,6,6
E01016772,8,7
E01016773,14,8
E01016774,14,8
E01016775,10,8
E01016776,7,7
E01016777,5,6
E01016778,9,7
E01016780,13,8
E01016781,10,8
E01016783,15,8
E01016784,14,8
E01016786,13,9
E01016787,10,8
E01016788,13,10
E01016789,16,11
E01016790,11,9
E01016791,6,7
E01016792,4,6
E01016793,11,8
E01016794,7,7
E01016795,6,7
E01016796,7,7
E01016797,15,8
E01016798,13,8
E01016799,11,8
E01016800,33,13
E01016801,19,11
E01016802,30,14
E01016803,21,14
E01016804,10,8
E01016805,18,8
E01016806,8,7
E01016807,10,8
E01016808,15,8
E01016809,11,8
E01016810,9,7
E01016811,14,8
E01016812,14,8
E01016813,12,8
E01016814,12,7
E01016815,7,7
E01016816,12,8
E01016817,12,8
E01016818,5,7
E01016819,12,8
E01016820,11,7
E01016821,17,9
E01016822,9,7
E01016823,7,7
E01016824,12,7
E01016825,8,7
E01016826,15,8
E01016827,15,8
E01016828,16,8
E01016829,17,8
E01016830,19,10
E01016831,5,7
E01016832,9,8
E01016833,23,9
E01016834,14,8
E01016835,10,7
E01016836,12,7
E01016837,13,7
E01016838,7,7
E01016839,7,6
E01016840,14,8
E01016841,14,8
E01016842,7,7
E01016843,13,7
E01016844,7,7
E01016845,5,6
E01016846,13,8
E01016847,14,8
E01016848,10,8
E01016849,10,7
E01016850,3,6
E01016851,6,7
E01016852,5,6
E01016853,8,7
E01016854,3,6
E01016855,4,6
E01016856,7,7
E01016857,10,7
E01016858,8,7
E01016859,10,7
E01016860,5,6
E01016861,13,8
E01016862,12,7
E01016863,12,8
E01016864,9,8
E01016865,10,7
E01016866,5,7
E01016867,13,9
E01016868,6,7
E01016869,12,7
E01016870,9,7
E01016871,6,7
E01016872,4,6
E01016873,6,6
E01016874,6,6
E01016875,6,6
E01016876,5,6
E01016877,6,6
E01016878,11,8
E01016879,7,7
E01016880,9,7
E01016881,8,7
E01016882,13,8
E01016883,12,8
E01016884,9,7
E01016885,12,8
E01016886,6,7
E01016887,7,7
E01016888,9,7
E01016889,8,7
E01016890,8,7
E01016891,7,6
E01016892,10,7
E01016893,9,7
E01016894,4,6
E01016895,12,8
E01016896,6,6
E01016897,7,7
E01016898,20,11
E01016899,22,10
E01016900,8,7
E01016901,4,6
E01016902,6,7
E01016903,8,7
E01016904,10,7
E01016905,8,7
E01016906,17,11
E01016907,6,7
E01016908,14,9
E01016909,9,9
E01016910,12,9
E01016911,11,9
E01016912,13,8
E01016913,13,9
E01016914,17,10
E01016915,16,9
E01016916,8,7
E01016917,7,7
E01016918,4,6
E01016919,14,8
E01016920,11,8
E01016921,9,7
E01016922,10,7
E01016923,17,10
E01016924,15,10
E01016925,8,8
E01016926,5,6
E01016927,10,8
E01016928,16,11
E01016929,14,9
E01016930,13,9
E01016931,15,12
E01016932,6,6
E01016933,5,6
E01016934,7,6
E01016935,6,7
E01016936,8,7
E01016937,5,6
E01016938,8,7
E01016939,9,7
E01016940,4,6
E01016941,2,6
E01016942,8,7
E01016943,13,8
E01016944,9,7
E01016945,4,6
E01016946,12,7
E01016947,2,6
E01016948,6,7
E01016949,6,6
E01016950,3,6
E01016951,4,6
E01016952,5,6
E01016953,3,6
E01016954,4,6
E01016955,7,7
E01016956,15,8
E01016957,16,9
E01016958,13,8
E01016959,14,8
E01016960,16,10
E01016961,6,6
E01016962,25,12
E01016963,14,8
E01016964,4,7
E01016966,5,6
E01016967,4,6
E01016968,4,6
E01016969,5,6
E01016970,9,7
E01016971,6,7
E01016972,7,7
E01016973,10,8
E01016974,5,7
E01016975,4,7
E01016976,6,7
E01016977,12,8
E01016978,7,7
E01016979,11,8
E01016980,14,8
E01016981,10,7
E01016982,17,9
E01016983,19,9
E01016984,12,7
E01016985,13,8
E01016986,13,8
E01016987,7,6
E01016988,10,7
E01016989,11,7
E01016990,10,7
E01016991,8,7
E01016992,13,8
E01016993,6,6
E01016994,11,8
E01016995,8,7
E01016996,4,6
E01016997,9,7
E01016998,21,10
E01016999,18,10
E01017000,14,9
E01017001,15,9
E01017002,10,7
E01017003,11,7
E01017004,8,7
E01017005,4,6
E01017006,9,7
E01017007,10,7
E01017008,6,6
E01017009,17,9
E01017010,12,8
E01017011,17,10
E01017012,18,10
E01017013,4,6
E01017014,8,7
E01017015,11,7
E01017016,6,7
E01017017,9,7
E01017018,4,6
E01017019,7,6
E01017020,12,8
E01017021,19,9
E01017022,9,7
E01017023,14,8
E01017024,11,7
E01017025,14,7
E01017026,14,7
E01017027,10,6
E01017028,8,7
E01017029,10,8
E01017030,11,8
E01017031,6,7
E01017032,6,7
E01017034,5,7
E01017035,5,7
E01017036,5,6
E01017037,6,7
E01017038,8,7
E01017039,3,6
E01017040,9,7
E01017041,11,7
E01017042,4,6
E01017043,6,7
E01017044,9,7
E01017045,9,7
E01017046,20,12
E01017047,10,8
E01017048,12,9
E01017049,12,8
E01017050,12,8
E01017051,8,7
E01017052,12,8
E01017053,15,8
E01017054,7,7
E01017055,7,7
E01017056,11,8
E01017057,11,8
E01017058,17,10
E01017059,9,7
E01017060,12,7
E01017061,9,7
E01017062,14,8
E01017063,13,7
E01017064,7,6
E01017066,14,7
E01017067,19,9
E01017068,16,8
E01017069,17,8
E01017070,12,7
E01017071,5,6
E01017072,6,6
E01017073,7,6
E01017074,26,10
E01017075,7,6
E01017076,8,7
E01017077,5,6
E01017078,7,7
E01017079,8,7
E01017080,9,7
E01017081,10,8
E01017082,8,7
E01017083,6,7
E01017084,13,8
E01017085,14,9
E01017086,13,8
E01017087,12,7
E01017088,9,7
E01017089,16,9
E01017090,15,9
E01017091,14,9
E01017092,12,8
E01017093,20,10
E01017094,16,8
E01017095,15,9
E01017096,17,9
E01017097,19,8
E01017098,17,8
E01017099,10,7
E01017100,15,9
E01017101,11,8
E01017102,4,6
E01017103,8,7
E01017104,13,7
E01017105,8,7
E01017106,11,7
E01017107,7,6
E01017108,4,6
E01017109,6,7
E01017110,6,6
E01017111,3,6
E01017112,19,9
E01017113,15,8
E01017114,18,9
E01017115,20,10
E01017116,19,9
E01017117,24,11
E01017118,18,9
E01017119,22,11
E01017120,20,10
E01017121,5,6
E01017122,8,6
E01017123,6,6
E01017124,10,7
E01017125,8,7
E01017126,7,6
E01017127,3,6
E01017128,11,7
E01017129,7,7
E01017130,7,8
E01017131,7,6
E01017132,6,7
E01017133,10,7
E01017135,9,7
E01017136,8,7
E01017137,5,6
E01017138,5,6
E01017139,5,7
E01017140,11,8
E01017142,14,9
E01017144,13,8
E01017145,16,10
E01017146,14,9
E01017147,14,8
E01017148,15,10
E01017149,8,7
E01017150,14,9
E01017151,8,7
E01017152,13,7
E01017153,7,7
E01017154,12,8
E01017155,4,6
E01017156,7,7
E01017157,5,6
E01017158,6,7
E01017159,5,6
E01017160,9,7
E01017162,15,9
E01017163,17,8
E01017164,12,7
E01017165,17,9
E01017166,16,9
E01017167,10,7
E01017168,15,8
E01017169,4,6
E01017170,7,7
E01017171,15,8
E01017172,15,9
E01017173,14,8
E01017174,16,8
E01017175,19,8
E01017176,17,9
E01017177,16,9
E01017178,19,9
E01017179,11,8
E01017180,12,8
E01017181,10,8
E01017182,5,7
E01017183,9,7
E01017184,8,7
E01017185,5,6
E01017186,8,8
E01017187,10,7
E01017188,11,8
E01017189,4,6
E01017190,4,6
E01017191,4,6
E01017192,4,6
E01017193,7,7
E01017194,6,6
E01017195,7,7
E01017196,8,7
E01017197,5,6
E01017198,16,8
E01017199,9,7
E01017200,3,6
E01017201,12,8
E01017202,9,8
E01017203,11,8
E01017204,14,9
E01017205,15,8
E01017206,12,8
E01017207,9,7
E01017208,6,7
E01017209,7,6
E01017210,4,6
E01017211,8,7
E01017212,5,6
E01017213,7,7
E01017214,13,8
E01017215,11,7
E01017216,8,7
E01017217,15,8
E01017218,16,8
E01017219,9,7
E01017220,11,7
E01017221,10,8
E01017222,9,7
E01017223,13,8
E01017224,9,7
E01017225,13,7
E01017226,11,8
E01017227,9,7
E01017228,16,8
E01017231,10,7
E01017232,6,6
E01017233,15,8
E01017234,12,7
E01017235,13,7
E01017236,12,7
E01017237,7,6
E01017238,12,7
E01017239,11,8
E01017240,14,8
E01017241,12,8
E01017242,15,8
E01017243,12,8
E01017244,14,8
E01017245,11,7
E01017246,7,6
E01017247,7,7
E01017248,11,7
E01017249,7,7
E01017250,3,6
E01017251,12,7
E01017252,15,8
E01017253,14,8
E01017254,10,7
E01017255,16,8
E01017256,13,8
E01017257,13,8
E01017258,14,8
E01017259,12,8
E01017260,12,8
E01017261,12,8
E01017262,11,8
E01017263,14,8
E01017264,9,7
E01017265,12,8
E01017266,4,6
E01017267,7,6
E01017270,13,8
E01017271,9,7
E01017272,8,7
E01017273,5,6
E01017274,11,8
E01017275,7,6
E01017276,6,6
E01017277,11,8
E01017278,11,7
E01017279,6,7
E01017280,7,7
E01017281,8,8
E01017282,16,8
E01017283,26,9
E01017284,19,11
E01017285,22,12
E01017286,17,10
E01017287,16,9
E01017288,7,6
E01017289,8,7
E01017290,37,16
E01017291,28,21
E01017292,8,7
E01017293,11,8
E01017294,7,6
E01017295,12,7
E01017296,26,15
E01017297,37,16
E01017298,12,8
E01017299,16,10
E01017300,17,9
E01017301,21,9
E01017302,13,8
E01017303,11,7
E01017304,9,7
E01017305,12,7
E01017306,5,7
E01017307,8,7
E01017308,10,7
E01017309,6,6
E01017310,17,9
E01017311,11,8
E01017312,7,7
E01017315,10,8
E01017316,19,10
E01017317,9,8
E01017318,10,8
E01017319,10,8
E01017320,14,8
E01017321,12,7
E01017322,7,6
E01017323,36,14
E01017324,20,12
E01017325,10,8
E01017326,4,6
E01017327,9,7
E01017328,4,6
E01017329,16,9
E01017331,10,8
E01017332,10,8
E01017333,20,9
E01017334,17,10
E01017335,6,6
E01017336,4,6
E01017337,5,6
E01017338,8,7
E01017339,10,7
E01017340,7,7
E01017341,14,8
E01017342,9,7
E01017343,15,8
E01017344,14,8
E01017345,12,7
E01017346,5,6
E01017347,17,9
E01017348,14,8
E01017349,8,7
E01017350,16,9
E01017351,20,10
E01017352,14,10
E01017353,24,19
E01017354,20,14
E01017355,9,7
E01017356,4,6
E01017357,11,7
E01017358,11,7
E01017359,10,7
E01017360,7,6
E01017361,15,8
E01017362,13,8
E01017363,3,6
E01017364,8,7
E01017365,20,9
E01017366,14,8
E01017367,24,15
E01017368,19,14
E01017369,18,16
E01017370,19,12
E01017371,8,7
E01017372,7,7
E01017373,17,8
E01017374,18,9
E01017375,8,7
E01017376,9,7
E01017377,12,8
E01017378,8,7
E01017379,18,9
E01017380,18,9
E01017381,16,8
E01017382,12,8
E01017383,10,7
E01017384,5,7
E01017385,7,7
E01017386,6,8
E01017387,13,8
E01017388,12,8
E01017389,17,9
E01017390,14,8
E01017391,15,10
E01017392,14,9
E01017393,28,11
E01017394,13,8
E01017397,5,6
E01017398,17,11
E01017399,14,8
E01017400,14,8
E01017401,8,7
E01017402,13,8
E01017403,15,9
E01017404,16,9
E01017405,13,8
E01017406,18,8
E01017407,15,8
E01017408,25,13
E01017409,20,12
E01017410,26,15
E01017411,20,15
E01017412,30,14
E01017413,16,13
E01017414,16,12
E01017415,18,10
E01017416,29,14
E01017417,23,12
E01017418,24,12
E01017419,21,12
E01017420,20,11
E01017421,27,14
E01017422,25,13
E01017423,34,11
E01017424,30,12
E01017425,18,13
E01017426,17,8
E01017427,14,8
E01017428,9,7
E01017429,8,6
E01017430,16,8
E01017431,11,7
E01017432,18,9
E01017433,21,9
E01017434,13,8
E01017435,9,7
E01017436,18,10
E01017437,16,9
E01017438,10,8
E01017439,19,10
E01017440,11,8
E01017441,22,13
E01017442,12,7
E01017443,14,8
E01017444,23,13
E01017445,19,13
E01017446,6,6
E01017447,12,7
E01017449,13,7
E01017450,26,11
E01017451,35,14
E01017452,23,9
E01017453,17,11
E01017454,16,10
E01017455,18,11
E01017456,15,9
E01017457,15,10
E01017458,18,11
E01017459,30,11
E01017460,19,10
E01017461,12,8
E01017462,32,11
E01017463,30,12
E01017464,24,13
E01017465,18,11
E01017466,7,7
E01017467,6,6
E01017468,10,7
E01017469,5,6
E01017470,10,7
E01017471,5,6
E01017472,12,9
E01017473,6,7
E01017474,6,7
E01017475,12,8
E01017476,15,9
E01017477,18,9
E01017478,21,11
E01017479,13,9
E01017480,5,7
E01017481,13,9
E01017482,5,6
E01017483,10,7
E01017484,6,6
E01017485,3,6
E01017486,14,9
E01017487,5,6
E01017488,6,7
E01017489,7,7
E01017490,12,8
E01017491,9,7
E01017492,14,9
E01017493,18,10
E01017495,5,6
E01017496,19,12
E01017497,10,7
E01017498,12,8
E01017499,6,6
E01017500,5,6
E01017501,6,6
E01017502,7,7
E01017503,32,10
E01017504,10,7
E01017505,4,6
E01017506,12,8
E01017507,11,8
E01017508,5,6
E01017509,8,8
E01017510,6,7
E01017511,12,8
E01017512,10,8
E01017513,9,7
E01017514,6,7
E01017515,11,8
E01017516,11,7
E01017517,12,8
E01017518,9,7
E01017519,12,8
E01017520,16,8
E01017521,10,7
E01017522,8,7
E01017523,6,6
E01017524,14,8
E01017525,17,9
E01017526,20,10
E01017527,18,10
E01017528,19,10
E01017529,13,8
E01017530,17,9
E01017531,16,9
E01017532,12,7
E01017533,16,8
E01017534,10,7
E01017535,9,7
E01017536,10,8
E01017537,4,8
E01017538,9,8
E01017539,11,7
E01017540,40,16
E01017541,39,14
E01017542,53,14
E01017543,49,15
E01017544,13,7
E01017545,26,11
E01017546,22,15
E01017547,26,10
E01017548,27,13
E01017549,26,15
E01017550,16,10
E01017551,9,7
E01017552,23,13
E01017553,15,8
E01017554,10,7
E01017555,5,6
E01017556,9,7
E01017557,4,6
E01017558,15,8
E01017559,8,7
E01017560,14,8
E01017561,12,8
E01017562,10,8
E01017563,5,7
E01017564,16,11
E01017565,8,7
E01017566,13,8
E01017567,7,7
E01017568,9,8
E01017569,5,7
E01017570,6,7
E01017571,15,8
E01017572,16,8
E01017573,14,8
E01017575,13,9
E01017576,14,9
E01017577,22,13
E01017578,15,9
E01017579,12,8
E01017580,12,8
E01017581,9,8
E01017582,17,9
E01017583,19,9
E01017584,16,8
E01017585,17,8
E01017586,23,14
E01017587,25,16
E01017588,16,10
E01017589,9,7
E01017590,11,8
E01017591,12,8
E01017592,9,7
E01017593,16,9
E01017594,16,10
E01017595,19,9
E01017596,13,8
E01017597,13,8
E01017598,15,12
E01017599,14,10
E01017600,13,9
E01017601,17,9
E01017602,13,7
E01017603,16,9
E01017604,17,9
E01017605,15,9
E01017606,15,9
E01017607,16,9
E01017608,11,7
E01017609,15,8
E01017610,15,9
E01017611,22,10
E01017612,17,10
E01017613,13,8
E01017614,16,9
E01017615,25,13
E01017616,22,10
E01017617,10,7
E01017618,13,8
E01017619,18,8
E01017620,10,8
E01017621,10,7
E01017622,7,7
E01017623,11,7
E01017624,14,9
E01017625,14,8
E01017626,17,9
E01017627,20,12
E01017628,15,10
E01017629,19,10
E01017630,19,10
E01017631,22,11
E01017632,22,12
E01017634,14,9
E01017635,14,9
E01017636,15,10
E01017637,15,9
E01017638,18,10
E01017639,17,9
E01017640,13,8
E01017641,16,9
E01017642,44,20
E01017643,37,18
E01017644,13,8
E01017645,7,7
E01017646,9,7
E01017647,11,7
E01017648,16,9
E01017649,12,8
E01017650,15,10
E01017651,31,14
E01017652,43,15
E01017653,17,10
E01017654,13,9
E01017655,13,8
E01017657,16,8
E01017658,17,8
E01017659,14,8
E01017660,13,9
E01017661,10,7
E01017662,12,8
E01017663,10,9
E01017664,14,9
E01017665,13,9
E01017666,8,8
E01017667,14,8
E01017668,15,9
E01017669,38,14
E01017670,33,13
E01017671,42,13
E01017672,23,11
E01017673,60,17
E01017674,49,16
E01017675,16,9
E01017676,22,9
E01017677,16,8
E01017678,21,12
E01017679,18,12
E01017680,8,7
E01017681,21,12
E01017682,18,12
E01017683,31,15
E01017684,27,11
E01017687,21,10
E01017688,19,10
E01017689,23,11
E01017690,17,9
E01017691,22,12
E01017692,22,10
E01017693,36,18
E01017694,38,22
E01017695,18,12
E01017696,25,13
E01017697,4,7
E01017698,4,6
E01017699,10,8
E01017700,7,7
E01017701,23,14
E01017702,19,14
E01017703,17,12
E01017704,17,10
E01017705,8,7
E01017706,5,7
E01017707,8,7
E01017708,9,7
E01017709,13,8
E01017710,9,7
E01017711,10,7
E01017712,16,9
E01017713,31,20
E01017714,43,18
E01017715,34,12
E01017716,46,14
E01017717,36,13
E01017718,25,13
E01017719,6,6
E01017720,33,10
E01017721,12,8
E01017722,10,8
E01017723,7,7
E01017724,6,7
E01017726,11,8
E01017727,8,7
E01017728,16,9
E01017729,11,7
E01017730,8,7
E01017731,5,6
E01017732,8,7
E01017733,18,12
E01017734,26,13
E01017735,20,13
E01017736,10,7
E01017737,15,8
E01017738,5,6
E01017739,14,8
E01017740,13,9
E01017741,13,8
E01017742,6,6
E01017743,17,8
E01017744,12,8
E01017745,12,8
E01017746,16,9
E01017747,13,8
E01017748,13,7
E01017749,18,9
E01017750,22,10
E01017751,16,8
E01017752,17,11
E01017753,7,7
E01017754,10,7
E01017755,7,7
E01017756,17,9
E01017757,17,9
E01017758,19,10
E01017759,25,11
E01017760,21,11
E01017761,23,11
E01017762,20,8
E01017763,12,7
E01017764,21,8
E01017765,16,9
E01017766,45,13
E01017767,10,7
E01017768,10,7
E01017769,11,8
E01017770,6,7
E01017771,16,9
E01017773,19,11
E01017774,20,11
E01017775,10,8
E01017776,10,7
E01017777,12,8
E01017778,26,11
E01017779,30,9
E01017780,9,7
E01017781,3,6
E01017782,18,10
E01017783,27,12
E01017784,20,9
E01017785,18,9
E01017786,13,7
E01017787,7,6
E01017788,10,7
E01017789,14,9
E01017790,10,7
E01017791,14,8
E01017792,5,6
E01017793,14,8
E01017794,26,12
E01017795,8,7
E01017796,11,7
E01017797,6,8
E01017798,15,9
E01017799,9,7
E01017800,9,7
E01017801,14,9
E01017802,16,9
E01017803,23,9
E01017804,9,7
E01017805,5,7
E01017806,11,7
E01017807,18,9
E01017808,18,10
E01017809,14,9
E01017810,6,7
E01017811,8,7
E01017812,15,10
E01017813,19,10
E01017814,22,11
E01017815,18,9
E01017816,9,7
E01017817,11,8
E01017818,21,12
E01017819,23,10
E01017820,19,10
E01017821,17,11
E01017822,25,12
E01017823,20,10
E01017824,35,12
E01017825,22,10
E01017826,23,10
E01017827,11,7
E01017828,4,6
E01017829,20,9
E01017830,9,7
E01017831,10,7
E01017832,13,8
E01017833,23,10
E01017834,23,9
E01017835,16,9
E01017836,13,8
E01017837,7,6
E01017838,8,8
E01017839,10,8
E01017840,8,8
E01017841,20,11
E01017842,23,13
E01017843,14,8
E01017844,10,7
E01017845,9,7
E01017846,19,11
E01017847,16,11
E01017848,24,11
E01017849,16,10
E01017850,14,8
E01017851,14,8
E01017852,15,8
E01017853,13,9
E01017854,21,12
E01017855,19,12
E01017856,19,13
E01017857,8,9
E01017858,8,8
E01017859,14,8
E01017860,13,9
E01017861,19,10
E01017862,20,10
E01017863,14,9
E01017864,21,9
E01017865,22,9
E01017866,27,11
E01017867,20,9
E01017868,15,8
E01017869,18,9
E01017870,8,7
E01017871,18,10
E01017872,13,10
E01017873,19,10
E01017874,16,11
E01017875,32,12
E01017876,22,11
E01017877,20,11
E01017878,46,14
E01017880,17,9
E01017881,11,8
E01017882,11,7
E01017883,10,8
E01017884,4,6
E01017885,34,10
E01017886,19,11
E01017887,20,12
E01017888,20,12
E01017889,15,9
E01017890,19,9
E01017891,10,7
E01017892,22,10
E01017893,13,8
E01017894,16,9
E01017895,4,6
E01017896,9,7
E01017897,9,8
E01017898,12,10
E01017899,12,8
E01017900,19,9
E01017901,8,8
E01017902,14,8
E01017903,14,8
E01017904,9,7
E01017905,4,6
E01017906,15,9
E01017907,15,8
E01017908,14,9
E01017909,17,9
E01017910,17,9
E01017911,14,8
E01017912,14,8
E01017913,8,7
E01017914,17,9
E01017915,12,8
E01017916,35,10
E01017917,7,6
E01017918,10,7
E01017919,12,8
E01017920,14,7
E01017921,12,7
E01017922,18,9
E01017923,4,6
E01017924,11,8
E01017925,16,8
E01017926,12,7
E01017927,7,6
E01017928,8,7
E01017929,6,7
E01017930,9,7
E01017931,8,8
E01017932,17,9
E01017933,11,7
E01017934,13,8
E01017935,8,7
E01017936,11,8
E01017937,17,9
E01017938,18,10
E01017939,6,7
E01017940,16,9
E01017941,7,7
E01017942,17,9
E01017943,5,7
E01017944,8,7
E01017945,13,8
E01017946,10,8
E01017947,9,7
E01017948,7,6
E01017949,7,6
E01017950,7,6
E01017951,14,8
E01017952,9,7
E01017953,13,7
E01017954,6,6
E01017955,14,8
E01017956,12,8
E01017957,7,7
E01017958,4,6
E01017959,10,7
E01017960,5,6
E01017961,9,7
E01017962,12,8
E01017963,7,7
E01017964,8,7
E01017965,9,7
E01017966,13,7
E01017967,8,7
E01017968,9,7
E01017969,6,6
E01017971,5,6
E01017972,9,9
E01017973,14,8
E01017974,13,7
E01017975,9,7
E01017976,15,8
E01017977,15,8
E01017978,6,7
E01017979,12,8
E01017980,14,8
E01017983,8,7
E01017984,16,9
E01017985,9,7
E01017986,10,7
E01017987,8,7
E01017988,4,6
E01017989,4,6
E01017990,6,6
E01017991,5,6
E01017992,8,7
E01017993,10,7
E01017994,9,7
E01017995,8,7
E01017996,15,8
E01017997,11,7
E01017998,8,7
E01017999,6,6
E01018000,4,6
E01018001,6,6
E01018002,24,12
E01018003,26,13
E01018005,4,6
E01018006,12,7
E01018007,9,7
E01018008,5,6
E01018009,8,7
E01018010,7,7
E01018011,31,13
E01018012,5,6
E01018013,12,7
E01018014,11,7
E01018015,15,8
E01018016,13,8
E01018017,22,15
E01018019,12,8
E01018020,70,16
E01018021,19,13
E01018022,17,11
E01018023,37,15
E01018024,41,11
E01018025,8,7
E01018026,13,8
E01018027,9,8
E01018029,17,9
E01018030,12,9
E01018032,12,8
E01018033,9,7
E01018034,22,13
E01018035,30,12
E01018036,13,7
E01018037,14,7
E01018038,15,11
E01018039,19,12
E01018040,23,16
E01018041,30,17
E01018042,14,8
E01018043,15,8
E01018044,31,9
E01018045,16,7
E01018046,8,7
E01018047,28,10
E01018049,49,12
E01018050,8,7
E01018051,17,8
E01018052,10,7
E01018053,23,11
E01018054,28,13
E01018055,8,7
E01018056,10,7
E01018057,23,11
E01018058,20,8
E01018059,24,11
E01018060,65,19
E01018061,28,12
E01018062,11,7
E01018063,7,7
E01018064,13,7
E01018065,24,13
E01018066,28,14
E01018067,26,12
E01018068,70,17
E01018069,19,9
E01018070,17,8
E01018071,11,8
E01018072,13,7
E01018073,15,9
E01018074,15,7
E01018075,13,7
E01018076,9,6
E01018077,8,6
E01018078,11,7
E01018079,11,7
E01018080,13,7
E01018081,18,8
E01018082,9,7
E01018083,14,8
E01018084,20,9
E01018085,15,7
E01018086,16,8
E01018087,7,7
E01018088,15,8
E01018090,24,8
E01018091,47,14
E01018092,22,13
E01018093,14,8
E01018094,24,11
E01018095,54,14
E01018096,22,9
E01018097,41,16
E01018098,10,7
E01018099,12,7
E01018100,7,6
E01018101,7,6
E01018102,13,7
E01018103,18,9
E01018104,19,9
E01018105,16,7
E01018106,24,8
E01018107,13,8
E01018108,14,9
E01018109,15,9
E01018110,16,7
E01018111,26,12
E01018113,13,9
E01018115,45,12
E01018116,23,11
E01018117,22,11
E01018118,27,13
E01018119,16,8
E01018120,9,7
E01018121,29,11
E01018122,23,11
E01018123,42,12
E01018124,27,12
E01018125,35,14
E01018126,93,15
E01018127,48,12
E01018128,27,11
E01018129,23,11
E01018130,26,13
E01018131,21,12
E01018132,17,11
E01018133,23,13
E01018134,25,14
E01018135,28,10
E01018136,89,16
E01018137,21,12
E01018138,6,8
E01018139,12,7
E01018140,13,8
E01018141,19,9
E01018142,14,8
E01018143,9,7
E01018144,7,8
E01018145,7,7
E01018146,8,7
E01018147,5,6
E01018148,22,10
E01018149,14,8
E01018150,9,8
E01018151,6,7
E01018152,8,7
E01018153,12,8
E01018154,18,10
E01018155,22,11
E01018156,22,10
E01018157,26,14
E01018158,6,6
E01018159,15,8
E01018160,12,7
E01018161,9,8
E01018162,4,7
E01018163,11,8
E01018164,7,7
E01018165,7,8
E01018166,9,7
E01018167,12,7
E01018168,4,6
E01018169,8,7
E01018170,9,8
E01018171,12,8
E01018172,15,8
E01018173,26,9
E01018174,22,9
E01018175,24,9
E01018176,23,9
E01018177,24,10
E01018178,24,11
E01018179,26,10
E01018180,27,10
E01018181,26,9
E01018182,21,9
E01018183,11,7
E01018184,14,8
E01018185,12,7
E01018186,20,8
E01018187,4,6
E01018188,10,7
E01018189,14,8
E01018190,6,6
E01018191,9,7
E01018192,55,13
E01018193,11,7
E01018194,17,8
E01018195,9,7
E01018196,41,12
E01018197,9,6
E01018198,7,6
E01018199,27,9
E01018200,44,14
E01018201,22,13
E01018202,37,12
E01018203,27,9
E01018204,46,11
E01018205,20,11
E01018206,31,12
E01018207,51,13
E01018208,23,9
E01018209,17,8
E01018210,11,7
E01018211,20,8
E01018212,14,10
E01018213,16,8
E01018214,9,7
E01018215,5,6
E01018216,17,8
E01018217,14,8
E01018218,50,23
E01018219,45,23
E01018220,20,15
E01018221,21,9
E01018222,23,10
E01018223,18,9
E01018224,30,13
E01018225,19,11
E01018226,34,12
E01018227,31,12
E01018228,40,13
E01018231,31,12
E01018232,12,7
E01018233,13,8
E01018234,6,6
E01018235,11,7
E01018236,12,7
E01018237,26,12
E01018238,27,15
E01018239,22,13
E01018240,19,11
E01018241,48,14
E01018242,29,12
E01018243,15,10
E01018244,29,13
E01018245,19,12
E01018246,22,12
E01018247,76,14
E01018248,20,11
E01018249,23,13
E01018250,22,13
E01018251,29,13
E01018252,32,13
E01018253,9,7
E01018254,23,11
E01018255,62,13
E01018256,28,9
E01018257,11,8
E01018258,17,8
E01018259,12,7
E01018260,8,7
E01018262,18,8
E01018263,37,18
E01018264,37,19
E01018265,33,19
E01018266,25,13
E01018267,9,7
E01018268,34,12
E01018269,7,7
E01018270,32,11
E01018271,27,9
E01018272,10,7
E01018273,8,7
E01018274,9,7
E01018275,54,14
E01018276,5,6
E01018277,31,12
E01018278,22,8
E01018279,13,8
E01018280,14,8
E01018281,16,9
E01018282,5,6
E01018283,17,9
E01018284,13,7
E01018285,15,8
E01018286,20,9
E01018287,13,9
E01018288,35,14
E01018289,24,11
E01018290,56,13
E01018291,31,12
E01018292,25,13
E01018293,23,13
E01018294,27,13
E01018295,23,12
E01018296,47,12
E01018297,17,9
E01018298,11,8
E01018299,10,7
E01018300,15,9
E01018301,9,7
E01018302,30,14
E01018303,19,12
E01018304,11,7
E01018305,9,7
E01018306,14,8
E01018307,10,7
E01018308,51,12
E01018309,12,8
E01018310,16,9
E01018311,13,8
E01018312,14,8
E01018313,11,7
E01018314,4,6
E01018315,10,7
E01018316,11,7
E01018317,6,6
E01018319,6,7
E01018320,10,9
E01018321,10,9
E01018322,15,11
E01018323,16,12
E01018324,18,13
E01018325,21,12
E01018326,7,7
E01018327,7,7
E01018328,6,6
E01018329,5,7
E01018330,13,8
E01018331,9,7
E01018332,15,8
E01018333,12,8
E01018334,13,8
E01018335,28,15
E01018336,17,12
E01018337,19,11
E01018338,19,11
E01018339,39,19
E01018340,10,7
E01018341,11,7
E01018342,5,6
E01018343,9,7
E01018344,10,7
E01018345,13,8
E01018346,10,7
E01018347,14,8
E01018348,16,11
E01018349,21,9
E01018350,10,7
E01018351,7,6
E01018352,12,8
E01018353,9,7
E01018354,13,8
E01018355,7,6
E01018356,27,12
E01018357,40,11
E01018358,23,13
E01018359,24,14
E01018360,25,10
E01018361,11,7
E01018362,14,8
E01018363,13,7
E01018364,13,7
E01018365,15,8
E01018366,26,11
E01018367,33,13
E01018368,22,11
E01018369,24,13
E01018370,27,12
E01018371,13,8
E01018372,25,9
E01018373,50,15
E01018374,12,7
E01018375,13,8
E01018376,14,8
E01018377,14,8
E01018378,12,7
E01018379,9,7
E01018380,16,8
E01018381,14,9
E01018382,9,9
E01018383,15,10
E01018384,16,10
E01018385,23,15
E01018386,14,8
E01018387,19,9
E01018388,13,8
E01018389,6,7
E01018390,11,8
E01018391,18,9
E01018392,22,9
E01018393,43,12
E01018394,25,11
E01018395,16,8
E01018396,15,9
E01018397,12,8
E01018398,7,7
E01018399,8,7
E01018400,8,7
E01018401,11,8
E01018402,6,7
E01018403,13,9
E01018404,15,9
E01018405,11,8
E01018406,26,11
E01018407,19,9
E01018408,20,11
E01018409,15,10
E01018410,19,10
E01018411,26,11
E01018412,33,13
E01018413,11,8
E01018414,14,9
E01018415,7,7
E01018416,10,8
E01018417,15,9
E01018418,28,11
E01018419,16,10
E01018420,10,8
E01018421,20,11
E01018422,10,8
E01018423,13,9
E01018424,11,7
E01018425,6,7
E01018426,10,8
E01018427,15,9
E01018428,24,10
E01018429,13,7
E01018430,18,12
E01018431,14,9
E01018432,13,8
E01018433,18,10
E01018434,15,9
E01018435,9,7
E01018436,17,9
E01018437,7,7
E01018438,13,8
E01018439,14,8
E01018440,17,9
E01018441,26,11
E01018442,17,9
E01018443,14,9
E01018444,28,12
E01018445,20,11
E01018446,19,11
E01018447,19,10
E01018448,24,10
E01018449,14,8
E01018450,28,10
E01018451,6,8
E01018452,16,10
E01018454,11,8
E01018455,15,9
E01018456,14,9
E01018457,10,9
E01018458,14,9
E01018459,14,8
E01018460,13,7
E01018461,10,7
E01018462,8,7
E01018463,16,8
E01018464,10,7
E01018465,24,12
E01018466,5,6
E01018467,5,6
E01018468,11,7
E01018469,9,7
E01018470,16,9
E01018471,10,7
E01018472,15,9
E01018473,17,9
E01018474,18,9
E01018475,23,10
E01018476,18,8
E01018477,21,8
E01018478,23,9
E01018479,22,9
E01018480,49,14
E01018481,63,13
E01018482,21,9
E01018483,19,8
E01018484,14,8
E01018485,12,7
E01018486,16,9
E01018487,14,8
E01018488,20,9
E01018489,19,9
E01018490,19,9
E01018491,19,10
E01018492,23,10
E01018493,10,7
E01018494,13,8
E01018495,14,8
E01018496,20,9
E01018497,11,7
E01018498,21,9
E01018499,13,8
E01018500,8,7
E01018501,5,7
E01018502,10,7
E01018503,20,10
E01018504,12,9
E01018505,17,8
E01018506,19,9
E01018507,18,9
E01018508,23,10
E01018509,21,9
E01018510,27,12
E01018511,24,11
E01018512,22,10
E01018513,24,10
E01018514,14,9
E01018515,45,13
E01018516,30,10
E01018518,16,9
E01018519,5,6
E01018520,5,7
E01018521,9,8
E01018522,16,8
E01018523,13,8
E01018524,17,8
E01018525,11,7
E01018526,13,8
E01018527,5,6
E01018528,11,8
E01018529,12,8
E01018530,21,10
E01018531,13,8
E01018532,5,6
E01018533,6,7
E01018534,7,7
E01018535,10,7
E01018536,12,8
E01018537,12,8
E01018538,10,7
E01018539,14,8
E01018540,8,7
E01018541,6,7
E01018542,10,8
E01018543,11,8
E01018544,13,8
E01018545,13,8
E01018546,18,10
E01018547,22,10
E01018548,20,10
E01018549,16,9
E01018550,20,10
E01018551,16,9
E01018552,16,9
E01018553,13,8
E01018554,13,8
E01018555,6,6
E01018556,10,7
E01018557,14,8
E01018558,8,7
E01018559,8,7
E01018560,14,8
E01018561,16,8
E01018562,16,8
E01018563,11,8
E01018564,6,7
E01018565,7,7
E01018566,14,8
E01018567,9,7
E01018568,20,10
E01018569,11,7
E01018570,16,10
E01018571,7,6
E01018572,12,8
E01018573,13,8
E01018574,7,7
E01018575,4,6
E01018576,12,7
E01018577,13,8
E01018578,10,7
E01018579,11,8
E01018580,24,9
E01018581,7,8
E01018582,21,10
E01018583,18,9
E01018584,22,11
E01018585,23,11
E01018586,20,10
E01018587,21,10
E01018588,12,7
E01018589,16,8
E01018590,16,8
E01018591,24,13
E01018592,12,8
E01018593,10,8
E01018594,11,8
E01018595,5,7
E01018596,17,10
E01018597,53,13
E01018598,39,13
E01018599,19,13
E01018600,15,9
E01018601,6,7
E01018602,13,9
E01018603,9,8
E01018604,9,8
E01018605,8,6
E01018606,4,6
E01018607,16,8
E01018608,10,8
E01018609,11,7
E01018610,10,7
E01018611,5,7
E01018612,21,10
E01018613,19,10
E01018614,17,11
E01018615,12,7
E01018616,15,10
E01018617,18,9
E01018618,21,12
E01018619,25,13
E01018620,21,11
E01018621,18,13
E01018622,13,7
E01018623,15,9
E01018624,8,7
E01018625,11,8
E01018626,10,7
E01018627,9,7
E01018628,19,8
E01018629,14,8
E01018630,15,9
E01018631,17,9
E01018632,18,10
E01018633,18,11
E01018634,18,12
E01018635,10,7
E01018636,18,10
E01018637,18,10
E01018638,13,10
E01018639,11,8
E01018640,13,8
E01018641,18,10
E01018642,17,10
E01018643,16,11
E01018644,15,9
E01018645,18,11
E01018646,21,12
E01018647,18,11
E01018648,33,11
E01018649,27,11
E01018650,15,9
E01018651,24,11
E01018652,16,8
E01018653,13,7
E01018654,24,11
E01018655,7,8
E01018656,11,9
E01018657,12,9
E01018658,12,10
E01018659,17,10
E01018660,16,9
E01018661,16,11
E01018662,18,10
E01018663,12,8
E01018664,16,9
E01018665,15,10
E01018666,31,13
E01018667,29,12
E01018668,25,11
E01018669,19,11
E01018670,37,13
E01018671,10,7
E01018672,13,7
E01018673,5,6
E01018674,6,6
E01018675,22,9
E01018676,26,10
E01018677,33,12
E01018678,23,12
E01018679,24,12
E01018680,19,11
E01018681,21,12
E01018682,22,12
E01018683,18,11
E01018684,34,13
E01018685,17,9
E01018686,17,9
E01018687,17,9
E01018688,11,8
E01018689,8,7
E01018690,15,9
E01018691,16,9
E01018692,37,12
E01018693,15,10
E01018694,22,11
E01018695,11,7
E01018696,14,8
E01018697,8,7
E01018698,28,13
E01018699,15,9
E01018700,16,10
E01018701,16,9
E01018702,18,10
E01018703,14,8
E01018704,22,11
E01018705,26,12
E01018706,19,11
E01018707,34,11
E01018708,28,11
E01018709,14,8
E01018710,14,8
E01018711,5,6
E01018712,10,7
E01018713,13,8
E01018714,4,6
E01018715,8,7
E01018716,7,7
E01018717,8,7
E01018718,13,7
E01018719,8,7
E01018720,13,7
E01018721,27,12
E01018722,43,11
E01018723,11,7
E01018724,14,8
E01018725,55,12
E01018726,7,7
E01018727,8,7
E01018728,11,7
E01018729,10,7
E01018730,10,7
E01018731,12,7
E01018732,9,7
E01018733,11,7
E01018734,9,7
E01018735,13,7
E01018736,17,9
E01018737,24,9
E01018738,12,9
E01018739,5,7
E01018740,12,9
E01018741,9,7
E01018742,14,9
E01018743,21,9
E01018744,19,9
E01018745,15,8
E01018746,13,7
E01018747,9,7
E01018748,5,6
E01018749,13,8
E01018750,15,8
E01018751,10,7
E01018752,16,8
E01018753,39,15
E01018754,28,16
E01018755,30,17
E01018756,28,18
E01018757,34,16
E01018758,23,12
E01018759,25,13
E01018760,41,18
E01018761,24,16
E01018762,25,15
E01018763,19,13
E01018764,46,15
E01018765,41,14
E01018766,40,20
E01018767,9,7
E01018768,11,8
E01018769,9,7
E01018770,8,7
E01018771,7,7
E01018772,14,7
E01018773,12,7
E01018774,21,10
E01018775,14,8
E01018776,7,6
E01018777,32,18
E01018778,23,12
E01018779,27,16
E01018780,27,15
E01018781,29,15
E01018782,23,13
E01018783,23,13
E01018784,98,18
E01018785,31,11
E01018786,10,7
E01018787,20,10
E01018788,12,8
E01018789,13,7
E01018790,7,7
E01018791,10,7
E01018792,12,9
E01018793,10,7
E01018794,16,8
E01018795,22,9
E01018796,17,9
E01018797,18,10
E01018798,16,9
E01018799,15,9
E01018800,15,9
E01018803,12,7
E01018804,9,7
E01018805,7,7
E01018806,6,6
E01018807,8,7
E01018808,8,7
E01018809,5,6
E01018810,9,7
E01018811,18,9
E01018812,16,9
E01018813,19,11
E01018814,13,8
E01018815,29,16
E01018816,27,11
E01018817,21,9
E01018818,12,9
E01018819,18,12
E01018820,10,7
E01018821,32,13
E01018822,17,12
E01018823,14,8
E01018824,20,10
E01018825,25,13
E01018826,21,11
E01018827,34,13
E01018828,25,13
E01018829,28,12
E01018830,22,11
E01018831,33,17
E01018832,34,17
E01018833,17,11
E01018834,15,10
E01018835,11,9
E01018836,4,7
E01018837,7,8
E01018838,10,7
E01018839,14,8
E01018840,9,7
E01018841,13,8
E01018842,8,7
E01018843,32,10
E01018844,7,6
E01018845,23,12
E01018846,35,12
E01018847,28,13
E01018848,12,7
E01018849,19,12
E01018850,37,18
E01018851,6,6
E01018852,14,7
E01018853,19,9
E01018854,17,8
E01018855,22,12
E01018856,16,9
E01018857,13,8
E01018858,14,8
E01018859,7,7
E01018860,6,7
E01018861,28,14
E01018862,31,16
E01018863,8,7
E01018864,32,14
E01018865,17,8
E01018866,18,8
E01018867,16,8
E01018868,11,7
E01018869,15,8
E01018870,15,8
E01018871,10,7
E01018872,20,10
E01018873,16,9
E01018874,17,8
E01018875,12,7
E01018876,25,10
E01018877,11,7
E01018878,8,7
E01018879,32,17
E01018880,34,18
E01018881,25,17
E01018882,19,9
E01018883,20,9
E01018884,15,9
E01018885,10,7
E01018886,13,7
E01018887,7,7
E01018888,8,7
E01018889,9,7
E01018890,11,7
E01018891,20,9
E01018892,23,10
E01018893,6,6
E01018894,21,11
E01018895,12,8
E01018896,11,8
E01018897,7,7
E01018898,11,8
E01018899,21,12
E01018900,20,11
E01018901,26,13
E01018902,67,16
E01018903,23,13
E01018904,9,7
E01018905,28,13
E01018906,24,12
E01018907,24,12
E01018908,16,10
E01018909,12,8
E01018910,12,8
E01018911,5,7
E01018912,15,8
E01018913,5,6
E01018914,12,7
E01018915,9,7
E01018916,18,10
E01018917,17,9
E01018918,18,10
E01018919,21,12
E01018920,18,8
E01018921,33,17
E01018922,30,15
E01018923,44,18
E01018924,21,10
E01018925,79,19
E01018926,73,19
E01018927,11,8
E01018928,8,7
E01018929,12,8
E01018930,16,8
E01018931,18,9
E01018932,6,7
E01018933,5,6
E01018934,15,8
E01018935,11,8
E01018936,6,6
E01018937,13,8
E01018938,13,7
E01018940,26,15
E01018941,23,15
E01018942,23,12
E01018943,48,17
E01018944,31,13
E01018945,33,14
E01018946,14,9
E01018947,16,9
E01018948,16,11
E01018949,19,12
E01018950,15,9
E01018951,24,13
E01018952,57,13
E01018953,60,22
E01018954,72,19
E01018955,37,27
E01018956,27,20
E01018957,35,25
E01018958,32,25
E01018959,18,9
E01018960,6,6
E01018961,15,8
E01018962,29,10
E01018965,69,13
E01018966,30,16
E01018967,23,13
E01018968,99,20
E01018969,28,13
E01018970,18,8
E01018971,10,7
E01018972,5,6
E01018973,13,8
E01018974,91,23
E01018975,18,9
E01018976,13,9
E01018977,11,8
E01018978,24,10
E01018979,27,14
E01018980,24,13
E01018981,16,8
E01018982,11,8
E01018983,20,9
E01018984,11,7
E01018985,26,12
E01018986,22,11
E01018987,29,13
E01018988,22,10
E01018989,23,12
E01018990,13,8
E01018991,18,11
E01018992,13,8
E01018993,4,6
E01018994,11,7
E01018995,4,6
E01018996,14,8
E01018997,13,8
E01018998,10,7
E01018999,8,7
E01019000,12,8
E01019001,5,6
E01019002,24,12
E01019003,19,9
E01019004,18,9
E01019005,44,19
E01019006,27,16
E01019007,26,12
E01019008,7,6
E01019009,13,8
E01019010,9,7
E01019011,17,9
E01019012,7,6
E01019013,5,7
E01019014,13,7
E01019015,16,8
E01019016,14,7
E01019017,21,9
E01019018,17,9
E01019019,8,7
E01019020,5,6
E01019021,14,8
E01019022,9,7
E01019023,15,9
E01019024,17,8
E01019025,21,10
E01019026,12,8
E01019027,7,7
E01019028,13,7
E01019029,9,7
E01019030,19,9
E01019031,24,12
E01019032,25,12
E01019033,25,10
E01019034,29,11
E01019035,4,6
E01019036,38,14
E01019037,13,7
E01019038,10,7
E01019039,28,14
E01019040,10,8
E01019041,20,9
E01019042,16,8
E01019043,23,9
E01019044,11,7
E01019045,17,9
E01019046,17,8
E01019047,19,9
E01019048,14,8
E01019049,15,9
E01019050,21,13
E01019051,18,9
E01019052,15,9
E01019053,12,8
E01019054,21,14
E01019055,26,16
E01019056,8,7
E01019057,9,7
E01019058,13,7
E01019059,14,8
E01019060,32,14
E01019061,10,7
E01019062,8,6
E01019063,27,14
E01019064,25,12
E01019065,17,13
E01019066,35,13
E01019067,26,13
E01019068,31,14
E01019069,22,12
E01019070,21,12
E01019071,17,8
E01019072,8,6
E01019073,21,11
E01019074,23,13
E01019075,24,12
E01019076,20,13
E01019077,38,32
E01019078,18,8
E01019079,11,8
E01019080,11,7
E01019081,20,10
E01019082,7,6
E01019083,63,18
E01019084,39,14
E01019085,32,12
E01019086,51,13
E01019087,17,9
E01019088,13,8
E01019089,21,13
E01019090,70,17
E01019091,66,16
E01019092,46,14
E01019093,25,11
E01019094,19,12
E01019095,12,7
E01019096,17,8
E01019097,7,6
E01019098,22,8
E01019099,15,10
E01019100,19,11
E01019101,28,11
E01019102,49,20
E01019103,12,8
E01019104,12,8
E01019105,6,7
E01019106,29,10
E01019107,67,16
E01019108,18,9
E01019109,15,9
E01019110,17,8
E01019111,16,9
E01019112,14,11
E01019113,16,8
E01019114,17,7
E01019115,15,8
E01019116,4,6
E01019117,11,7
E01019118,6,6
E01019119,13,8
E01019120,8,6
E01019121,5,6
E01019122,14,8
E01019123,21,12
E01019124,20,10
E01019125,24,11
E01019126,10,7
E01019127,16,9
E01019128,25,11
E01019129,16,9
E01019130,44,15
E01019131,54,12
E01019132,26,10
E01019133,43,14
E01019134,10,7
E01019135,14,8
E01019136,17,8
E01019137,7,6
E01019138,12,8
E01019139,11,7
E01019140,9,7
E01019141,5,6
E01019142,8,7
E01019143,6,6
E01019144,15,8
E01019145,7,6
E01019146,13,8
E01019147,5,6
E01019148,19,8
E01019149,7,6
E01019150,8,7
E01019151,12,7
E01019152,12,7
E01019153,14,8
E01019154,18,10
E01019155,15,9
E01019156,5,6
E01019157,5,6
E01019158,3,6
E01019159,7,7
E01019160,11,8
E01019161,12,7
E01019162,14,8
E01019163,13,8
E01019164,18,10
E01019165,16,8
E01019166,10,7
E01019167,7,6
E01019168,4,6
E01019169,5,6
E01019170,4,6
E01019171,4,6
E01019172,4,6
E01019173,3,6
E01019174,7,6
E01019175,5,6
E01019176,18,9
E01019177,13,7
E01019178,28,9
E01019179,18,10
E01019180,18,9
E01019182,10,7
E01019184,5,6
E01019185,9,7
E01019186,8,7
E01019187,13,8
E01019188,20,11
E01019189,22,11
E01019190,18,12
E01019191,14,10
E01019192,17,9
E01019193,13,8
E01019194,14,9
E01019195,14,8
E01019196,14,9
E01019197,15,10
E01019198,22,12
E01019199,23,13
E01019200,14,7
E01019201,7,6
E01019202,7,6
E01019203,53,16
E01019204,7,7
E01019205,7,6
E01019206,3,6
E01019207,6,6
E01019208,19,9
E01019209,17,8
E01019210,20,9
E01019211,13,7
E01019212,37,11
E01019213,33,13
E01019214,11,8
E01019215,11,7
E01019216,14,8
E01019217,18,9
E01019218,19,9
E01019219,67,18
E01019220,16,9
E01019221,21,12
E01019222,19,11
E01019223,20,12
E01019224,41,14
E01019225,60,16
E01019226,53,16
E01019227,6,6
E01019228,17,9
E01019229,116,27
E01019230,18,9
E01019231,19,10
E01019232,14,7
E01019233,18,9
E01019234,4,6
E01019235,10,7
E01019236,5,6
E01019237,7,6
E01019238,25,13
E01019239,66,15
E01019240,47,14
E01019241,18,10
E01019242,15,9
E01019243,14,9
E01019244,13,9
E01019245,19,11
E01019246,22,10
E01019247,22,10
E01019248,21,9
E01019249,28,15
E01019250,34,16
E01019251,22,13
E01019252,16,9
E01019253,19,9
E01019254,19,11
E01019255,20,11
E01019256,45,18
E01019257,22,11
E01019258,23,11
E01019259,65,25
E01019260,15,8
E01019261,29,10
E01019262,18,9
E01019263,28,13
E01019264,26,14
E01019265,26,14
E01019266,32,12
E01019267,28,13
E01019268,23,8
E01019269,16,9
E01019270,19,10
E01019271,18,8
E01019272,16,8
E01019273,20,10
E01019274,7,6
E01019275,11,7
E01019276,91,22
E01019277,34,18
E01019278,38,17
E01019279,42,14
E01019280,4,6
E01019281,7,7
E01019282,12,8
E01019283,39,11
E01019284,20,10
E01019285,18,10
E01019286,19,9
E01019287,17,10
E01019288,20,10
E01019289,14,8
E01019290,11,7
E01019291,15,9
E01019292,13,9
E01019293,61,16
E01019294,16,10
E01019295,16,11
E01019296,21,11
E01019297,40,12
E01019298,7,7
E01019299,5,6
E01019300,28,13
E01019301,18,10
E01019302,30,11
E01019303,7,7
E01019304,59,16
E01019305,26,10
E01019306,7,7
E01019307,11,7
E01019308,71,17
E01019309,65,14
E01019310,94,17
E01019311,50,12
E01019312,31,12
E01019313,90,18
E01019314,83,16
E01019315,27,9
E01019316,58,17
E01019317,27,9
E01019318,7,6
E01019319,24,11
E01019320,45,11
E01019321,65,17
E01019322,47,11
E01019323,64,14
E01019324,91,18
E01019325,36,20
E01019326,17,8
E01019327,16,9
E01019328,23,10
E01019329,27,12
E01019330,17,9
E01019331,20,10
E01019332,11,8
E01019333,13,8
E01019334,13,9
E01019335,23,10
E01019336,17,9
E01019337,11,7
E01019338,105,19
E01019339,39,14
E01019340,76,14
E01019341,23,15
E01019342,20,14
E01019343,20,10
E01019344,92,17
E01019345,17,7
E01019346,34,14
E01019347,19,13
E01019348,24,16
E01019349,15,8
E01019350,23,10
E01019351,31,11
E01019352,31,13
E01019353,7,7
E01019354,11,7
E01019355,14,8
E01019356,71,17
E01019357,32,11
E01019358,13,8
E01019359,11,7
E01019360,8,8
E01019361,11,8
E01019362,11,7
E01019363,6,7
E01019364,5,6
E01019365,7,7
E01019366,13,8
E01019367,10,7
E01019368,10,7
E01019369,15,8
E01019370,16,9
E01019371,21,9
E01019372,6,7
E01019373,30,10
E01019374,7,7
E01019375,19,9
E01019376,39,14
E01019377,24,12
E01019378,22,12
E01019379,65,14
E01019380,60,14
E01019381,54,15
E01019382,5,6
E01019383,28,11
E01019384,46,14
E01019385,7,6
E01019386,35,10
E01019387,35,13
E01019388,20,9
E01019389,20,8
E01019390,6,6
E01019391,24,11
E01019392,10,7
E01019393,20,10
E01019394,58,13
E01019395,7,7
E01019396,10,7
E01019397,19,8
E01019398,10,7
E01019399,16,8
E01019400,11,8
E01019401,5,6
E01019402,14,8
E01019403,11,7
E01019404,10,7
E01019405,24,12
E01019406,22,13
E01019407,7,7
E01019408,13,8
E01019409,12,8
E01019410,11,7
E01019411,8,7
E01019412,7,7
E01019413,12,8
E01019414,13,9
E01019415,10,8
E01019416,15,9
E01019417,12,8
E01019418,14,9
E01019419,14,8
E01019420,17,11
E01019421,18,10
E01019422,19,10
E01019423,11,7
E01019424,7,6
E01019425,11,7
E01019426,6,7
E01019427,10,7
E01019428,15,9
E01019429,17,11
E01019430,15,11
E01019431,11,7
E01019432,16,10
E01019433,13,8
E01019434,7,6
E01019435,14,7
E01019436,9,7
E01019437,12,8
E01019438,13,8
E01019439,5,6
E01019440,5,6
E01019441,10,7
E01019442,16,8
E01019443,5,6
E01019444,12,7
E01019445,11,7
E01019446,8,8
E01019447,21,11
E01019448,17,10
E01019449,17,9
E01019450,12,9
E01019451,13,8
E01019452,10,7
E01019453,11,7
E01019454,13,9
E01019455,11,8
E01019456,12,8
E01019457,13,8
E01019458,4,6
E01019459,11,8
E01019460,11,8
E01019461,9,7
E01019462,12,8
E01019463,6,7
E01019464,14,9
E01019465,10,8
E01019467,11,7
E01019468,12,8
E01019469,10,7
E01019470,6,6
E01019471,5,6
E01019472,22,12
E01019473,17,9
E01019474,16,8
E01019475,15,9
E01019476,14,8
E01019477,19,11
E01019478,12,8
E01019479,7,8
E01019480,10,7
E01019481,7,7
E01019482,14,9
E01019483,11,8
E01019484,15,10
E01019485,6,6
E01019486,10,7
E01019487,10,7
E01019488,13,8
E01019489,8,7
E01019490,10,7
E01019491,11,7
E01019492,15,8
E01019493,17,8
E01019494,14,8
E01019495,9,7
E01019496,16,11
E01019497,6,6
E01019498,4,6
E01019499,27,12
E01019500,19,11
E01019501,20,10
E01019502,16,10
E01019503,11,8
E01019504,14,8
E01019505,20,12
E01019506,22,12
E01019507,6,6
E01019508,11,8
E01019509,16,9
E01019510,9,7
E01019511,9,7
E01019512,12,7
E01019513,14,9
E01019514,10,7
E01019515,10,7
E01019516,5,6
E01019517,16,8
E01019518,18,9
E01019519,11,7
E01019520,19,10
E01019521,10,7
E01019522,7,7
E01019523,18,12
E01019524,19,11
E01019525,15,10
E01019526,23,11
E01019527,19,11
E01019528,23,11
E01019529,23,11
E01019530,5,6
E01019531,9,7
E01019532,9,7
E01019533,15,9
E01019534,6,6
E01019535,17,8
E01019536,12,7
E01019537,14,8
E01019538,4,6
E01019539,10,8
E01019540,9,7
E01019541,7,6
E01019542,7,7
E01019543,8,7
E01019544,9,7
E01019545,21,11
E01019546,19,10
E01019547,20,11
E01019548,20,10
E01019549,23,12
E01019550,19,10
E01019551,21,12
E01019552,16,9
E01019553,13,8
E01019554,8,7
E01019555,11,8
E01019556,7,6
E01019557,13,8
E01019558,13,9
E01019559,13,9
E01019560,15,8
E01019561,12,9
E01019562,14,8
E01019563,16,11
E01019564,19,12
E01019565,21,13
E01019566,20,11
E01019567,16,10
E01019568,18,9
E01019569,13,8
E01019570,12,8
E01019571,9,7
E01019572,17,9
E01019573,15,8
E01019574,14,8
E01019575,12,8
E01019576,11,8
E01019577,8,7
E01019578,5,7
E01019579,11,7
E01019580,16,9
E01019581,13,8
E01019582,20,11
E01019583,18,10
E01019585,21,10
E01019586,15,9
E01019587,14,9
E01019588,17,10
E01019589,17,9
E01019590,14,8
E01019591,7,7
E01019592,7,7
E01019593,16,8
E01019594,15,9
E01019595,16,10
E01019596,15,9
E01019597,18,9
E01019598,7,6
E01019599,14,8
E01019600,10,8
E01019601,8,7
E01019602,16,10
E01019603,20,9
E01019604,17,9
E01019605,35,16
E01019606,14,8
E01019607,21,10
E01019608,10,7
E01019609,14,8
E01019610,12,7
E01019611,46,16
E01019612,20,11
E01019613,25,15
E01019614,26,13
E01019615,17,10
E01019616,32,15
E01019617,38,15
E01019618,17,11
E01019619,21,11
E01019620,25,13
E01019621,12,7
E01019622,9,7
E01019623,6,7
E01019624,8,7
E01019625,11,8
E01019626,13,8
E01019627,16,10
E01019628,13,8
E01019629,36,13
E01019630,20,12
E01019631,6,6
E01019632,20,12
E01019633,10,7
E01019634,19,9
E01019635,10,7
E01019636,9,6
E01019638,14,9
E01019639,10,8
E01019640,17,9
E01019641,20,9
E01019642,20,11
E01019643,19,11
E01019644,13,8
E01019645,10,7
E01019646,15,8
E01019647,6,6
E01019648,11,7
E01019649,5,6
E01019650,15,8
E01019651,10,7
E01019652,6,6
E01019653,14,8
E01019654,22,10
E01019655,22,11
E01019656,19,8
E01019657,4,6
E01019658,12,7
E01019659,10,7
E01019660,9,7
E01019661,9,7
E01019662,11,8
E01019663,17,10
E01019664,17,9
E01019665,17,9
E01019666,17,9
E01019667,17,10
E01019668,13,8
E01019669,16,10
E01019670,24,11
E01019671,23,11
E01019672,8,7
E01019673,8,7
E01019674,7,7
E01019675,11,7
E01019676,14,7
E01019677,15,8
E01019678,20,10
E01019679,8,7
E01019680,12,7
E01019681,18,8
E01019682,9,7
E01019683,9,7
E01019684,12,8
E01019685,11,7
E01019686,13,8
E01019687,9,7
E01019688,7,7
E01019689,12,8
E01019690,4,6
E01019691,9,8
E01019692,9,7
E01019693,6,6
E01019694,15,8
E01019695,13,7
E01019696,7,7
E01019697,26,11
E01019698,19,9
E01019699,22,11
E01019700,20,10
E01019701,15,9
E01019702,10,7
E01019703,9,7
E01019704,12,8
E01019705,12,7
E01019706,13,8
E01019707,10,8
E01019708,9,7
E01019709,12,8
E01019710,16,10
E01019711,18,10
E01019712,19,11
E01019713,21,10
E01019714,15,8
E01019715,5,6
E01019716,11,7
E01019717,8,7
E01019718,12,7
E01019719,7,7
E01019720,12,7
E01019721,13,8
E01019722,19,9
E01019723,9,7
E01019724,13,7
E01019725,18,9
E01019726,16,9
E01019727,10,7
E01019728,8,8
E01019729,8,8
E01019730,9,7
E01019731,15,8
E01019732,9,7
E01019733,11,7
E01019734,24,13
E01019735,22,12
E01019736,22,13
E01019737,7,7
E01019738,11,7
E01019739,4,6
E01019740,12,7
E01019741,19,11
E01019742,33,15
E01019743,9,8
E01019744,13,8
E01019745,9,7
E01019746,7,6
E01019747,10,7
E01019748,9,7
E01019749,13,8
E01019750,12,8
E01019751,10,7
E01019752,5,6
E01019753,10,7
E01019754,15,8
E01019755,21,10
E01019756,6,6
E01019757,6,7
E01019758,10,7
E01019759,20,12
E01019760,18,11
E01019761,22,12
E01019762,7,7
E01019763,10,7
E01019764,15,9
E01019765,8,7
E01019766,14,9
E01019767,10,8
E01019768,12,7
E01019769,18,8
E01019770,21,12
E01019771,16,10
E01019772,19,10
E01019773,10,8
E01019774,17,9
E01019775,12,8
E01019776,11,8
E01019777,14,9
E01019778,11,7
E01019779,7,7
E01019780,12,8
E01019781,12,7
E01019782,7,7
E01019783,14,8
E01019784,18,9
E01019785,18,9
E01019786,10,7
E01019787,11,7
E01019788,15,8
E01019790,18,9
E01019791,5,6
E01019792,18,9
E01019793,10,7
E01019794,16,9
E01019795,11,7
E01019796,15,9
E01019797,14,8
E01019798,17,10
E01019799,16,11
E01019800,13,9
E01019801,12,8
E01019802,8,6
E01019803,11,8
E01019804,11,8
E01019805,13,8
E01019806,6,6
E01019807,11,7
E01019808,5,6
E01019809,9,7
E01019810,7,7
E01019811,10,7
E01019812,13,9
E01019813,15,11
E01019814,17,11
E01019815,10,7
E01019816,19,11
E01019817,21,12
E01019818,18,11
E01019819,21,12
E01019820,18,11
E01019821,22,10
E01019822,27,13
E01019823,18,10
E01019824,15,10
E01019825,19,9
E01019826,20,9
E01019827,18,11
E01019828,13,8
E01019829,7,6
E01019830,11,7
E01019831,13,8
E01019832,21,12
E01019833,19,12
E01019834,21,14
E01019835,17,10
E01019837,15,9
E01019838,13,9
E01019839,19,10
E01019840,22,11
E01019841,31,11
E01019842,12,8
E01019843,19,11
E01019844,14,8
E01019845,12,8
E01019846,13,8
E01019847,12,8
E01019848,9,7
E01019850,23,12
E01019851,19,10
E01019852,15,9
E01019853,16,8
E01019854,8,7
E01019855,8,7
E01019856,8,7
E01019857,16,8
E01019858,14,8
E01019859,12,8
E01019860,7,7
E01019861,6,6
E01019862,12,8
E01019863,8,6
E01019864,14,8
E01019865,12,8
E01019866,38,14
E01019867,15,10
E01019868,26,11
E01019869,15,10
E01019870,18,10
E01019871,23,14
E01019872,8,6
E01019873,14,13
E01019874,12,13
E01019875,16,11
E01019876,9,7
E01019877,7,7
E01019878,11,7
E01019879,12,8
E01019880,8,7
E01019881,18,11
E01019882,13,8
E01019883,11,7
E01019885,9,7
E01019886,33,11
E01019887,10,7
E01019888,6,6
E01019889,12,7
E01019890,34,12
E01019891,49,14
E01019892,24,11
E01019893,17,9
E01019894,9,7
E01019895,17,10
E01019896,8,7
E01019897,11,7
E01019898,22,12
E01019899,15,11
E01019900,17,10
E01019901,51,14
E01019902,30,17
E01019903,40,13
E01019904,9,7
E01019905,11,7
E01019906,3,6
E01019907,9,8
E01019908,10,7
E01019909,14,8
E01019910,12,8
E01019911,16,8
E01019912,7,7
E01019913,12,8
E01019914,18,9
E01019915,10,8
E01019916,6,7
E01019917,10,7
E01019918,7,7
E01019919,9,7
E01019920,16,9
E01019921,12,8
E01019922,16,8
E01019923,14,8
E01019924,15,9
E01019925,22,15
E01019927,9,7
E01019928,14,8
E01019929,10,7
E01019930,13,9
E01019931,18,9
E01019932,13,8
E01019933,18,8
E01019934,11,7
E01019935,44,12
E01019936,21,13
E01019937,16,13
E01019938,102,18
E01019939,27,14
E01019940,21,12
E01019942,11,7
E01019943,18,8
E01019944,11,7
E01019945,33,13
E01019946,11,7
E01019947,7,6
E01019948,4,6
E01019949,10,7
E01019950,6,6
E01019951,24,12
E01019952,14,9
E01019953,13,9
E01019954,7,7
E01019955,14,9
E01019956,16,11
E01019957,20,11
E01019958,13,8
E01019959,52,17
E01019960,73,17
E01019961,19,10
E01019962,26,15
E01019963,9,7
E01019964,14,10
E01019965,18,11
E01019966,29,13
E01019967,89,16
E01019968,5,6
E01019969,7,7
E01019970,8,7
E01019971,17,10
E01019972,14,9
E01019973,11,9
E01019974,15,9
E01019975,8,7
E01019976,12,9
E01019977,10,8
E01019980,11,8
E01019981,11,7
E01019982,13,8
E01019983,6,6
E01019984,10,8
E01019985,7,6
E01019986,9,7
E01019987,5,6
E01019988,8,7
E01019989,3,6
E01019990,17,9
E01019991,15,8
E01019992,11,7
E01019993,18,9
E01019994,7,7
E01019995,5,6
E01019996,5,6
E01019997,5,6
E01019998,11,8
E01019999,9,7
E01020000,11,7
E01020001,13,9
E01020002,14,8
E01020003,11,7
E01020004,6,6
E01020005,6,7
E01020006,12,7
E01020007,4,6
E01020008,5,6
E01020009,5,6
E01020010,12,7
E01020011,17,10
E01020012,17,10
E01020013,5,6
E01020014,6,6
E01020015,10,7
E01020016,10,8
E01020017,12,8
E01020018,13,8
E01020019,7,7
E01020020,7,6
E01020021,10,7
E01020022,4,6
E01020023,15,9
E01020024,11,7
E01020025,10,8
E01020026,9,8
E01020027,12,7
E01020029,9,7
E01020030,8,8
E01020031,4,7
E01020032,10,9
E01020033,12,8
E01020035,16,11
E01020036,12,7
E01020037,5,6
E01020038,8,7
E01020039,8,7
E01020040,12,7
E01020041,11,8
E01020042,10,7
E01020043,20,13
E01020044,38,13
E01020045,13,8
E01020046,79,16
E01020047,15,9
E01020048,5,6
E01020049,68,17
E01020050,36,20
E01020051,18,10
E01020052,12,8
E01020053,19,9
E01020054,6,7
E01020055,7,7
E01020056,35,13
E01020057,12,7
E01020058,12,8
E01020059,31,11
E01020060,8,7
E01020061,9,7
E01020062,17,11
E01020063,26,14
E01020064,20,11
E01020065,14,8
E01020066,16,10
E01020067,16,8
E01020068,26,13
E01020069,35,13
E01020070,46,17
E01020071,11,7
E01020072,53,15
E01020073,26,16
E01020074,27,12
E01020075,14,8
E01020076,31,10
E01020077,52,20
E01020078,8,7
E01020079,12,7
E01020080,12,8
E01020081,15,9
E01020082,18,9
E01020083,23,12
E01020084,19,11
E01020085,21,12
E01020086,15,9
E01020087,67,14
E01020088,51,22
E01020089,9,7
E01020090,15,8
E01020091,18,9
E01020092,11,7
E01020093,7,7
E01020094,4,7
E01020095,6,7
E01020096,7,7
E01020097,84,18
E01020098,34,10
E01020099,31,16
E01020100,36,19
E01020101,31,20
E01020102,17,10
E01020103,15,8
E01020104,13,9
E01020105,15,8
E01020106,19,10
E01020107,9,7
E01020108,29,17
E01020109,34,14
E01020110,16,9
E01020111,10,7
E01020112,11,7
E01020113,8,7
E01020114,14,8
E01020115,20,9
E01020116,6,6
E01020117,17,8
E01020118,10,7
E01020119,23,13
E01020120,15,10
E01020121,29,13
E01020122,42,12
E01020123,19,11
E01020124,15,9
E01020125,19,10
E01020126,18,8
E01020127,48,18
E01020128,6,6
E01020129,6,7
E01020130,9,7
E01020131,82,18
E01020132,13,9
E01020133,15,10
E01020134,13,9
E01020135,10,7
E01020136,13,7
E01020137,7,6
E01020138,36,11
E01020139,12,8
E01020140,12,8
E01020141,15,8
E01020142,65,16
E01020143,40,14
E01020144,15,10
E01020145,23,13
E01020146,15,9
E01020147,56,15
E01020148,53,19
E01020149,28,14
E01020150,19,11
E01020151,11,7
E01020152,5,6
E01020153,24,15
E01020154,14,8
E01020155,14,9
E01020156,24,13
E01020157,41,13
E01020158,8,6
E01020159,31,13
E01020160,25,12
E01020161,25,13
E01020162,25,15
E01020163,26,15
E01020164,26,15
E01020165,33,14
E01020166,30,13
E01020167,31,14
E01020168,20,9
E01020169,12,8
E01020170,20,10
E01020171,27,14
E01020172,29,12
E01020173,9,7
E01020174,41,13
E01020175,37,14
E01020176,8,7
E01020177,7,7
E01020178,18,8
E01020179,33,15
E01020180,9,7
E01020181,15,8
E01020182,16,9
E01020183,6,6
E01020184,7,6
E01020185,8,7
E01020186,20,10
E01020187,13,9
E01020188,64,17
E01020189,15,8
E01020190,8,6
E01020191,26,12
E01020192,23,11
E01020193,39,16
E01020194,20,10
E01020195,15,8
E01020196,8,7
E01020197,17,8
E01020198,5,6
E01020199,8,7
E01020200,34,13
E01020201,23,12
E01020202,14,8
E01020203,9,7
E01020204,22,12
E01020205,29,11
E01020206,6,6
E01020207,22,11
E01020208,16,9
E01020209,19,10
E01020210,18,9
E01020211,5,6
E01020212,5,6
E01020213,13,8
E01020214,14,8
E01020215,15,10
E01020216,13,8
E01020217,6,6
E01020218,4,6
E01020219,11,8
E01020220,24,14
E01020221,29,15
E01020222,27,14
E01020223,25,10
E01020224,4,6
E01020225,7,7
E01020226,12,8
E01020227,13,7
E01020228,9,7
E01020229,27,12
E01020230,9,7
E01020231,20,9
E01020232,16,8
E01020233,16,9
E01020234,12,8
E01020235,7,7
E01020236,19,12
E01020237,44,13
E01020238,26,13
E01020239,26,13
E01020240,6,7
E01020241,23,10
E01020242,8,6
E01020243,17,12
E01020244,23,17
E01020245,28,15
E01020246,24,9
E01020247,5,6
E01020248,13,7
E01020249,10,7
E01020250,11,7
E01020251,21,9
E01020252,13,8
E01020253,12,8
E01020254,5,6
E01020255,6,6
E01020256,19,9
E01020257,12,8
E01020258,9,7
E01020259,95,18
E01020260,21,11
E01020261,32,12
E01020262,28,13
E01020263,18,13
E01020264,8,7
E01020265,20,9
E01020266,14,8
E01020267,12,8
E01020268,17,9
E01020269,3,6
E01020270,20,9
E01020271,12,8
E01020272,17,9
E01020273,43,19
E01020274,55,19
E01020275,19,10
E01020276,16,8
E01020277,9,7
E01020278,26,11
E01020279,11,7
E01020280,5,6
E01020281,12,8
E01020282,12,7
E01020283,16,8
E01020284,8,7
E01020285,12,7
E01020286,75,21
E01020287,63,16
E01020288,36,18
E01020289,51,12
E01020290,52,21
E01020291,28,10
E01020292,13,7
E01020293,26,10
E01020294,15,8
E01020295,27,15
E01020296,27,12
E01020297,8,7
E01020298,9,7
E01020299,14,8
E01020300,16,8
E01020301,51,18
E01020302,33,15
E01020303,56,23
E01020304,12,7
E01020305,4,6
E01020306,15,7
E01020307,11,7
E01020308,97,20
E01020309,43,18
E01020310,21,9
E01020311,57,19
E01020312,29,21
E01020313,26,20
E01020314,69,21
E01020315,14,10
E01020316,17,9
E01020317,21,9
E01020318,12,7
E01020319,48,14
E01020320,70,21
E01020321,38,14
E01020322,62,15
E01020323,54,23
E01020324,32,16
E01020325,90,20
E01020326,29,17
E01020327,16,8
E01020328,15,8
E01020329,20,9
E01020330,13,8
E01020331,59,14
E01020332,11,7
E01020333,17,8
E01020334,11,7
E01020335,13,8
E01020336,19,9
E01020337,19,8
E01020338,17,8
E01020339,31,18
E01020340,36,14
E01020341,22,10
E01020342,21,10
E01020343,14,8
E01020344,18,9
E01020345,18,9
E01020346,7,9
E01020347,12,9
E01020348,9,8
E01020349,8,7
E01020350,9,7
E01020351,15,9
E01020352,11,8
E01020353,11,8
E01020354,16,10
E01020355,18,9
E01020356,14,10
E01020357,16,9
E01020358,18,9
E01020359,8,7
E01020360,10,7
E01020361,13,8
E01020362,10,9
E01020363,7,6
E01020364,6,8
E01020365,20,11
E01020366,18,10
E01020367,9,7
E01020368,7,7
E01020369,14,8
E01020370,18,10
E01020371,18,9
E01020372,19,10
E01020373,26,13
E01020374,23,12
E01020375,20,9
E01020376,22,9
E01020377,19,11
E01020378,20,11
E01020379,19,10
E01020380,14,8
E01020381,17,9
E01020382,23,12
E01020383,22,11
E01020384,21,11
E01020385,20,11
E01020386,17,11
E01020387,19,9
E01020388,23,11
E01020389,25,10
E01020390,13,8
E01020391,19,8
E01020392,8,7
E01020393,7,6
E01020394,8,7
E01020395,11,7
E01020396,100,18
E01020397,14,7
E01020398,71,15
E01020399,17,8
E01020400,21,10
E01020401,19,9
E01020402,24,9
E01020403,24,11
E01020404,21,11
E01020405,27,11
E01020406,22,12
E01020407,19,10
E01020408,20,10
E01020409,23,11
E01020410,42,12
E01020411,14,11
E01020412,16,10
E01020413,13,7
E01020414,7,7
E01020415,14,8
E01020416,14,8
E01020417,13,9
E01020418,16,8
E01020419,20,10
E01020420,9,7
E01020421,9,7
E01020422,6,6
E01020423,11,7
E01020424,17,9
E01020425,13,8
E01020426,8,7
E01020427,11,8
E01020428,5,6
E01020429,7,7
E01020430,22,14
E01020431,31,10
E01020432,25,12
E01020433,59,18
E01020434,31,19
E01020435,13,9
E01020436,18,10
E01020437,18,8
E01020438,6,7
E01020439,12,8
E01020440,42,11
E01020441,51,14
E01020442,53,15
E01020443,7,6
E01020444,20,13
E01020445,29,20
E01020446,21,14
E01020447,13,8
E01020448,89,18
E01020449,19,14
E01020450,17,9
E01020452,18,8
E01020453,19,12
E01020454,25,16
E01020455,29,18
E01020456,37,18
E01020457,27,17
E01020458,14,8
E01020459,9,7
E01020460,52,21
E01020462,40,14
E01020463,20,8
E01020464,20,8
E01020465,11,7
E01020466,15,9
E01020467,33,11
E01020468,20,11
E01020469,19,8
E01020470,9,7
E01020471,17,10
E01020472,14,10
E01020473,15,11
E01020474,19,12
E01020475,18,11
E01020476,20,9
E01020477,10,7
E01020478,12,7
E01020479,7,6
E01020480,12,8
E01020481,9,7
E01020482,7,6
E01020483,16,9
E01020484,13,8
E01020485,9,7
E01020486,10,7
E01020487,20,10
E01020488,18,9
E01020489,60,14
E01020490,25,14
E01020491,13,7
E01020492,7,6
E01020493,50,13
E01020494,31,13
E01020495,9,7
E01020496,8,6
E01020497,40,12
E01020498,23,11
E01020499,13,8
E01020500,12,9
E01020501,20,10
E01020502,11,7
E01020503,10,7
E01020504,28,10
E01020505,26,13
E01020506,47,14
E01020507,29,16
E01020508,62,15
E01020509,20,11
E01020510,26,13
E01020511,10,7
E01020512,28,11
E01020513,21,12
E01020514,26,12
E01020515,17,10
E01020516,16,9
E01020517,20,10
E01020518,5,6
E01020519,8,7
E01020520,11,7
E01020523,7,7
E01020524,12,8
E01020525,11,8
E01020526,6,7
E01020527,9,7
E01020528,6,6
E01020529,33,12
E01020530,65,17
E01020531,48,14
E01020532,6,6
E01020533,9,7
E01020534,21,9
E01020535,55,16
E01020536,25,11
E01020537,28,17
E01020538,33,16
E01020539,77,15
E01020540,27,10
E01020541,53,13
E01020542,9,7
E01020543,6,6
E01020544,5,6
E01020546,13,7
E01020547,26,9
E01020549,20,11
E01020550,12,7
E01020551,20,11
E01020552,21,11
E01020553,6,7
E01020554,5,7
E01020555,3,6
E01020556,7,6
E01020557,20,11
E01020558,21,12
E01020559,20,12
E01020560,8,7
E01020561,4,6
E01020562,6,6
E01020563,13,7
E01020564,13,8
E01020565,8,8
E01020566,20,10
E01020569,21,10
E01020570,18,12
E01020571,18,11
E01020572,10,7
E01020573,11,7
E01020574,15,8
E01020575,16,9
E01020576,28,9
E01020577,12,8
E01020578,16,9
E01020579,15,9
E01020580,14,8
E01020581,13,7
E01020582,9,7
E01020583,6,6
E01020584,7,7
E01020585,11,7
E01020586,6,6
E01020587,10,7
E01020588,5,6
E01020589,10,7
E01020590,14,10
E01020591,13,10
E01020592,12,8
E01020593,8,7
E01020594,10,7
E01020595,10,8
E01020596,11,8
E01020597,12,8
E01020598,7,7
E01020599,11,8
E01020600,15,9
E01020601,8,7
E01020602,10,8
E01020603,13,8
E01020604,14,8
E01020605,9,7
E01020606,14,10
E01020607,15,9
E01020608,9,8
E01020609,8,7
E01020610,7,7
E01020611,15,9
E01020612,12,8
E01020613,14,9
E01020614,13,9
E01020615,7,7
E01020616,7,7
E01020617,12,8
E01020618,6,7
E01020619,7,6
E01020620,8,6
E01020621,8,7
E01020622,12,9
E01020623,14,10
E01020624,8,7
E01020625,6,6
E01020626,6,6
E01020627,14,7
E01020628,10,7
E01020629,9,7
E01020630,17,9
E01020631,16,8
E01020632,11,7
E01020633,9,7
E01020634,9,7
E01020635,13,9
E01020636,5,6
E01020637,34,12
E01020638,10,7
E01020639,12,8
E01020640,7,7
E01020641,10,7
E01020642,13,8
E01020643,12,7
E01020644,18,9
E01020645,23,10
E01020646,27,15
E01020647,14,8
E01020648,9,7
E01020649,8,7
E01020650,16,8
E01020651,15,9
E01020652,12,7
E01020653,15,10
E01020654,15,10
E01020655,10,8
E01020656,14,10
E01020657,14,9
E01020658,6,6
E01020659,7,6
E01020660,12,9
E01020661,7,7
E01020662,13,8
E01020663,14,9
E01020664,16,8
E01020665,5,6
E01020666,13,8
E01020667,8,7
E01020668,4,6
E01020669,8,7
E01020670,11,8
E01020671,13,8
E01020672,14,9
E01020673,11,8
E01020674,15,9
E01020675,9,8
E01020676,14,10
E01020677,16,10
E01020678,16,10
E01020679,5,7
E01020680,11,8
E01020681,13,8
E01020682,7,7
E01020683,7,7
E01020684,13,8
E01020685,7,7
E01020686,7,7
E01020687,10,8
E01020688,7,7
E01020689,9,7
E01020690,12,7
E01020691,6,6
E01020692,14,8
E01020693,12,8
E01020694,8,7
E01020695,13,9
E01020696,21,11
E01020697,7,6
E01020698,6,6
E01020699,11,8
E01020700,15,10
E01020701,8,7
E01020702,15,9
E01020703,14,9
E01020704,17,9
E01020705,24,14
E01020706,24,15
E01020708,8,8
E01020709,18,10
E01020710,12,9
E01020711,8,7
E01020712,16,11
E01020713,22,12
E01020714,20,10
E01020715,12,8
E01020716,13,8
E01020717,19,10
E01020718,18,9
E01020719,18,9
E01020720,15,8
E01020721,18,10
E01020722,12,8
E01020723,9,7
E01020724,14,8
E01020725,17,10
E01020726,9,7
E01020727,6,7
E01020729,21,14
E01020730,21,12
E01020731,23,12
E01020732,18,9
E01020733,14,9
E01020734,15,10
E01020735,16,9
E01020736,15,8
E01020737,10,7
E01020738,11,7
E01020739,5,6
E01020740,12,7
E01020741,11,8
E01020742,13,8
E01020743,18,10
E01020744,10,7
E01020745,6,7
E01020746,8,7
E01020747,7,6
E01020748,4,6
E01020749,8,6
E01020750,10,7
E01020751,19,12
E01020752,17,11
E01020753,20,13
E01020754,15,11
E01020756,15,12
E01020757,11,8
E01020758,10,7
E01020759,13,9
E01020760,9,7
E01020761,6,6
E01020762,8,7
E01020763,17,10
E01020764,9,6
E01020765,16,9
E01020766,10,7
E01020767,4,6
E01020768,11,7
E01020769,18,10
E01020770,16,9
E01020771,15,9
E01020772,18,10
E01020773,10,7
E01020775,10,7
E01020776,12,8
E01020777,13,9
E01020778,15,11
E01020779,19,11
E01020780,12,8
E01020781,12,7
E01020782,11,8
E01020783,8,6
E01020784,4,6
E01020786,15,9
E01020787,7,7
E01020788,17,11
E01020789,22,13
E01020790,18,12
E01020791,26,15
E01020792,15,13
E01020793,12,7
E01020794,12,7
E01020795,7,6
E01020796,19,13
E01020797,8,7
E01020798,10,8
E01020799,9,7
E01020801,12,7
E01020802,14,8
E01020803,17,10
E01020805,20,11
E01020806,10,7
E01020807,8,7
E01020808,6,7
E01020809,20,15
E01020810,21,12
E01020811,17,12
E01020812,19,15
E01020813,14,8
E01020814,9,7
E01020815,15,9
E01020816,13,9
E01020817,14,8
E01020818,9,7
E01020819,7,7
E01020820,7,7
E01020821,14,10
E01020822,16,10
E01020823,13,9
E01020824,7,7
E01020825,8,7
E01020826,14,9
E01020827,21,15
E01020828,21,9
E01020829,10,8
E01020830,5,7
E01020831,11,7
E01020832,10,7
E01020833,14,8
E01020834,12,7
E01020835,9,7
E01020836,8,7
E01020837,12,9
E01020838,9,7
E01020839,6,6
E01020840,13,8
E01020841,10,7
E01020842,13,8
E01020843,16,9
E01020844,11,8
E01020845,4,6
E01020846,15,9
E01020847,9,7
E01020848,10,8
E01020849,7,7
E01020850,11,8
E01020851,12,9
E01020852,6,6
E01020853,8,7
E01020854,17,8
E01020855,14,8
E01020856,7,6
E01020857,22,14
E01020858,28,13
E01020859,24,12
E01020860,6,6
E01020861,15,8
E01020862,16,10
E01020863,79,17
E01020864,23,11
E01020865,22,10
E01020866,33,10
E01020867,20,13
E01020868,9,7
E01020869,12,8
E01020870,14,7
E01020871,7,6
E01020872,7,6
E01020873,20,11
E01020874,20,10
E01020875,21,11
E01020876,8,8
E01020877,5,6
E01020878,10,8
E01020879,15,9
E01020880,15,8
E01020881,15,8
E01020882,18,11
E01020883,18,9
E01020884,7,7
E01020885,11,7
E01020886,7,6
E01020887,17,10
E01020888,17,11
E01020889,30,26
E01020890,12,9
E01020891,33,12
E01020892,28,18
E01020893,16,10
E01020894,29,17
E01020895,15,11
E01020896,13,10
E01020897,16,10
E01020898,15,8
E01020899,13,7
E01020900,13,8
E01020901,5,6
E01020902,10,7
E01020903,11,8
E01020904,7,6
E01020905,23,20
E01020906,25,18
E01020907,9,7
E01020908,17,9
E01020909,13,8
E01020910,4,6
E01020911,6,7
E01020912,7,6
E01020913,6,7
E01020914,5,6
E01020915,8,6
E01020916,6,7
E01020917,18,12
E01020918,16,12
E01020919,14,11
E01020920,15,11
E01020921,13,11
E01020922,7,10
E01020923,20,12
E01020924,12,8
E01020925,15,9
E01020926,13,9
E01020927,16,9
E01020928,17,10
E01020929,18,10
E01020930,13,8
E01020931,16,8
E01020932,10,7
E01020933,22,9
E01020934,18,9
E01020935,2,6
E01020936,6,6
E01020937,9,7
E01020938,6,6
E01020939,6,6
E01020940,10,7
E01020941,11,7
E01020942,11,7
E01020943,7,7
E01020944,12,7
E01020945,17,10
E01020946,18,10
E01020947,13,8
E01020948,15,9
E01020949,21,12
E01020950,20,11
E01020951,11,8
E01020952,8,6
E01020953,12,8
E01020954,11,7
E01020955,18,9
E01020956,17,9
E01020957,16,8
E01020959,15,8
E01020960,15,10
E01020961,16,9
E01020962,17,9
E01020963,13,8
E01020964,9,7
E01020965,5,6
E01020966,9,7
E01020967,6,7
E01020968,5,6
E01020969,6,6
E01020970,17,9
E01020971,11,7
E01020972,14,8
E01020973,9,7
E01020974,17,9
E01020975,8,7
E01020976,9,7
E01020977,4,6
E01020978,6,7
E01020979,6,6
E01020980,8,7
E01020981,4,6
E01020982,8,7
E01020983,3,6
E01020984,5,7
E01020985,10,8
E01020986,21,10
E01020987,16,9
E01020988,18,9
E01020989,8,7
E01020990,9,6
E01020991,11,7
E01020992,11,7
E01020993,7,7
E01020994,6,7
E01020995,4,6
E01020996,9,7
E01020997,18,9
E01020998,13,8
E01020999,15,8
E01021000,4,6
E01021001,9,7
E01021002,6,7
E01021003,3,6
E01021004,15,8
E01021005,16,9
E01021006,9,7
E01021007,18,9
E01021008,11,7
E01021009,15,8
E01021010,10,7
E01021011,7,7
E01021012,6,6
E01021013,15,8
E01021014,7,6
E01021015,12,7
E01021016,16,10
E01021017,15,9
E01021018,18,9
E01021019,10,7
E01021020,13,8
E01021021,8,7
E01021022,27,15
E01021023,20,12
E01021024,23,15
E01021025,20,12
E01021026,27,14
E01021027,11,8
E01021028,14,8
E01021029,14,8
E01021030,6,6
E01021031,10,7
E01021032,19,11
E01021033,10,7
E01021034,13,9
E01021035,2,6
E01021036,14,8
E01021037,17,9
E01021038,6,7
E01021039,6,6
E01021040,11,7
E01021041,15,8
E01021042,15,9
E01021043,14,8
E01021044,15,9
E01021045,11,8
E01021046,21,10
E01021047,15,9
E01021048,5,7
E01021049,7,7
E01021050,13,10
E01021051,11,8
E01021052,6,7
E01021053,9,7
E01021054,25,15
E01021055,22,13
E01021056,21,12
E01021057,19,11
E01021058,11,7
E01021059,14,8
E01021060,17,9
E01021061,11,8
E01021062,10,8
E01021063,12,9
E01021064,6,6
E01021065,4,6
E01021066,7,7
E01021067,23,18
E01021068,54,18
E01021069,11,7
E01021070,7,7
E01021071,3,6
E01021072,18,10
E01021073,16,10
E01021074,14,10
E01021075,22,10
E01021076,18,10
E01021077,16,8
E01021078,14,8
E01021079,7,7
E01021080,13,8
E01021081,14,8
E01021082,17,10
E01021083,15,9
E01021084,9,7
E01021085,17,8
E01021086,11,7
E01021087,21,11
E01021088,19,12
E01021089,24,12
E01021090,7,6
E01021091,10,7
E01021092,11,7
E01021093,13,7
E01021094,9,7
E01021095,14,8
E01021096,49,15
E01021097,27,12
E01021098,9,7
E01021099,44,12
E01021100,19,11
E01021101,23,14
E01021102,22,14
E01021103,16,12
E01021104,23,13
E01021105,6,6
E01021106,9,7
E01021107,17,8
E01021108,11,7
E01021109,27,12
E01021110,31,15
E01021111,18,8
E01021112,18,9
E01021113,10,7
E01021114,12,9
E01021115,11,7
E01021116,16,11
E01021117,9,7
E01021118,7,6
E01021119,10,7
E01021120,21,9
E01021121,17,8
E01021122,14,7
E01021123,14,8
E01021124,8,7
E01021125,13,8
E01021126,16,9
E01021127,6,7
E01021128,11,7
E01021129,13,8
E01021130,10,7
E01021131,12,8
E01021132,11,7
E01021133,13,8
E01021134,19,12
E01021135,7,7
E01021136,9,7
E01021137,7,6
E01021138,11,7
E01021139,19,13
E01021140,22,13
E01021141,28,12
E01021142,47,17
E01021143,20,16
E01021144,21,8
E01021145,33,9
E01021146,18,11
E01021147,44,17
E01021148,29,16
E01021149,14,10
E01021150,13,7
E01021151,20,9
E01021152,20,9
E01021153,16,8
E01021154,18,10
E01021155,16,9
E01021156,8,6
E01021157,10,7
E01021158,14,8
E01021159,14,7
E01021160,6,6
E01021161,13,7
E01021162,16,8
E01021163,26,14
E01021164,35,15
E01021165,22,11
E01021166,27,14
E01021167,10,7
E01021168,19,8
E01021169,23,10
E01021170,28,12
E01021171,20,12
E01021172,14,8
E01021173,26,10
E01021174,7,7
E01021175,10,7
E01021176,11,8
E01021177,5,7
E01021178,16,8
E01021179,10,7
E01021180,14,8
E01021181,15,8
E01021182,6,6
E01021183,9,7
E01021184,9,7
E01021185,11,7
E01021186,21,12
E01021187,36,13
E01021188,85,16
E01021189,43,11
E01021190,13,10
E01021191,7,6
E01021192,14,8
E01021193,10,7
E01021194,15,8
E01021195,15,8
E01021196,14,8
E01021197,29,11
E01021198,11,7
E01021199,31,10
E01021200,20,12
E01021201,25,12
E01021202,7,6
E01021203,17,8
E01021204,16,11
E01021205,20,13
E01021206,15,10
E01021207,28,12
E01021208,8,7
E01021209,13,9
E01021210,8,7
E01021211,17,9
E01021212,13,7
E01021213,5,6
E01021214,6,6
E01021215,6,6
E01021216,9,7
E01021217,14,8
E01021218,11,8
E01021219,10,8
E01021220,10,7
E01021221,10,7
E01021222,8,7
E01021223,15,8
E01021224,16,9
E01021225,15,8
E01021226,19,9
E01021227,15,8
E01021228,15,8
E01021229,24,10
E01021230,19,9
E01021231,11,8
E01021232,14,9
E01021233,17,10
E01021234,19,9
E01021235,18,10
E01021236,10,7
E01021237,17,8
E01021238,15,9
E01021239,9,7
E01021240,6,6
E01021241,14,8
E01021242,14,8
E01021243,12,7
E01021244,8,7
E01021245,7,7
E01021246,8,7
E01021247,7,7
E01021248,5,6
E01021249,15,8
E01021250,12,7
E01021251,14,8
E01021252,6,6
E01021253,8,7
E01021254,16,8
E01021255,9,8
E01021256,15,9
E01021257,8,7
E01021258,6,6
E01021259,7,7
E01021260,15,8
E01021261,15,8
E01021262,4,6
E01021263,18,9
E01021264,21,10
E01021265,8,7
E01021266,3,6
E01021267,5,7
E01021268,9,7
E01021269,7,7
E01021270,8,7
E01021271,5,6
E01021272,9,7
E01021273,10,8
E01021274,12,8
E01021275,9,8
E01021276,14,8
E01021277,14,9
E01021278,16,9
E01021279,12,8
E01021280,4,7
E01021281,11,9
E01021282,17,9
E01021283,16,8
E01021284,9,7
E01021285,6,7
E01021286,8,7
E01021287,8,8
E01021288,12,8
E01021289,6,7
E01021290,6,7
E01021291,4,6
E01021292,7,7
E01021293,7,7
E01021294,5,6
E01021295,9,7
E01021296,6,7
E01021297,10,8
E01021298,6,7
E01021299,9,8
E01021300,16,9
E01021301,5,7
E01021302,5,7
E01021303,4,6
E01021304,9,7
E01021305,8,7
E01021306,11,8
E01021307,12,8
E01021308,8,7
E01021309,9,7
E01021310,12,8
E01021311,14,8
E01021312,18,10
E01021313,12,8
E01021314,9,7
E01021315,10,7
E01021316,4,6
E01021317,8,7
E01021318,10,8
E01021319,10,7
E01021320,14,8
E01021321,12,8
E01021322,12,7
E01021323,8,7
E01021324,7,6
E01021325,11,7
E01021326,12,8
E01021327,7,6
E01021328,13,8
E01021329,9,7
E01021330,18,9
E01021331,12,7
E01021332,15,8
E01021333,15,8
E01021334,11,8
E01021335,18,12
E01021336,14,9
E01021337,20,11
E01021338,15,9
E01021339,18,10
E01021340,20,12
E01021341,19,12
E01021342,16,9
E01021343,9,9
E01021344,13,9
E01021345,4,8
E01021346,11,9
E01021347,21,12
E01021348,54,14
E01021349,19,10
E01021350,9,7
E01021351,18,10
E01021352,16,9
E01021353,15,8
E01021354,16,10
E01021355,17,9
E01021356,12,8
E01021357,8,7
E01021358,8,7
E01021359,11,8
E01021360,6,6
E01021361,12,8
E01021362,16,9
E01021364,9,7
E01021365,7,7
E01021366,9,8
E01021367,15,9
E01021368,13,8
E01021369,15,9
E01021370,11,7
E01021371,17,9
E01021372,16,8
E01021373,12,7
E01021374,16,9
E01021375,11,9
E01021376,9,8
E01021377,11,7
E01021378,8,6
E01021379,8,7
E01021380,22,11
E01021381,19,12
E01021382,26,11
E01021383,20,10
E01021384,18,10
E01021385,19,10
E01021386,16,11
E01021387,9,7
E01021388,10,7
E01021389,12,7
E01021390,17,8
E01021391,14,7
E01021392,12,7
E01021393,9,7
E01021394,18,11
E01021395,19,12
E01021396,24,13
E01021397,11,9
E01021398,24,13
E01021399,15,9
E01021400,13,7
E01021401,7,6
E01021402,8,7
E01021403,11,8
E01021404,26,15
E01021405,16,10
E01021406,59,14
E01021407,50,16
E01021408,19,9
E01021409,14,8
E01021410,9,7
E01021411,15,10
E01021412,20,9
E01021413,31,13
E01021414,52,15
E01021415,5,6
E01021416,5,7
E01021417,13,8
E01021418,15,9
E01021419,15,9
E01021420,12,9
E01021422,9,7
E01021423,12,8
E01021424,14,8
E01021425,12,8
E01021426,14,8
E01021427,5,7
E01021428,9,7
E01021429,6,6
E01021430,29,14
E01021431,11,7
E01021432,15,8
E01021433,6,7
E01021434,9,7
E01021435,15,9
E01021436,11,8
E01021437,17,10
E01021438,18,9
E01021439,14,8
E01021441,13,8
E01021442,15,9
E01021443,26,11
E01021444,15,9
E01021445,20,12
E01021446,25,12
E01021447,13,8
E01021448,16,9
E01021449,19,10
E01021450,20,9
E01021451,15,9
E01021452,14,8
E01021453,12,8
E01021454,19,11
E01021455,10,7
E01021456,21,11
E01021457,16,8
E01021458,6,7
E01021459,11,7
E01021460,18,9
E01021461,17,10
E01021462,18,10
E01021463,18,10
E01021464,15,9
E01021465,6,7
E01021466,13,7
E01021467,11,7
E01021468,23,10
E01021469,17,11
E01021470,12,8
E01021471,12,8
E01021472,9,7
E01021473,25,9
E01021474,14,8
E01021475,13,8
E01021476,12,9
E01021477,13,8
E01021478,15,8
E01021479,11,7
E01021480,5,6
E01021481,14,8
E01021482,16,9
E01021483,10,8
E01021484,8,7
E01021485,8,7
E01021486,4,6
E01021487,13,8
E01021488,13,7
E01021489,14,9
E01021490,15,8
E01021491,17,9
E01021492,16,9
E01021493,14,8
E01021494,13,8
E01021495,21,9
E01021496,12,8
E01021497,13,8
E01021498,8,7
E01021499,10,7
E01021500,13,8
E01021501,5,6
E01021502,10,7
E01021503,9,7
E01021504,15,9
E01021505,12,8
E01021506,15,8
E01021507,5,6
E01021508,8,7
E01021509,13,8
E01021510,8,7
E01021511,12,8
E01021512,9,8
E01021513,9,8
E01021514,12,8
E01021515,15,9
E01021516,5,7
E01021517,15,8
E01021518,10,7
E01021519,8,7
E01021520,9,8
E01021521,15,8
E01021522,6,7
E01021523,13,8
E01021524,6,6
E01021525,12,8
E01021526,12,8
E01021527,15,9
E01021528,9,7
E01021529,14,8
E01021530,11,7
E01021531,14,8
E01021532,13,7
E01021533,7,6
E01021535,26,10
E01021536,9,6
E01021537,12,7
E01021538,21,12
E01021539,20,11
E01021540,17,9
E01021541,12,8
E01021542,16,10
E01021543,16,10
E01021544,8,9
E01021545,9,7
E01021546,7,7
E01021547,9,8
E01021548,5,6
E01021550,33,14
E01021551,22,13
E01021552,19,11
E01021553,18,12
E01021554,18,12
E01021555,19,11
E01021556,17,9
E01021557,22,9
E01021558,20,10
E01021559,19,11
E01021560,7,7
E01021561,12,8
E01021562,14,8
E01021563,6,6
E01021564,10,7
E01021565,13,8
E01021566,14,8
E01021568,20,10
E01021569,15,9
E01021570,11,7
E01021571,22,11
E01021572,8,7
E01021573,13,8
E01021574,7,7
E01021575,15,8
E01021576,6,7
E01021577,7,7
E01021578,9,7
E01021579,8,8
E01021580,13,8
E01021582,12,8
E01021583,12,8
E01021584,19,10
E01021585,16,9
E01021586,16,9
E01021587,14,9
E01021588,13,9
E01021589,9,7
E01021590,10,7
E01021591,10,7
E01021592,9,7
E01021593,17,9
E01021594,20,13
E01021595,16,9
E01021596,4,6
E01021597,11,7
E01021598,12,7
E01021599,17,8
E01021600,5,7
E01021601,6,7
E01021602,14,9
E01021604,20,11
E01021605,11,8
E01021606,18,8
E01021607,16,9
E01021608,8,7
E01021609,15,8
E01021610,9,7
E01021611,12,8
E01021612,14,8
E01021613,9,7
E01021614,7,7
E01021615,15,8
E01021616,16,9
E01021617,15,9
E01021618,10,8
E01021619,16,9
E01021620,14,9
E01021621,14,8
E01021622,5,7
E01021623,7,7
E01021624,8,8
E01021625,13,8
E01021626,13,8
E01021627,11,8
E01021628,15,8
E01021629,14,8
E01021631,10,7
E01021632,15,8
E01021633,5,6
E01021634,11,8
E01021635,13,7
E01021636,12,7
E01021637,16,9
E01021638,21,11
E01021639,21,12
E01021640,22,11
E01021641,23,11
E01021642,8,8
E01021643,20,9
E01021644,27,14
E01021645,23,14
E01021646,14,9
E01021647,10,8
E01021648,5,6
E01021649,8,7
E01021650,12,8
E01021651,6,7
E01021652,13,8
E01021653,13,8
E01021654,15,9
E01021655,33,12
E01021656,34,11
E01021657,4,6
E01021658,18,9
E01021659,17,12
E01021660,29,16
E01021661,14,9
E01021662,26,14
E01021663,22,14
E01021664,16,9
E01021665,15,9
E01021666,17,10
E01021667,11,9
E01021668,6,7
E01021669,5,6
E01021670,9,7
E01021671,8,8
E01021673,13,8
E01021674,12,8
E01021675,14,8
E01021676,19,9
E01021677,19,12
E01021678,16,12
E01021679,9,7
E01021680,7,7
E01021681,19,9
E01021682,10,7
E01021683,10,8
E01021684,14,8
E01021685,17,8
E01021686,12,8
E01021687,14,7
E01021688,15,8
E01021689,9,7
E01021690,14,8
E01021691,11,8
E01021692,9,7
E01021693,6,7
E01021694,27,12
E01021695,24,12
E01021696,19,11
E01021697,15,11
E01021698,19,11
E01021699,17,12
E01021700,19,10
E01021702,12,10
E01021703,14,9
E01021704,12,9
E01021705,21,12
E01021706,12,8
E01021707,15,10
E01021708,17,10
E01021709,16,10
E01021710,15,9
E01021711,19,9
E01021713,14,8
E01021714,19,10
E01021715,17,10
E01021717,9,8
E01021718,15,8
E01021719,10,7
E01021720,8,7
E01021721,13,8
E01021722,14,8
E01021723,7,6
E01021724,10,7
E01021725,13,8
E01021726,13,8
E01021727,10,7
E01021728,27,13
E01021729,26,13
E01021730,14,9
E01021731,11,7
E01021732,7,6
E01021733,10,7
E01021734,13,7
E01021735,11,7
E01021736,18,9
E01021737,16,9
E01021738,6,6
E01021739,12,7
E01021740,14,8
E01021741,19,11
E01021742,5,6
E01021743,6,7
E01021744,13,8
E01021745,11,8
E01021746,11,8
E01021747,6,7
E01021748,7,7
E01021749,20,10
E01021750,17,10
E01021751,15,9
E01021752,20,10
E01021753,21,11
E01021754,18,11
E01021755,9,8
E01021756,14,7
E01021757,8,7
E01021758,12,8
E01021759,17,9
E01021760,9,8
E01021761,11,8
E01021762,7,8
E01021763,10,8
E01021764,7,8
E01021765,12,8
E01021766,10,8
E01021767,11,8
E01021768,32,11
E01021769,38,13
E01021770,14,8
E01021771,16,10
E01021772,12,8
E01021773,14,8
E01021774,13,8
E01021775,15,8
E01021776,13,8
E01021777,9,7
E01021778,7,7
E01021779,5,6
E01021780,16,9
E01021781,11,8
E01021782,13,8
E01021783,15,9
E01021784,15,8
E01021785,12,8
E01021786,11,7
E01021787,12,8
E01021788,11,8
E01021789,10,7
E01021790,10,7
E01021791,5,6
E01021792,20,9
E01021793,21,12
E01021794,21,12
E01021795,16,10
E01021796,42,12
E01021797,22,11
E01021798,18,10
E01021799,16,9
E01021800,41,14
E01021801,20,12
E01021802,9,7
E01021803,25,11
E01021804,21,10
E01021805,23,12
E01021806,24,11
E01021807,9,7
E01021808,11,8
E01021809,4,7
E01021810,9,7
E01021811,12,8
E01021812,18,11
E01021813,8,7
E01021814,13,9
E01021815,11,10
E01021816,7,9
E01021817,12,8
E01021818,7,7
E01021819,12,8
E01021820,11,7
E01021821,13,8
E01021822,8,7
E01021823,5,6
E01021824,17,8
E01021825,10,8
E01021826,11,7
E01021827,7,7
E01021828,17,8
E01021829,15,8
E01021830,14,8
E01021831,6,8
E01021832,15,9
E01021833,11,8
E01021834,14,10
E01021835,15,8
E01021836,15,9
E01021837,11,7
E01021838,11,7
E01021839,10,8
E01021840,14,8
E01021841,12,8
E01021842,7,7
E01021843,11,8
E01021844,9,7
E01021845,7,7
E01021846,9,7
E01021847,7,7
E01021848,11,9
E01021849,10,7
E01021850,4,7
E01021851,11,8
E01021852,4,6
E01021853,11,8
E01021854,11,7
E01021855,5,6
E01021856,6,7
E01021857,14,8
E01021858,16,8
E01021859,8,8
E01021860,13,8
E01021861,12,8
E01021862,11,8
E01021863,9,8
E01021864,7,8
E01021865,6,7
E01021866,8,9
E01021867,13,9
E01021868,9,7
E01021869,10,8
E01021870,13,7
E01021871,12,8
E01021872,9,7
E01021873,8,7
E01021874,21,11
E01021875,25,14
E01021878,10,7
E01021879,9,7
E01021880,10,7
E01021881,5,6
E01021882,32,13
E01021883,20,14
E01021884,25,14
E01021885,20,14
E01021886,20,13
E01021887,24,11
E01021888,23,14
E01021889,11,7
E01021890,10,8
E01021891,14,8
E01021892,16,9
E01021893,19,8
E01021894,9,7
E01021895,13,8
E01021896,22,9
E01021897,21,9
E01021898,15,8
E01021899,11,7
E01021900,14,8
E01021901,25,15
E01021902,20,13
E01021903,24,13
E01021904,8,6
E01021905,7,6
E01021906,8,6
E01021907,14,9
E01021908,9,6
E01021909,44,16
E01021910,9,8
E01021911,20,8
E01021912,22,12
E01021913,26,11
E01021914,17,8
E01021915,21,12
E01021916,21,15
E01021917,12,9
E01021918,8,7
E01021919,10,7
E01021920,11,8
E01021921,21,9
E01021922,7,6
E01021923,11,8
E01021924,9,7
E01021925,9,7
E01021926,8,7
E01021927,8,7
E01021928,9,7
E01021929,11,7
E01021930,4,7
E01021931,13,7
E01021932,11,7
E01021933,14,8
E01021934,13,8
E01021935,10,7
E01021936,6,7
E01021937,7,7
E01021938,13,8
E01021939,7,6
E01021940,11,7
E01021941,15,8
E01021942,11,7
E01021943,7,7
E01021944,12,7
E01021945,8,7
E01021946,17,10
E01021947,15,10
E01021948,16,10
E01021949,13,9
E01021950,13,9
E01021951,14,9
E01021952,8,7
E01021953,9,8
E01021954,10,7
E01021955,5,6
E01021956,13,8
E01021957,11,8
E01021958,14,8
E01021959,10,7
E01021960,15,9
E01021961,14,8
E01021962,7,9
E01021963,15,10
E01021964,11,8
E01021965,12,8
E01021966,10,8
E01021967,20,13
E01021968,7,6
E01021969,12,7
E01021970,6,6
E01021971,10,8
E01021972,12,8
E01021973,10,7
E01021974,10,8
E01021975,22,10
E01021976,20,10
E01021977,18,9
E01021978,21,13
E01021979,13,8
E01021980,8,6
E01021981,11,7
E01021982,4,6
E01021983,15,8
E01021984,11,8
E01021985,10,7
E01021986,11,7
E01021987,6,7
E01021988,14,8
E01021989,10,7
E01021990,5,6
E01021991,11,7
E01021992,17,10
E01021993,11,7
E01021994,11,8
E01021995,11,8
E01021996,14,8
E01021997,14,9
E01021998,12,8
E01021999,4,6
E01022000,10,7
E01022001,10,7
E01022002,16,9
E01022004,13,9
E01022005,9,7
E01022006,8,7
E01022007,8,8
E01022008,23,12
E01022009,18,11
E01022010,13,9
E01022011,16,11
E01022012,14,8
E01022013,9,7
E01022014,7,7
E01022015,16,8
E01022016,16,9
E01022017,15,11
E01022018,19,11
E01022019,18,11
E01022020,7,7
E01022021,15,9
E01022022,14,9
E01022023,14,8
E01022024,17,10
E01022025,5,6
E01022026,3,6
E01022027,8,7
E01022028,20,10
E01022030,18,9
E01022031,15,8
E01022032,15,8
E01022033,22,11
E01022034,22,10
E01022035,22,11
E01022036,14,8
E01022037,7,6
E01022038,9,7
E01022039,11,8
E01022040,10,7
E01022041,15,8
E01022042,12,7
E01022043,9,7
E01022044,15,8
E01022045,25,13
E01022046,31,20
E01022047,31,14
E01022048,16,8
E01022049,14,8
E01022050,17,9
E01022051,23,13
E01022052,27,13
E01022053,23,11
E01022054,14,8
E01022055,10,7
E01022056,5,6
E01022057,24,17
E01022058,58,14
E01022059,24,12
E01022060,23,11
E01022061,24,13
E01022062,14,9
E01022063,7,6
E01022064,38,15
E01022067,7,6
E01022068,17,8
E01022069,10,7
E01022070,9,7
E01022071,22,11
E01022072,18,10
E01022073,6,6
E01022074,17,9
E01022075,9,8
E01022076,4,7
E01022077,19,10
E01022078,10,8
E01022079,12,9
E01022080,19,10
E01022081,13,9
E01022082,17,9
E01022083,13,8
E01022084,13,7
E01022085,7,7
E01022086,10,7
E01022087,16,9
E01022088,38,14
E01022089,40,14
E01022090,24,14
E01022091,38,15
E01022092,21,9
E01022093,6,6
E01022094,27,12
E01022095,20,12
E01022096,41,15
E01022097,30,15
E01022098,57,20
E01022099,20,13
E01022100,10,7
E01022101,11,7
E01022102,4,6
E01022103,18,9
E01022104,9,7
E01022105,8,7
E01022106,16,9
E01022107,21,11
E01022108,22,11
E01022109,13,9
E01022110,10,8
E01022111,7,7
E01022112,11,8
E01022113,16,9
E01022114,18,9
E01022115,10,8
E01022116,6,7
E01022117,10,7
E01022118,14,8
E01022119,11,7
E01022120,12,9
E01022121,8,8
E01022122,8,9
E01022123,13,9
E01022124,5,6
E01022125,13,8
E01022126,8,7
E01022127,3,6
E01022128,13,7
E01022129,17,8
E01022130,9,7
E01022131,20,10
E01022132,20,10
E01022133,19,9
E01022134,17,8
E01022135,14,8
E01022136,13,8
E01022137,12,7
E01022138,7,7
E01022139,19,9
E01022140,18,9
E01022141,13,8
E01022142,10,7
E01022143,21,10
E01022144,22,11
E01022145,23,11
E01022146,25,12
E01022147,6,7
E01022148,11,8
E01022149,14,8
E01022150,12,7
E01022151,8,7
E01022152,5,7
E01022153,8,7
E01022154,6,7
E01022155,15,8
E01022156,6,6
E01022157,14,8
E01022158,6,7
E01022159,16,9
E01022160,21,11
E01022161,22,11
E01022162,14,10
E01022163,19,10
E01022164,14,8
E01022165,23,10
E01022166,18,10
E01022167,22,10
E01022168,23,10
E01022169,20,10
E01022170,22,10
E01022171,16,8
E01022172,13,7
E01022173,17,10
E01022174,17,9
E01022175,31,18
E01022176,36,14
E01022177,9,7
E01022178,28,13
E01022179,35,15
E01022180,10,7
E01022181,18,7
E01022182,18,10
E01022183,12,7
E01022184,29,10
E01022185,24,13
E01022186,73,17
E01022187,24,9
E01022188,16,8
E01022189,18,9
E01022190,18,9
E01022191,8,7
E01022192,7,7
E01022193,13,8
E01022194,8,7
E01022195,10,8
E01022196,18,10
E01022197,20,11
E01022198,12,8
E01022199,5,6
E01022200,8,7
E01022201,64,16
E01022202,19,11
E01022203,13,7
E01022204,9,6
E01022205,31,12
E01022206,55,15
E01022207,34,13
E01022208,32,15
E01022209,78,15
E01022210,32,15
E01022211,12,8
E01022212,15,8
E01022213,24,16
E01022214,23,13
E01022215,46,15
E01022216,45,16
E01022217,35,20
E01022218,32,19
E01022219,35,20
E01022220,36,19
E01022221,31,13
E01022222,75,15
E01022223,26,15
E01022224,20,14
E01022225,24,10
E01022226,13,8
E01022227,18,10
E01022228,11,7
E01022229,23,11
E01022230,28,11
E01022231,26,13
E01022232,25,13
E01022233,49,15
E01022234,23,12
E01022235,24,14
E01022236,10,7
E01022237,6,6
E01022238,14,8
E01022239,14,8
E01022240,9,7
E01022241,10,7
E01022242,15,8
E01022243,16,9
E01022244,19,9
E01022245,10,7
E01022246,17,8
E01022247,27,10
E01022248,48,17
E01022249,23,11
E01022250,21,10
E01022251,22,11
E01022252,17,10
E01022253,32,14
E01022254,10,7
E01022255,11,7
E01022256,6,6
E01022257,17,8
E01022258,6,6
E01022259,11,7
E01022260,8,7
E01022261,8,6
E01022262,11,7
E01022263,85,16
E01022264,23,10
E01022265,8,7
E01022266,29,14
E01022267,14,8
E01022268,10,8
E01022269,12,9
E01022270,40,11
E01022271,44,12
E01022272,41,21
E01022273,65,24
E01022274,39,22
E01022275,34,21
E01022276,10,7
E01022277,7,7
E01022278,10,7
E01022279,13,8
E01022280,8,7
E01022281,13,7
E01022282,15,8
E01022283,8,7
E01022284,16,8
E01022285,15,9
E01022286,16,9
E01022287,15,9
E01022288,10,7
E01022289,4,6
E01022290,9,7
E01022291,8,7
E01022292,7,7
E01022293,5,6
E01022294,10,7
E01022295,11,8
E01022296,10,8
E01022297,13,8
E01022298,13,8
E01022299,20,12
E01022300,26,13
E01022301,23,11
E01022302,26,11
E01022303,7,7
E01022304,12,7
E01022305,10,7
E01022306,17,8
E01022307,14,8
E01022308,8,7
E01022309,8,7
E01022310,11,7
E01022311,4,6
E01022312,9,7
E01022313,16,8
E01022314,16,8
E01022315,9,7
E01022316,13,8
E01022317,7,7
E01022318,12,7
E01022319,16,8
E01022320,20,9
E01022321,14,8
E01022322,16,9
E01022323,15,9
E01022324,14,8
E01022325,17,9
E01022326,10,7
E01022327,7,6
E01022328,5,6
E01022329,8,7
E01022330,15,8
E01022331,11,7
E01022332,7,7
E01022333,20,10
E01022334,19,9
E01022335,15,10
E01022336,18,10
E01022338,16,10
E01022339,12,9
E01022340,15,9
E01022341,14,9
E01022342,20,10
E01022343,14,8
E01022344,20,10
E01022345,17,11
E01022346,20,11
E01022347,4,6
E01022348,18,9
E01022350,22,11
E01022351,27,12
E01022352,14,9
E01022353,6,7
E01022354,25,10
E01022355,21,10
E01022356,15,9
E01022357,22,11
E01022358,18,10
E01022359,17,9
E01022360,23,10
E01022361,19,10
E01022362,20,9
E01022363,18,11
E01022364,18,9
E01022365,9,7
E01022366,11,7
E01022367,14,8
E01022368,11,7
E01022369,5,6
E01022370,9,8
E01022371,29,12
E01022372,7,6
E01022373,16,8
E01022374,12,7
E01022375,15,8
E01022376,21,12
E01022377,16,9
E01022378,20,11
E01022379,19,11
E01022380,23,13
E01022381,23,10
E01022382,15,8
E01022383,11,7
E01022384,12,7
E01022385,14,8
E01022386,7,6
E01022387,17,8
E01022388,11,7
E01022389,25,11
E01022390,8,7
E01022391,24,9
E01022392,40,13
E01022393,20,10
E01022394,15,8
E01022395,13,8
E01022396,21,10
E01022397,12,9
E01022398,25,14
E01022399,15,8
E01022400,11,8
E01022401,11,7
E01022402,11,7
E01022403,10,7
E01022404,7,6
E01022405,19,11
E01022406,19,11
E01022407,19,11
E01022408,20,10
E01022409,19,10
E01022410,13,8
E01022411,10,7
E01022412,19,10
E01022413,23,12
E01022414,9,7
E01022415,14,9
E01022416,11,7
E01022417,9,7
E01022418,6,6
E01022420,26,11
E01022421,4,6
E01022422,10,8
E01022423,13,7
E01022424,9,7
E01022425,11,9
E01022426,14,8
E01022427,6,6
E01022428,16,8
E01022429,13,7
E01022430,16,9
E01022431,20,9
E01022432,15,8
E01022433,17,9
E01022434,22,11
E01022435,16,8
E01022436,11,7
E01022437,7,8
E01022438,7,8
E01022439,8,8
E01022440,19,10
E01022441,26,14
E01022442,26,16
E01022443,19,10
E01022444,18,10
E01022445,41,13
E01022446,16,9
E01022447,17,10
E01022448,19,10
E01022449,53,14
E01022450,22,12
E01022451,19,11
E01022452,20,12
E01022453,18,10
E01022454,18,11
E01022455,11,9
E01022456,15,10
E01022457,12,8
E01022458,9,7
E01022459,6,6
E01022460,9,7
E01022461,16,9
E01022462,30,14
E01022463,25,9
E01022464,13,8
E01022465,16,11
E01022466,15,8
E01022467,27,12
E01022468,26,13
E01022469,22,12
E01022470,17,10
E01022471,18,11
E01022472,33,11
E01022473,21,10
E01022474,6,7
E01022475,10,9
E01022476,11,8
E01022477,13,8
E01022478,11,8
E01022479,6,7
E01022480,8,9
E01022481,16,9
E01022482,15,9
E01022484,19,11
E01022485,16,12
E01022486,17,12
E01022487,15,11
E01022488,42,13
E01022489,41,13
E01022490,16,10
E01022491,14,9
E01022492,34,12
E01022493,29,11
E01022494,8,7
E01022495,9,8
E01022496,14,9
E01022497,11,8
E01022498,10,8
E01022499,28,13
E01022500,23,14
E01022502,13,9
E01022503,14,8
E01022504,17,10
E01022505,14,9
E01022506,19,11
E01022507,16,10
E01022509,17,10
E01022510,18,10
E01022511,20,11
E01022512,21,10
E01022513,28,12
E01022514,79,17
E01022515,19,10
E01022516,18,11
E01022517,21,12
E01022518,25,11
E01022519,22,10
E01022520,28,9
E01022521,9,7
E01022522,31,11
E01022523,13,10
E01022524,8,10
E01022525,12,9
E01022526,13,9
E01022527,11,9
E01022528,28,15
E01022529,30,16
E01022530,33,16
E01022531,29,15
E01022532,88,15
E01022533,24,15
E01022534,20,15
E01022535,22,15
E01022536,21,11
E01022537,25,9
E01022539,12,9
E01022540,6,7
E01022542,8,9
E01022543,13,10
E01022546,13,8
E01022547,38,12
E01022548,15,8
E01022549,19,9
E01022550,19,9
E01022551,18,10
E01022552,16,10
E01022553,10,8
E01022554,13,8
E01022555,10,8
E01022556,11,8
E01022557,16,9
E01022558,16,9
E01022559,15,9
E01022560,18,9
E01022561,95,19
E01022562,60,13
E01022563,11,7
E01022564,9,7
E01022565,8,6
E01022566,12,10
E01022567,18,11
E01022568,17,11
E01022569,14,11
E01022570,14,9
E01022571,16,9
E01022572,19,9
E01022573,15,8
E01022574,4,6
E01022575,7,7
E01022576,9,8
E01022577,14,8
E01022578,10,7
E01022579,16,8
E01022580,14,8
E01022581,9,7
E01022582,21,10
E01022583,9,7
E01022584,13,7
E01022585,24,9
E01022586,27,10
E01022587,15,8
E01022588,10,7
E01022589,17,8
E01022590,11,8
E01022591,36,11
E01022592,22,13
E01022593,16,8
E01022594,13,7
E01022595,13,8
E01022596,23,9
E01022597,50,12
E01022599,9,7
E01022600,26,13
E01022601,27,11
E01022602,22,12
E01022603,26,14
E01022604,29,11
E01022605,12,10
E01022606,21,9
E01022607,9,7
E01022608,13,8
E01022610,9,7
E01022611,19,9
E01022613,17,8
E01022614,15,8
E01022615,25,10
E01022616,9,7
E01022617,8,6
E01022618,15,8
E01022619,11,7
E01022620,8,7
E01022621,9,7
E01022622,11,7
E01022623,19,9
E01022624,15,8
E01022625,16,9
E01022627,46,13
E01022628,12,8
E01022629,8,7
E01022630,27,13
E01022631,29,12
E01022632,14,8
E01022633,7,7
E01022634,4,6
E01022635,6,7
E01022636,11,7
E01022639,13,8
E01022640,15,9
E01022641,13,8
E01022642,13,8
E01022643,10,7
E01022644,5,7
E01022645,12,8
E01022646,7,7
E01022647,20,11
E01022648,18,11
E01022649,15,9
E01022650,13,9
E01022651,13,8
E01022652,14,9
E01022653,17,10
E01022654,6,6
E01022655,12,8
E01022656,14,8
E01022657,9,7
E01022658,8,7
E01022659,11,8
E01022660,7,7
E01022661,7,7
E01022662,15,8
E01022663,14,8
E01022664,9,7
E01022665,6,7
E01022666,6,6
E01022667,10,7
E01022668,12,8
E01022669,7,7
E01022670,5,7
E01022671,8,7
E01022672,12,9
E01022673,11,8
E01022674,5,8
E01022675,12,7
E01022676,19,9
E01022677,13,8
E01022678,15,9
E01022679,9,7
E01022680,13,9
E01022681,16,10
E01022682,18,9
E01022683,13,8
E01022684,11,8
E01022685,13,8
E01022686,14,9
E01022687,16,11
E01022688,16,10
E01022689,16,8
E01022690,17,10
E01022691,12,8
E01022692,10,9
E01022693,12,8
E01022694,10,7
E01022695,10,7
E01022696,10,7
E01022697,14,8
E01022698,15,8
E01022699,14,9
E01022700,10,7
E01022701,8,7
E01022702,14,8
E01022703,6,7
E01022704,11,7
E01022705,10,7
E01022706,19,9
E01022707,13,8
E01022708,16,9
E01022709,14,8
E01022710,14,9
E01022711,17,10
E01022712,15,9
E01022713,12,7
E01022714,9,7
E01022715,8,7
E01022716,4,6
E01022717,10,7
E01022718,13,8
E01022719,10,7
E01022720,16,8
E01022721,11,8
E01022722,8,7
E01022723,11,8
E01022724,15,10
E01022725,19,8
E01022726,16,9
E01022727,15,8
E01022728,11,8
E01022729,15,9
E01022730,8,7
E01022731,10,7
E01022732,9,7
E01022733,6,7
E01022734,3,6
E01022735,16,8
E01022736,21,9
E01022737,15,9
E01022738,19,10
E01022739,17,10
E01022740,17,10
E01022741,16,10
E01022742,12,7
E01022743,13,8
E01022744,12,8
E01022745,18,10
E01022746,14,9
E01022747,12,8
E01022748,13,8
E01022749,12,8
E01022750,9,8
E01022751,8,9
E01022752,13,8
E01022753,7,8
E01022754,10,8
E01022755,14,9
E01022756,14,8
E01022757,15,9
E01022758,10,8
E01022759,8,7
E01022760,7,7
E01022761,14,7
E01022762,9,7
E01022763,14,7
E01022764,7,6
E01022765,6,7
E01022766,19,10
E01022767,13,8
E01022768,18,8
E01022769,16,9
E01022770,13,8
E01022771,9,7
E01022772,11,8
E01022773,14,10
E01022774,13,8
E01022776,9,7
E01022777,9,7
E01022778,13,8
E01022780,19,9
E01022781,12,7
E01022782,7,7
E01022783,15,8
E01022784,16,8
E01022785,16,10
E01022786,16,9
E01022787,16,9
E01022788,16,10
E01022789,15,9
E01022790,17,10
E01022791,16,11
E01022792,22,12
E01022793,15,10
E01022794,14,8
E01022795,14,9
E01022796,8,7
E01022797,9,7
E01022798,29,10
E01022799,20,9
E01022800,8,7
E01022801,6,6
E01022802,9,7
E01022803,5,6
E01022804,13,8
E01022805,11,7
E01022806,9,7
E01022807,5,6
E01022810,12,8
E01022811,15,8
E01022812,11,8
E01022813,6,6
E01022814,16,8
E01022815,9,6
E01022816,10,7
E01022817,6,6
E01022818,8,7
E01022819,13,8
E01022820,12,8
E01022823,13,7
E01022824,19,9
E01022825,16,8
E01022826,12,8
E01022828,6,6
E01022829,8,7
E01022830,16,8
E01022831,8,7
E01022832,6,7
E01022833,4,7
E01022834,9,7
E01022835,11,7
E01022836,14,8
E01022837,9,7
E01022838,13,8
E01022839,7,7
E01022840,12,8
E01022841,11,7
E01022842,5,7
E01022843,14,8
E01022845,13,8
E01022846,22,9
E01022847,20,10
E01022848,15,9
E01022849,15,8
E01022850,19,9
E01022851,17,9
E01022852,26,10
E01022853,17,9
E01022854,19,10
E01022855,10,7
E01022856,21,10
E01022857,21,11
E01022858,35,11
E01022859,25,11
E01022860,8,7
E01022861,16,9
E01022862,7,7
E01022863,6,7
E01022864,14,9
E01022865,12,8
E01022867,20,11
E01022868,18,10
E01022869,18,10
E01022870,17,9
E01022871,19,10
E01022872,13,9
E01022873,11,9
E01022874,10,8
E01022875,8,7
E01022876,4,7
E01022877,9,7
E01022878,11,7
E01022879,11,7
E01022880,16,9
E01022881,27,12
E01022882,50,14
E01022883,25,13
E01022884,23,12
E01022885,29,12
E01022887,30,10
E01022888,10,7
E01022889,11,7
E01022890,17,10
E01022891,16,9
E01022892,18,11
E01022893,19,12
E01022894,21,12
E01022895,21,12
E01022896,23,12
E01022897,22,13
E01022898,21,12
E01022899,7,7
E01022900,7,7
E01022901,16,8
E01022902,11,7
E01022903,18,9
E01022904,17,9
E01022905,13,8
E01022906,16,9
E01022907,16,8
E01022908,10,8
E01022909,14,9
E01022910,12,8
E01022911,13,8
E01022913,20,9
E01022914,18,10
E01022915,22,10
E01022916,21,10
E01022917,20,10
E01022918,7,7
E01022919,13,8
E01022920,6,7
E01022921,11,7
E01022922,13,8
E01022924,14,8
E01022925,19,9
E01022926,14,8
E01022927,10,7
E01022928,13,8
E01022929,5,6
E01022930,17,9
E01022931,9,7
E01022933,16,9
E01022934,19,10
E01022935,18,9
E01022936,15,10
E01022937,19,10
E01022938,6,7
E01022939,14,8
E01022940,12,8
E01022941,18,11
E01022942,19,8
E01022943,25,9
E01022944,17,11
E01022945,9,7
E01022946,18,8
E01022947,15,10
E01022948,14,9
E01022949,17,10
E01022950,19,10
E01022951,20,10
E01022952,19,10
E01022953,7,7
E01022954,10,8
E01022955,9,7
E01022956,15,9
E01022957,15,8
E01022958,12,8
E01022959,12,7
E01022960,16,8
E01022961,15,9
E01022962,12,8
E01022963,14,7
E01022964,16,9
E01022965,10,7
E01022966,21,10
E01022967,18,9
E01022968,15,8
E01022969,15,9
E01022970,12,8
E01022971,14,9
E01022972,14,8
E01022973,7,6
E01022974,14,9
E01022975,15,9
E01022976,13,9
E01022977,20,11
E01022978,26,12
E01022979,35,12
E01022980,20,10
E01022981,13,8
E01022982,11,7
E01022983,17,9
E01022984,24,9
E01022985,14,8
E01022986,16,8
E01022987,15,8
E01022988,19,9
E01022989,20,13
E01022990,24,11
E01022991,25,12
E01022992,24,13
E01022993,45,14
E01022994,8,7
E01022995,6,6
E01022996,24,9
E01022997,30,15
E01022998,15,9
E01022999,42,16
E01023000,11,7
E01023001,14,8
E01023002,11,7
E01023003,8,7
E01023004,14,8
E01023005,10,7
E01023006,15,9
E01023007,15,9
E01023008,6,6
E01023009,13,9
E01023010,13,9
E01023011,44,15
E01023012,30,12
E01023013,26,13
E01023014,23,13
E01023015,30,14
E01023016,28,14
E01023017,14,8
E01023018,6,6
E01023019,14,9
E01023020,16,8
E01023021,16,8
E01023022,8,7
E01023023,11,7
E01023024,14,8
E01023025,30,11
E01023026,40,12
E01023027,17,9
E01023028,15,8
E01023029,23,13
E01023030,19,11
E01023031,20,10
E01023032,21,12
E01023033,23,12
E01023034,27,11
E01023035,25,10
E01023036,25,12
E01023037,12,8
E01023038,9,7
E01023039,8,7
E01023040,10,7
E01023041,13,7
E01023042,5,6
E01023043,6,7
E01023044,12,8
E01023045,9,7
E01023046,10,8
E01023047,21,13
E01023048,23,13
E01023049,27,14
E01023050,20,13
E01023051,27,14
E01023052,25,14
E01023053,23,14
E01023054,9,7
E01023055,13,8
E01023056,11,7
E01023057,6,6
E01023058,20,9
E01023059,15,8
E01023060,17,9
E01023061,14,8
E01023062,20,9
E01023063,31,10
E01023064,6,6
E01023065,10,7
E01023066,12,8
E01023067,8,7
E01023068,15,8
E01023069,10,8
E01023070,6,7
E01023071,16,8
E01023072,10,7
E01023073,9,7
E01023074,7,6
E01023075,12,7
E01023076,14,8
E01023077,8,7
E01023078,10,7
E01023079,14,8
E01023080,15,10
E01023081,15,10
E01023082,16,11
E01023083,18,10
E01023084,15,8
E01023085,17,9
E01023086,15,10
E01023087,15,10
E01023088,12,8
E01023089,8,8
E01023090,8,8
E01023091,10,7
E01023092,14,8
E01023093,13,8
E01023094,7,7
E01023095,12,8
E01023096,6,6
E01023097,11,7
E01023098,8,7
E01023099,18,9
E01023100,16,10
E01023101,14,9
E01023102,16,9
E01023103,15,8
E01023104,13,9
E01023105,12,9
E01023106,15,9
E01023107,16,8
E01023108,16,8
E01023109,9,7
E01023110,9,7
E01023111,12,8
E01023112,16,9
E01023113,12,7
E01023114,15,8
E01023115,17,8
E01023116,13,8
E01023117,17,9
E01023118,14,8
E01023119,4,7
E01023120,6,7
E01023121,13,8
E01023122,4,6
E01023123,8,7
E01023124,12,8
E01023125,20,10
E01023128,14,8
E01023129,11,7
E01023130,15,8
E01023131,14,8
E01023132,9,7
E01023133,16,9
E01023134,14,8
E01023135,14,8
E01023136,7,6
E01023137,6,6
E01023138,5,6
E01023139,11,7
E01023140,11,7
E01023141,16,8
E01023142,7,7
E01023143,6,7
E01023144,8,7
E01023145,7,7
E01023146,7,7
E01023147,11,8
E01023148,8,7
E01023149,5,7
E01023150,6,6
E01023151,5,6
E01023152,7,6
E01023153,11,9
E01023154,10,8
E01023155,19,10
E01023156,16,10
E01023157,4,7
E01023158,20,11
E01023159,40,16
E01023160,28,11
E01023162,29,13
E01023163,28,15
E01023164,26,14
E01023165,82,19
E01023166,23,15
E01023167,33,13
E01023168,32,13
E01023169,14,8
E01023170,20,10
E01023171,18,10
E01023172,19,10
E01023173,13,8
E01023174,17,10
E01023175,12,8
E01023176,13,9
E01023177,56,18
E01023178,44,14
E01023179,6,6
E01023180,12,8
E01023181,14,10
E01023182,12,8
E01023183,6,7
E01023184,27,13
E01023185,28,13
E01023186,19,9
E01023187,12,7
E01023188,22,9
E01023189,19,10
E01023190,11,8
E01023191,13,8
E01023192,6,7
E01023193,10,7
E01023194,15,8
E01023195,33,18
E01023196,24,12
E01023197,40,16
E01023198,39,13
E01023199,20,10
E01023200,19,10
E01023201,16,10
E01023202,5,7
E01023203,8,7
E01023204,10,8
E01023205,8,9
E01023206,13,8
E01023207,16,9
E01023208,17,9
E01023209,16,9
E01023210,19,11
E01023211,22,13
E01023212,14,12
E01023213,21,11
E01023214,18,9
E01023215,13,8
E01023216,13,8
E01023217,13,8
E01023218,19,9
E01023219,12,9
E01023220,15,8
E01023221,9,7
E01023222,14,8
E01023223,11,7
E01023224,28,12
E01023225,24,12
E01023226,6,6
E01023227,14,10
E01023228,18,11
E01023229,24,12
E01023230,20,10
E01023231,16,8
E01023232,12,8
E01023233,7,7
E01023234,9,7
E01023235,33,13
E01023236,34,14
E01023237,25,13
E01023238,25,13
E01023239,20,12
E01023240,13,8
E01023241,15,8
E01023242,22,14
E01023243,22,13
E01023244,25,13
E01023245,24,12
E01023246,54,13
E01023247,9,7
E01023248,10,8
E01023249,11,7
E01023250,6,6
E01023251,5,7
E01023252,7,7
E01023253,15,8
E01023254,13,7
E01023255,10,8
E01023256,16,9
E01023257,12,8
E01023258,15,9
E01023259,17,11
E01023260,19,10
E01023261,18,10
E01023262,19,11
E01023263,11,7
E01023264,10,7
E01023265,15,9
E01023266,14,8
E01023267,5,6
E01023268,6,6
E01023269,14,8
E01023270,8,6
E01023271,20,10
E01023272,17,10
E01023273,19,10
E01023274,23,12
E01023275,23,11
E01023276,23,11
E01023277,33,12
E01023278,10,7
E01023279,16,8
E01023280,25,10
E01023281,11,7
E01023282,18,10
E01023284,21,11
E01023285,12,7
E01023286,12,8
E01023287,18,14
E01023288,39,17
E01023289,11,7
E01023290,7,7
E01023291,9,7
E01023292,9,8
E01023293,11,7
E01023294,9,7
E01023295,11,8
E01023296,5,6
E01023297,8,7
E01023298,8,7
E01023299,11,7
E01023300,7,7
E01023301,4,7
E01023302,8,7
E01023303,7,7
E01023304,12,8
E01023305,13,8
E01023306,15,8
E01023307,20,9
E01023308,13,8
E01023309,8,7
E01023310,9,8
E01023311,15,8
E01023312,17,8
E01023313,17,8
E01023314,13,8
E01023315,21,9
E01023316,11,8
E01023317,6,7
E01023318,11,8
E01023319,13,8
E01023320,4,6
E01023321,10,7
E01023322,11,8
E01023323,8,7
E01023324,8,7
E01023325,5,7
E01023326,6,7
E01023327,13,8
E01023328,16,8
E01023329,15,8
E01023330,17,9
E01023331,14,8
E01023332,9,7
E01023333,9,7
E01023334,6,7
E01023335,12,7
E01023336,6,7
E01023337,4,6
E01023338,11,9
E01023339,10,7
E01023340,16,9
E01023341,17,8
E01023342,6,7
E01023343,12,7
E01023344,11,7
E01023345,11,7
E01023346,12,7
E01023347,9,7
E01023348,5,6
E01023349,9,7
E01023350,11,8
E01023351,12,7
E01023352,22,11
E01023354,12,8
E01023355,26,11
E01023356,93,16
E01023357,8,7
E01023358,6,7
E01023359,6,7
E01023360,10,8
E01023361,4,6
E01023362,11,7
E01023363,12,8
E01023364,12,7
E01023365,6,8
E01023366,8,7
E01023367,13,8
E01023368,4,6
E01023369,9,7
E01023370,4,6
E01023371,15,8
E01023372,10,7
E01023373,7,7
E01023374,11,7
E01023375,33,10
E01023376,8,7
E01023377,17,8
E01023378,18,10
E01023379,16,9
E01023380,13,8
E01023381,13,8
E01023382,16,8
E01023383,14,8
E01023384,13,8
E01023385,6,6
E01023386,12,7
E01023387,14,9
E01023388,11,8
E01023389,11,7
E01023390,14,9
E01023391,15,8
E01023392,14,9
E01023393,5,7
E01023394,8,7
E01023395,11,8
E01023396,6,7
E01023397,10,9
E01023398,9,7
E01023399,12,7
E01023400,5,6
E01023401,10,7
E01023402,4,6
E01023403,9,7
E01023404,12,7
E01023405,6,6
E01023406,5,6
E01023407,14,9
E01023408,9,7
E01023409,20,8
E01023410,19,10
E01023411,14,8
E01023412,15,8
E01023413,15,8
E01023414,16,9
E01023415,11,8
E01023416,16,9
E01023417,15,8
E01023418,15,8
E01023419,14,8
E01023420,9,6
E01023421,16,8
E01023422,16,8
E01023423,7,6
E01023424,23,13
E01023425,9,7
E01023426,6,6
E01023427,9,7
E01023428,14,8
E01023429,6,7
E01023430,29,14
E01023431,65,15
E01023432,25,13
E01023433,25,12
E01023434,8,7
E01023435,7,6
E01023436,9,7
E01023437,5,6
E01023438,14,9
E01023439,18,11
E01023440,15,10
E01023441,10,8
E01023442,5,8
E01023443,17,9
E01023444,8,6
E01023445,14,8
E01023446,4,7
E01023447,11,8
E01023448,21,11
E01023449,9,10
E01023450,9,9
E01023451,15,10
E01023452,24,10
E01023453,18,11
E01023454,19,13
E01023455,13,10
E01023456,21,10
E01023457,20,10
E01023458,11,8
E01023459,20,11
E01023460,16,11
E01023461,24,13
E01023462,52,15
E01023463,16,10
E01023464,11,8
E01023465,13,8
E01023466,8,7
E01023467,33,10
E01023468,20,9
E01023469,17,9
E01023470,7,7
E01023471,16,9
E01023472,15,9
E01023473,18,10
E01023474,14,8
E01023475,15,8
E01023476,15,8
E01023477,13,9
E01023478,8,8
E01023479,10,8
E01023480,15,8
E01023481,19,10
E01023482,17,11
E01023483,14,10
E01023484,14,11
E01023485,33,12
E01023486,30,13
E01023487,14,9
E01023488,16,9
E01023489,16,9
E01023490,13,8
E01023491,21,12
E01023492,21,12
E01023493,35,15
E01023494,22,9
E01023495,39,15
E01023496,25,9
E01023497,6,6
E01023498,7,6
E01023499,12,8
E01023500,9,7
E01023501,6,7
E01023502,7,8
E01023503,10,7
E01023504,22,12
E01023505,19,10
E01023506,16,11
E01023507,18,8
E01023508,39,14
E01023509,15,9
E01023510,10,7
E01023511,7,6
E01023512,6,6
E01023513,13,8
E01023514,4,6
E01023515,13,9
E01023516,12,9
E01023517,8,8
E01023518,14,8
E01023519,10,7
E01023520,13,8
E01023523,12,8
E01023524,12,7
E01023525,6,6
E01023526,12,8
E01023527,16,8
E01023528,25,11
E01023529,10,7
E01023530,5,6
E01023531,5,7
E01023532,7,7
E01023533,13,8
E01023534,16,9
E01023535,13,8
E01023536,12,8
E01023537,12,7
E01023538,7,7
E01023539,9,8
E01023540,14,9
E01023541,13,9
E01023542,16,10
E01023543,17,11
E01023544,13,8
E01023545,12,8
E01023546,16,9
E01023547,17,10
E01023548,10,7
E01023549,10,7
E01023550,7,6
E01023551,16,9
E01023552,14,8
E01023553,15,8
E01023554,19,9
E01023555,20,9
E01023556,16,8
E01023557,17,9
E01023558,13,8
E01023559,8,7
E01023560,21,10
E01023561,17,9
E01023562,18,9
E01023563,12,8
E01023564,6,7
E01023565,12,8
E01023566,19,9
E01023567,21,11
E01023568,18,10
E01023569,16,11
E01023570,21,10
E01023571,9,7
E01023572,9,7
E01023573,9,8
E01023574,12,8
E01023575,12,8
E01023576,17,10
E01023577,11,8
E01023578,13,8
E01023579,15,9
E01023580,7,6
E01023581,20,11
E01023582,19,11
E01023583,18,11
E01023584,23,13
E01023585,25,10
E01023586,9,7
E01023587,11,8
E01023588,12,8
E01023589,6,7
E01023590,12,8
E01023591,7,7
E01023592,10,7
E01023593,10,7
E01023594,16,10
E01023595,14,10
E01023596,15,11
E01023597,36,16
E01023598,43,14
E01023600,21,12
E01023601,6,6
E01023602,6,6
E01023603,10,7
E01023604,12,7
E01023605,12,8
E01023606,10,7
E01023607,16,9
E01023608,14,8
E01023609,7,6
E01023610,16,9
E01023611,13,9
E01023612,13,8
E01023613,14,9
E01023614,15,8
E01023615,14,8
E01023616,9,7
E01023617,18,10
E01023618,14,10
E01023619,12,8
E01023620,17,11
E01023621,15,10
E01023622,18,10
E01023623,7,7
E01023624,18,10
E01023625,21,13
E01023626,21,13
E01023627,17,9
E01023628,5,6
E01023629,10,7
E01023630,11,7
E01023631,9,7
E01023632,18,8
E01023633,11,7
E01023634,8,7
E01023635,15,9
E01023636,15,8
E01023637,16,9
E01023638,16,8
E01023639,17,10
E01023640,18,10
E01023641,19,10
E01023642,15,9
E01023643,15,9
E01023644,5,7
E01023645,13,8
E01023646,14,8
E01023647,9,7
E01023648,13,8
E01023649,9,7
E01023650,17,8
E01023651,17,8
E01023652,14,8
E01023653,24,14
E01023654,14,8
E01023655,17,9
E01023656,12,8
E01023657,14,8
E01023658,14,8
E01023659,13,8
E01023660,10,7
E01023661,7,6
E01023662,8,7
E01023663,59,13
E01023664,20,10
E01023665,17,9
E01023666,12,8
E01023667,19,9
E01023668,20,10
E01023669,11,8
E01023670,5,6
E01023671,15,9
E01023672,10,7
E01023673,19,9
E01023674,14,8
E01023675,15,8
E01023676,8,7
E01023677,23,10
E01023678,22,10
E01023679,34,11
E01023680,24,11
E01023681,18,9
E01023682,16,9
E01023683,15,9
E01023684,16,10
E01023685,15,8
E01023686,14,8
E01023687,18,10
E01023688,13,9
E01023689,6,6
E01023690,15,9
E01023691,19,10
E01023692,14,8
E01023693,16,9
E01023694,20,11
E01023695,22,10
E01023696,21,10
E01023697,17,9
E01023698,20,11
E01023699,13,8
E01023700,13,8
E01023701,9,7
E01023702,9,7
E01023703,16,8
E01023704,13,7
E01023705,5,6
E01023706,6,6
E01023708,10,7
E01023709,15,10
E01023710,19,12
E01023711,21,12
E01023712,21,11
E01023713,15,9
E01023714,16,9
E01023715,12,8
E01023716,10,7
E01023717,22,13
E01023718,17,9
E01023719,14,9
E01023720,19,10
E01023721,16,10
E01023722,22,10
E01023723,24,12
E01023724,22,12
E01023725,23,13
E01023726,8,7
E01023727,6,7
E01023728,3,6
E01023729,8,7
E01023730,9,7
E01023731,12,7
E01023732,18,12
E01023733,24,13
E01023734,21,12
E01023735,25,13
E01023736,19,13
E01023737,16,9
E01023738,20,9
E01023739,18,9
E01023740,11,8
E01023741,15,8
E01023742,19,9
E01023743,11,8
E01023744,12,7
E01023745,10,8
E01023746,21,14
E01023747,24,14
E01023748,27,14
E01023749,23,12
E01023750,10,9
E01023751,5,7
E01023752,12,7
E01023753,15,10
E01023754,10,8
E01023755,12,8
E01023756,5,6
E01023757,8,7
E01023758,13,8
E01023759,13,8
E01023760,16,8
E01023761,14,8
E01023762,7,7
E01023763,16,8
E01023764,19,9
E01023765,11,7
E01023766,14,8
E01023767,9,8
E01023768,4,7
E01023769,6,7
E01023770,7,7
E01023771,13,8
E01023772,15,8
E01023773,5,7
E01023774,14,8
E01023775,6,7
E01023776,10,8
E01023777,6,7
E01023778,10,8
E01023779,12,7
E01023780,9,7
E01023781,10,7
E01023782,14,8
E01023783,15,9
E01023784,18,9
E01023785,17,9
E01023786,18,8
E01023787,19,9
E01023788,20,9
E01023789,17,8
E01023790,19,9
E01023791,11,7
E01023792,11,7
E01023793,7,7
E01023794,16,8
E01023795,8,8
E01023796,4,7
E01023797,6,8
E01023798,10,8
E01023799,20,10
E01023800,15,9
E01023801,23,11
E01023802,5,7
E01023803,9,7
E01023804,8,7
E01023805,10,7
E01023806,14,8
E01023807,18,10
E01023808,13,8
E01023809,13,10
E01023810,17,11
E01023811,15,11
E01023812,22,10
E01023813,24,11
E01023814,19,9
E01023815,17,8
E01023816,7,7
E01023817,5,6
E01023818,10,7
E01023819,3,6
E01023820,9,7
E01023821,10,7
E01023822,5,6
E01023823,5,6
E01023824,15,8
E01023825,11,7
E01023826,10,7
E01023827,13,8
E01023828,10,7
E01023829,10,7
E01023830,11,8
E01023831,15,8
E01023832,10,8
E01023833,8,7
E01023834,19,10
E01023835,18,9
E01023836,13,8
E01023837,18,10
E01023838,19,11
E01023839,16,8
E01023840,15,8
E01023841,20,10
E01023842,8,6
E01023843,9,7
E01023844,5,6
E01023845,22,10
E01023846,21,9
E01023847,14,8
E01023848,14,9
E01023849,18,9
E01023850,11,8
E01023851,12,9
E01023852,6,7
E01023853,13,9
E01023854,25,13
E01023855,14,8
E01023856,16,9
E01023857,14,8
E01023858,11,8
E01023859,9,9
E01023860,13,9
E01023861,4,6
E01023862,14,8
E01023863,11,8
E01023864,17,10
E01023865,19,10
E01023866,14,10
E01023867,5,6
E01023868,15,10
E01023869,16,8
E01023870,16,9
E01023871,14,9
E01023872,10,7
E01023873,14,9
E01023874,13,8
E01023875,8,8
E01023876,9,8
E01023877,16,10
E01023878,16,9
E01023879,12,7
E01023880,7,7
E01023881,17,10
E01023882,15,9
E01023883,21,10
E01023884,8,7
E01023885,18,9
E01023886,9,8
E01023887,18,10
E01023888,9,7
E01023889,15,9
E01023890,8,7
E01023891,18,9
E01023892,18,9
E01023893,14,10
E01023894,15,9
E01023895,11,8
E01023896,8,7
E01023897,6,7
E01023898,6,6
E01023899,7,7
E01023900,12,8
E01023901,10,7
E01023902,13,9
E01023903,12,8
E01023904,8,7
E01023905,14,8
E01023906,14,8
E01023907,12,7
E01023908,16,8
E01023909,21,9
E01023910,28,11
E01023911,12,8
E01023912,17,9
E01023913,18,10
E01023914,22,10
E01023915,21,10
E01023916,15,8
E01023917,6,7
E01023918,9,7
E01023919,15,8
E01023920,5,7
E01023921,9,7
E01023922,7,7
E01023923,12,8
E01023924,7,7
E01023925,22,11
E01023926,15,9
E01023927,7,7
E01023929,12,8
E01023930,14,8
E01023932,18,11
E01023933,15,10
E01023934,20,10
E01023935,16,9
E01023936,14,9
E01023937,16,10
E01023938,15,9
E01023939,10,7
E01023940,13,8
E01023941,15,8
E01023942,8,7
E01023943,9,7
E01023944,12,8
E01023945,8,7
E01023946,7,7
E01023947,14,8
E01023948,7,6
E01023949,15,8
E01023950,25,10
E01023951,18,10
E01023952,18,9
E01023953,20,9
E01023954,7,6
E01023955,9,7
E01023956,7,6
E01023957,7,7
E01023958,9,7
E01023959,20,9
E01023960,19,10
E01023961,18,9
E01023962,18,9
E01023963,13,8
E01023964,19,8
E01023965,17,9
E01023966,17,9
E01023967,16,9
E01023968,8,7
E01023969,9,7
E01023970,9,7
E01023971,19,10
E01023972,7,7
E01023973,15,8
E01023974,26,11
E01023975,23,10
E01023976,17,9
E01023977,26,10
E01023978,58,14
E01023979,27,13
E01023980,16,9
E01023981,13,9
E01023983,11,7
E01023984,8,8
E01023985,23,9
E01023986,5,7
E01023987,23,11
E01023988,34,14
E01023989,30,15
E01023990,31,12
E01023992,10,8
E01023993,20,10
E01023995,6,6
E01023996,10,8
E01023997,24,15
E01023998,24,18
E01023999,15,9
E01024001,13,8
E01024002,17,10
E01024003,14,8
E01024004,16,10
E01024005,10,7
E01024006,12,8
E01024008,13,8
E01024009,21,12
E01024010,17,14
E01024011,18,9
E01024012,16,9
E01024013,19,13
E01024014,31,13
E01024015,34,13
E01024016,29,12
E01024017,27,12
E01024019,17,9
E01024020,21,10
E01024021,5,6
E01024022,9,7
E01024023,7,7
E01024024,12,8
E01024025,10,8
E01024026,15,8
E01024027,7,8
E01024028,27,12
E01024029,19,10
E01024031,37,18
E01024032,34,13
E01024033,24,14
E01024034,22,11
E01024035,36,17
E01024036,47,15
E01024037,8,8
E01024038,10,7
E01024039,18,12
E01024040,11,7
E01024041,12,7
E01024042,27,12
E01024043,21,13
E01024044,4,7
E01024045,13,8
E01024046,10,8
E01024047,16,10
E01024048,10,8
E01024049,13,9
E01024052,11,8
E01024053,14,8
E01024054,32,16
E01024055,28,10
E01024056,28,12
E01024057,25,11
E01024058,29,11
E01024059,24,12
E01024060,15,10
E01024061,21,11
E01024062,23,8
E01024063,23,11
E01024064,19,9
E01024065,20,9
E01024066,18,9
E01024067,25,10
E01024068,18,9
E01024069,19,11
E01024070,18,11
E01024071,22,11
E01024072,20,11
E01024073,23,11
E01024074,26,11
E01024075,24,11
E01024076,27,11
E01024077,26,12
E01024078,5,6
E01024079,8,7
E01024080,10,7
E01024081,3,6
E01024082,9,7
E01024083,7,7
E01024084,23,13
E01024085,34,15
E01024086,21,10
E01024087,28,12
E01024088,14,7
E01024089,18,8
E01024090,13,8
E01024091,15,9
E01024092,7,7
E01024093,4,6
E01024094,18,12
E01024095,12,7
E01024096,16,10
E01024097,15,9
E01024098,17,9
E01024099,15,10
E01024100,16,10
E01024101,13,8
E01024102,14,9
E01024103,17,9
E01024104,15,8
E01024105,12,10
E01024106,13,9
E01024107,8,8
E01024108,20,9
E01024109,13,8
E01024110,15,10
E01024111,12,7
E01024112,8,6
E01024113,11,7
E01024114,27,11
E01024115,27,11
E01024116,27,12
E01024117,15,8
E01024118,13,7
E01024119,16,8
E01024120,17,9
E01024121,17,9
E01024122,19,10
E01024123,19,9
E01024124,9,7
E01024126,20,11
E01024127,21,12
E01024128,19,11
E01024129,11,8
E01024130,16,9
E01024131,8,7
E01024132,17,11
E01024133,21,10
E01024134,7,8
E01024135,19,10
E01024136,6,7
E01024137,12,8
E01024138,12,9
E01024139,16,9
E01024140,14,9
E01024141,21,9
E01024142,17,10
E01024143,16,9
E01024144,14,8
E01024145,15,8
E01024146,16,9
E01024147,12,8
E01024148,5,6
E01024149,12,8
E01024150,8,7
E01024151,5,6
E01024152,15,8
E01024153,12,7
E01024154,8,7
E01024155,7,7
E01024156,10,7
E01024157,20,10
E01024158,5,6
E01024159,19,10
E01024160,16,10
E01024161,9,7
E01024162,12,9
E01024163,7,7
E01024164,12,8
E01024165,6,7
E01024166,13,8
E01024167,11,8
E01024168,13,8
E01024169,12,7
E01024170,10,7
E01024171,9,7
E01024172,8,7
E01024173,20,11
E01024174,8,7
E01024175,8,6
E01024176,24,12
E01024177,26,11
E01024178,22,11
E01024179,19,11
E01024180,15,10
E01024181,11,9
E01024182,6,7
E01024183,8,7
E01024184,6,7
E01024185,6,7
E01024186,12,8
E01024187,17,11
E01024188,19,10
E01024189,13,10
E01024190,16,9
E01024191,9,7
E01024192,7,7
E01024193,7,7
E01024194,7,7
E01024195,11,8
E01024196,14,9
E01024197,9,7
E01024198,24,11
E01024200,33,15
E01024201,18,9
E01024202,22,13
E01024203,23,13
E01024204,24,14
E01024205,28,15
E01024206,33,13
E01024207,25,9
E01024208,15,7
E01024209,22,14
E01024212,10,7
E01024213,11,7
E01024214,5,6
E01024215,5,6
E01024216,9,7
E01024217,16,8
E01024218,8,6
E01024219,12,8
E01024220,14,7
E01024221,9,7
E01024222,8,7
E01024223,7,6
E01024224,12,7
E01024225,9,7
E01024226,9,7
E01024227,22,9
E01024228,11,7
E01024229,18,9
E01024230,17,8
E01024231,6,6
E01024232,24,12
E01024233,16,8
E01024234,26,11
E01024235,14,8
E01024236,25,15
E01024237,26,17
E01024238,20,11
E01024239,6,7
E01024240,13,8
E01024241,6,6
E01024242,22,9
E01024243,13,7
E01024244,7,7
E01024245,23,10
E01024246,5,6
E01024247,5,6
E01024248,9,7
E01024249,14,9
E01024250,13,7
E01024251,14,8
E01024252,5,6
E01024253,17,8
E01024254,21,11
E01024255,25,12
E01024256,24,12
E01024257,5,7
E01024258,10,7
E01024259,13,8
E01024260,9,7
E01024261,8,6
E01024262,5,6
E01024263,7,7
E01024264,14,8
E01024265,19,10
E01024266,18,11
E01024267,18,11
E01024268,10,7
E01024269,8,7
E01024270,13,9
E01024271,9,7
E01024272,10,7
E01024273,20,11
E01024274,21,13
E01024275,19,14
E01024276,10,8
E01024277,12,7
E01024278,18,9
E01024279,13,8
E01024280,12,7
E01024281,7,7
E01024282,9,7
E01024283,6,6
E01024284,6,7
E01024285,12,8
E01024286,15,9
E01024287,17,9
E01024288,14,8
E01024290,5,6
E01024291,6,7
E01024292,6,6
E01024293,4,6
E01024294,8,7
E01024295,5,6
E01024296,11,7
E01024297,17,9
E01024298,18,9
E01024299,18,9
E01024300,17,10
E01024301,22,11
E01024302,22,11
E01024303,16,9
E01024304,16,10
E01024305,12,8
E01024306,12,9
E01024307,16,10
E01024308,12,8
E01024309,11,8
E01024310,13,9
E01024311,8,7
E01024312,7,6
E01024313,12,8
E01024314,14,9
E01024315,15,9
E01024316,12,8
E01024317,6,7
E01024318,8,7
E01024319,8,7
E01024320,19,10
E01024321,21,10
E01024322,17,9
E01024323,18,9
E01024324,20,10
E01024325,13,8
E01024326,10,7
E01024327,14,7
E01024328,13,7
E01024329,6,6
E01024330,14,8
E01024331,22,10
E01024332,28,9
E01024333,20,10
E01024334,15,10
E01024335,22,11
E01024336,17,11
E01024337,19,11
E01024338,15,9
E01024339,5,6
E01024340,10,7
E01024341,11,7
E01024342,5,6
E01024343,12,8
E01024344,7,6
E01024345,20,9
E01024346,22,9
E01024347,24,10
E01024348,21,10
E01024349,17,8
E01024350,19,9
E01024351,11,9
E01024352,5,6
E01024353,14,9
E01024354,13,10
E01024355,9,7
E01024356,12,7
E01024357,9,8
E01024358,9,7
E01024360,13,8
E01024361,14,8
E01024362,24,9
E01024363,21,11
E01024364,16,8
E01024365,12,7
E01024366,33,13
E01024367,10,8
E01024369,8,7
E01024371,10,7
E01024372,7,8
E01024373,5,7
E01024374,9,7
E01024375,24,11
E01024376,20,11
E01024377,12,9
E01024378,8,7
E01024379,22,10
E01024380,12,8
E01024381,8,7
E01024382,10,8
E01024383,13,8
E01024384,16,9
E01024385,19,10
E01024386,15,8
E01024387,46,13
E01024388,6,7
E01024389,5,6
E01024390,8,7
E01024391,5,6
E01024392,14,9
E01024393,12,8
E01024394,13,9
E01024395,9,7
E01024396,6,7
E01024397,10,7
E01024398,6,7
E01024399,14,9
E01024400,10,8
E01024401,14,8
E01024402,21,11
E01024403,15,8
E01024404,18,11
E01024405,16,10
E01024406,16,8
E01024407,14,8
E01024408,10,7
E01024409,7,7
E01024410,9,7
E01024411,8,6
E01024413,19,12
E01024414,18,12
E01024415,20,13
E01024416,19,12
E01024417,22,13
E01024418,18,11
E01024419,30,14
E01024420,31,13
E01024421,18,10
E01024422,18,11
E01024423,14,10
E01024424,16,9
E01024425,8,7
E01024426,13,8
E01024427,11,8
E01024428,9,8
E01024429,10,7
E01024430,16,9
E01024431,18,9
E01024432,13,8
E01024433,10,7
E01024434,6,6
E01024435,27,12
E01024436,28,11
E01024437,27,11
E01024438,17,10
E01024439,28,11
E01024440,24,13
E01024441,15,9
E01024442,20,10
E01024443,10,8
E01024444,12,8
E01024445,9,7
E01024446,5,6
E01024447,9,7
E01024448,23,12
E01024449,24,12
E01024450,28,13
E01024451,27,13
E01024452,26,10
E01024453,11,7
E01024454,13,8
E01024455,25,16
E01024456,29,13
E01024457,18,11
E01024458,21,11
E01024459,24,12
E01024460,8,7
E01024461,9,7
E01024462,14,9
E01024463,17,9
E01024464,14,9
E01024465,11,8
E01024466,11,8
E01024467,15,8
E01024468,5,6
E01024469,6,6
E01024470,7,7
E01024471,6,7
E01024472,14,8
E01024473,11,8
E01024474,14,9
E01024475,12,8
E01024476,12,9
E01024477,10,8
E01024478,15,9
E01024479,11,7
E01024480,8,7
E01024481,16,9
E01024482,13,8
E01024483,8,7
E01024484,15,10
E01024485,11,7
E01024486,9,7
E01024487,14,9
E01024488,20,10
E01024489,16,9
E01024490,14,9
E01024491,9,6
E01024492,13,7
E01024493,8,6
E01024494,12,8
E01024495,13,7
E01024496,13,8
E01024497,13,7
E01024498,10,7
E01024499,4,6
E01024500,4,6
E01024501,5,6
E01024502,5,6
E01024503,13,7
E01024504,9,7
E01024505,11,7
E01024507,3,6
E01024508,4,6
E01024509,8,6
E01024510,6,6
E01024511,10,7
E01024512,3,6
E01024513,8,6
E01024514,9,7
E01024515,6,6
E01024516,14,8
E01024517,6,6
E01024518,9,7
E01024519,17,8
E01024520,13,8
E01024521,12,7
E01024522,5,6
E01024523,15,8
E01024524,8,6
E01024525,6,6
E01024526,14,8
E01024527,8,7
E01024528,17,9
E01024529,17,8
E01024530,22,11
E01024531,14,7
E01024532,19,13
E01024533,19,15
E01024534,6,6
E01024535,8,10
E01024536,24,13
E01024537,19,10
E01024538,14,8
E01024539,6,6
E01024540,10,7
E01024541,21,11
E01024542,22,11
E01024544,32,14
E01024545,35,11
E01024546,9,7
E01024547,4,6
E01024548,32,16
E01024549,27,12
E01024550,18,9
E01024551,9,7
E01024552,12,8
E01024553,6,6
E01024554,20,10
E01024555,22,15
E01024556,23,12
E01024557,22,15
E01024558,27,15
E01024559,3,6
E01024560,7,6
E01024561,8,7
E01024562,7,6
E01024563,14,8
E01024564,14,8
E01024565,40,14
E01024566,27,16
E01024567,8,7
E01024568,9,8
E01024569,12,7
E01024570,28,14
E01024571,19,12
E01024572,21,11
E01024573,24,12
E01024575,26,15
E01024576,8,7
E01024577,8,7
E01024578,5,6
E01024579,8,7
E01024580,38,21
E01024581,40,22
E01024582,6,6
E01024583,10,7
E01024584,6,7
E01024585,15,8
E01024586,16,10
E01024587,17,10
E01024588,19,10
E01024589,15,9
E01024590,13,8
E01024591,17,9
E01024592,15,9
E01024593,19,10
E01024594,16,11
E01024595,15,9
E01024596,15,12
E01024597,20,13
E01024598,13,8
E01024599,7,7
E01024600,11,9
E01024601,11,8
E01024602,4,6
E01024603,9,7
E01024604,17,9
E01024605,13,8
E01024606,8,7
E01024608,5,7
E01024609,5,6
E01024610,10,7
E01024611,6,7
E01024612,5,6
E01024613,4,6
E01024614,5,6
E01024615,10,7
E01024616,8,7
E01024618,26,16
E01024619,10,7
E01024620,15,9
E01024621,12,8
E01024622,16,9
E01024623,9,7
E01024624,9,7
E01024625,11,8
E01024626,9,7
E01024627,16,8
E01024628,35,12
E01024629,14,9
E01024630,15,8
E01024631,20,9
E01024632,14,7
E01024633,14,8
E01024634,16,8
E01024635,13,8
E01024636,9,7
E01024637,14,8
E01024638,13,8
E01024639,9,7
E01024640,15,9
E01024641,16,8
E01024642,14,8
E01024643,9,7
E01024644,10,8
E01024645,8,6
E01024646,11,7
E01024647,5,6
E01024648,8,6
E01024649,11,7
E01024650,16,8
E01024651,14,7
E01024652,22,11
E01024653,13,7
E01024654,13,8
E01024655,10,7
E01024656,8,7
E01024657,7,7
E01024658,11,7
E01024659,16,8
E01024660,11,8
E01024661,8,6
E01024662,18,8
E01024663,21,9
E01024664,19,8
E01024665,19,8
E01024666,21,9
E01024667,9,7
E01024668,11,7
E01024669,6,6
E01024670,11,7
E01024671,7,6
E01024672,10,8
E01024673,13,8
E01024674,6,6
E01024675,19,10
E01024676,12,7
E01024677,16,8
E01024678,4,6
E01024679,16,9
E01024680,10,8
E01024681,6,7
E01024682,12,8
E01024683,8,7
E01024684,5,6
E01024685,6,6
E01024686,8,7
E01024687,7,7
E01024688,10,7
E01024689,9,7
E01024690,12,8
E01024691,14,8
E01024692,6,6
E01024693,8,7
E01024694,18,9
E01024695,17,8
E01024696,20,9
E01024697,15,8
E01024698,5,6
E01024699,20,8
E01024700,10,7
E01024701,23,10
E01024702,5,6
E01024703,18,11
E01024704,7,6
E01024705,11,7
E01024706,5,7
E01024707,9,7
E01024708,13,8
E01024709,15,8
E01024710,10,7
E01024711,13,7
E01024712,12,7
E01024713,15,9
E01024714,8,6
E01024715,5,6
E01024716,14,7
E01024717,8,7
E01024718,10,7
E01024719,17,9
E01024720,12,8
E01024721,20,11
E01024722,10,7
E01024723,24,14
E01024724,21,8
E01024725,5,6
E01024726,10,7
E01024727,13,9
E01024728,11,8
E01024729,18,9
E01024730,21,11
E01024731,23,11
E01024732,9,7
E01024733,12,7
E01024734,16,9
E01024735,19,10
E01024736,17,10
E01024737,14,9
E01024740,19,10
E01024741,10,9
E01024742,15,10
E01024743,20,12
E01024744,28,11
E01024745,9,7
E01024746,24,12
E01024747,6,7
E01024748,16,9
E01024749,22,10
E01024750,18,8
E01024751,21,9
E01024752,12,7
E01024753,11,8
E01024754,13,8
E01024755,20,9
E01024756,18,10
E01024757,11,8
E01024758,17,9
E01024760,17,11
E01024761,18,9
E01024762,15,9
E01024763,9,7
E01024764,7,7
E01024765,7,7
E01024766,9,7
E01024767,12,7
E01024768,3,6
E01024771,11,8
E01024772,11,8
E01024773,13,8
E01024774,12,8
E01024775,18,10
E01024776,21,11
E01024777,20,10
E01024778,7,7
E01024779,8,7
E01024780,11,8
E01024781,9,8
E01024782,17,10
E01024783,6,6
E01024784,11,8
E01024785,16,11
E01024786,22,10
E01024787,18,9
E01024788,10,7
E01024789,48,15
E01024790,8,6
E01024791,13,7
E01024792,16,9
E01024793,19,10
E01024794,19,11
E01024795,16,10
E01024796,16,10
E01024797,19,10
E01024798,20,11
E01024799,8,7
E01024800,16,9
E01024801,6,7
E01024802,5,6
E01024803,35,11
E01024804,23,9
E01024805,13,7
E01024806,13,8
E01024807,7,6
E01024808,4,6
E01024809,18,13
E01024810,10,7
E01024811,11,7
E01024812,23,9
E01024813,9,7
E01024814,5,7
E01024815,10,7
E01024816,19,9
E01024817,16,9
E01024818,19,10
E01024819,10,7
E01024820,14,8
E01024821,7,7
E01024822,12,8
E01024823,8,7
E01024824,16,8
E01024825,9,7
E01024826,8,7
E01024827,6,6
E01024828,11,7
E01024829,8,6
E01024830,6,6
E01024831,14,7
E01024832,12,8
E01024833,9,7
E01024834,14,8
E01024835,12,7
E01024836,15,9
E01024837,14,8
E01024838,9,7
E01024839,12,8
E01024840,13,8
E01024841,7,7
E01024842,8,7
E01024843,18,10
E01024844,7,7
E01024845,13,8
E01024846,13,8
E01024847,16,9
E01024848,6,7
E01024849,9,8
E01024850,14,9
E01024851,15,9
E01024852,9,7
E01024853,24,10
E01024854,24,12
E01024855,5,6
E01024856,5,6
E01024857,7,6
E01024858,4,6
E01024859,9,6
E01024860,14,8
E01024861,6,6
E01024862,6,6
E01024863,13,8
E01024864,9,7
E01024865,12,8
E01024866,14,8
E01024867,17,9
E01024868,21,11
E01024869,18,10
E01024870,23,12
E01024871,19,10
E01024872,19,9
E01024873,20,10
E01024874,17,10
E01024875,6,6
E01024876,4,6
E01024877,8,7
E01024878,10,7
E01024879,7,7
E01024880,9,7
E01024881,4,6
E01024882,6,6
E01024883,10,7
E01024884,11,7
E01024885,6,6
E01024886,9,6
E01024887,14,9
E01024888,18,10
E01024889,7,7
E01024890,11,7
E01024891,13,8
E01024892,10,7
E01024893,8,7
E01024894,11,7
E01024895,7,6
E01024896,15,8
E01024897,12,7
E01024898,10,7
E01024899,11,8
E01024900,17,9
E01024901,13,8
E01024902,4,6
E01024903,17,9
E01024904,8,7
E01024905,19,9
E01024906,4,6
E01024907,16,8
E01024908,15,8
E01024909,16,8
E01024910,16,8
E01024911,8,7
E01024912,12,8
E01024913,13,8
E01024914,10,7
E01024915,7,7
E01024916,9,7
E01024917,12,8
E01024918,9,7
E01024919,14,9
E01024920,18,10
E01024921,22,12
E01024922,12,8
E01024923,26,12
E01024924,22,10
E01024925,10,7
E01024926,13,8
E01024927,14,8
E01024928,6,6
E01024929,8,6
E01024930,4,6
E01024931,9,6
E01024932,13,8
E01024933,12,8
E01024934,6,6
E01024935,12,7
E01024936,3,6
E01024937,12,7
E01024938,18,8
E01024939,17,9
E01024940,7,6
E01024941,11,7
E01024942,15,8
E01024943,16,10
E01024944,20,11
E01024945,14,8
E01024946,13,8
E01024947,13,8
E01024948,12,7
E01024949,7,7
E01024950,10,7
E01024951,9,7
E01024952,6,7
E01024953,7,7
E01024954,6,6
E01024955,13,7
E01024956,17,9
E01024957,16,10
E01024958,17,10
E01024959,9,7
E01024960,13,8
E01024961,8,7
E01024962,18,8
E01024963,20,12
E01024964,23,13
E01024965,21,12
E01024966,20,13
E01024967,11,7
E01024968,10,7
E01024969,6,6
E01024970,16,10
E01024971,16,9
E01024972,15,10
E01024973,15,8
E01024974,12,8
E01024975,14,9
E01024976,5,6
E01024977,18,9
E01024978,7,7
E01024979,15,10
E01024980,12,8
E01024981,14,8
E01024982,16,8
E01024983,11,7
E01024984,12,7
E01024985,7,7
E01024986,9,7
E01024987,8,7
E01024988,13,8
E01024989,11,7
E01024990,9,7
E01024991,13,8
E01024992,16,9
E01024993,15,9
E01024994,16,9
E01024995,17,9
E01024996,15,9
E01024997,22,13
E01024998,19,11
E01024999,24,14
E01025000,24,14
E01025001,15,8
E01025002,12,7
E01025003,12,7
E01025004,10,7
E01025005,15,8
E01025006,19,9
E01025007,13,8
E01025008,9,7
E01025009,5,7
E01025010,7,7
E01025011,5,6
E01025012,14,9
E01025013,13,8
E01025014,20,11
E01025015,18,9
E01025016,15,8
E01025017,5,6
E01025018,11,7
E01025019,20,11
E01025020,13,7
E01025021,15,8
E01025022,5,6
E01025023,6,6
E01025024,9,7
E01025025,6,6
E01025026,16,12
E01025027,15,10
E01025028,17,10
E01025029,22,11
E01025030,23,13
E01025031,22,12
E01025032,8,7
E01025033,14,8
E01025034,12,7
E01025035,12,8
E01025036,5,6
E01025037,11,7
E01025038,19,9
E01025039,19,10
E01025040,17,9
E01025041,5,6
E01025042,9,6
E01025044,7,6
E01025045,12,7
E01025046,3,6
E01025048,13,8
E01025049,6,6
E01025050,8,7
E01025051,14,9
E01025052,13,8
E01025053,15,10
E01025054,10,7
E01025055,4,6
E01025056,9,7
E01025057,4,6
E01025058,7,6
E01025059,7,6
E01025060,10,7
E01025061,12,7
E01025062,7,6
E01025063,13,7
E01025064,10,7
E01025065,8,6
E01025066,6,6
E01025067,9,7
E01025068,10,7
E01025069,13,7
E01025070,5,6
E01025071,6,6
E01025072,4,6
E01025073,7,6
E01025074,10,7
E01025075,9,7
E01025076,5,6
E01025077,10,7
E01025078,13,8
E01025079,15,9
E01025080,16,9
E01025081,14,8
E01025082,12,7
E01025083,9,7
E01025084,10,7
E01025085,26,15
E01025086,25,15
E01025087,22,15
E01025088,17,8
E01025089,16,12
E01025090,17,10
E01025091,17,9
E01025092,18,9
E01025093,9,8
E01025094,7,7
E01025095,11,7
E01025096,9,7
E01025097,10,8
E01025098,7,7
E01025099,11,9
E01025100,18,10
E01025101,16,9
E01025102,10,8
E01025103,19,10
E01025105,41,18
E01025106,25,16
E01025107,24,15
E01025108,28,14
E01025109,40,15
E01025110,21,11
E01025111,31,12
E01025112,25,11
E01025113,28,11
E01025114,16,8
E01025115,15,8
E01025116,17,9
E01025117,18,10
E01025118,20,10
E01025119,17,10
E01025120,17,9
E01025121,13,8
E01025122,9,7
E01025123,8,7
E01025124,6,6
E01025125,13,8
E01025126,17,9
E01025127,19,10
E01025128,8,6
E01025129,9,7
E01025130,29,12
E01025131,29,15
E01025132,38,17
E01025133,29,17
E01025136,27,13
E01025137,25,14
E01025138,26,14
E01025139,27,13
E01025140,27,14
E01025141,15,9
E01025142,20,11
E01025143,18,11
E01025144,13,8
E01025145,14,8
E01025146,15,9
E01025147,12,8
E01025148,23,16
E01025149,20,11
E01025150,18,10
E01025151,14,9
E01025152,20,11
E01025153,19,11
E01025154,21,11
E01025155,16,11
E01025156,15,10
E01025157,14,11
E01025158,24,15
E01025159,19,14
E01025160,18,13
E01025161,26,15
E01025162,27,14
E01025163,25,13
E01025164,21,13
E01025165,18,13
E01025166,29,20
E01025167,24,12
E01025168,11,9
E01025169,13,10
E01025170,31,14
E01025171,29,12
E01025172,29,12
E01025173,26,14
E01025174,12,7
E01025175,8,7
E01025176,8,8
E01025177,18,10
E01025178,16,10
E01025179,9,7
E01025180,9,7
E01025181,17,8
E01025182,9,7
E01025183,17,8
E01025184,11,7
E01025185,5,6
E01025186,8,6
E01025187,13,7
E01025188,13,7
E01025189,17,8
E01025190,15,8
E01025191,12,7
E01025192,10,7
E01025193,14,8
E01025194,11,7
E01025195,8,6
E01025196,4,6
E01025197,12,7
E01025198,5,6
E01025199,10,7
E01025200,7,6
E01025201,7,6
E01025202,10,7
E01025203,15,10
E01025204,21,12
E01025205,10,7
E01025206,13,7
E01025207,6,6
E01025208,10,7
E01025209,18,10
E01025210,20,9
E01025211,17,9
E01025212,13,8
E01025213,12,7
E01025214,16,8
E01025215,7,6
E01025216,18,9
E01025217,15,8
E01025218,14,8
E01025219,15,8
E01025220,11,8
E01025221,14,8
E01025222,18,9
E01025223,10,8
E01025224,13,7
E01025225,14,8
E01025226,14,9
E01025227,5,7
E01025228,17,9
E01025229,10,7
E01025230,5,6
E01025231,8,7
E01025232,10,7
E01025233,4,6
E01025234,12,7
E01025235,14,8
E01025236,5,6
E01025237,15,8
E01025238,12,8
E01025239,12,7
E01025240,13,8
E01025241,10,7
E01025242,12,8
E01025243,8,7
E01025244,5,6
E01025245,7,7
E01025246,3,6
E01025247,6,6
E01025248,12,8
E01025249,12,8
E01025250,10,7
E01025251,12,8
E01025252,12,8
E01025253,19,12
E01025254,15,10
E01025255,17,11
E01025256,9,7
E01025257,19,10
E01025258,12,8
E01025259,11,7
E01025260,13,8
E01025261,15,9
E01025262,16,10
E01025263,16,10
E01025264,16,10
E01025265,12,9
E01025266,6,7
E01025267,9,7
E01025268,13,9
E01025269,14,8
E01025270,15,9
E01025271,13,9
E01025272,24,11
E01025273,23,10
E01025274,12,8
E01025275,11,7
E01025276,6,7
E01025277,23,12
E01025278,18,12
E01025279,31,13
E01025280,26,15
E01025281,25,15
E01025282,18,12
E01025283,10,7
E01025284,5,6
E01025285,11,7
E01025286,9,7
E01025287,9,7
E01025288,13,8
E01025289,5,6
E01025290,5,6
E01025291,7,7
E01025292,12,8
E01025293,11,7
E01025294,4,6
E01025295,6,6
E01025296,11,7
E01025297,5,6
E01025298,8,7
E01025299,9,8
E01025300,14,9
E01025301,17,10
E01025302,13,8
E01025303,16,9
E01025304,11,7
E01025305,10,7
E01025306,4,6
E01025308,9,7
E01025309,9,7
E01025310,9,7
E01025311,3,6
E01025312,6,7
E01025313,12,8
E01025314,12,8
E01025315,43,17
E01025316,12,7
E01025317,8,7
E01025318,9,7
E01025319,17,11
E01025320,44,14
E01025321,18,12
E01025322,30,17
E01025323,21,12
E01025324,12,9
E01025325,4,6
E01025326,12,7
E01025327,12,7
E01025328,8,6
E01025329,14,8
E01025330,12,7
E01025331,48,18
E01025332,17,12
E01025333,18,11
E01025334,13,8
E01025335,11,7
E01025336,25,13
E01025337,19,12
E01025338,10,7
E01025339,16,8
E01025340,17,11
E01025341,19,11
E01025342,16,13
E01025343,17,13
E01025344,4,6
E01025345,10,7
E01025346,11,7
E01025347,11,7
E01025348,18,10
E01025349,24,14
E01025350,9,7
E01025351,12,8
E01025352,17,10
E01025353,12,9
E01025354,20,10
E01025355,8,7
E01025356,5,6
E01025357,14,9
E01025358,16,11
E01025359,11,8
E01025360,8,7
E01025361,11,9
E01025362,17,10
E01025363,9,7
E01025364,11,7
E01025365,15,8
E01025366,6,6
E01025367,19,10
E01025368,13,7
E01025369,8,7
E01025370,14,8
E01025371,9,8
E01025373,8,8
E01025374,14,8
E01025375,12,8
E01025376,12,7
E01025377,17,10
E01025378,16,9
E01025379,14,9
E01025380,16,9
E01025381,12,7
E01025382,7,6
E01025383,12,7
E01025384,10,9
E01025385,11,8
E01025387,12,8
E01025388,14,9
E01025389,16,9
E01025390,15,9
E01025391,14,8
E01025392,6,6
E01025393,20,12
E01025394,14,9
E01025395,16,9
E01025396,7,7
E01025397,5,6
E01025398,6,6
E01025399,7,7
E01025400,12,8
E01025401,13,7
E01025402,8,6
E01025403,14,7
E01025404,10,7
E01025405,10,7
E01025406,8,7
E01025407,5,6
E01025408,8,7
E01025409,10,7
E01025410,14,8
E01025411,13,8
E01025412,12,8
E01025413,18,12
E01025414,17,11
E01025415,14,8
E01025416,12,8
E01025417,12,7
E01025418,10,7
E01025419,8,7
E01025420,14,8
E01025421,11,7
E01025422,5,6
E01025423,11,7
E01025424,12,8
E01025425,9,7
E01025426,6,6
E01025427,8,7
E01025428,11,7
E01025429,8,7
E01025430,7,6
E01025431,5,6
E01025433,10,7
E01025434,11,7
E01025435,6,6
E01025436,17,10
E01025437,13,8
E01025438,10,7
E01025439,9,7
E01025440,11,7
E01025441,5,6
E01025442,9,7
E01025443,13,8
E01025444,7,6
E01025445,11,7
E01025446,6,7
E01025447,7,7
E01025448,12,8
E01025449,12,8
E01025450,15,8
E01025451,14,8
E01025452,11,7
E01025453,14,8
E01025454,7,6
E01025455,11,7
E01025456,18,13
E01025457,7,6
E01025458,14,9
E01025459,8,7
E01025460,7,7
E01025461,11,8
E01025462,9,7
E01025463,12,8
E01025464,15,9
E01025465,9,7
E01025466,7,7
E01025467,11,8
E01025468,13,8
E01025469,9,7
E01025470,10,7
E01025471,11,7
E01025472,12,8
E01025473,9,7
E01025474,23,14
E01025475,14,8
E01025476,17,9
E01025477,21,9
E01025478,14,8
E01025479,23,10
E01025480,14,9
E01025481,16,9
E01025482,8,8
E01025483,11,8
E01025484,11,7
E01025485,9,7
E01025486,15,9
E01025487,11,7
E01025488,7,7
E01025489,13,8
E01025490,5,7
E01025491,14,9
E01025492,15,9
E01025493,7,9
E01025494,8,9
E01025495,16,12
E01025496,21,12
E01025497,17,11
E01025498,15,10
E01025499,13,7
E01025500,9,7
E01025501,14,8
E01025502,16,9
E01025503,8,8
E01025504,5,8
E01025505,9,8
E01025506,18,10
E01025507,20,10
E01025508,23,11
E01025509,18,10
E01025510,16,8
E01025511,14,8
E01025512,8,7
E01025513,17,11
E01025514,19,11
E01025515,20,12
E01025516,12,7
E01025517,13,7
E01025518,7,6
E01025519,11,8
E01025520,15,9
E01025521,21,10
E01025522,17,9
E01025523,15,8
E01025524,16,8
E01025525,15,8
E01025526,5,6
E01025527,7,8
E01025528,11,9
E01025529,12,9
E01025530,13,8
E01025531,18,10
E01025532,9,7
E01025533,6,6
E01025534,8,7
E01025535,13,8
E01025536,9,7
E01025537,17,9
E01025538,20,12
E01025539,20,10
E01025540,14,9
E01025541,12,8
E01025542,11,7
E01025543,10,7
E01025544,6,6
E01025545,10,8
E01025546,7,7
E01025547,33,12
E01025548,20,9
E01025549,32,10
E01025550,19,9
E01025551,14,8
E01025552,15,8
E01025553,21,9
E01025554,17,8
E01025555,17,9
E01025556,15,8
E01025557,16,9
E01025558,18,8
E01025559,10,7
E01025560,16,8
E01025561,13,10
E01025562,22,11
E01025563,24,15
E01025564,23,15
E01025565,22,11
E01025566,13,9
E01025567,12,8
E01025568,10,7
E01025569,11,7
E01025570,9,7
E01025571,14,8
E01025572,15,9
E01025573,9,7
E01025574,12,7
E01025575,8,6
E01025576,6,6
E01025577,7,6
E01025578,8,6
E01025579,7,6
E01025580,12,7
E01025581,10,7
E01025582,8,6
E01025583,7,6
E01025584,10,6
E01025585,35,15
E01025586,7,6
E01025587,11,7
E01025588,13,8
E01025589,13,8
E01025590,7,6
E01025591,14,8
E01025592,12,7
E01025593,16,8
E01025594,11,7
E01025595,15,8
E01025596,14,8
E01025597,13,8
E01025598,7,6
E01025599,16,9
E01025600,11,7
E01025601,11,7
E01025602,18,9
E01025603,11,7
E01025604,9,7
E01025605,10,7
E01025606,16,8
E01025607,14,7
E01025608,10,7
E01025609,36,14
E01025610,5,6
E01025611,10,7
E01025612,13,8
E01025613,18,11
E01025614,21,11
E01025615,22,10
E01025616,11,8
E01025617,9,7
E01025618,6,6
E01025619,12,7
E01025620,18,10
E01025621,25,10
E01025622,12,7
E01025623,9,7
E01025624,16,9
E01025625,4,6
E01025626,6,6
E01025627,13,8
E01025629,13,8
E01025630,15,8
E01025631,20,10
E01025632,20,12
E01025633,8,7
E01025634,16,10
E01025635,16,9
E01025636,6,6
E01025637,9,7
E01025638,17,11
E01025639,18,8
E01025640,18,9
E01025641,14,8
E01025642,6,7
E01025643,15,8
E01025644,16,10
E01025645,23,12
E01025646,13,8
E01025647,15,8
E01025648,18,8
E01025649,16,8
E01025650,16,8
E01025651,9,7
E01025652,5,7
E01025653,14,8
E01025654,11,7
E01025655,14,8
E01025656,8,7
E01025657,16,8
E01025658,17,8
E01025659,5,6
E01025660,16,9
E01025661,11,7
E01025662,14,8
E01025663,9,7
E01025664,26,12
E01025665,20,8
E01025666,9,7
E01025667,17,8
E01025668,13,10
E01025669,16,10
E01025670,9,7
E01025671,8,7
E01025672,9,7
E01025673,5,6
E01025674,11,7
E01025675,6,7
E01025676,9,7
E01025677,9,7
E01025678,13,8
E01025679,9,7
E01025680,8,7
E01025681,12,7
E01025682,14,8
E01025683,11,7
E01025684,8,6
E01025685,6,7
E01025686,6,7
E01025687,16,9
E01025688,7,6
E01025689,13,8
E01025690,16,9
E01025692,8,7
E01025693,19,11
E01025695,18,10
E01025696,9,7
E01025697,9,7
E01025698,13,8
E01025699,4,7
E01025700,10,7
E01025701,6,6
E01025702,13,8
E01025703,5,6
E01025704,11,7
E01025705,9,7
E01025706,12,7
E01025707,16,8
E01025708,18,10
E01025709,10,7
E01025710,21,9
E01025711,17,9
E01025712,21,10
E01025713,17,9
E01025714,20,12
E01025715,15,9
E01025716,20,10
E01025717,22,11
E01025718,7,7
E01025719,14,8
E01025720,11,7
E01025721,9,7
E01025722,12,8
E01025723,6,7
E01025724,6,6
E01025725,13,7
E01025726,6,6
E01025727,4,6
E01025728,9,7
E01025729,14,8
E01025730,17,11
E01025731,12,8
E01025732,11,8
E01025733,5,7
E01025734,15,8
E01025735,11,7
E01025736,17,10
E01025737,12,8
E01025738,20,10
E01025739,14,8
E01025740,10,7
E01025741,6,7
E01025742,7,6
E01025743,8,6
E01025744,14,8
E01025745,12,7
E01025746,7,6
E01025747,11,7
E01025748,9,7
E01025749,11,7
E01025750,8,7
E01025751,4,6
E01025752,10,7
E01025753,8,7
E01025754,16,8
E01025755,15,8
E01025756,14,8
E01025757,17,10
E01025758,14,9
E01025759,6,6
E01025760,19,13
E01025761,25,15
E01025762,10,7
E01025763,8,8
E01025764,6,7
E01025765,6,7
E01025766,12,9
E01025767,13,8
E01025768,20,11
E01025769,15,8
E01025770,40,10
E01025771,22,10
E01025772,13,9
E01025773,13,9
E01025774,12,8
E01025775,7,7
E01025776,10,7
E01025777,20,12
E01025778,24,13
E01025779,21,13
E01025780,31,14
E01025781,19,12
E01025782,17,13
E01025783,37,15
E01025784,23,13
E01025785,12,8
E01025786,11,8
E01025787,9,7
E01025788,26,12
E01025789,17,11
E01025790,18,10
E01025791,16,9
E01025792,7,7
E01025793,14,8
E01025794,16,8
E01025795,10,8
E01025796,14,8
E01025797,18,10
E01025798,14,8
E01025799,17,10
E01025800,16,8
E01025801,4,6
E01025802,12,7
E01025803,10,7
E01025804,20,9
E01025805,15,8
E01025806,11,8
E01025807,14,8
E01025808,42,13
E01025809,81,18
E01025810,75,14
E01025812,15,8
E01025813,15,8
E01025814,16,10
E01025815,60,13
E01025816,21,15
E01025817,26,15
E01025818,44,13
E01025819,16,10
E01025820,14,10
E01025821,6,6
E01025822,14,8
E01025823,13,8
E01025824,10,7
E01025825,5,6
E01025826,15,7
E01025827,9,7
E01025828,17,8
E01025829,8,7
E01025830,10,7
E01025831,6,6
E01025832,18,8
E01025833,13,8
E01025834,11,7
E01025835,11,7
E01025836,5,6
E01025837,28,15
E01025838,19,12
E01025839,11,7
E01025840,8,6
E01025841,15,8
E01025842,18,8
E01025843,9,7
E01025844,14,7
E01025845,10,7
E01025846,9,7
E01025847,13,9
E01025848,9,7
E01025849,12,7
E01025850,4,6
E01025851,15,8
E01025852,7,7
E01025853,20,10
E01025854,22,11
E01025855,21,10
E01025856,19,8
E01025857,20,9
E01025858,9,7
E01025859,13,7
E01025860,20,10
E01025861,21,9
E01025862,19,9
E01025863,17,8
E01025864,21,10
E01025865,16,9
E01025866,19,10
E01025867,20,10
E01025868,8,7
E01025869,5,6
E01025870,9,8
E01025871,14,11
E01025872,12,7
E01025873,26,9
E01025874,10,7
E01025875,7,6
E01025876,14,8
E01025877,6,6
E01025878,27,13
E01025879,16,8
E01025880,9,7
E01025881,22,11
E01025882,42,13
E01025883,20,15
E01025884,18,14
E01025885,12,7
E01025886,8,6
E01025887,28,11
E01025888,23,15
E01025889,23,14
E01025890,15,11
E01025891,10,9
E01025892,23,16
E01025893,18,10
E01025894,6,7
E01025895,16,10
E01025896,16,10
E01025897,14,10
E01025898,14,9
E01025899,15,8
E01025900,17,10
E01025901,15,9
E01025902,15,10
E01025903,9,8
E01025904,22,11
E01025905,19,9
E01025906,22,10
E01025907,16,10
E01025908,13,9
E01025909,30,15
E01025910,33,18
E01025911,20,14
E01025912,27,15
E01025913,36,11
E01025914,18,9
E01025915,12,8
E01025916,9,7
E01025917,12,8
E01025918,11,7
E01025919,20,8
E01025920,7,7
E01025921,14,8
E01025923,14,11
E01025924,36,13
E01025925,12,7
E01025926,14,7
E01025927,11,7
E01025928,15,7
E01025929,5,6
E01025930,8,7
E01025931,12,7
E01025932,13,8
E01025933,18,9
E01025934,21,9
E01025935,17,8
E01025936,10,7
E01025937,7,6
E01025938,14,8
E01025939,18,9
E01025940,13,8
E01025941,22,9
E01025942,11,8
E01025943,7,7
E01025944,18,11
E01025945,9,7
E01025946,7,7
E01025947,10,7
E01025948,10,7
E01025949,6,6
E01025950,18,10
E01025951,26,9
E01025952,17,11
E01025953,16,10
E01025954,20,9
E01025955,23,11
E01025956,23,11
E01025957,13,8
E01025958,21,9
E01025959,13,8
E01025960,13,9
E01025961,9,8
E01025962,14,10
E01025963,24,14
E01025964,23,12
E01025965,25,10
E01025966,12,9
E01025967,12,9
E01025968,10,9
E01025969,9,7
E01025970,12,8
E01025971,9,8
E01025972,8,7
E01025973,19,9
E01025974,9,7
E01025975,14,8
E01025976,5,6
E01025977,8,7
E01025978,7,7
E01025979,8,7
E01025980,8,7
E01025981,4,6
E01025982,15,9
E01025983,8,8
E01025984,12,9
E01025985,13,8
E01025986,10,8
E01025987,6,6
E01025988,7,7
E01025989,8,7
E01025990,14,8
E01025991,18,8
E01025992,10,7
E01025993,16,8
E01025994,6,7
E01025995,14,8
E01025997,11,8
E01025998,25,9
E01025999,18,8
E01026000,20,9
E01026001,19,8
E01026003,16,8
E01026004,16,8
E01026005,14,8
E01026006,7,6
E01026007,21,14
E01026008,40,15
E01026009,21,11
E01026010,16,8
E01026011,15,7
E01026012,20,10
E01026013,19,10
E01026014,21,12
E01026015,19,10
E01026016,14,8
E01026017,27,9
E01026018,21,10
E01026019,11,7
E01026020,12,7
E01026021,13,8
E01026022,18,9
E01026023,16,10
E01026024,25,8
E01026025,7,7
E01026026,13,9
E01026027,12,10
E01026028,14,8
E01026029,21,9
E01026030,6,8
E01026031,12,8
E01026032,9,7
E01026033,27,14
E01026034,13,7
E01026035,19,8
E01026036,6,7
E01026037,9,7
E01026038,13,9
E01026039,19,10
E01026040,21,10
E01026041,14,10
E01026042,7,6
E01026043,7,6
E01026044,22,13
E01026045,13,10
E01026046,22,14
E01026047,24,16
E01026048,36,23
E01026049,34,23
E01026050,38,24
E01026051,11,8
E01026052,10,8
E01026053,16,8
E01026054,11,7
E01026055,41,15
E01026056,31,15
E01026057,35,16
E01026058,24,17
E01026059,30,10
E01026060,34,13
E01026061,19,11
E01026062,19,11
E01026063,23,10
E01026064,16,8
E01026065,12,7
E01026066,18,8
E01026067,10,7
E01026068,42,13
E01026069,30,16
E01026070,39,13
E01026071,78,21
E01026072,8,7
E01026073,9,7
E01026074,14,9
E01026075,30,16
E01026076,26,16
E01026077,15,8
E01026078,13,8
E01026079,11,7
E01026080,16,8
E01026081,7,7
E01026082,38,15
E01026083,13,8
E01026084,13,8
E01026085,11,7
E01026087,16,8
E01026088,17,8
E01026089,9,7
E01026090,9,7
E01026091,12,7
E01026092,15,8
E01026093,18,8
E01026094,15,8
E01026095,28,10
E01026096,29,10
E01026097,18,9
E01026098,18,13
E01026099,25,16
E01026100,7,6
E01026101,10,7
E01026102,14,10
E01026103,20,13
E01026104,26,15
E01026105,48,16
E01026106,29,14
E01026107,31,18
E01026108,13,8
E01026109,17,9
E01026110,32,18
E01026111,30,18
E01026112,24,17
E01026113,26,16
E01026114,20,8
E01026115,24,11
E01026116,21,9
E01026117,31,18
E01026118,15,8
E01026119,12,8
E01026120,7,7
E01026121,13,8
E01026122,4,6
E01026123,13,9
E01026124,8,7
E01026125,11,7
E01026126,5,6
E01026127,7,7
E01026128,11,8
E01026129,9,8
E01026130,15,9
E01026131,10,7
E01026132,7,7
E01026133,13,7
E01026134,14,8
E01026135,8,7
E01026136,13,8
E01026137,9,7
E01026138,6,7
E01026139,17,8
E01026140,4,7
E01026141,9,9
E01026142,13,8
E01026143,5,6
E01026144,12,8
E01026145,9,7
E01026146,7,7
E01026147,11,8
E01026148,4,6
E01026149,11,9
E01026150,12,8
E01026151,9,7
E01026152,9,7
E01026153,7,8
E01026154,12,7
E01026155,10,7
E01026156,9,7
E01026157,10,7
E01026158,15,9
E01026159,11,8
E01026160,11,8
E01026161,17,8
E01026162,17,9
E01026163,15,8
E01026164,11,7
E01026165,6,7
E01026166,10,7
E01026167,11,8
E01026168,12,8
E01026169,13,7
E01026170,7,7
E01026171,16,8
E01026172,9,7
E01026173,11,7
E01026174,13,9
E01026175,13,9
E01026176,4,6
E01026177,5,7
E01026178,9,7
E01026179,15,13
E01026180,29,12
E01026182,9,7
E01026183,16,7
E01026184,15,11
E01026185,15,10
E01026186,7,7
E01026187,13,8
E01026188,11,9
E01026189,11,8
E01026190,7,6
E01026191,15,11
E01026192,28,17
E01026193,33,12
E01026194,9,7
E01026195,13,9
E01026196,13,10
E01026197,31,15
E01026198,42,18
E01026199,40,15
E01026200,17,8
E01026201,20,11
E01026202,10,7
E01026203,11,7
E01026204,12,8
E01026205,13,8
E01026206,14,8
E01026207,39,13
E01026208,27,10
E01026209,26,12
E01026210,37,13
E01026211,17,11
E01026212,12,7
E01026213,8,6
E01026214,14,8
E01026215,19,9
E01026218,6,7
E01026219,9,7
E01026220,11,7
E01026221,36,14
E01026222,18,8
E01026223,11,7
E01026224,19,8
E01026225,26,14
E01026226,20,14
E01026227,10,8
E01026228,15,10
E01026229,16,9
E01026230,14,9
E01026231,13,9
E01026232,9,8
E01026233,16,10
E01026234,19,12
E01026235,11,8
E01026236,16,9
E01026237,9,7
E01026238,12,8
E01026239,12,7
E01026240,15,7
E01026241,45,15
E01026242,20,12
E01026243,20,12
E01026244,25,10
E01026245,19,11
E01026246,60,14
E01026247,10,7
E01026248,53,13
E01026249,43,15
E01026250,6,6
E01026251,16,8
E01026252,9,7
E01026253,14,8
E01026254,25,10
E01026255,11,7
E01026256,21,8
E01026257,13,7
E01026258,16,9
E01026259,34,15
E01026260,17,9
E01026262,25,11
E01026263,27,11
E01026264,21,9
E01026265,26,11
E01026266,14,8
E01026267,23,10
E01026268,16,8
E01026269,15,8
E01026270,17,8
E01026271,15,8
E01026272,10,7
E01026273,16,8
E01026274,20,10
E01026275,19,8
E01026276,21,12
E01026277,22,13
E01026278,43,15
E01026279,21,13
E01026280,53,17
E01026281,25,11
E01026282,24,10
E01026283,32,9
E01026284,37,14
E01026285,26,11
E01026286,24,9
E01026287,16,10
E01026288,17,9
E01026289,19,12
E01026290,18,13
E01026291,17,12
E01026292,10,7
E01026293,15,8
E01026294,12,9
E01026296,15,8
E01026297,9,7
E01026298,11,7
E01026299,8,7
E01026300,12,7
E01026301,9,7
E01026302,6,7
E01026303,16,9
E01026304,38,11
E01026305,16,9
E01026306,26,10
E01026307,23,10
E01026308,7,8
E01026309,14,10
E01026310,14,9
E01026311,13,9
E01026312,9,8
E01026313,19,12
E01026314,6,6
E01026315,22,13
E01026316,20,10
E01026317,8,8
E01026318,12,9
E01026319,14,9
E01026320,24,11
E01026321,21,10
E01026322,13,10
E01026323,8,7
E01026324,14,10
E01026325,8,7
E01026326,11,7
E01026327,11,8
E01026328,5,6
E01026329,27,18
E01026330,24,14
E01026331,14,8
E01026332,40,17
E01026333,34,15
E01026334,23,10
E01026335,17,8
E01026336,9,7
E01026337,12,8
E01026338,14,9
E01026339,29,14
E01026340,18,11
E01026341,17,9
E01026342,22,11
E01026343,9,7
E01026344,10,7
E01026345,13,7
E01026346,10,8
E01026347,10,8
E01026348,13,9
E01026349,17,10
E01026350,14,9
E01026351,13,9
E01026352,13,9
E01026353,6,7
E01026354,16,11
E01026355,11,8
E01026356,19,12
E01026357,17,12
E01026358,19,12
E01026359,18,12
E01026360,24,12
E01026361,14,9
E01026362,23,11
E01026363,20,13
E01026364,22,12
E01026365,22,14
E01026366,35,21
E01026367,15,9
E01026368,16,8
E01026369,23,11
E01026370,22,13
E01026371,25,11
E01026372,19,11
E01026373,20,13
E01026374,18,10
E01026375,19,10
E01026376,18,9
E01026377,19,9
E01026378,11,7
E01026379,9,7
E01026380,15,8
E01026381,7,7
E01026382,17,8
E01026383,13,7
E01026384,6,6
E01026385,26,16
E01026386,19,15
E01026387,38,17
E01026388,16,10
E01026389,11,7
E01026390,8,7
E01026391,27,13
E01026392,31,11
E01026393,10,7
E01026394,18,8
E01026395,14,8
E01026396,13,7
E01026397,18,10
E01026398,9,7
E01026399,11,8
E01026400,23,13
E01026401,31,17
E01026402,25,16
E01026403,26,16
E01026404,13,11
E01026405,19,11
E01026406,22,10
E01026407,17,11
E01026408,12,7
E01026409,28,15
E01026410,27,16
E01026411,63,18
E01026412,9,7
E01026413,9,7
E01026414,27,14
E01026415,16,10
E01026416,26,11
E01026419,70,15
E01026420,30,13
E01026421,71,14
E01026422,21,9
E01026423,11,7
E01026424,33,15
E01026425,11,8
E01026426,8,7
E01026427,10,7
E01026428,15,8
E01026429,5,6
E01026430,18,9
E01026431,11,7
E01026432,7,7
E01026433,12,8
E01026434,9,7
E01026435,43,17
E01026436,54,17
E01026437,23,10
E01026438,49,13
E01026439,6,6
E01026440,34,10
E01026441,29,10
E01026442,37,16
E01026443,22,11
E01026444,45,17
E01026445,21,15
E01026446,28,13
E01026447,18,8
E01026448,17,9
E01026449,11,7
E01026450,19,8
E01026451,8,7
E01026452,21,12
E01026453,32,14
E01026454,16,8
E01026455,9,7
E01026456,12,7
E01026457,13,8
E01026458,13,7
E01026459,7,6
E01026461,37,14
E01026462,27,12
E01026464,29,12
E01026465,12,8
E01026466,16,9
E01026467,20,9
E01026468,6,7
E01026469,9,7
E01026470,13,8
E01026471,12,8
E01026472,17,9
E01026473,16,9
E01026474,14,9
E01026475,12,8
E01026476,14,10
E01026477,13,9
E01026478,14,10
E01026479,17,8
E01026480,10,7
E01026481,23,11
E01026483,22,9
E01026484,31,11
E01026485,65,13
E01026486,10,7
E01026487,17,8
E01026488,6,6
E01026489,17,7
E01026490,11,7
E01026491,49,14
E01026492,17,10
E01026493,38,12
E01026494,60,14
E01026495,32,16
E01026496,39,14
E01026497,9,7
E01026498,11,7
E01026499,7,6
E01026500,14,8
E01026501,16,9
E01026502,21,8
E01026503,12,7
E01026504,51,12
E01026505,28,9
E01026506,16,10
E01026507,12,7
E01026508,10,7
E01026509,17,9
E01026510,8,7
E01026511,27,16
E01026512,24,11
E01026513,21,12
E01026514,35,15
E01026515,28,13
E01026516,11,7
E01026517,13,8
E01026518,22,9
E01026519,18,9
E01026520,17,8
E01026521,9,7
E01026522,82,20
E01026523,40,17
E01026524,40,14
E01026525,70,16
E01026526,11,8
E01026527,11,8
E01026528,10,7
E01026529,19,9
E01026530,13,9
E01026531,14,9
E01026532,12,8
E01026533,25,14
E01026534,36,13
E01026535,22,13
E01026536,22,12
E01026537,21,12
E01026538,34,22
E01026539,33,15
E01026540,8,6
E01026541,14,8
E01026542,12,8
E01026543,16,9
E01026544,6,6
E01026545,40,12
E01026546,31,10
E01026547,38,23
E01026548,33,22
E01026549,24,14
E01026550,26,12
E01026551,22,12
E01026552,22,11
E01026553,18,9
E01026554,21,10
E01026555,17,9
E01026556,15,9
E01026557,18,9
E01026558,19,9
E01026559,20,9
E01026560,23,10
E01026561,22,10
E01026562,17,8
E01026563,19,10
E01026564,13,8
E01026565,17,9
E01026566,10,8
E01026567,9,7
E01026568,16,8
E01026569,8,7
E01026570,13,8
E01026571,5,7
E01026572,11,7
E01026573,14,8
E01026574,21,10
E01026575,19,9
E01026576,23,10
E01026577,18,9
E01026578,29,13
E01026579,23,15
E01026580,17,10
E01026581,9,7
E01026582,6,7
E01026583,7,7
E01026584,10,7
E01026585,17,8
E01026586,20,9
E01026587,20,8
E01026588,25,14
E01026589,22,12
E01026590,20,11
E01026591,22,11
E01026592,20,11
E01026593,22,12
E01026594,16,10
E01026595,11,7
E01026596,7,7
E01026597,8,7
E01026598,8,7
E01026599,7,7
E01026600,15,8
E01026601,14,8
E01026602,15,8
E01026603,15,8
E01026604,14,8
E01026605,23,11
E01026606,28,14
E01026607,25,11
E01026608,18,9
E01026609,19,11
E01026610,10,7
E01026611,18,9
E01026612,23,11
E01026613,30,14
E01026614,22,12
E01026615,28,12
E01026616,32,13
E01026617,18,10
E01026618,16,9
E01026619,18,10
E01026620,17,9
E01026621,15,9
E01026622,17,9
E01026623,5,7
E01026624,6,7
E01026625,8,7
E01026626,11,8
E01026627,16,8
E01026628,23,9
E01026629,7,7
E01026630,5,6
E01026631,7,7
E01026632,10,7
E01026633,10,9
E01026634,5,8
E01026635,7,8
E01026636,20,11
E01026637,26,13
E01026638,25,13
E01026639,9,7
E01026640,10,7
E01026641,15,8
E01026642,41,20
E01026643,27,11
E01026644,49,25
E01026645,22,18
E01026646,22,9
E01026647,23,13
E01026648,13,9
E01026649,14,8
E01026650,23,11
E01026651,26,16
E01026652,36,17
E01026653,27,14
E01026654,27,15
E01026655,29,16
E01026656,29,19
E01026659,19,9
E01026660,22,13
E01026661,18,12
E01026662,14,9
E01026663,10,7
E01026664,15,9
E01026665,22,13
E01026666,10,8
E01026667,7,6
E01026668,11,7
E01026669,17,9
E01026670,19,9
E01026671,15,9
E01026672,18,10
E01026673,18,11
E01026674,24,9
E01026675,11,7
E01026676,10,7
E01026677,8,7
E01026678,10,7
E01026679,25,12
E01026680,21,12
E01026681,38,15
E01026682,24,13
E01026683,17,12
E01026684,25,14
E01026685,24,10
E01026686,14,8
E01026687,17,9
E01026688,18,10
E01026689,14,9
E01026690,18,10
E01026691,5,6
E01026692,8,7
E01026693,8,7
E01026694,37,16
E01026695,27,16
E01026696,15,8
E01026697,15,8
E01026698,8,8
E01026699,5,6
E01026700,6,7
E01026701,23,12
E01026702,20,11
E01026703,25,12
E01026704,18,8
E01026705,22,12
E01026706,10,7
E01026707,13,8
E01026708,13,8
E01026709,17,9
E01026710,20,10
E01026711,16,9
E01026712,11,7
E01026713,19,10
E01026714,13,8
E01026715,14,8
E01026716,25,13
E01026717,23,13
E01026718,16,9
E01026719,39,15
E01026720,16,12
E01026721,11,11
E01026722,20,8
E01026723,22,15
E01026724,22,13
E01026725,30,14
E01026726,30,15
E01026727,29,12
E01026728,29,10
E01026729,67,19
E01026730,29,19
E01026731,15,8
E01026732,32,13
E01026733,31,16
E01026734,13,8
E01026735,11,7
E01026736,18,9
E01026737,21,10
E01026738,23,12
E01026739,45,18
E01026740,48,16
E01026741,28,14
E01026742,17,9
E01026743,19,9
E01026744,14,8
E01026745,15,9
E01026746,21,10
E01026747,17,9
E01026748,15,8
E01026749,16,8
E01026750,10,7
E01026751,14,8
E01026752,36,15
E01026753,12,7
E01026754,17,9
E01026755,20,9
E01026756,14,8
E01026757,17,9
E01026758,13,8
E01026759,13,8
E01026760,10,7
E01026761,10,7
E01026762,16,10
E01026763,11,8
E01026764,6,6
E01026765,39,18
E01026766,21,14
E01026767,33,11
E01026768,29,15
E01026769,44,13
E01026770,10,7
E01026771,8,7
E01026772,16,8
E01026773,14,8
E01026774,15,8
E01026775,13,7
E01026776,8,7
E01026777,15,8
E01026778,8,6
E01026779,9,7
E01026780,38,16
E01026781,18,11
E01026782,30,14
E01026783,15,9
E01026784,15,9
E01026785,18,12
E01026786,53,14
E01026787,43,16
E01026788,44,12
E01026789,21,13
E01026790,30,14
E01026791,15,9
E01026792,13,9
E01026793,14,8
E01026794,16,8
E01026796,7,6
E01026797,13,8
E01026798,9,7
E01026799,14,8
E01026800,9,7
E01026801,13,7
E01026802,13,8
E01026803,9,7
E01026804,13,8
E01026805,15,9
E01026806,10,7
E01026807,5,6
E01026808,6,7
E01026809,9,7
E01026810,16,9
E01026811,15,8
E01026812,24,11
E01026813,20,10
E01026814,15,9
E01026815,14,8
E01026816,7,6
E01026817,12,7
E01026818,10,7
E01026819,11,7
E01026820,7,7
E01026821,13,8
E01026822,7,7
E01026823,6,7
E01026824,4,7
E01026825,13,7
E01026826,9,7
E01026827,9,7
E01026828,13,8
E01026829,6,6
E01026830,4,7
E01026831,8,7
E01026832,8,7
E01026833,12,8
E01026834,7,7
E01026835,6,7
E01026836,10,7
E01026837,7,6
E01026838,12,7
E01026839,8,7
E01026840,8,7
E01026841,9,7
E01026842,6,6
E01026843,8,7
E01026844,9,7
E01026845,5,6
E01026846,7,6
E01026848,14,8
E01026849,14,9
E01026850,9,7
E01026852,11,7
E01026853,5,6
E01026855,7,7
E01026856,5,7
E01026857,10,7
E01026858,10,7
E01026859,5,6
E01026860,10,8
E01026861,6,6
E01026862,6,6
E01026863,13,8
E01026864,21,10
E01026865,13,8
E01026866,14,8
E01026867,13,8
E01026868,11,7
E01026869,17,8
E01026870,9,7
E01026871,19,9
E01026872,15,8
E01026873,43,13
E01026874,29,14
E01026875,22,11
E01026876,36,12
E01026877,80,19
E01026878,90,20
E01026879,29,9
E01026880,26,11
E01026881,14,9
E01026882,11,8
E01026883,31,12
E01026884,12,7
E01026885,20,10
E01026886,33,14
E01026887,38,14
E01026888,9,8
E01026889,10,7
E01026891,12,7
E01026892,19,11
E01026893,24,11
E01026894,39,13
E01026895,25,11
E01026896,50,16
E01026897,69,16
E01026898,27,13
E01026899,35,12
E01026900,10,7
E01026901,10,7
E01026902,6,7
E01026903,45,15
E01026904,31,18
E01026905,25,14
E01026906,26,14
E01026907,24,14
E01026908,20,12
E01026909,7,7
E01026910,24,9
E01026911,9,7
E01026912,17,8
E01026913,27,17
E01026914,26,14
E01026915,25,17
E01026916,17,9
E01026917,6,7
E01026918,21,9
E01026919,26,14
E01026920,51,15
E01026921,19,9
E01026922,16,9
E01026924,15,8
E01026925,8,7
E01026926,8,7
E01026927,11,8
E01026928,12,7
E01026929,33,13
E01026930,40,18
E01026931,23,9
E01026932,16,8
E01026933,18,9
E01026934,23,14
E01026935,24,13
E01026936,17,10
E01026937,19,10
E01026938,12,8
E01026939,20,9
E01026940,19,9
E01026941,20,15
E01026942,18,12
E01026943,36,19
E01026944,53,16
E01026945,8,7
E01026946,12,7
E01026947,35,13
E01026948,27,13
E01026949,14,7
E01026950,20,9
E01026951,21,9
E01026952,13,8
E01026953,16,8
E01026954,11,7
E01026955,9,6
E01026956,11,7
E01026957,22,9
E01026958,20,9
E01026959,15,9
E01026960,10,7
E01026961,11,8
E01026962,13,8
E01026963,15,8
E01026965,13,8
E01026966,16,8
E01026967,15,7
E01026968,11,8
E01026969,7,7
E01026970,9,8
E01026971,13,7
E01026972,5,6
E01026973,13,8
E01026974,17,9
E01026975,15,9
E01026976,14,8
E01026977,38,14
E01026978,27,14
E01026979,86,17
E01026980,32,13
E01026981,16,9
E01026982,13,8
E01026983,15,8
E01026984,18,9
E01026985,19,9
E01026986,24,9
E01026987,16,8
E01026988,17,8
E01026989,22,9
E01026990,23,10
E01026991,11,8
E01026992,12,7
E01026993,45,13
E01026994,35,11
E01026997,19,9
E01026998,44,13
E01026999,44,14
E01027000,25,14
E01027001,25,13
E01027002,40,15
E01027003,24,13
E01027004,20,8
E01027005,69,16
E01027006,8,7
E01027007,19,10
E01027008,16,9
E01027009,22,10
E01027010,19,8
E01027011,31,11
E01027012,12,8
E01027013,16,8
E01027014,15,9
E01027015,8,7
E01027016,12,8
E01027017,6,7
E01027018,14,9
E01027019,8,7
E01027020,7,6
E01027021,44,14
E01027022,33,16
E01027023,22,13
E01027024,22,9
E01027025,8,7
E01027026,50,12
E01027027,21,10
E01027028,30,11
E01027029,19,10
E01027030,58,13
E01027031,67,14
E01027032,46,11
E01027033,64,15
E01027034,7,7
E01027035,27,9
E01027037,10,7
E01027038,15,9
E01027039,10,7
E01027040,12,8
E01027041,5,7
E01027042,15,9
E01027043,103,18
E01027044,40,12
E01027045,84,17
E01027046,11,7
E01027047,6,6
E01027048,9,7
E01027049,13,8
E01027050,56,11
E01027051,8,6
E01027052,13,7
E01027053,9,6
E01027054,11,7
E01027055,10,7
E01027056,5,6
E01027057,22,10
E01027058,11,7
E01027059,11,7
E01027060,13,8
E01027061,17,9
E01027062,13,8
E01027063,14,8
E01027064,14,9
E01027065,6,7
E01027066,15,8
E01027067,9,7
E01027068,12,8
E01027069,8,7
E01027070,14,8
E01027071,14,8
E01027072,12,8
E01027073,7,7
E01027074,25,10
E01027075,16,8
E01027076,10,7
E01027077,14,7
E01027078,30,13
E01027079,15,8
E01027080,19,9
E01027081,21,9
E01027082,16,8
E01027083,22,9
E01027084,16,11
E01027085,18,11
E01027086,20,10
E01027087,19,10
E01027088,21,10
E01027089,17,9
E01027090,29,13
E01027091,16,8
E01027092,13,8
E01027094,15,9
E01027095,15,10
E01027096,17,9
E01027097,19,9
E01027098,19,10
E01027099,12,8
E01027100,8,7
E01027101,5,6
E01027102,10,7
E01027103,28,13
E01027104,7,7
E01027105,7,7
E01027106,12,7
E01027107,19,10
E01027108,18,10
E01027109,20,11
E01027110,7,7
E01027111,7,7
E01027112,9,7
E01027113,6,6
E01027114,14,8
E01027115,13,8
E01027116,19,9
E01027117,9,8
E01027119,19,13
E01027120,21,11
E01027121,24,11
E01027122,21,10
E01027123,10,7
E01027124,10,7
E01027125,17,8
E01027126,13,7
E01027127,17,9
E01027128,11,8
E01027129,78,16
E01027130,19,10
E01027131,19,10
E01027132,5,6
E01027133,8,7
E01027134,10,7
E01027135,3,6
E01027136,4,6
E01027137,18,10
E01027138,20,10
E01027139,22,10
E01027140,14,9
E01027141,20,10
E01027142,12,8
E01027143,12,8
E01027144,16,9
E01027145,11,8
E01027146,8,7
E01027147,9,7
E01027148,11,8
E01027149,16,9
E01027151,17,9
E01027152,8,7
E01027153,3,6
E01027154,6,6
E01027155,6,7
E01027156,13,7
E01027158,18,9
E01027159,7,7
E01027160,18,8
E01027161,9,7
E01027162,12,8
E01027163,11,7
E01027164,12,7
E01027165,7,7
E01027166,11,8
E01027167,9,7
E01027168,13,8
E01027169,3,6
E01027170,7,7
E01027171,16,9
E01027172,8,7
E01027173,6,6
E01027174,18,9
E01027175,19,9
E01027176,7,7
E01027177,5,7
E01027178,22,10
E01027179,12,8
E01027180,14,8
E01027181,16,9
E01027182,10,8
E01027183,10,9
E01027184,6,6
E01027185,9,7
E01027186,5,6
E01027187,6,6
E01027188,5,6
E01027189,8,7
E01027190,15,9
E01027191,7,7
E01027192,8,7
E01027193,17,9
E01027194,17,9
E01027195,5,7
E01027196,8,9
E01027197,16,9
E01027198,5,8
E01027199,16,10
E01027200,14,10
E01027201,13,8
E01027202,16,10
E01027203,13,8
E01027204,6,7
E01027205,13,8
E01027206,13,8
E01027207,19,10
E01027208,20,11
E01027209,20,11
E01027210,16,8
E01027211,21,10
E01027212,19,10
E01027213,12,8
E01027214,14,9
E01027215,14,9
E01027216,12,8
E01027217,7,7
E01027218,15,9
E01027219,13,9
E01027220,7,7
E01027221,14,9
E01027222,11,8
E01027223,5,9
E01027224,13,8
E01027225,12,8
E01027226,13,8
E01027227,11,8
E01027228,9,7
E01027229,8,7
E01027230,13,8
E01027231,9,7
E01027232,14,8
E01027233,30,12
E01027234,29,11
E01027235,24,10
E01027236,16,8
E01027237,15,8
E01027238,17,9
E01027239,15,9
E01027240,12,8
E01027241,15,9
E01027242,11,8
E01027243,5,7
E01027244,5,6
E01027245,12,10
E01027246,14,10
E01027247,12,9
E01027248,7,7
E01027249,5,7
E01027250,17,8
E01027252,27,11
E01027253,22,10
E01027254,25,11
E01027255,18,8
E01027256,14,7
E01027257,11,7
E01027258,18,8
E01027259,17,10
E01027260,20,9
E01027261,65,14
E01027262,93,18
E01027263,11,7
E01027264,16,8
E01027265,11,7
E01027266,11,7
E01027267,9,7
E01027268,14,8
E01027269,15,7
E01027270,15,8
E01027271,13,8
E01027272,6,6
E01027273,37,11
E01027274,54,12
E01027275,29,12
E01027276,17,10
E01027277,41,13
E01027279,21,11
E01027280,26,13
E01027281,23,13
E01027282,5,6
E01027283,23,9
E01027284,53,14
E01027285,22,10
E01027286,22,12
E01027287,21,11
E01027288,37,16
E01027289,52,13
E01027290,74,13
E01027291,22,12
E01027292,23,13
E01027293,24,12
E01027294,33,14
E01027295,22,14
E01027296,71,15
E01027297,57,13
E01027298,15,8
E01027299,4,6
E01027300,11,7
E01027301,20,9
E01027302,8,7
E01027303,14,8
E01027304,46,12
E01027305,60,15
E01027306,105,19
E01027307,43,13
E01027308,15,8
E01027309,15,8
E01027310,6,6
E01027311,14,7
E01027312,13,7
E01027313,13,7
E01027314,10,7
E01027315,6,6
E01027316,15,8
E01027317,14,8
E01027318,19,9
E01027319,25,10
E01027320,18,9
E01027321,30,10
E01027322,13,7
E01027323,13,7
E01027324,14,8
E01027325,11,7
E01027326,8,7
E01027327,5,6
E01027328,11,7
E01027329,17,10
E01027330,17,8
E01027331,15,8
E01027332,9,7
E01027333,11,7
E01027334,14,10
E01027335,10,7
E01027336,8,7
E01027337,8,7
E01027338,30,12
E01027339,10,8
E01027340,11,7
E01027341,15,8
E01027342,6,7
E01027343,13,8
E01027344,11,7
E01027345,14,8
E01027346,17,8
E01027347,14,8
E01027348,18,10
E01027349,5,6
E01027350,11,7
E01027351,15,8
E01027352,7,6
E01027353,27,12
E01027354,11,8
E01027355,13,8
E01027356,21,13
E01027357,14,8
E01027358,12,7
E01027359,17,8
E01027361,5,6
E01027362,14,9
E01027363,12,7
E01027364,12,7
E01027365,51,19
E01027366,70,23
E01027367,34,17
E01027368,27,9
E01027369,11,8
E01027370,27,9
E01027371,23,14
E01027372,29,12
E01027373,93,26
E01027374,13,11
E01027375,69,22
E01027376,13,8
E01027377,6,6
E01027378,18,8
E01027379,14,9
E01027380,38,16
E01027381,28,20
E01027382,33,24
E01027383,33,27
E01027384,39,27
E01027385,12,8
E01027386,12,8
E01027387,4,6
E01027388,12,8
E01027389,14,9
E01027390,8,6
E01027391,13,8
E01027392,15,8
E01027393,19,9
E01027394,16,10
E01027395,16,10
E01027396,15,9
E01027397,15,9
E01027398,14,9
E01027399,14,9
E01027400,15,9
E01027401,12,8
E01027402,14,9
E01027403,7,7
E01027404,8,7
E01027405,10,8
E01027406,15,9
E01027407,18,11
E01027408,15,8
E01027409,7,7
E01027410,12,8
E01027411,10,8
E01027412,15,9
E01027413,13,9
E01027414,9,7
E01027415,4,6
E01027416,7,7
E01027417,22,12
E01027418,17,10
E01027419,20,12
E01027420,13,8
E01027421,11,7
E01027422,15,9
E01027423,16,9
E01027424,15,9
E01027425,19,9
E01027426,20,11
E01027427,18,10
E01027428,17,10
E01027429,15,8
E01027430,17,9
E01027431,11,7
E01027432,5,6
E01027433,9,7
E01027434,11,7
E01027435,7,7
E01027436,7,7
E01027437,18,10
E01027438,16,9
E01027439,24,13
E01027440,20,11
E01027441,16,9
E01027442,14,7
E01027443,21,14
E01027444,19,14
E01027445,21,14
E01027446,19,14
E01027447,61,15
E01027448,27,12
E01027449,22,10
E01027450,27,15
E01027451,21,15
E01027452,13,7
E01027453,6,6
E01027455,19,8
E01027456,17,8
E01027457,6,6
E01027458,13,9
E01027460,18,9
E01027461,16,10
E01027462,16,10
E01027463,17,11
E01027464,16,9
E01027465,17,9
E01027466,7,8
E01027468,21,11
E01027469,24,12
E01027471,29,12
E01027472,61,22
E01027473,51,16
E01027474,7,6
E01027475,11,8
E01027476,14,9
E01027477,81,27
E01027478,38,23
E01027479,43,11
E01027480,74,18
E01027481,13,7
E01027482,18,8
E01027483,24,12
E01027484,29,12
E01027485,6,6
E01027486,6,6
E01027487,9,7
E01027488,12,7
E01027489,17,9
E01027490,12,7
E01027491,16,9
E01027492,11,8
E01027493,7,6
E01027494,10,7
E01027495,8,7
E01027496,16,9
E01027497,10,8
E01027498,8,7
E01027499,12,7
E01027500,6,6
E01027501,10,7
E01027502,16,8
E01027503,80,30
E01027504,22,11
E01027505,103,19
E01027506,53,16
E01027507,16,8
E01027508,9,7
E01027509,11,7
E01027510,23,14
E01027511,57,19
E01027512,26,20
E01027513,8,7
E01027514,10,8
E01027515,11,7
E01027516,8,7
E01027517,11,7
E01027518,12,8
E01027519,13,8
E01027520,11,7
E01027521,16,9
E01027522,12,8
E01027523,7,7
E01027524,13,7
E01027525,16,9
E01027526,23,9
E01027527,10,7
E01027528,4,6
E01027529,7,7
E01027530,7,7
E01027531,11,7
E01027532,8,7
E01027533,12,7
E01027534,9,7
E01027535,12,9
E01027536,18,8
E01027537,5,6
E01027538,13,8
E01027539,8,7
E01027540,14,8
E01027541,25,12
E01027542,27,13
E01027543,27,11
E01027544,24,11
E01027545,10,7
E01027546,9,7
E01027549,23,10
E01027550,9,7
E01027551,5,6
E01027552,16,10
E01027553,13,9
E01027554,13,9
E01027555,17,12
E01027556,36,12
E01027557,60,16
E01027558,21,10
E01027559,6,6
E01027560,17,11
E01027561,26,11
E01027562,75,18
E01027563,24,14
E01027564,5,7
E01027565,9,7
E01027566,12,8
E01027567,52,22
E01027568,24,16
E01027569,33,15
E01027570,30,15
E01027571,19,12
E01027572,7,7
E01027573,42,11
E01027574,12,7
E01027575,10,7
E01027576,13,8
E01027577,5,6
E01027578,6,6
E01027579,11,7
E01027580,16,9
E01027581,12,8
E01027582,15,9
E01027583,10,7
E01027584,13,8
E01027585,58,26
E01027586,30,12
E01027587,8,7
E01027588,11,7
E01027589,15,8
E01027590,22,12
E01027591,23,12
E01027592,66,18
E01027593,46,13
E01027594,13,7
E01027595,13,7
E01027596,9,7
E01027597,12,8
E01027598,14,8
E01027599,7,7
E01027600,55,16
E01027601,20,12
E01027603,23,14
E01027604,34,13
E01027605,4,6
E01027606,12,7
E01027607,15,8
E01027608,12,7
E01027609,22,9
E01027610,19,8
E01027611,19,9
E01027612,20,9
E01027613,77,20
E01027614,10,7
E01027615,9,7
E01027616,9,7
E01027617,108,19
E01027618,21,16
E01027619,37,14
E01027620,9,6
E01027621,14,7
E01027622,34,10
E01027623,13,7
E01027624,16,8
E01027625,7,6
E01027626,29,9
E01027627,46,15
E01027628,85,20
E01027629,16,8
E01027630,9,7
E01027631,16,8
E01027632,18,9
E01027633,53,14
E01027634,17,9
E01027635,37,10
E01027636,53,15
E01027637,83,14
E01027638,11,7
E01027639,14,8
E01027640,7,7
E01027641,15,8
E01027642,29,16
E01027643,39,13
E01027644,12,7
E01027645,6,6
E01027646,27,13
E01027647,29,12
E01027648,14,8
E01027649,11,7
E01027650,15,8
E01027651,11,8
E01027652,12,9
E01027653,15,10
E01027654,19,10
E01027655,10,8
E01027656,8,7
E01027657,9,7
E01027658,7,7
E01027659,6,6
E01027660,12,8
E01027661,17,9
E01027662,12,8
E01027663,22,10
E01027664,29,14
E01027665,25,12
E01027666,38,10
E01027667,26,13
E01027668,10,7
E01027669,4,6
E01027670,15,8
E01027671,12,8
E01027672,13,7
E01027673,6,6
E01027674,13,9
E01027675,11,7
E01027676,7,7
E01027677,7,7
E01027678,6,7
E01027679,11,8
E01027680,10,8
E01027681,76,17
E01027682,66,18
E01027683,28,15
E01027684,35,13
E01027685,44,18
E01027686,69,16
E01027687,20,8
E01027688,16,11
E01027689,11,8
E01027690,11,8
E01027691,14,9
E01027692,7,7
E01027693,33,12
E01027694,59,21
E01027695,18,11
E01027696,28,10
E01027697,12,8
E01027698,11,8
E01027699,27,11
E01027700,18,11
E01027701,47,13
E01027702,4,6
E01027703,25,10
E01027704,18,12
E01027705,11,7
E01027706,8,6
E01027707,14,8
E01027708,21,9
E01027709,18,8
E01027710,18,8
E01027711,16,8
E01027712,20,8
E01027713,5,6
E01027714,8,7
E01027715,16,7
E01027716,21,10
E01027717,15,10
E01027718,14,8
E01027719,15,11
E01027720,18,10
E01027721,18,11
E01027722,21,11
E01027723,16,10
E01027724,51,16
E01027725,24,11
E01027726,20,11
E01027727,20,9
E01027728,22,11
E01027729,18,9
E01027730,8,7
E01027731,5,7
E01027732,6,6
E01027733,10,7
E01027734,65,16
E01027735,52,12
E01027736,51,14
E01027737,28,12
E01027738,7,6
E01027739,3,6
E01027740,10,7
E01027741,11,7
E01027742,27,19
E01027743,21,13
E01027744,23,16
E01027745,13,8
E01027746,14,9
E01027747,10,7
E01027748,5,6
E01027749,17,11
E01027750,16,9
E01027751,25,12
E01027752,26,17
E01027753,9,7
E01027754,12,8
E01027756,37,14
E01027758,42,15
E01027759,14,10
E01027760,41,13
E01027761,21,14
E01027762,37,16
E01027763,68,22
E01027764,34,10
E01027765,13,8
E01027766,7,7
E01027767,12,9
E01027768,14,9
E01027769,9,7
E01027770,5,6
E01027771,12,7
E01027772,15,10
E01027773,72,16
E01027774,35,13
E01027775,28,10
E01027776,59,13
E01027777,90,20
E01027778,79,18
E01027779,72,16
E01027780,42,13
E01027781,6,6
E01027782,22,15
E01027783,10,8
E01027784,9,7
E01027785,10,7
E01027786,13,8
E01027787,17,8
E01027788,22,9
E01027789,15,8
E01027790,10,7
E01027791,19,8
E01027792,11,7
E01027793,14,8
E01027794,11,7
E01027795,7,7
E01027796,27,14
E01027797,45,17
E01027798,15,10
E01027799,53,16
E01027800,68,16
E01027801,22,12
E01027802,49,16
E01027803,111,21
E01027804,5,6
E01027805,12,7
E01027806,8,7
E01027807,15,9
E01027808,14,8
E01027809,15,9
E01027810,4,6
E01027811,5,6
E01027812,4,6
E01027813,32,12
E01027814,14,7
E01027815,40,12
E01027816,20,8
E01027817,6,7
E01027818,12,7
E01027819,10,8
E01027820,9,7
E01027821,48,12
E01027822,18,10
E01027823,7,6
E01027824,20,9
E01027825,16,9
E01027826,13,8
E01027827,4,6
E01027828,12,7
E01027829,10,7
E01027830,11,7
E01027831,26,13
E01027832,54,20
E01027833,10,8
E01027834,10,7
E01027835,29,10
E01027836,14,10
E01027837,7,7
E01027838,13,9
E01027839,14,8
E01027840,15,8
E01027841,28,14
E01027842,13,7
E01027843,9,7
E01027844,11,7
E01027845,18,9
E01027846,9,7
E01027847,11,7
E01027848,23,10
E01027849,14,8
E01027850,11,8
E01027851,6,6
E01027852,12,8
E01027853,15,9
E01027854,10,7
E01027855,9,7
E01027856,7,6
E01027857,61,14
E01027858,19,9
E01027859,24,11
E01027860,25,11
E01027861,11,7
E01027862,9,7
E01027863,13,7
E01027864,15,9
E01027865,13,8
E01027866,16,9
E01027867,18,11
E01027868,15,9
E01027869,9,7
E01027870,6,7
E01027871,11,7
E01027872,12,8
E01027873,17,9
E01027874,16,8
E01027875,39,16
E01027876,18,11
E01027877,20,12
E01027878,13,8
E01027879,10,8
E01027880,15,8
E01027881,17,8
E01027882,17,11
E01027883,28,12
E01027884,24,14
E01027885,16,10
E01027886,29,16
E01027887,24,13
E01027888,40,15
E01027889,24,16
E01027890,35,15
E01027891,31,13
E01027892,27,12
E01027893,23,16
E01027894,26,13
E01027895,31,12
E01027896,32,14
E01027897,40,14
E01027898,11,7
E01027899,19,10
E01027900,59,20
E01027901,20,12
E01027902,28,14
E01027903,13,8
E01027904,21,13
E01027905,10,7
E01027906,13,7
E01027907,9,7
E01027908,5,6
E01027909,13,7
E01027910,17,8
E01027911,9,7
E01027912,8,7
E01027913,14,8
E01027914,13,8
E01027915,12,8
E01027916,10,7
E01027917,15,8
E01027918,7,6
E01027919,12,7
E01027920,9,7
E01027921,10,8
E01027922,15,9
E01027923,27,14
E01027924,36,16
E01027925,12,7
E01027926,7,7
E01027927,5,6
E01027928,6,6
E01027929,15,8
E01027930,9,7
E01027931,12,8
E01027932,6,6
E01027933,8,6
E01027934,14,7
E01027935,15,9
E01027936,18,9
E01027937,13,8
E01027938,22,11
E01027939,14,9
E01027940,17,10
E01027941,17,10
E01027942,16,9
E01027943,15,8
E01027944,17,9
E01027945,4,6
E01027946,11,8
E01027947,16,10
E01027948,12,8
E01027949,8,7
E01027950,15,9
E01027951,10,8
E01027952,5,7
E01027953,12,8
E01027954,10,7
E01027955,12,8
E01027956,15,8
E01027957,16,10
E01027958,17,9
E01027959,19,9
E01027960,13,8
E01027961,10,7
E01027962,13,8
E01027963,7,7
E01027964,15,7
E01027965,10,8
E01027966,15,8
E01027967,13,8
E01027968,8,7
E01027969,8,7
E01027970,16,8
E01027971,19,9
E01027972,14,9
E01027973,19,11
E01027974,13,8
E01027975,9,7
E01027976,7,7
E01027977,17,9
E01027978,12,8
E01027979,13,8
E01027980,8,7
E01027981,14,7
E01027982,15,9
E01027983,5,6
E01027984,19,9
E01027985,17,10
E01027986,10,7
E01027987,9,7
E01027988,10,7
E01027989,12,7
E01027990,10,7
E01027991,8,7
E01027992,6,7
E01027993,15,9
E01027994,17,10
E01027995,10,7
E01027996,12,7
E01027997,15,8
E01027998,8,7
E01027999,19,13
E01028000,19,13
E01028001,26,16
E01028002,25,16
E01028003,24,15
E01028004,22,14
E01028005,20,14
E01028006,25,13
E01028007,20,11
E01028008,11,8
E01028009,15,9
E01028010,20,10
E01028011,8,8
E01028012,16,8
E01028013,7,7
E01028014,12,8
E01028015,13,8
E01028016,10,7
E01028017,20,10
E01028018,20,11
E01028019,20,11
E01028020,11,7
E01028021,15,9
E01028022,17,8
E01028023,19,13
E01028024,19,11
E01028025,18,11
E01028026,19,10
E01028027,18,11
E01028028,20,11
E01028029,22,13
E01028030,22,14
E01028031,28,19
E01028032,29,20
E01028033,22,13
E01028034,20,15
E01028035,14,9
E01028036,20,12
E01028037,11,8
E01028038,8,7
E01028039,33,16
E01028040,36,15
E01028041,26,12
E01028042,11,7
E01028043,13,8
E01028044,7,7
E01028045,17,8
E01028046,21,9
E01028047,24,11
E01028048,20,10
E01028049,23,10
E01028050,19,9
E01028051,13,8
E01028052,14,8
E01028053,8,7
E01028054,17,8
E01028055,17,9
E01028056,24,11
E01028057,14,8
E01028058,25,12
E01028059,28,11
E01028060,10,7
E01028061,18,9
E01028062,6,7
E01028063,17,9
E01028064,10,8
E01028065,6,6
E01028066,11,8
E01028067,5,6
E01028068,12,8
E01028069,16,9
E01028070,20,9
E01028073,6,7
E01028074,14,8
E01028075,12,8
E01028076,15,8
E01028077,9,7
E01028078,5,6
E01028079,8,7
E01028080,13,8
E01028081,17,9
E01028082,16,9
E01028083,13,8
E01028084,9,7
E01028085,7,6
E01028086,8,7
E01028087,10,8
E01028088,14,8
E01028089,12,8
E01028090,7,7
E01028091,15,8
E01028092,16,10
E01028093,17,10
E01028094,9,7
E01028095,9,7
E01028096,13,7
E01028097,10,8
E01028098,12,8
E01028099,17,8
E01028100,6,6
E01028101,13,8
E01028102,7,7
E01028103,11,8
E01028104,14,8
E01028105,12,8
E01028106,11,8
E01028107,17,8
E01028108,15,8
E01028109,8,7
E01028110,9,7
E01028111,9,7
E01028112,6,6
E01028113,6,6
E01028114,11,7
E01028115,8,7
E01028116,6,7
E01028117,10,7
E01028118,13,8
E01028119,16,9
E01028120,16,10
E01028121,20,10
E01028122,9,8
E01028123,14,8
E01028124,10,7
E01028125,10,7
E01028126,10,7
E01028127,9,7
E01028128,14,7
E01028129,4,6
E01028130,5,6
E01028131,13,8
E01028132,13,7
E01028133,10,7
E01028134,6,6
E01028135,22,11
E01028136,20,10
E01028137,18,10
E01028138,19,10
E01028139,18,11
E01028142,18,11
E01028143,8,7
E01028144,4,7
E01028146,12,8
E01028147,11,8
E01028148,12,7
E01028149,9,7
E01028150,8,7
E01028151,8,7
E01028152,16,8
E01028153,10,7
E01028154,9,7
E01028155,11,7
E01028156,11,8
E01028157,9,7
E01028158,4,6
E01028159,7,7
E01028160,8,7
E01028161,9,7
E01028162,12,8
E01028163,12,7
E01028164,11,7
E01028165,6,7
E01028166,8,7
E01028167,8,8
E01028168,14,9
E01028169,13,7
E01028170,8,7
E01028171,8,7
E01028172,15,9
E01028173,18,9
E01028174,14,8
E01028175,11,7
E01028176,14,8
E01028177,17,8
E01028178,15,11
E01028179,14,9
E01028180,17,9
E01028181,21,9
E01028182,15,9
E01028183,16,8
E01028184,20,9
E01028185,5,6
E01028186,6,6
E01028187,7,6
E01028188,15,8
E01028189,17,11
E01028190,10,7
E01028191,5,7
E01028192,12,8
E01028193,5,6
E01028194,8,7
E01028195,14,8
E01028196,9,7
E01028197,5,6
E01028198,22,13
E01028199,16,11
E01028200,17,12
E01028201,18,12
E01028202,10,7
E01028203,12,7
E01028204,6,6
E01028205,15,8
E01028206,13,7
E01028207,17,8
E01028208,9,7
E01028209,6,6
E01028210,7,7
E01028211,12,8
E01028212,9,7
E01028213,20,10
E01028214,6,6
E01028215,13,8
E01028216,12,7
E01028217,14,8
E01028218,13,7
E01028219,21,10
E01028220,14,9
E01028222,20,10
E01028223,5,6
E01028224,12,7
E01028225,15,8
E01028226,9,7
E01028227,8,7
E01028228,11,8
E01028229,11,8
E01028230,17,9
E01028231,13,8
E01028232,13,8
E01028233,10,7
E01028234,15,8
E01028235,20,9
E01028236,13,7
E01028237,11,9
E01028238,8,9
E01028239,17,10
E01028240,12,10
E01028241,18,10
E01028242,12,8
E01028243,16,9
E01028244,16,9
E01028245,14,8
E01028246,13,8
E01028247,4,6
E01028248,9,7
E01028249,12,8
E01028250,13,7
E01028251,18,9
E01028252,21,9
E01028253,16,8
E01028254,11,7
E01028255,23,11
E01028256,19,11
E01028257,18,10
E01028258,13,9
E01028259,16,9
E01028260,11,8
E01028261,22,10
E01028262,19,9
E01028263,23,11
E01028264,21,10
E01028267,10,8
E01028268,9,7
E01028269,12,8
E01028270,15,9
E01028271,9,7
E01028272,8,7
E01028273,14,8
E01028274,10,7
E01028275,10,7
E01028276,4,6
E01028277,18,9
E01028278,13,8
E01028279,16,8
E01028280,13,8
E01028281,8,7
E01028282,9,9
E01028283,12,7
E01028284,6,6
E01028285,14,8
E01028286,17,8
E01028287,12,7
E01028288,13,8
E01028289,16,8
E01028290,6,6
E01028291,9,7
E01028292,16,9
E01028293,12,7
E01028294,6,6
E01028295,12,8
E01028296,6,6
E01028297,5,6
E01028298,7,7
E01028299,9,7
E01028300,7,7
E01028301,14,8
E01028302,12,8
E01028303,16,12
E01028304,15,10
E01028305,8,7
E01028306,17,10
E01028307,18,10
E01028308,11,7
E01028309,15,8
E01028310,11,8
E01028311,8,7
E01028312,32,15
E01028313,14,10
E01028314,15,11
E01028315,8,7
E01028316,12,8
E01028317,31,14
E01028318,16,9
E01028319,18,9
E01028320,14,9
E01028321,11,7
E01028322,9,7
E01028323,8,7
E01028325,30,14
E01028326,13,11
E01028327,24,13
E01028328,22,14
E01028329,21,12
E01028330,12,7
E01028331,16,8
E01028332,23,10
E01028333,9,8
E01028334,14,8
E01028335,5,7
E01028336,21,14
E01028337,26,14
E01028338,6,7
E01028339,15,9
E01028340,10,7
E01028341,15,9
E01028342,9,7
E01028343,7,7
E01028344,8,7
E01028345,12,7
E01028346,10,7
E01028347,12,7
E01028348,14,8
E01028349,20,11
E01028350,9,6
E01028351,27,13
E01028352,29,14
E01028353,20,11
E01028354,12,8
E01028355,13,8
E01028356,15,9
E01028357,17,8
E01028358,6,6
E01028359,12,7
E01028360,16,8
E01028361,15,8
E01028362,11,7
E01028363,17,10
E01028364,19,10
E01028365,9,8
E01028366,22,16
E01028367,23,14
E01028368,19,14
E01028369,23,15
E01028370,22,14
E01028371,21,12
E01028372,16,8
E01028373,14,9
E01028374,15,8
E01028375,10,7
E01028376,15,8
E01028377,10,7
E01028378,19,12
E01028379,13,8
E01028380,7,6
E01028381,15,8
E01028382,12,7
E01028383,5,6
E01028384,14,9
E01028385,16,9
E01028386,19,10
E01028387,8,7
E01028388,10,7
E01028389,8,7
E01028390,13,8
E01028391,18,10
E01028392,15,9
E01028393,11,8
E01028394,9,7
E01028395,14,9
E01028396,9,7
E01028397,13,8
E01028398,8,7
E01028399,6,7
E01028400,13,8
E01028401,16,9
E01028402,28,16
E01028403,13,8
E01028404,5,6
E01028405,9,7
E01028406,10,7
E01028407,10,7
E01028408,16,12
E01028409,21,10
E01028410,24,12
E01028411,42,14
E01028412,17,11
E01028413,11,7
E01028414,7,7
E01028415,15,9
E01028416,8,7
E01028417,6,6
E01028418,4,6
E01028419,24,13
E01028420,28,17
E01028421,47,13
E01028422,17,12
E01028423,19,12
E01028424,31,13
E01028425,25,11
E01028426,17,10
E01028427,7,7
E01028428,15,10
E01028429,9,7
E01028430,7,7
E01028431,7,7
E01028432,11,8
E01028433,13,8
E01028434,16,8
E01028435,7,7
E01028437,7,7
E01028438,11,8
E01028439,5,7
E01028440,8,7
E01028441,22,12
E01028443,23,12
E01028444,19,11
E01028445,19,11
E01028446,14,9
E01028447,9,8
E01028448,10,7
E01028449,15,8
E01028450,17,9
E01028451,17,10
E01028452,14,9
E01028453,16,9
E01028454,14,9
E01028455,14,10
E01028456,17,9
E01028457,18,10
E01028458,15,11
E01028459,25,10
E01028460,25,10
E01028461,22,10
E01028462,18,9
E01028463,9,9
E01028464,6,7
E01028465,5,6
E01028466,9,8
E01028467,14,8
E01028468,8,7
E01028469,20,10
E01028470,14,8
E01028471,15,9
E01028472,19,9
E01028473,22,9
E01028474,12,8
E01028475,21,10
E01028476,10,7
E01028477,71,15
E01028478,31,12
E01028479,28,9
E01028480,24,9
E01028481,10,7
E01028482,30,10
E01028483,60,14
E01028484,99,17
E01028485,26,14
E01028486,36,13
E01028487,8,7
E01028488,12,8
E01028489,11,8
E01028490,11,8
E01028491,7,7
E01028492,7,7
E01028493,12,7
E01028494,7,8
E01028495,7,8
E01028496,11,8
E01028497,49,13
E01028498,28,12
E01028499,29,10
E01028500,53,16
E01028501,69,16
E01028502,11,9
E01028503,24,12
E01028504,18,8
E01028505,29,18
E01028506,89,17
E01028507,20,12
E01028508,73,18
E01028509,49,13
E01028510,22,11
E01028511,13,8
E01028512,23,11
E01028513,13,9
E01028514,14,10
E01028515,15,11
E01028516,7,8
E01028517,12,9
E01028518,12,8
E01028519,13,8
E01028520,6,7
E01028521,5,7
E01028522,6,6
E01028523,16,9
E01028524,17,10
E01028525,16,8
E01028526,13,8
E01028527,8,7
E01028528,7,6
E01028529,10,7
E01028530,12,7
E01028531,6,6
E01028532,11,7
E01028533,9,7
E01028534,9,8
E01028535,10,7
E01028536,10,8
E01028537,5,7
E01028538,17,8
E01028539,17,9
E01028540,16,9
E01028541,13,9
E01028542,12,11
E01028543,6,7
E01028544,8,7
E01028545,10,7
E01028546,8,8
E01028547,10,7
E01028548,11,10
E01028549,12,9
E01028550,4,6
E01028551,7,7
E01028552,19,9
E01028553,17,9
E01028554,15,8
E01028555,17,8
E01028556,15,8
E01028557,11,7
E01028558,7,6
E01028559,16,8
E01028560,17,10
E01028561,18,10
E01028562,19,9
E01028563,16,9
E01028565,9,7
E01028567,12,8
E01028568,9,7
E01028569,6,7
E01028570,9,7
E01028571,16,8
E01028572,13,9
E01028573,8,7
E01028574,7,7
E01028575,8,7
E01028576,14,8
E01028577,16,9
E01028578,12,8
E01028579,4,6
E01028580,6,6
E01028581,9,6
E01028582,5,7
E01028583,4,6
E01028584,11,7
E01028585,8,7
E01028586,8,7
E01028587,6,6
E01028588,5,6
E01028591,9,7
E01028592,7,7
E01028594,14,11
E01028595,19,11
E01028596,13,9
E01028597,15,11
E01028598,22,12
E01028599,6,6
E01028600,13,7
E01028601,30,11
E01028602,15,9
E01028603,39,13
E01028604,14,7
E01028605,10,7
E01028606,31,10
E01028607,33,11
E01028608,21,12
E01028609,44,16
E01028610,39,16
E01028611,53,12
E01028612,35,10
E01028613,25,13
E01028614,24,13
E01028615,25,14
E01028616,23,13
E01028617,8,7
E01028618,22,14
E01028619,22,13
E01028620,23,10
E01028621,15,8
E01028622,13,8
E01028623,8,7
E01028624,6,6
E01028625,6,7
E01028626,9,7
E01028627,10,8
E01028628,15,9
E01028629,13,8
E01028630,20,9
E01028631,12,7
E01028632,10,7
E01028633,17,8
E01028634,17,8
E01028635,17,8
E01028636,8,7
E01028637,10,7
E01028638,45,13
E01028639,20,9
E01028640,30,12
E01028641,29,12
E01028642,25,11
E01028643,16,9
E01028644,29,14
E01028645,24,15
E01028646,64,13
E01028647,50,13
E01028648,29,10
E01028649,38,14
E01028650,19,9
E01028651,11,7
E01028652,6,7
E01028653,16,10
E01028654,18,9
E01028655,11,8
E01028656,20,9
E01028657,21,11
E01028658,13,9
E01028659,23,10
E01028660,21,13
E01028661,27,14
E01028662,18,10
E01028663,8,7
E01028664,11,8
E01028665,11,8
E01028666,17,8
E01028667,17,8
E01028668,15,8
E01028669,14,8
E01028670,8,7
E01028671,12,8
E01028672,19,9
E01028673,11,7
E01028674,21,9
E01028675,20,9
E01028676,16,9
E01028677,10,8
E01028678,37,9
E01028679,28,10
E01028680,17,8
E01028681,18,9
E01028682,7,6
E01028683,39,12
E01028684,11,7
E01028685,6,6
E01028686,16,8
E01028688,13,8
E01028689,16,9
E01028690,19,13
E01028691,18,12
E01028692,16,12
E01028693,7,8
E01028694,7,8
E01028695,14,9
E01028696,13,8
E01028697,14,9
E01028698,10,8
E01028699,14,8
E01028700,13,8
E01028701,9,9
E01028702,16,12
E01028703,11,10
E01028704,12,10
E01028705,17,10
E01028706,18,9
E01028707,13,10
E01028708,17,10
E01028709,14,8
E01028710,16,10
E01028711,36,15
E01028712,34,14
E01028713,82,17
E01028714,25,14
E01028715,32,10
E01028716,11,7
E01028717,11,8
E01028718,10,7
E01028719,14,8
E01028720,51,13
E01028721,16,9
E01028722,13,8
E01028723,17,10
E01028724,15,9
E01028725,16,9
E01028726,33,15
E01028727,20,12
E01028728,18,10
E01028729,25,15
E01028730,35,14
E01028731,27,16
E01028732,23,15
E01028733,24,13
E01028734,20,13
E01028735,23,14
E01028736,31,19
E01028737,75,16
E01028738,17,10
E01028739,21,13
E01028740,13,8
E01028741,14,8
E01028742,8,8
E01028743,20,12
E01028744,21,11
E01028745,7,6
E01028746,14,8
E01028747,32,12
E01028748,17,9
E01028749,21,14
E01028750,23,12
E01028751,34,13
E01028752,26,13
E01028753,27,13
E01028754,25,14
E01028755,20,9
E01028756,18,9
E01028757,20,10
E01028758,19,9
E01028759,24,9
E01028760,18,8
E01028761,13,8
E01028762,67,15
E01028763,12,8
E01028764,11,7
E01028765,17,10
E01028766,34,11
E01028767,9,7
E01028771,14,8
E01028772,16,8
E01028773,16,9
E01028774,13,8
E01028775,15,9
E01028776,24,14
E01028777,7,7
E01028778,9,7
E01028779,14,11
E01028780,8,7
E01028781,14,9
E01028782,13,9
E01028783,10,8
E01028784,18,11
E01028785,8,7
E01028786,7,7
E01028787,16,8
E01028788,16,9
E01028789,23,15
E01028790,26,14
E01028791,34,14
E01028792,26,13
E01028793,20,13
E01028794,19,13
E01028795,52,13
E01028796,27,15
E01028797,19,13
E01028798,28,10
E01028799,24,12
E01028800,51,14
E01028801,21,12
E01028802,53,18
E01028804,20,16
E01028806,27,18
E01028807,5,6
E01028808,12,8
E01028809,14,8
E01028810,5,6
E01028811,6,7
E01028813,14,9
E01028814,14,8
E01028815,17,9
E01028816,14,8
E01028817,15,9
E01028818,10,7
E01028819,9,8
E01028820,15,10
E01028821,12,10
E01028822,14,10
E01028823,7,7
E01028824,12,7
E01028825,14,9
E01028826,18,8
E01028827,19,8
E01028828,17,10
E01028829,10,7
E01028830,13,9
E01028831,14,11
E01028832,10,9
E01028833,8,8
E01028834,18,12
E01028835,16,11
E01028836,13,9
E01028837,14,9
E01028838,7,6
E01028839,11,7
E01028840,13,7
E01028841,11,7
E01028842,23,9
E01028843,44,11
E01028844,29,9
E01028845,7,7
E01028846,35,13
E01028847,35,14
E01028848,9,7
E01028849,10,8
E01028850,31,12
E01028851,13,9
E01028852,10,7
E01028853,11,7
E01028854,7,6
E01028855,16,9
E01028856,7,6
E01028857,35,10
E01028858,52,15
E01028859,40,13
E01028860,10,7
E01028861,14,10
E01028862,30,11
E01028863,30,16
E01028864,23,12
E01028865,9,7
E01028866,12,9
E01028867,7,7
E01028868,108,19
E01028869,114,18
E01028870,35,11
E01028871,40,10
E01028872,46,12
E01028873,6,6
E01028874,13,7
E01028875,13,7
E01028876,14,8
E01028877,15,9
E01028878,18,8
E01028879,17,8
E01028880,25,15
E01028881,42,13
E01028882,71,14
E01028883,19,8
E01028884,10,7
E01028885,32,14
E01028886,10,7
E01028887,9,7
E01028888,46,13
E01028889,7,6
E01028890,10,7
E01028891,11,7
E01028892,16,8
E01028893,33,12
E01028894,5,6
E01028895,8,7
E01028896,10,7
E01028897,15,8
E01028898,66,15
E01028899,72,13
E01028902,8,7
E01028903,11,7
E01028904,10,7
E01028905,13,8
E01028906,5,6
E01028907,11,7
E01028908,5,6
E01028909,6,7
E01028910,28,13
E01028911,23,12
E01028912,22,12
E01028913,30,10
E01028914,28,16
E01028915,27,16
E01028916,13,8
E01028917,13,7
E01028918,37,14
E01028919,25,13
E01028920,27,17
E01028921,23,17
E01028922,28,12
E01028923,37,15
E01028924,17,9
E01028925,32,15
E01028926,25,15
E01028927,20,12
E01028928,20,12
E01028929,26,11
E01028930,23,12
E01028931,14,10
E01028932,17,9
E01028933,13,8
E01028934,18,9
E01028935,8,7
E01028936,9,7
E01028937,5,6
E01028938,8,7
E01028939,6,7
E01028940,6,7
E01028941,7,7
E01028942,14,11
E01028943,14,8
E01028944,17,9
E01028945,14,8
E01028946,5,7
E01028947,7,7
E01028948,10,7
E01028949,4,6
E01028950,30,13
E01028951,13,8
E01028952,5,6
E01028953,14,8
E01028954,23,14
E01028955,15,11
E01028956,25,9
E01028957,25,10
E01028958,29,11
E01028959,22,13
E01028960,63,16
E01028961,36,18
E01028962,15,8
E01028963,16,8
E01028964,9,7
E01028965,13,8
E01028966,18,9
E01028967,12,8
E01028968,18,9
E01028969,53,15
E01028970,29,12
E01028971,25,15
E01028972,14,9
E01028973,10,7
E01028974,11,8
E01028975,17,11
E01028976,25,11
E01028977,11,7
E01028978,30,9
E01028979,19,14
E01028980,41,14
E01028981,9,7
E01028982,11,7
E01028983,8,7
E01028984,11,9
E01028985,7,7
E01028986,13,8
E01028987,5,6
E01028988,6,6
E01028989,15,8
E01028990,28,15
E01028991,57,14
E01028992,9,6
E01028993,58,17
E01028994,35,21
E01028995,12,7
E01028996,30,14
E01028997,12,7
E01028998,10,7
E01028999,41,16
E01029000,26,15
E01029001,15,8
E01029002,9,7
E01029003,46,13
E01029004,29,16
E01029005,34,14
E01029006,8,7
E01029007,9,7
E01029009,13,8
E01029010,11,8
E01029011,12,7
E01029012,13,9
E01029013,12,8
E01029014,8,7
E01029015,45,21
E01029016,17,12
E01029018,20,9
E01029019,25,15
E01029020,36,11
E01029021,26,12
E01029022,23,10
E01029023,16,8
E01029024,29,12
E01029025,8,7
E01029026,10,7
E01029027,22,14
E01029028,18,14
E01029029,10,7
E01029030,14,9
E01029031,15,8
E01029032,12,8
E01029033,12,8
E01029034,7,7
E01029035,19,9
E01029036,16,9
E01029037,19,10
E01029038,23,11
E01029039,23,10
E01029040,19,10
E01029041,15,9
E01029042,15,9
E01029043,19,10
E01029044,16,9
E01029045,12,8
E01029046,6,6
E01029047,7,7
E01029050,8,7
E01029051,13,8
E01029052,25,14
E01029053,34,13
E01029054,32,15
E01029055,17,10
E01029056,25,13
E01029057,29,14
E01029058,48,17
E01029059,29,11
E01029060,35,12
E01029061,21,11
E01029062,11,7
E01029063,14,8
E01029064,11,8
E01029065,8,7
E01029066,6,7
E01029067,6,7
E01029068,19,11
E01029069,20,10
E01029070,9,7
E01029071,12,8
E01029072,11,9
E01029073,6,6
E01029074,12,8
E01029075,13,8
E01029076,15,9
E01029077,43,16
E01029078,14,8
E01029079,14,8
E01029080,14,8
E01029081,8,6
E01029082,16,9
E01029083,18,9
E01029084,19,10
E01029085,6,6
E01029086,47,11
E01029089,17,8
E01029090,13,8
E01029091,15,10
E01029092,13,8
E01029093,14,9
E01029094,5,7
E01029095,4,7
E01029096,10,7
E01029097,15,8
E01029098,7,7
E01029099,17,8
E01029100,9,7
E01029101,7,6
E01029102,7,7
E01029103,16,10
E01029104,17,9
E01029105,11,8
E01029106,12,8
E01029107,10,7
E01029108,7,7
E01029109,14,9
E01029110,11,7
E01029111,7,7
E01029112,7,7
E01029113,21,9
E01029114,15,8
E01029115,17,9
E01029116,8,7
E01029117,10,7
E01029118,13,7
E01029119,8,7
E01029120,9,7
E01029121,27,12
E01029122,17,8
E01029123,8,6
E01029124,10,7
E01029125,51,15
E01029126,10,7
E01029127,5,6
E01029128,16,9
E01029129,12,7
E01029130,23,12
E01029131,14,8
E01029132,12,8
E01029133,14,8
E01029134,7,7
E01029135,24,13
E01029136,30,12
E01029137,28,13
E01029138,18,11
E01029139,25,17
E01029140,19,8
E01029142,6,6
E01029143,7,6
E01029144,43,12
E01029145,25,14
E01029147,35,18
E01029148,29,16
E01029149,46,16
E01029150,21,8
E01029151,13,9
E01029152,24,14
E01029153,36,13
E01029154,27,17
E01029155,39,13
E01029156,24,16
E01029157,6,6
E01029158,12,7
E01029159,21,11
E01029160,20,11
E01029161,15,9
E01029162,20,11
E01029163,54,14
E01029164,15,9
E01029165,29,10
E01029166,37,13
E01029167,8,7
E01029168,11,7
E01029169,13,9
E01029170,10,9
E01029171,10,7
E01029172,18,9
E01029173,15,9
E01029174,6,6
E01029175,5,6
E01029176,13,8
E01029177,7,7
E01029178,23,9
E01029179,19,11
E01029180,24,10
E01029181,11,8
E01029182,18,10
E01029183,9,8
E01029184,18,8
E01029185,7,7
E01029186,8,7
E01029187,16,11
E01029188,18,10
E01029189,27,12
E01029190,27,13
E01029191,10,7
E01029192,9,7
E01029193,14,9
E01029194,12,8
E01029195,11,8
E01029196,47,13
E01029197,57,16
E01029198,22,14
E01029199,38,13
E01029200,7,6
E01029201,16,7
E01029202,11,7
E01029203,29,9
E01029204,11,7
E01029205,8,7
E01029206,11,7
E01029207,10,7
E01029208,16,8
E01029209,14,8
E01029210,34,17
E01029211,38,13
E01029212,32,10
E01029213,32,13
E01029214,19,11
E01029215,17,11
E01029216,25,12
E01029217,37,16
E01029218,25,12
E01029219,21,10
E01029220,23,11
E01029221,37,12
E01029222,25,11
E01029223,46,12
E01029224,19,9
E01029225,12,7
E01029226,7,6
E01029227,17,8
E01029228,19,8
E01029229,18,8
E01029230,38,14
E01029231,12,8
E01029232,14,8
E01029233,15,8
E01029234,6,7
E01029235,11,7
E01029236,8,7
E01029237,5,6
E01029238,11,7
E01029239,14,8
E01029240,12,7
E01029241,5,6
E01029242,14,8
E01029243,12,8
E01029244,19,9
E01029245,14,8
E01029246,8,7
E01029247,12,7
E01029248,8,7
E01029249,15,9
E01029250,8,7
E01029251,12,7
E01029252,9,7
E01029253,9,8
E01029254,12,7
E01029255,15,8
E01029256,22,10
E01029257,18,10
E01029258,8,7
E01029259,11,7
E01029260,32,11
E01029261,54,17
E01029262,37,13
E01029263,9,7
E01029264,8,8
E01029265,15,9
E01029266,4,7
E01029267,28,14
E01029268,44,12
E01029269,24,12
E01029270,45,13
E01029271,12,7
E01029273,11,7
E01029274,14,8
E01029275,19,10
E01029276,18,9
E01029277,17,10
E01029278,24,13
E01029279,31,14
E01029280,9,7
E01029281,6,7
E01029282,10,7
E01029283,5,6
E01029284,9,7
E01029285,7,7
E01029286,13,8
E01029287,15,9
E01029288,10,8
E01029289,6,7
E01029290,15,9
E01029291,19,9
E01029292,11,7
E01029293,17,9
E01029294,11,8
E01029295,11,7
E01029296,13,8
E01029297,15,8
E01029298,11,7
E01029299,14,8
E01029300,15,8
E01029301,14,8
E01029302,11,8
E01029303,15,8
E01029304,15,7
E01029305,9,7
E01029306,18,9
E01029307,14,8
E01029308,19,10
E01029309,12,7
E01029310,12,7
E01029311,11,7
E01029312,9,7
E01029313,13,8
E01029314,15,8
E01029315,13,7
E01029316,5,6
E01029317,17,9
E01029318,21,10
E01029319,7,7
E01029320,7,6
E01029321,40,11
E01029322,15,8
E01029324,12,7
E01029325,21,11
E01029326,26,11
E01029327,66,16
E01029328,17,9
E01029329,5,6
E01029330,10,7
E01029331,15,8
E01029333,17,9
E01029334,32,11
E01029335,72,15
E01029336,33,20
E01029337,27,14
E01029338,66,24
E01029339,24,11
E01029341,21,11
E01029342,24,11
E01029343,8,7
E01029345,10,7
E01029346,9,7
E01029347,7,7
E01029348,8,7
E01029349,9,7
E01029350,5,6
E01029351,6,7
E01029352,10,7
E01029353,10,7
E01029354,9,7
E01029355,12,7
E01029356,13,8
E01029357,8,7
E01029358,4,6
E01029359,12,8
E01029360,6,7
E01029361,6,6
E01029362,11,8
E01029363,8,7
E01029364,12,8
E01029365,8,6
E01029366,15,7
E01029367,7,7
E01029368,16,9
E01029369,12,8
E01029370,25,9
E01029371,13,9
E01029372,10,9
E01029373,8,7
E01029374,12,8
E01029375,13,9
E01029376,14,8
E01029377,18,9
E01029378,6,8
E01029379,12,8
E01029380,9,7
E01029381,10,8
E01029382,8,7
E01029383,15,8
E01029384,10,7
E01029385,16,8
E01029386,12,8
E01029387,8,7
E01029388,9,7
E01029389,9,7
E01029390,13,9
E01029391,12,8
E01029392,14,9
E01029393,13,8
E01029394,8,7
E01029395,13,7
E01029396,6,6
E01029397,10,7
E01029398,17,10
E01029399,6,6
E01029400,7,7
E01029401,9,7
E01029402,8,7
E01029403,9,7
E01029404,6,7
E01029405,23,11
E01029406,68,14
E01029407,5,6
E01029408,8,7
E01029409,6,6
E01029410,4,7
E01029411,36,12
E01029412,7,6
E01029413,13,8
E01029414,13,7
E01029415,16,8
E01029416,6,6
E01029417,22,11
E01029418,14,8
E01029419,10,8
E01029420,8,7
E01029422,16,8
E01029423,6,6
E01029424,50,13
E01029425,26,13
E01029426,10,7
E01029427,13,8
E01029428,14,9
E01029429,15,8
E01029430,19,10
E01029431,17,9
E01029432,17,9
E01029433,15,8
E01029434,4,6
E01029435,7,7
E01029436,7,7
E01029437,12,8
E01029438,10,7
E01029439,12,8
E01029440,23,10
E01029441,10,7
E01029442,14,8
E01029443,18,12
E01029444,17,10
E01029445,4,6
E01029446,13,8
E01029447,4,6
E01029448,8,7
E01029449,5,6
E01029450,9,7
E01029451,7,7
E01029452,9,8
E01029453,8,7
E01029454,17,10
E01029455,21,12
E01029456,14,11
E01029457,18,11
E01029458,18,12
E01029459,16,7
E01029460,12,7
E01029461,11,7
E01029462,9,7
E01029463,18,11
E01029464,7,6
E01029465,9,7
E01029466,13,8
E01029467,29,11
E01029468,4,6
E01029469,12,7
E01029470,11,7
E01029471,11,8
E01029472,6,6
E01029473,24,11
E01029474,6,6
E01029475,18,9
E01029476,18,10
E01029477,9,7
E01029478,7,6
E01029479,19,10
E01029480,21,12
E01029481,17,10
E01029482,18,12
E01029483,14,9
E01029484,11,8
E01029485,12,8
E01029486,8,7
E01029487,6,6
E01029488,59,15
E01029489,17,8
E01029490,10,7
E01029491,9,7
E01029492,4,6
E01029493,14,8
E01029494,8,7
E01029495,13,8
E01029496,10,8
E01029497,10,8
E01029498,41,13
E01029499,6,6
E01029500,11,7
E01029501,10,7
E01029502,23,13
E01029503,23,13
E01029504,21,12
E01029505,24,11
E01029506,18,10
E01029507,18,8
E01029508,26,11
E01029509,23,10
E01029511,11,7
E01029512,18,10
E01029513,27,11
E01029514,19,10
E01029515,42,10
E01029516,84,17
E01029517,46,12
E01029518,20,10
E01029519,14,8
E01029520,15,8
E01029521,23,15
E01029522,25,15
E01029523,22,11
E01029524,12,8
E01029525,15,8
E01029526,7,7
E01029527,13,8
E01029528,14,8
E01029529,15,9
E01029530,23,12
E01029531,35,14
E01029532,10,8
E01029533,15,10
E01029534,13,9
E01029535,8,7
E01029536,24,9
E01029537,15,7
E01029538,18,8
E01029539,14,8
E01029540,19,9
E01029541,15,9
E01029542,17,9
E01029543,16,8
E01029544,15,8
E01029545,12,7
E01029546,14,8
E01029547,8,7
E01029548,7,7
E01029549,9,7
E01029551,11,7
E01029552,12,8
E01029553,9,7
E01029554,9,7
E01029555,14,8
E01029556,17,10
E01029557,8,7
E01029558,7,7
E01029559,8,7
E01029560,4,6
E01029561,12,8
E01029562,18,8
E01029563,13,7
E01029564,11,7
E01029565,10,7
E01029566,13,8
E01029567,8,7
E01029568,14,8
E01029569,34,10
E01029570,32,13
E01029571,16,8
E01029572,21,10
E01029573,13,8
E01029574,8,7
E01029575,8,6
E01029576,13,9
E01029577,13,7
E01029578,10,7
E01029579,15,7
E01029580,13,8
E01029581,25,9
E01029582,31,11
E01029583,11,7
E01029584,6,6
E01029585,8,7
E01029586,14,8
E01029587,13,8
E01029588,6,6
E01029589,14,8
E01029590,13,8
E01029591,8,7
E01029593,13,8
E01029594,6,6
E01029595,16,8
E01029596,9,7
E01029597,5,6
E01029598,8,7
E01029599,12,8
E01029600,11,8
E01029601,19,9
E01029602,5,7
E01029603,5,6
E01029604,10,7
E01029605,11,7
E01029606,13,8
E01029607,9,7
E01029608,18,8
E01029609,4,6
E01029610,8,7
E01029611,9,7
E01029612,8,7
E01029613,9,8
E01029614,9,8
E01029615,3,7
E01029616,22,11
E01029617,20,9
E01029618,17,7
E01029619,22,12
E01029620,11,7
E01029621,15,8
E01029622,6,6
E01029623,5,6
E01029624,7,8
E01029625,9,7
E01029626,9,7
E01029627,8,7
E01029628,9,7
E01029629,13,8
E01029630,14,8
E01029631,12,8
E01029632,13,8
E01029633,10,7
E01029634,8,7
E01029635,6,8
E01029636,13,8
E01029637,12,8
E01029638,10,8
E01029639,11,8
E01029640,7,7
E01029641,13,8
E01029642,15,8
E01029643,8,7
E01029644,6,6
E01029645,18,9
E01029646,18,10
E01029647,24,10
E01029648,17,9
E01029649,6,6
E01029650,11,7
E01029651,21,9
E01029652,20,10
E01029653,13,7
E01029654,32,12
E01029655,13,8
E01029656,24,12
E01029657,18,9
E01029658,17,9
E01029659,18,9
E01029660,12,7
E01029661,13,8
E01029662,12,7
E01029663,7,6
E01029664,5,6
E01029665,8,7
E01029666,6,7
E01029667,49,12
E01029668,26,17
E01029669,25,18
E01029670,59,14
E01029671,6,7
E01029672,18,9
E01029673,13,8
E01029674,16,8
E01029675,8,6
E01029676,5,6
E01029677,13,8
E01029678,12,8
E01029679,9,7
E01029680,12,8
E01029681,35,11
E01029682,25,11
E01029683,33,12
E01029684,6,7
E01029685,7,7
E01029686,13,8
E01029687,37,13
E01029688,27,13
E01029689,9,8
E01029690,20,10
E01029691,7,7
E01029692,17,9
E01029693,19,10
E01029694,17,9
E01029695,24,8
E01029696,73,15
E01029697,67,14
E01029698,10,7
E01029699,8,8
E01029700,15,9
E01029701,7,7
E01029702,9,7
E01029703,48,13
E01029704,20,10
E01029705,17,9
E01029706,35,10
E01029707,12,7
E01029708,50,13
E01029709,6,6
E01029710,14,8
E01029711,20,10
E01029712,34,11
E01029713,6,6
E01029714,13,9
E01029715,16,9
E01029716,13,8
E01029717,13,8
E01029718,16,9
E01029719,11,8
E01029720,7,7
E01029721,7,7
E01029722,14,8
E01029723,19,10
E01029724,22,11
E01029725,14,8
E01029726,13,8
E01029727,6,7
E01029728,8,7
E01029729,13,8
E01029730,29,11
E01029731,13,8
E01029732,29,12
E01029733,74,15
E01029734,18,10
E01029735,17,9
E01029736,9,7
E01029737,9,7
E01029738,11,7
E01029739,19,10
E01029740,11,8
E01029741,22,8
E01029742,37,12
E01029743,20,12
E01029744,13,8
E01029745,5,7
E01029746,13,8
E01029747,21,12
E01029748,22,9
E01029749,29,11
E01029750,12,9
E01029751,12,7
E01029752,16,10
E01029753,13,9
E01029754,18,10
E01029755,22,10
E01029756,14,9
E01029757,18,9
E01029758,13,7
E01029759,16,8
E01029760,14,8
E01029761,14,8
E01029762,17,9
E01029763,11,7
E01029764,15,9
E01029765,14,8
E01029766,10,7
E01029767,24,11
E01029768,16,8
E01029769,26,9
E01029770,17,9
E01029771,19,9
E01029772,24,9
E01029773,13,7
E01029774,7,7
E01029775,16,10
E01029776,18,10
E01029777,15,9
E01029778,27,11
E01029779,16,9
E01029780,11,7
E01029781,11,7
E01029782,9,7
E01029783,4,6
E01029784,17,8
E01029785,16,8
E01029786,16,8
E01029787,8,7
E01029788,26,10
E01029789,34,11
E01029790,9,7
E01029791,6,7
E01029792,28,14
E01029793,25,14
E01029794,23,13
E01029795,43,13
E01029796,17,12
E01029797,53,15
E01029798,12,8
E01029799,16,9
E01029800,11,8
E01029801,49,11
E01029802,38,14
E01029803,27,16
E01029804,4,6
E01029805,11,8
E01029806,10,7
E01029807,10,7
E01029808,8,7
E01029809,14,8
E01029810,12,8
E01029811,13,8
E01029812,10,7
E01029813,16,9
E01029814,13,7
E01029815,16,8
E01029816,18,9
E01029817,45,15
E01029818,5,6
E01029819,11,7
E01029820,13,9
E01029821,8,7
E01029822,8,9
E01029823,7,6
E01029824,11,8
E01029825,11,9
E01029826,21,10
E01029827,20,10
E01029828,16,10
E01029829,20,11
E01029830,16,8
E01029831,13,7
E01029832,12,8
E01029833,17,9
E01029834,14,8
E01029835,4,7
E01029836,11,8
E01029837,19,11
E01029838,15,8
E01029839,22,11
E01029840,4,9
E01029841,8,7
E01029842,6,7
E01029843,5,7
E01029844,12,7
E01029845,6,7
E01029846,18,10
E01029847,17,10
E01029848,20,11
E01029849,14,8
E01029850,8,7
E01029851,4,6
E01029852,17,9
E01029853,10,8
E01029854,14,10
E01029855,11,8
E01029856,9,8
E01029857,13,9
E01029858,9,8
E01029859,5,7
E01029860,19,12
E01029861,18,12
E01029862,19,11
E01029863,20,10
E01029864,21,12
E01029865,23,11
E01029867,23,11
E01029868,32,13
E01029869,34,13
E01029870,15,10
E01029871,21,13
E01029872,21,11
E01029873,34,14
E01029874,31,21
E01029875,56,19
E01029876,22,9
E01029877,32,16
E01029878,22,11
E01029879,30,13
E01029880,32,15
E01029881,30,18
E01029882,14,8
E01029883,29,11
E01029884,6,6
E01029885,9,7
E01029886,17,9
E01029887,18,9
E01029888,15,9
E01029889,15,10
E01029890,20,11
E01029891,21,10
E01029892,10,7
E01029893,17,8
E01029894,11,7
E01029895,15,9
E01029896,11,8
E01029897,10,7
E01029898,38,19
E01029899,35,19
E01029900,13,8
E01029901,12,8
E01029902,41,14
E01029903,24,13
E01029904,25,13
E01029905,27,12
E01029906,39,18
E01029907,68,17
E01029908,18,9
E01029909,16,8
E01029910,16,8
E01029911,24,14
E01029912,10,7
E01029913,13,7
E01029914,10,7
E01029915,12,8
E01029916,15,9
E01029917,18,9
E01029918,14,7
E01029919,9,7
E01029920,5,6
E01029921,23,9
E01029922,42,12
E01029923,24,12
E01029925,8,7
E01029926,11,8
E01029927,6,6
E01029928,19,8
E01029929,13,8
E01029930,16,9
E01029937,17,11
E01029938,13,8
E01029939,13,7
E01029940,13,8
E01029941,25,17
E01029942,6,6
E01029944,12,8
E01029945,18,9
E01029946,15,8
E01029947,9,7
E01029949,12,7
E01029950,8,7
E01029951,16,8
E01029952,14,8
E01029953,17,10
E01029954,9,7
E01029955,11,8
E01029956,18,10
E01029957,27,14
E01029958,12,7
E01029960,10,8
E01029961,11,7
E01029962,8,7
E01029963,9,8
E01029964,8,7
E01029965,12,8
E01029966,15,8
E01029967,16,10
E01029968,21,10
E01029969,21,11
E01029970,22,10
E01029971,25,11
E01029973,16,8
E01029974,9,7
E01029975,10,7
E01029976,6,6
E01029977,6,6
E01029978,15,9
E01029979,15,9
E01029980,16,10
E01029981,16,9
E01029982,19,10
E01029983,13,8
E01029984,14,9
E01029985,15,9
E01029986,10,8
E01029987,8,7
E01029988,5,7
E01029990,6,6
E01029991,15,8
E01029992,8,7
E01029994,14,8
E01029995,6,6
E01029996,11,7
E01029997,17,9
E01029998,15,9
E01029999,13,8
E01030000,15,8
E01030001,17,10
E01030002,12,8
E01030003,9,7
E01030004,9,7
E01030005,10,7
E01030006,11,7
E01030007,10,7
E01030008,13,7
E01030009,3,6
E01030010,5,6
E01030011,18,9
E01030012,8,7
E01030013,6,6
E01030014,11,7
E01030015,14,8
E01030016,10,7
E01030017,14,8
E01030018,13,8
E01030019,25,11
E01030020,22,9
E01030021,22,10
E01030022,7,7
E01030023,7,7
E01030024,5,6
E01030025,6,6
E01030026,9,7
E01030027,12,7
E01030028,20,9
E01030029,12,7
E01030030,16,8
E01030031,17,9
E01030032,11,7
E01030033,16,9
E01030034,18,9
E01030035,16,8
E01030036,14,8
E01030037,36,13
E01030038,26,16
E01030039,44,18
E01030040,39,15
E01030041,25,14
E01030042,31,12
E01030043,17,9
E01030044,26,12
E01030045,10,7
E01030046,18,10
E01030047,4,6
E01030048,7,7
E01030049,26,11
E01030050,15,11
E01030051,14,10
E01030052,10,7
E01030053,22,10
E01030054,34,14
E01030055,29,16
E01030056,21,11
E01030057,33,15
E01030058,35,16
E01030059,17,9
E01030060,18,8
E01030061,12,7
E01030062,7,6
E01030063,51,13
E01030064,27,11
E01030065,66,14
E01030066,18,9
E01030067,8,7
E01030068,39,13
E01030069,18,11
E01030070,37,16
E01030071,10,7
E01030072,16,8
E01030073,13,8
E01030075,15,8
E01030076,9,7
E01030077,7,7
E01030078,11,7
E01030079,9,7
E01030080,6,7
E01030081,33,12
E01030082,48,17
E01030083,29,14
E01030084,21,15
E01030085,21,14
E01030086,44,13
E01030087,28,12
E01030088,16,14
E01030089,9,7
E01030090,58,18
E01030091,6,7
E01030092,6,7
E01030093,10,7
E01030094,43,14
E01030095,23,11
E01030096,34,11
E01030097,35,15
E01030098,25,18
E01030099,32,13
E01030100,29,17
E01030101,7,7
E01030103,20,12
E01030104,26,13
E01030105,13,8
E01030106,20,9
E01030107,21,10
E01030108,12,8
E01030109,10,7
E01030110,14,9
E01030111,16,10
E01030112,12,8
E01030113,7,7
E01030114,5,6
E01030115,9,7
E01030116,18,9
E01030117,19,10
E01030118,16,10
E01030119,25,14
E01030120,27,14
E01030121,12,8
E01030122,23,13
E01030123,13,7
E01030124,16,8
E01030125,15,9
E01030127,11,9
E01030128,8,8
E01030129,8,7
E01030130,21,10
E01030131,25,11
E01030132,51,15
E01030133,34,14
E01030134,27,14
E01030135,31,17
E01030137,13,8
E01030138,31,18
E01030139,18,10
E01030140,18,10
E01030141,23,11
E01030142,18,10
E01030143,17,9
E01030144,19,9
E01030145,7,6
E01030146,10,7
E01030147,16,8
E01030148,17,9
E01030149,20,10
E01030150,21,10
E01030151,27,15
E01030152,14,8
E01030153,10,7
E01030154,39,15
E01030155,17,8
E01030158,21,10
E01030159,10,7
E01030160,7,6
E01030161,8,6
E01030162,8,7
E01030163,16,9
E01030164,10,7
E01030165,5,6
E01030166,14,8
E01030167,10,7
E01030168,8,7
E01030169,7,6
E01030170,13,8
E01030171,9,7
E01030172,14,7
E01030173,11,7
E01030174,29,14
E01030175,22,14
E01030176,50,13
E01030179,11,8
E01030180,10,8
E01030181,18,9
E01030183,14,8
E01030184,10,7
E01030185,14,8
E01030186,14,8
E01030187,13,7
E01030188,5,6
E01030189,7,6
E01030190,18,10
E01030191,4,7
E01030192,10,7
E01030193,20,11
E01030194,17,8
E01030195,20,9
E01030196,18,9
E01030197,26,12
E01030198,46,13
E01030199,84,23
E01030200,27,16
E01030201,93,17
E01030203,9,7
E01030204,18,10
E01030205,21,10
E01030206,22,10
E01030207,16,9
E01030208,20,9
E01030209,9,7
E01030210,13,8
E01030211,5,7
E01030212,33,12
E01030214,12,8
E01030215,14,9
E01030216,13,8
E01030217,24,13
E01030218,18,11
E01030219,48,17
E01030220,8,7
E01030221,23,14
E01030222,56,16
E01030223,11,7
E01030224,7,7
E01030225,13,7
E01030226,18,9
E01030227,14,8
E01030228,14,8
E01030229,27,11
E01030230,8,8
E01030231,12,8
E01030232,7,7
E01030233,6,7
E01030234,11,7
E01030235,11,8
E01030236,13,8
E01030237,14,9
E01030238,8,7
E01030239,11,7
E01030240,13,8
E01030241,21,12
E01030242,18,10
E01030243,8,7
E01030244,15,8
E01030245,17,9
E01030246,9,7
E01030247,4,6
E01030248,9,7
E01030249,4,6
E01030250,9,7
E01030251,9,7
E01030252,10,7
E01030253,7,6
E01030254,4,6
E01030255,12,7
E01030256,8,6
E01030257,11,7
E01030258,5,7
E01030259,28,14
E01030260,21,16
E01030261,12,8
E01030262,14,8
E01030263,13,8
E01030264,13,8
E01030265,13,8
E01030266,11,9
E01030267,13,9
E01030268,12,9
E01030269,10,8
E01030270,5,6
E01030271,10,8
E01030272,14,8
E01030273,13,7
E01030274,9,8
E01030275,15,8
E01030276,12,8
E01030277,14,8
E01030278,17,9
E01030279,15,9
E01030280,14,9
E01030281,16,10
E01030282,14,8
E01030283,10,7
E01030284,7,6
E01030285,62,15
E01030286,27,13
E01030287,10,7
E01030288,11,7
E01030289,6,7
E01030290,7,7
E01030291,14,8
E01030292,15,9
E01030293,18,12
E01030294,16,10
E01030295,23,14
E01030296,11,7
E01030297,10,7
E01030298,5,6
E01030299,12,8
E01030300,7,8
E01030301,14,9
E01030302,17,9
E01030303,22,11
E01030304,11,8
E01030305,24,11
E01030306,16,9
E01030307,10,8
E01030308,6,7
E01030309,18,9
E01030310,10,7
E01030311,12,8
E01030312,14,8
E01030313,12,8
E01030314,13,8
E01030315,8,7
E01030316,13,8
E01030317,5,6
E01030318,18,10
E01030319,11,8
E01030320,8,8
E01030321,7,8
E01030322,12,7
E01030323,16,8
E01030324,11,7
E01030325,12,7
E01030326,12,8
E01030327,5,6
E01030328,15,9
E01030329,8,7
E01030330,16,8
E01030331,16,8
E01030332,12,7
E01030333,14,8
E01030334,16,8
E01030335,8,7
E01030336,14,9
E01030337,11,7
E01030338,21,10
E01030339,21,11
E01030340,18,11
E01030341,21,11
E01030342,14,8
E01030343,18,10
E01030344,17,10
E01030345,12,7
E01030346,29,11
E01030347,21,12
E01030348,21,11
E01030349,19,11
E01030350,14,8
E01030351,22,9
E01030352,18,9
E01030353,7,6
E01030354,6,7
E01030355,13,8
E01030356,9,7
E01030357,15,9
E01030358,13,8
E01030359,10,7
E01030360,14,9
E01030361,19,9
E01030362,18,10
E01030363,18,9
E01030364,18,9
E01030365,16,9
E01030366,10,8
E01030367,8,7
E01030368,8,7
E01030369,18,9
E01030370,17,9
E01030371,14,8
E01030372,6,7
E01030373,11,8
E01030374,11,8
E01030375,17,10
E01030376,17,9
E01030377,15,9
E01030378,11,8
E01030379,9,7
E01030380,14,9
E01030381,12,7
E01030382,8,7
E01030383,18,10
E01030384,17,9
E01030385,16,9
E01030386,8,7
E01030387,11,8
E01030388,15,8
E01030389,6,7
E01030390,7,7
E01030391,11,7
E01030392,10,8
E01030393,19,10
E01030394,20,9
E01030395,15,8
E01030396,17,9
E01030398,20,11
E01030399,22,11
E01030400,21,12
E01030401,18,11
E01030402,17,11
E01030403,14,9
E01030404,11,8
E01030405,17,11
E01030406,7,6
E01030407,5,6
E01030408,9,7
E01030409,7,7
E01030410,10,8
E01030411,6,8
E01030412,5,7
E01030413,11,10
E01030414,19,12
E01030415,13,10
E01030416,15,11
E01030417,14,9
E01030418,27,11
E01030419,12,8
E01030420,14,9
E01030421,26,11
E01030422,13,9
E01030423,19,10
E01030424,13,8
E01030425,17,9
E01030426,25,12
E01030427,23,12
E01030428,19,10
E01030429,20,10
E01030430,21,11
E01030431,20,11
E01030432,22,11
E01030433,19,10
E01030434,11,8
E01030435,9,8
E01030436,7,7
E01030437,12,7
E01030438,13,8
E01030439,18,9
E01030440,23,10
E01030441,20,11
E01030442,19,9
E01030443,15,9
E01030444,17,8
E01030445,10,7
E01030446,28,10
E01030447,20,9
E01030448,18,10
E01030449,15,9
E01030450,7,7
E01030451,7,7
E01030452,13,9
E01030453,4,6
E01030454,8,7
E01030455,10,7
E01030456,16,9
E01030457,10,8
E01030458,23,10
E01030459,21,11
E01030460,16,9
E01030461,14,9
E01030462,6,7
E01030463,8,7
E01030464,11,10
E01030465,24,13
E01030466,23,13
E01030467,21,11
E01030468,15,10
E01030469,18,10
E01030470,17,10
E01030471,36,13
E01030472,27,13
E01030473,9,7
E01030474,21,10
E01030475,11,8
E01030476,15,8
E01030477,10,7
E01030478,21,10
E01030479,21,9
E01030480,19,10
E01030481,19,14
E01030482,20,13
E01030483,18,12
E01030484,19,12
E01030485,11,9
E01030486,15,10
E01030487,7,9
E01030488,16,11
E01030489,14,11
E01030490,23,11
E01030491,11,8
E01030492,22,12
E01030493,11,8
E01030494,6,7
E01030495,6,7
E01030496,7,7
E01030497,13,8
E01030498,14,8
E01030499,9,8
E01030500,15,9
E01030501,20,11
E01030502,15,10
E01030503,16,10
E01030504,25,10
E01030505,14,8
E01030506,8,7
E01030507,7,7
E01030508,18,9
E01030509,10,7
E01030510,18,9
E01030511,18,9
E01030512,11,8
E01030513,11,7
E01030514,7,7
E01030515,17,10
E01030516,10,7
E01030517,15,8
E01030518,8,7
E01030519,10,7
E01030520,13,8
E01030521,12,8
E01030522,15,8
E01030523,14,8
E01030524,27,15
E01030525,15,9
E01030526,9,7
E01030527,18,10
E01030528,51,14
E01030529,8,7
E01030530,34,13
E01030531,20,11
E01030532,11,8
E01030533,9,7
E01030534,9,8
E01030535,6,8
E01030536,11,8
E01030537,8,7
E01030538,6,7
E01030539,9,7
E01030540,15,8
E01030541,16,8
E01030542,14,8
E01030543,17,9
E01030544,20,11
E01030545,17,10
E01030546,17,10
E01030547,14,10
E01030548,19,12
E01030549,17,12
E01030550,20,11
E01030551,18,12
E01030552,18,11
E01030553,24,11
E01030554,29,12
E01030555,36,14
E01030556,18,9
E01030557,69,14
E01030558,19,11
E01030559,17,9
E01030560,11,9
E01030561,7,7
E01030562,16,10
E01030563,12,9
E01030564,11,8
E01030565,16,9
E01030566,19,10
E01030567,27,11
E01030568,18,11
E01030569,27,13
E01030570,17,9
E01030571,20,11
E01030572,17,10
E01030573,12,8
E01030574,6,7
E01030575,7,6
E01030576,16,8
E01030577,14,8
E01030578,12,8
E01030579,10,7
E01030580,18,10
E01030581,18,9
E01030582,18,10
E01030583,19,8
E01030584,19,9
E01030585,19,9
E01030586,14,8
E01030587,12,7
E01030588,11,7
E01030589,27,11
E01030590,23,13
E01030591,22,12
E01030592,19,10
E01030593,12,7
E01030594,19,10
E01030595,17,9
E01030596,16,9
E01030597,16,9
E01030598,12,7
E01030599,5,7
E01030600,8,7
E01030601,10,8
E01030602,12,8
E01030603,11,7
E01030604,9,7
E01030605,17,9
E01030606,19,9
E01030607,12,8
E01030608,6,7
E01030609,14,9
E01030610,14,8
E01030611,9,7
E01030612,15,9
E01030613,9,7
E01030614,15,8
E01030615,5,7
E01030616,10,7
E01030617,11,7
E01030618,19,9
E01030619,14,8
E01030620,9,7
E01030621,14,8
E01030622,9,7
E01030623,9,7
E01030624,16,8
E01030625,23,9
E01030626,13,8
E01030627,10,7
E01030628,24,13
E01030629,23,12
E01030630,20,11
E01030631,19,11
E01030632,25,11
E01030633,23,11
E01030634,25,11
E01030635,18,10
E01030636,12,8
E01030637,14,8
E01030638,8,7
E01030639,17,9
E01030640,13,7
E01030641,7,7
E01030642,11,7
E01030643,8,7
E01030644,15,9
E01030645,6,6
E01030646,10,7
E01030647,15,9
E01030648,9,7
E01030649,7,7
E01030650,10,7
E01030651,14,8
E01030652,7,7
E01030653,10,8
E01030654,7,7
E01030655,19,10
E01030656,21,9
E01030657,19,10
E01030658,15,9
E01030659,15,8
E01030660,15,8
E01030661,15,9
E01030662,16,9
E01030663,7,7
E01030664,13,8
E01030665,10,8
E01030666,7,7
E01030667,7,7
E01030668,6,7
E01030669,10,8
E01030670,12,8
E01030671,8,7
E01030672,11,7
E01030673,11,7
E01030674,6,6
E01030675,9,8
E01030676,10,7
E01030677,34,11
E01030678,9,7
E01030679,22,8
E01030680,7,7
E01030681,19,10
E01030682,17,9
E01030683,15,10
E01030684,13,8
E01030685,15,11
E01030686,15,8
E01030687,14,9
E01030688,14,9
E01030689,10,8
E01030690,13,9
E01030691,21,10
E01030692,15,8
E01030693,14,9
E01030694,16,8
E01030695,18,10
E01030696,17,9
E01030697,11,7
E01030698,12,7
E01030699,15,8
E01030700,13,8
E01030701,5,6
E01030702,6,6
E01030703,10,7
E01030704,6,7
E01030705,7,7
E01030706,13,8
E01030707,8,7
E01030708,10,7
E01030709,15,9
E01030710,10,8
E01030711,13,9
E01030712,6,7
E01030713,8,7
E01030714,10,7
E01030715,13,8
E01030716,6,6
E01030717,7,6
E01030718,7,7
E01030719,14,8
E01030720,14,9
E01030721,18,10
E01030722,15,9
E01030723,14,8
E01030724,11,7
E01030725,13,8
E01030726,18,9
E01030727,14,10
E01030728,20,10
E01030729,23,10
E01030730,14,8
E01030731,12,8
E01030732,16,9
E01030733,11,7
E01030734,16,9
E01030735,16,9
E01030736,12,8
E01030737,9,7
E01030738,7,8
E01030739,20,9
E01030740,16,9
E01030741,14,8
E01030742,11,8
E01030743,10,8
E01030744,8,8
E01030745,8,8
E01030746,8,8
E01030747,19,13
E01030748,15,10
E01030749,17,11
E01030750,16,10
E01030751,12,10
E01030752,13,9
E01030753,15,9
E01030754,9,8
E01030755,16,9
E01030756,19,10
E01030757,16,9
E01030758,9,7
E01030759,7,7
E01030760,9,7
E01030761,21,12
E01030762,21,12
E01030763,15,7
E01030764,14,8
E01030765,8,6
E01030766,7,7
E01030767,15,8
E01030768,14,8
E01030769,20,9
E01030770,6,7
E01030771,18,9
E01030772,14,8
E01030773,9,7
E01030774,21,12
E01030775,22,12
E01030776,18,12
E01030777,19,11
E01030778,15,8
E01030779,8,7
E01030780,16,9
E01030781,9,6
E01030782,14,8
E01030783,16,9
E01030784,13,9
E01030785,15,9
E01030786,18,10
E01030787,19,11
E01030788,22,11
E01030789,17,9
E01030790,20,10
E01030791,18,10
E01030792,24,12
E01030793,14,8
E01030794,12,8
E01030795,13,8
E01030796,17,10
E01030797,18,10
E01030798,14,8
E01030799,10,7
E01030800,6,7
E01030801,19,10
E01030802,14,8
E01030803,5,6
E01030804,13,8
E01030805,8,7
E01030806,20,10
E01030807,18,10
E01030808,18,10
E01030809,15,8
E01030810,23,10
E01030811,23,9
E01030812,23,11
E01030813,22,11
E01030814,23,12
E01030815,24,12
E01030816,24,9
E01030817,12,8
E01030818,7,6
E01030819,17,9
E01030820,19,9
E01030821,21,11
E01030822,26,11
E01030823,22,12
E01030824,12,8
E01030825,9,7
E01030826,16,11
E01030827,20,13
E01030828,15,8
E01030829,6,6
E01030830,13,8
E01030831,12,8
E01030832,19,11
E01030833,5,7
E01030834,18,9
E01030835,10,7
E01030836,9,7
E01030837,18,8
E01030838,33,10
E01030839,15,9
E01030840,18,10
E01030841,19,10
E01030842,19,11
E01030843,26,11
E01030844,15,9
E01030845,9,8
E01030846,14,8
E01030847,14,8
E01030848,13,8
E01030850,10,7
E01030851,14,8
E01030852,13,8
E01030853,7,7
E01030854,7,6
E01030855,12,8
E01030856,12,7
E01030857,6,7
E01030858,8,7
E01030859,11,7
E01030860,7,7
E01030861,26,12
E01030862,15,10
E01030863,11,7
E01030864,31,13
E01030865,18,8
E01030866,15,8
E01030867,33,16
E01030868,23,13
E01030869,27,13
E01030870,14,8
E01030871,13,8
E01030872,10,7
E01030873,10,7
E01030874,14,9
E01030875,11,8
E01030876,12,7
E01030877,8,7
E01030878,12,8
E01030879,46,13
E01030880,25,13
E01030881,21,9
E01030882,20,9
E01030883,22,9
E01030884,11,10
E01030885,6,7
E01030886,20,10
E01030887,16,8
E01030888,11,8
E01030889,14,8
E01030890,19,10
E01030891,18,10
E01030892,16,9
E01030893,8,7
E01030894,24,10
E01030895,9,7
E01030896,19,10
E01030897,17,9
E01030898,7,7
E01030899,18,11
E01030900,16,10
E01030901,18,12
E01030902,17,9
E01030903,17,9
E01030904,18,10
E01030905,19,10
E01030906,16,8
E01030907,13,8
E01030908,62,15
E01030909,23,12
E01030910,32,13
E01030911,11,8
E01030912,7,7
E01030913,14,9
E01030914,17,11
E01030915,16,9
E01030916,16,9
E01030917,20,9
E01030918,16,9
E01030919,15,9
E01030920,14,8
E01030921,8,7
E01030922,8,7
E01030923,21,10
E01030924,18,10
E01030925,18,9
E01030926,22,11
E01030927,26,11
E01030928,19,10
E01030929,21,11
E01030930,15,8
E01030931,13,8
E01030932,15,8
E01030933,9,7
E01030934,27,10
E01030935,27,10
E01030937,8,7
E01030938,8,7
E01030939,14,7
E01030940,15,9
E01030941,12,7
E01030942,21,9
E01030943,7,6
E01030944,21,11
E01030945,13,9
E01030946,14,10
E01030947,17,11
E01030948,18,10
E01030949,16,9
E01030950,20,10
E01030951,9,8
E01030952,12,9
E01030953,7,7
E01030954,12,8
E01030955,14,8
E01030956,12,8
E01030957,13,9
E01030958,8,7
E01030959,5,7
E01030960,11,7
E01030961,12,8
E01030962,7,7
E01030963,23,11
E01030964,16,10
E01030965,21,10
E01030966,20,10
E01030967,19,10
E01030968,20,11
E01030969,20,10
E01030970,19,9
E01030971,14,9
E01030972,13,8
E01030973,18,9
E01030974,16,8
E01030975,15,9
E01030976,17,9
E01030977,18,10
E01030978,21,11
E01030979,16,9
E01030980,10,8
E01030981,8,7
E01030982,5,7
E01030983,13,8
E01030984,9,7
E01030985,4,6
E01030986,18,10
E01030987,21,12
E01030988,7,7
E01030989,7,7
E01030990,9,7
E01030991,5,8
E01030992,10,9
E01030993,3,6
E01030994,6,6
E01030995,10,8
E01030996,16,9
E01030997,16,9
E01030998,17,9
E01030999,18,9
E01031000,9,8
E01031001,12,8
E01031002,10,7
E01031003,12,8
E01031004,5,7
E01031005,13,10
E01031006,10,8
E01031007,17,9
E01031008,13,8
E01031009,8,7
E01031010,4,6
E01031011,9,7
E01031012,9,7
E01031013,10,7
E01031014,14,9
E01031015,18,9
E01031016,18,10
E01031017,21,10
E01031018,24,11
E01031019,16,9
E01031020,10,7
E01031021,5,6
E01031022,12,7
E01031023,23,12
E01031024,35,12
E01031025,6,6
E01031026,6,6
E01031027,34,12
E01031028,38,11
E01031029,10,7
E01031030,12,8
E01031031,17,12
E01031032,22,12
E01031033,8,7
E01031034,13,7
E01031035,25,12
E01031036,22,15
E01031037,18,9
E01031038,21,10
E01031039,14,7
E01031040,19,8
E01031041,7,6
E01031042,12,7
E01031043,7,7
E01031044,6,6
E01031045,7,7
E01031046,5,6
E01031047,3,6
E01031048,8,7
E01031049,15,8
E01031050,16,9
E01031051,10,7
E01031052,8,7
E01031053,6,7
E01031054,12,8
E01031055,19,9
E01031056,7,7
E01031057,7,7
E01031058,7,6
E01031059,10,7
E01031060,4,6
E01031061,4,6
E01031062,10,8
E01031063,6,7
E01031064,4,6
E01031065,11,7
E01031066,13,7
E01031067,5,6
E01031068,5,6
E01031069,10,7
E01031070,12,7
E01031073,8,7
E01031074,4,6
E01031075,13,8
E01031077,18,10
E01031078,17,9
E01031079,13,8
E01031080,11,7
E01031081,14,9
E01031082,14,9
E01031083,15,9
E01031084,10,7
E01031085,14,9
E01031086,15,9
E01031087,13,8
E01031088,15,9
E01031089,12,8
E01031090,19,9
E01031091,16,8
E01031092,10,7
E01031093,18,9
E01031094,11,7
E01031095,16,8
E01031096,8,7
E01031097,13,8
E01031098,12,7
E01031099,15,9
E01031100,14,9
E01031101,15,9
E01031102,7,7
E01031103,14,9
E01031104,12,8
E01031105,8,7
E01031106,5,6
E01031107,13,8
E01031108,14,8
E01031109,9,7
E01031110,14,9
E01031111,16,9
E01031112,13,8
E01031113,12,8
E01031114,11,8
E01031115,7,6
E01031116,13,7
E01031117,14,8
E01031118,16,8
E01031119,3,6
E01031120,14,8
E01031121,13,9
E01031122,11,8
E01031123,11,8
E01031124,9,7
E01031125,24,11
E01031127,22,11
E01031129,10,9
E01031130,8,7
E01031131,4,6
E01031132,3,6
E01031133,8,7
E01031134,24,11
E01031135,18,10
E01031136,18,10
E01031137,5,7
E01031138,9,7
E01031139,11,7
E01031140,7,7
E01031141,14,8
E01031142,9,7
E01031143,16,10
E01031144,5,6
E01031145,7,8
E01031146,11,10
E01031147,15,9
E01031148,6,7
E01031149,19,10
E01031150,6,6
E01031151,18,10
E01031152,19,10
E01031153,8,7
E01031154,9,7
E01031155,16,8
E01031156,14,8
E01031157,9,7
E01031158,16,9
E01031159,26,9
E01031160,17,10
E01031161,16,10
E01031162,21,11
E01031163,18,10
E01031164,26,12
E01031165,21,12
E01031166,64,14
E01031167,9,8
E01031168,16,9
E01031169,12,8
E01031170,8,7
E01031171,18,9
E01031172,22,10
E01031173,7,7
E01031174,7,7
E01031175,17,10
E01031176,16,10
E01031177,18,10
E01031178,19,11
E01031179,18,9
E01031180,15,8
E01031181,20,10
E01031182,28,12
E01031183,17,9
E01031184,17,8
E01031185,13,8
E01031186,7,6
E01031187,31,15
E01031188,25,12
E01031189,23,14
E01031190,20,10
E01031191,22,11
E01031192,18,10
E01031193,36,14
E01031194,47,14
E01031195,46,13
E01031196,28,14
E01031197,66,13
E01031198,14,8
E01031199,17,9
E01031200,18,12
E01031201,7,6
E01031202,15,9
E01031203,17,9
E01031204,23,11
E01031205,15,8
E01031206,12,7
E01031207,32,16
E01031208,16,8
E01031209,56,16
E01031210,25,11
E01031211,34,10
E01031212,15,9
E01031213,25,10
E01031214,12,8
E01031215,6,6
E01031216,11,7
E01031217,47,16
E01031218,27,12
E01031219,12,7
E01031220,14,7
E01031221,14,8
E01031222,6,6
E01031223,21,12
E01031224,24,13
E01031225,17,9
E01031227,21,12
E01031228,17,9
E01031229,9,7
E01031230,20,10
E01031231,16,9
E01031232,11,9
E01031233,18,9
E01031234,5,7
E01031235,10,8
E01031236,16,10
E01031237,18,10
E01031238,11,8
E01031239,8,8
E01031240,8,7
E01031241,9,7
E01031242,13,8
E01031243,19,8
E01031244,37,10
E01031245,21,13
E01031246,21,15
E01031247,32,16
E01031248,30,14
E01031249,15,9
E01031250,11,8
E01031251,19,10
E01031252,28,11
E01031253,8,7
E01031254,27,10
E01031255,22,9
E01031256,10,8
E01031257,11,7
E01031258,5,6
E01031259,13,9
E01031260,19,10
E01031261,10,7
E01031262,13,8
E01031263,10,7
E01031264,15,8
E01031265,12,8
E01031266,6,7
E01031267,18,8
E01031268,18,9
E01031269,18,12
E01031271,7,7
E01031272,4,6
E01031273,13,7
E01031274,9,7
E01031275,7,7
E01031276,12,7
E01031277,14,8
E01031278,17,9
E01031279,17,8
E01031280,42,13
E01031281,35,10
E01031282,22,8
E01031283,59,14
E01031284,37,12
E01031285,11,7
E01031286,11,7
E01031287,10,7
E01031288,14,8
E01031289,5,6
E01031290,14,8
E01031291,9,7
E01031292,13,9
E01031293,11,7
E01031294,12,7
E01031295,18,9
E01031296,21,10
E01031297,17,9
E01031298,15,8
E01031299,20,10
E01031300,17,9
E01031301,30,11
E01031302,20,10
E01031303,10,7
E01031304,14,8
E01031305,14,8
E01031306,13,8
E01031307,11,9
E01031308,25,11
E01031309,6,6
E01031310,17,8
E01031311,11,7
E01031312,17,10
E01031313,22,10
E01031314,21,9
E01031315,11,8
E01031316,13,10
E01031317,13,9
E01031318,9,7
E01031319,12,9
E01031320,12,9
E01031321,8,8
E01031322,14,8
E01031323,8,9
E01031324,8,8
E01031325,13,9
E01031327,13,8
E01031328,11,7
E01031329,8,7
E01031330,6,7
E01031331,5,6
E01031332,7,7
E01031333,7,7
E01031334,4,6
E01031335,4,6
E01031336,4,6
E01031337,5,6
E01031338,6,6
E01031339,13,8
E01031340,12,8
E01031341,7,7
E01031342,9,7
E01031343,7,7
E01031344,9,7
E01031345,13,8
E01031346,7,7
E01031347,8,7
E01031348,10,7
E01031349,9,7
E01031350,13,8
E01031351,16,8
E01031352,14,8
E01031353,21,9
E01031354,17,9
E01031355,12,7
E01031356,17,14
E01031357,14,12
E01031358,14,8
E01031359,11,7
E01031360,9,7
E01031361,7,7
E01031362,10,7
E01031363,10,7
E01031364,4,7
E01031365,9,7
E01031366,11,7
E01031367,11,7
E01031368,12,8
E01031369,6,7
E01031370,12,7
E01031371,11,8
E01031372,12,8
E01031373,12,8
E01031374,9,7
E01031375,8,7
E01031376,13,7
E01031377,6,6
E01031378,16,9
E01031379,8,7
E01031380,14,8
E01031381,10,7
E01031382,5,7
E01031383,11,8
E01031384,10,8
E01031385,5,6
E01031386,27,11
E01031387,17,10
E01031388,17,9
E01031389,15,9
E01031390,9,7
E01031391,10,8
E01031392,24,10
E01031393,15,8
E01031394,15,9
E01031395,13,9
E01031396,12,8
E01031397,12,8
E01031398,8,7
E01031399,10,7
E01031400,7,7
E01031401,18,9
E01031402,11,8
E01031403,12,7
E01031404,6,7
E01031405,7,6
E01031406,14,8
E01031407,14,8
E01031408,14,8
E01031409,10,7
E01031410,10,8
E01031411,12,7
E01031412,19,9
E01031413,15,8
E01031414,14,8
E01031415,11,7
E01031416,11,7
E01031417,9,7
E01031418,8,7
E01031419,15,9
E01031420,15,9
E01031421,16,10
E01031422,12,8
E01031423,8,7
E01031424,7,6
E01031425,20,9
E01031426,40,11
E01031427,18,8
E01031428,13,7
E01031429,20,9
E01031430,22,9
E01031431,10,7
E01031432,8,7
E01031433,19,9
E01031434,14,8
E01031435,9,7
E01031436,3,6
E01031437,9,7
E01031438,7,7
E01031439,13,8
E01031440,16,9
E01031441,8,7
E01031442,11,7
E01031443,10,7
E01031444,10,6
E01031445,18,8
E01031446,12,8
E01031447,16,9
E01031448,17,11
E01031449,11,8
E01031450,11,7
E01031451,8,7
E01031452,9,7
E01031453,8,6
E01031454,11,8
E01031455,6,6
E01031456,4,6
E01031457,5,6
E01031458,15,8
E01031459,6,6
E01031460,12,7
E01031461,11,7
E01031462,9,7
E01031463,12,7
E01031464,7,6
E01031465,26,11
E01031466,17,10
E01031467,25,11
E01031468,21,9
E01031469,18,8
E01031470,21,10
E01031471,14,8
E01031472,10,7
E01031473,10,7
E01031474,19,11
E01031475,21,9
E01031476,34,13
E01031477,20,13
E01031478,27,15
E01031479,66,15
E01031480,17,10
E01031481,14,9
E01031482,21,10
E01031483,16,10
E01031484,13,8
E01031485,9,7
E01031486,10,8
E01031487,10,7
E01031488,12,8
E01031489,13,8
E01031490,7,7
E01031491,10,8
E01031492,10,7
E01031493,12,7
E01031494,12,8
E01031495,7,7
E01031496,17,10
E01031497,9,7
E01031498,23,11
E01031499,23,9
E01031500,21,9
E01031501,10,7
E01031502,26,10
E01031503,32,11
E01031504,22,13
E01031505,20,11
E01031506,29,12
E01031507,40,15
E01031508,32,15
E01031509,15,10
E01031511,20,9
E01031512,24,11
E01031513,26,12
E01031514,19,9
E01031515,10,8
E01031516,23,12
E01031517,12,7
E01031518,34,13
E01031519,44,16
E01031520,23,13
E01031521,55,14
E01031522,13,7
E01031523,9,7
E01031524,19,9
E01031525,13,8
E01031526,12,7
E01031527,11,7
E01031528,8,7
E01031529,23,13
E01031530,23,12
E01031531,18,8
E01031532,24,9
E01031533,15,8
E01031534,11,7
E01031535,8,7
E01031536,33,12
E01031538,8,7
E01031539,8,7
E01031540,15,10
E01031541,5,6
E01031542,29,14
E01031543,21,10
E01031544,42,17
E01031545,22,13
E01031546,10,7
E01031547,8,7
E01031548,4,6
E01031549,7,7
E01031550,8,7
E01031551,6,6
E01031552,8,8
E01031553,10,8
E01031554,11,9
E01031555,12,9
E01031556,11,7
E01031557,9,7
E01031558,4,7
E01031559,7,8
E01031560,9,7
E01031561,8,7
E01031562,8,7
E01031563,5,6
E01031564,11,7
E01031565,7,6
E01031566,9,7
E01031567,9,7
E01031568,15,9
E01031569,15,10
E01031570,8,7
E01031571,5,6
E01031572,6,6
E01031573,7,7
E01031574,11,7
E01031575,12,8
E01031576,4,6
E01031577,6,7
E01031578,8,8
E01031579,8,8
E01031580,10,9
E01031581,12,9
E01031582,17,9
E01031583,13,8
E01031584,18,9
E01031585,13,9
E01031586,16,10
E01031587,19,10
E01031588,13,9
E01031589,9,7
E01031590,14,9
E01031591,5,7
E01031592,15,9
E01031593,13,9
E01031594,10,8
E01031595,8,7
E01031596,5,6
E01031597,12,7
E01031598,16,8
E01031599,13,8
E01031600,7,7
E01031601,11,7
E01031603,15,8
E01031604,9,7
E01031605,6,6
E01031606,11,7
E01031607,5,6
E01031608,17,9
E01031609,14,9
E01031610,14,8
E01031611,56,12
E01031612,17,9
E01031613,21,10
E01031614,10,8
E01031615,13,8
E01031616,19,11
E01031617,18,10
E01031618,23,13
E01031619,18,12
E01031620,16,11
E01031621,25,12
E01031622,24,14
E01031623,39,14
E01031624,39,15
E01031625,40,12
E01031626,38,10
E01031627,15,8
E01031628,23,10
E01031629,30,12
E01031630,8,7
E01031631,14,8
E01031632,18,9
E01031633,23,12
E01031634,8,7
E01031635,20,11
E01031636,6,7
E01031637,11,7
E01031638,14,8
E01031639,14,10
E01031640,23,11
E01031641,13,8
E01031642,11,8
E01031643,11,8
E01031644,14,9
E01031645,12,8
E01031646,4,6
E01031647,11,8
E01031648,16,9
E01031649,15,9
E01031650,21,9
E01031651,15,9
E01031652,18,11
E01031653,9,8
E01031654,19,11
E01031655,14,10
E01031656,11,9
E01031657,22,13
E01031658,21,12
E01031659,51,14
E01031660,34,13
E01031661,24,11
E01031662,10,7
E01031663,12,8
E01031664,21,10
E01031665,43,10
E01031666,15,9
E01031667,16,9
E01031668,13,8
E01031669,15,9
E01031670,18,10
E01031671,20,11
E01031672,17,10
E01031673,20,11
E01031674,14,7
E01031675,7,7
E01031676,30,12
E01031677,10,7
E01031678,9,7
E01031679,14,9
E01031680,17,8
E01031681,13,8
E01031682,12,8
E01031683,5,6
E01031684,13,7
E01031685,9,7
E01031686,14,8
E01031687,12,8
E01031688,16,8
E01031689,11,7
E01031690,14,9
E01031691,9,7
E01031692,13,9
E01031693,27,15
E01031694,19,14
E01031695,13,9
E01031696,18,9
E01031697,33,13
E01031698,22,11
E01031699,9,7
E01031700,9,9
E01031701,7,6
E01031702,14,8
E01031703,9,7
E01031704,11,8
E01031705,9,7
E01031706,13,7
E01031707,6,6
E01031708,9,7
E01031709,7,7
E01031710,14,8
E01031711,16,9
E01031712,15,8
E01031713,15,8
E01031714,11,7
E01031715,14,9
E01031716,6,6
E01031717,7,6
E01031718,18,11
E01031719,20,11
E01031720,14,12
E01031721,13,8
E01031722,24,10
E01031723,13,9
E01031724,11,8
E01031725,6,7
E01031726,9,8
E01031727,15,9
E01031728,13,8
E01031729,18,8
E01031730,16,9
E01031731,15,9
E01031732,15,9
E01031733,12,8
E01031734,16,9
E01031735,11,7
E01031736,14,8
E01031737,13,7
E01031738,20,9
E01031739,14,8
E01031740,18,10
E01031741,5,6
E01031742,6,7
E01031743,9,7
E01031744,18,11
E01031745,22,12
E01031746,18,11
E01031747,21,12
E01031748,18,11
E01031749,15,9
E01031750,17,9
E01031751,13,8
E01031752,15,8
E01031753,12,8
E01031754,14,8
E01031755,14,8
E01031756,16,8
E01031757,6,7
E01031758,5,7
E01031759,16,9
E01031760,14,8
E01031761,7,7
E01031763,11,8
E01031764,22,15
E01031765,21,10
E01031766,32,15
E01031767,16,9
E01031768,10,8
E01031769,11,8
E01031770,30,12
E01031771,18,9
E01031772,6,7
E01031773,9,8
E01031774,12,8
E01031775,10,8
E01031776,9,8
E01031777,12,7
E01031778,8,7
E01031779,15,8
E01031780,13,8
E01031781,16,8
E01031782,12,8
E01031783,11,8
E01031784,8,7
E01031785,16,9
E01031786,15,9
E01031787,4,6
E01031788,9,7
E01031789,9,7
E01031790,3,6
E01031791,5,6
E01031792,22,10
E01031793,25,11
E01031794,19,9
E01031795,17,10
E01031796,8,7
E01031797,5,6
E01031798,9,7
E01031799,9,7
E01031800,10,7
E01031801,9,7
E01031802,13,8
E01031803,15,9
E01031804,10,7
E01031805,12,7
E01031806,14,9
E01031807,13,8
E01031808,6,6
E01031809,11,7
E01031810,11,7
E01031811,10,7
E01031812,13,7
E01031813,6,6
E01031814,8,7
E01031815,13,8
E01031816,5,6
E01031817,21,10
E01031818,17,10
E01031819,20,10
E01031820,7,7
E01031821,9,7
E01031822,14,8
E01031823,17,9
E01031824,13,8
E01031825,18,10
E01031826,21,9
E01031827,14,8
E01031828,17,10
E01031829,24,10
E01031830,23,11
E01031831,8,7
E01031832,14,8
E01031833,9,7
E01031834,15,8
E01031835,4,6
E01031836,12,8
E01031837,9,7
E01031838,7,7
E01031839,11,7
E01031840,15,8
E01031841,28,14
E01031842,35,17
E01031843,14,7
E01031844,19,11
E01031845,24,13
E01031846,19,13
E01031847,9,7
E01031848,28,12
E01031849,23,13
E01031850,9,7
E01031851,11,7
E01031852,12,8
E01031853,10,8
E01031854,6,7
E01031855,9,7
E01031856,9,7
E01031857,6,6
E01031858,10,7
E01031859,7,6
E01031860,11,7
E01031861,12,8
E01031862,12,8
E01031863,9,7
E01031864,19,9
E01031865,5,6
E01031866,48,13
E01031867,22,12
E01031868,25,12
E01031869,27,16
E01031870,27,15
E01031871,41,17
E01031872,20,11
E01031873,18,12
E01031874,11,8
E01031876,22,13
E01031877,48,13
E01031878,15,9
E01031879,25,13
E01031880,23,13
E01031882,27,10
E01031883,15,11
E01031884,25,19
E01031885,27,17
E01031886,48,19
E01031887,40,15
E01031888,12,8
E01031889,15,9
E01031890,11,7
E01031891,54,16
E01031892,31,15
E01031893,28,16
E01031894,14,12
E01031895,7,6
E01031896,8,6
E01031897,14,8
E01031898,7,6
E01031900,10,7
E01031901,12,7
E01031902,16,8
E01031903,12,8
E01031904,19,11
E01031905,22,10
E01031906,16,9
E01031907,9,7
E01031908,9,9
E01031909,18,10
E01031910,15,8
E01031911,14,8
E01031912,9,7
E01031913,7,7
E01031914,27,10
E01031915,23,9
E01031916,10,9
E01031917,13,8
E01031918,22,10
E01031919,19,10
E01031920,17,9
E01031921,9,7
E01031922,7,7
E01031923,5,6
E01031924,10,7
E01031925,11,10
E01031926,18,8
E01031927,18,9
E01031928,14,8
E01031929,23,11
E01031930,26,14
E01031931,16,8
E01031932,7,7
E01031933,15,8
E01031934,11,7
E01031935,17,8
E01031936,9,7
E01031937,26,16
E01031938,20,12
E01031939,35,15
E01031940,17,10
E01031941,24,10
E01031942,24,12
E01031944,44,17
E01031946,25,18
E01031947,20,10
E01031948,19,10
E01031949,14,8
E01031950,29,15
E01031951,26,12
E01031952,9,7
E01031953,12,8
E01031954,15,9
E01031955,11,7
E01031956,19,8
E01031957,10,8
E01031958,17,10
E01031959,13,7
E01031960,21,13
E01031961,45,12
E01031962,17,9
E01031963,8,7
E01031964,15,8
E01031965,12,7
E01031966,17,8
E01031967,9,7
E01031968,10,7
E01031969,19,10
E01031970,19,14
E01031971,27,15
E01031972,8,6
E01031973,23,13
E01031974,7,7
E01031975,10,7
E01031976,17,8
E01031977,17,8
E01031978,14,8
E01031979,9,7
E01031980,19,11
E01031981,19,11
E01031982,16,10
E01031983,18,10
E01031984,22,11
E01031985,19,10
E01031986,16,9
E01031988,22,12
E01031989,14,8
E01031990,47,18
E01031991,60,21
E01031992,16,10
E01031993,8,7
E01031994,15,9
E01031995,14,8
E01031996,6,6
E01031997,6,6
E01031998,22,11
E01031999,11,7
E01032000,24,13
E01032001,13,8
E01032002,10,7
E01032003,7,7
E01032004,27,14
E01032005,17,10
E01032006,18,10
E01032007,18,10
E01032008,20,12
E01032009,18,11
E01032010,28,11
E01032011,24,12
E01032012,22,10
E01032013,25,14
E01032014,5,6
E01032015,12,8
E01032016,6,7
E01032017,16,10
E01032018,17,10
E01032019,14,9
E01032020,11,8
E01032021,14,8
E01032022,6,6
E01032023,12,7
E01032024,9,8
E01032025,12,8
E01032026,28,17
E01032027,39,18
E01032029,18,8
E01032030,5,6
E01032031,35,15
E01032032,39,17
E01032033,46,17
E01032034,30,16
E01032035,13,7
E01032036,59,12
E01032037,6,6
E01032038,9,7
E01032039,9,7
E01032040,14,8
E01032041,32,19
E01032042,38,21
E01032043,27,15
E01032044,23,14
E01032045,19,9
E01032046,14,8
E01032047,15,10
E01032048,14,9
E01032049,12,8
E01032050,7,7
E01032051,20,13
E01032052,15,10
E01032053,23,11
E01032054,14,9
E01032055,37,15
E01032056,35,15
E01032057,22,14
E01032058,18,13
E01032059,26,12
E01032060,27,13
E01032061,33,12
E01032062,12,8
E01032063,19,11
E01032064,16,9
E01032065,14,8
E01032066,6,7
E01032067,14,8
E01032068,8,7
E01032069,7,7
E01032070,14,9
E01032071,18,9
E01032072,15,9
E01032073,13,8
E01032074,14,9
E01032075,53,20
E01032076,34,16
E01032077,22,11
E01032078,20,10
E01032079,17,9
E01032080,20,10
E01032081,77,15
E01032082,32,12
E01032083,22,11
E01032084,42,14
E01032085,18,8
E01032086,9,7
E01032087,9,7
E01032088,21,9
E01032089,15,7
E01032090,20,9
E01032091,24,9
E01032092,21,9
E01032093,13,9
E01032094,13,8
E01032095,19,9
E01032096,26,10
E01032097,20,10
E01032098,22,10
E01032099,19,10
E01032100,10,8
E01032101,6,7
E01032102,12,8
E01032103,7,7
E01032104,17,9
E01032105,15,8
E01032106,18,8
E01032107,14,8
E01032108,6,7
E01032109,17,9
E01032110,17,9
E01032111,12,8
E01032112,19,9
E01032113,17,9
E01032114,12,8
E01032115,15,11
E01032116,19,11
E01032117,12,8
E01032118,12,9
E01032119,16,10
E01032121,23,12
E01032122,27,10
E01032123,25,11
E01032124,23,9
E01032125,23,10
E01032126,8,7
E01032127,11,7
E01032128,5,6
E01032129,4,6
E01032130,15,10
E01032131,17,11
E01032132,19,11
E01032133,7,7
E01032134,14,8
E01032135,12,8
E01032136,23,10
E01032137,7,7
E01032138,11,8
E01032139,6,7
E01032140,11,8
E01032141,13,9
E01032142,16,10
E01032143,17,9
E01032144,6,6
E01032145,13,8
E01032146,16,9
E01032147,8,7
E01032148,15,9
E01032149,17,9
E01032150,19,10
E01032151,15,9
E01032152,10,7
E01032153,11,7
E01032154,17,9
E01032155,18,10
E01032156,11,8
E01032157,6,7
E01032158,8,7
E01032159,13,9
E01032160,10,7
E01032161,15,9
E01032162,12,9
E01032166,23,14
E01032168,20,12
E01032169,23,10
E01032170,7,8
E01032171,11,8
E01032172,6,7
E01032173,20,10
E01032174,17,11
E01032175,17,9
E01032176,23,10
E01032177,4,6
E01032178,14,8
E01032179,27,11
E01032180,36,13
E01032181,27,12
E01032182,26,11
E01032183,18,12
E01032184,18,9
E01032185,17,8
E01032186,15,7
E01032187,15,8
E01032188,21,9
E01032189,26,10
E01032190,22,13
E01032191,37,17
E01032192,31,17
E01032193,23,16
E01032194,9,7
E01032195,13,8
E01032196,10,7
E01032197,20,9
E01032198,65,14
E01032199,34,15
E01032200,47,16
E01032201,9,7
E01032202,8,7
E01032203,7,6
E01032204,10,7
E01032205,30,10
E01032206,24,15
E01032207,22,11
E01032208,16,8
E01032209,20,9
E01032210,18,9
E01032211,23,12
E01032212,56,17
E01032213,55,13
E01032214,11,7
E01032215,17,8
E01032216,10,7
E01032217,31,13
E01032218,39,14
E01032219,24,11
E01032220,25,10
E01032221,34,12
E01032222,28,10
E01032223,18,9
E01032224,6,7
E01032225,11,9
E01032226,14,9
E01032227,13,8
E01032228,27,11
E01032229,12,8
E01032230,9,7
E01032231,4,6
E01032232,12,8
E01032233,17,9
E01032234,10,8
E01032235,15,8
E01032236,10,7
E01032237,9,7
E01032238,5,6
E01032239,11,9
E01032240,9,8
E01032241,8,7
E01032242,9,9
E01032243,10,8
E01032244,5,7
E01032245,4,7
E01032246,7,7
E01032247,6,7
E01032248,24,10
E01032249,13,9
E01032250,6,9
E01032251,13,9
E01032252,5,8
E01032253,13,9
E01032254,14,8
E01032255,13,8
E01032256,12,8
E01032257,16,8
E01032258,6,7
E01032259,10,7
E01032260,8,7
E01032261,12,7
E01032262,15,9
E01032263,15,9
E01032264,17,9
E01032265,15,10
E01032266,15,9
E01032267,15,10
E01032268,15,9
E01032269,14,8
E01032270,13,9
E01032271,19,10
E01032272,14,8
E01032273,20,11
E01032274,8,9
E01032275,8,10
E01032276,13,10
E01032277,7,10
E01032278,4,9
E01032279,14,8
E01032280,6,7
E01032281,7,7
E01032282,7,7
E01032283,16,10
E01032284,17,10
E01032285,14,8
E01032286,12,8
E01032287,13,7
E01032288,13,8
E01032289,17,9
E01032290,20,10
E01032292,10,7
E01032294,12,8
E01032295,13,9
E01032296,6,6
E01032297,17,9
E01032298,18,9
E01032299,11,7
E01032300,13,7
E01032301,11,8
E01032302,13,8
E01032303,6,6
E01032304,11,7
E01032305,6,7
E01032306,8,7
E01032307,13,8
E01032308,19,11
E01032309,17,9
E01032310,10,7
E01032311,8,7
E01032312,14,8
E01032313,13,8
E01032314,14,8
E01032315,8,7
E01032316,16,9
E01032317,12,8
E01032318,11,7
E01032319,13,8
E01032320,8,7
E01032321,8,7
E01032322,6,7
E01032323,19,12
E01032324,22,14
E01032325,23,14
E01032326,19,12
E01032327,4,6
E01032328,15,8
E01032329,10,8
E01032330,14,8
E01032331,13,8
E01032332,13,8
E01032333,8,7
E01032334,19,9
E01032335,26,10
E01032336,21,9
E01032337,14,8
E01032338,22,9
E01032339,21,9
E01032340,17,10
E01032341,17,11
E01032342,7,7
E01032343,6,6
E01032344,12,7
E01032345,37,16
E01032346,24,16
E01032347,10,7
E01032348,13,7
E01032349,19,12
E01032350,23,13
E01032351,13,8
E01032352,18,11
E01032353,8,7
E01032354,23,13
E01032355,34,15
E01032356,22,13
E01032357,9,7
E01032358,6,6
E01032359,9,7
E01032360,17,9
E01032361,16,9
E01032362,20,9
E01032363,19,9
E01032364,16,10
E01032365,12,9
E01032366,14,9
E01032367,6,6
E01032368,15,9
E01032369,15,9
E01032370,20,9
E01032371,16,9
E01032372,39,13
E01032373,19,12
E01032374,33,12
E01032375,26,14
E01032376,14,8
E01032377,6,7
E01032378,11,7
E01032379,16,8
E01032380,10,7
E01032381,11,8
E01032382,25,14
E01032383,21,12
E01032384,13,8
E01032385,15,8
E01032386,22,12
E01032387,23,13
E01032388,26,16
E01032389,25,13
E01032390,34,17
E01032391,29,18
E01032392,14,9
E01032393,9,7
E01032394,44,16
E01032395,35,16
E01032396,15,8
E01032397,11,7
E01032398,15,9
E01032399,17,11
E01032400,23,12
E01032401,52,12
E01032402,33,16
E01032403,30,16
E01032404,16,8
E01032405,11,8
E01032406,6,7
E01032407,8,7
E01032408,8,8
E01032409,10,7
E01032410,64,15
E01032411,27,11
E01032412,15,10
E01032413,21,15
E01032414,31,15
E01032415,33,16
E01032416,42,14
E01032417,55,15
E01032418,20,9
E01032419,25,11
E01032420,21,11
E01032421,24,12
E01032422,23,11
E01032423,16,11
E01032424,17,11
E01032425,16,11
E01032426,17,12
E01032427,14,8
E01032428,15,8
E01032429,13,7
E01032430,14,10
E01032431,20,8
E01032432,27,11
E01032433,20,10
E01032434,10,8
E01032435,8,7
E01032436,15,9
E01032437,14,8
E01032438,11,8
E01032439,18,10
E01032440,20,11
E01032441,16,9
E01032442,15,10
E01032443,15,8
E01032444,12,8
E01032445,15,9
E01032446,7,7
E01032447,7,7
E01032448,8,7
E01032449,9,7
E01032450,10,7
E01032451,12,8
E01032452,19,9
E01032453,22,10
E01032454,10,7
E01032455,19,8
E01032456,9,7
E01032457,18,8
E01032458,14,8
E01032459,11,7
E01032460,8,7
E01032461,12,8
E01032462,17,9
E01032463,12,7
E01032464,19,8
E01032465,15,9
E01032466,13,8
E01032467,18,9
E01032468,15,8
E01032469,17,10
E01032470,18,9
E01032471,19,9
E01032472,36,14
E01032473,24,14
E01032474,9,7
E01032475,7,7
E01032476,8,7
E01032477,17,9
E01032478,13,8
E01032479,10,8
E01032480,14,9
E01032481,21,10
E01032482,11,7
E01032483,10,7
E01032484,15,8
E01032485,24,12
E01032486,24,12
E01032487,7,6
E01032488,13,8
E01032489,11,7
E01032490,12,8
E01032491,13,8
E01032492,7,6
E01032493,7,7
E01032494,5,6
E01032495,13,8
E01032496,13,8
E01032497,5,7
E01032498,11,7
E01032499,12,8
E01032500,7,6
E01032501,15,10
E01032502,13,9
E01032503,23,11
E01032504,22,11
E01032505,12,8
E01032506,5,7
E01032507,5,8
E01032508,5,6
E01032509,8,7
E01032510,6,7
E01032511,14,9
E01032512,4,6
E01032513,6,6
E01032514,7,7
E01032515,15,8
E01032516,16,9
E01032517,10,7
E01032518,15,8
E01032519,9,7
E01032520,8,7
E01032522,12,8
E01032523,29,14
E01032524,32,14
E01032525,18,11
E01032526,24,14
E01032527,8,7
E01032528,7,8
E01032529,9,8
E01032530,10,7
E01032531,15,8
E01032532,15,9
E01032533,19,10
E01032534,6,7
E01032535,9,7
E01032536,13,8
E01032537,9,7
E01032538,7,7
E01032540,14,8
E01032541,16,8
E01032542,19,12
E01032543,22,13
E01032544,23,11
E01032545,14,8
E01032546,16,9
E01032548,13,8
E01032549,14,9
E01032550,13,8
E01032551,12,8
E01032552,16,11
E01032553,19,12
E01032554,13,8
E01032555,15,9
E01032556,5,6
E01032557,15,9
E01032558,12,8
E01032559,8,7
E01032560,16,9
E01032561,17,10
E01032562,5,6
E01032563,7,7
E01032564,10,7
E01032565,12,7
E01032566,10,7
E01032567,14,8
E01032568,8,7
E01032569,12,8
E01032570,9,7
E01032571,19,10
E01032572,4,6
E01032573,5,6
E01032574,9,7
E01032575,4,6
E01032576,7,6
E01032577,6,6
E01032579,7,7
E01032580,6,6
E01032581,9,7
E01032582,5,7
E01032583,6,7
E01032584,7,8
E01032585,13,8
E01032586,12,8
E01032587,6,6
E01032588,13,8
E01032589,15,8
E01032590,13,8
E01032591,16,9
E01032592,11,7
E01032593,25,12
E01032594,25,13
E01032595,17,10
E01032596,14,8
E01032597,8,7
E01032598,12,7
E01032599,9,7
E01032600,14,8
E01032601,15,8
E01032602,11,7
E01032603,8,7
E01032604,13,7
E01032605,16,9
E01032606,9,7
E01032607,8,6
E01032608,10,6
E01032609,17,10
E01032610,16,9
E01032611,15,10
E01032612,4,6
E01032613,15,9
E01032614,19,10
E01032615,14,9
E01032616,17,9
E01032617,10,8
E01032618,20,9
E01032619,21,13
E01032620,30,11
E01032621,6,7
E01032622,10,8
E01032623,23,9
E01032624,21,10
E01032625,12,8
E01032626,12,8
E01032627,10,7
E01032628,27,12
E01032629,19,9
E01032630,9,7
E01032631,13,8
E01032632,18,9
E01032633,25,13
E01032634,15,9
E01032635,18,9
E01032636,7,6
E01032637,6,6
E01032638,3,6
E01032639,6,6
E01032640,8,7
E01032641,10,7
E01032642,20,8
E01032643,10,7
E01032644,8,7
E01032645,5,6
E01032646,12,8
E01032647,15,8
E01032648,12,7
E01032649,7,7
E01032650,4,6
E01032651,20,12
E01032652,21,12
E01032653,7,7
E01032654,9,7
E01032655,9,7
E01032656,9,7
E01032657,6,7
E01032658,10,7
E01032659,7,7
E01032660,10,8
E01032661,11,7
E01032662,10,7
E01032663,22,10
E01032664,8,7
E01032665,8,6
E01032666,25,10
E01032667,19,9
E01032668,24,10
E01032669,19,10
E01032670,12,8
E01032671,11,8
E01032672,11,8
E01032673,8,7
E01032674,14,9
E01032675,16,8
E01032676,11,7
E01032677,9,7
E01032678,7,7
E01032679,13,10
E01032680,20,11
E01032681,6,7
E01032682,11,8
E01032683,31,15
E01032684,8,7
E01032685,12,8
E01032686,11,8
E01032687,5,7
E01032688,16,9
E01032689,15,8
E01032690,15,8
E01032691,10,7
E01032692,16,9
E01032693,16,8
E01032694,8,7
E01032695,14,9
E01032696,22,15
E01032697,22,12
E01032698,24,12
E01032699,26,17
E01032700,7,7
E01032701,11,8
E01032702,13,9
E01032703,10,7
E01032704,9,7
E01032705,19,10
E01032706,4,6
E01032707,9,7
E01032708,10,8
E01032709,22,10
E01032710,11,8
E01032711,14,9
E01032712,15,10
E01032713,17,9
E01032714,5,6
E01032715,2,6
E01032716,11,7
E01032717,24,10
E01032719,5,8
E01032720,3,6
E01032722,7,7
E01032724,10,7
E01032725,16,11
E01032726,7,8
E01032727,16,8
E01032728,8,7
E01032729,8,7
E01032730,9,8
E01032731,18,10
E01032732,6,7
E01032733,7,7
E01032734,10,8
E01032735,14,8
E01032737,11,8
E01032738,6,7
E01032739,13,9
E01032740,6,8
E01032741,4,6
E01032742,5,6
E01032743,3,6
E01032744,5,7
E01032745,9,8
E01032746,14,9
E01032748,15,9
E01032750,4,6
E01032751,11,8
E01032753,6,6
E01032755,5,7
E01032756,8,7
E01032758,7,7
E01032759,10,7
E01032761,11,8
E01032763,14,9
E01032764,6,8
E01032765,8,7
E01032766,5,6
E01032767,8,7
E01032768,11,8
E01032769,11,8
E01032770,7,7
E01032771,7,7
E01032772,7,7
E01032773,9,7
E01032774,8,7
E01032775,6,7
E01032776,11,8
E01032777,13,9
E01032778,12,8
E01032779,11,8
E01032780,9,7
E01032781,3,6
E01032782,3,6
E01032783,4,6
E01032784,6,6
E01032785,6,7
E01032786,5,7
E01032787,7,6
E01032788,7,7
E01032789,9,7
E01032790,9,7
E01032792,12,7
E01032794,16,10
E01032795,12,9
E01032797,6,7
E01032798,6,7
E01032799,8,7
E01032800,7,6
E01032802,11,7
E01032803,12,8
E01032805,4,6
E01032807,9,8
E01032808,13,9
E01032809,17,10
E01032810,19,11
E01032811,16,8
E01032812,21,12
E01032813,33,13
E01032814,31,12
E01032815,18,9
E01032816,17,9
E01032817,20,9
E01032818,16,8
E01032819,16,9
E01032820,17,10
E01032821,20,10
E01032822,13,8
E01032823,18,10
E01032824,12,8
E01032825,20,11
E01032826,18,11
E01032827,22,12
E01032828,23,12
E01032829,27,11
E01032830,7,7
E01032831,7,7
E01032832,12,9
E01032833,11,8
E01032834,5,6
E01032835,11,7
E01032836,9,7
E01032837,15,10
E01032838,14,11
E01032839,9,8
E01032840,6,7
E01032841,7,7
E01032842,3,8
E01032843,14,9
E01032844,9,9
E01032845,13,9
E01032846,9,7
E01032847,11,9
E01032848,23,13
E01032849,23,12
E01032850,23,11
E01032851,11,9
E01032852,16,9
E01032853,12,9
E01032854,11,10
E01032855,34,11
E01032856,27,9
E01032857,20,11
E01032858,16,9
E01032859,20,12
E01032860,16,12
E01032862,16,10
E01032863,17,11
E01032865,14,9
E01032867,5,7
E01032868,5,7
E01032870,34,12
E01032871,28,11
E01032872,4,6
E01032873,6,7
E01032875,6,6
E01032876,14,9
E01032877,12,7
E01032878,15,9
E01032879,15,9
E01032880,14,8
E01032881,18,9
E01032882,15,9
E01032883,11,7
E01032884,10,7
E01032885,15,9
E01032886,15,9
E01032887,13,8
E01032888,12,8
E01032889,8,7
E01032890,8,7
E01032891,17,9
E01032892,26,10
E01032893,23,11
E01032894,27,12
E01032895,25,11
E01032896,10,7
E01032897,10,8
E01032898,6,6
E01032899,13,8
E01032900,18,9
E01032901,28,12
E01032902,27,12
E01032903,6,6
E01032904,14,8
E01032905,16,9
E01032906,9,8
E01032907,10,8
E01032909,6,7
E01032911,9,7
E01032912,8,8
E01032914,9,8
E01032915,10,8
E01032917,12,9
E01032919,15,9
E01032920,14,8
E01032921,3,6
E01032922,7,7
E01032923,17,9
E01032924,14,8
E01032925,10,7
E01032926,21,10
E01032927,16,9
E01032928,12,8
E01032929,13,8
E01032930,8,7
E01032931,5,7
E01032932,15,8
E01032933,12,9
E01032934,18,11
E01032935,16,9
E01032936,20,10
E01032937,8,7
E01032938,23,11
E01032939,13,9
E01032940,15,10
E01032941,9,7
E01032942,12,8
E01032943,23,13
E01032944,21,12
E01032945,4,6
E01032946,11,7
E01032947,14,8
E01032948,14,9
E01032949,9,9
E01032950,12,10
E01032951,9,8
E01032952,12,7
E01032953,13,7
E01032954,25,15
E01032955,14,10
E01032956,22,10
E01032957,19,10
E01032958,11,7
E01032959,6,6
E01032960,40,11
E01032961,6,8
E01032962,17,10
E01032963,9,7
E01032964,14,8
E01032965,19,9
E01032966,15,9
E01032967,14,9
E01032968,39,13
E01032969,19,10
E01032970,15,9
E01032971,15,9
E01032972,22,13
E01032973,5,6
E01032974,31,10
E01032975,17,10
E01032976,19,10
E01032977,22,9
E01032978,6,7
E01032979,12,9
E01032980,15,9
E01032981,14,8
E01032982,16,9
E01032983,16,9
E01032984,20,11
E01032985,22,11
E01032986,5,7
E01032987,7,6
E01032988,12,8
E01032989,16,9
E01032990,21,14
E01032991,15,9
E01032992,8,7
E01032993,12,7
E01032994,16,11
E01032995,9,7
E01032996,6,7
E01032997,19,9
E01032998,26,10
E01032999,16,8
E01033000,5,7
E01033002,10,7
E01033003,11,7
E01033005,6,7
E01033006,7,7
E01033008,11,8
E01033010,5,7
E01033011,5,7
E01033013,12,8
E01033015,14,9
E01033016,13,9
E01033018,11,8
E01033019,9,9
E01033021,7,6
E01033022,12,8
E01033023,5,6
E01033024,20,9
E01033025,22,9
E01033026,26,11
E01033027,26,11
E01033028,6,6
E01033029,11,7
E01033030,3,6
E01033031,6,6
E01033032,17,8
E01033033,4,6
E01033034,7,6
E01033035,3,6
E01033036,13,7
E01033037,17,8
E01033038,4,6
E01033039,6,6
E01033040,24,9
E01033041,25,10
E01033042,27,12
E01033043,8,6
E01033044,13,9
E01033045,9,8
E01033046,7,7
E01033047,5,6
E01033048,8,7
E01033049,4,6
E01033050,7,7
E01033051,15,9
E01033052,22,13
E01033053,26,13
E01033054,21,9
E01033055,18,8
E01033056,13,7
E01033057,13,8
E01033058,13,8
E01033059,17,10
E01033060,38,12
E01033061,12,9
E01033062,20,12
E01033063,7,7
E01033064,10,7
E01033065,56,14
E01033066,99,18
E01033067,8,7
E01033068,10,7
E01033069,11,8
E01033070,6,7
E01033071,3,6
E01033072,18,11
E01033073,4,7
E01033074,10,7
E01033075,6,7
E01033076,14,8
E01033077,10,9
E01033078,24,12
E01033079,37,12
E01033080,6,6
E01033081,13,7
E01033082,13,8
E01033083,3,6
E01033084,7,7
E01033085,9,7
E01033086,13,8
E01033087,8,7
E01033088,10,8
E01033089,5,7
E01033090,5,7
E01033091,8,7
E01033092,5,7
E01033093,9,8
E01033094,12,7
E01033095,13,8
E01033096,13,9
E01033097,9,7
E01033098,12,9
E01033099,7,7
E01033100,8,7
E01033101,3,6
E01033102,15,8
E01033103,8,7
E01033104,10,8
E01033105,14,9
E01033106,9,7
E01033107,9,8
E01033108,13,8
E01033109,10,7
E01033110,10,7
E01033111,13,8
E01033112,6,7
E01033113,6,6
E01033114,8,7
E01033115,13,8
E01033116,10,7
E01033117,16,8
E01033118,42,10
E01033119,10,7
E01033120,15,8
E01033121,16,8
E01033122,20,10
E01033123,11,7
E01033124,11,8
E01033125,9,7
E01033126,13,8
E01033127,5,7
E01033128,6,7
E01033129,6,7
E01033130,17,9
E01033131,13,8
E01033132,13,9
E01033133,7,7
E01033135,10,7
E01033137,11,7
E01033138,7,6
E01033139,8,7
E01033140,7,8
E01033141,8,7
E01033142,14,8
E01033143,17,9
E01033144,12,8
E01033145,16,8
E01033146,15,8
E01033148,7,8
E01033150,5,7
E01033151,11,7
E01033153,6,6
E01033154,45,11
E01033156,12,8
E01033158,20,15
E01033159,82,16
E01033160,12,8
E01033161,7,7
E01033163,15,8
E01033164,6,6
E01033166,8,7
E01033167,5,7
E01033168,18,10
E01033169,22,11
E01033170,19,9
E01033171,12,8
E01033172,13,9
E01033173,6,7
E01033174,7,9
E01033175,9,9
E01033176,12,11
E01033177,15,11
E01033178,19,12
E01033179,18,9
E01033180,16,10
E01033181,11,9
E01033182,11,8
E01033183,16,9
E01033184,13,8
E01033185,14,7
E01033186,10,7
E01033187,10,7
E01033188,12,7
E01033189,15,9
E01033190,19,10
E01033191,16,10
E01033192,17,11
E01033193,16,10
E01033194,22,10
E01033195,6,7
E01033197,14,8
E01033198,4,6
E01033200,17,10
E01033202,12,8
E01033203,14,9
E01033205,9,7
E01033206,6,6
E01033207,9,8
E01033208,10,8
E01033209,8,8
E01033210,11,8
E01033211,4,7
E01033212,6,7
E01033213,24,12
E01033214,22,11
E01033215,7,7
E01033216,10,7
E01033217,6,7
E01033218,13,8
E01033219,16,9
E01033220,9,8
E01033221,16,9
E01033223,10,7
E01033224,5,6
E01033226,3,6
E01033228,10,7
E01033229,20,10
E01033231,5,6
E01033232,15,10
E01033233,16,9
E01033234,16,10
E01033235,8,6
E01033236,6,6
E01033237,16,8
E01033239,15,9
E01033241,7,6
E01033242,10,8
E01033243,17,10
E01033244,10,8
E01033245,7,7
E01033246,5,6
E01033247,5,7
E01033248,5,7
E01033249,7,7
E01033250,17,10
E01033251,17,10
E01033252,15,10
E01033253,5,6
E01033254,4,6
E01033255,9,8
E01033256,8,7
E01033257,17,9
E01033258,4,6
E01033259,12,8
E01033260,10,7
E01033261,8,7
E01033262,10,7
E01033263,9,7
E01033264,7,7
E01033265,5,6
E01033266,3,6
E01033267,2,6
E01033268,8,7
E01033269,7,7
E01033270,8,7
E01033271,7,8
E01033272,5,7
E01033273,11,8
E01033274,11,8
E01033275,10,8
E01033276,9,7
E01033277,9,7
E01033278,11,8
E01033279,10,7
E01033280,10,7
E01033281,7,7
E01033282,8,7
E01033283,8,7
E01033285,9,7
E01033286,8,7
E01033288,9,8
E01033289,31,19
E01033291,11,8
E01033292,10,7
E01033294,15,9
E01033296,18,9
E01033297,20,10
E01033299,9,7
E01033300,3,6
E01033302,6,7
E01033303,12,8
E01033305,7,7
E01033306,5,7
E01033308,17,9
E01033310,14,8
E01033311,12,8
E01033313,19,9
E01033314,17,10
E01033316,19,9
E01033317,16,9
E01033319,18,10
E01033320,6,7
E01033322,3,6
E01033324,6,7
E01033325,7,7
E01033327,6,7
E01033328,5,6
E01033329,4,7
E01033330,6,7
E01033331,18,11
E01033333,19,11
E01033334,9,7
E01033336,12,8
E01033338,23,10
E01033339,19,9
E01033341,4,6
E01033342,4,6
E01033344,14,9
E01033345,12,9
E01033347,6,7
E01033348,4,6
E01033350,11,10
E01033352,10,8
E01033353,9,8
E01033355,11,8
E01033356,5,7
E01033358,8,8
E01033359,4,8
E01033361,6,7
E01033362,11,8
E01033364,12,8
E01033366,8,7
E01033367,4,6
E01033369,5,7
E01033370,9,8
E01033372,13,9
E01033373,11,8
E01033375,21,11
E01033376,17,12
E01033378,25,12
E01033380,10,8
E01033381,4,6
E01033383,4,7
E01033384,10,7
E01033386,10,8
E01033387,16,8
E01033388,15,8
E01033389,20,9
E01033390,23,10
E01033391,20,10
E01033392,11,8
E01033393,17,9
E01033394,17,10
E01033395,11,8
E01033396,9,7
E01033397,9,7
E01033398,9,7
E01033399,7,7
E01033400,7,7
E01033401,6,7
E01033402,8,8
E01033403,9,7
E01033404,5,6
E01033405,6,7
E01033406,7,7
E01033407,8,7
E01033408,11,8
E01033409,2,6
E01033410,8,8
E01033411,6,7
E01033412,15,8
E01033413,18,9
E01033414,8,7
E01033415,7,8
E01033417,3,7
E01033418,11,9
E01033420,6,7
E01033421,6,7
E01033422,3,6
E01033423,4,6
E01033424,8,7
E01033425,14,9
E01033426,13,9
E01033427,23,9
E01033428,12,8
E01033429,17,8
E01033430,15,9
E01033431,18,12
E01033432,26,11
E01033433,10,9
E01033434,3,6
E01033435,18,10
E01033436,14,9
E01033437,5,7
E01033438,10,7
E01033439,14,8
E01033440,4,6
E01033441,11,8
E01033442,18,9
E01033443,27,15
E01033444,15,8
E01033445,36,18
E01033446,33,16
E01033447,17,11
E01033448,38,10
E01033449,34,17
E01033450,15,8
E01033451,16,9
E01033452,17,10
E01033453,20,9
E01033454,12,8
E01033455,3,6
E01033456,4,6
E01033457,7,7
E01033458,3,6
E01033459,5,6
E01033460,12,8
E01033461,14,8
E01033462,8,7
E01033463,7,7
E01033464,11,7
E01033465,19,10
E01033466,11,7
E01033467,18,10
E01033468,4,6
E01033469,13,7
E01033470,9,7
E01033471,17,9
E01033472,9,8
E01033473,11,7
E01033474,22,13
E01033475,26,12
E01033476,74,14
E01033477,4,6
E01033478,26,13
E01033479,22,13
E01033480,25,10
E01033481,15,10
E01033482,14,10
E01033483,5,6
E01033484,5,6
E01033485,6,7
E01033486,3,6
E01033487,5,7
E01033488,5,7
E01033489,9,7
E01033490,8,7
E01033491,4,6
E01033492,8,7
E01033493,11,7
E01033494,12,7
E01033495,32,12
E01033496,30,12
E01033497,11,8
E01033498,13,8
E01033499,16,8
E01033500,15,8
E01033501,20,9
E01033503,17,9
E01033505,13,8
E01033506,18,8
E01033508,10,9
E01033509,10,8
E01033511,8,7
E01033512,6,7
E01033514,13,8
E01033515,9,7
E01033517,16,8
E01033519,13,8
E01033520,14,9
E01033522,17,9
E01033523,17,9
E01033525,16,9
E01033526,5,7
E01033527,7,7
E01033528,16,8
E01033529,29,17
E01033530,33,13
E01033531,5,7
E01033532,10,8
E01033533,5,7
E01033534,9,8
E01033535,11,8
E01033536,10,7
E01033537,8,8
E01033538,19,12
E01033539,18,11
E01033540,20,9
E01033541,17,10
E01033542,8,7
E01033543,8,8
E01033545,11,7
E01033547,8,7
E01033548,14,8
E01033550,10,8
E01033551,10,8
E01033553,10,8
E01033554,10,7
E01033556,8,7
E01033557,6,7
E01033559,10,8
E01033561,11,8
E01033562,11,9
E01033564,4,7
E01033565,8,8
E01033567,12,8
E01033568,3,6
E01033569,5,7
E01033570,11,8
E01033571,6,7
E01033572,7,7
E01033573,10,8
E01033574,10,8
E01033575,12,8
E01033576,6,7
E01033577,15,9
E01033578,6,7
E01033579,9,7
E01033580,16,8
E01033581,10,7
E01033582,12,8
E01033583,5,6
E01033584,6,7
E01033585,6,7
E01033586,9,8
E01033587,6,7
E01033588,4,7
E01033589,8,7
E01033590,4,6
E01033591,10,8
E01033592,10,7
E01033593,7,8
E01033594,9,7
E01033595,5,7
E01033596,5,7
E01033597,7,7
E01033598,4,7
E01033599,7,7
E01033600,9,7
E01033601,3,6
E01033602,2,6
E01033603,6,7
E01033604,5,6
E01033605,4,7
E01033606,6,7
E01033607,6,7
E01033608,9,7
E01033609,6,6
E01033610,17,9
E01033611,18,10
E01033612,11,7
E01033613,15,8
E01033614,10,7
E01033615,9,7
E01033616,7,7
E01033617,9,8
E01033618,6,7
E01033619,4,7
E01033620,7,8
E01033621,11,7
E01033622,9,8
E01033623,7,7
E01033624,6,6
E01033625,10,7
E01033626,4,6
E01033627,9,8
E01033628,6,6
E01033629,6,6
E01033630,9,7
E01033631,13,9
E01033632,6,7
E01033633,8,7
E01033634,4,6
E01033635,7,6
E01033636,5,6
E01033637,6,7
E01033638,9,7
E01033639,5,7
E01033640,9,7
E01033641,8,7
E01033642,9,7
E01033643,4,6
E01033644,7,7
E01033645,7,6
E01033646,12,7
E01033647,10,7
E01033648,4,6
E01033649,11,7
E01033650,4,6
E01033651,11,8
E01033652,8,7
E01033653,5,6
E01033654,9,7
E01033655,12,8
E01033656,11,8
E01033657,6,6
E01033658,7,8
E01033659,11,7
E01033660,9,7
E01033661,10,8
E01033662,6,6
E01033663,7,7
E01033664,11,8
E01033665,10,7
E01033666,6,6
E01033667,8,8
E01033668,13,8
E01033669,12,8
E01033670,16,9
E01033671,13,8
E01033672,6,7
E01033673,10,8
E01033674,12,8
E01033675,14,8
E01033676,7,6
E01033677,9,8
E01033678,10,8
E01033679,8,7
E01033680,6,6
E01033681,11,8
E01033682,11,8
E01033683,12,8
E01033684,9,7
E01033685,7,7
E01033686,6,6
E01033687,10,7
E01033688,11,7
E01033689,11,7
E01033690,4,6
E01033691,6,6
E01033692,8,7
E01033693,9,7
E01033694,6,6
E01033695,12,8
E01033696,13,8
E01033697,12,7
E01033698,2,6
E01033699,7,7
E01033700,4,6
E01033701,8,7
E01033702,4,6
E01033703,4,6
E01033704,6,6
E01033705,7,7
E01033706,7,7
E01033707,4,6
E01033708,10,8
E01033709,4,6
E01033710,4,6
E01033711,5,7
E01033712,2,6
E01033713,8,7
E01033714,18,9
E01033715,10,7
E01033716,20,8
E01033717,13,8
E01033718,14,8
E01033719,18,10
E01033720,10,7
E01033721,8,7
E01033722,16,10
E01033723,20,10
E01033724,14,8
E01033725,13,9
E01033726,12,8
E01033727,10,8
E01033728,12,8
E01033729,16,8
E01033730,7,7
E01033731,2,6
E01033732,3,6
E01033733,4,6
E01033734,3,6
E01033735,4,6
E01033736,2,6
E01033737,4,6
E01033738,11,8
E01033739,8,7
E01033740,6,7
E01033741,5,7
E01033742,11,8
E01033743,11,8
E01033744,10,7
E01033745,13,8
E01033746,2,6
E01033747,6,6
E01033748,13,8
E01033749,6,6
E01033750,16,9
E01033751,12,8
E01033752,10,8
E01033753,11,8
E01033754,7,7
E01033755,3,7
E01033756,12,8
E01033757,5,6
E01033758,12,7
E01033759,6,6
E01033760,11,7
E01033761,7,7
E01033762,4,7
E01033763,6,7
E01033764,5,7
E01033765,10,7
E01033766,4,6
E01033767,11,7
E01033768,5,6
