lsoa11,hosp_pt_time,hosp_car_time
E01000001,5,7
E01000002,9,8
E01000003,8,8
E01000005,16,10
E01000006,35,18
E01000007,33,17
E01000008,39,16
E01000009,30,18
E01000010,33,16
E01000011,32,19
E01000012,38,18
E01000013,32,18
E01000014,35,18
E01000015,33,17
E01000016,26,17
E01000017,27,17
E01000018,32,17
E01000019,31,15
E01000020,31,15
E01000021,29,16
E01000022,33,16
E01000023,26,16
E01000024,33,16
E01000025,32,17
E01000027,29,15
E01000028,25,14
E01000029,25,13
E01000030,26,15
E01000031,22,13
E01000032,21,12
E01000033,26,16
E01000034,22,15
E01000035,26,16
E01000036,28,17
E01000037,17,14
E01000038,18,11
E01000039,23,14
E01000040,37,16
E01000041,40,17
E01000042,36,18
E01000043,39,17
E01000044,39,16
E01000045,42,16
E01000046,40,17
E01000048,40,16
E01000049,40,15
E01000050,36,15
E01000051,37,16
E01000052,39,14
E01000053,40,20
E01000054,42,19
E01000055,41,18
E01000056,45,20
E01000057,38,18
E01000058,41,20
E01000059,40,20
E01000060,23,15
E01000061,22,14
E01000062,24,15
E01000063,26,16
E01000064,23,15
E01000065,28,17
E01000066,28,16
E01000067,27,16
E01000068,34,19
E01000069,31,17
E01000070,29,18
E01000071,35,18
E01000072,38,18
E01000073,37,17
E01000074,36,18
E01000075,36,19
E01000076,40,18
E01000077,33,17
E01000078,32,16
E01000079,35,18
E01000080,34,17
E01000081,33,17
E01000082,30,17
E01000083,30,16
E01000084,35,20
E01000085,35,20
E01000086,35,20
E01000087,40,21
E01000088,41,20
E01000089,43,21
E01000090,41,21
E01000091,49,16
E01000092,46,16
E01000093,45,15
E01000094,51,17
E01000095,49,19
E01000096,47,16
E01000097,25,14
E01000098,28,14
E01000099,27,15
E01000100,28,15
E01000101,26,15
E01000102,30,15
E01000103,33,18
E01000104,30,18
E01000105,36,20
E01000106,35,19
E01000107,35,19
E01000108,30,18
E01000109,26,15
E01000110,24,13
E01000111,22,15
E01000112,20,14
E01000113,19,12
E01000114,25,15
E01000115,40,18
E01000116,37,19
E01000117,36,20
E01000118,34,20
E01000119,41,19
E01000120,38,18
E01000121,39,21
E01000122,41,19
E01000123,38,20
E01000124,33,20
E01000125,37,22
E01000126,35,23
E01000127,35,23
E01000128,34,22
E01000129,32,22
E01000130,38,22
E01000131,33,22
E01000132,38,23
E01000133,39,23
E01000134,37,22
E01000135,28,19
E01000136,24,17
E01000137,31,19
E01000138,33,21
E01000139,30,19
E01000140,28,17
E01000141,31,20
E01000142,33,21
E01000143,31,19
E01000144,24,20
E01000145,29,20
E01000146,22,19
E01000147,35,22
E01000148,33,22
E01000150,40,23
E01000151,35,24
E01000152,39,24
E01000153,39,24
E01000154,31,24
E01000155,28,23
E01000156,30,17
E01000157,32,18
E01000158,37,21
E01000159,33,22
E01000160,34,21
E01000161,34,20
E01000162,33,21
E01000163,36,19
E01000164,32,18
E01000165,36,20
E01000166,35,17
E01000167,31,19
E01000168,33,17
E01000169,27,18
E01000170,25,19
E01000171,23,18
E01000172,30,17
E01000173,29,18
E01000174,27,19
E01000175,33,20
E01000176,29,18
E01000177,27,17
E01000178,27,17
E01000179,29,18
E01000180,24,17
E01000181,23,17
E01000182,21,16
E01000183,27,17
E01000184,31,19
E01000185,28,18
E01000186,31,21
E01000187,34,22
E01000188,37,22
E01000189,41,21
E01000190,38,21
E01000191,31,21
E01000192,33,22
E01000193,35,22
E01000194,36,22
E01000195,37,22
E01000196,27,21
E01000197,28,20
E01000198,38,23
E01000199,35,23
E01000200,31,21
E01000201,35,21
E01000202,33,21
E01000203,32,20
E01000204,27,23
E01000205,34,18
E01000206,26,16
E01000207,31,17
E01000208,25,15
E01000209,30,19
E01000210,30,17
E01000211,32,19
E01000212,26,19
E01000213,34,17
E01000214,24,18
E01000215,29,22
E01000216,30,20
E01000217,34,20
E01000218,28,21
E01000219,23,22
E01000220,27,21
E01000221,30,23
E01000222,31,22
E01000223,33,23
E01000224,32,22
E01000225,36,20
E01000226,39,22
E01000227,35,21
E01000228,26,21
E01000229,30,21
E01000230,32,21
E01000231,24,18
E01000232,27,19
E01000233,34,21
E01000234,34,21
E01000235,38,23
E01000236,34,23
E01000237,29,24
E01000238,36,23
E01000239,36,25
E01000240,42,25
E01000241,40,26
E01000242,38,24
E01000243,35,24
E01000244,36,25
E01000245,33,24
E01000246,24,14
E01000247,25,15
E01000248,12,9
E01000249,14,9
E01000250,16,11
E01000251,21,16
E01000252,21,15
E01000253,16,10
E01000254,19,10
E01000255,39,24
E01000256,40,23
E01000257,27,25
E01000258,37,21
E01000259,33,25
E01000260,41,24
E01000261,39,21
E01000262,34,26
E01000263,33,20
E01000264,30,20
E01000265,35,22
E01000266,30,22
E01000267,28,18
E01000268,19,16
E01000269,19,16
E01000270,24,17
E01000271,22,17
E01000272,30,20
E01000273,26,20
E01000274,34,22
E01000275,30,22
E01000276,37,23
E01000277,27,24
E01000278,34,24
E01000279,36,18
E01000280,33,20
E01000281,27,22
E01000282,27,20
E01000283,37,21
E01000284,27,22
E01000285,12,10
E01000286,10,9
E01000287,13,9
E01000288,21,15
E01000289,23,14
E01000290,17,12
E01000291,22,12
E01000292,16,11
E01000293,18,12
E01000294,9,9
E01000295,27,20
E01000296,25,22
E01000297,31,19
E01000298,29,21
E01000299,31,23
E01000300,31,23
E01000301,28,23
E01000302,30,22
E01000303,28,23
E01000304,27,23
E01000305,40,23
E01000306,35,22
E01000307,37,24
E01000308,38,24
E01000309,32,24
E01000310,29,23
E01000311,32,24
E01000312,38,22
E01000313,34,23
E01000314,28,23
E01000315,38,22
E01000316,32,21
E01000317,33,22
E01000318,36,22
E01000319,33,20
E01000320,31,23
E01000321,28,23
E01000322,35,23
E01000323,32,23
E01000324,36,22
E01000325,42,21
E01000326,47,20
E01000327,42,21
E01000328,42,20
E01000329,42,18
E01000330,39,20
E01000331,39,18
E01000332,41,23
E01000333,45,22
E01000334,43,21
E01000335,35,21
E01000336,39,22
E01000337,43,22
E01000338,39,22
E01000339,41,19
E01000340,40,18
E01000341,42,19
E01000342,44,19
E01000343,40,19
E01000344,38,18
E01000345,42,19
E01000346,43,19
E01000347,40,19
E01000348,49,19
E01000349,48,18
E01000350,41,20
E01000351,48,19
E01000352,44,19
E01000353,45,22
E01000354,41,21
E01000355,47,22
E01000356,39,20
E01000357,40,20
E01000358,41,21
E01000359,43,20
E01000360,34,19
E01000361,38,19
E01000362,39,18
E01000363,39,18
E01000364,46,18
E01000365,40,20
E01000366,35,20
E01000367,48,22
E01000368,50,22
E01000369,50,22
E01000370,43,22
E01000371,48,21
E01000372,48,24
E01000373,47,23
E01000374,41,18
E01000375,32,18
E01000376,37,19
E01000377,38,19
E01000378,36,18
E01000379,36,17
E01000380,46,21
E01000381,48,23
E01000382,46,23
E01000383,53,21
E01000384,40,23
E01000385,46,20
E01000386,36,20
E01000387,42,22
E01000388,30,17
E01000389,32,19
E01000390,43,18
E01000391,39,18
E01000392,27,18
E01000393,29,19
E01000394,33,20
E01000395,21,13
E01000396,26,14
E01000398,30,15
E01000399,23,14
E01000400,27,15
E01000401,31,16
E01000402,44,23
E01000403,39,24
E01000404,42,23
E01000405,46,23
E01000406,48,23
E01000407,43,24
E01000408,43,22
E01000409,33,16
E01000410,34,16
E01000411,37,16
E01000412,33,15
E01000413,40,18
E01000414,25,16
E01000415,28,15
E01000416,33,20
E01000417,37,20
E01000418,35,20
E01000419,43,20
E01000420,43,21
E01000421,45,20
E01000422,35,20
E01000423,39,19
E01000424,38,22
E01000425,43,21
E01000426,43,20
E01000427,48,21
E01000428,46,22
E01000429,46,25
E01000430,48,23
E01000431,46,24
E01000432,41,22
E01000433,45,20
E01000434,41,22
E01000435,46,21
E01000436,45,22
E01000437,49,23
E01000438,50,24
E01000439,47,24
E01000440,46,23
E01000441,50,24
E01000442,46,22
E01000443,43,20
E01000444,52,17
E01000445,45,20
E01000446,46,19
E01000447,40,19
E01000448,44,20
E01000449,44,19
E01000450,43,19
E01000451,42,18
E01000452,43,19
E01000453,40,18
E01000454,38,17
E01000455,33,17
E01000456,37,19
E01000457,39,23
E01000458,40,23
E01000459,42,23
E01000460,42,20
E01000461,42,21
E01000462,36,21
E01000463,43,19
E01000464,38,22
E01000465,42,22
E01000466,39,21
E01000467,46,21
E01000468,49,22
E01000469,44,21
E01000470,38,20
E01000471,27,15
E01000472,30,14
E01000473,31,14
E01000474,32,15
E01000475,30,16
E01000476,30,13
E01000477,25,13
E01000478,31,14
E01000479,33,19
E01000480,30,16
E01000481,29,18
E01000482,27,18
E01000483,32,19
E01000484,34,15
E01000485,31,14
E01000486,32,15
E01000487,28,14
E01000488,32,15
E01000489,33,16
E01000490,22,17
E01000491,24,17
E01000492,31,15
E01000493,28,14
E01000494,29,17
E01000495,25,17
E01000497,38,20
E01000498,42,18
E01000499,41,18
E01000501,41,19
E01000502,41,18
E01000503,41,20
E01000504,31,19
E01000505,32,18
E01000506,32,17
E01000507,29,19
E01000508,33,15
E01000509,38,16
E01000510,36,17
E01000511,33,18
E01000512,30,18
E01000513,38,22
E01000514,37,21
E01000515,33,20
E01000516,39,22
E01000517,34,18
E01000518,37,21
E01000519,40,21
E01000520,37,20
E01000521,22,12
E01000522,27,14
E01000523,23,13
E01000524,17,11
E01000525,16,10
E01000526,30,14
E01000527,27,14
E01000528,28,14
E01000530,26,14
E01000531,23,13
E01000532,20,13
E01000533,23,13
E01000534,28,13
E01000535,25,12
E01000536,18,10
E01000538,27,13
E01000539,30,13
E01000540,22,11
E01000541,19,12
E01000543,30,15
E01000544,20,13
E01000545,22,17
E01000546,24,17
E01000547,23,17
E01000548,19,16
E01000549,21,16
E01000550,14,15
E01000551,18,15
E01000552,18,14
E01000553,35,21
E01000554,38,21
E01000555,36,20
E01000556,31,20
E01000557,32,20
E01000558,29,18
E01000559,28,19
E01000560,28,18
E01000561,24,17
E01000562,20,9
E01000563,17,9
E01000564,20,11
E01000565,16,10
E01000566,22,10
E01000567,22,11
E01000568,18,10
E01000569,20,10
E01000570,24,13
E01000571,25,13
E01000572,25,12
E01000573,24,13
E01000574,23,13
E01000575,25,14
E01000576,26,15
E01000577,23,13
E01000578,26,15
E01000579,20,14
E01000580,20,17
E01000581,25,15
E01000582,23,15
E01000583,17,16
E01000584,24,15
E01000585,22,14
E01000586,23,14
E01000587,41,19
E01000588,38,20
E01000589,37,17
E01000590,39,19
E01000591,32,17
E01000592,37,21
E01000593,39,20
E01000594,34,18
E01000595,23,14
E01000596,26,13
E01000599,19,11
E01000600,17,10
E01000601,29,14
E01000602,30,15
E01000603,27,13
E01000604,30,17
E01000605,26,12
E01000606,26,13
E01000607,22,13
E01000608,19,12
E01000609,23,12
E01000610,25,14
E01000611,22,14
E01000612,21,15
E01000613,21,12
E01000615,30,15
E01000616,27,15
E01000617,33,14
E01000618,30,13
E01000619,31,14
E01000620,30,13
E01000621,23,13
E01000622,36,20
E01000623,38,20
E01000624,42,21
E01000625,35,20
E01000626,35,19
E01000627,35,19
E01000628,33,18
E01000629,40,21
E01000630,25,16
E01000631,28,16
E01000632,31,15
E01000633,26,15
E01000634,26,16
E01000635,25,15
E01000636,29,15
E01000637,34,17
E01000638,32,17
E01000639,30,17
E01000640,32,16
E01000641,31,17
E01000642,28,17
E01000643,28,15
E01000644,33,16
E01000645,37,18
E01000646,36,18
E01000647,32,17
E01000648,27,16
E01000649,35,16
E01000650,29,14
E01000651,25,14
E01000652,26,13
E01000653,42,19
E01000654,38,21
E01000655,37,22
E01000656,30,19
E01000657,29,19
E01000658,31,19
E01000659,34,21
E01000661,18,11
E01000662,25,12
E01000663,21,15
E01000664,19,13
E01000665,15,10
E01000666,22,11
E01000667,15,9
E01000668,20,14
E01000669,19,13
E01000670,26,18
E01000671,23,16
E01000672,31,18
E01000673,35,19
E01000674,33,19
E01000675,29,19
E01000676,30,19
E01000677,33,21
E01000678,26,17
E01000679,25,15
E01000680,25,12
E01000681,14,9
E01000682,14,8
E01000683,8,8
E01000684,14,8
E01000685,22,10
E01000686,15,9
E01000687,17,10
E01000688,23,11
E01000689,44,22
E01000690,42,22
E01000691,39,21
E01000692,40,22
E01000693,39,21
E01000694,36,21
E01000695,42,21
E01000696,39,20
E01000697,37,18
E01000698,34,17
E01000699,36,16
E01000700,29,19
E01000701,34,17
E01000702,29,18
E01000703,27,20
E01000704,35,16
E01000705,36,15
E01000706,31,18
E01000707,32,21
E01000708,33,20
E01000709,28,20
E01000710,26,17
E01000711,23,18
E01000712,33,20
E01000713,38,20
E01000714,31,21
E01000715,38,21
E01000716,42,22
E01000717,38,22
E01000718,27,17
E01000719,29,15
E01000720,37,17
E01000721,29,15
E01000722,24,14
E01000723,31,14
E01000724,29,15
E01000725,22,13
E01000726,24,14
E01000727,20,12
E01000728,36,16
E01000729,30,18
E01000730,25,16
E01000731,31,16
E01000732,32,15
E01000733,29,15
E01000734,29,15
E01000735,36,19
E01000736,29,19
E01000737,30,18
E01000738,32,17
E01000739,25,17
E01000740,37,17
E01000741,38,17
E01000742,38,18
E01000743,35,16
E01000744,37,15
E01000745,40,18
E01000746,39,17
E01000747,25,15
E01000748,38,20
E01000749,21,12
E01000750,14,8
E01000751,9,7
E01000752,16,8
E01000753,15,8
E01000754,19,10
E01000755,18,9
E01000756,10,7
E01000757,19,9
E01000758,19,10
E01000759,31,15
E01000760,32,16
E01000761,35,16
E01000762,34,19
E01000763,31,16
E01000764,36,17
E01000765,23,14
E01000766,30,16
E01000767,26,15
E01000768,27,16
E01000769,36,22
E01000770,35,22
E01000771,34,21
E01000772,39,22
E01000773,35,22
E01000774,34,21
E01000775,38,23
E01000777,36,22
E01000778,40,21
E01000779,33,18
E01000780,32,19
E01000781,34,20
E01000782,41,20
E01000783,39,20
E01000784,39,21
E01000785,42,21
E01000786,26,12
E01000787,24,13
E01000788,18,11
E01000789,28,13
E01000790,15,9
E01000791,23,12
E01000792,28,12
E01000793,19,10
E01000794,15,9
E01000795,18,10
E01000796,38,17
E01000797,27,19
E01000798,38,17
E01000799,34,18
E01000800,37,17
E01000801,37,17
E01000802,35,18
E01000803,31,17
E01000804,30,16
E01000805,33,17
E01000806,37,18
E01000807,29,14
E01000808,24,12
E01000809,22,14
E01000810,27,13
E01000811,20,13
E01000812,20,12
E01000813,17,11
E01000814,21,11
E01000815,30,14
E01000816,33,17
E01000818,38,18
E01000819,36,17
E01000820,37,19
E01000822,31,18
E01000823,34,19
E01000824,32,19
E01000825,35,19
E01000826,40,20
E01000827,35,19
E01000828,37,21
E01000829,29,19
E01000830,41,21
E01000831,36,20
E01000832,38,19
E01000833,41,19
E01000834,36,17
E01000835,38,19
E01000836,40,18
E01000837,41,20
E01000838,34,16
E01000839,45,19
E01000840,36,17
E01000841,39,18
E01000842,14,10
E01000843,13,9
E01000844,18,11
E01000845,17,10
E01000846,19,11
E01000847,21,11
E01000848,11,10
E01000849,10,9
E01000850,9,9
E01000851,7,10
E01000852,11,9
E01000853,14,10
E01000854,4,8
E01000855,14,10
E01000856,17,12
E01000857,21,12
E01000858,18,12
E01000859,21,13
E01000860,22,13
E01000861,15,12
E01000862,18,13
E01000863,13,12
E01000864,24,15
E01000865,20,14
E01000866,21,13
E01000867,17,13
E01000868,23,16
E01000869,22,14
E01000870,21,13
E01000871,30,18
E01000872,28,18
E01000873,28,17
E01000874,24,16
E01000875,26,17
E01000876,23,17
E01000877,27,16
E01000878,26,16
E01000879,15,13
E01000880,19,15
E01000881,15,13
E01000882,13,11
E01000883,17,11
E01000884,28,17
E01000885,20,15
E01000886,13,9
E01000887,7,9
E01000888,10,8
E01000889,17,10
E01000890,12,9
E01000891,16,9
E01000892,9,8
E01000893,11,11
E01000894,14,12
E01000895,14,13
E01000896,11,11
E01000897,9,11
E01000898,7,9
E01000899,18,13
E01000900,17,9
E01000901,19,10
E01000902,16,9
E01000903,13,9
E01000904,18,11
E01000905,18,10
E01000906,16,10
E01000907,6,8
E01000908,11,9
E01000909,14,9
E01000910,16,9
E01000911,15,9
E01000912,17,10
E01000913,17,10
E01000914,15,11
E01000915,17,11
E01000916,14,9
E01000917,16,10
E01000918,15,12
E01000919,13,13
E01000920,20,11
E01000921,16,11
E01000922,18,11
E01000923,19,12
E01000924,21,12
E01000925,19,13
E01000926,22,13
E01000927,18,12
E01000928,18,11
E01000929,19,15
E01000930,16,15
E01000931,21,16
E01000932,22,15
E01000933,19,16
E01000934,23,14
E01000935,21,14
E01000936,20,11
E01000937,16,10
E01000938,15,12
E01000939,13,12
E01000940,17,11
E01000941,14,11
E01000942,12,9
E01000943,12,10
E01000944,10,9
E01000945,6,8
E01000946,12,9
E01000947,13,10
E01000948,15,11
E01000949,14,9
E01000950,10,9
E01000951,10,9
E01000952,15,10
E01000953,17,11
E01000954,14,9
E01000955,13,9
E01000956,12,9
E01000957,19,13
E01000958,18,12
E01000959,15,11
E01000960,21,14
E01000961,22,13
E01000962,24,14
E01000963,23,13
E01000964,22,14
E01000965,22,15
E01000966,25,15
E01000967,24,13
E01000968,20,15
E01000969,21,15
E01000970,22,16
E01000971,24,16
E01000972,17,14
E01000973,19,15
E01000974,21,16
E01000975,26,13
E01000976,25,12
E01000977,28,15
E01000978,28,15
E01000979,27,13
E01000980,34,13
E01000981,35,14
E01000982,32,13
E01000983,29,15
E01000984,27,13
E01000985,37,17
E01000986,31,16
E01000987,32,16
E01000989,41,19
E01000990,35,16
E01000991,44,20
E01000992,34,17
E01000993,31,15
E01000994,25,10
E01000995,21,10
E01000996,20,9
E01000997,17,9
E01000998,19,9
E01000999,17,9
E01001000,16,9
E01001001,17,9
E01001002,11,8
E01001003,12,8
E01001004,8,8
E01001005,12,9
E01001006,28,13
E01001007,23,11
E01001008,17,10
E01001009,11,9
E01001010,18,11
E01001011,13,9
E01001012,14,10
E01001013,17,10
E01001014,23,11
E01001015,43,28
E01001016,48,27
E01001017,45,29
E01001018,54,30
E01001019,47,29
E01001020,51,29
E01001021,54,30
E01001022,62,31
E01001023,44,26
E01001024,43,26
E01001025,52,25
E01001026,53,25
E01001027,49,26
E01001028,47,23
E01001029,48,23
E01001030,50,24
E01001031,46,25
E01001032,43,20
E01001033,38,18
E01001034,37,18
E01001035,31,16
E01001036,34,17
E01001037,30,15
E01001038,34,16
E01001039,38,18
E01001040,33,16
E01001041,36,17
E01001042,26,12
E01001043,27,13
E01001044,29,15
E01001045,26,13
E01001046,29,14
E01001047,30,14
E01001048,20,11
E01001049,34,16
E01001050,26,14
E01001051,43,23
E01001052,45,24
E01001053,46,23
E01001054,40,22
E01001055,45,23
E01001056,44,23
E01001057,44,23
E01001058,39,24
E01001059,43,24
E01001060,38,25
E01001061,44,24
E01001062,41,18
E01001063,42,19
E01001064,41,22
E01001065,39,24
E01001066,45,25
E01001067,55,26
E01001068,50,26
E01001069,53,26
E01001070,59,27
E01001071,54,27
E01001072,63,28
E01001073,46,23
E01001074,49,25
E01001075,50,24
E01001076,41,21
E01001077,45,22
E01001078,42,22
E01001079,39,20
E01001080,43,22
E01001081,42,20
E01001082,47,22
E01001083,30,14
E01001084,37,16
E01001085,26,14
E01001086,25,11
E01001087,25,12
E01001088,33,14
E01001089,27,13
E01001090,24,12
E01001091,26,12
E01001092,43,20
E01001093,41,19
E01001094,42,21
E01001095,38,20
E01001096,44,21
E01001097,41,22
E01001098,46,22
E01001099,47,23
E01001100,38,19
E01001101,50,22
E01001102,45,21
E01001103,48,23
E01001104,44,23
E01001105,49,25
E01001106,51,25
E01001107,44,20
E01001108,46,21
E01001109,23,10
E01001110,17,10
E01001111,25,11
E01001112,27,11
E01001113,23,10
E01001114,19,9
E01001115,10,8
E01001116,17,9
E01001117,8,8
E01001118,17,9
E01001119,46,25
E01001120,44,22
E01001121,47,24
E01001122,38,19
E01001123,44,21
E01001124,46,21
E01001125,41,21
E01001126,44,24
E01001127,50,21
E01001128,49,22
E01001129,48,20
E01001130,51,23
E01001131,44,21
E01001132,45,20
E01001133,43,21
E01001134,44,19
E01001135,44,21
E01001136,27,12
E01001137,36,16
E01001138,42,16
E01001139,30,13
E01001140,36,15
E01001141,36,14
E01001142,32,13
E01001143,34,14
E01001144,30,12
E01001145,30,13
E01001146,26,12
E01001147,23,12
E01001148,25,13
E01001149,30,13
E01001150,31,13
E01001151,24,11
E01001152,21,11
E01001153,24,11
E01001154,24,11
E01001155,19,10
E01001156,30,15
E01001157,30,14
E01001158,30,14
E01001159,34,14
E01001160,27,13
E01001161,29,12
E01001162,33,16
E01001163,39,16
E01001164,36,16
E01001165,28,12
E01001166,28,12
E01001167,32,15
E01001168,30,13
E01001169,37,15
E01001170,31,14
E01001171,34,14
E01001172,35,15
E01001173,37,16
E01001174,16,10
E01001175,8,7
E01001176,14,9
E01001177,23,11
E01001178,6,8
E01001179,14,9
E01001180,15,10
E01001181,8,8
E01001182,21,11
E01001183,15,9
E01001184,21,10
E01001185,38,14
E01001186,37,14
E01001187,39,14
E01001188,32,13
E01001189,38,15
E01001190,37,15
E01001191,30,14
E01001192,34,15
E01001193,38,14
E01001194,38,15
E01001195,26,13
E01001196,22,13
E01001197,29,14
E01001198,25,14
E01001199,27,14
E01001200,25,13
E01001201,28,14
E01001202,28,14
E01001203,26,14
E01001204,31,14
E01001205,28,13
E01001206,31,13
E01001207,25,14
E01001208,37,15
E01001209,37,14
E01001210,35,16
E01001211,35,14
E01001212,35,15
E01001213,25,14
E01001214,24,12
E01001215,21,13
E01001216,19,12
E01001217,28,13
E01001218,20,11
E01001219,25,12
E01001220,21,11
E01001221,23,16
E01001222,21,13
E01001223,26,15
E01001224,30,14
E01001225,23,16
E01001226,28,15
E01001227,28,14
E01001228,26,14
E01001229,33,16
E01001230,33,16
E01001231,31,18
E01001232,35,17
E01001233,28,15
E01001234,30,17
E01001235,26,17
E01001236,27,17
E01001237,31,17
E01001238,20,11
E01001239,21,11
E01001240,16,9
E01001241,19,10
E01001242,20,12
E01001243,18,12
E01001244,21,12
E01001245,20,12
E01001246,16,10
E01001247,19,12
E01001248,17,12
E01001249,19,12
E01001250,17,11
E01001251,11,9
E01001252,12,10
E01001253,15,10
E01001254,10,9
E01001255,18,12
E01001257,34,19
E01001258,30,16
E01001259,28,15
E01001260,29,15
E01001261,23,13
E01001262,34,17
E01001263,35,18
E01001264,35,16
E01001265,42,20
E01001266,36,18
E01001267,33,17
E01001268,34,16
E01001269,34,16
E01001270,43,17
E01001271,40,17
E01001272,35,19
E01001273,31,15
E01001274,29,15
E01001275,26,16
E01001276,20,10
E01001277,28,12
E01001278,26,12
E01001279,35,13
E01001280,31,13
E01001281,34,14
E01001282,32,13
E01001283,28,13
E01001284,28,13
E01001285,26,12
E01001286,26,12
E01001287,27,13
E01001288,20,11
E01001289,20,11
E01001290,15,10
E01001291,32,15
E01001292,30,14
E01001293,35,14
E01001294,34,14
E01001295,35,14
E01001296,31,13
E01001297,31,14
E01001298,28,13
E01001299,19,13
E01001300,27,14
E01001301,30,14
E01001302,24,13
E01001303,26,15
E01001304,26,13
E01001305,19,12
E01001306,23,14
E01001307,33,14
E01001308,27,15
E01001309,38,15
E01001310,33,16
E01001311,36,16
E01001312,27,14
E01001313,28,13
E01001314,31,14
E01001315,38,17
E01001316,37,18
E01001317,42,20
E01001318,37,19
E01001319,38,18
E01001320,48,21
E01001321,44,21
E01001322,36,20
E01001323,38,20
E01001324,43,22
E01001325,42,17
E01001326,44,21
E01001327,43,20
E01001328,40,20
E01001329,42,18
E01001330,38,20
E01001331,43,19
E01001332,37,19
E01001333,30,15
E01001334,31,15
E01001335,33,12
E01001336,38,13
E01001337,12,9
E01001338,22,13
E01001339,26,15
E01001340,12,8
E01001341,39,16
E01001342,39,17
E01001343,39,17
E01001344,32,16
E01001345,37,15
E01001346,39,17
E01001347,35,14
E01001348,37,17
E01001349,38,17
E01001350,33,15
E01001351,27,15
E01001352,28,16
E01001353,28,16
E01001354,29,16
E01001355,28,15
E01001356,29,15
E01001357,30,16
E01001358,26,17
E01001359,24,16
E01001360,24,15
E01001361,22,13
E01001362,28,15
E01001363,24,16
E01001364,28,15
E01001365,26,16
E01001366,38,16
E01001367,32,15
E01001368,35,16
E01001369,33,14
E01001370,37,17
E01001371,35,15
E01001372,35,15
E01001373,33,16
E01001374,32,16
E01001375,27,16
E01001376,29,15
E01001377,26,17
E01001379,31,17
E01001380,30,17
E01001381,22,14
E01001382,28,14
E01001383,21,12
E01001384,24,13
E01001385,26,14
E01001386,31,15
E01001387,24,14
E01001388,21,13
E01001389,18,12
E01001390,30,15
E01001391,29,14
E01001392,34,16
E01001393,30,14
E01001394,29,14
E01001395,27,13
E01001396,30,14
E01001397,27,13
E01001398,28,15
E01001399,33,14
E01001400,32,15
E01001401,26,15
E01001402,35,15
E01001403,32,14
E01001404,32,14
E01001405,28,14
E01001406,25,16
E01001407,32,14
E01001408,20,10
E01001409,34,15
E01001410,37,15
E01001411,19,11
E01001412,35,15
E01001413,25,11
E01001414,18,10
E01001415,31,16
E01001416,34,14
E01001417,38,14
E01001418,33,15
E01001419,34,15
E01001420,36,16
E01001421,40,17
E01001422,40,13
E01001423,26,10
E01001424,23,10
E01001425,17,9
E01001426,25,11
E01001427,21,11
E01001428,22,10
E01001429,21,11
E01001430,20,10
E01001431,23,10
E01001432,17,9
E01001433,43,20
E01001434,44,19
E01001435,43,19
E01001436,43,19
E01001437,39,18
E01001438,38,19
E01001439,40,18
E01001440,36,18
E01001441,40,20
E01001442,35,21
E01001444,45,24
E01001445,44,23
E01001446,39,23
E01001447,40,23
E01001448,40,22
E01001449,41,23
E01001450,24,14
E01001451,28,14
E01001452,36,15
E01001453,33,16
E01001454,29,15
E01001455,32,15
E01001456,34,15
E01001457,21,11
E01001458,13,10
E01001459,31,11
E01001460,25,10
E01001461,29,11
E01001462,29,11
E01001463,24,11
E01001464,22,10
E01001465,22,11
E01001466,15,9
E01001467,16,10
E01001468,9,8
E01001469,14,9
E01001470,25,11
E01001471,13,8
E01001472,20,10
E01001473,31,13
E01001474,18,10
E01001475,32,13
E01001476,29,14
E01001477,33,14
E01001478,33,13
E01001479,25,13
E01001480,32,13
E01001481,33,14
E01001482,28,13
E01001483,33,14
E01001484,33,14
E01001485,25,12
E01001486,31,12
E01001487,26,12
E01001488,27,12
E01001489,29,13
E01001491,25,12
E01001492,29,12
E01001493,31,15
E01001494,28,14
E01001495,26,13
E01001496,28,13
E01001497,27,14
E01001498,29,13
E01001499,22,13
E01001500,28,12
E01001501,29,14
E01001502,34,15
E01001503,31,14
E01001504,34,17
E01001505,30,16
E01001506,37,17
E01001507,32,15
E01001508,29,15
E01001509,37,16
E01001510,37,16
E01001511,31,15
E01001512,28,13
E01001513,36,16
E01001514,29,15
E01001515,30,15
E01001516,37,18
E01001517,38,18
E01001518,26,13
E01001519,39,18
E01001520,40,17
E01001521,39,17
E01001522,32,14
E01001523,36,15
E01001524,37,16
E01001525,40,16
E01001526,43,17
E01001527,32,15
E01001528,32,20
E01001529,32,19
E01001530,33,17
E01001531,36,16
E01001532,35,16
E01001533,38,17
E01001534,36,19
E01001535,34,16
E01001536,21,11
E01001537,30,13
E01001538,29,13
E01001539,24,12
E01001540,18,9
E01001541,20,10
E01001542,20,11
E01001543,27,13
E01001544,24,12
E01001545,36,22
E01001546,41,23
E01001547,32,21
E01001548,29,20
E01001549,38,19
E01001550,42,19
E01001551,41,21
E01001552,46,22
E01001553,15,9
E01001554,11,10
E01001555,13,9
E01001556,20,12
E01001557,18,11
E01001558,12,9
E01001559,21,11
E01001560,15,10
E01001562,11,8
E01001563,27,15
E01001564,32,16
E01001565,28,15
E01001566,31,14
E01001567,35,16
E01001568,33,16
E01001569,30,16
E01001570,35,15
E01001571,34,18
E01001572,34,19
E01001573,32,17
E01001574,36,19
E01001575,37,19
E01001576,33,19
E01001577,33,19
E01001578,32,19
E01001579,32,18
E01001580,24,12
E01001581,23,12
E01001582,22,13
E01001583,19,13
E01001584,25,14
E01001585,30,13
E01001586,27,13
E01001587,28,14
E01001588,18,9
E01001589,24,10
E01001590,23,10
E01001591,22,10
E01001592,26,11
E01001593,21,11
E01001594,21,10
E01001595,17,10
E01001596,42,20
E01001597,30,18
E01001598,32,19
E01001599,39,21
E01001600,35,18
E01001601,38,20
E01001602,36,19
E01001603,38,21
E01001604,21,13
E01001605,29,12
E01001606,27,12
E01001607,22,12
E01001608,30,15
E01001609,25,14
E01001610,19,11
E01001611,19,11
E01001613,30,15
E01001614,36,16
E01001615,25,16
E01001617,33,16
E01001618,37,18
E01001619,32,18
E01001620,27,15
E01001621,22,14
E01001623,28,11
E01001624,21,12
E01001625,25,12
E01001629,21,13
E01001631,23,13
E01001632,24,13
E01001633,22,12
E01001634,24,13
E01001635,29,14
E01001636,26,13
E01001637,24,13
E01001638,21,14
E01001640,26,17
E01001641,24,16
E01001642,26,15
E01001644,23,14
E01001645,17,10
E01001646,11,7
E01001647,18,11
E01001648,16,9
E01001649,24,12
E01001650,16,9
E01001651,14,8
E01001652,15,10
E01001653,36,16
E01001654,40,16
E01001655,33,16
E01001656,30,15
E01001657,28,13
E01001658,32,14
E01001659,31,15
E01001660,37,16
E01001661,32,16
E01001662,31,15
E01001664,28,15
E01001665,32,14
E01001666,25,11
E01001667,32,14
E01001668,30,15
E01001669,34,16
E01001671,33,15
E01001672,25,15
E01001673,24,14
E01001674,28,16
E01001675,25,14
E01001676,29,17
E01001677,27,16
E01001678,33,15
E01001679,18,11
E01001680,19,12
E01001681,24,11
E01001682,17,11
E01001683,29,13
E01001684,32,15
E01001685,32,15
E01001686,18,11
E01001687,29,17
E01001688,43,20
E01001690,43,20
E01001692,41,20
E01001693,41,20
E01001694,41,20
E01001695,20,11
E01001696,17,11
E01001697,17,10
E01001698,16,10
E01001699,15,10
E01001700,19,10
E01001701,16,10
E01001702,15,10
E01001703,20,10
E01001704,23,12
E01001705,17,10
E01001706,22,10
E01001708,18,9
E01001709,25,11
E01001710,17,9
E01001711,26,11
E01001712,20,10
E01001713,23,10
E01001714,26,15
E01001715,26,14
E01001716,24,14
E01001717,32,16
E01001718,23,14
E01001719,29,15
E01001720,27,15
E01001722,24,12
E01001723,27,12
E01001724,27,12
E01001725,30,14
E01001726,31,14
E01001727,27,13
E01001728,25,12
E01001729,8,7
E01001730,8,7
E01001731,13,8
E01001732,12,8
E01001733,8,7
E01001734,10,8
E01001735,7,7
E01001736,32,13
E01001737,32,14
E01001738,29,13
E01001739,31,13
E01001740,30,13
E01001741,32,13
E01001742,33,14
E01001744,20,10
E01001745,21,11
E01001746,18,10
E01001747,24,11
E01001748,22,10
E01001749,21,9
E01001750,20,12
E01001751,25,12
E01001752,26,13
E01001753,23,13
E01001754,20,12
E01001755,21,12
E01001756,22,12
E01001757,16,9
E01001758,17,9
E01001759,19,10
E01001760,13,9
E01001761,19,10
E01001762,17,9
E01001763,18,9
E01001764,20,10
E01001765,19,10
E01001767,20,10
E01001768,23,11
E01001769,23,11
E01001770,16,9
E01001772,19,12
E01001773,18,11
E01001774,19,10
E01001775,23,10
E01001776,17,11
E01001777,16,11
E01001779,24,11
E01001780,21,11
E01001781,23,12
E01001782,26,11
E01001783,24,12
E01001784,20,11
E01001785,13,8
E01001786,15,9
E01001787,14,8
E01001788,14,8
E01001789,10,7
E01001790,17,9
E01001791,13,8
E01001792,18,9
E01001793,12,7
E01001794,14,8
E01001795,10,7
E01001796,7,6
E01001798,20,11
E01001799,32,14
E01001800,31,14
E01001801,31,14
E01001802,30,14
E01001803,32,15
E01001804,33,15
E01001805,28,13
E01001806,33,14
E01001807,28,15
E01001808,29,15
E01001809,28,15
E01001811,30,16
E01001812,32,14
E01001813,27,17
E01001814,29,16
E01001815,21,11
E01001816,20,10
E01001819,22,11
E01001820,22,11
E01001821,21,11
E01001822,25,12
E01001823,33,16
E01001824,25,14
E01001825,31,16
E01001826,28,14
E01001827,26,13
E01001828,28,13
E01001829,29,13
E01001830,28,12
E01001831,25,12
E01001832,24,11
E01001833,22,11
E01001834,26,12
E01001835,28,12
E01001836,18,10
E01001837,20,11
E01001838,16,8
E01001839,17,10
E01001840,17,9
E01001841,18,10
E01001842,21,10
E01001843,18,10
E01001844,14,8
E01001845,17,10
E01001846,17,10
E01001847,15,9
E01001848,15,9
E01001849,18,11
E01001850,13,8
E01001851,19,13
E01001852,22,13
E01001853,19,13
E01001854,19,13
E01001855,24,13
E01001856,17,13
E01001857,19,13
E01001858,25,12
E01001859,24,14
E01001860,20,12
E01001861,20,12
E01001862,25,12
E01001863,24,12
E01001864,24,12
E01001865,24,13
E01001866,22,12
E01001867,15,11
E01001868,23,12
E01001869,18,12
E01001870,22,12
E01001871,18,11
E01001872,17,11
E01001873,23,13
E01001874,10,7
E01001875,12,7
E01001876,6,7
E01001877,22,12
E01001878,14,8
E01001879,16,10
E01001880,20,12
E01001881,20,11
E01001882,17,10
E01001883,19,11
E01001884,19,11
E01001885,16,10
E01001886,12,9
E01001887,8,8
E01001888,8,8
E01001889,8,8
E01001890,6,8
E01001891,5,7
E01001892,10,8
E01001893,10,8
E01001894,16,13
E01001895,22,13
E01001896,21,12
E01001897,20,12
E01001898,16,11
E01001899,15,13
E01001900,7,8
E01001901,19,10
E01001902,17,10
E01001903,14,9
E01001904,15,10
E01001905,15,10
E01001906,17,11
E01001907,18,11
E01001908,17,9
E01001909,16,9
E01001910,15,10
E01001911,19,10
E01001912,17,11
E01001913,14,9
E01001914,18,10
E01001915,15,11
E01001916,20,13
E01001917,12,9
E01001918,14,9
E01001919,16,10
E01001920,13,9
E01001921,15,10
E01001922,22,12
E01001923,19,11
E01001924,21,12
E01001925,23,12
E01001926,23,13
E01001927,27,14
E01001928,23,13
E01001929,19,13
E01001930,24,14
E01001931,21,15
E01001932,20,14
E01001933,23,15
E01001934,28,13
E01001935,24,12
E01001937,26,13
E01001938,24,13
E01001939,20,11
E01001940,24,12
E01001941,20,12
E01001942,22,11
E01001943,19,11
E01001944,25,13
E01001945,20,11
E01001946,19,11
E01001947,19,11
E01001948,22,12
E01001949,21,11
E01001950,20,11
E01001951,22,12
E01001952,18,12
E01001953,18,11
E01001954,19,11
E01001955,16,11
E01001956,19,12
E01001957,14,11
E01001958,15,11
E01001959,15,11
E01001960,19,11
E01001961,15,11
E01001962,35,18
E01001963,33,17
E01001964,35,16
E01001965,36,17
E01001966,36,17
E01001967,32,16
E01001968,29,16
E01001969,36,15
E01001970,34,16
E01001971,36,15
E01001972,35,16
E01001973,35,17
E01001974,34,15
E01001975,34,14
E01001976,26,13
E01001977,25,12
E01001978,25,11
E01001979,26,13
E01001980,33,14
E01001981,28,14
E01001982,31,14
E01001983,35,15
E01001984,18,10
E01001985,20,11
E01001986,25,12
E01001987,17,10
E01001988,22,11
E01001989,19,12
E01001990,21,12
E01001991,29,15
E01001992,28,16
E01001993,28,16
E01001994,21,14
E01001995,37,17
E01001996,31,15
E01001997,27,15
E01001998,31,16
E01001999,30,17
E01002000,32,17
E01002001,26,17
E01002002,25,15
E01002003,29,16
E01002004,33,16
E01002005,14,9
E01002006,13,9
E01002007,16,10
E01002008,16,11
E01002009,11,8
E01002010,17,12
E01002011,17,11
E01002013,30,14
E01002014,28,14
E01002015,26,13
E01002016,26,14
E01002017,24,13
E01002018,34,15
E01002019,28,14
E01002020,29,14
E01002021,29,14
E01002022,25,13
E01002023,26,13
E01002024,22,13
E01002025,25,13
E01002026,30,15
E01002027,26,14
E01002028,24,13
E01002029,31,14
E01002030,32,16
E01002031,28,16
E01002032,26,13
E01002033,29,14
E01002034,17,9
E01002036,21,10
E01002037,27,11
E01002038,24,10
E01002039,27,11
E01002040,29,11
E01002041,21,10
E01002042,32,16
E01002043,36,16
E01002044,29,17
E01002045,28,17
E01002046,25,17
E01002047,26,17
E01002048,34,15
E01002049,32,16
E01002050,28,17
E01002051,25,17
E01002052,32,17
E01002053,28,16
E01002054,27,16
E01002055,29,16
E01002056,29,16
E01002057,31,17
E01002058,28,16
E01002059,26,14
E01002060,26,13
E01002061,28,13
E01002062,26,12
E01002063,27,13
E01002064,24,12
E01002065,21,13
E01002066,27,15
E01002067,31,15
E01002068,28,15
E01002069,25,16
E01002070,28,16
E01002071,27,15
E01002072,21,16
E01002073,22,17
E01002074,26,11
E01002075,29,12
E01002076,29,12
E01002077,24,12
E01002078,31,16
E01002079,28,12
E01002080,27,14
E01002081,25,14
E01002082,28,13
E01002083,25,14
E01002084,31,14
E01002085,28,15
E01002086,34,14
E01002087,33,14
E01002088,23,13
E01002089,30,13
E01002090,25,12
E01002091,18,10
E01002092,15,9
E01002093,20,11
E01002094,22,12
E01002095,23,12
E01002096,21,12
E01002097,23,12
E01002098,33,15
E01002099,31,14
E01002100,21,12
E01002101,34,14
E01002102,35,14
E01002103,28,13
E01002104,24,12
E01002105,31,14
E01002106,37,16
E01002107,38,17
E01002108,34,16
E01002109,41,18
E01002110,37,17
E01002111,33,16
E01002112,42,22
E01002113,44,22
E01002114,43,21
E01002115,44,20
E01002116,41,22
E01002117,40,19
E01002118,37,20
E01002119,39,20
E01002120,41,19
E01002121,41,18
E01002122,41,20
E01002123,37,21
E01002124,39,19
E01002125,36,19
E01002126,14,9
E01002127,13,8
E01002128,19,11
E01002129,18,11
E01002130,20,10
E01002131,21,10
E01002132,23,12
E01002133,28,14
E01002134,24,12
E01002135,25,12
E01002136,26,13
E01002137,20,11
E01002138,29,14
E01002139,29,17
E01002140,33,16
E01002141,38,16
E01002142,36,16
E01002143,29,16
E01002144,38,17
E01002145,39,17
E01002146,36,20
E01002147,37,16
E01002148,31,16
E01002149,37,17
E01002150,30,18
E01002151,26,16
E01002152,34,18
E01002153,27,15
E01002154,27,16
E01002155,34,17
E01002156,31,16
E01002157,24,15
E01002158,29,16
E01002159,27,13
E01002160,24,12
E01002161,25,14
E01002162,22,13
E01002163,27,14
E01002164,22,12
E01002165,29,15
E01002166,30,15
E01002167,29,15
E01002168,29,15
E01002169,33,16
E01002170,23,14
E01002171,26,14
E01002172,26,14
E01002173,23,12
E01002174,21,13
E01002175,20,12
E01002176,18,11
E01002177,31,15
E01002178,27,14
E01002179,23,13
E01002180,22,13
E01002181,21,12
E01002182,23,11
E01002183,28,14
E01002184,30,14
E01002185,26,15
E01002186,27,16
E01002187,32,17
E01002188,32,18
E01002189,29,17
E01002190,33,16
E01002191,35,18
E01002192,29,17
E01002193,28,18
E01002194,31,18
E01002195,33,17
E01002196,35,18
E01002197,30,16
E01002198,36,18
E01002199,24,14
E01002200,35,18
E01002201,30,16
E01002202,30,17
E01002203,34,17
E01002204,27,17
E01002206,28,17
E01002207,38,18
E01002208,30,16
E01002209,25,16
E01002210,30,17
E01002211,33,16
E01002212,33,16
E01002213,31,14
E01002214,37,18
E01002215,36,18
E01002216,35,17
E01002217,32,16
E01002218,34,16
E01002219,31,15
E01002220,36,17
E01002221,32,15
E01002222,36,17
E01002223,38,18
E01002224,42,18
E01002225,42,21
E01002226,43,21
E01002227,40,19
E01002228,42,19
E01002229,44,20
E01002230,42,18
E01002231,34,15
E01002232,33,15
E01002233,28,14
E01002234,31,16
E01002235,31,14
E01002236,27,15
E01002237,21,11
E01002238,22,12
E01002239,28,15
E01002240,23,12
E01002241,30,14
E01002242,25,14
E01002243,19,12
E01002244,21,12
E01002245,23,12
E01002246,25,11
E01002247,19,11
E01002248,13,9
E01002249,10,9
E01002250,27,11
E01002251,19,12
E01002252,48,24
E01002253,38,22
E01002254,41,23
E01002255,40,20
E01002256,44,24
E01002257,36,23
E01002258,42,23
E01002259,42,22
E01002260,28,13
E01002261,27,14
E01002262,31,14
E01002263,30,16
E01002264,31,15
E01002265,32,17
E01002266,33,15
E01002267,33,16
E01002268,40,18
E01002269,48,19
E01002270,36,16
E01002271,44,18
E01002272,25,13
E01002273,42,18
E01002274,29,14
E01002275,35,17
E01002276,42,22
E01002277,39,22
E01002278,39,22
E01002279,39,22
E01002280,37,20
E01002281,40,21
E01002282,37,20
E01002283,38,21
E01002284,38,20
E01002285,37,18
E01002286,35,16
E01002287,30,15
E01002288,34,18
E01002289,35,19
E01002290,37,18
E01002291,32,16
E01002292,39,19
E01002293,31,18
E01002294,33,19
E01002295,34,18
E01002296,40,22
E01002297,38,19
E01002298,34,21
E01002299,35,20
E01002300,30,20
E01002301,33,17
E01002302,35,17
E01002303,32,16
E01002304,39,18
E01002305,37,19
E01002306,35,18
E01002307,33,18
E01002308,39,18
E01002309,32,18
E01002310,28,18
E01002311,33,18
E01002312,40,21
E01002313,35,20
E01002314,33,19
E01002315,32,19
E01002316,31,19
E01002317,25,13
E01002318,22,14
E01002319,16,11
E01002320,19,12
E01002321,19,13
E01002322,23,11
E01002323,17,10
E01002324,24,13
E01002325,30,16
E01002326,31,16
E01002327,29,15
E01002328,27,14
E01002329,28,15
E01002330,29,15
E01002331,36,18
E01002332,30,16
E01002333,29,15
E01002334,30,14
E01002335,29,15
E01002336,28,14
E01002337,24,14
E01002338,26,14
E01002339,24,13
E01002340,24,13
E01002341,30,16
E01002342,48,22
E01002343,54,24
E01002344,53,23
E01002345,44,22
E01002346,46,22
E01002347,51,24
E01002348,58,25
E01002349,59,25
E01002350,12,10
E01002351,18,10
E01002352,22,11
E01002353,18,11
E01002354,23,13
E01002355,27,12
E01002356,13,10
E01002358,17,10
E01002359,31,17
E01002360,29,17
E01002361,24,15
E01002362,30,18
E01002363,22,15
E01002364,27,16
E01002365,25,14
E01002366,23,14
E01002367,26,16
E01002368,44,20
E01002369,43,19
E01002370,39,20
E01002371,38,18
E01002372,34,16
E01002373,36,17
E01002374,36,17
E01002375,35,17
E01002376,28,15
E01002377,35,16
E01002378,39,17
E01002379,25,14
E01002380,32,15
E01002381,30,14
E01002382,24,12
E01002383,28,16
E01002384,37,23
E01002385,51,23
E01002386,33,21
E01002387,41,23
E01002388,46,21
E01002389,46,20
E01002390,41,20
E01002391,45,25
E01002392,41,17
E01002393,41,18
E01002394,36,15
E01002395,37,17
E01002396,30,17
E01002397,28,15
E01002398,32,15
E01002399,34,16
E01002400,17,11
E01002401,24,12
E01002402,20,12
E01002403,20,11
E01002404,21,12
E01002405,22,12
E01002406,26,14
E01002407,30,16
E01002408,13,9
E01002409,19,11
E01002410,15,9
E01002411,16,9
E01002412,6,7
E01002413,22,10
E01002414,14,10
E01002415,42,20
E01002416,44,21
E01002417,31,18
E01002418,37,21
E01002419,33,20
E01002420,37,19
E01002421,39,21
E01002422,31,15
E01002423,25,13
E01002424,32,15
E01002425,27,15
E01002426,30,14
E01002427,29,15
E01002428,31,15
E01002429,26,13
E01002430,40,15
E01002431,33,19
E01002432,31,19
E01002433,32,18
E01002434,36,14
E01002435,36,16
E01002436,32,17
E01002437,34,18
E01002438,32,14
E01002439,22,12
E01002440,19,10
E01002441,23,13
E01002442,25,14
E01002443,42,20
E01002444,39,16
E01002445,32,13
E01002446,33,14
E01002447,38,18
E01002448,39,18
E01002449,39,20
E01002450,26,15
E01002451,23,14
E01002452,24,15
E01002453,21,13
E01002454,26,14
E01002455,18,10
E01002456,20,12
E01002457,18,11
E01002458,36,18
E01002459,40,19
E01002460,38,19
E01002461,30,17
E01002462,36,18
E01002463,34,19
E01002464,36,21
E01002465,40,19
E01002466,40,20
E01002467,34,18
E01002468,36,19
E01002469,35,19
E01002470,30,17
E01002471,33,19
E01002472,17,10
E01002473,23,10
E01002474,20,12
E01002475,9,8
E01002476,17,10
E01002477,19,12
E01002478,16,12
E01002479,29,16
E01002480,32,16
E01002481,27,16
E01002482,21,14
E01002483,23,14
E01002484,20,12
E01002485,23,13
E01002486,38,13
E01002487,35,13
E01002488,34,14
E01002489,31,16
E01002490,32,15
E01002491,37,17
E01002492,39,17
E01002493,35,16
E01002494,42,21
E01002495,39,21
E01002496,40,19
E01002497,39,22
E01002498,42,20
E01002499,44,21
E01002501,35,15
E01002502,29,14
E01002503,32,15
E01002504,25,13
E01002505,36,16
E01002506,28,15
E01002507,34,16
E01002508,31,14
E01002509,20,12
E01002511,19,12
E01002512,29,15
E01002513,30,15
E01002514,24,14
E01002515,26,14
E01002516,29,14
E01002518,16,10
E01002519,22,11
E01002520,25,13
E01002521,20,13
E01002523,21,12
E01002525,26,13
E01002526,27,12
E01002527,27,14
E01002528,31,12
E01002529,24,13
E01002530,30,14
E01002531,24,13
E01002532,29,12
E01002533,35,14
E01002534,40,15
E01002535,33,16
E01002536,41,18
E01002537,41,19
E01002538,31,13
E01002539,36,14
E01002540,43,19
E01002541,42,20
E01002542,39,18
E01002543,42,19
E01002544,40,20
E01002545,37,20
E01002546,33,19
E01002547,30,18
E01002548,21,11
E01002549,16,10
E01002550,16,9
E01002551,12,8
E01002552,16,10
E01002553,14,9
E01002554,20,11
E01002555,27,13
E01002556,23,14
E01002557,22,12
E01002558,20,12
E01002559,20,12
E01002560,25,14
E01002561,25,14
E01002562,33,15
E01002563,18,13
E01002564,30,13
E01002565,25,12
E01002566,23,14
E01002567,21,12
E01002568,22,13
E01002569,28,17
E01002570,25,18
E01002571,30,17
E01002572,31,17
E01002573,23,16
E01002574,22,16
E01002575,24,16
E01002576,34,19
E01002577,36,19
E01002578,30,18
E01002579,35,19
E01002580,26,17
E01002581,28,17
E01002582,35,19
E01002583,44,19
E01002584,44,21
E01002585,42,18
E01002586,44,18
E01002587,41,18
E01002588,42,19
E01002589,38,17
E01002590,27,15
E01002591,37,18
E01002592,28,17
E01002593,30,16
E01002594,31,17
E01002595,23,15
E01002596,34,16
E01002598,36,17
E01002599,36,17
E01002600,36,17
E01002601,35,15
E01002602,40,17
E01002603,30,15
E01002604,44,23
E01002605,47,23
E01002606,47,22
E01002607,42,22
E01002608,47,22
E01002609,49,23
E01002610,49,22
E01002611,38,19
E01002612,33,18
E01002613,41,21
E01002614,40,18
E01002615,43,20
E01002616,39,18
E01002617,46,20
E01002618,40,16
E01002619,43,17
E01002620,40,16
E01002621,37,16
E01002622,41,17
E01002623,37,17
E01002624,37,18
E01002625,43,14
E01002626,40,14
E01002627,42,14
E01002628,37,15
E01002629,33,14
E01002630,31,13
E01002631,42,14
E01002632,42,16
E01002633,47,19
E01002634,46,18
E01002635,45,18
E01002636,46,17
E01002637,40,16
E01002638,42,15
E01002639,27,12
E01002640,28,13
E01002641,30,14
E01002642,22,14
E01002643,20,12
E01002645,25,15
E01002646,31,17
E01002647,35,19
E01002648,28,17
E01002649,27,16
E01002650,35,19
E01002651,35,18
E01002652,36,18
E01002653,29,14
E01002654,29,14
E01002655,30,15
E01002656,28,15
E01002657,28,16
E01002658,22,10
E01002659,25,13
E01002660,37,18
E01002661,38,18
E01002662,32,15
E01002663,34,17
E01002664,31,17
E01002665,31,19
E01002666,34,19
E01002667,13,9
E01002668,14,10
E01002669,20,12
E01002670,17,12
E01002671,18,12
E01002672,20,14
E01002673,19,14
E01002674,25,11
E01002675,16,9
E01002676,29,12
E01002677,18,10
E01002678,20,10
E01002679,18,10
E01002680,20,10
E01002681,8,7
E01002682,9,8
E01002683,12,8
E01002684,19,11
E01002686,17,9
E01002687,31,19
E01002689,30,18
E01002690,33,17
E01002691,29,18
E01002692,27,18
E01002693,27,18
E01002694,21,13
E01002695,21,12
E01002696,24,13
E01002697,18,12
E01002698,21,15
E01002699,23,14
E01002700,26,14
E01002701,18,10
E01002702,17,10
E01002703,14,10
E01002704,14,9
E01002706,13,9
E01002707,18,11
E01002708,24,16
E01002709,21,14
E01002710,19,14
E01002711,14,13
E01002712,22,15
E01002713,23,15
E01002714,23,15
E01002715,22,14
E01002716,26,13
E01002717,23,14
E01002718,28,13
E01002719,20,14
E01002720,25,13
E01002721,27,13
E01002722,26,13
E01002723,17,10
E01002724,12,10
E01002725,16,10
E01002726,19,11
E01002727,21,11
E01002728,18,12
E01002729,20,11
E01002730,21,13
E01002731,20,12
E01002732,22,14
E01002733,19,11
E01002734,20,13
E01002735,20,12
E01002736,23,13
E01002737,24,12
E01002738,24,16
E01002739,21,16
E01002740,18,16
E01002741,29,15
E01002742,26,15
E01002743,28,15
E01002744,27,15
E01002745,24,16
E01002747,24,14
E01002748,22,14
E01002749,26,15
E01002751,20,15
E01002752,27,16
E01002753,14,10
E01002754,8,8
E01002755,18,11
E01002756,20,11
E01002757,14,10
E01002758,15,10
E01002759,11,9
E01002760,14,10
E01002762,22,15
E01002763,19,14
E01002764,24,14
E01002765,23,15
E01002766,26,15
E01002767,19,15
E01002768,14,10
E01002769,16,11
E01002770,5,7
E01002771,11,8
E01002772,10,9
E01002773,7,8
E01002774,12,9
E01002775,20,14
E01002776,25,13
E01002777,26,12
E01002778,22,12
E01002779,25,14
E01002780,23,13
E01002781,23,14
E01002782,27,12
E01002783,23,14
E01002784,20,12
E01002785,17,11
E01002786,18,12
E01002787,22,13
E01002788,17,12
E01002789,17,12
E01002790,19,14
E01002791,18,14
E01002792,22,14
E01002793,22,14
E01002794,24,13
E01002795,17,16
E01002796,20,15
E01002797,22,13
E01002798,27,13
E01002799,24,13
E01002800,27,13
E01002801,23,12
E01002802,24,11
E01002803,20,11
E01002804,19,11
E01002805,22,12
E01002806,22,11
E01002807,19,10
E01002808,23,11
E01002809,14,10
E01002810,17,11
E01002811,21,11
E01002812,21,13
E01002813,20,14
E01002814,22,15
E01002815,19,14
E01002816,17,14
E01002817,21,15
E01002818,23,13
E01002819,20,12
E01002820,18,10
E01002821,18,11
E01002822,15,9
E01002823,17,10
E01002824,19,13
E01002825,19,14
E01002826,18,14
E01002827,16,13
E01002828,16,13
E01002829,17,12
E01002830,18,13
E01002831,18,12
E01002832,18,13
E01002833,20,13
E01002834,16,10
E01002835,18,10
E01002836,16,10
E01002837,13,9
E01002838,11,8
E01002839,19,11
E01002840,9,8
E01002841,12,9
E01002842,10,8
E01002843,10,8
E01002844,15,10
E01002845,11,9
E01002846,17,12
E01002847,18,12
E01002848,20,13
E01002849,15,10
E01002850,17,12
E01002851,17,12
E01002852,21,12
E01002853,22,12
E01002854,25,12
E01002855,24,12
E01002856,21,11
E01002857,25,12
E01002858,21,11
E01002859,21,12
E01002860,23,11
E01002861,19,11
E01002862,19,10
E01002863,25,12
E01002864,25,14
E01002865,18,16
E01002866,26,12
E01002867,26,13
E01002868,23,13
E01002869,23,11
E01002870,25,12
E01002871,21,13
E01002872,25,13
E01002873,23,12
E01002874,21,13
E01002875,23,14
E01002876,17,9
E01002877,18,11
E01002878,18,11
E01002879,21,12
E01002880,21,11
E01002881,25,12
E01002882,19,13
E01002883,15,13
E01002884,15,12
E01002885,16,11
E01002886,15,12
E01002887,19,12
E01002888,21,12
E01002889,19,14
E01002890,22,13
E01002891,24,13
E01002892,22,12
E01002893,10,9
E01002894,13,9
E01002895,7,8
E01002896,7,8
E01002897,7,8
E01002898,13,10
E01002899,18,11
E01002900,21,11
E01002901,23,12
E01002902,21,13
E01002903,20,11
E01002904,20,10
E01002905,20,11
E01002906,16,10
E01002907,18,10
E01002908,15,9
E01002909,20,11
E01002910,11,8
E01002911,8,7
E01002912,6,7
E01002913,8,8
E01002914,17,10
E01002915,40,17
E01002916,42,17
E01002917,41,16
E01002918,42,18
E01002919,38,18
E01002920,38,17
E01002921,33,15
E01002922,36,15
E01002923,35,15
E01002924,41,16
E01002925,37,16
E01002926,36,16
E01002927,27,12
E01002928,29,12
E01002929,24,13
E01002930,24,13
E01002931,27,15
E01002932,22,11
E01002933,16,8
E01002934,20,9
E01002935,8,7
E01002937,13,8
E01002938,13,8
E01002939,47,20
E01002940,46,21
E01002941,47,21
E01002942,47,21
E01002943,49,22
E01002944,44,21
E01002945,41,20
E01002946,41,20
E01002947,45,20
E01002948,49,23
E01002949,48,22
E01002950,43,21
E01002951,9,7
E01002952,16,9
E01002953,20,13
E01002954,8,7
E01002955,22,13
E01002956,21,12
E01002957,12,8
E01002958,25,11
E01002959,18,10
E01002960,15,9
E01002961,20,11
E01002962,19,10
E01002963,24,12
E01002964,21,12
E01002965,24,13
E01002966,26,13
E01002967,28,14
E01002968,19,11
E01002969,17,10
E01002970,18,9
E01002971,18,10
E01002972,13,9
E01002973,20,10
E01002974,12,8
E01002975,37,18
E01002976,40,18
E01002977,35,18
E01002978,34,19
E01002979,39,19
E01002980,34,17
E01002981,32,16
E01002982,29,16
E01002983,35,17
E01002984,28,14
E01002985,29,15
E01002986,28,13
E01002987,30,15
E01002988,31,15
E01002989,31,15
E01002990,29,14
E01002991,29,14
E01002992,31,14
E01002993,35,17
E01002994,39,18
E01002995,38,18
E01002996,38,17
E01002997,37,17
E01002998,40,18
E01002999,34,16
E01003000,43,18
E01003001,41,18
E01003002,41,18
E01003003,40,17
E01003004,45,18
E01003005,49,19
E01003006,25,11
E01003007,23,10
E01003008,23,10
E01003009,19,9
E01003010,26,10
E01003011,26,10
E01003013,8,8
E01003014,9,8
E01003015,11,9
E01003016,16,10
E01003017,16,10
E01003018,29,14
E01003019,30,14
E01003020,28,14
E01003021,32,15
E01003022,35,16
E01003023,33,16
E01003024,31,16
E01003025,34,16
E01003026,28,16
E01003027,32,15
E01003028,34,16
E01003029,30,15
E01003030,24,16
E01003031,29,16
E01003032,28,15
E01003033,32,15
E01003034,21,16
E01003035,20,14
E01003036,23,15
E01003037,27,17
E01003038,26,16
E01003039,26,16
E01003040,31,17
E01003041,24,15
E01003042,31,17
E01003043,26,13
E01003044,23,11
E01003045,20,9
E01003046,16,9
E01003047,20,11
E01003048,16,9
E01003049,18,10
E01003050,24,13
E01003051,18,10
E01003052,22,12
E01003053,25,12
E01003054,21,14
E01003055,23,13
E01003056,24,13
E01003057,24,14
E01003058,27,13
E01003059,24,11
E01003060,23,11
E01003061,23,11
E01003062,37,18
E01003063,36,16
E01003064,35,16
E01003065,38,17
E01003066,34,18
E01003067,36,17
E01003068,40,18
E01003069,38,17
E01003070,37,18
E01003071,22,12
E01003072,17,9
E01003073,18,9
E01003074,22,12
E01003075,9,8
E01003076,8,8
E01003077,11,8
E01003078,13,8
E01003079,34,16
E01003080,35,16
E01003081,34,17
E01003082,36,17
E01003083,38,17
E01003084,35,18
E01003085,39,18
E01003086,38,17
E01003087,38,18
E01003088,22,13
E01003089,22,14
E01003090,22,13
E01003091,21,15
E01003092,25,14
E01003093,21,11
E01003094,24,12
E01003095,23,14
E01003096,25,12
E01003097,21,13
E01003098,25,12
E01003099,21,12
E01003100,23,12
E01003101,21,12
E01003102,18,12
E01003104,23,13
E01003105,16,9
E01003106,19,11
E01003107,21,11
E01003108,18,12
E01003109,15,9
E01003110,17,10
E01003111,15,10
E01003112,11,9
E01003113,32,16
E01003114,34,18
E01003115,31,18
E01003116,36,15
E01003117,36,15
E01003118,31,15
E01003119,28,15
E01003120,30,17
E01003121,22,13
E01003122,22,14
E01003123,24,13
E01003124,23,12
E01003125,25,12
E01003126,20,13
E01003127,22,11
E01003128,21,13
E01003129,26,13
E01003130,35,17
E01003131,35,17
E01003132,35,17
E01003133,28,16
E01003134,35,17
E01003135,35,17
E01003136,37,17
E01003137,35,17
E01003138,35,16
E01003139,31,16
E01003140,33,15
E01003141,28,15
E01003142,34,15
E01003143,35,16
E01003144,33,16
E01003145,30,17
E01003146,31,17
E01003147,30,16
E01003148,35,18
E01003149,40,18
E01003150,32,18
E01003151,38,17
E01003152,38,17
E01003153,35,17
E01003154,39,18
E01003155,35,17
E01003156,30,17
E01003157,30,16
E01003158,33,16
E01003159,36,16
E01003160,33,17
E01003161,30,17
E01003162,35,17
E01003163,34,17
E01003164,26,14
E01003165,29,15
E01003166,28,15
E01003167,32,15
E01003168,22,13
E01003169,23,14
E01003170,25,13
E01003171,31,15
E01003172,30,14
E01003173,33,15
E01003174,28,15
E01003175,31,15
E01003176,27,13
E01003177,28,13
E01003178,31,14
E01003179,30,14
E01003180,18,10
E01003181,25,12
E01003182,15,9
E01003183,22,11
E01003184,25,11
E01003185,27,11
E01003186,25,11
E01003187,21,10
E01003188,19,9
E01003189,27,14
E01003190,24,15
E01003191,28,15
E01003192,26,15
E01003193,29,13
E01003194,20,11
E01003195,25,12
E01003196,23,12
E01003197,27,13
E01003198,21,13
E01003199,19,13
E01003200,22,15
E01003201,18,12
E01003202,23,12
E01003203,21,11
E01003204,24,13
E01003205,21,13
E01003206,22,13
E01003207,23,14
E01003209,25,15
E01003210,24,14
E01003211,21,12
E01003212,27,14
E01003213,21,12
E01003214,21,12
E01003215,21,16
E01003216,21,10
E01003217,26,10
E01003218,30,11
E01003219,29,11
E01003220,28,11
E01003221,17,11
E01003222,30,12
E01003223,21,12
E01003224,25,10
E01003225,20,11
E01003226,21,13
E01003227,24,12
E01003228,25,14
E01003229,26,13
E01003230,23,12
E01003231,19,12
E01003232,20,12
E01003233,19,11
E01003235,28,17
E01003236,28,16
E01003237,31,16
E01003238,34,15
E01003239,31,15
E01003240,26,15
E01003241,23,15
E01003243,25,16
E01003244,32,17
E01003245,24,15
E01003246,30,18
E01003247,26,17
E01003248,31,18
E01003249,32,17
E01003250,28,16
E01003251,26,17
E01003252,28,18
E01003253,22,16
E01003254,28,16
E01003255,29,16
E01003256,33,17
E01003257,33,17
E01003258,37,18
E01003259,36,17
E01003260,30,16
E01003261,25,14
E01003262,28,15
E01003263,29,17
E01003264,32,17
E01003265,31,18
E01003266,37,18
E01003267,39,19
E01003268,34,15
E01003269,35,15
E01003270,36,16
E01003271,36,16
E01003272,19,11
E01003273,15,10
E01003274,10,10
E01003275,14,10
E01003276,15,10
E01003277,19,11
E01003278,18,12
E01003279,11,10
E01003280,31,13
E01003281,31,12
E01003282,16,10
E01003283,24,11
E01003284,20,10
E01003285,29,12
E01003286,29,12
E01003287,24,11
E01003288,17,11
E01003290,11,9
E01003291,5,7
E01003292,14,9
E01003293,10,7
E01003295,22,10
E01003296,18,13
E01003297,32,17
E01003298,29,18
E01003299,26,17
E01003300,26,17
E01003301,29,17
E01003302,30,16
E01003303,21,16
E01003304,21,16
E01003305,29,17
E01003307,25,13
E01003308,22,12
E01003309,26,14
E01003310,28,15
E01003311,23,12
E01003312,27,13
E01003313,28,15
E01003314,22,12
E01003315,28,14
E01003316,25,13
E01003317,19,10
E01003318,15,10
E01003319,17,9
E01003320,21,9
E01003321,20,11
E01003322,9,7
E01003323,12,7
E01003324,13,8
E01003325,14,8
E01003326,32,16
E01003327,31,16
E01003328,36,18
E01003329,36,18
E01003330,39,19
E01003331,39,18
E01003332,40,19
E01003333,29,15
E01003334,33,16
E01003335,30,15
E01003336,27,15
E01003337,25,16
E01003338,25,16
E01003339,25,16
E01003340,25,16
E01003341,24,15
E01003342,25,15
E01003343,19,15
E01003344,25,15
E01003345,26,15
E01003346,34,14
E01003347,34,13
E01003348,23,13
E01003349,31,15
E01003350,33,13
E01003351,35,14
E01003352,19,13
E01003353,24,15
E01003354,31,12
E01003355,23,13
E01003356,27,14
E01003357,22,13
E01003358,27,13
E01003359,22,11
E01003360,23,12
E01003361,28,15
E01003362,30,16
E01003363,30,15
E01003364,32,14
E01003365,29,14
E01003366,33,17
E01003367,22,12
E01003368,23,11
E01003369,11,9
E01003370,14,9
E01003371,17,9
E01003372,20,10
E01003373,31,15
E01003374,28,12
E01003375,27,13
E01003376,31,15
E01003377,32,15
E01003378,33,14
E01003379,29,14
E01003380,33,18
E01003381,28,19
E01003382,32,18
E01003383,28,16
E01003384,30,15
E01003385,34,17
E01003386,29,13
E01003387,33,14
E01003388,27,13
E01003389,30,14
E01003390,26,13
E01003391,36,15
E01003392,28,12
E01003393,20,10
E01003394,25,11
E01003395,32,12
E01003396,19,10
E01003397,24,11
E01003398,28,12
E01003399,27,19
E01003400,21,14
E01003401,24,15
E01003402,25,16
E01003403,32,18
E01003404,29,18
E01003405,31,13
E01003406,29,12
E01003407,30,13
E01003408,29,14
E01003409,27,13
E01003410,31,14
E01003411,34,15
E01003412,37,15
E01003413,34,15
E01003414,32,14
E01003415,30,14
E01003416,34,14
E01003417,34,12
E01003418,38,12
E01003419,37,13
E01003420,40,12
E01003421,34,14
E01003422,35,12
E01003423,33,17
E01003424,29,14
E01003425,30,14
E01003426,21,13
E01003427,23,12
E01003428,33,16
E01003429,31,13
E01003430,26,12
E01003431,25,12
E01003432,29,12
E01003433,26,13
E01003434,32,13
E01003435,38,14
E01003436,17,10
E01003437,20,10
E01003438,14,9
E01003439,19,11
E01003440,23,12
E01003441,26,11
E01003442,32,19
E01003443,27,18
E01003444,26,16
E01003445,24,16
E01003446,25,18
E01003447,29,18
E01003448,16,10
E01003449,21,10
E01003450,16,9
E01003451,23,12
E01003452,18,10
E01003453,21,11
E01003454,24,13
E01003455,18,12
E01003456,28,14
E01003457,27,13
E01003458,24,13
E01003459,21,11
E01003460,34,18
E01003461,27,17
E01003462,35,18
E01003463,24,15
E01003464,36,18
E01003465,33,17
E01003466,37,16
E01003467,37,16
E01003468,38,17
E01003469,36,16
E01003470,36,17
E01003471,33,18
E01003472,32,15
E01003473,29,14
E01003474,28,15
E01003475,19,12
E01003476,21,14
E01003477,18,12
E01003478,29,14
E01003479,23,13
E01003480,22,12
E01003481,24,12
E01003482,27,12
E01003483,20,12
E01003484,23,12
E01003485,21,11
E01003486,24,11
E01003487,24,12
E01003488,19,10
E01003489,18,10
E01003490,22,10
E01003491,16,9
E01003492,16,9
E01003493,18,9
E01003494,13,8
E01003495,18,8
E01003496,22,11
E01003497,20,10
E01003498,20,9
E01003499,14,8
E01003500,24,11
E01003501,18,9
E01003502,19,10
E01003503,18,10
E01003506,20,11
E01003507,13,8
E01003508,17,9
E01003509,17,9
E01003511,24,11
E01003512,17,10
E01003513,18,11
E01003514,20,10
E01003515,19,10
E01003516,15,9
E01003517,21,10
E01003518,15,10
E01003519,16,10
E01003520,22,11
E01003521,23,12
E01003522,24,11
E01003523,26,11
E01003524,20,10
E01003525,20,10
E01003526,20,10
E01003527,23,9
E01003528,30,14
E01003529,26,13
E01003530,28,13
E01003531,22,12
E01003532,24,13
E01003533,22,11
E01003534,29,14
E01003535,31,12
E01003536,27,11
E01003537,23,10
E01003538,23,10
E01003539,13,8
E01003540,23,10
E01003541,17,11
E01003542,29,10
E01003543,33,14
E01003544,36,14
E01003545,37,14
E01003546,33,14
E01003547,37,14
E01003548,31,14
E01003549,33,13
E01003550,34,14
E01003551,33,12
E01003552,31,11
E01003553,35,13
E01003554,32,12
E01003555,30,13
E01003556,29,13
E01003557,33,13
E01003558,30,12
E01003559,31,12
E01003560,29,13
E01003561,27,13
E01003562,25,12
E01003563,26,12
E01003564,21,12
E01003565,19,11
E01003566,17,11
E01003567,27,13
E01003568,21,11
E01003569,18,11
E01003570,27,13
E01003571,25,12
E01003572,28,11
E01003573,23,12
E01003574,24,10
E01003575,31,14
E01003576,34,16
E01003577,36,16
E01003578,36,16
E01003579,31,14
E01003580,34,15
E01003581,35,15
E01003582,33,15
E01003583,31,15
E01003584,34,14
E01003585,33,15
E01003586,30,13
E01003587,33,14
E01003588,30,13
E01003589,27,13
E01003590,33,15
E01003591,33,15
E01003592,19,9
E01003593,20,10
E01003594,17,9
E01003595,17,9
E01003596,24,10
E01003597,23,10
E01003598,20,9
E01003599,19,9
E01003600,18,9
E01003601,7,8
E01003602,10,7
E01003603,12,8
E01003604,11,8
E01003605,15,8
E01003606,15,8
E01003607,14,8
E01003608,13,8
E01003609,27,13
E01003611,29,15
E01003615,28,13
E01003616,31,14
E01003617,30,13
E01003618,27,12
E01003619,26,13
E01003621,29,12
E01003622,30,12
E01003623,32,12
E01003624,29,11
E01003625,31,14
E01003626,29,13
E01003627,27,13
E01003628,29,13
E01003629,25,12
E01003630,19,10
E01003631,24,11
E01003632,21,10
E01003633,22,11
E01003634,24,12
E01003635,26,11
E01003636,23,11
E01003637,21,11
E01003638,38,18
E01003639,35,17
E01003640,20,12
E01003641,23,13
E01003642,25,15
E01003643,32,17
E01003644,29,17
E01003645,27,16
E01003646,35,17
E01003647,31,18
E01003648,42,19
E01003649,42,19
E01003650,37,18
E01003651,37,18
E01003652,36,19
E01003653,31,19
E01003654,34,19
E01003655,35,20
E01003656,44,20
E01003657,44,20
E01003658,36,20
E01003659,41,19
E01003660,41,22
E01003661,17,10
E01003662,18,11
E01003663,16,10
E01003664,21,11
E01003665,17,10
E01003666,18,10
E01003668,19,13
E01003669,21,14
E01003670,24,16
E01003671,31,16
E01003672,24,15
E01003673,21,14
E01003674,25,16
E01003675,34,15
E01003676,35,16
E01003677,39,15
E01003678,43,19
E01003679,45,19
E01003680,46,19
E01003681,41,18
E01003682,41,16
E01003683,43,17
E01003684,41,17
E01003685,40,18
E01003686,38,17
E01003688,37,18
E01003689,34,18
E01003690,31,17
E01003691,41,17
E01003692,34,16
E01003693,40,15
E01003694,38,16
E01003695,37,16
E01003696,35,15
E01003697,35,14
E01003698,46,20
E01003699,39,18
E01003700,43,19
E01003701,37,17
E01003702,40,20
E01003703,54,21
E01003704,40,20
E01003705,42,19
E01003706,46,20
E01003707,48,20
E01003708,49,20
E01003709,48,20
E01003710,42,19
E01003711,43,19
E01003712,46,20
E01003713,23,13
E01003714,29,14
E01003715,25,13
E01003716,21,13
E01003718,20,13
E01003719,20,12
E01003720,43,17
E01003721,39,18
E01003722,42,18
E01003723,44,18
E01003724,46,19
E01003725,45,19
E01003726,41,18
E01003727,45,18
E01003728,33,18
E01003729,37,19
E01003730,41,18
E01003731,43,18
E01003732,44,19
E01003733,41,19
E01003734,41,18
E01003735,41,17
E01003736,40,19
E01003737,24,14
E01003738,24,15
E01003739,34,16
E01003740,33,15
E01003741,25,16
E01003742,32,14
E01003743,38,16
E01003744,31,20
E01003745,31,21
E01003746,26,19
E01003747,33,20
E01003748,28,19
E01003749,29,18
E01003750,25,17
E01003751,25,13
E01003752,29,16
E01003753,26,14
E01003754,24,12
E01003755,26,15
E01003756,26,14
E01003757,25,13
E01003758,31,15
E01003759,24,15
E01003760,35,17
E01003761,37,18
E01003762,32,17
E01003763,37,18
E01003764,23,15
E01003765,24,15
E01003766,22,11
E01003767,24,12
E01003768,27,12
E01003769,17,10
E01003770,12,9
E01003771,15,10
E01003772,21,11
E01003773,17,11
E01003774,25,13
E01003775,18,12
E01003776,18,12
E01003777,27,13
E01003778,22,12
E01003779,19,11
E01003780,23,13
E01003781,31,17
E01003782,33,16
E01003783,31,18
E01003784,38,18
E01003785,34,18
E01003786,30,16
E01003787,32,16
E01003788,34,17
E01003789,25,12
E01003790,35,14
E01003791,30,12
E01003792,31,14
E01003793,29,13
E01003794,32,15
E01003795,34,14
E01003796,32,13
E01003797,33,16
E01003798,33,17
E01003799,31,17
E01003800,28,15
E01003801,19,13
E01003802,23,14
E01003803,26,15
E01003804,43,21
E01003805,47,20
E01003806,46,20
E01003807,39,21
E01003808,39,21
E01003809,40,21
E01003810,36,20
E01003811,36,18
E01003812,34,19
E01003813,43,22
E01003814,38,19
E01003815,43,22
E01003816,32,15
E01003817,25,11
E01003818,28,13
E01003819,29,13
E01003820,26,12
E01003821,37,16
E01003822,40,22
E01003823,36,19
E01003824,38,22
E01003825,42,23
E01003826,37,22
E01003827,35,21
E01003828,46,23
E01003829,50,24
E01003830,47,23
E01003831,50,24
E01003832,51,24
E01003833,47,24
E01003834,25,13
E01003835,33,15
E01003836,33,16
E01003837,35,15
E01003838,30,15
E01003839,28,14
E01003840,37,19
E01003841,40,20
E01003842,36,19
E01003843,41,21
E01003844,33,18
E01003845,39,21
E01003846,32,19
E01003847,31,19
E01003848,38,20
E01003849,34,20
E01003851,30,18
E01003852,36,20
E01003853,33,19
E01003854,33,18
E01003855,34,21
E01003856,34,19
E01003857,36,19
E01003858,36,19
E01003859,40,21
E01003860,36,18
E01003861,37,18
E01003862,40,20
E01003863,40,19
E01003864,38,19
E01003865,35,21
E01003866,24,14
E01003867,24,17
E01003868,26,15
E01003869,21,15
E01003870,26,18
E01003871,22,12
E01003872,24,14
E01003873,36,18
E01003874,38,17
E01003875,41,19
E01003876,32,18
E01003877,37,17
E01003878,35,16
E01003879,37,16
E01003880,32,20
E01003881,35,18
E01003882,27,20
E01003883,30,20
E01003884,30,21
E01003885,32,21
E01003886,32,18
E01003887,29,17
E01003888,32,18
E01003889,30,15
E01003890,37,18
E01003891,36,17
E01003892,31,18
E01003893,30,17
E01003894,27,16
E01003895,30,17
E01003896,27,18
E01003897,24,18
E01003898,31,21
E01003899,32,22
E01003900,36,21
E01003901,37,21
E01003902,33,22
E01003903,39,22
E01003904,34,22
E01003905,27,16
E01003906,32,16
E01003907,35,18
E01003908,33,17
E01003909,31,17
E01003910,31,18
E01003911,17,11
E01003912,22,12
E01003913,11,8
E01003914,16,11
E01003915,13,10
E01003916,25,12
E01003917,20,11
E01003918,18,11
E01003919,16,9
E01003920,16,10
E01003921,14,9
E01003922,10,7
E01003923,21,12
E01003924,19,10
E01003925,18,11
E01003926,21,10
E01003927,15,9
E01003929,11,8
E01003930,17,9
E01003932,17,10
E01003933,17,10
E01003934,18,9
E01003935,12,8
E01003936,13,10
E01003937,17,10
E01003938,9,8
E01003939,9,9
E01003940,11,8
E01003941,13,9
E01003942,15,9
E01003943,18,10
E01003945,30,17
E01003946,34,18
E01003947,28,18
E01003948,36,18
E01003949,29,14
E01003950,27,14
E01003951,29,16
E01003952,19,11
E01003953,17,10
E01003954,22,12
E01003955,25,12
E01003956,22,12
E01003957,29,13
E01003958,25,13
E01003960,20,12
E01003961,22,12
E01003963,24,13
E01003964,26,12
E01003966,25,12
E01003967,20,13
E01003968,22,13
E01003969,19,12
E01003970,21,13
E01003971,24,12
E01003972,24,13
E01003973,22,14
E01003974,23,13
E01003975,18,9
E01003976,14,8
E01003977,24,10
E01003978,19,9
E01003979,17,9
E01003980,22,11
E01003981,5,7
E01003983,27,14
E01003984,22,14
E01003986,23,14
E01003987,24,15
E01003988,27,15
E01003989,28,15
E01003990,28,14
E01003991,23,12
E01003992,25,12
E01003993,24,12
E01003994,22,13
E01003995,20,14
E01003997,22,13
E01003998,19,13
E01003999,23,13
E01004000,19,14
E01004001,22,14
E01004002,23,15
E01004003,21,15
E01004004,20,15
E01004005,20,14
E01004006,21,14
E01004007,26,14
E01004008,22,13
E01004010,21,13
E01004011,27,13
E01004012,27,13
E01004013,23,13
E01004014,29,14
E01004015,27,13
E01004016,25,14
E01004017,30,15
E01004018,30,14
E01004019,23,13
E01004020,24,14
E01004021,20,12
E01004022,19,10
E01004023,16,12
E01004024,21,12
E01004027,11,8
E01004028,17,9
E01004029,19,15
E01004030,16,14
E01004031,19,14
E01004032,22,15
E01004033,17,14
E01004034,19,12
E01004035,25,13
E01004036,20,15
E01004037,23,13
E01004038,26,13
E01004039,28,11
E01004040,28,13
E01004041,30,13
E01004042,26,12
E01004043,27,11
E01004044,25,10
E01004045,16,9
E01004046,19,10
E01004047,12,8
E01004048,16,9
E01004049,12,8
E01004050,13,9
E01004051,8,7
E01004052,17,9
E01004053,22,15
E01004054,24,16
E01004055,24,16
E01004056,26,17
E01004057,27,17
E01004058,30,17
E01004059,26,16
E01004060,24,16
E01004061,19,11
E01004062,19,12
E01004063,19,10
E01004064,22,12
E01004065,21,11
E01004066,21,12
E01004067,18,13
E01004068,21,13
E01004069,27,12
E01004070,17,9
E01004071,21,11
E01004072,22,12
E01004073,17,10
E01004074,19,11
E01004075,26,12
E01004076,35,16
E01004077,34,16
E01004078,38,16
E01004079,36,17
E01004080,34,15
E01004081,37,16
E01004082,37,16
E01004083,41,19
E01004084,40,20
E01004085,46,20
E01004086,36,18
E01004087,38,19
E01004088,40,19
E01004089,40,20
E01004090,22,17
E01004091,34,17
E01004092,31,16
E01004093,31,17
E01004094,28,17
E01004095,32,15
E01004096,27,16
E01004097,30,13
E01004098,30,14
E01004099,20,13
E01004100,26,13
E01004101,20,11
E01004102,24,14
E01004103,24,12
E01004104,35,16
E01004105,36,15
E01004106,40,16
E01004107,39,16
E01004108,46,18
E01004109,52,27
E01004110,26,15
E01004111,27,14
E01004112,32,16
E01004114,43,19
E01004115,35,13
E01004116,34,16
E01004117,37,18
E01004118,29,14
E01004119,36,14
E01004120,30,15
E01004121,36,17
E01004122,36,17
E01004123,9,8
E01004124,18,9
E01004125,10,8
E01004126,7,8
E01004127,13,9
E01004128,7,8
E01004129,13,8
E01004130,28,11
E01004131,38,12
E01004132,39,13
E01004133,36,13
E01004134,32,11
E01004135,27,10
E01004136,36,12
E01004137,22,12
E01004138,19,11
E01004139,25,12
E01004140,20,11
E01004141,19,11
E01004142,19,12
E01004143,22,12
E01004144,16,10
E01004145,23,10
E01004146,19,11
E01004147,16,10
E01004148,24,12
E01004149,19,11
E01004150,28,14
E01004151,31,14
E01004152,28,14
E01004153,31,15
E01004154,36,14
E01004155,32,15
E01004156,24,13
E01004157,25,14
E01004158,26,14
E01004159,30,12
E01004160,25,13
E01004161,31,13
E01004162,22,13
E01004163,18,10
E01004164,20,12
E01004165,16,11
E01004166,21,12
E01004167,13,9
E01004168,16,10
E01004169,23,11
E01004170,25,15
E01004171,27,15
E01004172,27,16
E01004173,32,17
E01004174,28,16
E01004175,26,15
E01004176,24,15
E01004177,31,17
E01004178,29,17
E01004179,34,18
E01004180,38,18
E01004181,35,18
E01004182,33,18
E01004183,14,9
E01004184,18,10
E01004185,23,11
E01004186,26,13
E01004187,16,10
E01004188,23,13
E01004189,19,10
E01004190,35,16
E01004191,31,15
E01004192,39,17
E01004193,43,16
E01004194,43,14
E01004195,35,17
E01004196,40,14
E01004197,18,10
E01004198,17,9
E01004199,18,9
E01004200,19,9
E01004201,22,10
E01004202,22,9
E01004203,15,8
E01004204,18,8
E01004205,8,7
E01004206,7,7
E01004207,12,8
E01004208,6,7
E01004209,11,8
E01004211,12,8
E01004212,10,7
E01004214,35,14
E01004215,30,15
E01004216,38,15
E01004217,33,16
E01004218,36,16
E01004219,27,12
E01004221,32,14
E01004222,25,12
E01004223,22,12
E01004224,23,12
E01004225,23,13
E01004226,25,13
E01004228,21,12
E01004229,19,13
E01004230,19,11
E01004231,18,13
E01004232,15,13
E01004233,23,12
E01004234,21,12
E01004235,22,13
E01004236,23,13
E01004237,20,13
E01004238,21,13
E01004239,22,12
E01004240,26,12
E01004241,27,11
E01004242,27,11
E01004243,31,12
E01004244,29,12
E01004245,29,11
E01004246,29,12
E01004247,30,13
E01004248,26,14
E01004249,31,13
E01004250,28,11
E01004251,25,9
E01004252,26,11
E01004253,26,12
E01004254,23,10
E01004255,22,10
E01004256,27,12
E01004257,29,12
E01004258,25,11
E01004259,17,9
E01004260,19,9
E01004261,15,9
E01004262,16,9
E01004263,15,8
E01004264,16,9
E01004266,20,10
E01004267,19,13
E01004268,17,13
E01004269,17,12
E01004270,20,10
E01004271,24,11
E01004272,25,10
E01004273,24,10
E01004274,36,16
E01004275,34,16
E01004276,36,17
E01004277,25,12
E01004280,32,15
E01004281,34,16
E01004283,10,7
E01004284,18,8
E01004285,21,9
E01004286,21,8
E01004287,10,7
E01004288,18,8
E01004289,14,7
E01004290,11,8
E01004291,16,10
E01004292,21,11
E01004293,23,12
E01004294,20,11
E01004295,18,10
E01004296,17,10
E01004297,16,9
E01004298,11,7
E01004300,18,9
E01004301,14,8
E01004302,13,8
E01004303,18,9
E01004304,11,7
E01004305,17,8
E01004306,14,8
E01004307,15,9
E01004308,12,8
E01004309,11,8
E01004310,15,9
E01004311,17,10
E01004312,18,8
E01004313,16,8
E01004314,21,9
E01004315,15,9
E01004316,13,9
E01004317,14,8
E01004318,19,9
E01004319,15,8
E01004321,10,7
E01004322,4,7
E01004323,5,6
E01004324,7,7
E01004325,11,8
E01004326,7,6
E01004327,28,13
E01004328,25,12
E01004329,32,13
E01004330,27,12
E01004331,34,14
E01004332,28,13
E01004333,23,12
E01004334,24,12
E01004335,28,13
E01004336,26,13
E01004337,31,13
E01004338,27,13
E01004339,23,12
E01004340,26,12
E01004341,23,12
E01004342,28,11
E01004343,26,11
E01004344,30,12
E01004345,25,11
E01004346,33,13
E01004347,28,12
E01004348,24,10
E01004349,46,23
E01004350,42,21
E01004351,42,21
E01004352,31,21
E01004353,34,19
E01004354,32,20
E01004355,42,19
E01004356,42,18
E01004357,42,20
E01004358,39,19
E01004359,39,18
E01004360,38,18
E01004361,40,18
E01004362,12,8
E01004363,9,8
E01004364,15,9
E01004365,15,10
E01004366,13,8
E01004367,18,8
E01004368,17,9
E01004369,26,10
E01004370,24,10
E01004371,21,10
E01004372,25,10
E01004373,29,11
E01004374,24,11
E01004375,26,11
E01004376,23,12
E01004377,26,12
E01004378,23,11
E01004379,29,14
E01004380,28,14
E01004381,27,13
E01004382,31,13
E01004383,30,13
E01004384,37,16
E01004385,26,16
E01004386,35,16
E01004387,30,14
E01004388,27,14
E01004389,36,18
E01004390,39,16
E01004391,28,15
E01004392,27,15
E01004393,27,15
E01004394,25,14
E01004395,30,16
E01004396,28,15
E01004397,24,13
E01004398,34,16
E01004399,38,15
E01004400,34,16
E01004401,34,16
E01004402,33,16
E01004403,38,14
E01004404,31,16
E01004405,17,11
E01004406,18,11
E01004407,23,10
E01004408,26,12
E01004409,24,11
E01004410,21,10
E01004411,20,11
E01004412,19,10
E01004413,33,17
E01004414,35,17
E01004415,36,18
E01004416,36,16
E01004417,35,16
E01004418,37,15
E01004419,34,15
E01004420,18,11
E01004421,23,12
E01004422,28,13
E01004423,21,11
E01004424,24,12
E01004425,26,13
E01004426,26,11
E01004427,25,13
E01004428,31,11
E01004429,26,11
E01004430,21,12
E01004432,25,10
E01004434,29,12
E01004435,30,10
E01004436,16,9
E01004437,15,8
E01004438,17,11
E01004439,18,9
E01004440,20,11
E01004441,20,11
E01004442,15,9
E01004443,21,12
E01004444,28,13
E01004445,24,12
E01004446,29,14
E01004447,20,12
E01004448,30,13
E01004449,25,12
E01004450,31,15
E01004451,36,16
E01004452,31,15
E01004453,29,14
E01004454,34,15
E01004455,36,14
E01004456,35,14
E01004457,31,14
E01004458,29,15
E01004459,32,15
E01004460,26,13
E01004461,28,16
E01004462,27,14
E01004463,33,14
E01004464,16,9
E01004465,11,9
E01004466,14,9
E01004467,9,8
E01004468,14,9
E01004469,19,10
E01004470,19,9
E01004471,18,9
E01004472,27,16
E01004473,25,15
E01004474,23,15
E01004475,26,15
E01004476,24,16
E01004477,30,16
E01004478,33,17
E01004479,29,15
E01004480,26,16
E01004481,18,11
E01004482,22,11
E01004483,28,12
E01004484,28,15
E01004485,23,13
E01004486,30,13
E01004487,26,13
E01004488,22,13
E01004489,22,12
E01004490,18,10
E01004491,16,10
E01004492,16,10
E01004493,25,14
E01004494,25,14
E01004495,24,13
E01004496,21,12
E01004497,21,11
E01004498,20,11
E01004499,32,19
E01004500,32,20
E01004501,34,20
E01004502,33,18
E01004503,34,19
E01004504,37,18
E01004505,32,18
E01004506,30,20
E01004507,29,20
E01004508,30,17
E01004509,27,16
E01004510,32,16
E01004511,30,18
E01004512,32,16
E01004513,28,15
E01004514,30,16
E01004515,30,17
E01004516,27,12
E01004517,29,13
E01004518,29,13
E01004519,21,11
E01004520,24,11
E01004521,30,14
E01004522,26,12
E01004523,25,13
E01004524,26,13
E01004525,13,9
E01004526,13,9
E01004527,16,10
E01004528,19,10
E01004529,17,10
E01004530,14,9
E01004531,18,10
E01004532,24,11
E01004533,21,10
E01004534,25,14
E01004535,29,16
E01004536,27,15
E01004537,30,16
E01004538,28,16
E01004539,30,15
E01004540,24,13
E01004541,26,16
E01004542,29,15
E01004543,26,12
E01004544,25,14
E01004545,22,13
E01004546,24,12
E01004547,25,12
E01004548,20,12
E01004549,22,11
E01004550,28,15
E01004551,27,17
E01004552,30,16
E01004553,32,17
E01004554,35,17
E01004555,34,17
E01004556,36,17
E01004557,36,17
E01004558,35,17
E01004559,32,16
E01004560,28,14
E01004562,24,14
E01004563,29,15
E01004564,27,18
E01004565,30,17
E01004566,28,15
E01004567,28,15
E01004568,31,18
E01004569,29,18
E01004570,29,17
E01004571,27,17
E01004572,27,17
E01004573,23,14
E01004574,36,19
E01004575,36,21
E01004576,39,20
E01004577,21,12
E01004579,23,13
E01004580,25,13
E01004581,24,13
E01004582,20,11
E01004583,18,11
E01004584,21,12
E01004585,31,14
E01004586,34,15
E01004587,35,17
E01004588,31,16
E01004589,35,16
E01004590,33,16
E01004591,32,16
E01004592,33,15
E01004593,33,16
E01004594,34,17
E01004595,33,16
E01004596,33,16
E01004597,31,15
E01004598,25,13
E01004599,35,15
E01004600,27,17
E01004601,32,17
E01004602,22,19
E01004604,30,19
E01004605,29,19
E01004606,26,18
E01004607,27,18
E01004608,21,17
E01004609,24,19
E01004610,11,8
E01004611,19,10
E01004612,15,9
E01004613,15,9
E01004614,6,7
E01004615,9,8
E01004616,8,9
E01004617,8,8
E01004618,19,9
E01004619,30,14
E01004620,30,15
E01004621,29,15
E01004622,32,15
E01004623,25,14
E01004624,26,12
E01004625,27,12
E01004626,23,11
E01004627,33,16
E01004628,39,18
E01004629,35,17
E01004630,38,17
E01004631,38,17
E01004632,33,17
E01004633,35,17
E01004634,39,17
E01004635,36,18
E01004636,36,17
E01004637,32,18
E01004638,36,20
E01004639,37,20
E01004640,35,20
E01004641,36,20
E01004642,35,19
E01004643,30,19
E01004644,32,18
E01004645,30,18
E01004646,23,14
E01004647,23,14
E01004648,19,14
E01004649,20,14
E01004650,17,14
E01004651,19,14
E01004652,12,10
E01004653,16,12
E01004654,15,11
E01004656,13,10
E01004657,16,9
E01004658,13,9
E01004659,14,11
E01004660,12,11
E01004661,10,8
E01004662,14,10
E01004663,11,8
E01004665,22,13
E01004666,23,14
E01004667,24,14
E01004668,22,14
E01004669,21,13
E01004670,17,12
E01004674,22,13
E01004675,20,13
E01004676,19,12
E01004677,20,14
E01004678,20,14
E01004679,23,14
E01004680,11,8
E01004681,8,8
E01004682,6,7
E01004683,7,7
E01004684,6,7
E01004686,10,8
E01004687,23,14
E01004688,26,14
E01004689,22,14
E01004690,20,14
E01004691,24,14
E01004692,25,14
E01004693,14,11
E01004694,11,9
E01004695,12,10
E01004696,12,9
E01004697,11,8
E01004698,13,10
E01004699,13,11
E01004700,10,8
E01004701,13,12
E01004702,12,11
E01004703,12,11
E01004705,12,11
E01004706,16,13
E01004707,14,12
E01004708,18,13
E01004709,10,12
E01004710,16,14
E01004711,13,13
E01004712,15,10
E01004713,15,12
E01004714,18,11
E01004715,8,11
E01004716,13,12
E01004717,17,11
E01004718,23,14
E01004719,24,14
E01004720,25,14
E01004721,25,13
E01004722,21,15
E01004723,18,15
E01004724,24,14
E01004725,21,13
E01004726,19,13
E01004727,15,13
E01004728,18,13
E01004729,17,12
E01004730,26,14
E01004731,16,12
E01004732,14,10
E01004733,12,10
E01004734,13,13
E01004735,17,12
E01004736,17,14
E01004737,18,12
E01004738,18,12
E01004739,20,12
E01004740,18,12
E01004741,16,11
E01004742,17,12
E01004743,13,10
E01004744,16,11
E01004745,15,10
E01004746,15,10
E01004747,18,11
E01004748,18,12
E01004749,19,13
E01004750,21,14
E01004751,23,13
E01004752,20,12
E01004753,21,13
E01004754,15,11
E01004755,21,12
E01004756,17,11
E01004757,15,11
E01004760,17,12
E01004761,16,14
E01004762,17,12
E01004763,13,11
E01004765,12,12
E01004766,45,19
E01004767,46,19
E01004768,51,22
E01004769,51,22
E01004770,54,21
E01004771,48,21
E01004772,49,21
E01004773,45,20
E01004774,46,20
E01004775,45,20
E01004776,37,20
E01004777,38,22
E01004778,40,19
E01004779,42,22
E01004780,40,21
E01004781,49,20
E01004782,39,19
E01004783,37,20
E01004784,58,20
E01004785,52,20
E01004786,52,21
E01004787,50,19
E01004788,52,22
E01004789,57,23
E01004790,45,20
E01004791,53,22
E01004792,55,21
E01004793,48,18
E01004794,47,19
E01004795,50,19
E01004796,42,17
E01004797,44,18
E01004798,47,18
E01004799,48,19
E01004800,50,20
E01004801,44,17
E01004802,38,19
E01004803,55,25
E01004804,60,24
E01004805,46,24
E01004806,41,22
E01004807,54,24
E01004808,56,24
E01004809,48,23
E01004810,45,20
E01004811,20,10
E01004812,18,10
E01004813,16,10
E01004814,20,11
E01004815,18,10
E01004816,14,9
E01004817,27,13
E01004818,31,14
E01004819,33,14
E01004820,34,17
E01004822,37,17
E01004823,30,16
E01004824,43,17
E01004825,39,17
E01004826,36,18
E01004827,30,14
E01004828,26,14
E01004829,24,13
E01004830,25,13
E01004831,25,13
E01004832,26,12
E01004833,23,13
E01004834,33,14
E01004835,37,18
E01004836,36,16
E01004837,43,19
E01004838,33,14
E01004839,31,15
E01004840,44,21
E01004841,44,22
E01004842,44,20
E01004843,44,19
E01004844,43,20
E01004845,42,18
E01004846,18,11
E01004847,23,12
E01004848,25,12
E01004849,31,14
E01004850,33,14
E01004851,31,13
E01004852,26,12
E01004853,28,14
E01004854,23,12
E01004855,20,12
E01004856,14,9
E01004857,18,11
E01004858,20,11
E01004859,20,13
E01004860,23,12
E01004861,18,10
E01004862,22,11
E01004863,21,12
E01004864,40,19
E01004865,39,18
E01004866,35,17
E01004867,36,18
E01004868,41,17
E01004869,38,17
E01004870,38,16
E01004871,39,16
E01004872,17,9
E01004873,14,8
E01004874,13,9
E01004875,10,8
E01004876,14,9
E01004877,21,12
E01004878,24,12
E01004879,16,10
E01004880,11,8
E01004881,35,22
E01004882,40,22
E01004883,43,21
E01004884,40,23
E01004885,49,21
E01004886,49,21
E01004887,53,21
E01004888,44,24
E01004889,39,23
E01004890,36,23
E01004891,25,18
E01004892,19,15
E01004893,26,19
E01004894,30,19
E01004895,31,20
E01004896,30,16
E01004897,39,19
E01004899,35,16
E01004900,31,15
E01004901,34,18
E01004902,24,13
E01004903,30,17
E01004904,31,18
E01004905,25,15
E01004906,22,14
E01004907,29,17
E01004908,33,19
E01004909,28,17
E01004910,29,17
E01004911,35,16
E01004912,33,15
E01004913,37,16
E01004914,38,18
E01004915,38,17
E01004916,34,17
E01004917,43,15
E01004918,40,16
E01004919,39,20
E01004920,42,21
E01004921,39,19
E01004922,39,18
E01004923,42,17
E01004924,45,21
E01004925,37,19
E01004926,40,17
E01004927,43,16
E01004928,41,16
E01004929,38,17
E01004930,42,16
E01004931,38,16
E01004932,38,16
E01004933,44,23
E01004934,47,23
E01004935,42,22
E01004936,29,20
E01004937,45,21
E01004938,32,21
E01004939,36,21
E01004940,41,23
E01004941,37,17
E01004942,36,18
E01004943,30,17
E01004944,37,17
E01004945,41,20
E01004946,39,18
E01004947,34,17
E01004948,34,17
E01004949,37,19
E01004950,42,20
E01004951,37,18
E01004952,39,19
E01004953,35,18
E01004954,8,7
E01004955,12,8
E01004956,24,12
E01004957,18,11
E01004958,17,10
E01004959,19,10
E01004960,19,10
E01004961,35,17
E01004962,36,17
E01004963,37,18
E01004964,33,16
E01004965,38,19
E01004966,36,19
E01004967,38,19
E01004968,39,18
E01004969,33,17
E01004970,34,16
E01004971,31,16
E01004972,32,15
E01004973,31,14
E01004974,29,15
E01004975,27,14
E01004976,30,14
E01004977,30,14
E01004978,27,13
E01004979,26,13
E01004980,24,12
E01004981,34,16
E01004982,34,16
E01004983,31,17
E01004984,39,20
E01004985,41,22
E01004986,31,18
E01004987,36,20
E01004988,33,20
E01004989,33,20
E01004990,39,19
E01004991,35,17
E01004992,37,18
E01004993,35,18
E01004994,35,19
E01004995,39,18
E01004996,41,20
E01004997,42,21
E01004998,47,21
E01004999,48,21
E01005000,44,18
E01005001,44,18
E01005002,45,19
E01005003,46,20
E01005004,44,19
E01005005,47,20
E01005006,42,20
E01005007,35,19
E01005008,38,20
E01005009,36,20
E01005010,36,20
E01005011,36,20
E01005012,40,21
E01005013,41,21
E01005014,43,22
E01005015,41,21
E01005016,44,22
E01005017,45,23
E01005018,46,24
E01005019,44,23
E01005020,53,25
E01005021,47,24
E01005022,48,21
E01005023,44,21
E01005024,25,12
E01005025,31,15
E01005026,28,13
E01005027,29,15
E01005028,31,14
E01005029,31,14
E01005030,34,16
E01005031,29,16
E01005032,25,14
E01005033,32,13
E01005034,28,16
E01005035,30,16
E01005036,27,15
E01005037,31,16
E01005038,32,15
E01005039,25,13
E01005040,20,11
E01005041,21,11
E01005042,29,12
E01005043,22,11
E01005044,25,12
E01005045,30,14
E01005046,44,22
E01005047,58,23
E01005048,49,23
E01005049,48,22
E01005050,43,19
E01005051,45,21
E01005052,44,20
E01005053,40,20
E01005054,38,16
E01005055,42,19
E01005056,42,19
E01005057,41,18
E01005058,42,20
E01005059,35,16
E01005060,36,17
E01005061,24,10
E01005062,11,8
E01005063,14,8
E01005065,15,8
E01005066,16,8
E01005067,30,12
E01005068,17,9
E01005069,23,15
E01005070,13,9
E01005071,20,10
E01005072,21,11
E01005073,23,11
E01005074,16,10
E01005075,11,9
E01005076,30,15
E01005077,41,18
E01005078,33,17
E01005079,36,16
E01005081,41,17
E01005082,42,17
E01005083,33,16
E01005084,41,17
E01005085,33,13
E01005086,31,13
E01005087,25,12
E01005088,24,11
E01005089,28,13
E01005090,24,12
E01005091,25,13
E01005092,42,15
E01005093,44,16
E01005094,40,16
E01005097,46,16
E01005098,22,12
E01005099,24,11
E01005100,21,11
E01005101,18,10
E01005102,21,11
E01005103,16,9
E01005104,19,10
E01005105,36,12
E01005106,37,14
E01005107,46,16
E01005108,43,17
E01005111,32,15
E01005112,26,12
E01005113,26,14
E01005114,33,15
E01005115,31,16
E01005116,29,14
E01005117,24,12
E01005118,30,17
E01005119,36,18
E01005120,33,17
E01005121,30,17
E01005122,37,17
E01005123,33,17
E01005124,36,18
E01005125,33,17
E01005126,34,18
E01005128,17,9
E01005129,30,14
E01005130,26,13
E01005132,33,14
E01005133,32,13
E01005135,26,12
E01005136,20,11
E01005138,20,12
E01005139,22,13
E01005140,14,9
E01005141,17,13
E01005142,18,10
E01005143,18,11
E01005145,19,10
E01005146,17,10
E01005147,21,11
E01005149,14,9
E01005150,35,16
E01005151,35,18
E01005152,36,16
E01005153,41,17
E01005154,35,17
E01005155,39,18
E01005156,37,16
E01005157,44,18
E01005158,38,17
E01005159,32,16
E01005160,16,10
E01005161,12,8
E01005162,16,9
E01005163,14,8
E01005164,7,7
E01005165,13,9
E01005166,11,7
E01005167,10,8
E01005168,35,19
E01005169,36,20
E01005170,41,21
E01005171,37,21
E01005172,30,16
E01005173,32,17
E01005174,33,17
E01005175,36,18
E01005176,31,17
E01005177,33,18
E01005178,22,10
E01005179,31,13
E01005180,23,11
E01005181,32,13
E01005182,27,12
E01005183,24,11
E01005184,21,12
E01005185,18,12
E01005186,29,14
E01005187,43,16
E01005188,43,16
E01005189,29,15
E01005190,35,16
E01005191,32,15
E01005192,39,17
E01005193,38,17
E01005194,24,13
E01005195,37,14
E01005196,41,16
E01005197,33,15
E01005198,29,14
E01005199,27,13
E01005200,34,15
E01005201,27,14
E01005202,18,12
E01005203,15,11
E01005205,15,10
E01005206,16,10
E01005207,18,11
E01005208,18,10
E01005209,12,8
E01005210,14,9
E01005212,16,9
E01005213,21,11
E01005214,20,11
E01005215,30,16
E01005216,29,15
E01005217,32,16
E01005218,30,15
E01005219,27,14
E01005220,29,14
E01005221,26,15
E01005222,29,15
E01005223,19,12
E01005224,20,12
E01005225,25,14
E01005226,18,13
E01005227,20,12
E01005228,28,14
E01005229,20,13
E01005230,18,9
E01005231,16,9
E01005232,24,11
E01005233,24,12
E01005234,21,11
E01005235,23,12
E01005236,19,10
E01005237,22,11
E01005238,26,12
E01005239,19,10
E01005240,21,10
E01005241,19,10
E01005242,17,9
E01005243,20,11
E01005244,13,8
E01005245,18,10
E01005246,17,9
E01005247,33,16
E01005248,33,16
E01005249,28,15
E01005250,26,15
E01005251,28,16
E01005252,20,14
E01005253,31,17
E01005254,35,17
E01005255,42,17
E01005256,33,16
E01005257,38,15
E01005258,35,17
E01005259,35,17
E01005260,37,18
E01005261,39,17
E01005262,32,16
E01005263,38,15
E01005264,31,15
E01005265,30,15
E01005266,31,15
E01005267,34,14
E01005268,34,15
E01005269,32,14
E01005270,28,13
E01005271,20,13
E01005272,30,15
E01005273,22,13
E01005274,28,13
E01005275,28,14
E01005276,26,14
E01005277,27,15
E01005278,25,12
E01005279,29,14
E01005280,23,12
E01005281,17,11
E01005282,26,13
E01005283,24,14
E01005284,11,8
E01005285,15,9
E01005286,17,10
E01005287,21,12
E01005288,16,9
E01005289,29,13
E01005290,32,14
E01005291,27,13
E01005292,34,15
E01005293,32,14
E01005294,37,15
E01005295,33,14
E01005296,32,15
E01005297,34,13
E01005298,31,14
E01005299,36,15
E01005300,37,15
E01005301,36,15
E01005302,23,13
E01005304,23,14
E01005305,30,15
E01005306,28,16
E01005307,27,15
E01005308,33,16
E01005309,21,14
E01005310,25,15
E01005311,29,15
E01005312,24,15
E01005313,26,13
E01005314,27,14
E01005315,29,13
E01005316,28,13
E01005317,35,15
E01005318,34,15
E01005319,23,11
E01005320,27,12
E01005321,33,13
E01005322,27,12
E01005323,28,14
E01005324,33,14
E01005325,33,14
E01005326,31,11
E01005327,21,12
E01005328,19,10
E01005329,33,14
E01005330,28,13
E01005331,24,11
E01005332,26,12
E01005333,26,13
E01005334,28,13
E01005335,23,13
E01005336,25,12
E01005337,14,9
E01005338,17,10
E01005339,20,11
E01005340,19,10
E01005341,28,14
E01005342,24,12
E01005343,28,13
E01005344,25,12
E01005345,30,16
E01005346,30,17
E01005347,33,14
E01005348,9,7
E01005349,11,8
E01005350,12,8
E01005351,14,8
E01005352,15,9
E01005353,16,9
E01005354,9,7
E01005355,21,12
E01005356,21,12
E01005357,34,16
E01005358,30,15
E01005359,27,15
E01005360,23,14
E01005361,26,14
E01005362,28,17
E01005363,35,17
E01005364,31,17
E01005365,29,17
E01005366,36,18
E01005367,37,19
E01005368,29,16
E01005369,35,18
E01005370,38,18
E01005371,35,18
E01005372,40,19
E01005373,41,20
E01005374,41,19
E01005375,37,19
E01005376,29,14
E01005377,29,14
E01005378,31,14
E01005379,33,14
E01005380,30,16
E01005381,26,12
E01005382,29,13
E01005383,37,14
E01005386,38,15
E01005387,37,15
E01005388,38,15
E01005389,36,15
E01005390,20,12
E01005391,18,11
E01005392,15,10
E01005393,17,10
E01005394,22,13
E01005395,19,12
E01005396,23,13
E01005397,20,11
E01005398,12,8
E01005399,18,11
E01005400,15,10
E01005401,13,8
E01005402,7,7
E01005403,18,11
E01005406,39,17
E01005407,37,18
E01005408,34,18
E01005409,36,19
E01005410,48,24
E01005411,41,22
E01005412,41,20
E01005413,31,16
E01005414,52,20
E01005415,49,21
E01005416,45,20
E01005417,38,16
E01005418,39,16
E01005419,34,16
E01005420,36,16
E01005421,33,13
E01005422,34,13
E01005427,30,11
E01005428,31,12
E01005429,32,12
E01005430,34,12
E01005431,34,13
E01005432,21,11
E01005433,18,9
E01005434,22,11
E01005435,22,11
E01005436,26,12
E01005437,26,11
E01005438,28,12
E01005439,29,13
E01005440,30,15
E01005441,30,15
E01005442,33,16
E01005443,34,16
E01005444,28,15
E01005445,26,14
E01005446,29,15
E01005447,24,13
E01005448,33,13
E01005449,36,13
E01005450,34,12
E01005451,34,13
E01005452,40,16
E01005453,37,16
E01005454,38,15
E01005455,34,14
E01005456,33,13
E01005459,21,9
E01005460,21,11
E01005461,23,10
E01005462,26,11
E01005463,25,12
E01005464,31,15
E01005465,27,15
E01005466,33,16
E01005467,30,16
E01005468,26,15
E01005469,27,14
E01005470,28,12
E01005471,32,13
E01005472,30,12
E01005473,28,12
E01005474,32,14
E01005475,31,13
E01005476,41,16
E01005477,39,15
E01005478,43,16
E01005479,40,14
E01005480,33,14
E01005481,35,15
E01005482,12,8
E01005483,12,8
E01005484,24,11
E01005485,23,11
E01005486,3,6
E01005487,11,8
E01005488,26,12
E01005489,15,9
E01005490,14,9
E01005491,16,9
E01005492,22,11
E01005493,19,9
E01005494,11,8
E01005495,10,7
E01005496,21,11
E01005497,22,12
E01005498,21,12
E01005499,18,10
E01005500,27,13
E01005501,20,12
E01005502,21,13
E01005503,25,16
E01005504,24,13
E01005505,26,13
E01005506,23,15
E01005507,25,15
E01005508,30,16
E01005509,23,13
E01005510,31,13
E01005511,33,14
E01005512,30,14
E01005513,30,15
E01005514,32,14
E01005515,28,15
E01005516,34,16
E01005517,35,16
E01005518,37,19
E01005519,39,16
E01005520,35,17
E01005521,45,18
E01005522,28,15
E01005523,26,14
E01005524,38,17
E01005525,42,16
E01005526,41,17
E01005527,41,18
E01005528,40,16
E01005529,40,17
E01005530,39,17
E01005531,41,17
E01005532,40,17
E01005533,32,16
E01005534,33,16
E01005535,36,16
E01005536,32,15
E01005537,31,17
E01005538,27,15
E01005539,33,16
E01005540,25,15
E01005541,27,16
E01005542,29,15
E01005543,34,15
E01005544,30,14
E01005545,36,15
E01005546,28,17
E01005547,25,16
E01005548,34,18
E01005549,30,15
E01005550,37,17
E01005551,41,18
E01005552,42,20
E01005553,40,19
E01005554,49,18
E01005555,34,16
E01005556,31,15
E01005557,37,17
E01005558,32,16
E01005559,30,14
E01005560,36,17
E01005561,42,19
E01005562,36,18
E01005563,26,13
E01005564,25,12
E01005565,29,15
E01005566,25,12
E01005567,28,13
E01005568,25,11
E01005569,26,12
E01005570,31,15
E01005571,33,15
E01005572,26,14
E01005573,29,14
E01005574,22,13
E01005575,19,12
E01005576,25,13
E01005577,28,12
E01005578,19,10
E01005579,26,11
E01005580,11,8
E01005581,18,9
E01005583,14,8
E01005585,23,10
E01005586,22,11
E01005587,28,13
E01005588,24,12
E01005589,20,10
E01005590,18,9
E01005591,21,10
E01005592,24,11
E01005593,25,12
E01005594,25,12
E01005595,21,11
E01005596,23,13
E01005597,28,13
E01005598,27,14
E01005599,21,11
E01005600,25,12
E01005601,24,13
E01005602,27,13
E01005603,26,14
E01005604,30,14
E01005605,26,14
E01005609,33,15
E01005610,36,16
E01005611,28,15
E01005612,23,13
E01005613,19,11
E01005614,19,11
E01005615,27,14
E01005616,45,25
E01005617,43,23
E01005618,44,24
E01005619,47,24
E01005620,42,20
E01005621,38,22
E01005622,26,11
E01005623,24,11
E01005624,33,12
E01005625,20,11
E01005626,21,11
E01005627,16,10
E01005628,23,11
E01005629,20,10
E01005630,16,9
E01005631,18,10
E01005632,20,12
E01005633,18,10
E01005634,23,13
E01005635,16,10
E01005636,20,12
E01005637,20,13
E01005638,24,12
E01005639,45,20
E01005640,40,18
E01005641,41,19
E01005642,41,19
E01005643,46,20
E01005644,45,20
E01005645,44,21
E01005646,17,11
E01005647,21,12
E01005648,29,14
E01005649,22,12
E01005650,27,13
E01005651,17,11
E01005652,33,14
E01005653,38,15
E01005654,23,11
E01005655,24,12
E01005656,22,10
E01005657,24,11
E01005658,24,13
E01005659,27,13
E01005660,23,13
E01005661,32,15
E01005662,32,15
E01005663,32,16
E01005664,21,12
E01005665,21,12
E01005667,30,14
E01005670,39,17
E01005671,34,15
E01005672,30,15
E01005673,36,14
E01005674,29,14
E01005675,37,14
E01005676,35,20
E01005677,38,18
E01005678,46,18
E01005679,46,17
E01005680,23,12
E01005681,28,14
E01005682,26,14
E01005683,34,16
E01005686,32,16
E01005687,33,17
E01005688,37,18
E01005689,32,17
E01005690,31,15
E01005691,36,18
E01005692,38,17
E01005693,33,17
E01005694,25,14
E01005695,33,16
E01005696,29,15
E01005697,34,16
E01005698,26,14
E01005699,30,13
E01005700,26,14
E01005701,25,13
E01005702,31,14
E01005703,26,13
E01005704,24,13
E01005705,35,17
E01005706,26,14
E01005707,37,15
E01005708,30,15
E01005709,36,16
E01005710,34,16
E01005711,36,18
E01005712,33,16
E01005713,33,18
E01005714,39,18
E01005715,38,18
E01005716,35,20
E01005717,40,20
E01005718,30,16
E01005719,12,8
E01005720,17,9
E01005721,22,11
E01005722,16,9
E01005723,19,10
E01005724,13,9
E01005725,25,15
E01005726,25,15
E01005727,22,14
E01005728,27,16
E01005729,28,15
E01005730,28,15
E01005731,33,15
E01005732,33,14
E01005733,26,15
E01005734,35,19
E01005735,38,20
E01005736,39,20
E01005737,38,19
E01005738,29,15
E01005739,41,20
E01005740,34,18
E01005741,33,17
E01005742,35,17
E01005743,51,19
E01005744,51,20
E01005745,48,21
E01005746,52,20
E01005747,50,21
E01005748,54,21
E01005749,51,20
E01005750,46,18
E01005751,51,20
E01005752,56,19
E01005753,44,20
E01005754,47,21
E01005755,46,19
E01005756,45,22
E01005757,39,17
E01005758,25,17
E01005759,35,16
E01005760,27,15
E01005761,38,17
E01005762,43,18
E01005763,36,17
E01005764,35,18
E01005765,40,20
E01005766,26,16
E01005767,50,17
E01005768,42,19
E01005769,43,19
E01005770,42,15
E01005771,40,16
E01005772,42,18
E01005773,44,20
E01005774,46,19
E01005775,39,15
E01005776,51,21
E01005777,50,20
E01005778,50,17
E01005779,49,18
E01005780,50,18
E01005781,46,18
E01005782,43,16
E01005783,50,19
E01005784,50,20
E01005785,50,18
E01005786,46,17
E01005787,54,19
E01005788,49,18
E01005789,47,15
E01005790,50,21
E01005791,48,17
E01005792,47,16
E01005793,46,18
E01005794,48,16
E01005795,50,17
E01005796,48,15
E01005797,22,14
E01005798,25,14
E01005799,34,16
E01005800,30,15
E01005801,11,9
E01005802,19,12
E01005803,23,13
E01005804,28,15
E01005805,20,12
E01005806,25,10
E01005807,21,11
E01005808,34,12
E01005809,40,14
E01005810,39,14
E01005811,26,12
E01005812,31,11
E01005813,23,9
E01005814,18,9
E01005815,22,11
E01005816,37,19
E01005817,36,19
E01005818,47,18
E01005819,48,17
E01005820,41,19
E01005821,45,19
E01005822,31,18
E01005823,43,19
E01005824,20,12
E01005825,20,12
E01005826,17,12
E01005827,18,11
E01005828,19,12
E01005829,16,10
E01005830,18,11
E01005831,14,10
E01005832,24,13
E01005833,22,13
E01005834,21,10
E01005835,32,13
E01005836,19,10
E01005837,27,12
E01005838,13,9
E01005839,19,12
E01005840,12,9
E01005841,19,12
E01005842,22,13
E01005843,31,12
E01005844,46,18
E01005845,43,17
E01005846,46,19
E01005847,50,19
E01005848,53,19
E01005849,44,18
E01005850,53,18
E01005851,48,17
E01005852,38,21
E01005853,43,21
E01005854,44,22
E01005855,42,22
E01005856,42,21
E01005857,45,22
E01005858,38,21
E01005859,42,21
E01005860,39,22
E01005861,37,22
E01005862,38,19
E01005863,35,20
E01005864,39,21
E01005865,43,21
E01005866,32,19
E01005867,43,21
E01005868,40,19
E01005869,32,18
E01005870,26,15
E01005871,24,14
E01005872,24,15
E01005873,28,14
E01005874,23,15
E01005875,25,14
E01005876,21,13
E01005877,21,14
E01005878,35,17
E01005879,35,18
E01005880,38,22
E01005881,40,22
E01005882,43,17
E01005883,39,20
E01005884,40,16
E01005885,32,19
E01005886,41,19
E01005887,43,18
E01005888,45,19
E01005889,42,18
E01005890,42,17
E01005891,50,20
E01005892,46,21
E01005893,46,19
E01005894,45,19
E01005895,43,21
E01005896,41,19
E01005897,59,20
E01005898,57,21
E01005899,54,17
E01005900,49,19
E01005901,61,18
E01005902,58,18
E01005903,58,20
E01005904,51,19
E01005905,55,19
E01005906,29,17
E01005907,30,17
E01005908,53,25
E01005909,36,21
E01005910,31,20
E01005911,33,19
E01005912,32,20
E01005913,25,16
E01005914,42,21
E01005915,39,20
E01005916,37,21
E01005917,33,21
E01005918,34,19
E01005919,44,20
E01005920,44,20
E01005921,46,20
E01005922,44,21
E01005923,50,17
E01005924,46,16
E01005925,44,15
E01005926,53,18
E01005927,35,12
E01005928,38,13
E01005929,46,13
E01005930,42,13
E01005931,45,15
E01005932,44,16
E01005933,22,11
E01005934,23,10
E01005935,17,9
E01005936,17,9
E01005937,16,9
E01005938,21,12
E01005939,19,12
E01005940,22,12
E01005941,16,8
E01005942,11,7
E01005943,16,8
E01005944,8,7
E01005945,15,9
E01005946,17,8
E01005947,12,7
E01005948,19,10
E01005949,21,9
E01005950,26,12
E01005951,31,13
E01005952,26,11
E01005953,31,12
E01005954,27,12
E01005955,27,13
E01005956,27,13
E01005957,26,11
E01005958,26,12
E01005959,29,12
E01005960,24,11
E01005961,38,19
E01005962,34,15
E01005963,35,15
E01005964,38,16
E01005965,37,14
E01005966,43,16
E01005967,40,15
E01005968,36,16
E01005969,35,16
E01005970,46,16
E01005971,44,17
E01005972,44,17
E01005973,45,18
E01005974,49,18
E01005975,51,20
E01005976,51,19
E01005977,49,20
E01005978,40,18
E01005979,42,19
E01005980,44,19
E01005981,47,20
E01005982,53,22
E01005983,46,20
E01005984,45,20
E01005985,49,19
E01005986,52,19
E01005987,50,20
E01005988,44,18
E01005989,58,20
E01005990,44,19
E01005991,41,18
E01005992,48,18
E01005993,32,17
E01005994,36,19
E01005995,33,17
E01005996,33,17
E01005997,34,18
E01005998,40,18
E01005999,39,19
E01006000,38,18
E01006001,45,17
E01006002,39,19
E01006003,41,17
E01006004,38,19
E01006005,37,20
E01006006,43,19
E01006007,36,20
E01006008,28,13
E01006009,24,10
E01006010,25,11
E01006011,28,12
E01006012,27,11
E01006013,23,11
E01006014,28,12
E01006015,29,12
E01006016,25,11
E01006017,30,13
E01006018,23,11
E01006019,25,12
E01006020,25,12
E01006021,21,10
E01006022,18,11
E01006023,17,10
E01006024,40,16
E01006025,34,19
E01006026,38,15
E01006027,36,19
E01006028,40,16
E01006029,41,16
E01006030,51,18
E01006031,31,14
E01006032,34,14
E01006033,30,13
E01006034,36,15
E01006035,36,14
E01006036,33,14
E01006037,41,16
E01006038,40,15
E01006039,43,18
E01006040,37,17
E01006041,44,17
E01006042,52,18
E01006043,47,19
E01006044,51,20
E01006045,58,19
E01006046,49,19
E01006047,44,21
E01006048,28,17
E01006049,38,20
E01006050,34,20
E01006051,44,22
E01006052,29,18
E01006053,31,16
E01006054,21,13
E01006055,23,14
E01006056,30,16
E01006057,30,16
E01006058,22,13
E01006059,27,15
E01006060,15,9
E01006061,36,15
E01006062,38,16
E01006063,19,11
E01006064,13,9
E01006065,15,9
E01006066,11,8
E01006067,30,13
E01006068,19,11
E01006069,27,12
E01006070,20,12
E01006071,22,13
E01006072,25,14
E01006073,33,13
E01006074,55,20
E01006075,42,18
E01006076,45,19
E01006077,41,17
E01006078,47,17
E01006079,51,18
E01006080,41,16
E01006081,57,21
E01006082,46,18
E01006083,42,15
E01006084,47,16
E01006085,51,19
E01006086,54,19
E01006087,60,22
E01006088,41,15
E01006089,45,18
E01006090,45,17
E01006091,46,20
E01006092,47,19
E01006093,43,16
E01006094,43,20
E01006095,51,20
E01006096,43,19
E01006097,41,17
E01006098,44,18
E01006099,40,19
E01006100,38,21
E01006101,46,20
E01006102,43,18
E01006103,42,21
E01006104,28,17
E01006105,30,17
E01006106,29,18
E01006107,26,15
E01006108,28,18
E01006109,20,11
E01006110,21,12
E01006111,22,12
E01006112,20,12
E01006113,21,13
E01006114,24,14
E01006115,23,14
E01006116,15,9
E01006117,16,10
E01006118,15,10
E01006119,18,11
E01006120,12,8
E01006121,19,11
E01006122,18,10
E01006123,12,8
E01006124,16,9
E01006125,18,10
E01006126,17,10
E01006127,20,11
E01006128,11,7
E01006129,16,9
E01006130,16,9
E01006131,18,9
E01006132,20,10
E01006133,23,10
E01006134,43,15
E01006135,33,13
E01006136,35,15
E01006137,39,16
E01006138,26,11
E01006139,36,14
E01006140,34,13
E01006141,29,17
E01006142,30,17
E01006143,29,17
E01006144,24,16
E01006145,26,15
E01006146,25,15
E01006147,38,18
E01006148,39,18
E01006149,31,18
E01006150,33,19
E01006151,39,20
E01006152,47,18
E01006153,47,19
E01006154,33,17
E01006155,22,13
E01006156,20,11
E01006157,21,14
E01006158,18,12
E01006159,19,13
E01006160,33,19
E01006161,39,19
E01006162,41,19
E01006163,37,19
E01006164,41,17
E01006165,30,18
E01006166,48,17
E01006167,52,18
E01006168,53,19
E01006169,42,16
E01006170,43,17
E01006171,41,16
E01006172,45,17
E01006173,35,18
E01006174,36,18
E01006175,36,17
E01006176,32,16
E01006177,37,18
E01006178,36,17
E01006179,22,14
E01006180,22,15
E01006181,25,15
E01006182,22,13
E01006183,21,14
E01006184,19,13
E01006185,23,12
E01006186,30,16
E01006187,29,17
E01006188,25,13
E01006189,28,16
E01006190,40,16
E01006191,38,15
E01006192,32,14
E01006193,38,16
E01006194,39,15
E01006195,43,17
E01006196,41,17
E01006197,12,8
E01006198,16,10
E01006199,20,11
E01006200,16,11
E01006201,16,9
E01006202,17,10
E01006203,19,9
E01006204,31,15
E01006205,32,14
E01006206,25,13
E01006207,20,12
E01006208,20,11
E01006209,32,12
E01006210,40,17
E01006211,36,16
E01006212,40,18
E01006213,35,15
E01006214,37,18
E01006215,35,18
E01006216,45,20
E01006217,29,13
E01006218,32,15
E01006219,34,17
E01006220,45,22
E01006221,42,23
E01006222,44,23
E01006223,47,24
E01006224,52,25
E01006225,49,24
E01006226,51,25
E01006227,58,25
E01006228,52,25
E01006229,20,15
E01006230,20,12
E01006231,29,17
E01006232,16,11
E01006233,17,11
E01006234,32,18
E01006235,29,17
E01006236,32,18
E01006237,26,14
E01006238,20,13
E01006239,43,20
E01006240,43,21
E01006241,45,21
E01006242,39,21
E01006243,46,23
E01006244,38,20
E01006245,43,22
E01006246,55,26
E01006247,64,27
E01006248,63,29
E01006249,60,27
E01006250,54,22
E01006251,58,23
E01006252,57,27
E01006253,28,11
E01006254,25,10
E01006255,19,9
E01006256,28,11
E01006257,22,9
E01006258,25,10
E01006259,32,14
E01006260,23,10
E01006261,45,23
E01006262,44,21
E01006263,48,23
E01006264,52,24
E01006265,47,23
E01006266,45,22
E01006267,41,23
E01006268,40,22
E01006269,35,16
E01006270,48,19
E01006271,37,17
E01006272,36,17
E01006273,45,18
E01006274,37,18
E01006275,43,18
E01006276,39,18
E01006277,39,19
E01006278,42,22
E01006279,46,23
E01006280,39,21
E01006281,44,24
E01006282,54,25
E01006283,54,24
E01006284,54,24
E01006285,47,21
E01006286,43,20
E01006287,39,19
E01006288,44,23
E01006289,40,20
E01006290,34,18
E01006291,37,19
E01006292,43,21
E01006293,47,22
E01006294,40,20
E01006295,43,21
E01006296,60,29
E01006297,63,28
E01006298,56,29
E01006299,59,30
E01006300,62,29
E01006301,63,29
E01006302,55,30
E01006303,57,31
E01006304,53,28
E01006305,32,13
E01006306,19,9
E01006307,28,12
E01006308,29,12
E01006309,26,12
E01006310,24,11
E01006311,33,13
E01006312,38,17
E01006313,39,17
E01006314,41,19
E01006315,26,16
E01006316,29,17
E01006317,21,15
E01006318,40,18
E01006319,24,15
E01006320,45,20
E01006321,44,20
E01006322,50,22
E01006323,54,25
E01006324,57,26
E01006325,64,27
E01006326,54,26
E01006327,65,26
E01006328,52,27
E01006329,48,20
E01006330,54,26
E01006331,59,27
E01006332,58,28
E01006333,50,26
E01006334,48,26
E01006335,58,28
E01006336,50,26
E01006337,46,24
E01006338,47,25
E01006339,63,27
E01006340,54,25
E01006341,57,29
E01006342,51,24
E01006343,61,28
E01006344,55,26
E01006345,61,26
E01006346,52,25
E01006347,55,27
E01006348,54,26
E01006349,27,12
E01006350,35,14
E01006351,34,14
E01006352,29,13
E01006353,32,14
E01006354,33,15
E01006355,35,15
E01006356,39,16
E01006357,39,16
E01006358,35,16
E01006359,34,15
E01006360,39,15
E01006361,37,14
E01006362,39,19
E01006363,39,19
E01006364,39,20
E01006365,42,21
E01006366,44,22
E01006367,45,22
E01006368,47,23
E01006369,22,9
E01006370,8,7
E01006371,20,9
E01006372,12,8
E01006373,12,8
E01006374,11,7
E01006375,10,7
E01006376,46,22
E01006377,44,19
E01006378,40,17
E01006379,38,19
E01006380,38,18
E01006381,48,21
E01006382,47,20
E01006383,48,22
E01006384,49,20
E01006385,52,21
E01006386,16,9
E01006387,16,10
E01006388,26,14
E01006389,19,11
E01006390,17,11
E01006391,22,12
E01006392,16,10
E01006393,46,18
E01006394,43,19
E01006395,45,19
E01006396,45,16
E01006397,41,16
E01006398,41,17
E01006399,36,17
E01006400,43,18
E01006401,41,18
E01006402,41,19
E01006403,41,17
E01006404,38,16
E01006405,33,13
E01006406,35,15
E01006407,37,16
E01006408,36,15
E01006409,40,16
E01006410,42,17
E01006411,35,14
E01006412,39,15
E01006413,38,15
E01006414,35,14
E01006415,32,13
E01006416,31,14
E01006417,33,14
E01006418,33,14
E01006419,47,21
E01006420,51,19
E01006421,46,20
E01006422,45,19
E01006423,47,20
E01006424,32,16
E01006425,41,18
E01006426,46,18
E01006427,50,18
E01006428,53,18
E01006429,52,18
E01006430,43,19
E01006431,46,19
E01006432,50,18
E01006433,41,18
E01006434,30,14
E01006435,31,14
E01006436,31,15
E01006437,31,14
E01006438,40,16
E01006439,38,17
E01006440,26,13
E01006441,33,14
E01006442,28,14
E01006443,30,14
E01006444,29,14
E01006445,26,14
E01006446,36,16
E01006447,38,15
E01006448,39,16
E01006449,26,12
E01006450,24,11
E01006451,27,13
E01006452,29,13
E01006453,27,12
E01006454,28,15
E01006455,25,13
E01006456,27,15
E01006457,33,15
E01006458,36,16
E01006459,16,9
E01006460,20,9
E01006461,24,11
E01006462,17,9
E01006463,17,9
E01006464,19,10
E01006465,28,13
E01006466,18,10
E01006467,24,12
E01006470,26,12
E01006471,35,15
E01006472,27,11
E01006473,28,13
E01006474,28,13
E01006475,31,14
E01006476,38,15
E01006477,28,13
E01006478,31,15
E01006479,33,15
E01006480,31,16
E01006481,32,14
E01006482,30,14
E01006483,32,14
E01006484,27,14
E01006485,19,9
E01006486,22,11
E01006487,19,10
E01006488,15,8
E01006489,25,12
E01006490,46,18
E01006491,44,18
E01006492,45,18
E01006493,42,17
E01006494,45,17
E01006495,38,16
E01006496,18,10
E01006497,22,10
E01006498,15,8
E01006499,11,8
E01006500,20,10
E01006501,25,12
E01006502,26,12
E01006503,38,14
E01006504,22,11
E01006505,25,11
E01006506,15,11
E01006507,23,14
E01006508,21,11
E01006509,22,13
E01006510,15,10
E01006512,19,10
E01006513,20,9
E01006514,23,10
E01006515,28,11
E01006518,32,11
E01006519,37,19
E01006520,34,14
E01006521,41,16
E01006522,37,15
E01006523,40,15
E01006524,37,15
E01006525,37,16
E01006526,40,16
E01006527,43,18
E01006528,43,16
E01006529,43,17
E01006530,40,18
E01006531,39,19
E01006532,38,17
E01006533,41,19
E01006534,41,18
E01006535,41,19
E01006536,38,19
E01006537,42,20
E01006538,40,20
E01006539,40,16
E01006540,18,11
E01006541,25,14
E01006542,23,12
E01006543,24,14
E01006544,24,13
E01006545,25,13
E01006546,24,12
E01006547,20,12
E01006548,21,12
E01006549,26,14
E01006550,29,13
E01006551,29,14
E01006552,25,13
E01006553,30,13
E01006554,27,13
E01006556,25,13
E01006557,30,13
E01006558,20,12
E01006560,19,11
E01006562,19,11
E01006563,19,11
E01006564,16,10
E01006565,16,9
E01006566,17,9
E01006567,14,8
E01006568,27,12
E01006569,17,9
E01006570,20,9
E01006571,18,9
E01006572,23,10
E01006573,19,9
E01006574,21,11
E01006575,16,9
E01006576,19,10
E01006577,23,9
E01006578,23,11
E01006579,23,11
E01006580,30,12
E01006581,26,12
E01006582,28,12
E01006583,27,13
E01006584,8,8
E01006585,18,10
E01006586,24,11
E01006587,24,11
E01006588,26,11
E01006589,27,11
E01006590,32,12
E01006591,30,12
E01006592,32,13
E01006593,32,13
E01006594,32,14
E01006595,35,14
E01006596,33,14
E01006597,31,14
E01006598,22,11
E01006599,24,12
E01006600,26,13
E01006603,24,14
E01006604,25,14
E01006605,25,14
E01006606,26,14
E01006607,25,13
E01006608,27,15
E01006609,25,14
E01006610,27,15
E01006611,24,14
E01006612,24,13
E01006613,26,14
E01006614,26,15
E01006615,25,14
E01006616,23,14
E01006617,26,13
E01006618,24,14
E01006619,26,12
E01006620,28,11
E01006621,24,11
E01006622,24,10
E01006623,27,13
E01006624,30,14
E01006625,25,13
E01006626,27,14
E01006627,29,13
E01006628,35,16
E01006629,39,16
E01006630,35,12
E01006632,35,12
E01006633,38,13
E01006637,22,11
E01006638,23,11
E01006639,25,12
E01006640,29,13
E01006641,23,10
E01006642,21,10
E01006643,24,10
E01006644,30,14
E01006645,28,13
E01006646,14,9
E01006647,15,9
E01006648,19,9
E01006651,17,9
E01006652,16,9
E01006653,13,8
E01006654,16,9
E01006655,10,8
E01006656,18,10
E01006657,17,9
E01006658,12,9
E01006659,17,9
E01006660,11,8
E01006661,23,13
E01006662,20,13
E01006663,19,11
E01006664,20,12
E01006665,32,15
E01006666,33,16
E01006667,28,14
E01006668,35,16
E01006669,28,13
E01006670,35,15
E01006671,35,15
E01006672,21,12
E01006673,29,11
E01006674,26,13
E01006675,29,13
E01006676,33,12
E01006677,34,12
E01006678,36,13
E01006679,25,11
E01006680,41,17
E01006681,40,18
E01006682,42,18
E01006683,39,18
E01006684,39,19
E01006685,42,19
E01006686,43,19
E01006687,42,21
E01006688,39,20
E01006689,37,16
E01006690,18,12
E01006691,17,11
E01006692,20,12
E01006693,18,11
E01006694,18,10
E01006695,19,11
E01006696,14,10
E01006697,16,11
E01006698,28,15
E01006699,27,14
E01006700,25,14
E01006701,26,13
E01006702,28,13
E01006703,22,12
E01006705,28,15
E01006706,38,17
E01006707,34,17
E01006708,35,16
E01006709,35,16
E01006710,39,19
E01006711,20,10
E01006712,22,9
E01006713,20,9
E01006716,22,10
E01006717,24,11
E01006718,25,10
E01006719,23,10
E01006720,25,13
E01006721,26,12
E01006722,27,13
E01006723,29,12
E01006724,31,13
E01006725,25,11
E01006726,23,13
E01006727,24,11
E01006728,23,12
E01006729,23,12
E01006730,19,12
E01006731,23,12
E01006732,22,13
E01006734,19,11
E01006735,17,10
E01006736,17,10
E01006737,19,11
E01006738,44,22
E01006739,48,19
E01006740,43,22
E01006741,45,19
E01006742,40,20
E01006743,40,22
E01006744,41,20
E01006745,39,20
E01006746,10,9
E01006747,8,8
E01006748,11,10
E01006751,19,11
E01006752,24,12
E01006753,49,19
E01006754,58,20
E01006755,52,18
E01006756,55,18
E01006757,55,19
E01006758,47,18
E01006759,19,12
E01006760,18,12
E01006761,21,12
E01006762,23,13
E01006763,27,14
E01006764,21,13
E01006765,21,13
E01006766,21,12
E01006767,23,13
E01006768,25,12
E01006769,25,13
E01006770,24,14
E01006771,34,17
E01006772,29,15
E01006773,19,11
E01006774,22,12
E01006775,25,14
E01006776,32,12
E01006778,28,13
E01006779,30,12
E01006780,20,11
E01006781,24,12
E01006782,21,12
E01006783,18,10
E01006784,23,12
E01006785,23,13
E01006786,26,13
E01006787,23,13
E01006788,26,14
E01006790,27,15
E01006791,25,14
E01006792,32,15
E01006793,35,17
E01006794,34,16
E01006795,38,17
E01006796,34,15
E01006797,38,17
E01006798,38,18
E01006799,40,17
E01006800,32,14
E01006801,32,15
E01006802,43,21
E01006803,40,20
E01006804,45,21
E01006805,47,23
E01006806,41,20
E01006807,42,19
E01006808,40,23
E01006809,37,23
E01006810,33,14
E01006811,33,14
E01006812,29,13
E01006813,31,15
E01006814,36,13
E01006815,29,14
E01006816,32,13
E01006817,30,12
E01006818,35,16
E01006819,32,14
E01006820,33,13
E01006821,29,12
E01006822,37,15
E01006823,40,15
E01006824,37,16
E01006825,43,14
E01006826,39,14
E01006827,21,11
E01006828,19,9
E01006829,27,12
E01006830,21,11
E01006831,24,12
E01006832,25,12
E01006833,28,13
E01006834,27,13
E01006835,24,12
E01006836,47,21
E01006837,38,17
E01006838,37,18
E01006839,39,19
E01006840,45,20
E01006841,43,18
E01006842,40,20
E01006843,38,17
E01006844,21,10
E01006845,15,9
E01006846,18,10
E01006847,20,10
E01006848,20,10
E01006849,36,16
E01006850,36,16
E01006851,37,16
E01006852,30,15
E01006853,29,14
E01006854,27,14
E01006855,40,17
E01006856,44,21
E01006857,41,22
E01006858,40,20
E01006859,42,23
E01006860,41,21
E01006861,42,21
E01006862,44,20
E01006863,38,18
E01006864,38,20
E01006865,40,17
E01006866,46,21
E01006867,43,20
E01006868,46,21
E01006869,40,17
E01006870,24,11
E01006871,29,11
E01006872,22,10
E01006873,24,11
E01006874,25,10
E01006875,27,11
E01006876,32,14
E01006877,27,13
E01006878,33,14
E01006879,35,15
E01006880,29,13
E01006881,25,12
E01006882,38,21
E01006883,38,19
E01006884,40,20
E01006885,40,21
E01006886,37,20
E01006887,35,19
E01006888,19,11
E01006889,24,12
E01006890,14,8
E01006891,13,8
E01006892,18,9
E01006893,14,8
E01006894,20,10
E01006895,20,10
E01006896,23,12
E01006897,24,12
E01006898,32,14
E01006899,27,12
E01006900,26,12
E01006901,23,11
E01006903,24,12
E01006904,23,12
E01006905,33,13
E01006906,20,12
E01006907,28,12
E01006908,24,13
E01006909,23,12
E01006910,28,13
E01006911,25,12
E01006912,16,9
E01006913,30,12
E01006914,37,16
E01006915,32,14
E01006916,33,14
E01006917,37,16
E01006918,34,14
E01006919,35,15
E01006920,30,17
E01006921,34,18
E01006922,41,19
E01006923,34,19
E01006924,33,19
E01006925,26,14
E01006926,39,18
E01006927,31,16
E01006928,33,13
E01006929,23,11
E01006930,22,12
E01006931,31,13
E01006932,35,15
E01006933,24,13
E01006934,33,12
E01006935,31,12
E01006936,53,24
E01006937,55,25
E01006938,52,26
E01006939,53,23
E01006940,49,24
E01006941,51,22
E01006942,54,23
E01006943,59,24
E01006944,35,15
E01006945,32,15
E01006946,49,19
E01006947,44,17
E01006948,45,17
E01006949,40,16
E01006950,35,15
E01006951,38,15
E01006952,48,19
E01006953,47,18
E01006954,51,21
E01006955,53,21
E01006956,46,20
E01006957,47,19
E01006958,45,20
E01006959,51,19
E01006960,30,15
E01006961,28,15
E01006962,30,15
E01006963,27,15
E01006964,30,15
E01006965,27,14
E01006966,32,15
E01006967,34,16
E01006968,26,13
E01006969,28,13
E01006970,26,12
E01006971,34,14
E01006972,37,14
E01006973,39,14
E01006974,38,15
E01006976,37,17
E01006977,43,18
E01006978,45,18
E01006979,35,18
E01006980,40,18
E01006981,36,16
E01006982,43,18
E01006983,49,19
E01006984,37,18
E01006985,47,24
E01006986,55,25
E01006987,40,22
E01006988,42,22
E01006989,59,26
E01006990,53,26
E01006991,55,28
E01006992,46,26
E01006993,54,28
E01006994,24,11
E01006995,21,10
E01006996,22,11
E01006997,24,11
E01006998,29,12
E01006999,15,9
E01007000,21,10
E01007001,28,12
E01007002,15,9
E01007003,39,16
E01007004,45,18
E01007005,41,17
E01007006,36,16
E01007007,36,17
E01007008,40,17
E01007009,35,17
E01007010,32,16
E01007011,44,18
E01007012,31,15
E01007013,34,16
E01007014,33,16
E01007016,40,17
E01007017,36,16
E01007019,29,14
E01007020,44,19
E01007021,53,22
E01007022,57,23
E01007023,51,22
E01007024,40,19
E01007025,53,22
E01007026,46,22
E01007027,57,27
E01007028,47,19
E01007029,47,19
E01007030,48,18
E01007031,47,18
E01007032,41,17
E01007033,46,18
E01007034,40,15
E01007035,37,15
E01007036,50,19
E01007037,44,19
E01007038,44,19
E01007039,27,14
E01007040,29,15
E01007041,23,13
E01007042,24,12
E01007043,22,12
E01007044,20,11
E01007045,18,10
E01007046,30,13
E01007047,30,15
E01007048,32,13
E01007049,27,13
E01007050,30,14
E01007051,26,13
E01007052,26,14
E01007053,23,14
E01007054,30,14
E01007055,33,13
E01007056,30,12
E01007057,33,14
E01007058,28,13
E01007059,29,12
E01007060,26,11
E01007061,27,12
E01007062,34,14
E01007063,33,13
E01007064,35,14
E01007065,41,17
E01007066,43,17
E01007067,41,18
E01007068,42,18
E01007069,41,18
E01007070,42,19
E01007071,43,19
E01007072,40,19
E01007073,43,18
E01007074,42,18
E01007075,48,25
E01007076,51,24
E01007077,44,25
E01007078,45,25
E01007079,45,24
E01007080,43,24
E01007081,44,24
E01007082,44,23
E01007083,30,15
E01007084,26,14
E01007085,30,15
E01007086,29,16
E01007087,29,15
E01007088,29,14
E01007089,39,17
E01007090,37,17
E01007091,26,16
E01007092,27,17
E01007095,39,18
E01007096,38,18
E01007097,35,18
E01007098,36,19
E01007099,35,18
E01007100,35,17
E01007101,41,18
E01007102,50,21
E01007103,56,22
E01007104,56,24
E01007105,56,23
E01007106,55,23
E01007107,56,22
E01007108,56,23
E01007109,54,23
E01007110,33,18
E01007111,28,19
E01007112,33,20
E01007113,28,19
E01007114,34,20
E01007115,35,19
E01007116,29,20
E01007117,32,19
E01007118,32,18
E01007119,24,14
E01007120,32,16
E01007121,32,16
E01007122,33,17
E01007123,33,16
E01007124,27,15
E01007125,35,17
E01007126,32,20
E01007127,34,19
E01007128,33,19
E01007129,33,18
E01007130,31,18
E01007131,29,17
E01007133,36,19
E01007135,41,21
E01007136,36,22
E01007137,35,21
E01007138,38,21
E01007139,39,22
E01007140,38,21
E01007141,36,20
E01007142,38,19
E01007143,43,20
E01007144,50,19
E01007145,37,18
E01007146,38,17
E01007147,43,18
E01007148,41,21
E01007149,36,21
E01007150,36,22
E01007151,32,18
E01007152,34,18
E01007153,34,18
E01007154,34,17
E01007155,35,17
E01007156,35,17
E01007157,34,16
E01007158,33,16
E01007159,35,15
E01007160,36,17
E01007161,26,13
E01007162,32,14
E01007163,31,15
E01007164,47,21
E01007165,35,23
E01007166,40,22
E01007167,42,21
E01007168,34,22
E01007169,41,21
E01007170,36,22
E01007171,38,22
E01007172,34,23
E01007173,28,18
E01007174,27,18
E01007175,30,19
E01007176,33,20
E01007177,25,17
E01007178,32,20
E01007179,28,17
E01007180,25,16
E01007181,23,16
E01007182,28,17
E01007183,24,14
E01007184,25,16
E01007185,28,16
E01007186,34,16
E01007187,41,19
E01007188,31,16
E01007189,31,17
E01007190,36,19
E01007191,39,18
E01007192,27,16
E01007193,44,22
E01007194,45,21
E01007195,39,17
E01007196,34,19
E01007197,34,19
E01007198,33,19
E01007199,44,18
E01007200,41,18
E01007201,44,20
E01007202,45,21
E01007203,37,17
E01007204,35,19
E01007205,33,18
E01007206,30,16
E01007207,31,15
E01007208,27,14
E01007209,30,14
E01007210,36,19
E01007211,44,18
E01007212,41,18
E01007213,43,18
E01007214,42,18
E01007215,46,19
E01007216,48,19
E01007217,45,19
E01007218,49,19
E01007219,48,19
E01007220,46,19
E01007221,30,15
E01007222,28,16
E01007223,27,17
E01007224,27,15
E01007225,25,13
E01007226,30,14
E01007227,32,15
E01007228,31,17
E01007229,52,21
E01007230,52,22
E01007231,50,21
E01007232,48,20
E01007233,51,20
E01007234,50,21
E01007235,49,20
E01007236,53,20
E01007237,52,21
E01007238,52,22
E01007239,30,17
E01007240,31,17
E01007241,31,16
E01007242,28,17
E01007243,25,16
E01007244,27,16
E01007245,20,14
E01007246,24,15
E01007247,22,14
E01007248,20,15
E01007249,14,10
E01007250,19,14
E01007251,10,9
E01007252,17,13
E01007253,20,14
E01007254,22,15
E01007255,18,11
E01007256,20,12
E01007257,14,10
E01007258,26,15
E01007259,20,12
E01007260,29,17
E01007261,25,13
E01007262,33,17
E01007263,30,17
E01007264,24,13
E01007265,25,12
E01007266,21,11
E01007267,23,12
E01007268,22,13
E01007269,42,17
E01007270,41,17
E01007271,39,18
E01007272,42,17
E01007273,42,17
E01007274,41,18
E01007275,43,17
E01007276,39,18
E01007277,43,18
E01007278,43,17
E01007279,23,14
E01007280,26,14
E01007281,41,19
E01007282,38,20
E01007283,55,18
E01007284,30,15
E01007285,25,15
E01007286,23,13
E01007287,23,14
E01007288,26,15
E01007289,40,21
E01007290,41,21
E01007291,32,18
E01007292,35,18
E01007293,36,19
E01007294,31,18
E01007295,34,20
E01007296,33,19
E01007297,23,12
E01007298,21,12
E01007299,23,13
E01007300,19,11
E01007301,20,11
E01007302,16,10
E01007303,17,11
E01007304,18,11
E01007305,22,13
E01007306,25,13
E01007307,53,20
E01007308,49,18
E01007309,43,17
E01007310,53,20
E01007311,47,19
E01007312,43,18
E01007313,41,18
E01007314,49,19
E01007315,39,17
E01007316,44,19
E01007317,37,15
E01007318,34,14
E01007319,35,16
E01007320,33,14
E01007321,34,16
E01007322,30,13
E01007323,38,16
E01007324,35,15
E01007325,37,15
E01007326,29,13
E01007327,33,13
E01007328,53,25
E01007329,51,23
E01007330,51,23
E01007331,48,21
E01007332,54,24
E01007333,59,26
E01007334,20,12
E01007335,19,12
E01007336,16,9
E01007337,24,11
E01007338,26,11
E01007339,27,11
E01007340,23,11
E01007341,43,21
E01007342,47,19
E01007343,43,19
E01007344,35,17
E01007345,40,19
E01007346,40,18
E01007347,43,20
E01007348,41,19
E01007349,40,18
E01007350,41,20
E01007351,44,18
E01007352,42,19
E01007353,46,20
E01007354,41,20
E01007355,36,15
E01007356,42,15
E01007357,40,15
E01007358,28,14
E01007359,24,13
E01007360,23,13
E01007361,37,13
E01007362,39,15
E01007363,38,16
E01007364,23,12
E01007365,19,12
E01007366,17,11
E01007367,27,12
E01007368,23,12
E01007369,24,14
E01007370,22,13
E01007371,24,13
E01007372,44,17
E01007373,40,17
E01007374,44,17
E01007375,37,16
E01007376,25,14
E01007377,45,18
E01007378,46,17
E01007379,19,11
E01007380,14,8
E01007381,10,8
E01007382,32,13
E01007383,33,14
E01007384,39,15
E01007385,37,15
E01007386,20,12
E01007387,16,10
E01007388,40,21
E01007389,48,23
E01007390,50,22
E01007391,48,22
E01007392,49,21
E01007393,42,22
E01007394,40,21
E01007395,46,20
E01007396,49,20
E01007397,48,20
E01007398,42,18
E01007399,42,19
E01007400,25,13
E01007402,33,16
E01007403,32,15
E01007404,29,14
E01007405,30,14
E01007406,30,15
E01007408,7,7
E01007409,13,8
E01007410,21,9
E01007411,35,14
E01007413,25,12
E01007414,29,12
E01007415,23,11
E01007416,39,15
E01007417,21,10
E01007418,37,16
E01007419,43,16
E01007420,41,15
E01007421,45,21
E01007422,56,23
E01007423,50,22
E01007424,49,20
E01007425,51,19
E01007426,91,26
E01007427,70,23
E01007428,60,22
E01007429,52,22
E01007430,54,23
E01007431,56,23
E01007432,54,23
E01007433,40,18
E01007434,43,18
E01007435,45,18
E01007436,38,16
E01007437,37,15
E01007438,49,18
E01007439,50,18
E01007440,42,18
E01007441,9,7
E01007442,18,10
E01007443,16,9
E01007444,19,11
E01007445,21,10
E01007446,10,7
E01007447,44,20
E01007448,42,19
E01007449,46,19
E01007450,42,19
E01007451,44,19
E01007452,36,19
E01007453,41,20
E01007455,46,18
E01007456,48,20
E01007457,50,20
E01007458,40,15
E01007459,36,14
E01007460,32,13
E01007461,37,14
E01007462,41,15
E01007463,37,15
E01007464,55,22
E01007465,63,23
E01007466,56,22
E01007467,53,21
E01007468,66,25
E01007469,66,25
E01007470,64,24
E01007471,54,22
E01007472,61,24
E01007473,62,23
E01007474,61,23
E01007475,27,14
E01007476,23,14
E01007477,26,13
E01007478,23,12
E01007479,28,15
E01007480,26,14
E01007482,24,14
E01007483,30,15
E01007484,30,15
E01007485,33,16
E01007486,28,15
E01007487,46,27
E01007488,72,27
E01007489,55,26
E01007490,58,26
E01007491,58,26
E01007492,56,27
E01007493,47,27
E01007494,40,16
E01007495,38,16
E01007496,41,17
E01007497,42,18
E01007498,42,16
E01007499,45,18
E01007500,42,17
E01007501,44,19
E01007502,45,19
E01007503,46,18
E01007504,51,21
E01007505,51,18
E01007506,45,17
E01007507,47,21
E01007508,44,16
E01007509,42,16
E01007510,41,15
E01007511,45,18
E01007512,41,17
E01007513,41,15
E01007514,36,14
E01007515,46,17
E01007516,37,14
E01007517,33,13
E01007518,45,18
E01007519,46,16
E01007520,30,15
E01007521,31,15
E01007522,36,16
E01007523,32,16
E01007524,32,15
E01007525,33,16
E01007526,29,14
E01007527,29,14
E01007528,35,16
E01007529,34,13
E01007530,32,13
E01007531,38,14
E01007532,29,12
E01007533,36,14
E01007534,36,14
E01007535,36,14
E01007536,31,13
E01007537,36,15
E01007538,32,13
E01007539,35,14
E01007540,41,14
E01007541,38,13
E01007542,28,12
E01007543,27,11
E01007544,24,11
E01007545,49,20
E01007546,44,19
E01007547,51,20
E01007548,57,19
E01007549,55,19
E01007550,55,19
E01007551,42,19
E01007552,41,19
E01007553,35,22
E01007554,37,22
E01007555,36,21
E01007556,33,21
E01007557,52,26
E01007558,37,21
E01007559,42,24
E01007560,32,20
E01007561,29,18
E01007562,31,19
E01007563,35,22
E01007564,15,9
E01007565,9,7
E01007566,19,9
E01007567,6,7
E01007568,12,8
E01007569,20,10
E01007570,15,9
E01007571,10,7
E01007572,6,6
E01007573,12,7
E01007574,15,8
E01007575,12,7
E01007576,7,6
E01007577,15,8
E01007578,11,7
E01007579,16,8
E01007580,14,8
E01007581,42,17
E01007582,41,17
E01007583,36,12
E01007584,35,14
E01007585,39,15
E01007586,40,11
E01007587,57,20
E01007588,43,18
E01007589,44,18
E01007590,48,22
E01007591,46,22
E01007592,52,23
E01007593,52,22
E01007594,47,22
E01007595,47,22
E01007596,42,20
E01007597,48,23
E01007598,43,21
E01007599,54,25
E01007600,46,21
E01007601,42,20
E01007602,60,27
E01007603,41,18
E01007604,40,18
E01007605,37,17
E01007606,36,18
E01007607,35,16
E01007608,57,24
E01007609,47,26
E01007610,44,26
E01007611,47,20
E01007612,49,25
E01007613,65,22
E01007614,50,26
E01007615,48,25
E01007616,49,25
E01007617,46,19
E01007618,41,16
E01007619,44,18
E01007620,36,15
E01007621,30,15
E01007622,28,15
E01007623,27,14
E01007624,32,16
E01007625,57,27
E01007626,42,24
E01007627,44,25
E01007628,41,24
E01007629,40,24
E01007630,33,18
E01007631,35,17
E01007632,68,25
E01007633,68,26
E01007634,67,25
E01007635,61,24
E01007636,47,22
E01007637,50,23
E01007638,51,23
E01007639,41,21
E01007640,46,23
E01007641,52,24
E01007642,51,24
E01007643,29,11
E01007644,23,10
E01007645,27,11
E01007646,13,8
E01007647,20,9
E01007648,20,9
E01007649,11,8
E01007650,19,10
E01007651,16,9
E01007652,16,9
E01007653,16,8
E01007654,15,8
E01007655,21,9
E01007656,22,11
E01007657,50,22
E01007658,45,20
E01007659,45,21
E01007660,45,21
E01007661,44,20
E01007662,45,21
E01007663,41,19
E01007664,42,17
E01007665,36,21
E01007666,25,17
E01007667,26,19
E01007668,27,18
E01007669,30,19
E01007670,33,20
E01007671,27,19
E01007672,31,21
E01007673,29,20
E01007674,31,21
E01007675,23,10
E01007676,32,12
E01007677,24,11
E01007678,15,9
E01007679,16,9
E01007680,21,11
E01007681,40,18
E01007682,33,17
E01007683,38,18
E01007684,37,18
E01007685,43,20
E01007686,26,15
E01007687,27,16
E01007688,24,15
E01007689,38,18
E01007690,24,16
E01007691,42,20
E01007692,42,19
E01007693,34,14
E01007694,41,17
E01007695,45,17
E01007696,53,21
E01007697,36,15
E01007698,39,15
E01007699,42,16
E01007700,39,17
E01007701,40,16
E01007702,33,13
E01007703,38,13
E01007704,35,13
E01007705,36,14
E01007706,35,14
E01007707,37,15
E01007708,27,11
E01007709,23,12
E01007710,30,12
E01007711,20,11
E01007712,18,10
E01007713,17,9
E01007714,23,12
E01007715,35,14
E01007716,32,14
E01007717,36,15
E01007718,39,15
E01007719,43,18
E01007720,43,17
E01007721,39,16
E01007723,43,15
E01007724,24,14
E01007725,34,18
E01007726,30,17
E01007727,44,19
E01007728,40,17
E01007729,42,17
E01007730,45,19
E01007731,37,17
E01007732,43,19
E01007733,41,19
E01007734,32,12
E01007735,38,13
E01007736,34,14
E01007737,40,15
E01007738,36,14
E01007739,37,14
E01007740,39,17
E01007741,39,17
E01007742,41,18
E01007743,43,18
E01007744,40,16
E01007745,43,17
E01007746,45,18
E01007747,38,25
E01007748,47,23
E01007749,44,23
E01007750,37,25
E01007751,41,25
E01007752,42,25
E01007753,51,24
E01007754,49,24
E01007755,50,24
E01007756,48,23
E01007757,57,25
E01007758,54,24
E01007759,58,25
E01007760,59,25
E01007761,46,22
E01007762,52,23
E01007763,55,25
E01007764,67,26
E01007765,32,12
E01007766,36,13
E01007767,27,12
E01007768,32,14
E01007769,30,14
E01007770,34,14
E01007771,35,17
E01007772,33,16
E01007773,34,17
E01007774,36,18
E01007775,37,18
E01007776,40,18
E01007777,26,13
E01007778,46,16
E01007779,45,17
E01007780,38,16
E01007781,41,17
E01007782,34,17
E01007783,37,18
E01007784,36,17
E01007785,48,22
E01007786,45,22
E01007787,35,22
E01007788,52,24
E01007789,38,23
E01007790,40,23
E01007791,47,23
E01007792,45,23
E01007793,21,13
E01007794,24,12
E01007795,30,14
E01007796,21,10
E01007797,21,10
E01007798,22,12
E01007799,20,12
E01007800,16,10
E01007801,47,18
E01007802,52,19
E01007803,52,19
E01007804,46,19
E01007805,41,18
E01007806,40,18
E01007807,43,18
E01007808,53,20
E01007809,30,18
E01007810,33,19
E01007811,20,11
E01007812,24,13
E01007813,20,11
E01007814,22,12
E01007815,27,17
E01007816,35,13
E01007817,39,14
E01007818,25,12
E01007819,34,13
E01007820,30,11
E01007821,31,12
E01007822,33,14
E01007823,53,22
E01007824,52,21
E01007825,44,20
E01007826,55,22
E01007827,45,19
E01007828,42,18
E01007829,36,17
E01007830,45,18
E01007831,43,19
E01007832,41,18
E01007833,48,22
E01007834,47,20
E01007835,49,21
E01007836,49,21
E01007838,49,23
E01007839,44,22
E01007841,50,23
E01007842,49,24
E01007843,49,21
E01007846,44,20
E01007847,39,16
E01007848,26,13
E01007849,24,12
E01007850,29,15
E01007851,25,12
E01007852,36,15
E01007853,30,15
E01007854,30,15
E01007855,32,13
E01007856,35,14
E01007857,30,13
E01007858,21,12
E01007859,12,9
E01007860,9,8
E01007861,25,13
E01007862,18,10
E01007863,16,10
E01007864,16,10
E01007865,23,13
E01007866,11,8
E01007867,10,7
E01007868,17,9
E01007869,19,10
E01007870,20,10
E01007871,20,10
E01007872,17,9
E01007873,22,11
E01007874,23,12
E01007875,23,11
E01007877,23,11
E01007878,33,16
E01007879,26,13
E01007881,31,15
E01007882,29,14
E01007883,36,17
E01007885,28,15
E01007886,36,16
E01007887,47,21
E01007888,50,21
E01007889,41,21
E01007890,42,21
E01007891,40,18
E01007892,48,22
E01007893,53,20
E01007894,39,19
E01007895,45,20
E01007896,41,19
E01007897,51,21
E01007898,45,23
E01007899,48,22
E01007900,46,22
E01007901,44,21
E01007902,45,17
E01007903,42,16
E01007904,42,17
E01007905,38,17
E01007906,40,17
E01007907,43,18
E01007908,42,17
E01007909,39,19
E01007910,40,18
E01007911,38,19
E01007912,40,19
E01007913,41,16
E01007914,41,16
E01007915,49,24
E01007916,55,23
E01007917,54,23
E01007918,36,22
E01007919,55,23
E01007920,40,22
E01007921,40,22
E01007922,52,24
E01007923,40,23
E01007924,41,24
E01007925,39,24
E01007926,32,20
E01007927,24,17
E01007928,23,16
E01007929,34,17
E01007930,30,17
E01007931,24,16
E01007932,36,18
E01007933,25,18
E01007934,23,14
E01007935,18,13
E01007936,18,13
E01007937,22,14
E01007938,26,15
E01007939,26,16
E01007940,24,11
E01007941,14,9
E01007942,15,9
E01007943,18,9
E01007944,21,10
E01007945,19,10
E01007946,23,10
E01007947,17,10
E01007948,20,10
E01007949,18,10
E01007950,21,11
E01007951,20,10
E01007952,24,12
E01007953,27,14
E01007954,24,11
E01007955,31,14
E01007956,34,16
E01007957,31,16
E01007958,28,14
E01007959,30,15
E01007960,22,10
E01007961,24,11
E01007962,17,9
E01007963,50,21
E01007964,47,22
E01007965,44,22
E01007966,53,21
E01007967,50,21
E01007968,53,22
E01007969,44,22
E01007970,47,22
E01007971,42,20
E01007972,41,21
E01007973,40,20
E01007974,43,22
E01007975,30,14
E01007976,35,15
E01007977,39,16
E01007978,27,15
E01007979,40,17
E01007980,31,15
E01007981,31,15
E01007982,43,18
E01007983,35,17
E01007984,40,16
E01007985,36,16
E01007986,38,17
E01007987,37,15
E01007988,38,16
E01007989,29,15
E01007990,40,17
E01007991,35,15
E01007992,30,15
E01007993,37,16
E01007994,33,15
E01007995,28,14
E01007996,36,15
E01007997,43,14
E01007998,41,14
E01007999,45,22
E01008000,40,21
E01008001,43,20
E01008002,44,19
E01008003,43,20
E01008004,42,22
E01008005,44,20
E01008006,45,19
E01008007,47,19
E01008008,49,21
E01008009,49,20
E01008010,47,21
E01008011,46,20
E01008012,39,18
E01008013,42,19
E01008014,47,18
E01008015,38,17
E01008016,48,19
E01008017,45,19
E01008018,41,18
E01008019,54,27
E01008020,51,26
E01008021,55,26
E01008022,52,27
E01008023,64,28
E01008024,56,27
E01008025,58,28
E01008027,56,28
E01008028,34,23
E01008029,50,24
E01008030,39,25
E01008031,53,24
E01008032,36,24
E01008033,52,25
E01008034,36,24
E01008035,44,28
E01008036,42,26
E01008037,43,25
E01008038,52,25
E01008039,43,25
E01008040,50,26
E01008041,47,27
E01008042,24,14
E01008043,26,15
E01008044,25,15
E01008045,28,15
E01008046,30,16
E01008047,18,11
E01008048,18,12
E01008049,21,12
E01008050,18,12
E01008051,25,13
E01008052,21,13
E01008053,30,13
E01008054,31,13
E01008055,33,14
E01008056,30,14
E01008057,34,13
E01008058,30,13
E01008059,29,12
E01008060,27,12
E01008061,23,11
E01008062,23,11
E01008063,21,11
E01008064,18,9
E01008065,18,10
E01008066,17,9
E01008067,14,9
E01008068,15,10
E01008069,16,9
E01008072,19,10
E01008073,21,10
E01008074,21,10
E01008075,43,19
E01008076,46,20
E01008077,48,21
E01008078,49,21
E01008079,49,22
E01008080,51,22
E01008081,53,21
E01008082,50,21
E01008083,54,22
E01008084,53,21
E01008085,33,15
E01008086,35,15
E01008087,35,14
E01008088,32,14
E01008089,34,16
E01008090,28,12
E01008091,27,14
E01008092,26,12
E01008093,22,14
E01008094,22,11
E01008095,33,16
E01008096,35,15
E01008097,37,17
E01008098,38,18
E01008099,32,14
E01008100,38,17
E01008101,39,16
E01008102,41,18
E01008103,41,18
E01008104,12,9
E01008105,26,12
E01008107,24,12
E01008108,28,13
E01008109,28,13
E01008111,21,11
E01008112,25,13
E01008113,25,13
E01008114,16,10
E01008115,11,9
E01008116,27,14
E01008117,27,14
E01008118,27,13
E01008119,27,14
E01008122,22,12
E01008123,22,11
E01008124,23,12
E01008125,29,15
E01008126,48,20
E01008128,74,22
E01008129,55,18
E01008130,39,18
E01008131,47,15
E01008132,48,16
E01008133,44,15
E01008134,46,17
E01008135,33,15
E01008136,51,23
E01008137,41,16
E01008138,33,14
E01008139,30,14
E01008140,47,20
E01008141,42,16
E01008142,64,27
E01008143,57,25
E01008144,60,27
E01008145,65,28
E01008146,61,26
E01008147,68,27
E01008148,66,28
E01008149,70,28
E01008150,66,28
E01008151,24,10
E01008152,35,12
E01008153,26,11
E01008154,24,11
E01008155,25,11
E01008156,29,12
E01008157,22,12
E01008158,41,14
E01008159,21,10
E01008160,30,13
E01008161,25,12
E01008162,26,11
E01008163,20,9
E01008164,22,10
E01008165,18,9
E01008166,25,11
E01008167,26,11
E01008168,25,11
E01008169,23,10
E01008170,25,11
E01008171,24,10
E01008172,33,17
E01008173,31,17
E01008174,26,14
E01008175,25,14
E01008176,28,16
E01008177,38,20
E01008178,40,21
E01008179,45,22
E01008180,41,22
E01008181,44,20
E01008182,42,21
E01008183,58,28
E01008184,53,26
E01008185,57,26
E01008186,72,35
E01008187,69,34
E01008188,53,24
E01008189,23,11
E01008190,18,9
E01008191,19,10
E01008192,14,8
E01008193,19,9
E01008194,22,10
E01008195,67,27
E01008196,63,30
E01008197,58,27
E01008198,53,28
E01008199,52,28
E01008200,53,28
E01008201,10,7
E01008202,15,8
E01008203,18,8
E01008204,17,8
E01008205,20,8
E01008206,35,17
E01008207,33,17
E01008208,36,16
E01008209,32,16
E01008210,32,15
E01008211,34,16
E01008212,14,8
E01008213,15,8
E01008214,24,10
E01008215,18,9
E01008216,16,9
E01008217,15,8
E01008218,19,9
E01008219,8,6
E01008220,12,8
E01008221,14,7
E01008222,27,14
E01008223,24,13
E01008224,23,12
E01008225,18,9
E01008226,36,16
E01008227,22,12
E01008228,8,7
E01008229,15,8
E01008230,8,7
E01008231,20,10
E01008232,21,10
E01008233,17,9
E01008234,18,9
E01008235,13,7
E01008236,12,7
E01008237,18,8
E01008238,16,7
E01008239,16,8
E01008240,24,12
E01008241,20,11
E01008242,19,10
E01008243,31,13
E01008244,26,11
E01008245,53,28
E01008246,52,24
E01008247,55,25
E01008248,53,23
E01008249,51,25
E01008250,54,26
E01008251,23,9
E01008252,23,9
E01008253,24,10
E01008254,20,10
E01008255,20,10
E01008256,33,15
E01008257,25,12
E01008258,27,14
E01008259,29,13
E01008260,28,14
E01008261,32,16
E01008262,40,18
E01008263,40,19
E01008264,37,18
E01008265,41,18
E01008266,42,21
E01008267,40,20
E01008268,42,20
E01008269,48,21
E01008270,48,21
E01008271,49,22
E01008272,45,20
E01008273,48,21
E01008274,46,20
E01008275,46,22
E01008276,46,22
E01008277,44,23
E01008278,49,24
E01008279,47,23
E01008280,43,22
E01008281,21,11
E01008282,22,11
E01008283,27,13
E01008284,26,12
E01008285,23,11
E01008286,26,13
E01008287,28,13
E01008288,37,15
E01008289,33,14
E01008290,34,14
E01008291,32,13
E01008292,34,16
E01008293,28,17
E01008294,29,18
E01008295,29,17
E01008296,28,17
E01008297,26,14
E01008298,28,16
E01008299,27,15
E01008300,24,13
E01008301,30,15
E01008302,30,15
E01008303,22,13
E01008304,24,13
E01008305,26,14
E01008306,48,26
E01008307,41,24
E01008308,39,22
E01008309,30,18
E01008311,33,19
E01008312,29,19
E01008313,33,19
E01008314,18,12
E01008315,16,9
E01008316,21,13
E01008317,9,8
E01008318,17,10
E01008319,25,14
E01008320,17,12
E01008321,13,9
E01008322,15,9
E01008323,18,10
E01008324,34,17
E01008325,37,18
E01008326,39,20
E01008327,35,18
E01008328,43,21
E01008329,38,19
E01008330,36,19
E01008331,25,11
E01008332,30,13
E01008333,24,12
E01008334,31,14
E01008335,27,13
E01008336,25,15
E01008337,28,16
E01008338,31,16
E01008339,29,16
E01008340,27,16
E01008341,26,15
E01008342,32,17
E01008343,28,14
E01008344,30,15
E01008345,34,16
E01008346,22,13
E01008347,26,14
E01008348,27,13
E01008349,25,12
E01008350,29,15
E01008351,21,13
E01008352,27,15
E01008353,21,14
E01008354,17,11
E01008355,17,12
E01008356,25,14
E01008357,28,15
E01008358,23,14
E01008359,21,12
E01008360,26,12
E01008361,24,12
E01008362,21,12
E01008363,24,13
E01008364,22,12
E01008365,19,11
E01008366,24,12
E01008367,23,11
E01008368,25,12
E01008369,23,11
E01008370,19,11
E01008371,25,11
E01008372,24,10
E01008373,22,11
E01008374,24,15
E01008375,30,16
E01008376,26,15
E01008377,27,15
E01008378,25,14
E01008379,29,15
E01008380,23,12
E01008381,40,21
E01008382,43,21
E01008383,44,21
E01008384,40,20
E01008385,43,20
E01008386,39,19
E01008387,43,19
E01008388,34,15
E01008389,34,16
E01008390,32,16
E01008391,35,15
E01008392,31,15
E01008394,13,8
E01008395,13,9
E01008396,19,11
E01008397,12,8
E01008398,22,10
E01008399,19,10
E01008400,43,24
E01008401,41,24
E01008402,40,22
E01008403,37,24
E01008404,48,23
E01008405,38,23
E01008406,22,11
E01008407,19,10
E01008409,21,12
E01008410,23,11
E01008411,20,11
E01008412,22,12
E01008413,24,12
E01008415,37,16
E01008416,34,16
E01008418,15,10
E01008419,19,12
E01008420,23,11
E01008421,25,13
E01008422,17,9
E01008423,24,12
E01008424,13,9
E01008425,34,17
E01008426,38,16
E01008427,33,17
E01008428,35,17
E01008429,36,17
E01008430,37,17
E01008431,36,16
E01008432,33,16
E01008433,25,15
E01008434,27,16
E01008435,27,16
E01008436,32,17
E01008437,28,12
E01008438,28,11
E01008439,24,11
E01008441,32,19
E01008442,39,22
E01008443,44,22
E01008444,36,20
E01008445,29,17
E01008446,39,20
E01008447,42,21
E01008448,39,21
E01008449,22,11
E01008450,23,13
E01008451,23,13
E01008452,20,12
E01008453,19,12
E01008455,21,12
E01008456,31,18
E01008457,31,18
E01008458,32,19
E01008459,33,19
E01008460,35,20
E01008461,30,14
E01008462,30,15
E01008463,32,16
E01008464,32,16
E01008465,30,15
E01008466,35,16
E01008467,35,15
E01008468,31,14
E01008469,22,13
E01008470,28,16
E01008471,25,15
E01008472,31,17
E01008473,27,15
E01008474,21,14
E01008475,35,18
E01008476,33,20
E01008477,34,19
E01008478,39,20
E01008479,33,19
E01008480,41,19
E01008481,24,12
E01008482,27,13
E01008483,26,13
E01008484,28,14
E01008485,29,13
E01008486,23,12
E01008487,18,10
E01008488,18,10
E01008489,14,9
E01008490,19,10
E01008491,21,11
E01008492,23,13
E01008493,21,13
E01008494,18,12
E01008495,23,13
E01008496,28,14
E01008497,24,13
E01008498,21,13
E01008499,30,18
E01008500,31,17
E01008501,35,15
E01008502,32,18
E01008503,32,17
E01008504,36,18
E01008505,32,18
E01008506,35,19
E01008507,37,19
E01008508,34,16
E01008509,35,15
E01008510,37,16
E01008511,35,16
E01008512,32,15
E01008513,17,16
E01008514,20,16
E01008516,27,18
E01008517,22,13
E01008518,30,14
E01008519,26,15
E01008520,22,13
E01008521,23,13
E01008522,18,12
E01008523,31,14
E01008524,30,14
E01008525,23,12
E01008526,24,12
E01008527,29,12
E01008528,26,12
E01008529,30,13
E01008530,24,12
E01008531,33,17
E01008532,32,16
E01008533,30,15
E01008534,31,16
E01008535,30,15
E01008536,29,15
E01008537,29,15
E01008538,36,17
E01008539,38,16
E01008540,37,15
E01008541,32,15
E01008542,36,16
E01008543,38,17
E01008544,32,14
E01008545,34,15
E01008546,30,15
E01008547,35,16
E01008548,34,15
E01008549,32,16
E01008550,25,14
E01008551,28,16
E01008552,16,11
E01008553,19,12
E01008554,19,11
E01008555,17,10
E01008556,16,10
E01008557,16,10
E01008558,35,14
E01008559,35,13
E01008560,34,15
E01008561,35,14
E01008562,29,14
E01008563,30,13
E01008564,34,14
E01008565,29,16
E01008567,23,13
E01008568,23,13
E01008569,22,12
E01008570,26,13
E01008571,37,17
E01008572,36,17
E01008573,33,16
E01008574,32,15
E01008575,30,16
E01008576,36,16
E01008577,40,23
E01008578,43,20
E01008579,40,23
E01008580,42,23
E01008581,41,22
E01008582,42,22
E01008583,44,21
E01008584,21,13
E01008585,22,13
E01008586,25,13
E01008587,28,14
E01008588,23,13
E01008589,24,13
E01008590,12,8
E01008591,11,8
E01008592,7,8
E01008593,15,8
E01008594,12,8
E01008595,21,11
E01008596,27,13
E01008597,28,12
E01008598,30,13
E01008599,31,14
E01008600,36,13
E01008601,28,11
E01008602,22,10
E01008603,21,10
E01008604,35,14
E01008605,22,9
E01008606,20,9
E01008607,20,9
E01008608,19,9
E01008609,18,8
E01008610,28,13
E01008611,31,14
E01008612,32,14
E01008613,28,13
E01008614,28,12
E01008615,34,13
E01008616,35,14
E01008617,33,12
E01008618,32,12
E01008619,28,10
E01008620,34,14
E01008621,35,12
E01008622,22,9
E01008624,22,10
E01008625,19,9
E01008627,35,16
E01008628,35,14
E01008629,34,15
E01008630,37,14
E01008631,28,13
E01008632,30,13
E01008633,20,9
E01008634,20,9
E01008635,20,9
E01008636,20,10
E01008637,23,10
E01008638,38,18
E01008639,37,16
E01008640,33,17
E01008641,35,16
E01008642,36,15
E01008643,35,15
E01008644,35,16
E01008645,36,16
E01008646,39,16
E01008647,27,11
E01008648,28,11
E01008649,21,11
E01008650,26,10
E01008651,22,11
E01008652,37,15
E01008653,38,16
E01008654,32,14
E01008655,41,15
E01008656,35,15
E01008657,29,14
E01008658,36,17
E01008659,31,13
E01008660,30,14
E01008661,37,14
E01008662,25,12
E01008663,29,13
E01008664,20,10
E01008665,20,10
E01008666,21,11
E01008667,26,12
E01008668,18,11
E01008669,17,9
E01008670,20,9
E01008671,18,10
E01008672,23,10
E01008673,20,9
E01008674,24,9
E01008675,23,11
E01008676,21,11
E01008677,24,11
E01008678,17,10
E01008679,15,9
E01008680,17,9
E01008681,17,8
E01008682,10,8
E01008683,15,10
E01008684,24,11
E01008685,34,15
E01008686,35,14
E01008687,34,14
E01008688,15,9
E01008689,16,9
E01008690,17,9
E01008691,18,9
E01008692,15,8
E01008693,29,12
E01008694,35,14
E01008695,33,15
E01008696,31,14
E01008697,30,13
E01008698,37,15
E01008699,33,14
E01008700,18,9
E01008701,12,8
E01008702,28,12
E01008703,23,11
E01008704,9,7
E01008705,16,8
E01008706,11,8
E01008707,11,7
E01008708,28,14
E01008709,26,13
E01008711,27,14
E01008712,29,13
E01008713,29,14
E01008714,45,21
E01008715,42,21
E01008716,47,22
E01008717,45,22
E01008718,46,24
E01008719,48,24
E01008720,34,20
E01008721,33,20
E01008722,30,14
E01008723,36,16
E01008724,31,13
E01008725,32,15
E01008726,31,14
E01008727,29,15
E01008728,32,15
E01008729,19,12
E01008730,18,11
E01008731,18,11
E01008732,18,11
E01008733,22,12
E01008734,23,13
E01008735,23,10
E01008736,26,11
E01008737,24,11
E01008738,28,12
E01008739,26,12
E01008740,26,11
E01008741,27,13
E01008742,48,25
E01008743,46,25
E01008744,55,27
E01008745,54,26
E01008746,53,28
E01008747,41,22
E01008748,51,24
E01008749,45,22
E01008750,43,23
E01008751,33,21
E01008752,42,22
E01008753,36,21
E01008754,39,21
E01008755,41,22
E01008756,15,8
E01008757,11,7
E01008758,15,9
E01008759,7,7
E01008760,11,7
E01008761,14,8
E01008762,17,9
E01008763,35,13
E01008764,33,14
E01008765,38,15
E01008766,37,16
E01008767,37,14
E01008768,36,16
E01008769,34,15
E01008770,33,16
E01008771,38,16
E01008772,24,14
E01008773,28,14
E01008774,27,15
E01008775,28,16
E01008776,23,13
E01008777,28,13
E01008778,24,13
E01008779,28,13
E01008780,30,12
E01008781,18,9
E01008782,18,10
E01008783,24,10
E01008784,26,11
E01008785,19,11
E01008786,35,14
E01008787,30,13
E01008788,33,14
E01008789,35,14
E01008790,34,13
E01008791,27,13
E01008792,33,15
E01008793,23,18
E01008795,26,19
E01008796,29,18
E01008797,29,20
E01008799,30,18
E01008800,27,17
E01008801,26,17
E01008802,30,14
E01008803,22,13
E01008804,32,14
E01008805,24,13
E01008808,31,16
E01008809,26,12
E01008810,18,10
E01008811,26,12
E01008812,16,9
E01008813,18,10
E01008814,29,12
E01008817,28,12
E01008819,33,13
E01008820,23,12
E01008821,35,14
E01008822,37,13
E01008823,26,14
E01008824,24,13
E01008825,19,11
E01008826,17,10
E01008827,19,11
E01008828,18,11
E01008829,22,12
E01008830,14,8
E01008831,16,9
E01008832,10,7
E01008833,8,7
E01008834,21,10
E01008835,19,9
E01008836,23,11
E01008837,40,15
E01008838,40,15
E01008839,41,14
E01008840,42,16
E01008841,41,14
E01008842,36,13
E01008843,39,18
E01008844,41,18
E01008845,42,18
E01008846,41,18
E01008847,43,18
E01008848,39,18
E01008849,36,17
E01008850,47,19
E01008851,41,18
E01008852,39,18
E01008853,34,17
E01008854,34,19
E01008855,39,18
E01008856,33,16
E01008857,30,16
E01008858,30,17
E01008859,36,19
E01008860,30,16
E01008861,36,18
E01008862,40,19
E01008863,44,18
E01008864,43,19
E01008865,36,17
E01008866,41,18
E01008867,40,15
E01008868,41,15
E01008869,38,15
E01008870,39,17
E01008871,39,17
E01008872,34,17
E01008873,29,15
E01008874,38,16
E01008875,37,15
E01008876,28,14
E01008877,24,13
E01008878,30,15
E01008879,35,15
E01008880,38,16
E01008881,19,10
E01008882,17,10
E01008883,23,11
E01008884,20,11
E01008885,24,13
E01008886,23,12
E01008887,27,12
E01008888,28,14
E01008889,26,14
E01008890,27,13
E01008891,33,14
E01008892,27,14
E01008893,30,14
E01008894,28,15
E01008895,31,15
E01008896,15,8
E01008897,20,9
E01008898,16,9
E01008899,37,16
E01008901,37,16
E01008905,35,12
E01008906,34,12
E01008907,31,11
E01008909,35,12
E01008910,34,16
E01008911,33,12
E01008913,38,13
E01008914,32,12
E01008915,43,17
E01008916,41,16
E01008917,34,18
E01008918,27,15
E01008919,24,14
E01008920,26,16
E01008921,39,18
E01008923,29,18
E01008924,33,15
E01008925,35,19
E01008927,33,19
E01008928,30,18
E01008929,34,15
E01008930,37,16
E01008931,30,16
E01008932,45,20
E01008933,46,20
E01008934,45,20
E01008935,43,20
E01008936,41,19
E01008937,41,21
E01008938,42,21
E01008939,45,20
E01008940,43,21
E01008941,45,21
E01008942,47,21
E01008943,50,20
E01008944,43,20
E01008945,45,21
E01008946,42,21
E01008947,44,22
E01008948,43,22
E01008949,42,22
E01008950,28,14
E01008951,25,15
E01008952,26,14
E01008953,34,16
E01008954,30,15
E01008955,25,15
E01008956,27,15
E01008957,32,17
E01008958,29,15
E01008959,33,17
E01008960,29,16
E01008961,27,17
E01008962,37,17
E01008963,32,14
E01008964,31,14
E01008965,32,14
E01008966,38,16
E01008967,41,17
E01008968,40,18
E01008969,44,19
E01008970,42,17
E01008971,45,18
E01008972,42,17
E01008973,41,18
E01008974,42,19
E01008975,39,18
E01008976,48,22
E01008977,37,18
E01008978,43,21
E01008979,42,20
E01008980,44,21
E01008981,36,16
E01008982,26,13
E01008984,29,14
E01008986,31,13
E01008987,24,12
E01008988,27,13
E01008989,32,13
E01008990,23,12
E01008991,28,12
E01008992,17,10
E01008994,20,14
E01008995,30,15
E01008996,33,16
E01008997,25,14
E01008998,31,15
E01008999,34,15
E01009000,32,16
E01009001,37,17
E01009002,40,18
E01009003,26,17
E01009005,31,20
E01009006,34,18
E01009007,30,18
E01009008,35,17
E01009009,33,19
E01009011,36,17
E01009012,33,16
E01009013,32,16
E01009014,32,15
E01009015,29,16
E01009016,31,16
E01009017,34,16
E01009018,30,16
E01009019,36,16
E01009020,35,17
E01009021,32,16
E01009022,35,17
E01009023,40,17
E01009024,35,16
E01009025,36,16
E01009026,27,14
E01009028,29,14
E01009029,28,15
E01009030,38,18
E01009031,42,19
E01009032,40,17
E01009033,35,16
E01009034,40,18
E01009035,38,16
E01009036,34,17
E01009037,40,19
E01009039,40,18
E01009040,40,18
E01009041,38,17
E01009042,40,18
E01009043,38,16
E01009044,41,19
E01009045,42,17
E01009046,41,18
E01009047,39,13
E01009048,35,13
E01009049,32,15
E01009050,37,15
E01009051,41,15
E01009053,41,16
E01009054,45,15
E01009056,30,14
E01009057,35,14
E01009058,45,16
E01009059,39,14
E01009060,44,14
E01009061,47,15
E01009062,42,13
E01009064,23,13
E01009065,25,12
E01009066,26,13
E01009067,23,12
E01009068,18,10
E01009069,18,10
E01009070,29,13
E01009071,22,11
E01009072,23,11
E01009073,31,14
E01009074,30,13
E01009075,17,9
E01009077,19,11
E01009078,20,10
E01009079,30,13
E01009080,24,13
E01009081,28,13
E01009082,29,12
E01009083,22,12
E01009084,22,12
E01009085,22,12
E01009086,22,11
E01009087,21,12
E01009088,25,13
E01009089,23,11
E01009090,18,10
E01009091,22,12
E01009092,20,11
E01009093,22,12
E01009094,20,11
E01009095,22,10
E01009096,35,19
E01009097,33,18
E01009098,29,18
E01009099,32,18
E01009100,32,18
E01009101,29,17
E01009102,32,16
E01009103,28,16
E01009104,30,15
E01009105,31,18
E01009106,32,19
E01009107,34,21
E01009108,37,21
E01009109,39,21
E01009110,36,21
E01009111,39,22
E01009112,39,21
E01009113,38,22
E01009114,40,22
E01009115,43,23
E01009116,33,20
E01009117,36,19
E01009118,35,20
E01009119,33,19
E01009120,37,20
E01009121,41,19
E01009122,38,18
E01009123,42,21
E01009124,44,21
E01009125,43,20
E01009126,41,19
E01009127,35,18
E01009128,34,18
E01009129,35,18
E01009130,38,18
E01009131,39,19
E01009132,35,18
E01009133,40,19
E01009134,45,20
E01009135,39,18
E01009136,37,18
E01009137,42,19
E01009138,30,14
E01009139,32,15
E01009140,26,12
E01009141,26,11
E01009143,25,12
E01009145,27,13
E01009146,23,13
E01009147,28,14
E01009151,25,12
E01009152,22,11
E01009153,19,10
E01009155,47,22
E01009157,43,21
E01009158,38,20
E01009159,44,22
E01009160,45,23
E01009161,48,23
E01009162,33,20
E01009163,35,23
E01009164,44,25
E01009165,35,23
E01009166,33,22
E01009167,42,24
E01009168,36,21
E01009169,38,23
E01009170,39,22
E01009171,40,25
E01009172,35,18
E01009173,38,19
E01009174,42,20
E01009175,37,18
E01009176,41,19
E01009177,34,15
E01009178,36,16
E01009179,39,18
E01009182,33,16
E01009183,35,16
E01009184,31,17
E01009185,36,19
E01009186,36,15
E01009187,38,18
E01009188,42,18
E01009189,42,18
E01009192,18,10
E01009194,18,9
E01009195,18,9
E01009197,11,7
E01009198,17,9
E01009199,16,11
E01009200,19,12
E01009201,26,13
E01009202,28,14
E01009203,28,13
E01009204,26,13
E01009205,33,17
E01009206,29,18
E01009207,32,19
E01009208,34,19
E01009209,30,19
E01009210,31,18
E01009211,35,20
E01009212,39,20
E01009213,34,20
E01009214,40,20
E01009215,35,21
E01009216,42,21
E01009217,43,21
E01009218,32,16
E01009219,30,16
E01009220,34,20
E01009221,38,19
E01009222,34,19
E01009223,30,19
E01009224,37,20
E01009225,41,20
E01009226,44,20
E01009227,46,20
E01009228,43,20
E01009229,48,20
E01009230,47,21
E01009231,43,21
E01009232,45,20
E01009233,39,20
E01009234,39,19
E01009235,29,16
E01009236,37,18
E01009237,27,16
E01009238,33,18
E01009239,39,17
E01009240,34,17
E01009241,36,18
E01009242,39,18
E01009243,29,18
E01009244,40,19
E01009245,25,16
E01009246,31,17
E01009247,35,17
E01009248,43,20
E01009249,37,16
E01009250,42,18
E01009251,37,16
E01009252,27,13
E01009253,41,17
E01009254,31,14
E01009255,37,15
E01009256,35,15
E01009257,37,16
E01009258,32,14
E01009259,35,17
E01009260,28,14
E01009261,32,15
E01009262,34,17
E01009263,30,15
E01009264,29,15
E01009265,33,14
E01009266,31,15
E01009267,30,16
E01009268,39,15
E01009269,33,15
E01009270,33,14
E01009271,32,15
E01009272,39,16
E01009273,32,14
E01009274,33,14
E01009275,28,13
E01009276,32,19
E01009278,29,17
E01009279,28,17
E01009280,28,12
E01009281,25,14
E01009282,28,13
E01009283,30,12
E01009284,20,11
E01009286,22,11
E01009288,29,11
E01009289,21,11
E01009290,26,11
E01009291,23,12
E01009292,23,11
E01009293,27,12
E01009294,24,12
E01009295,20,12
E01009296,30,12
E01009297,27,15
E01009298,25,12
E01009299,21,13
E01009300,25,13
E01009301,21,14
E01009302,28,15
E01009303,24,13
E01009304,29,16
E01009305,26,13
E01009306,30,15
E01009307,27,14
E01009308,35,17
E01009309,27,14
E01009310,33,16
E01009311,21,11
E01009312,25,13
E01009313,27,13
E01009314,29,15
E01009315,27,16
E01009316,29,14
E01009317,35,17
E01009318,34,17
E01009319,30,17
E01009320,29,17
E01009321,33,15
E01009322,29,14
E01009323,29,14
E01009324,25,13
E01009325,15,9
E01009326,13,8
E01009327,14,9
E01009328,18,9
E01009329,22,10
E01009331,14,8
E01009332,18,11
E01009333,14,9
E01009334,21,10
E01009335,17,10
E01009337,18,11
E01009338,19,11
E01009339,34,14
E01009340,31,15
E01009341,9,7
E01009342,9,7
E01009343,11,8
E01009344,15,10
E01009345,19,10
E01009346,22,11
E01009347,18,10
E01009348,14,9
E01009349,33,14
E01009350,30,13
E01009351,34,14
E01009352,34,13
E01009353,31,12
E01009354,31,13
E01009355,33,13
E01009358,28,11
E01009359,27,11
E01009360,24,10
E01009361,24,11
E01009362,35,15
E01009363,27,13
E01009364,31,14
E01009365,32,13
E01009366,34,16
E01009367,34,15
E01009368,34,14
E01009371,32,14
E01009372,31,13
E01009373,31,13
E01009374,37,16
E01009375,38,16
E01009376,36,16
E01009377,40,16
E01009378,26,13
E01009379,22,12
E01009380,21,11
E01009382,36,17
E01009383,39,17
E01009384,37,17
E01009385,35,17
E01009389,39,17
E01009390,36,18
E01009391,32,17
E01009392,38,17
E01009393,36,18
E01009394,36,17
E01009395,40,19
E01009396,35,15
E01009397,35,15
E01009399,38,15
E01009400,35,15
E01009401,33,17
E01009403,42,18
E01009404,44,18
E01009405,42,19
E01009406,44,19
E01009407,36,18
E01009408,38,19
E01009409,34,17
E01009410,39,19
E01009411,44,19
E01009412,38,18
E01009413,34,18
E01009414,39,18
E01009415,34,15
E01009416,37,12
E01009417,32,15
E01009418,34,15
E01009419,35,17
E01009420,34,13
E01009421,34,16
E01009422,29,15
E01009423,31,13
E01009424,15,9
E01009425,28,13
E01009426,32,12
E01009427,25,12
E01009428,19,10
E01009429,33,13
E01009430,26,12
E01009431,27,13
E01009432,12,9
E01009433,35,16
E01009434,21,13
E01009435,18,12
E01009436,23,14
E01009437,22,14
E01009438,25,15
E01009439,24,16
E01009440,22,16
E01009441,25,17
E01009442,28,17
E01009443,22,16
E01009444,14,9
E01009445,16,11
E01009446,16,9
E01009447,14,10
E01009448,17,11
E01009449,17,11
E01009450,24,13
E01009451,17,10
E01009452,16,11
E01009453,23,12
E01009454,20,11
E01009455,17,12
E01009456,29,15
E01009457,27,14
E01009458,35,16
E01009459,26,15
E01009460,33,17
E01009461,27,17
E01009462,27,16
E01009463,25,16
E01009464,42,19
E01009465,38,18
E01009466,25,14
E01009467,35,17
E01009468,25,13
E01009469,34,17
E01009470,34,15
E01009471,21,13
E01009472,31,15
E01009473,31,16
E01009474,30,15
E01009475,7,7
E01009476,6,7
E01009477,9,7
E01009478,23,10
E01009479,25,11
E01009480,26,10
E01009481,17,10
E01009482,24,11
E01009483,20,10
E01009484,25,10
E01009485,23,10
E01009486,16,9
E01009487,13,9
E01009488,16,9
E01009489,21,10
E01009490,17,9
E01009491,19,9
E01009492,13,8
E01009493,23,13
E01009494,34,15
E01009495,37,15
E01009496,31,15
E01009497,31,16
E01009498,35,17
E01009499,33,17
E01009500,24,13
E01009501,29,13
E01009502,30,14
E01009503,29,13
E01009504,29,12
E01009505,34,13
E01009506,33,14
E01009507,14,8
E01009508,16,9
E01009509,14,8
E01009510,19,9
E01009511,19,11
E01009512,20,12
E01009513,13,8
E01009514,18,11
E01009515,16,9
E01009516,19,11
E01009517,25,12
E01009518,20,10
E01009519,25,13
E01009520,21,12
E01009521,20,11
E01009522,46,22
E01009523,59,24
E01009524,44,21
E01009525,44,20
E01009526,47,24
E01009527,44,21
E01009528,54,25
E01009529,42,22
E01009530,46,22
E01009531,44,25
E01009532,16,15
E01009535,22,15
E01009536,22,14
E01009537,20,16
E01009538,19,16
E01009539,22,17
E01009540,24,18
E01009541,26,19
E01009542,26,19
E01009543,22,16
E01009544,32,18
E01009548,36,20
E01009549,40,20
E01009550,35,19
E01009552,38,20
E01009553,38,20
E01009554,43,22
E01009555,49,24
E01009556,43,22
E01009557,46,22
E01009558,41,21
E01009559,42,22
E01009560,42,20
E01009561,44,18
E01009562,42,19
E01009563,41,19
E01009564,29,15
E01009565,35,16
E01009566,32,18
E01009567,33,16
E01009568,37,17
E01009569,33,15
E01009570,34,16
E01009571,35,16
E01009572,36,15
E01009573,33,17
E01009574,34,16
E01009575,29,16
E01009576,19,11
E01009577,23,12
E01009578,17,10
E01009579,18,11
E01009580,14,9
E01009581,16,10
E01009582,16,9
E01009583,14,9
E01009584,27,13
E01009585,25,13
E01009586,21,11
E01009587,42,18
E01009588,44,18
E01009589,35,17
E01009590,48,20
E01009591,47,18
E01009592,38,17
E01009593,40,17
E01009594,44,19
E01009596,38,17
E01009597,42,17
E01009598,45,19
E01009599,18,11
E01009604,23,14
E01009605,24,13
E01009606,25,13
E01009607,19,12
E01009608,23,13
E01009609,28,14
E01009610,24,13
E01009611,31,15
E01009612,32,15
E01009613,19,12
E01009614,20,12
E01009615,20,14
E01009616,20,13
E01009617,21,13
E01009618,22,12
E01009619,29,16
E01009620,24,14
E01009621,30,15
E01009622,43,21
E01009623,47,20
E01009624,46,20
E01009625,43,20
E01009626,48,20
E01009627,39,20
E01009628,42,21
E01009629,39,19
E01009630,38,20
E01009631,40,21
E01009632,32,20
E01009633,28,17
E01009634,27,17
E01009635,23,16
E01009636,25,15
E01009637,34,16
E01009638,31,16
E01009639,31,16
E01009640,30,15
E01009641,26,17
E01009642,29,19
E01009643,47,23
E01009644,49,23
E01009645,48,22
E01009646,48,24
E01009647,42,22
E01009648,43,22
E01009649,44,24
E01009650,36,20
E01009651,34,21
E01009652,49,23
E01009653,50,23
E01009654,22,12
E01009655,26,13
E01009656,29,14
E01009657,18,11
E01009658,22,12
E01009659,24,14
E01009660,21,13
E01009661,20,15
E01009662,27,14
E01009663,24,13
E01009664,23,13
E01009665,51,22
E01009666,46,20
E01009667,43,19
E01009668,47,21
E01009669,46,21
E01009670,44,19
E01009671,51,20
E01009672,48,18
E01009674,59,27
E01009676,51,27
E01009679,58,24
E01009681,53,26
E01009682,52,26
E01009683,52,26
E01009684,51,26
E01009685,48,25
E01009686,49,25
E01009687,45,24
E01009688,42,23
E01009689,40,22
E01009690,42,22
E01009691,41,21
E01009692,50,27
E01009693,48,27
E01009694,49,26
E01009695,57,25
E01009696,58,26
E01009697,60,25
E01009698,59,26
E01009699,56,26
E01009700,55,27
E01009701,56,28
E01009702,53,27
E01009703,59,27
E01009704,53,25
E01009705,55,25
E01009706,61,25
E01009707,17,14
E01009708,20,12
E01009709,16,10
E01009710,16,9
E01009711,20,11
E01009712,14,10
E01009713,14,10
E01009714,17,11
E01009715,14,10
E01009716,17,11
E01009717,14,11
E01009718,17,12
E01009719,38,16
E01009720,38,16
E01009721,34,17
E01009722,37,16
E01009723,36,16
E01009724,36,17
E01009725,39,17
E01009726,41,18
E01009727,32,14
E01009728,32,14
E01009729,32,15
E01009730,34,16
E01009731,32,16
E01009732,55,24
E01009733,53,23
E01009734,55,23
E01009735,51,21
E01009736,56,21
E01009737,53,21
E01009738,56,22
E01009739,56,23
E01009740,29,14
E01009741,26,13
E01009742,35,15
E01009743,34,14
E01009744,26,12
E01009745,32,16
E01009746,24,12
E01009747,30,13
E01009748,11,8
E01009749,20,10
E01009750,21,11
E01009751,17,9
E01009752,21,11
E01009753,22,11
E01009754,23,12
E01009756,33,12
E01009757,33,13
E01009758,39,14
E01009759,40,15
E01009760,39,14
E01009762,35,13
E01009763,43,18
E01009764,37,18
E01009765,40,18
E01009766,46,18
E01009767,41,18
E01009768,39,17
E01009769,40,17
E01009770,46,18
E01009771,45,17
E01009772,43,15
E01009773,45,17
E01009774,47,16
E01009775,40,16
E01009776,41,15
E01009777,47,18
E01009778,49,18
E01009779,30,12
E01009780,35,12
E01009781,35,12
E01009782,39,13
E01009783,32,13
E01009784,27,12
E01009785,29,12
E01009786,28,11
E01009787,26,11
E01009788,39,14
E01009789,42,13
E01009790,39,13
E01009791,47,21
E01009792,46,20
E01009793,47,21
E01009794,44,20
E01009795,43,21
E01009796,47,21
E01009797,45,20
E01009798,45,21
E01009799,55,25
E01009800,44,19
E01009801,45,20
E01009802,43,20
E01009803,46,20
E01009804,50,21
E01009805,52,23
E01009806,54,24
E01009807,59,23
E01009808,59,24
E01009809,53,21
E01009810,55,24
E01009811,54,24
E01009812,55,24
E01009813,51,20
E01009814,44,16
E01009815,39,16
E01009816,29,14
E01009817,37,15
E01009818,42,16
E01009819,38,14
E01009820,27,15
E01009821,34,16
E01009822,26,15
E01009823,28,14
E01009824,25,14
E01009825,30,15
E01009826,33,17
E01009827,31,17
E01009828,26,13
E01009829,31,16
E01009830,31,15
E01009831,57,21
E01009832,56,22
E01009833,48,18
E01009834,45,18
E01009835,53,18
E01009836,48,18
E01009837,50,19
E01009838,53,20
E01009839,15,9
E01009840,24,11
E01009841,18,9
E01009842,33,13
E01009843,35,14
E01009844,17,9
E01009845,51,21
E01009846,48,20
E01009847,54,21
E01009848,46,21
E01009849,51,21
E01009850,44,20
E01009851,42,20
E01009852,43,19
E01009853,55,22
E01009854,50,21
E01009855,55,22
E01009856,41,20
E01009857,43,19
E01009858,45,20
E01009859,46,20
E01009860,50,20
E01009861,48,19
E01009862,49,19
E01009863,53,20
E01009864,36,14
E01009865,39,15
E01009866,38,15
E01009867,44,16
E01009868,45,18
E01009869,42,16
E01009870,46,17
E01009871,38,15
E01009872,34,14
E01009873,37,13
E01009874,41,14
E01009875,37,15
E01009876,41,16
E01009877,41,16
E01009878,43,16
E01009879,27,11
E01009880,32,12
E01009881,22,10
E01009882,26,10
E01009883,16,8
E01009884,11,7
E01009885,17,9
E01009886,14,8
E01009887,31,13
E01009888,31,14
E01009889,26,12
E01009890,34,14
E01009891,34,14
E01009892,28,13
E01009893,33,13
E01009894,32,14
E01009895,49,18
E01009896,49,17
E01009897,52,17
E01009898,44,16
E01009899,45,14
E01009900,43,14
E01009901,51,19
E01009902,55,19
E01009903,51,20
E01009904,45,19
E01009905,44,20
E01009906,36,21
E01009907,39,21
E01009908,39,20
E01009909,41,19
E01009910,42,20
E01009911,26,14
E01009912,30,15
E01009913,25,13
E01009914,33,18
E01009915,34,16
E01009916,37,17
E01009917,33,19
E01009918,38,17
E01009919,34,18
E01009920,37,17
E01009921,30,15
E01009922,38,17
E01009923,39,17
E01009924,28,16
E01009925,32,16
E01009926,33,16
E01009927,25,15
E01009928,33,16
E01009929,40,19
E01009930,41,19
E01009931,47,18
E01009932,44,18
E01009933,46,20
E01009934,37,19
E01009935,38,18
E01009936,40,19
E01009937,38,18
E01009938,38,18
E01009939,42,18
E01009940,41,19
E01009941,37,17
E01009942,38,18
E01009943,37,17
E01009944,35,17
E01009946,13,9
E01009947,8,7
E01009948,19,13
E01009949,21,12
E01009950,16,10
E01009951,16,12
E01009952,46,18
E01009953,41,17
E01009954,47,20
E01009955,40,17
E01009956,46,18
E01009957,46,19
E01009958,51,20
E01009959,50,21
E01009960,27,14
E01009961,29,15
E01009962,26,13
E01009963,25,13
E01009964,25,14
E01009965,25,13
E01009966,31,14
E01009967,31,15
E01009968,24,14
E01009969,31,14
E01009970,28,14
E01009971,31,15
E01009972,36,16
E01009973,29,14
E01009974,26,16
E01009975,27,16
E01009976,39,15
E01009977,35,14
E01009978,45,16
E01009979,32,13
E01009980,37,14
E01009981,30,13
E01009982,39,15
E01009983,40,15
E01009985,25,12
E01009986,22,11
E01009987,24,11
E01009988,22,11
E01009989,23,12
E01009991,18,10
E01009992,10,9
E01009993,12,9
E01009994,21,11
E01009995,25,12
E01009996,20,11
E01009997,17,10
E01009998,22,11
E01009999,40,20
E01010000,44,19
E01010001,43,20
E01010002,42,18
E01010003,38,17
E01010004,38,19
E01010005,37,17
E01010006,40,18
E01010007,22,14
E01010008,26,15
E01010009,20,13
E01010010,24,15
E01010011,23,14
E01010012,23,13
E01010013,21,13
E01010014,19,13
E01010015,37,16
E01010016,35,15
E01010017,29,14
E01010018,39,16
E01010019,33,15
E01010020,34,16
E01010021,34,16
E01010022,42,18
E01010023,41,17
E01010024,38,17
E01010025,42,18
E01010026,39,18
E01010027,35,17
E01010028,44,18
E01010029,39,17
E01010030,42,18
E01010031,42,17
E01010032,45,17
E01010033,41,17
E01010034,42,17
E01010035,46,18
E01010036,45,19
E01010037,41,16
E01010038,40,17
E01010039,43,17
E01010040,41,18
E01010041,41,18
E01010042,38,16
E01010043,33,15
E01010044,36,16
E01010045,41,18
E01010046,28,14
E01010047,24,14
E01010048,22,15
E01010049,25,15
E01010050,28,15
E01010051,33,16
E01010052,30,14
E01010053,27,13
E01010054,28,16
E01010055,34,16
E01010056,35,17
E01010057,35,15
E01010058,37,16
E01010059,32,14
E01010060,32,15
E01010061,28,14
E01010062,32,15
E01010063,34,14
E01010064,31,15
E01010065,27,13
E01010066,39,16
E01010067,39,16
E01010068,36,16
E01010069,41,17
E01010070,37,16
E01010071,36,16
E01010072,35,15
E01010073,42,17
E01010074,39,17
E01010075,44,16
E01010076,40,16
E01010077,36,16
E01010078,34,15
E01010079,38,17
E01010080,35,18
E01010081,36,15
E01010082,38,16
E01010083,36,15
E01010084,37,17
E01010085,31,14
E01010086,29,14
E01010087,28,13
E01010088,30,14
E01010089,33,15
E01010090,34,16
E01010091,33,15
E01010092,31,15
E01010093,30,12
E01010094,26,12
E01010095,33,13
E01010096,31,15
E01010097,38,16
E01010098,28,14
E01010099,26,12
E01010100,28,14
E01010101,22,12
E01010102,20,11
E01010103,21,10
E01010104,8,7
E01010105,22,11
E01010106,17,10
E01010107,16,10
E01010108,39,18
E01010109,40,19
E01010110,41,19
E01010111,31,18
E01010112,35,18
E01010113,33,17
E01010114,36,17
E01010115,33,13
E01010116,26,12
E01010117,33,17
E01010118,30,16
E01010119,32,17
E01010120,30,17
E01010121,29,15
E01010122,28,15
E01010123,33,18
E01010124,31,16
E01010125,30,18
E01010126,37,19
E01010127,35,19
E01010128,36,19
E01010129,27,18
E01010130,36,19
E01010131,33,19
E01010132,24,15
E01010133,24,15
E01010134,27,16
E01010135,22,14
E01010136,27,14
E01010137,24,14
E01010138,32,17
E01010139,39,18
E01010140,28,16
E01010141,36,17
E01010142,24,15
E01010143,27,17
E01010144,24,16
E01010145,38,18
E01010146,38,18
E01010147,38,19
E01010148,38,18
E01010149,31,16
E01010150,27,14
E01010151,23,16
E01010152,32,16
E01010153,33,16
E01010154,20,13
E01010155,24,15
E01010156,29,15
E01010157,32,16
E01010158,26,15
E01010159,28,16
E01010160,28,15
E01010161,28,15
E01010162,32,15
E01010163,30,16
E01010164,44,23
E01010165,34,21
E01010166,51,25
E01010167,44,22
E01010168,47,24
E01010169,44,24
E01010170,43,24
E01010171,42,23
E01010172,27,13
E01010173,27,13
E01010174,34,15
E01010175,31,14
E01010176,27,13
E01010177,29,15
E01010178,26,15
E01010179,24,13
E01010180,38,18
E01010181,39,20
E01010183,44,19
E01010184,26,15
E01010185,35,16
E01010186,27,16
E01010187,34,15
E01010188,32,17
E01010189,43,19
E01010190,20,11
E01010191,23,13
E01010192,15,10
E01010193,26,12
E01010194,22,12
E01010195,22,12
E01010196,24,12
E01010197,22,12
E01010198,15,9
E01010199,27,14
E01010200,28,15
E01010201,26,14
E01010202,23,13
E01010203,25,15
E01010204,31,16
E01010205,27,13
E01010206,29,15
E01010207,29,13
E01010208,30,17
E01010209,25,14
E01010210,32,18
E01010211,29,18
E01010212,26,13
E01010213,26,16
E01010214,31,14
E01010215,30,15
E01010216,32,15
E01010217,33,18
E01010218,40,21
E01010219,34,18
E01010220,31,17
E01010221,37,19
E01010222,38,20
E01010223,27,16
E01010225,33,17
E01010226,11,8
E01010227,19,11
E01010228,21,12
E01010229,23,12
E01010230,14,9
E01010231,19,11
E01010232,20,11
E01010233,16,10
E01010234,36,19
E01010235,33,19
E01010236,32,18
E01010237,37,19
E01010238,38,19
E01010239,33,19
E01010240,33,18
E01010241,41,19
E01010242,47,21
E01010243,43,20
E01010244,39,17
E01010245,40,19
E01010246,37,17
E01010247,37,17
E01010248,45,18
E01010249,44,20
E01010250,51,22
E01010251,52,22
E01010252,48,22
E01010253,51,22
E01010254,47,21
E01010255,47,22
E01010256,48,21
E01010257,51,23
E01010258,27,11
E01010259,26,12
E01010260,23,11
E01010261,26,13
E01010262,32,15
E01010263,22,13
E01010264,28,14
E01010265,21,12
E01010266,26,12
E01010267,26,11
E01010268,17,9
E01010269,13,9
E01010270,16,9
E01010271,32,12
E01010272,33,13
E01010273,35,13
E01010274,30,12
E01010275,30,12
E01010277,32,14
E01010279,32,13
E01010282,36,13
E01010283,36,14
E01010284,43,17
E01010285,38,16
E01010286,41,15
E01010287,35,15
E01010288,39,15
E01010289,39,15
E01010290,40,17
E01010291,33,17
E01010292,33,15
E01010293,31,15
E01010294,34,15
E01010295,36,13
E01010296,34,17
E01010297,36,17
E01010298,32,17
E01010299,37,17
E01010300,33,16
E01010301,39,18
E01010302,53,20
E01010303,46,18
E01010304,57,19
E01010305,53,20
E01010306,49,20
E01010307,47,21
E01010308,48,20
E01010309,26,15
E01010310,31,17
E01010311,28,15
E01010312,27,16
E01010313,31,17
E01010314,34,17
E01010315,39,18
E01010316,33,16
E01010317,29,13
E01010318,27,11
E01010319,39,17
E01010320,37,18
E01010321,36,16
E01010322,36,16
E01010323,36,17
E01010324,34,15
E01010325,29,12
E01010326,31,12
E01010327,29,11
E01010328,35,13
E01010329,34,15
E01010330,28,11
E01010331,40,16
E01010332,34,14
E01010333,38,15
E01010334,40,16
E01010335,26,12
E01010336,30,11
E01010337,26,13
E01010338,28,11
E01010339,30,12
E01010340,24,9
E01010341,24,10
E01010342,26,10
E01010343,26,10
E01010344,28,11
E01010345,44,19
E01010346,47,20
E01010347,45,19
E01010348,45,18
E01010349,41,19
E01010350,49,18
E01010351,40,18
E01010352,43,17
E01010353,41,18
E01010354,40,18
E01010355,36,21
E01010356,34,20
E01010357,33,20
E01010358,34,21
E01010359,30,20
E01010360,30,20
E01010361,22,11
E01010362,12,8
E01010363,9,7
E01010364,12,8
E01010365,17,10
E01010366,15,9
E01010367,18,10
E01010368,18,10
E01010369,25,10
E01010370,26,10
E01010371,21,9
E01010372,26,10
E01010373,33,12
E01010374,27,11
E01010375,25,10
E01010376,30,14
E01010377,38,14
E01010378,32,14
E01010379,36,15
E01010380,42,14
E01010381,38,15
E01010382,34,14
E01010383,36,15
E01010384,42,19
E01010385,41,19
E01010386,42,20
E01010387,43,21
E01010388,43,19
E01010389,44,20
E01010390,46,20
E01010391,45,21
E01010392,44,20
E01010393,33,15
E01010394,30,15
E01010395,30,15
E01010396,33,16
E01010397,33,17
E01010398,36,16
E01010399,36,16
E01010400,31,16
E01010401,31,12
E01010402,24,12
E01010403,25,13
E01010404,29,13
E01010405,27,13
E01010406,32,15
E01010407,28,12
E01010408,31,13
E01010409,27,13
E01010410,40,18
E01010411,40,19
E01010412,37,19
E01010413,41,20
E01010414,36,16
E01010415,38,15
E01010416,39,15
E01010417,31,14
E01010418,37,14
E01010419,33,14
E01010420,36,14
E01010421,37,14
E01010422,33,14
E01010423,31,13
E01010424,34,14
E01010425,29,13
E01010426,42,19
E01010427,42,18
E01010428,38,17
E01010429,41,18
E01010430,39,16
E01010431,48,19
E01010432,44,18
E01010433,37,17
E01010434,42,14
E01010435,40,14
E01010436,40,17
E01010437,40,16
E01010438,43,16
E01010439,35,15
E01010440,36,15
E01010441,40,14
E01010442,30,13
E01010443,26,11
E01010444,25,10
E01010445,22,10
E01010446,28,12
E01010447,28,11
E01010448,28,12
E01010449,42,16
E01010450,39,15
E01010451,45,17
E01010452,39,15
E01010453,38,15
E01010454,36,15
E01010455,34,14
E01010456,33,12
E01010457,28,12
E01010458,24,12
E01010459,28,11
E01010460,21,10
E01010461,23,10
E01010462,30,13
E01010463,38,17
E01010464,35,16
E01010465,42,18
E01010466,40,17
E01010467,42,19
E01010468,44,19
E01010469,45,20
E01010470,39,17
E01010471,18,9
E01010472,21,11
E01010473,17,10
E01010474,19,9
E01010475,18,9
E01010476,12,8
E01010477,17,9
E01010478,27,11
E01010479,28,10
E01010480,30,11
E01010481,33,11
E01010482,39,12
E01010483,39,12
E01010484,34,11
E01010485,37,12
E01010486,33,11
E01010487,46,21
E01010488,46,20
E01010489,50,22
E01010490,49,22
E01010491,51,23
E01010492,51,22
E01010493,46,20
E01010494,51,21
E01010495,46,17
E01010496,53,20
E01010497,51,21
E01010498,54,20
E01010499,44,15
E01010500,46,16
E01010501,48,18
E01010502,41,16
E01010503,37,15
E01010504,42,19
E01010505,43,18
E01010506,34,16
E01010507,45,20
E01010508,33,16
E01010509,47,21
E01010510,38,17
E01010511,39,16
E01010512,35,17
E01010513,49,22
E01010514,50,22
E01010515,49,22
E01010516,50,22
E01010517,52,23
E01010518,45,21
E01010519,44,20
E01010520,50,21
E01010521,26,13
E01010522,41,15
E01010523,40,17
E01010524,45,17
E01010525,43,15
E01010526,36,14
E01010527,39,15
E01010528,33,14
E01010529,34,15
E01010530,31,14
E01010531,47,18
E01010532,49,19
E01010533,44,18
E01010534,48,19
E01010535,45,17
E01010536,46,18
E01010537,46,19
E01010538,46,18
E01010539,45,18
E01010540,45,19
E01010541,55,22
E01010542,51,20
E01010543,53,21
E01010544,52,21
E01010545,49,19
E01010546,44,21
E01010547,42,20
E01010548,45,21
E01010549,45,22
E01010550,52,23
E01010551,46,22
E01010552,51,22
E01010553,46,22
E01010554,26,13
E01010555,28,14
E01010556,29,15
E01010557,26,13
E01010558,26,12
E01010559,29,15
E01010560,31,14
E01010561,31,12
E01010562,23,11
E01010563,26,13
E01010564,19,9
E01010565,27,11
E01010566,21,10
E01010567,25,12
E01010568,43,20
E01010569,40,19
E01010570,53,24
E01010571,35,18
E01010572,43,20
E01010573,57,23
E01010574,50,22
E01010575,55,22
E01010576,45,21
E01010577,54,22
E01010578,37,20
E01010579,44,20
E01010580,50,21
E01010581,44,19
E01010582,39,19
E01010583,45,20
E01010584,37,19
E01010585,31,18
E01010586,38,20
E01010587,28,15
E01010588,28,16
E01010589,31,17
E01010590,45,20
E01010591,28,15
E01010592,44,19
E01010593,30,16
E01010594,40,20
E01010595,38,21
E01010596,31,16
E01010597,33,15
E01010598,28,15
E01010599,31,14
E01010600,30,14
E01010601,31,15
E01010602,26,14
E01010603,38,16
E01010604,38,16
E01010605,34,15
E01010606,26,11
E01010607,28,12
E01010608,28,11
E01010609,30,11
E01010610,36,13
E01010611,34,12
E01010612,39,13
E01010613,27,10
E01010614,33,12
E01010615,29,11
E01010616,24,10
E01010617,26,12
E01010618,32,14
E01010619,32,13
E01010620,34,12
E01010621,30,12
E01010622,33,12
E01010623,35,13
E01010624,28,11
E01010625,35,15
E01010626,33,14
E01010627,30,14
E01010628,22,11
E01010629,17,9
E01010630,13,9
E01010631,21,11
E01010632,21,10
E01010633,33,13
E01010634,36,14
E01010635,32,13
E01010636,38,14
E01010637,35,13
E01010638,39,16
E01010639,25,15
E01010640,24,15
E01010641,28,16
E01010642,23,16
E01010643,17,10
E01010644,12,9
E01010645,13,10
E01010646,48,24
E01010647,45,23
E01010648,46,22
E01010649,38,18
E01010650,41,19
E01010651,32,16
E01010652,31,17
E01010653,34,18
E01010654,42,19
E01010655,35,17
E01010656,31,16
E01010657,30,16
E01010658,14,10
E01010659,19,11
E01010662,25,11
E01010663,18,10
E01010664,28,12
E01010665,25,11
E01010666,18,10
E01010667,21,11
E01010668,29,12
E01010669,19,12
E01010670,15,10
E01010671,14,9
E01010672,20,13
E01010673,18,9
E01010674,16,11
E01010675,13,9
E01010676,19,9
E01010677,15,10
E01010678,23,12
E01010679,19,9
E01010680,35,18
E01010681,43,18
E01010682,37,19
E01010683,40,20
E01010684,45,20
E01010685,47,20
E01010686,42,19
E01010687,43,18
E01010688,38,18
E01010689,40,19
E01010690,38,17
E01010691,51,30
E01010692,52,29
E01010693,59,26
E01010694,57,29
E01010695,47,28
E01010696,46,31
E01010697,53,27
E01010698,50,29
E01010699,51,30
E01010700,34,18
E01010701,29,16
E01010702,26,16
E01010703,40,19
E01010704,39,20
E01010705,42,21
E01010706,52,22
E01010707,51,20
E01010708,48,20
E01010709,51,22
E01010710,28,17
E01010711,34,19
E01010712,38,19
E01010713,36,20
E01010714,42,20
E01010715,43,21
E01010716,43,21
E01010717,42,21
E01010718,45,23
E01010719,32,17
E01010720,39,17
E01010721,44,16
E01010722,45,17
E01010723,32,17
E01010724,42,19
E01010725,40,19
E01010726,47,21
E01010727,24,14
E01010728,27,16
E01010729,33,15
E01010730,12,8
E01010731,10,7
E01010732,7,7
E01010733,7,7
E01010734,25,9
E01010735,15,8
E01010736,14,8
E01010737,13,7
E01010738,10,7
E01010739,16,8
E01010740,14,8
E01010741,26,13
E01010742,19,9
E01010743,17,9
E01010744,16,9
E01010745,18,10
E01010746,23,13
E01010747,20,11
E01010748,23,12
E01010749,25,12
E01010750,24,13
E01010751,25,13
E01010752,36,16
E01010753,41,19
E01010754,44,18
E01010755,31,15
E01010756,37,17
E01010758,43,20
E01010759,40,18
E01010760,41,20
E01010761,30,13
E01010762,28,12
E01010763,31,13
E01010764,54,23
E01010765,39,21
E01010766,50,21
E01010767,44,34
E01010768,50,35
E01010769,46,33
E01010770,47,32
E01010771,44,33
E01010772,38,30
E01010773,39,29
E01010774,42,30
E01010775,41,16
E01010776,27,14
E01010777,21,14
E01010778,31,14
E01010779,34,17
E01010781,37,18
E01010782,25,16
E01010783,34,15
E01010784,37,16
E01010785,36,15
E01010786,39,15
E01010787,35,14
E01010788,34,15
E01010789,28,13
E01010790,40,13
E01010791,25,12
E01010792,22,12
E01010793,19,11
E01010794,24,12
E01010795,33,16
E01010796,32,14
E01010797,35,15
E01010798,30,14
E01010799,17,10
E01010800,17,11
E01010801,14,9
E01010802,18,11
E01010803,10,8
E01010804,11,8
E01010805,13,8
E01010806,12,8
E01010807,14,8
E01010808,11,7
E01010809,7,7
E01010810,10,8
E01010811,9,7
E01010812,16,9
E01010813,14,8
E01010814,32,14
E01010815,28,13
E01010816,41,16
E01010817,32,13
E01010818,29,15
E01010819,36,13
E01010820,36,14
E01010821,39,14
E01010822,33,13
E01010824,26,10
E01010825,37,16
E01010826,35,16
E01010827,35,15
E01010828,33,14
E01010829,29,13
E01010830,25,12
E01010831,30,13
E01010832,32,14
E01010833,24,9
E01010834,14,8
E01010835,21,9
E01010836,17,8
E01010837,19,9
E01010838,19,8
E01010839,17,8
E01010840,16,9
E01010841,20,10
E01010842,18,10
E01010843,15,9
E01010845,26,14
E01010846,28,13
E01010847,21,11
E01010848,23,12
E01010849,25,13
E01010850,27,15
E01010851,25,14
E01010852,20,10
E01010853,22,11
E01010854,53,24
E01010855,55,26
E01010856,55,25
E01010857,69,26
E01010858,71,26
E01010859,47,21
E01010860,52,22
E01010861,51,24
E01010862,49,22
E01010863,48,23
E01010864,29,15
E01010865,27,15
E01010866,26,14
E01010867,32,14
E01010868,28,14
E01010869,28,15
E01010870,35,16
E01010871,30,16
E01010872,32,17
E01010873,33,17
E01010874,30,15
E01010875,44,20
E01010876,41,20
E01010877,43,18
E01010878,39,18
E01010879,55,20
E01010880,39,21
E01010881,56,28
E01010882,55,31
E01010883,71,32
E01010884,58,29
E01010885,46,24
E01010886,44,22
E01010887,60,32
E01010888,48,29
E01010889,24,14
E01010890,27,15
E01010891,42,14
E01010892,34,15
E01010893,26,14
E01010894,27,15
E01010895,45,15
E01010896,29,15
E01010897,29,16
E01010898,21,12
E01010899,23,14
E01010900,24,14
E01010901,25,14
E01010902,26,15
E01010903,26,14
E01010904,44,20
E01010905,39,19
E01010906,41,20
E01010907,36,19
E01010908,36,20
E01010909,37,20
E01010910,39,21
E01010911,43,21
E01010912,40,21
E01010913,41,21
E01010914,41,21
E01010915,39,19
E01010916,39,20
E01010917,52,23
E01010918,58,26
E01010919,50,24
E01010920,52,21
E01010921,49,20
E01010922,41,17
E01010923,46,29
E01010924,36,19
E01010925,39,21
E01010926,40,21
E01010927,33,18
E01010928,33,16
E01010929,31,15
E01010930,32,15
E01010931,31,17
E01010932,28,16
E01010933,30,17
E01010934,32,16
E01010935,36,18
E01010936,38,19
E01010937,33,17
E01010938,29,16
E01010939,32,17
E01010940,32,17
E01010941,39,18
E01010942,33,18
E01010943,30,17
E01010944,31,17
E01010945,41,15
E01010946,44,16
E01010947,45,17
E01010948,37,14
E01010949,42,18
E01010950,43,16
E01010951,43,16
E01010952,42,21
E01010953,33,19
E01010954,43,23
E01010955,50,25
E01010956,45,19
E01010957,41,18
E01010958,43,18
E01010959,38,17
E01010960,26,14
E01010961,28,16
E01010964,30,14
E01010965,25,13
E01010966,25,13
E01010967,30,16
E01010968,13,9
E01010969,19,11
E01010970,23,11
E01010971,8,8
E01010972,8,8
E01010973,16,10
E01010974,25,11
E01010975,29,13
E01010976,32,14
E01010977,28,12
E01010978,35,16
E01010979,29,15
E01010980,33,15
E01010981,27,13
E01010982,52,29
E01010983,46,27
E01010984,53,28
E01010985,55,26
E01010986,46,23
E01010987,54,27
E01010988,57,28
E01010989,19,11
E01010990,35,13
E01010991,34,14
E01010992,17,10
E01010993,18,10
E01010994,17,12
E01010995,23,12
E01010996,25,12
E01010997,39,16
E01010998,33,15
E01010999,36,15
E01011000,28,14
E01011001,27,13
E01011002,29,13
E01011003,28,12
E01011004,38,20
E01011005,41,21
E01011006,35,19
E01011007,29,17
E01011008,34,18
E01011009,35,19
E01011010,33,19
E01011011,38,19
E01011012,36,20
E01011013,35,14
E01011014,28,12
E01011015,21,9
E01011016,28,10
E01011017,16,8
E01011018,17,9
E01011019,28,10
E01011020,19,9
E01011021,35,12
E01011022,33,11
E01011023,23,11
E01011024,28,12
E01011025,12,8
E01011026,6,7
E01011027,28,12
E01011028,28,11
E01011029,23,11
E01011030,30,12
E01011031,24,10
E01011032,19,10
E01011033,17,9
E01011034,15,8
E01011035,10,7
E01011036,14,8
E01011037,11,8
E01011038,33,13
E01011039,33,13
E01011040,27,11
E01011041,32,13
E01011042,25,10
E01011043,25,11
E01011044,26,10
E01011045,30,12
E01011046,44,14
E01011047,40,14
E01011048,31,13
E01011049,37,14
E01011050,30,14
E01011051,45,16
E01011052,31,14
E01011053,29,14
E01011054,32,13
E01011055,36,17
E01011056,43,18
E01011057,42,18
E01011058,43,17
E01011059,41,15
E01011060,38,19
E01011061,32,18
E01011062,33,17
E01011063,27,16
E01011064,39,19
E01011065,35,19
E01011066,34,18
E01011067,36,19
E01011068,42,18
E01011069,35,18
E01011070,44,19
E01011071,31,16
E01011072,34,16
E01011073,39,18
E01011074,43,24
E01011075,42,24
E01011076,44,22
E01011077,27,13
E01011078,41,18
E01011079,31,13
E01011080,31,12
E01011081,34,14
E01011082,31,12
E01011083,33,14
E01011084,38,14
E01011085,40,15
E01011086,43,17
E01011087,42,19
E01011088,45,19
E01011089,43,23
E01011090,38,20
E01011091,47,22
E01011092,44,22
E01011093,37,18
E01011094,35,18
E01011095,39,20
E01011096,33,18
E01011097,34,18
E01011098,32,18
E01011099,35,19
E01011100,49,17
E01011101,37,15
E01011102,44,16
E01011103,42,17
E01011104,43,16
E01011105,35,15
E01011106,37,15
E01011107,28,14
E01011108,53,18
E01011109,67,27
E01011110,70,24
E01011111,56,23
E01011112,60,22
E01011113,66,27
E01011114,65,27
E01011115,66,25
E01011116,66,25
E01011117,67,26
E01011118,61,29
E01011119,60,25
E01011120,55,28
E01011121,28,15
E01011122,32,15
E01011123,25,12
E01011124,33,13
E01011125,26,13
E01011126,39,13
E01011127,33,12
E01011128,17,9
E01011129,30,13
E01011130,19,10
E01011132,40,17
E01011133,35,16
E01011134,31,15
E01011136,12,8
E01011137,18,9
E01011138,19,10
E01011139,21,10
E01011140,20,10
E01011141,24,12
E01011142,38,17
E01011143,33,15
E01011144,31,14
E01011145,36,13
E01011146,40,14
E01011147,30,12
E01011148,31,12
E01011149,19,11
E01011150,20,10
E01011151,44,15
E01011152,38,14
E01011153,21,11
E01011154,23,12
E01011155,31,12
E01011156,31,14
E01011157,15,9
E01011158,24,12
E01011159,36,17
E01011160,28,14
E01011161,17,9
E01011162,33,16
E01011163,24,10
E01011164,27,11
E01011165,19,10
E01011166,22,11
E01011167,16,10
E01011168,40,23
E01011169,43,22
E01011170,53,22
E01011171,47,21
E01011172,49,22
E01011173,56,22
E01011174,47,22
E01011175,33,21
E01011176,49,25
E01011177,36,21
E01011178,39,22
E01011179,68,30
E01011180,67,28
E01011181,59,28
E01011182,72,29
E01011183,76,31
E01011184,61,28
E01011185,60,28
E01011186,60,26
E01011187,58,27
E01011188,63,27
E01011189,58,27
E01011190,50,24
E01011191,44,24
E01011192,48,23
E01011193,54,25
E01011194,45,23
E01011195,51,25
E01011196,55,25
E01011197,58,27
E01011198,54,28
E01011199,57,28
E01011200,47,22
E01011201,10,7
E01011202,17,10
E01011203,14,9
E01011204,12,8
E01011205,20,12
E01011206,12,8
E01011207,16,9
E01011208,7,7
E01011209,15,9
E01011210,18,9
E01011211,16,10
E01011212,42,19
E01011213,40,18
E01011214,42,20
E01011215,35,19
E01011216,43,19
E01011217,36,18
E01011218,39,18
E01011219,44,20
E01011220,41,19
E01011221,45,19
E01011222,36,17
E01011223,36,17
E01011224,37,16
E01011225,35,15
E01011226,40,17
E01011227,40,17
E01011228,38,18
E01011229,30,14
E01011230,33,14
E01011231,14,9
E01011232,18,10
E01011233,17,9
E01011234,14,9
E01011235,21,12
E01011236,18,11
E01011237,17,10
E01011238,15,9
E01011239,13,8
E01011240,12,8
E01011241,46,15
E01011242,42,15
E01011243,40,13
E01011244,43,15
E01011245,32,13
E01011246,24,13
E01011247,30,16
E01011248,25,15
E01011249,35,18
E01011250,24,14
E01011251,37,19
E01011252,49,21
E01011253,44,19
E01011254,41,18
E01011255,44,18
E01011256,42,19
E01011257,28,13
E01011258,31,14
E01011259,32,15
E01011260,39,15
E01011261,35,15
E01011262,36,16
E01011263,37,16
E01011264,54,28
E01011265,35,27
E01011266,44,27
E01011267,42,28
E01011268,49,29
E01011269,52,27
E01011270,66,25
E01011271,40,26
E01011272,51,28
E01011273,52,28
E01011274,50,26
E01011275,53,27
E01011276,45,27
E01011277,55,26
E01011278,44,25
E01011279,39,28
E01011280,37,28
E01011281,28,16
E01011282,31,18
E01011283,24,16
E01011284,19,12
E01011286,25,17
E01011287,32,18
E01011292,21,12
E01011293,18,12
E01011294,22,11
E01011295,29,17
E01011296,51,22
E01011297,48,25
E01011298,40,21
E01011299,51,21
E01011300,47,27
E01011301,48,26
E01011302,50,26
E01011303,50,25
E01011304,48,25
E01011305,45,26
E01011306,50,27
E01011307,49,23
E01011308,50,24
E01011309,52,24
E01011310,51,21
E01011311,45,18
E01011312,27,15
E01011313,33,15
E01011314,33,15
E01011315,33,16
E01011316,29,15
E01011317,31,17
E01011318,26,18
E01011319,30,16
E01011320,32,17
E01011321,34,18
E01011322,35,20
E01011323,34,19
E01011324,29,17
E01011325,33,19
E01011326,33,18
E01011327,38,21
E01011328,43,21
E01011329,37,20
E01011330,35,20
E01011331,32,19
E01011332,31,18
E01011333,40,20
E01011334,29,18
E01011335,39,20
E01011336,32,17
E01011337,32,19
E01011338,15,8
E01011339,22,10
E01011340,17,9
E01011341,29,12
E01011342,21,10
E01011343,31,13
E01011344,11,7
E01011345,27,15
E01011346,28,11
E01011347,13,8
E01011348,15,9
E01011349,12,7
E01011350,29,13
E01011351,30,12
E01011352,27,11
E01011353,30,11
E01011354,33,14
E01011355,29,13
E01011356,26,11
E01011357,26,11
E01011358,30,11
E01011359,23,9
E01011360,22,9
E01011361,19,9
E01011362,25,11
E01011363,22,11
E01011364,27,14
E01011366,27,13
E01011368,27,13
E01011369,33,15
E01011370,30,14
E01011371,26,14
E01011372,28,15
E01011373,29,14
E01011374,28,15
E01011375,30,14
E01011376,46,26
E01011377,44,25
E01011378,48,24
E01011379,44,24
E01011380,39,20
E01011381,42,22
E01011382,38,25
E01011383,42,22
E01011384,40,25
E01011385,38,19
E01011386,38,20
E01011388,41,23
E01011390,39,22
E01011391,37,22
E01011392,41,25
E01011393,47,20
E01011394,49,21
E01011395,42,20
E01011396,35,25
E01011397,33,26
E01011398,39,27
E01011399,40,24
E01011400,31,26
E01011401,37,26
E01011402,39,24
E01011403,37,25
E01011404,36,26
E01011405,44,26
E01011406,34,16
E01011407,38,16
E01011408,28,16
E01011409,29,16
E01011410,39,18
E01011411,39,19
E01011412,34,17
E01011413,31,15
E01011414,32,17
E01011415,34,14
E01011416,35,16
E01011417,35,15
E01011418,39,18
E01011419,42,19
E01011420,42,16
E01011421,23,11
E01011422,19,8
E01011423,24,10
E01011424,20,10
E01011425,26,12
E01011426,19,9
E01011427,18,9
E01011428,15,8
E01011429,14,8
E01011430,17,8
E01011431,19,9
E01011432,13,7
E01011433,10,7
E01011434,9,7
E01011435,26,14
E01011440,25,14
E01011441,23,12
E01011442,24,12
E01011443,23,11
E01011444,25,11
E01011445,25,11
E01011446,20,12
E01011447,20,11
E01011448,22,10
E01011449,19,11
E01011450,32,13
E01011451,30,14
E01011452,32,22
E01011453,28,21
E01011454,30,22
E01011455,43,26
E01011456,37,25
E01011457,36,25
E01011458,36,25
E01011459,36,24
E01011460,37,23
E01011461,37,24
E01011462,35,22
E01011463,38,22
E01011464,38,21
E01011465,29,22
E01011466,41,20
E01011467,26,15
E01011468,28,15
E01011469,39,18
E01011470,35,16
E01011471,32,17
E01011472,34,16
E01011473,38,17
E01011474,38,18
E01011475,40,19
E01011476,41,19
E01011477,23,14
E01011478,20,13
E01011479,24,13
E01011480,23,14
E01011481,19,11
E01011482,17,12
E01011483,17,11
E01011484,33,19
E01011485,29,18
E01011488,24,16
E01011489,27,16
E01011490,43,20
E01011491,41,21
E01011492,44,21
E01011493,41,21
E01011494,42,21
E01011496,33,19
E01011497,42,20
E01011499,44,17
E01011500,29,15
E01011502,41,20
E01011504,34,13
E01011505,40,15
E01011506,33,14
E01011507,30,14
E01011508,39,15
E01011509,39,16
E01011510,37,15
E01011511,35,14
E01011512,31,15
E01011513,41,16
E01011514,34,14
E01011515,30,13
E01011516,31,13
E01011517,33,13
E01011518,32,19
E01011519,41,20
E01011520,41,20
E01011521,38,18
E01011522,38,20
E01011523,41,19
E01011524,37,19
E01011525,39,18
E01011526,42,20
E01011527,44,17
E01011528,43,20
E01011529,46,18
E01011530,38,16
E01011531,33,19
E01011532,44,19
E01011533,35,17
E01011534,39,15
E01011535,42,17
E01011536,40,17
E01011537,37,17
E01011538,39,19
E01011540,41,19
E01011541,38,17
E01011545,39,16
E01011546,38,16
E01011547,44,17
E01011548,43,17
E01011549,44,18
E01011550,43,17
E01011551,43,18
E01011552,41,19
E01011553,43,19
E01011554,44,19
E01011555,44,18
E01011556,35,17
E01011557,34,18
E01011558,40,17
E01011559,42,17
E01011560,45,18
E01011561,47,20
E01011562,42,19
E01011563,41,20
E01011564,46,20
E01011565,37,19
E01011566,45,17
E01011567,43,19
E01011568,43,17
E01011569,48,32
E01011570,49,28
E01011571,46,32
E01011572,52,32
E01011573,44,32
E01011574,50,32
E01011576,50,26
E01011578,43,27
E01011579,41,26
E01011580,41,26
E01011581,64,35
E01011582,69,35
E01011583,63,34
E01011584,58,33
E01011585,42,20
E01011586,37,17
E01011587,37,20
E01011588,41,22
E01011589,41,21
E01011590,45,21
E01011591,37,21
E01011592,44,20
E01011593,45,21
E01011594,39,20
E01011595,36,19
E01011596,44,21
E01011597,33,17
E01011598,38,19
E01011599,35,18
E01011600,40,21
E01011601,42,20
E01011602,41,20
E01011603,43,21
E01011604,42,21
E01011605,44,20
E01011606,37,14
E01011607,41,21
E01011608,33,19
E01011609,33,19
E01011610,37,20
E01011611,36,19
E01011612,37,21
E01011613,42,18
E01011614,38,20
E01011615,18,10
E01011616,31,13
E01011617,25,10
E01011618,15,9
E01011620,36,14
E01011621,27,11
E01011622,31,12
E01011623,17,10
E01011624,35,14
E01011625,20,11
E01011626,21,11
E01011627,36,19
E01011628,39,20
E01011629,37,20
E01011630,35,21
E01011632,37,21
E01011633,33,19
E01011634,29,18
E01011635,30,17
E01011636,33,18
E01011637,29,19
E01011638,33,19
E01011639,36,21
E01011641,30,12
E01011642,27,10
E01011643,27,12
E01011644,29,13
E01011645,27,11
E01011646,24,12
E01011647,21,10
E01011648,24,11
E01011649,46,17
E01011650,41,15
E01011651,41,16
E01011652,38,15
E01011653,35,14
E01011654,34,13
E01011655,32,13
E01011656,29,14
E01011657,28,14
E01011658,25,13
E01011659,29,14
E01011660,27,14
E01011661,29,15
E01011662,26,12
E01011663,28,13
E01011664,28,13
E01011665,31,14
E01011666,31,14
E01011667,30,12
E01011668,25,11
E01011669,27,11
E01011670,23,10
E01011671,19,10
E01011673,9,7
E01011677,6,6
E01011678,10,9
E01011681,16,10
E01011684,37,21
E01011685,32,18
E01011686,39,20
E01011687,35,20
E01011688,35,15
E01011689,35,15
E01011690,30,17
E01011691,33,14
E01011692,33,15
E01011693,35,15
E01011694,29,16
E01011695,40,22
E01011696,48,24
E01011697,43,29
E01011698,49,24
E01011699,52,24
E01011700,42,24
E01011701,38,24
E01011702,32,22
E01011703,28,21
E01011704,29,24
E01011705,36,25
E01011706,52,25
E01011707,50,29
E01011708,51,23
E01011709,49,29
E01011710,54,30
E01011711,50,30
E01011712,58,28
E01011713,64,20
E01011714,41,17
E01011715,45,19
E01011716,38,15
E01011717,39,17
E01011718,37,17
E01011719,47,19
E01011720,34,16
E01011721,36,17
E01011722,40,17
E01011723,39,16
E01011724,35,15
E01011725,29,16
E01011726,39,17
E01011727,39,17
E01011728,34,17
E01011729,26,14
E01011730,33,16
E01011731,34,14
E01011732,30,13
E01011733,27,13
E01011734,27,15
E01011735,37,16
E01011736,28,13
E01011737,29,14
E01011738,35,17
E01011739,32,17
E01011740,34,16
E01011741,35,15
E01011742,29,15
E01011743,29,14
E01011744,23,12
E01011745,38,18
E01011746,37,16
E01011747,34,16
E01011748,31,14
E01011749,28,15
E01011750,25,14
E01011751,37,17
E01011752,35,17
E01011753,31,15
E01011754,30,14
E01011755,28,13
E01011756,32,15
E01011757,32,17
E01011758,34,17
E01011759,35,19
E01011760,34,18
E01011761,33,17
E01011762,32,16
E01011763,30,16
E01011764,31,17
E01011765,44,20
E01011766,47,21
E01011767,29,14
E01011768,26,17
E01011769,29,17
E01011770,25,16
E01011771,62,24
E01011772,58,24
E01011773,33,19
E01011774,27,18
E01011775,36,18
E01011776,31,20
E01011777,29,15
E01011778,26,16
E01011779,21,13
E01011780,27,16
E01011781,23,15
E01011782,25,15
E01011783,23,14
E01011784,52,25
E01011785,36,22
E01011786,62,24
E01011787,33,21
E01011788,34,21
E01011789,40,23
E01011790,35,21
E01011791,48,22
E01011792,39,23
E01011793,41,20
E01011794,43,20
E01011795,41,19
E01011796,43,19
E01011797,37,19
E01011798,38,20
E01011799,40,21
E01011800,40,21
E01011801,41,19
E01011802,37,19
E01011803,30,13
E01011804,27,13
E01011805,26,14
E01011806,24,12
E01011807,30,15
E01011808,28,14
E01011809,25,13
E01011810,38,16
E01011811,32,13
E01011812,37,20
E01011813,37,20
E01011814,32,19
E01011815,33,19
E01011816,38,21
E01011817,29,20
E01011818,29,20
E01011819,28,18
E01011820,31,18
E01011821,31,19
E01011822,29,19
E01011823,35,15
E01011824,30,16
E01011825,31,16
E01011826,31,16
E01011827,40,19
E01011828,34,17
E01011829,46,19
E01011830,39,17
E01011831,37,16
E01011832,40,18
E01011833,42,17
E01011834,19,10
E01011835,19,10
E01011836,18,9
E01011837,9,8
E01011838,11,8
E01011839,18,9
E01011840,8,7
E01011841,18,10
E01011842,17,10
E01011843,20,10
E01011844,20,10
E01011845,18,10
E01011846,13,9
E01011847,16,9
E01011848,16,10
E01011849,28,14
E01011850,14,8
E01011851,14,9
E01011852,17,9
E01011853,17,9
E01011854,59,22
E01011855,54,23
E01011856,57,22
E01011857,51,19
E01011858,53,23
E01011859,39,24
E01011860,44,24
E01011861,44,25
E01011862,40,27
E01011863,35,27
E01011864,47,24
E01011865,40,23
E01011866,39,25
E01011867,38,23
E01011868,35,24
E01011869,28,26
E01011870,28,26
E01011871,28,25
E01011872,41,24
E01011873,22,13
E01011874,24,16
E01011875,26,14
E01011876,18,11
E01011877,20,12
E01011878,21,12
E01011879,23,15
E01011880,14,9
E01011881,18,11
E01011882,22,15
E01011883,26,17
E01011884,16,10
E01011885,38,15
E01011886,29,14
E01011887,25,13
E01011888,33,14
E01011889,38,16
E01011890,41,15
E01011891,32,13
E01011892,35,15
E01011893,21,13
E01011894,23,13
E01011895,20,12
E01011896,20,12
E01011897,18,12
E01011898,28,13
E01011899,34,17
E01011900,29,15
E01011901,32,16
E01011902,33,13
E01011903,34,17
E01011904,33,16
E01011905,35,15
E01011906,32,14
E01011907,28,13
E01011908,23,13
E01011909,13,9
E01011910,10,9
E01011911,18,10
E01011912,15,9
E01011913,13,9
E01011914,20,10
E01011915,19,10
E01011916,18,11
E01011917,20,13
E01011918,35,17
E01011919,27,14
E01011920,25,12
E01011921,32,15
E01011922,36,17
E01011923,23,10
E01011924,29,13
E01011925,30,14
E01011926,27,13
E01011927,30,14
E01011928,45,22
E01011929,43,19
E01011930,39,20
E01011931,49,24
E01011932,45,23
E01011933,48,22
E01011934,41,20
E01011935,36,18
E01011936,52,22
E01011937,43,18
E01011938,47,22
E01011939,38,19
E01011940,40,19
E01011941,40,20
E01011942,45,20
E01011943,45,20
E01011944,29,15
E01011945,33,15
E01011946,39,19
E01011947,38,18
E01011948,38,18
E01011949,25,13
E01011950,22,12
E01011951,24,11
E01011952,9,7
E01011953,14,8
E01011954,16,10
E01011955,17,9
E01011957,17,8
E01011959,63,16
E01011960,39,19
E01011961,34,17
E01011962,40,19
E01011963,35,16
E01011964,22,10
E01011965,29,11
E01011966,26,10
E01011967,25,11
E01011968,39,18
E01011969,17,10
E01011970,19,11
E01011971,21,10
E01011973,18,9
E01011974,23,11
E01011975,25,9
E01011976,22,9
E01011977,39,17
E01011978,33,16
E01011979,34,16
E01011980,34,15
E01011981,30,14
E01011982,26,13
E01011983,24,11
E01011984,30,14
E01011985,31,13
E01011986,26,13
E01011987,23,12
E01011988,35,15
E01011989,36,15
E01011990,33,15
E01011991,30,12
E01011992,15,8
E01011993,28,11
E01011994,21,10
E01011995,36,17
E01011996,37,16
E01011997,39,16
E01011998,40,17
E01011999,20,11
E01012000,26,12
E01012001,28,13
E01012002,22,9
E01012003,18,11
E01012005,19,10
E01012007,27,12
E01012008,20,11
E01012009,21,13
E01012010,26,13
E01012011,30,14
E01012012,26,14
E01012013,37,14
E01012014,37,15
E01012015,28,15
E01012016,28,16
E01012017,24,14
E01012018,12,9
E01012019,17,10
E01012020,13,9
E01012021,17,11
E01012022,38,18
E01012023,33,15
E01012024,35,16
E01012025,36,17
E01012026,21,11
E01012027,18,10
E01012030,30,18
E01012031,26,15
E01012032,35,19
E01012033,31,18
E01012034,35,20
E01012035,27,16
E01012036,26,13
E01012037,32,14
E01012038,30,13
E01012039,24,13
E01012040,27,13
E01012041,30,15
E01012042,36,17
E01012043,33,16
E01012044,39,16
E01012045,37,16
E01012046,26,14
E01012047,27,15
E01012048,27,15
E01012049,22,11
E01012050,15,9
E01012051,17,10
E01012052,19,11
E01012053,21,13
E01012054,27,13
E01012055,20,12
E01012056,26,12
E01012057,28,12
E01012058,34,14
E01012059,32,14
E01012060,42,16
E01012061,41,15
E01012062,31,17
E01012063,29,15
E01012064,28,15
E01012065,30,16
E01012066,30,17
E01012067,29,15
E01012068,24,13
E01012071,31,17
E01012073,31,16
E01012074,26,14
E01012075,32,14
E01012076,37,14
E01012077,31,13
E01012078,22,12
E01012079,19,11
E01012080,23,11
E01012081,23,11
E01012082,22,13
E01012083,24,15
E01012084,28,14
E01012085,25,14
E01012088,38,15
E01012089,40,17
E01012090,36,16
E01012091,38,16
E01012092,25,12
E01012093,24,12
E01012094,22,12
E01012095,77,34
E01012096,77,37
E01012097,78,33
E01012098,75,34
E01012099,72,33
E01012100,50,25
E01012101,54,25
E01012102,55,25
E01012105,54,24
E01012106,57,23
E01012107,55,24
E01012108,34,18
E01012109,40,17
E01012110,31,19
E01012111,31,19
E01012112,37,19
E01012113,41,20
E01012114,45,20
E01012117,46,25
E01012118,46,24
E01012119,52,24
E01012120,52,26
E01012121,51,25
E01012124,46,24
E01012127,43,23
E01012128,42,22
E01012129,46,22
E01012130,46,23
E01012131,44,23
E01012132,67,34
E01012134,91,43
E01012136,83,40
E01012137,88,41
E01012138,61,23
E01012139,63,24
E01012140,61,24
E01012141,62,24
E01012142,50,24
E01012143,48,24
E01012144,53,25
E01012145,29,17
E01012146,29,17
E01012147,39,19
E01012148,29,16
E01012149,33,18
E01012150,24,15
E01012151,34,16
E01012152,38,17
E01012154,58,24
E01012155,63,26
E01012156,70,26
E01012157,66,25
E01012158,75,28
E01012159,66,28
E01012160,70,27
E01012161,63,28
E01012162,67,31
E01012163,66,30
E01012164,65,29
E01012165,63,30
E01012167,43,18
E01012168,38,19
E01012170,46,18
E01012171,34,19
E01012172,34,19
E01012173,29,18
E01012174,33,18
E01012175,41,19
E01012176,55,24
E01012177,62,23
E01012178,57,24
E01012179,58,22
E01012180,57,22
E01012181,61,31
E01012182,48,26
E01012183,46,26
E01012184,57,25
E01012185,59,25
E01012186,54,25
E01012187,19,10
E01012188,23,12
E01012189,20,11
E01012190,30,12
E01012191,31,13
E01012192,24,12
E01012193,26,11
E01012194,25,13
E01012195,26,12
E01012196,38,17
E01012197,41,16
E01012198,43,19
E01012199,48,22
E01012200,49,20
E01012201,51,18
E01012202,44,20
E01012203,49,18
E01012204,25,11
E01012205,22,12
E01012206,21,12
E01012207,30,12
E01012208,35,13
E01012209,42,14
E01012210,27,14
E01012211,20,12
E01012212,20,11
E01012213,25,12
E01012214,46,19
E01012215,43,19
E01012216,49,20
E01012217,33,13
E01012218,37,13
E01012219,28,12
E01012223,47,15
E01012224,45,15
E01012225,44,15
E01012226,37,14
E01012227,61,21
E01012228,58,21
E01012230,62,21
E01012231,64,22
E01012232,64,22
E01012233,81,23
E01012234,64,23
E01012235,96,24
E01012236,53,20
E01012237,57,20
E01012238,40,17
E01012239,40,17
E01012240,36,16
E01012241,39,17
E01012242,49,20
E01012243,47,20
E01012244,50,21
E01012245,50,21
E01012246,47,21
E01012247,12,8
E01012248,13,9
E01012249,14,9
E01012250,12,8
E01012251,20,11
E01012252,22,11
E01012253,26,11
E01012254,22,11
E01012255,49,17
E01012256,55,18
E01012257,50,17
E01012258,29,14
E01012259,25,13
E01012260,22,13
E01012261,24,13
E01012262,30,14
E01012264,38,15
E01012266,28,14
E01012267,23,12
E01012268,26,13
E01012269,89,18
E01012270,41,19
E01012271,22,10
E01012272,20,10
E01012273,16,9
E01012274,19,9
E01012275,45,18
E01012276,39,17
E01012277,48,18
E01012278,35,16
E01012279,34,16
E01012280,37,15
E01012281,32,15
E01012282,48,19
E01012283,47,19
E01012284,44,19
E01012285,49,20
E01012286,31,16
E01012287,32,16
E01012288,34,16
E01012289,35,17
E01012290,48,19
E01012291,42,18
E01012292,40,18
E01012294,44,13
E01012295,99,17
E01012296,56,19
E01012297,54,20
E01012298,62,25
E01012299,49,22
E01012300,52,24
E01012301,66,25
E01012302,46,25
E01012303,49,25
E01012304,29,11
E01012305,29,11
E01012306,31,12
E01012307,31,11
E01012309,16,9
E01012310,22,11
E01012311,17,9
E01012312,25,12
E01012313,22,10
E01012314,27,12
E01012315,20,9
E01012316,17,9
E01012317,35,13
E01012318,40,14
E01012319,35,14
E01012323,30,11
E01012324,30,11
E01012325,39,15
E01012326,37,14
E01012327,37,15
E01012328,42,16
E01012329,40,15
E01012330,34,13
E01012331,35,15
E01012332,36,13
E01012333,37,14
E01012334,48,20
E01012335,31,20
E01012336,26,12
E01012337,26,12
E01012338,54,18
E01012339,42,18
E01012340,32,12
E01012341,33,14
E01012342,32,12
E01012343,32,13
E01012344,44,19
E01012345,59,21
E01012346,49,19
E01012347,20,10
E01012348,24,11
E01012349,24,10
E01012350,27,10
E01012351,29,11
E01012352,25,10
E01012353,12,8
E01012354,17,9
E01012355,14,8
E01012356,24,10
E01012357,29,11
E01012358,34,12
E01012359,34,13
E01012360,27,10
E01012361,29,12
E01012362,13,8
E01012363,10,8
E01012364,7,7
E01012365,13,8
E01012366,75,17
E01012367,34,14
E01012368,36,16
E01012369,35,16
E01012370,36,15
E01012371,16,9
E01012372,20,10
E01012373,18,12
E01012374,36,17
E01012375,36,18
E01012376,46,18
E01012377,43,17
E01012378,44,17
E01012379,42,16
E01012380,45,17
E01012381,20,11
E01012382,20,11
E01012383,18,10
E01012384,18,9
E01012385,29,13
E01012386,29,13
E01012387,38,16
E01012388,48,15
E01012389,46,16
E01012390,43,16
E01012391,53,17
E01012392,38,17
E01012393,30,17
E01012394,32,17
E01012395,34,17
E01012396,18,11
E01012397,20,12
E01012398,23,13
E01012399,21,12
E01012400,25,13
E01012401,61,21
E01012402,23,11
E01012403,22,11
E01012404,26,11
E01012405,27,12
E01012406,15,11
E01012407,9,10
E01012408,14,9
E01012409,8,10
E01012410,40,17
E01012411,42,16
E01012412,37,15
E01012413,38,16
E01012414,36,16
E01012415,22,13
E01012416,23,14
E01012417,30,15
E01012418,24,14
E01012419,40,18
E01012420,40,17
E01012421,44,17
E01012422,39,17
E01012423,43,17
E01012424,37,14
E01012425,35,14
E01012426,39,15
E01012427,41,15
E01012428,31,15
E01012429,31,15
E01012430,31,14
E01012431,29,13
E01012432,23,13
E01012433,24,12
E01012434,26,13
E01012435,26,12
E01012436,22,12
E01012437,19,11
E01012438,20,11
E01012439,17,10
E01012440,21,10
E01012441,36,13
E01012442,47,16
E01012443,48,16
E01012444,25,14
E01012445,26,14
E01012446,46,20
E01012447,50,21
E01012448,47,21
E01012449,44,20
E01012450,36,17
E01012451,38,18
E01012452,41,18
E01012453,15,10
E01012454,10,8
E01012455,12,8
E01012457,6,7
E01012458,22,10
E01012459,36,20
E01012460,41,20
E01012461,45,23
E01012462,44,22
E01012463,47,19
E01012464,48,20
E01012465,40,20
E01012466,40,20
E01012467,38,17
E01012468,34,19
E01012469,39,16
E01012470,38,16
E01012471,56,24
E01012472,56,21
E01012473,62,25
E01012474,57,25
E01012475,63,24
E01012476,61,25
E01012477,66,25
E01012478,33,13
E01012479,30,12
E01012480,27,12
E01012481,29,13
E01012482,30,12
E01012483,23,10
E01012485,43,18
E01012486,40,17
E01012487,42,18
E01012488,52,20
E01012489,44,19
E01012490,47,19
E01012491,33,15
E01012492,31,14
E01012493,34,15
E01012494,36,16
E01012495,26,12
E01012496,26,12
E01012497,14,11
E01012498,20,12
E01012499,24,13
E01012500,27,13
E01012501,23,10
E01012502,34,16
E01012503,49,19
E01012504,36,16
E01012505,34,15
E01012506,36,15
E01012507,32,15
E01012508,36,16
E01012509,33,14
E01012510,28,13
E01012511,30,13
E01012512,30,13
E01012513,56,23
E01012514,58,25
E01012515,56,23
E01012516,53,24
E01012517,50,23
E01012518,62,24
E01012519,53,23
E01012520,25,11
E01012521,31,13
E01012522,36,14
E01012523,25,11
E01012524,34,13
E01012525,21,10
E01012526,27,12
E01012527,28,14
E01012528,31,15
E01012529,31,15
E01012530,34,16
E01012531,34,15
E01012532,29,14
E01012533,41,16
E01012534,39,15
E01012535,33,14
E01012536,38,14
E01012537,27,14
E01012538,46,17
E01012539,36,15
E01012540,41,16
E01012541,46,17
E01012542,45,17
E01012543,40,16
E01012544,41,17
E01012545,38,15
E01012546,36,14
E01012547,35,14
E01012548,35,16
E01012549,36,15
E01012550,35,14
E01012551,41,18
E01012552,38,16
E01012553,41,18
E01012554,45,24
E01012555,43,17
E01012556,38,16
E01012557,34,15
E01012558,36,16
E01012559,37,16
E01012560,36,16
E01012561,28,14
E01012562,32,14
E01012563,29,12
E01012564,24,14
E01012565,20,11
E01012566,26,11
E01012567,36,14
E01012568,31,13
E01012569,31,14
E01012570,19,11
E01012571,21,10
E01012572,21,9
E01012573,18,10
E01012574,28,12
E01012575,22,10
E01012576,26,11
E01012577,30,12
E01012578,27,12
E01012579,31,13
E01012580,26,12
E01012581,44,17
E01012582,36,16
E01012583,43,16
E01012584,33,16
E01012585,31,13
E01012586,28,13
E01012587,33,14
E01012588,31,14
E01012589,38,15
E01012590,36,14
E01012591,40,15
E01012592,58,15
E01012593,31,13
E01012594,38,15
E01012595,27,12
E01012596,21,10
E01012597,30,12
E01012598,36,14
E01012599,31,13
E01012600,20,10
E01012601,20,10
E01012602,21,11
E01012603,16,10
E01012604,12,9
E01012605,32,13
E01012606,33,13
E01012607,40,16
E01012608,33,14
E01012609,43,17
E01012610,44,18
E01012611,46,18
E01012612,42,17
E01012613,38,16
E01012614,54,16
E01012615,46,17
E01012616,54,18
E01012617,45,16
E01012618,36,15
E01012619,39,15
E01012620,39,15
E01012621,37,15
E01012622,30,12
E01012623,36,13
E01012624,33,13
E01012625,33,13
E01012628,62,23
E01012629,17,9
E01012630,16,9
E01012631,16,9
E01012632,13,10
E01012633,38,15
E01012634,37,14
E01012635,41,15
E01012636,38,17
E01012637,19,10
E01012638,16,9
E01012639,28,11
E01012640,22,10
E01012641,20,10
E01012642,27,13
E01012643,23,12
E01012644,23,12
E01012645,32,13
E01012646,41,16
E01012647,46,14
E01012648,40,15
E01012649,42,15
E01012650,38,15
E01012651,40,16
E01012652,45,16
E01012653,45,17
E01012654,41,17
E01012655,26,11
E01012656,27,12
E01012657,29,12
E01012658,36,13
E01012659,48,18
E01012660,52,19
E01012661,49,18
E01012662,44,19
E01012663,44,19
E01012664,44,19
E01012665,45,19
E01012666,43,16
E01012667,40,16
E01012668,37,15
E01012669,41,16
E01012670,22,12
E01012671,36,14
E01012672,33,13
E01012673,26,13
E01012674,35,14
E01012675,18,10
E01012676,16,9
E01012677,16,9
E01012678,19,10
E01012679,19,11
E01012680,19,11
E01012681,24,12
E01012682,23,12
E01012683,30,13
E01012684,27,13
E01012685,33,13
E01012686,38,16
E01012687,39,16
E01012688,40,15
E01012689,35,14
E01012690,25,13
E01012691,33,14
E01012692,31,14
E01012693,25,12
E01012694,32,13
E01012695,38,14
E01012696,37,14
E01012697,43,15
E01012698,42,14
E01012699,51,17
E01012700,48,17
E01012701,46,16
E01012702,44,16
E01012703,38,16
E01012704,40,17
E01012705,34,14
E01012706,40,16
E01012707,16,9
E01012708,15,9
E01012709,15,9
E01012710,10,8
E01012711,17,10
E01012712,24,11
E01012713,27,12
E01012714,33,13
E01012715,28,12
E01012716,44,18
E01012717,41,17
E01012718,42,17
E01012719,43,18
E01012720,16,9
E01012721,19,10
E01012722,12,8
E01012723,16,11
E01012724,15,10
E01012725,46,17
E01012726,45,17
E01012727,47,18
E01012728,43,17
E01012729,49,16
E01012730,55,18
E01012731,54,17
E01012732,49,16
E01012733,22,11
E01012734,21,10
E01012735,18,10
E01012736,21,12
E01012737,20,11
E01012738,24,12
E01012739,26,12
E01012740,26,11
E01012741,30,13
E01012742,24,11
E01012743,30,12
E01012744,33,13
E01012745,36,14
E01012746,37,14
E01012747,32,13
E01012748,34,13
E01012749,37,14
E01012750,30,13
E01012751,38,15
E01012752,43,17
E01012753,41,15
E01012754,41,16
E01012755,41,16
E01012756,29,11
E01012757,21,11
E01012758,32,12
E01012759,27,11
E01012760,25,11
E01012761,27,12
E01012762,28,13
E01012763,24,11
E01012764,40,19
E01012765,38,17
E01012766,38,17
E01012767,35,15
E01012768,43,18
E01012769,42,19
E01012770,21,15
E01012771,19,14
E01012772,17,12
E01012773,23,12
E01012774,23,14
E01012775,24,14
E01012776,18,12
E01012777,18,14
E01012778,43,20
E01012779,63,25
E01012780,57,23
E01012781,59,24
E01012782,47,22
E01012783,45,22
E01012784,45,21
E01012785,52,21
E01012786,55,22
E01012787,47,20
E01012788,51,21
E01012789,47,21
E01012790,44,20
E01012791,34,13
E01012792,29,14
E01012793,34,13
E01012794,33,13
E01012795,35,14
E01012796,30,14
E01012797,26,14
E01012798,28,15
E01012799,29,15
E01012800,31,15
E01012801,24,15
E01012802,27,15
E01012803,31,14
E01012804,36,15
E01012805,28,13
E01012806,33,14
E01012807,32,14
E01012808,28,13
E01012809,26,12
E01012810,30,13
E01012811,28,13
E01012812,38,17
E01012813,41,18
E01012814,36,17
E01012815,40,18
E01012816,36,16
E01012817,36,16
E01012818,33,15
E01012819,36,15
E01012820,30,14
E01012821,41,19
E01012822,40,18
E01012823,39,18
E01012824,41,19
E01012825,38,18
E01012826,40,17
E01012827,37,17
E01012828,42,20
E01012829,49,20
E01012830,48,20
E01012832,55,23
E01012833,46,20
E01012834,42,19
E01012835,47,21
E01012836,45,19
E01012837,42,19
E01012838,45,20
E01012839,47,21
E01012840,44,20
E01012841,46,18
E01012842,48,20
E01012843,46,19
E01012844,43,18
E01012845,49,20
E01012846,49,19
E01012847,51,20
E01012848,36,17
E01012849,46,18
E01012850,19,9
E01012851,15,9
E01012852,14,9
E01012854,16,8
E01012855,8,8
E01012856,28,11
E01012857,26,11
E01012858,21,12
E01012859,15,9
E01012860,17,12
E01012862,18,10
E01012863,18,10
E01012864,15,10
E01012865,15,10
E01012866,31,14
E01012867,30,12
E01012868,31,14
E01012869,31,14
E01012870,31,14
E01012871,31,13
E01012872,29,13
E01012873,29,14
E01012874,29,13
E01012875,42,17
E01012876,41,16
E01012877,40,14
E01012878,37,15
E01012879,36,14
E01012880,39,15
E01012881,38,16
E01012882,23,15
E01012883,21,14
E01012884,23,16
E01012886,20,13
E01012887,25,16
E01012888,20,12
E01012889,16,9
E01012891,12,8
E01012892,13,8
E01012893,17,9
E01012894,39,16
E01012895,43,17
E01012896,37,16
E01012897,44,17
E01012898,39,16
E01012899,36,15
E01012900,34,15
E01012901,34,15
E01012902,32,14
E01012903,31,14
E01012904,38,18
E01012905,43,19
E01012906,44,20
E01012907,42,20
E01012908,44,21
E01012909,46,20
E01012910,47,20
E01012911,45,20
E01012912,46,20
E01012913,29,14
E01012914,30,15
E01012915,33,16
E01012916,35,16
E01012917,31,15
E01012918,30,14
E01012919,58,17
E01012920,106,25
E01012921,57,17
E01012922,108,31
E01012923,90,27
E01012924,69,24
E01012925,80,21
E01012926,72,31
E01012927,62,23
E01012928,22,11
E01012929,23,10
E01012930,29,11
E01012931,25,10
E01012932,20,10
E01012933,43,18
E01012934,30,10
E01012935,33,12
E01012936,27,11
E01012937,50,19
E01012938,34,12
E01012939,42,14
E01012940,33,12
E01012941,29,11
E01012942,40,14
E01012943,17,9
E01012944,18,10
E01012945,19,10
E01012946,10,8
E01012947,17,9
E01012948,16,9
E01012949,11,8
E01012950,21,10
E01012951,21,9
E01012952,24,11
E01012953,34,14
E01012954,17,8
E01012955,22,11
E01012956,16,9
E01012957,18,9
E01012958,16,8
E01012959,28,12
E01012960,21,10
E01012961,15,8
E01012962,22,11
E01012963,17,9
E01012964,30,13
E01012965,73,15
E01012966,36,10
E01012967,54,22
E01012968,56,22
E01012969,54,23
E01012970,50,21
E01012972,42,20
E01012973,45,20
E01012974,42,20
E01012975,47,30
E01012976,47,30
E01012977,45,31
E01012978,50,31
E01012979,46,30
E01012980,40,31
E01012981,99,38
E01012982,43,32
E01012983,50,32
E01012984,49,32
E01012985,38,26
E01012986,55,23
E01012987,78,28
E01012988,77,33
E01012989,52,37
E01012990,106,26
E01012991,106,28
E01012992,47,17
E01012993,11,8
E01012994,11,8
E01012995,13,8
E01012996,32,13
E01012997,15,8
E01012998,11,7
E01012999,15,9
E01013000,22,10
E01013001,19,9
E01013002,27,12
E01013003,28,12
E01013004,21,10
E01013005,30,17
E01013006,26,17
E01013007,29,17
E01013008,28,17
E01013009,31,18
E01013010,26,17
E01013011,27,17
E01013012,31,16
E01013013,27,16
E01013014,28,17
E01013015,22,15
E01013016,46,15
E01013017,21,15
E01013018,35,22
E01013019,62,26
E01013020,43,20
E01013021,55,24
E01013022,92,27
E01013023,105,28
E01013024,99,28
E01013025,48,23
E01013026,42,24
E01013027,68,27
E01013028,86,35
E01013029,120,39
E01013030,84,31
E01013031,56,24
E01013032,55,23
E01013033,65,31
E01013034,85,34
E01013035,77,30
E01013036,38,18
E01013037,47,19
E01013038,42,19
E01013039,47,19
E01013040,46,18
E01013041,37,17
E01013042,37,16
E01013043,36,15
E01013044,35,15
E01013045,46,19
E01013046,92,31
E01013047,92,32
E01013048,97,33
E01013049,88,31
E01013050,103,33
E01013051,100,32
E01013052,76,38
E01013053,73,36
E01013054,71,37
E01013055,74,37
E01013056,74,37
E01013057,59,29
E01013058,66,33
E01013059,62,29
E01013060,57,28
E01013061,60,29
E01013062,40,18
E01013063,38,16
E01013064,67,22
E01013065,57,21
E01013066,52,21
E01013067,55,22
E01013068,47,21
E01013069,49,20
E01013070,44,19
E01013071,44,19
E01013072,36,17
E01013073,33,24
E01013074,30,14
E01013075,120,25
E01013076,43,20
E01013077,35,25
E01013078,120,43
E01013079,82,50
E01013080,90,49
E01013081,74,38
E01013082,98,50
E01013083,87,50
E01013084,88,51
E01013085,66,35
E01013086,79,47
E01013087,114,58
E01013088,44,16
E01013089,39,17
E01013090,41,17
E01013091,49,14
E01013092,47,18
E01013093,50,14
E01013094,58,24
E01013095,49,23
E01013096,47,22
E01013097,55,25
E01013098,53,25
E01013099,54,24
E01013100,59,28
E01013101,57,27
E01013102,66,25
E01013103,25,15
E01013104,28,15
E01013105,27,13
E01013106,25,15
E01013107,25,14
E01013108,29,13
E01013110,22,11
E01013111,27,12
E01013112,28,12
E01013113,21,10
E01013114,39,14
E01013115,29,13
E01013116,29,12
E01013117,24,12
E01013118,33,13
E01013119,115,40
E01013120,80,31
E01013121,90,30
E01013122,112,39
E01013123,78,30
E01013124,75,29
E01013125,89,43
E01013126,82,35
E01013127,113,38
E01013128,39,16
E01013129,38,17
E01013130,40,15
E01013131,42,16
E01013132,46,16
E01013133,43,17
E01013134,42,15
E01013135,39,14
E01013136,37,15
E01013137,29,14
E01013138,36,15
E01013139,30,14
E01013140,32,14
E01013141,34,14
E01013142,26,13
E01013143,33,13
E01013144,34,15
E01013145,37,15
E01013146,31,17
E01013147,37,15
E01013148,44,16
E01013149,43,16
E01013150,45,16
E01013151,40,19
E01013152,41,18
E01013153,29,19
E01013154,41,15
E01013155,42,18
E01013156,40,16
E01013157,30,18
E01013158,39,15
E01013159,27,12
E01013160,43,15
E01013161,28,12
E01013162,23,11
E01013163,39,13
E01013164,31,12
E01013165,22,12
E01013166,27,18
E01013167,32,19
E01013168,28,16
E01013169,26,18
E01013170,25,15
E01013171,21,14
E01013172,20,14
E01013173,36,23
E01013174,62,27
E01013175,52,28
E01013176,58,27
E01013177,58,27
E01013178,58,26
E01013179,58,27
E01013180,56,27
E01013181,21,11
E01013182,14,10
E01013183,20,10
E01013184,18,11
E01013185,9,7
E01013186,14,9
E01013187,15,11
E01013188,22,12
E01013189,17,10
E01013190,15,9
E01013191,15,10
E01013192,16,10
E01013193,17,10
E01013194,19,11
E01013195,38,16
E01013196,37,15
E01013197,34,15
E01013198,39,16
E01013199,36,16
E01013200,37,16
E01013201,40,16
E01013202,40,17
E01013203,38,15
E01013204,18,9
E01013205,13,8
E01013206,25,11
E01013207,26,12
E01013208,15,9
E01013209,27,11
E01013210,22,10
E01013211,27,11
E01013212,25,11
E01013213,25,13
E01013214,44,15
E01013215,30,13
E01013216,32,15
E01013217,28,14
E01013218,35,14
E01013219,24,13
E01013220,26,13
E01013221,21,13
E01013222,20,12
E01013223,39,20
E01013224,32,17
E01013225,74,18
E01013226,33,16
E01013227,28,13
E01013228,33,14
E01013229,31,13
E01013231,30,13
E01013233,26,12
E01013234,33,12
E01013236,30,14
E01013237,31,14
E01013238,28,13
E01013239,26,13
E01013240,31,15
E01013241,55,24
E01013242,62,21
E01013243,56,24
E01013244,46,22
E01013245,24,16
E01013246,40,29
E01013247,26,21
E01013248,34,25
E01013249,34,25
E01013250,66,31
E01013251,66,30
E01013252,64,31
E01013253,46,29
E01013254,39,23
E01013255,40,23
E01013256,40,23
E01013257,40,22
E01013258,37,22
E01013259,50,24
E01013260,31,15
E01013261,34,16
E01013262,35,16
E01013263,32,15
E01013264,40,15
E01013265,34,15
E01013266,36,17
E01013267,67,29
E01013268,48,28
E01013269,56,30
E01013270,46,28
E01013271,51,28
E01013272,43,26
E01013273,52,28
E01013274,44,22
E01013275,50,22
E01013276,45,22
E01013277,52,24
E01013278,26,11
E01013279,25,11
E01013280,30,12
E01013281,31,13
E01013282,30,14
E01013283,34,13
E01013284,31,14
E01013285,24,11
E01013286,25,11
E01013287,29,15
E01013288,43,20
E01013289,21,12
E01013290,39,23
E01013291,37,19
E01013292,39,20
E01013293,34,20
E01013294,44,26
E01013295,18,10
E01013296,19,9
E01013297,20,11
E01013298,14,9
E01013299,12,9
E01013300,20,9
E01013301,11,8
E01013302,18,10
E01013303,58,33
E01013304,60,34
E01013305,57,29
E01013306,58,32
E01013307,55,28
E01013308,71,29
E01013309,68,32
E01013310,29,12
E01013311,30,13
E01013312,23,10
E01013313,26,11
E01013314,23,10
E01013315,30,12
E01013316,22,11
E01013317,26,12
E01013318,26,12
E01013319,30,13
E01013320,30,13
E01013321,19,9
E01013322,51,29
E01013323,54,29
E01013324,42,20
E01013325,49,28
E01013326,36,22
E01013327,36,19
E01013328,37,20
E01013329,60,27
E01013330,15,8
E01013331,18,9
E01013332,12,8
E01013333,6,7
E01013334,10,9
E01013335,36,17
E01013336,30,18
E01013337,35,19
E01013338,34,17
E01013339,36,18
E01013340,44,21
E01013341,43,21
E01013342,48,25
E01013343,7,8
E01013344,10,10
E01013345,9,9
E01013346,15,11
E01013347,14,9
E01013348,13,9
E01013349,18,10
E01013350,13,9
E01013351,53,23
E01013352,50,23
E01013353,38,21
E01013354,48,24
E01013355,39,22
E01013356,41,22
E01013357,34,20
E01013358,30,18
E01013359,39,20
E01013360,38,18
E01013361,33,15
E01013362,33,16
E01013363,31,15
E01013364,30,15
E01013365,39,19
E01013366,9,9
E01013368,9,9
E01013369,12,10
E01013370,32,17
E01013371,28,17
E01013372,32,17
E01013373,32,17
E01013374,28,16
E01013375,41,18
E01013376,36,18
E01013377,23,15
E01013378,38,17
E01013379,29,13
E01013380,24,12
E01013381,33,13
E01013382,18,11
E01013383,21,11
E01013384,30,13
E01013385,25,13
E01013386,21,11
E01013387,28,13
E01013388,33,14
E01013389,36,15
E01013390,26,14
E01013391,23,15
E01013392,32,16
E01013393,29,15
E01013394,27,16
E01013395,23,16
E01013396,25,17
E01013397,25,17
E01013398,35,15
E01013399,30,14
E01013400,32,14
E01013401,33,14
E01013402,38,17
E01013403,34,15
E01013404,23,12
E01013405,26,13
E01013406,24,13
E01013407,25,13
E01013408,31,15
E01013409,30,14
E01013410,22,13
E01013411,28,13
E01013412,30,16
E01013413,26,16
E01013414,32,17
E01013416,20,15
E01013417,21,15
E01013418,26,15
E01013419,38,16
E01013420,39,17
E01013421,49,24
E01013422,39,19
E01013423,39,26
E01013424,49,27
E01013425,48,27
E01013426,48,20
E01013427,46,18
E01013428,21,11
E01013429,26,13
E01013430,27,17
E01013431,23,12
E01013432,24,15
E01013433,24,13
E01013434,22,13
E01013435,23,13
E01013436,35,17
E01013437,42,19
E01013438,42,22
E01013439,45,22
E01013440,40,20
E01013441,29,18
E01013442,29,19
E01013443,39,20
E01013444,31,20
E01013445,30,19
E01013446,37,21
E01013447,37,20
E01013448,44,22
E01013449,44,22
E01013450,56,27
E01013451,51,28
E01013452,61,33
E01013453,20,12
E01013454,21,12
E01013455,18,11
E01013456,24,14
E01013457,22,13
E01013458,21,11
E01013459,27,12
E01013460,24,13
E01013461,48,20
E01013462,47,21
E01013463,49,21
E01013464,44,20
E01013465,44,20
E01013466,42,19
E01013467,46,20
E01013468,40,18
E01013469,44,19
E01013470,47,21
E01013471,43,21
E01013472,49,19
E01013473,43,21
E01013474,48,22
E01013475,49,20
E01013476,48,23
E01013477,42,21
E01013479,24,15
E01013480,25,14
E01013481,33,15
E01013483,23,13
E01013484,31,15
E01013485,25,13
E01013486,38,15
E01013487,37,15
E01013488,31,13
E01013489,26,12
E01013490,25,11
E01013491,29,11
E01013492,27,13
E01013493,32,14
E01013494,26,13
E01013495,31,15
E01013496,47,23
E01013497,50,19
E01013498,49,22
E01013499,54,20
E01013500,52,21
E01013501,45,21
E01013502,49,20
E01013503,52,19
E01013504,51,18
E01013505,43,22
E01013506,45,23
E01013507,38,21
E01013508,49,24
E01013509,43,22
E01013510,48,24
E01013511,46,23
E01013512,47,24
E01013513,47,23
E01013514,60,24
E01013515,60,24
E01013517,53,20
E01013518,52,20
E01013519,63,25
E01013520,58,22
E01013521,55,21
E01013522,33,14
E01013523,30,16
E01013524,30,15
E01013525,35,18
E01013526,47,19
E01013527,39,17
E01013528,32,15
E01013529,38,16
E01013530,43,21
E01013531,46,21
E01013532,46,21
E01013533,45,21
E01013534,47,22
E01013535,39,20
E01013536,40,20
E01013537,41,21
E01013538,35,20
E01013539,31,13
E01013540,30,13
E01013541,28,13
E01013542,17,9
E01013543,13,8
E01013544,25,11
E01013545,19,9
E01013546,22,10
E01013547,32,14
E01013548,37,14
E01013549,42,15
E01013550,30,13
E01013551,28,13
E01013552,40,14
E01013553,44,15
E01013554,25,13
E01013555,35,14
E01013556,28,13
E01013557,23,12
E01013558,20,11
E01013559,28,13
E01013560,25,11
E01013561,22,11
E01013562,25,12
E01013563,28,12
E01013564,27,13
E01013565,28,13
E01013566,29,14
E01013567,34,14
E01013568,33,13
E01013569,38,14
E01013570,37,13
E01013571,38,14
E01013572,33,14
E01013573,36,14
E01013574,46,23
E01013575,46,22
E01013576,55,26
E01013577,56,26
E01013578,56,27
E01013579,51,24
E01013580,53,25
E01013581,51,23
E01013582,49,24
E01013583,46,16
E01013584,45,17
E01013585,40,17
E01013586,38,17
E01013587,45,17
E01013588,40,17
E01013589,43,18
E01013590,44,16
E01013591,43,16
E01013592,44,27
E01013593,48,28
E01013594,49,28
E01013595,45,25
E01013596,49,28
E01013597,46,26
E01013598,51,27
E01013599,47,28
E01013600,25,14
E01013601,30,13
E01013602,26,14
E01013603,30,15
E01013604,32,14
E01013605,33,15
E01013606,31,13
E01013607,28,13
E01013608,29,15
E01013609,20,16
E01013610,25,15
E01013611,26,18
E01013612,19,13
E01013613,21,13
E01013614,25,14
E01013615,34,15
E01013616,25,13
E01013617,22,11
E01013618,22,13
E01013619,27,12
E01013620,29,13
E01013621,30,13
E01013622,23,11
E01013623,21,10
E01013624,39,15
E01013625,35,16
E01013626,38,16
E01013627,39,16
E01013628,33,16
E01013629,34,15
E01013630,35,15
E01013631,26,13
E01013632,36,15
E01013633,23,12
E01013634,22,13
E01013635,20,13
E01013636,23,14
E01013637,29,13
E01013638,37,15
E01013639,28,13
E01013640,39,16
E01013641,20,11
E01013642,21,13
E01013643,22,14
E01013646,19,11
E01013647,10,8
E01013648,9,9
E01013649,20,13
E01013650,20,14
E01013651,37,12
E01013652,39,12
E01013653,29,11
E01013654,29,12
E01013655,29,12
E01013656,29,11
E01013657,31,11
E01013658,28,11
E01013659,27,11
E01013660,20,9
E01013661,14,9
E01013662,22,10
E01013663,16,9
E01013664,13,10
E01013665,24,10
E01013666,26,11
E01013667,13,9
E01013668,13,9
E01013669,26,11
E01013670,20,10
E01013671,15,10
E01013672,18,10
E01013673,30,17
E01013674,31,17
E01013675,27,17
E01013676,32,18
E01013677,32,19
E01013678,31,17
E01013679,31,17
E01013680,23,12
E01013681,21,12
E01013682,25,13
E01013683,25,12
E01013684,27,11
E01013685,25,12
E01013686,29,13
E01013687,18,12
E01013688,20,12
E01013689,22,14
E01013690,26,14
E01013691,27,15
E01013692,28,16
E01013693,28,15
E01013694,23,14
E01013695,22,15
E01013696,25,14
E01013697,29,12
E01013698,21,13
E01013699,24,12
E01013700,23,13
E01013702,25,15
E01013703,30,15
E01013704,30,14
E01013705,27,17
E01013706,32,15
E01013707,28,16
E01013709,31,17
E01013710,22,12
E01013711,20,13
E01013712,23,13
E01013713,36,15
E01013714,39,15
E01013715,34,16
E01013716,34,15
E01013717,39,15
E01013718,39,14
E01013719,34,15
E01013720,35,14
E01013721,18,10
E01013722,12,9
E01013723,18,10
E01013725,24,13
E01013726,23,11
E01013727,24,12
E01013728,24,12
E01013729,28,13
E01013730,27,13
E01013731,32,14
E01013732,40,13
E01013733,41,16
E01013734,38,17
E01013735,41,17
E01013736,42,17
E01013737,41,17
E01013738,37,17
E01013739,36,16
E01013740,38,15
E01013741,36,14
E01013742,33,12
E01013743,31,12
E01013744,32,12
E01013745,28,11
E01013746,31,12
E01013747,20,10
E01013748,28,13
E01013749,12,8
E01013750,24,10
E01013751,29,11
E01013752,26,11
E01013753,28,12
E01013754,30,13
E01013755,31,13
E01013756,24,12
E01013757,18,10
E01013758,25,11
E01013759,20,11
E01013760,25,12
E01013761,27,12
E01013762,26,11
E01013763,27,12
E01013764,18,9
E01013765,25,11
E01013766,22,10
E01013767,19,12
E01013768,20,13
E01013770,16,11
E01013771,18,11
E01013772,19,14
E01013773,15,12
E01013774,19,11
E01013775,17,11
E01013776,16,11
E01013777,18,12
E01013778,19,10
E01013779,22,11
E01013780,32,13
E01013781,28,11
E01013782,28,11
E01013783,28,12
E01013784,20,11
E01013785,30,12
E01013786,28,13
E01013787,96,35
E01013788,89,38
E01013789,94,39
E01013790,101,32
E01013791,101,29
E01013792,94,30
E01013793,94,42
E01013794,82,31
E01013795,93,35
E01013796,107,32
E01013797,88,34
E01013798,80,39
E01013799,61,40
E01013800,68,42
E01013801,61,41
E01013802,70,39
E01013803,67,40
E01013804,92,34
E01013805,91,30
E01013806,68,33
E01013807,70,33
E01013808,68,32
E01013809,84,46
E01013810,25,12
E01013811,26,12
E01013812,24,12
E01013813,26,14
E01013814,24,12
E01013815,26,13
E01013816,20,12
E01013817,39,16
E01013818,40,16
E01013819,36,14
E01013820,38,15
E01013821,36,15
E01013822,38,16
E01013823,32,14
E01013824,33,15
E01013825,38,15
E01013826,41,16
E01013827,18,9
E01013828,25,10
E01013829,29,12
E01013830,35,13
E01013831,38,14
E01013832,28,12
E01013833,22,12
E01013834,26,11
E01013835,19,10
E01013836,25,11
E01013837,20,9
E01013838,22,10
E01013839,24,11
E01013840,24,11
E01013841,26,12
E01013842,27,13
E01013843,25,12
E01013844,28,12
E01013845,30,13
E01013846,27,13
E01013847,28,13
E01013849,23,11
E01013850,20,10
E01013851,24,12
E01013852,20,11
E01013853,18,9
E01013854,20,10
E01013855,23,11
E01013856,16,9
E01013858,27,18
E01013859,20,14
E01013860,26,17
E01013861,24,15
E01013862,25,18
E01013863,27,17
E01013864,40,18
E01013865,36,17
E01013866,33,17
E01013867,34,17
E01013868,31,17
E01013870,25,11
E01013871,28,13
E01013872,30,13
E01013873,34,13
E01013874,34,14
E01013875,43,17
E01013876,36,15
E01013877,32,15
E01013878,38,16
E01013879,26,15
E01013880,36,15
E01013881,30,14
E01013882,31,14
E01013883,43,16
E01013884,41,16
E01013885,30,14
E01013886,25,12
E01013887,27,14
E01013888,28,12
E01013889,23,11
E01013890,27,11
E01013891,29,12
E01013892,27,14
E01013893,25,11
E01013894,26,13
E01013895,26,13
E01013896,22,13
E01013897,26,14
E01013898,25,14
E01013899,26,14
E01013900,29,15
E01013901,31,13
E01013902,26,12
E01013903,22,12
E01013904,32,16
E01013905,36,15
E01013906,28,16
E01013907,28,15
E01013908,35,16
E01013909,37,16
E01013910,31,16
E01013911,33,17
E01013912,35,14
E01013913,43,18
E01013914,45,19
E01013915,47,20
E01013916,42,18
E01013917,42,17
E01013918,39,17
E01013919,35,16
E01013920,33,16
E01013921,37,17
E01013924,16,9
E01013926,13,7
E01013928,13,8
E01013929,27,15
E01013930,25,13
E01013931,24,14
E01013932,18,12
E01013933,19,10
E01013934,23,13
E01013935,25,13
E01013936,27,14
E01013937,28,13
E01013938,24,12
E01013939,37,16
E01013940,28,14
E01013941,25,12
E01013942,28,15
E01013943,31,13
E01013944,23,12
E01013945,22,11
E01013947,20,10
E01013948,22,11
E01013953,16,9
E01013954,36,17
E01013957,36,16
E01013958,33,14
E01013959,31,15
E01013960,32,16
E01013961,26,14
E01013962,35,16
E01013963,17,9
E01013964,13,8
E01013965,18,10
E01013966,16,9
E01013967,19,9
E01013968,22,11
E01013969,19,10
E01013970,22,10
E01013971,21,11
E01013972,22,11
E01013973,16,13
E01013974,14,10
E01013975,12,10
E01013976,15,14
E01013977,25,13
E01013978,21,12
E01013979,21,12
E01013980,26,16
E01013981,26,14
E01013982,21,15
E01013983,23,18
E01013984,25,18
E01013985,23,16
E01013986,16,11
E01013987,17,11
E01013988,14,10
E01013989,18,11
E01013990,40,20
E01013991,35,20
E01013992,31,15
E01013993,32,14
E01013994,26,13
E01013995,27,14
E01013996,30,15
E01013997,29,14
E01013998,82,42
E01013999,77,41
E01014000,103,45
E01014001,79,41
E01014002,49,42
E01014003,56,43
E01014004,78,31
E01014005,50,43
E01014006,43,19
E01014007,25,14
E01014008,77,32
E01014009,102,39
E01014010,12,9
E01014011,11,8
E01014012,40,18
E01014013,35,21
E01014014,93,28
E01014015,89,35
E01014016,53,37
E01014017,66,39
E01014018,92,40
E01014019,73,36
E01014020,113,45
E01014021,77,36
E01014022,23,14
E01014023,27,18
E01014024,109,36
E01014025,57,27
E01014026,69,21
E01014027,81,37
E01014028,73,38
E01014029,46,40
E01014030,98,36
E01014031,100,38
E01014032,98,41
E01014033,86,48
E01014034,74,48
E01014035,42,34
E01014036,59,35
E01014037,46,35
E01014038,49,35
E01014039,40,33
E01014040,33,33
E01014041,44,32
E01014042,47,31
E01014043,51,34
E01014044,51,35
E01014045,45,31
E01014046,64,33
E01014047,42,32
E01014048,36,31
E01014049,62,33
E01014050,107,38
E01014051,88,56
E01014052,107,56
E01014053,93,35
E01014054,120,31
E01014055,92,48
E01014056,95,50
E01014057,73,39
E01014058,86,39
E01014059,80,32
E01014060,50,23
E01014061,68,37
E01014062,67,37
E01014063,77,38
E01014064,66,37
E01014065,73,38
E01014066,66,37
E01014067,76,38
E01014068,28,13
E01014069,33,15
E01014070,28,13
E01014071,24,12
E01014072,30,14
E01014073,32,14
E01014074,22,12
E01014075,24,12
E01014076,21,11
E01014077,28,15
E01014078,26,14
E01014079,63,25
E01014080,44,20
E01014081,34,21
E01014082,37,20
E01014083,28,15
E01014084,23,12
E01014085,26,14
E01014086,18,9
E01014087,25,14
E01014088,25,14
E01014089,29,13
E01014090,23,11
E01014091,20,10
E01014092,16,9
E01014093,24,11
E01014094,18,10
E01014095,18,11
E01014096,101,40
E01014097,101,35
E01014098,47,25
E01014099,56,25
E01014100,42,23
E01014101,54,27
E01014102,13,10
E01014103,10,8
E01014104,30,12
E01014105,26,12
E01014106,62,21
E01014107,65,21
E01014108,63,21
E01014109,64,21
E01014110,65,22
E01014111,61,19
E01014112,71,23
E01014113,22,11
E01014114,15,10
E01014115,80,26
E01014116,72,24
E01014117,81,26
E01014118,78,26
E01014119,69,20
E01014120,65,18
E01014121,68,20
E01014122,68,21
E01014123,72,21
E01014124,58,18
E01014125,47,17
E01014126,50,17
E01014127,51,17
E01014128,51,17
E01014129,23,11
E01014130,20,10
E01014131,91,23
E01014132,82,23
E01014133,26,12
E01014134,29,13
E01014135,87,17
E01014136,70,20
E01014137,23,12
E01014138,16,10
E01014139,20,11
E01014140,16,10
E01014141,28,13
E01014142,20,10
E01014143,22,12
E01014144,26,12
E01014145,21,11
E01014146,65,18
E01014147,60,16
E01014148,83,25
E01014149,84,22
E01014150,40,16
E01014151,38,17
E01014152,38,16
E01014153,34,16
E01014154,33,14
E01014155,31,13
E01014156,49,15
E01014157,50,16
E01014158,51,16
E01014159,67,24
E01014160,73,24
E01014161,74,24
E01014162,65,24
E01014163,53,18
E01014164,59,19
E01014165,48,17
E01014166,54,17
E01014167,57,19
E01014168,51,18
E01014169,57,18
E01014170,56,19
E01014171,72,26
E01014172,72,26
E01014173,79,25
E01014174,88,27
E01014175,74,26
E01014176,69,24
E01014177,75,24
E01014178,73,25
E01014179,25,11
E01014180,20,10
E01014181,56,20
E01014182,52,20
E01014183,45,19
E01014184,50,19
E01014185,39,18
E01014186,43,18
E01014187,44,18
E01014188,37,19
E01014189,18,11
E01014190,20,11
E01014191,41,18
E01014192,46,18
E01014193,60,20
E01014194,57,19
E01014195,58,20
E01014196,60,20
E01014197,70,23
E01014198,67,23
E01014199,69,24
E01014200,71,24
E01014201,67,22
E01014202,51,14
E01014203,26,12
E01014204,40,15
E01014205,41,15
E01014206,40,16
E01014207,43,15
E01014208,46,17
E01014209,46,16
E01014210,58,19
E01014211,63,19
E01014212,61,19
E01014213,55,18
E01014214,71,23
E01014215,66,22
E01014216,66,21
E01014217,63,20
E01014218,58,19
E01014219,56,18
E01014220,66,20
E01014221,59,19
E01014222,57,21
E01014223,56,21
E01014224,54,21
E01014225,56,20
E01014226,64,20
E01014228,61,20
E01014229,56,21
E01014230,53,18
E01014231,40,15
E01014233,41,18
E01014234,42,17
E01014235,38,19
E01014236,34,19
E01014237,34,19
E01014238,41,20
E01014239,43,15
E01014240,42,16
E01014241,54,21
E01014242,55,20
E01014243,58,20
E01014244,56,20
E01014245,60,19
E01014246,56,19
E01014247,55,18
E01014248,54,18
E01014249,54,16
E01014250,46,16
E01014251,51,17
E01014252,48,17
E01014253,53,18
E01014254,48,15
E01014255,53,17
E01014256,47,15
E01014257,57,24
E01014258,72,23
E01014259,56,22
E01014260,59,23
E01014261,61,22
E01014262,57,21
E01014263,63,22
E01014264,74,24
E01014265,67,22
E01014266,55,19
E01014267,67,21
E01014268,60,20
E01014269,62,20
E01014270,53,18
E01014271,60,19
E01014272,65,22
E01014273,35,16
E01014274,34,14
E01014275,32,13
E01014276,33,13
E01014277,38,13
E01014278,41,17
E01014279,40,14
E01014280,44,17
E01014281,31,12
E01014282,34,12
E01014283,29,12
E01014284,33,12
E01014285,35,13
E01014286,32,13
E01014287,35,14
E01014288,22,9
E01014289,16,8
E01014290,17,8
E01014291,23,10
E01014292,18,9
E01014293,21,10
E01014294,10,8
E01014295,17,9
E01014296,50,19
E01014297,49,20
E01014298,45,18
E01014299,49,19
E01014300,45,18
E01014301,54,20
E01014302,44,18
E01014303,54,20
E01014304,58,21
E01014305,51,19
E01014306,44,18
E01014307,54,19
E01014308,42,17
E01014309,49,19
E01014310,58,20
E01014311,45,19
E01014312,53,20
E01014313,41,17
E01014314,65,22
E01014315,67,24
E01014316,53,21
E01014317,57,22
E01014318,65,24
E01014319,61,23
E01014320,65,25
E01014321,53,21
E01014322,56,21
E01014323,49,18
E01014324,53,18
E01014325,63,20
E01014326,61,19
E01014327,53,18
E01014328,44,17
E01014329,49,17
E01014330,43,17
E01014331,63,22
E01014332,65,22
E01014333,62,21
E01014334,62,20
E01014335,71,24
E01014336,66,24
E01014337,65,25
E01014338,21,10
E01014339,28,11
E01014340,25,10
E01014341,15,9
E01014342,17,9
E01014343,22,10
E01014344,20,11
E01014345,24,10
E01014346,26,14
E01014347,33,17
E01014348,28,15
E01014349,27,15
E01014350,31,16
E01014351,32,18
E01014352,35,17
E01014353,23,13
E01014354,49,19
E01014355,49,19
E01014356,48,18
E01014357,59,22
E01014358,61,21
E01014359,51,20
E01014360,59,20
E01014361,50,19
E01014362,60,22
E01014363,63,23
E01014364,59,22
E01014365,59,23
E01014366,57,23
E01014367,56,23
E01014368,54,21
E01014369,66,24
E01014370,27,14
E01014371,31,15
E01014372,28,13
E01014373,52,20
E01014374,54,20
E01014375,48,16
E01014376,54,21
E01014377,54,19
E01014379,59,24
E01014380,42,18
E01014381,37,16
E01014382,70,31
E01014383,114,39
E01014384,83,34
E01014385,75,30
E01014386,66,30
E01014387,49,19
E01014388,53,20
E01014389,50,20
E01014390,51,20
E01014391,62,22
E01014392,70,19
E01014393,71,28
E01014394,69,32
E01014395,49,21
E01014396,38,21
E01014397,45,21
E01014398,46,21
E01014399,49,25
E01014400,43,23
E01014401,48,24
E01014402,54,26
E01014403,46,23
E01014404,54,25
E01014405,19,11
E01014407,22,13
E01014409,46,15
E01014410,43,15
E01014411,47,16
E01014412,36,14
E01014413,35,14
E01014414,29,12
E01014415,36,16
E01014416,42,20
E01014417,41,17
E01014418,99,39
E01014419,64,32
E01014420,89,34
E01014421,89,35
E01014422,84,34
E01014423,88,36
E01014424,84,36
E01014425,87,36
E01014426,87,36
E01014427,18,11
E01014428,11,10
E01014429,16,11
E01014430,12,9
E01014431,38,19
E01014432,39,20
E01014433,43,21
E01014434,37,18
E01014435,30,15
E01014436,33,15
E01014437,39,16
E01014438,39,17
E01014439,77,32
E01014440,76,32
E01014441,77,31
E01014442,57,26
E01014443,52,27
E01014444,56,27
E01014445,49,28
E01014446,57,28
E01014447,47,26
E01014448,67,30
E01014449,63,32
E01014450,65,32
E01014451,64,33
E01014452,34,17
E01014453,35,17
E01014454,42,18
E01014455,33,16
E01014456,35,16
E01014457,33,15
E01014458,35,16
E01014459,69,26
E01014460,66,26
E01014461,31,15
E01014462,34,15
E01014463,31,14
E01014464,28,14
E01014465,41,14
E01014466,37,14
E01014467,42,15
E01014468,37,15
E01014469,75,34
E01014470,77,34
E01014471,66,33
E01014472,82,36
E01014473,29,14
E01014474,25,14
E01014475,24,13
E01014476,35,15
E01014477,20,10
E01014478,19,10
E01014479,19,10
E01014480,13,9
E01014481,30,16
E01014482,36,17
E01014483,30,16
E01014484,29,15
E01014485,21,10
E01014486,19,9
E01014487,20,9
E01014488,19,9
E01014489,14,8
E01014491,23,10
E01014492,38,19
E01014493,37,20
E01014494,38,20
E01014495,37,20
E01014496,42,23
E01014497,37,19
E01014498,38,20
E01014499,41,21
E01014500,31,17
E01014501,39,19
E01014502,32,19
E01014504,33,16
E01014505,32,16
E01014506,34,17
E01014507,19,10
E01014508,23,10
E01014509,19,10
E01014510,15,10
E01014511,23,10
E01014512,23,10
E01014513,19,11
E01014514,20,10
E01014515,45,23
E01014516,47,24
E01014517,46,24
E01014518,34,19
E01014519,36,19
E01014520,36,20
E01014521,40,21
E01014522,42,22
E01014523,42,18
E01014524,44,19
E01014525,35,19
E01014526,45,20
E01014527,33,19
E01014528,41,17
E01014529,43,17
E01014530,46,18
E01014531,33,18
E01014532,36,18
E01014533,32,18
E01014534,32,18
E01014535,37,21
E01014536,40,23
E01014537,40,17
E01014538,12,9
E01014539,7,9
E01014540,15,11
E01014542,10,9
E01014544,28,12
E01014545,25,12
E01014546,23,12
E01014547,25,13
E01014548,20,13
E01014549,19,12
E01014550,17,12
E01014551,20,10
E01014552,23,11
E01014553,23,11
E01014554,21,11
E01014555,22,11
E01014556,25,12
E01014557,13,10
E01014558,17,10
E01014559,22,10
E01014560,20,10
E01014561,15,9
E01014562,19,10
E01014563,14,8
E01014564,28,13
E01014565,28,13
E01014566,28,14
E01014567,28,14
E01014568,26,12
E01014569,26,12
E01014570,29,13
E01014571,32,16
E01014572,29,16
E01014573,28,15
E01014574,24,12
E01014575,24,13
E01014576,34,15
E01014577,26,14
E01014578,35,19
E01014579,41,20
E01014580,38,21
E01014581,41,21
E01014582,39,20
E01014583,42,21
E01014584,35,20
E01014585,40,20
E01014586,35,18
E01014587,29,16
E01014588,33,17
E01014589,42,19
E01014590,32,18
E01014591,40,20
E01014592,35,19
E01014593,51,24
E01014594,45,22
E01014595,49,23
E01014596,47,23
E01014597,50,24
E01014598,40,21
E01014599,39,21
E01014600,43,21
E01014601,32,12
E01014602,36,15
E01014603,28,11
E01014605,32,13
E01014607,45,22
E01014608,43,22
E01014609,42,21
E01014610,44,24
E01014611,48,24
E01014612,47,25
E01014613,40,21
E01014614,42,22
E01014615,19,11
E01014616,25,12
E01014617,16,10
E01014618,22,11
E01014619,24,11
E01014620,21,11
E01014621,21,11
E01014622,40,17
E01014623,37,17
E01014624,47,18
E01014626,37,16
E01014627,44,18
E01014629,41,18
E01014630,20,10
E01014631,11,8
E01014632,10,8
E01014633,13,9
E01014634,14,9
E01014635,11,8
E01014636,11,9
E01014637,16,9
E01014638,39,18
E01014639,46,17
E01014640,47,17
E01014641,31,16
E01014642,32,17
E01014643,36,16
E01014644,33,16
E01014645,36,20
E01014646,36,19
E01014647,37,19
E01014648,32,19
E01014649,32,18
E01014650,34,18
E01014651,34,19
E01014653,27,12
E01014654,24,10
E01014655,27,11
E01014658,29,14
E01014659,18,10
E01014660,17,11
E01014661,15,10
E01014662,14,10
E01014663,17,11
E01014664,21,12
E01014665,21,11
E01014666,19,10
E01014667,20,11
E01014668,20,9
E01014669,19,9
E01014670,18,9
E01014671,19,9
E01014672,22,11
E01014673,43,19
E01014674,43,18
E01014675,42,18
E01014676,43,19
E01014677,42,17
E01014678,36,18
E01014679,40,19
E01014680,44,19
E01014681,31,14
E01014682,35,17
E01014683,33,16
E01014684,29,15
E01014685,40,17
E01014686,37,16
E01014687,38,18
E01014688,15,9
E01014689,19,10
E01014690,18,10
E01014691,22,11
E01014692,16,9
E01014693,27,11
E01014694,25,12
E01014695,27,16
E01014696,33,15
E01014698,30,14
E01014699,30,15
E01014700,32,16
E01014701,29,14
E01014702,56,25
E01014703,49,25
E01014704,45,25
E01014705,56,26
E01014706,49,26
E01014707,54,26
E01014708,42,23
E01014709,37,15
E01014710,32,14
E01014711,34,15
E01014712,37,15
E01014713,38,16
E01014714,35,14
E01014715,29,13
E01014716,31,14
E01014717,33,13
E01014718,29,13
E01014719,25,12
E01014720,21,11
E01014721,25,12
E01014722,51,25
E01014723,51,25
E01014725,50,25
E01014726,50,24
E01014727,52,25
E01014729,31,18
E01014730,28,16
E01014731,29,15
E01014732,29,17
E01014733,29,16
E01014734,31,17
E01014735,31,16
E01014736,31,17
E01014737,41,26
E01014738,43,27
E01014739,43,27
E01014740,41,23
E01014741,69,23
E01014742,66,24
E01014744,59,16
E01014745,59,22
E01014746,56,18
E01014747,112,34
E01014748,58,28
E01014749,66,26
E01014750,55,27
E01014751,56,27
E01014752,54,26
E01014753,53,26
E01014754,61,28
E01014755,60,28
E01014756,59,27
E01014757,56,26
E01014758,66,29
E01014759,61,29
E01014760,64,28
E01014761,65,28
E01014762,62,28
E01014763,61,27
E01014764,55,27
E01014765,57,27
E01014766,34,17
E01014767,45,23
E01014769,48,16
E01014770,35,14
E01014771,20,10
E01014772,21,10
E01014773,67,21
E01014774,43,19
E01014775,50,29
E01014776,48,29
E01014777,56,30
E01014778,56,30
E01014779,52,29
E01014780,52,30
E01014781,55,31
E01014782,57,31
E01014783,58,31
E01014784,55,30
E01014785,69,32
E01014786,44,23
E01014787,42,22
E01014789,73,33
E01014790,66,31
E01014792,59,29
E01014793,80,33
E01014794,78,34
E01014795,66,30
E01014796,66,29
E01014797,69,32
E01014798,77,32
E01014799,24,12
E01014800,21,12
E01014801,21,12
E01014802,21,11
E01014803,12,8
E01014804,17,9
E01014805,15,8
E01014806,19,10
E01014807,20,10
E01014808,16,9
E01014809,26,12
E01014810,37,15
E01014811,31,12
E01014812,34,14
E01014813,37,14
E01014815,41,14
E01014816,39,15
E01014817,45,17
E01014818,45,16
E01014819,43,16
E01014820,39,16
E01014821,59,21
E01014822,56,20
E01014823,55,20
E01014824,50,19
E01014825,49,19
E01014826,51,20
E01014827,48,19
E01014828,14,8
E01014829,25,11
E01014830,19,10
E01014831,22,11
E01014832,26,11
E01014833,20,11
E01014834,13,8
E01014835,42,18
E01014836,41,18
E01014838,40,16
E01014839,45,18
E01014840,38,16
E01014841,31,14
E01014842,31,13
E01014843,30,13
E01014844,26,13
E01014845,38,13
E01014846,31,13
E01014847,55,26
E01014848,75,28
E01014849,37,22
E01014850,32,19
E01014851,35,22
E01014852,48,27
E01014853,101,32
E01014854,90,32
E01014855,51,30
E01014856,53,31
E01014857,57,30
E01014858,72,31
E01014859,52,31
E01014860,60,30
E01014861,51,18
E01014862,46,22
E01014863,56,28
E01014864,52,27
E01014865,33,20
E01014866,35,22
E01014867,56,26
E01014868,60,26
E01014869,119,26
E01014870,83,21
E01014871,59,20
E01014872,31,20
E01014873,38,18
E01014874,32,19
E01014875,31,19
E01014876,38,20
E01014877,39,20
E01014878,34,19
E01014879,35,18
E01014880,35,19
E01014881,32,20
E01014882,37,19
E01014883,36,18
E01014884,81,32
E01014885,95,32
E01014886,65,35
E01014887,68,34
E01014888,62,36
E01014889,62,35
E01014890,96,36
E01014891,111,32
E01014892,64,35
E01014893,63,34
E01014894,64,36
E01014895,64,36
E01014896,65,35
E01014897,43,22
E01014898,43,22
E01014899,42,21
E01014900,38,20
E01014901,41,23
E01014902,39,22
E01014903,44,23
E01014904,28,13
E01014905,25,12
E01014906,19,11
E01014907,28,11
E01014908,17,9
E01014909,23,10
E01014910,21,13
E01014911,47,27
E01014912,45,28
E01014913,47,28
E01014914,43,28
E01014915,44,21
E01014916,41,20
E01014917,46,21
E01014918,46,20
E01014919,47,22
E01014920,44,22
E01014921,49,22
E01014922,48,20
E01014923,47,20
E01014924,45,20
E01014925,50,22
E01014926,49,21
E01014927,51,21
E01014928,52,22
E01014929,66,33
E01014930,81,37
E01014931,41,24
E01014932,40,23
E01014933,43,24
E01014934,42,24
E01014935,44,24
E01014936,37,23
E01014937,37,23
E01014938,48,24
E01014939,41,25
E01014940,42,24
E01014941,40,25
E01014942,43,24
E01014943,45,25
E01014944,45,24
E01014945,38,24
E01014946,37,18
E01014947,31,17
E01014948,34,18
E01014949,37,19
E01014950,32,17
E01014951,32,19
E01014952,26,17
E01014953,59,25
E01014954,53,26
E01014955,47,22
E01014956,50,21
E01014957,53,22
E01014958,52,21
E01014959,50,24
E01014960,45,23
E01014961,44,22
E01014962,100,34
E01014963,88,26
E01014964,43,25
E01014965,45,24
E01014966,47,25
E01014967,51,25
E01014968,47,24
E01014969,49,24
E01014972,50,25
E01014973,42,21
E01014974,41,21
E01014975,39,20
E01014976,43,20
E01014977,38,20
E01014978,33,19
E01014979,35,17
E01014980,38,17
E01014981,32,16
E01014982,36,18
E01014983,38,17
E01014984,35,16
E01014985,68,32
E01014986,60,31
E01014987,67,32
E01014988,66,32
E01014989,80,31
E01014990,64,31
E01014991,59,30
E01014992,70,32
E01014993,74,32
E01014994,53,29
E01014995,39,27
E01014996,34,19
E01014998,42,25
E01014999,50,25
E01015000,35,22
E01015001,43,23
E01015002,51,23
E01015003,50,21
E01015004,55,23
E01015005,50,21
E01015006,55,22
E01015007,51,22
E01015008,53,23
E01015009,55,36
E01015010,59,35
E01015011,51,35
E01015012,56,36
E01015013,61,36
E01015014,71,37
E01015015,69,36
E01015016,62,37
E01015017,52,35
E01015018,59,37
E01015019,54,34
E01015020,52,34
E01015021,60,36
E01015022,60,35
E01015023,26,13
E01015024,35,14
E01015025,19,10
E01015026,37,15
E01015027,20,10
E01015028,34,15
E01015029,21,12
E01015030,31,13
E01015031,31,17
E01015032,28,17
E01015033,26,14
E01015034,25,15
E01015035,29,14
E01015036,30,15
E01015037,30,15
E01015038,34,17
E01015039,35,18
E01015040,34,18
E01015041,34,18
E01015042,37,18
E01015043,37,19
E01015044,35,18
E01015045,35,19
E01015046,39,20
E01015047,42,21
E01015048,40,20
E01015049,31,17
E01015050,31,17
E01015051,32,17
E01015052,33,18
E01015053,35,18
E01015054,33,19
E01015055,36,16
E01015056,37,16
E01015057,35,16
E01015058,34,16
E01015059,38,16
E01015060,41,17
E01015061,38,18
E01015062,33,17
E01015063,31,15
E01015064,23,13
E01015065,25,12
E01015066,33,13
E01015067,27,13
E01015068,24,12
E01015069,27,13
E01015070,27,13
E01015071,20,13
E01015072,30,16
E01015073,33,17
E01015074,27,15
E01015075,38,18
E01015076,45,18
E01015077,26,14
E01015078,31,16
E01015079,30,15
E01015080,33,18
E01015081,35,14
E01015082,49,17
E01015083,44,17
E01015084,40,16
E01015085,34,15
E01015086,23,13
E01015087,36,15
E01015088,32,14
E01015089,27,14
E01015090,16,9
E01015091,23,12
E01015092,16,9
E01015093,17,10
E01015094,19,11
E01015095,23,12
E01015096,23,12
E01015097,24,10
E01015098,31,15
E01015099,30,15
E01015100,31,16
E01015101,25,14
E01015102,23,14
E01015103,22,14
E01015104,26,16
E01015105,27,14
E01015106,25,16
E01015107,57,20
E01015108,55,20
E01015109,57,20
E01015110,59,21
E01015111,59,20
E01015112,49,18
E01015113,49,17
E01015114,51,19
E01015115,52,20
E01015116,58,20
E01015117,59,19
E01015118,43,16
E01015119,62,22
E01015120,49,19
E01015121,51,19
E01015122,45,18
E01015123,49,19
E01015124,51,20
E01015125,53,20
E01015126,63,24
E01015127,61,24
E01015128,65,25
E01015129,64,25
E01015130,62,25
E01015131,62,23
E01015132,56,22
E01015133,61,23
E01015134,56,21
E01015135,54,20
E01015136,57,21
E01015137,58,21
E01015138,77,26
E01015139,73,24
E01015140,61,23
E01015141,68,24
E01015142,51,19
E01015143,44,18
E01015144,42,18
E01015145,51,20
E01015146,47,20
E01015147,38,16
E01015148,45,18
E01015149,40,17
E01015150,42,18
E01015151,31,19
E01015152,35,19
E01015153,39,19
E01015155,43,20
E01015156,41,21
E01015157,43,21
E01015158,45,21
E01015159,21,11
E01015160,19,10
E01015161,26,12
E01015162,24,12
E01015163,24,12
E01015164,24,13
E01015165,26,13
E01015166,25,11
E01015167,36,18
E01015168,34,17
E01015169,27,17
E01015170,30,17
E01015171,33,18
E01015172,36,19
E01015173,36,18
E01015174,28,16
E01015175,41,18
E01015176,47,17
E01015177,45,17
E01015178,39,18
E01015179,42,18
E01015180,41,17
E01015181,43,18
E01015182,46,19
E01015183,73,32
E01015184,66,29
E01015185,64,30
E01015186,65,32
E01015187,74,33
E01015188,70,31
E01015189,66,32
E01015190,47,19
E01015191,32,15
E01015192,34,16
E01015193,29,17
E01015194,33,18
E01015195,40,20
E01015196,27,16
E01015197,49,24
E01015198,45,23
E01015199,57,26
E01015200,46,24
E01015201,58,26
E01015202,29,17
E01015203,29,17
E01015204,31,17
E01015205,30,18
E01015206,34,18
E01015207,27,12
E01015208,42,14
E01015209,29,12
E01015210,21,10
E01015211,20,10
E01015212,25,11
E01015213,24,11
E01015214,31,13
E01015215,36,15
E01015216,33,14
E01015217,29,14
E01015218,32,14
E01015219,39,19
E01015220,45,20
E01015221,42,21
E01015222,45,22
E01015223,44,23
E01015224,35,15
E01015225,38,17
E01015226,28,16
E01015227,36,17
E01015228,37,17
E01015229,36,17
E01015230,35,15
E01015231,30,18
E01015232,34,19
E01015233,35,18
E01015234,39,19
E01015235,41,20
E01015236,29,15
E01015237,25,13
E01015238,24,14
E01015239,24,14
E01015240,30,15
E01015241,28,13
E01015242,27,13
E01015243,36,16
E01015244,74,30
E01015245,75,31
E01015246,66,30
E01015247,74,32
E01015248,70,31
E01015249,15,9
E01015250,15,10
E01015251,11,8
E01015252,20,12
E01015253,19,12
E01015254,10,8
E01015255,24,13
E01015256,26,14
E01015257,21,11
E01015258,20,11
E01015259,28,12
E01015260,28,13
E01015261,23,12
E01015262,21,12
E01015263,22,13
E01015264,33,15
E01015265,27,14
E01015266,23,13
E01015267,32,16
E01015268,39,17
E01015269,46,16
E01015270,35,16
E01015271,55,18
E01015272,31,14
E01015273,24,12
E01015274,25,12
E01015275,26,12
E01015276,23,12
E01015277,26,13
E01015279,26,14
E01015280,27,14
E01015281,26,13
E01015282,26,14
E01015283,30,14
E01015285,25,14
E01015286,36,15
E01015287,27,14
E01015288,28,13
E01015289,28,13
E01015290,27,14
E01015291,28,14
E01015292,21,12
E01015293,23,12
E01015294,25,12
E01015295,32,15
E01015296,30,14
E01015297,28,14
E01015298,36,15
E01015299,36,13
E01015300,34,14
E01015301,40,21
E01015302,30,19
E01015303,41,21
E01015304,38,19
E01015305,41,21
E01015306,46,21
E01015307,33,18
E01015308,23,17
E01015309,36,19
E01015310,39,20
E01015311,26,18
E01015312,26,17
E01015313,39,19
E01015314,19,10
E01015315,23,12
E01015316,18,10
E01015317,22,11
E01015318,18,10
E01015319,14,8
E01015320,32,15
E01015321,32,15
E01015322,27,14
E01015323,32,16
E01015324,29,16
E01015325,28,16
E01015326,31,13
E01015327,29,12
E01015328,33,14
E01015329,25,12
E01015330,31,13
E01015331,30,12
E01015332,38,19
E01015333,39,20
E01015334,41,20
E01015335,38,19
E01015336,38,19
E01015337,40,19
E01015338,19,11
E01015339,23,13
E01015340,20,10
E01015341,18,12
E01015342,29,13
E01015343,26,15
E01015344,40,17
E01015345,33,14
E01015346,36,15
E01015348,40,17
E01015349,27,15
E01015350,27,16
E01015351,30,16
E01015352,30,15
E01015353,33,15
E01015354,24,14
E01015355,32,18
E01015356,34,17
E01015357,39,19
E01015358,37,18
E01015359,29,17
E01015360,38,16
E01015361,27,11
E01015362,32,13
E01015363,29,12
E01015364,30,13
E01015365,25,13
E01015366,28,13
E01015367,32,16
E01015368,33,16
E01015369,30,17
E01015370,38,18
E01015371,25,16
E01015372,27,16
E01015373,29,14
E01015374,33,16
E01015375,35,15
E01015376,33,14
E01015377,34,15
E01015378,32,14
E01015379,20,16
E01015380,21,14
E01015381,29,17
E01015382,30,15
E01015383,31,16
E01015384,27,14
E01015385,27,14
E01015386,24,15
E01015387,33,17
E01015388,36,18
E01015389,33,16
E01015390,20,12
E01015391,26,13
E01015392,25,12
E01015393,22,11
E01015394,26,14
E01015395,32,15
E01015396,38,16
E01015397,37,15
E01015398,38,16
E01015399,38,17
E01015400,37,17
E01015401,34,17
E01015402,26,14
E01015403,28,15
E01015404,30,15
E01015405,37,16
E01015406,33,16
E01015407,21,11
E01015408,23,12
E01015409,26,14
E01015410,27,14
E01015411,25,13
E01015412,33,15
E01015413,31,14
E01015414,34,14
E01015415,28,13
E01015416,34,13
E01015417,24,13
E01015418,27,13
E01015419,30,13
E01015420,30,14
E01015421,28,14
E01015422,29,14
E01015423,28,10
E01015424,31,12
E01015425,31,12
E01015426,32,11
E01015427,29,13
E01015428,34,12
E01015429,27,14
E01015430,32,15
E01015431,42,21
E01015432,41,22
E01015433,47,20
E01015434,45,20
E01015435,31,19
E01015436,31,19
E01015437,27,18
E01015438,21,11
E01015439,13,10
E01015440,13,9
E01015441,18,10
E01015442,21,13
E01015443,16,11
E01015444,27,12
E01015445,14,8
E01015446,13,8
E01015447,14,9
E01015448,21,10
E01015449,19,10
E01015450,20,9
E01015451,18,9
E01015452,17,9
E01015453,16,10
E01015454,18,10
E01015455,21,11
E01015456,11,8
E01015457,14,9
E01015458,25,13
E01015459,26,13
E01015460,17,11
E01015461,19,11
E01015462,22,12
E01015463,22,12
E01015464,28,13
E01015465,11,8
E01015466,7,7
E01015468,8,7
E01015471,56,19
E01015472,54,20
E01015473,63,17
E01015474,72,20
E01015475,22,14
E01015476,30,17
E01015477,39,18
E01015478,44,18
E01015479,30,15
E01015480,26,15
E01015481,40,14
E01015482,36,14
E01015483,40,14
E01015484,36,14
E01015485,34,14
E01015486,32,13
E01015487,20,11
E01015488,20,10
E01015489,17,9
E01015490,16,9
E01015491,24,12
E01015492,25,12
E01015493,24,14
E01015494,36,17
E01015496,34,16
E01015497,33,16
E01015498,43,18
E01015499,53,19
E01015500,53,19
E01015501,54,19
E01015502,54,19
E01015503,49,18
E01015504,56,21
E01015505,54,20
E01015506,42,18
E01015507,41,18
E01015508,40,17
E01015509,41,17
E01015510,35,16
E01015511,37,16
E01015512,57,23
E01015513,51,23
E01015514,47,22
E01015515,53,23
E01015516,51,23
E01015517,47,21
E01015518,56,22
E01015519,71,23
E01015520,67,22
E01015521,75,24
E01015522,71,24
E01015523,72,22
E01015524,75,23
E01015525,53,24
E01015526,51,24
E01015527,46,20
E01015528,52,22
E01015529,50,21
E01015530,49,21
E01015532,32,16
E01015533,22,12
E01015534,27,14
E01015535,21,12
E01015536,34,15
E01015537,29,12
E01015538,29,12
E01015539,24,10
E01015540,22,11
E01015541,24,11
E01015542,19,11
E01015543,47,20
E01015544,48,21
E01015545,49,21
E01015546,53,22
E01015547,20,11
E01015548,22,14
E01015549,42,15
E01015550,37,14
E01015551,42,13
E01015552,54,16
E01015553,52,16
E01015554,45,15
E01015555,48,19
E01015556,53,18
E01015557,57,18
E01015558,48,19
E01015559,49,18
E01015560,45,19
E01015561,51,21
E01015562,64,23
E01015563,60,23
E01015564,55,22
E01015565,55,22
E01015566,53,22
E01015567,47,20
E01015568,46,19
E01015569,52,20
E01015570,49,19
E01015571,51,19
E01015572,26,13
E01015573,20,12
E01015574,23,14
E01015575,25,14
E01015576,24,13
E01015578,43,19
E01015579,46,19
E01015580,44,19
E01015581,45,19
E01015582,38,17
E01015583,30,17
E01015584,50,19
E01015585,57,18
E01015586,49,21
E01015587,48,19
E01015588,19,12
E01015589,70,24
E01015590,64,25
E01015591,25,13
E01015592,27,13
E01015593,27,12
E01015594,19,12
E01015595,20,12
E01015596,27,14
E01015597,22,12
E01015598,24,13
E01015599,31,14
E01015600,31,13
E01015601,34,12
E01015602,35,14
E01015603,41,13
E01015604,34,13
E01015605,43,16
E01015606,50,15
E01015607,50,15
E01015608,47,15
E01015609,50,16
E01015610,46,16
E01015611,37,16
E01015612,40,16
E01015613,54,15
E01015614,50,15
E01015615,43,17
E01015616,45,17
E01015617,77,22
E01015618,84,23
E01015619,62,17
E01015620,60,16
E01015621,42,18
E01015622,44,17
E01015623,49,18
E01015624,45,18
E01015626,65,26
E01015627,42,16
E01015628,63,23
E01015629,47,19
E01015630,76,18
E01015631,72,19
E01015632,40,13
E01015633,49,14
E01015634,45,13
E01015635,55,22
E01015636,60,23
E01015637,63,19
E01015638,54,15
E01015639,56,16
E01015640,58,17
E01015641,58,18
E01015642,60,17
E01015643,62,18
E01015644,64,19
E01015645,62,18
E01015646,52,18
E01015647,65,19
E01015648,65,18
E01015650,51,16
E01015651,46,14
E01015652,44,13
E01015653,45,15
E01015654,41,14
E01015655,41,14
E01015656,51,13
E01015657,56,14
E01015658,51,13
E01015659,54,14
E01015660,52,14
E01015661,20,11
E01015662,18,11
E01015663,16,9
E01015664,13,9
E01015665,25,11
E01015666,46,20
E01015667,50,20
E01015668,42,18
E01015669,46,20
E01015670,49,21
E01015671,54,20
E01015672,52,22
E01015673,54,22
E01015674,40,15
E01015675,45,13
E01015676,35,14
E01015677,39,13
E01015678,54,16
E01015679,45,17
E01015680,55,16
E01015681,57,17
E01015682,53,18
E01015683,46,16
E01015684,53,16
E01015685,57,15
E01015686,43,16
E01015687,25,12
E01015688,26,13
E01015689,29,13
E01015690,24,11
E01015691,18,9
E01015692,23,12
E01015693,40,18
E01015694,37,17
E01015695,37,18
E01015696,45,18
E01015697,43,18
E01015698,28,17
E01015699,28,17
E01015700,34,17
E01015701,34,16
E01015702,33,16
E01015703,22,15
E01015704,28,15
E01015705,28,16
E01015706,32,17
E01015707,38,18
E01015708,36,18
E01015709,35,18
E01015710,36,17
E01015711,21,12
E01015712,15,13
E01015713,12,11
E01015714,9,11
E01015715,17,13
E01015716,21,12
E01015717,25,12
E01015718,9,7
E01015719,40,21
E01015720,37,21
E01015721,47,23
E01015722,47,22
E01015723,46,22
E01015724,25,14
E01015725,22,15
E01015726,22,15
E01015727,24,16
E01015728,25,14
E01015729,26,16
E01015730,24,15
E01015731,19,14
E01015732,43,18
E01015733,32,16
E01015734,36,18
E01015735,32,17
E01015736,38,18
E01015737,40,18
E01015738,36,18
E01015739,30,18
E01015740,36,19
E01015741,27,19
E01015742,34,20
E01015743,31,19
E01015744,43,16
E01015745,40,16
E01015746,39,17
E01015747,42,18
E01015748,44,16
E01015749,21,10
E01015750,23,11
E01015751,18,9
E01015752,25,12
E01015753,25,13
E01015754,23,11
E01015755,20,10
E01015756,19,10
E01015757,20,11
E01015758,18,10
E01015759,19,10
E01015760,16,9
E01015761,18,9
E01015762,10,8
E01015763,15,9
E01015764,34,14
E01015765,26,13
E01015766,41,14
E01015767,33,13
E01015768,41,15
E01015769,33,15
E01015770,36,16
E01015771,29,15
E01015772,31,14
E01015773,31,16
E01015774,32,16
E01015775,41,21
E01015776,45,24
E01015777,39,22
E01015778,39,20
E01015779,46,23
E01015780,41,21
E01015781,42,21
E01015782,40,15
E01015783,36,15
E01015784,42,16
E01015785,32,13
E01015786,37,15
E01015787,22,13
E01015788,23,14
E01015789,34,19
E01015790,39,19
E01015791,34,18
E01015792,39,19
E01015793,39,19
E01015794,24,17
E01015795,29,17
E01015796,42,24
E01015797,44,26
E01015798,45,25
E01015799,50,26
E01015800,48,25
E01015801,27,14
E01015802,28,15
E01015803,35,15
E01015804,26,14
E01015805,30,15
E01015806,55,25
E01015807,48,25
E01015808,51,24
E01015809,50,25
E01015810,56,25
E01015811,48,24
E01015812,50,26
E01015813,47,26
E01015814,18,12
E01015815,20,13
E01015816,26,15
E01015817,23,13
E01015818,23,12
E01015819,21,12
E01015820,18,11
E01015821,21,11
E01015822,15,9
E01015823,22,10
E01015824,17,10
E01015825,19,10
E01015826,19,12
E01015827,29,12
E01015828,28,11
E01015829,27,12
E01015830,28,12
E01015831,21,10
E01015832,22,10
E01015833,23,13
E01015834,24,14
E01015835,22,12
E01015836,24,15
E01015837,25,15
E01015838,24,14
E01015839,32,14
E01015840,29,14
E01015841,28,14
E01015842,30,15
E01015843,30,14
E01015844,26,13
E01015845,23,14
E01015846,28,12
E01015847,25,13
E01015848,25,14
E01015849,21,13
E01015850,27,12
E01015851,28,11
E01015852,20,13
E01015853,29,12
E01015854,24,12
E01015855,24,10
E01015856,28,11
E01015857,16,9
E01015858,11,8
E01015859,10,7
E01015860,9,7
E01015861,16,10
E01015862,14,8
E01015863,27,13
E01015864,20,12
E01015865,23,11
E01015866,21,11
E01015867,22,11
E01015868,17,10
E01015869,34,13
E01015870,35,14
E01015871,33,12
E01015872,36,14
E01015873,35,15
E01015874,27,11
E01015875,39,13
E01015876,48,22
E01015877,44,21
E01015878,47,18
E01015879,47,19
E01015880,48,20
E01015881,49,22
E01015882,49,20
E01015883,42,16
E01015884,35,15
E01015885,44,17
E01015886,38,14
E01015887,37,14
E01015888,39,16
E01015889,37,17
E01015890,39,17
E01015891,36,16
E01015892,32,15
E01015893,41,18
E01015894,34,16
E01015895,20,12
E01015896,24,10
E01015897,27,11
E01015898,26,12
E01015899,19,10
E01015900,20,9
E01015901,15,9
E01015902,15,9
E01015903,11,9
E01015904,11,8
E01015905,17,10
E01015906,11,8
E01015907,15,9
E01015908,29,16
E01015909,24,14
E01015910,29,17
E01015911,34,17
E01015912,30,16
E01015913,27,15
E01015914,49,17
E01015915,46,18
E01015916,41,18
E01015917,45,19
E01015918,45,20
E01015919,42,19
E01015920,45,20
E01015921,65,18
E01015922,61,19
E01015923,62,21
E01015924,66,22
E01015925,62,20
E01015926,64,20
E01015927,65,22
E01015928,69,22
E01015929,65,22
E01015930,63,21
E01015931,66,23
E01015932,58,23
E01015933,54,21
E01015934,51,21
E01015935,53,21
E01015936,52,20
E01015937,51,19
E01015938,53,19
E01015939,60,21
E01015941,61,23
E01015942,62,21
E01015943,22,13
E01015944,22,13
E01015945,21,14
E01015946,19,13
E01015947,44,21
E01015948,42,20
E01015949,45,21
E01015950,46,19
E01015951,59,21
E01015952,60,23
E01015953,58,22
E01015954,56,23
E01015955,62,22
E01015956,57,22
E01015957,57,22
E01015958,60,22
E01015959,54,22
E01015960,50,20
E01015961,53,22
E01015962,59,23
E01015963,56,21
E01015964,51,21
E01015965,48,21
E01015966,56,21
E01015967,54,21
E01015968,51,21
E01015969,61,22
E01015970,48,20
E01015971,49,25
E01015972,67,23
E01015973,56,24
E01015974,57,25
E01015975,52,24
E01015976,62,24
E01015977,40,19
E01015978,63,19
E01015979,39,17
E01015980,35,15
E01015982,55,20
E01015983,24,16
E01015984,24,15
E01015985,27,16
E01015986,25,15
E01015987,25,14
E01015988,24,15
E01015989,27,15
E01015990,29,15
E01015991,30,15
E01015992,32,16
E01015993,63,21
E01015994,59,21
E01015995,56,21
E01015996,63,21
E01015997,23,13
E01015998,23,13
E01015999,27,15
E01016000,28,15
E01016001,28,15
E01016002,29,15
E01016003,56,24
E01016004,56,25
E01016005,63,25
E01016006,55,25
E01016007,53,23
E01016008,67,25
E01016009,57,24
E01016010,53,24
E01016011,58,18
E01016012,62,17
E01016013,57,19
E01016014,54,20
E01016015,60,19
E01016016,25,13
E01016017,27,12
E01016018,22,12
E01016019,18,11
E01016020,33,14
E01016021,27,13
E01016022,32,13
E01016023,23,12
E01016024,17,11
E01016025,27,12
E01016026,54,24
E01016027,54,26
E01016028,51,26
E01016029,53,26
E01016030,31,12
E01016031,17,10
E01016032,25,11
E01016033,25,11
E01016034,30,12
E01016035,19,10
E01016036,25,12
E01016037,20,10
E01016038,23,10
E01016039,20,10
E01016040,20,10
E01016041,14,9
E01016042,17,9
E01016043,20,10
E01016044,8,7
E01016045,10,8
E01016046,12,8
E01016047,8,7
E01016048,7,7
E01016049,14,9
E01016050,42,15
E01016051,42,15
E01016052,46,17
E01016053,48,17
E01016054,39,14
E01016055,38,18
E01016056,41,18
E01016057,39,19
E01016058,34,15
E01016059,35,16
E01016060,39,18
E01016061,16,10
E01016062,19,11
E01016063,15,10
E01016064,20,11
E01016065,26,12
E01016066,26,13
E01016067,29,14
E01016068,27,14
E01016069,12,10
E01016070,94,32
E01016071,90,39
E01016072,84,29
E01016073,83,23
E01016074,64,21
E01016075,66,20
E01016076,64,20
E01016077,61,20
E01016078,30,16
E01016079,32,15
E01016080,31,16
E01016081,32,16
E01016082,33,17
E01016083,27,14
E01016084,28,15
E01016085,44,17
E01016086,26,16
E01016087,27,18
E01016088,31,18
E01016089,29,20
E01016090,36,19
E01016091,36,17
E01016092,39,18
E01016093,34,17
E01016094,31,20
E01016095,36,22
E01016096,29,19
E01016097,34,21
E01016098,27,19
E01016099,43,20
E01016100,45,19
E01016101,42,20
E01016102,32,21
E01016103,38,21
E01016104,36,21
E01016105,40,19
E01016106,45,20
E01016107,41,20
E01016110,25,13
E01016111,17,11
E01016112,37,15
E01016113,35,15
E01016114,35,15
E01016115,38,16
E01016116,38,17
E01016117,33,14
E01016118,33,14
E01016119,41,16
E01016120,41,16
E01016121,34,17
E01016122,40,15
E01016123,33,16
E01016124,38,15
E01016125,32,14
E01016126,37,14
E01016127,48,18
E01016128,41,17
E01016129,48,18
E01016130,35,15
E01016131,42,16
E01016132,45,17
E01016133,46,19
E01016134,48,19
E01016135,43,17
E01016136,39,17
E01016137,43,18
E01016138,45,20
E01016139,44,20
E01016140,37,18
E01016141,41,18
E01016142,57,23
E01016143,53,18
E01016144,54,21
E01016145,54,22
E01016146,47,16
E01016147,46,16
E01016148,43,17
E01016149,62,25
E01016150,44,21
E01016151,44,21
E01016152,41,22
E01016153,41,20
E01016154,41,20
E01016155,43,22
E01016156,47,22
E01016157,46,21
E01016158,49,23
E01016159,27,11
E01016160,30,13
E01016161,26,14
E01016162,22,13
E01016163,25,13
E01016164,28,14
E01016165,24,14
E01016166,28,15
E01016167,22,16
E01016168,32,17
E01016169,35,17
E01016170,36,18
E01016171,31,17
E01016172,37,19
E01016173,31,16
E01016174,15,9
E01016175,19,11
E01016176,24,12
E01016177,17,9
E01016178,17,9
E01016179,19,10
E01016180,15,10
E01016181,21,10
E01016182,17,10
E01016183,15,10
E01016184,47,20
E01016185,45,19
E01016186,50,19
E01016187,53,21
E01016188,50,19
E01016190,28,15
E01016191,26,14
E01016192,45,18
E01016193,37,18
E01016194,48,20
E01016195,40,18
E01016196,36,16
E01016197,41,17
E01016198,35,17
E01016199,35,16
E01016200,43,15
E01016201,43,15
E01016202,37,15
E01016203,41,15
E01016204,39,16
E01016205,38,17
E01016206,52,24
E01016207,63,22
E01016208,61,23
E01016209,46,19
E01016210,47,20
E01016212,45,20
E01016213,49,20
E01016214,47,19
E01016215,46,20
E01016216,46,18
E01016217,44,17
E01016218,46,18
E01016219,49,19
E01016220,47,18
E01016221,44,17
E01016222,26,13
E01016223,29,15
E01016224,32,15
E01016225,35,16
E01016226,22,14
E01016227,56,22
E01016228,48,21
E01016229,54,20
E01016230,56,23
E01016231,41,18
E01016232,42,17
E01016233,39,18
E01016234,46,21
E01016235,48,19
E01016236,48,19
E01016237,43,18
E01016238,35,16
E01016239,43,17
E01016240,37,16
E01016241,42,18
E01016242,38,17
E01016243,32,14
E01016245,35,15
E01016246,38,14
E01016247,48,17
E01016248,40,18
E01016249,28,17
E01016250,35,18
E01016252,32,13
E01016253,30,12
E01016254,51,25
E01016255,70,28
E01016256,111,33
E01016257,74,39
E01016258,56,24
E01016259,55,24
E01016260,54,22
E01016261,49,22
E01016262,56,23
E01016263,95,33
E01016264,88,35
E01016265,96,36
E01016266,83,35
E01016267,56,28
E01016268,53,28
E01016269,55,26
E01016270,56,28
E01016271,46,20
E01016272,47,21
E01016273,52,23
E01016274,48,21
E01016275,51,22
E01016276,53,23
E01016277,120,29
E01016278,92,31
E01016279,67,32
E01016280,70,33
E01016281,69,32
E01016282,74,33
E01016283,105,35
E01016284,92,36
E01016285,108,38
E01016286,107,43
E01016287,106,36
E01016288,110,36
E01016289,76,33
E01016290,72,34
E01016291,60,35
E01016292,65,34
E01016293,59,35
E01016294,58,34
E01016295,51,34
E01016296,63,27
E01016297,69,28
E01016298,76,24
E01016299,67,27
E01016300,66,31
E01016301,89,32
E01016302,76,34
E01016303,105,27
E01016304,66,24
E01016305,41,25
E01016306,48,25
E01016307,65,27
E01016308,67,28
E01016309,66,27
E01016310,63,31
E01016311,58,32
E01016312,55,34
E01016313,44,25
E01016314,47,28
E01016315,55,24
E01016316,55,23
E01016317,48,22
E01016318,50,22
E01016319,52,34
E01016320,47,33
E01016321,46,32
E01016322,57,34
E01016323,73,32
E01016324,74,32
E01016325,69,33
E01016326,88,31
E01016327,88,32
E01016328,64,29
E01016329,63,36
E01016330,59,35
E01016331,82,36
E01016332,68,35
E01016333,65,34
E01016334,67,35
E01016335,84,36
E01016336,68,35
E01016337,54,34
E01016338,52,33
E01016339,48,33
E01016340,82,36
E01016341,82,36
E01016342,81,36
E01016343,89,36
E01016344,44,27
E01016345,44,28
E01016346,58,31
E01016347,49,33
E01016348,53,33
E01016349,43,22
E01016350,47,22
E01016353,28,12
E01016355,25,13
E01016356,37,16
E01016357,34,15
E01016358,30,13
E01016359,35,16
E01016360,31,14
E01016361,34,16
E01016362,27,16
E01016363,32,16
E01016364,28,17
E01016365,29,14
E01016366,32,15
E01016367,34,15
E01016368,26,14
E01016369,27,16
E01016370,20,11
E01016371,20,12
E01016372,24,13
E01016373,23,13
E01016374,16,13
E01016375,16,14
E01016376,18,12
E01016377,21,13
E01016378,10,12
E01016379,13,12
E01016380,44,21
E01016381,42,19
E01016382,38,18
E01016383,44,20
E01016384,36,20
E01016385,35,19
E01016386,42,19
E01016387,43,20
E01016388,26,15
E01016389,30,16
E01016390,28,13
E01016391,22,14
E01016392,35,15
E01016393,32,14
E01016394,42,18
E01016395,40,17
E01016396,41,18
E01016397,40,18
E01016398,37,17
E01016399,39,17
E01016400,38,17
E01016401,20,10
E01016402,24,12
E01016403,23,12
E01016404,17,11
E01016405,20,12
E01016406,20,11
E01016407,43,19
E01016408,45,20
E01016409,41,19
E01016410,40,18
E01016411,46,20
E01016412,47,20
E01016413,12,9
E01016414,9,8
E01016415,22,12
E01016416,12,9
E01016417,15,9
E01016418,16,9
E01016419,37,16
E01016420,40,18
E01016421,43,19
E01016422,43,19
E01016423,42,18
E01016424,38,17
E01016425,41,19
E01016426,34,18
E01016427,36,17
E01016428,35,18
E01016429,38,17
E01016430,47,20
E01016431,49,21
E01016432,51,22
E01016433,46,20
E01016434,44,19
E01016435,44,20
E01016436,49,21
E01016437,28,16
E01016438,29,15
E01016439,33,17
E01016440,30,16
E01016441,36,17
E01016442,26,14
E01016443,26,14
E01016444,29,12
E01016445,29,12
E01016446,34,14
E01016447,31,13
E01016448,35,15
E01016449,33,13
E01016450,30,15
E01016451,25,15
E01016452,27,15
E01016453,29,17
E01016454,26,16
E01016455,25,17
E01016456,24,14
E01016457,25,13
E01016458,24,12
E01016459,25,13
E01016460,23,11
E01016461,24,13
E01016462,32,18
E01016463,42,17
E01016464,37,16
E01016465,38,18
E01016467,47,19
E01016468,50,21
E01016469,48,20
E01016470,48,20
E01016471,52,20
E01016472,54,21
E01016473,52,21
E01016474,46,19
E01016475,43,18
E01016476,57,22
E01016477,52,20
E01016478,51,19
E01016479,48,20
E01016480,50,20
E01016481,52,18
E01016482,51,16
E01016483,38,14
E01016484,35,15
E01016485,33,13
E01016486,35,15
E01016487,40,14
E01016488,31,14
E01016490,43,20
E01016491,44,18
E01016492,42,19
E01016493,46,22
E01016494,40,20
E01016495,47,21
E01016496,34,20
E01016497,35,19
E01016498,32,18
E01016499,33,17
E01016500,43,19
E01016501,40,17
E01016502,43,17
E01016503,46,18
E01016504,37,17
E01016505,43,17
E01016506,44,18
E01016507,40,16
E01016508,39,17
E01016509,42,18
E01016510,36,16
E01016511,26,15
E01016512,31,16
E01016513,41,18
E01016514,34,17
E01016515,35,16
E01016516,22,12
E01016517,22,12
E01016518,23,12
E01016519,16,10
E01016520,21,10
E01016521,21,11
E01016522,14,9
E01016523,18,12
E01016524,17,9
E01016525,46,27
E01016526,52,27
E01016527,56,25
E01016528,47,27
E01016529,44,28
E01016530,56,27
E01016531,76,22
E01016532,52,27
E01016533,56,25
E01016534,57,24
E01016535,53,25
E01016536,38,27
E01016537,49,26
E01016538,51,25
E01016539,57,26
E01016540,62,21
E01016541,56,25
E01016542,58,24
E01016543,58,22
E01016544,33,20
E01016545,35,21
E01016546,33,20
E01016547,36,22
E01016548,31,22
E01016549,36,22
E01016550,30,20
E01016551,49,24
E01016552,44,23
E01016553,53,23
E01016554,49,24
E01016555,44,25
E01016556,39,24
E01016557,43,24
E01016558,53,23
E01016559,58,25
E01016560,54,25
E01016561,59,24
E01016562,54,24
E01016563,59,26
E01016564,49,21
E01016565,46,20
E01016566,51,22
E01016567,44,22
E01016568,59,26
E01016569,57,25
E01016570,62,24
E01016571,51,25
E01016572,55,26
E01016573,50,26
E01016574,47,27
E01016575,53,20
E01016576,46,17
E01016577,47,19
E01016578,73,25
E01016579,80,24
E01016580,62,27
E01016581,81,26
E01016582,50,29
E01016583,56,29
E01016584,49,29
E01016585,47,28
E01016586,67,29
E01016587,50,22
E01016588,52,20
E01016589,52,21
E01016591,47,29
E01016592,39,27
E01016593,43,26
E01016594,49,25
E01016595,30,21
E01016596,34,19
E01016597,35,21
E01016598,61,24
E01016599,62,25
E01016600,74,23
E01016601,58,25
E01016602,65,24
E01016603,28,16
E01016604,27,15
E01016605,19,16
E01016606,18,13
E01016607,20,12
E01016608,17,13
E01016609,17,11
E01016610,39,24
E01016611,39,25
E01016612,57,26
E01016613,23,14
E01016614,24,15
E01016615,26,16
E01016616,29,17
E01016617,35,18
E01016618,25,13
E01016619,37,20
E01016620,35,20
E01016621,35,19
E01016622,38,19
E01016623,32,18
E01016624,35,19
E01016625,43,30
E01016626,38,29
E01016627,46,28
E01016628,48,28
E01016629,44,29
E01016630,52,31
E01016631,50,30
E01016632,51,30
E01016633,57,29
E01016634,49,29
E01016635,49,31
E01016636,54,27
E01016637,52,25
E01016638,57,29
E01016639,63,29
E01016640,66,25
E01016641,55,27
E01016642,50,28
E01016643,56,29
E01016644,38,18
E01016645,34,17
E01016646,34,17
E01016647,39,18
E01016648,33,17
E01016649,33,17
E01016651,26,14
E01016652,32,15
E01016653,32,15
E01016654,28,15
E01016655,30,16
E01016656,60,23
E01016657,48,24
E01016658,39,20
E01016659,34,20
E01016660,38,19
E01016661,37,18
E01016662,33,18
E01016663,35,18
E01016664,29,15
E01016665,36,17
E01016666,35,17
E01016668,29,14
E01016669,30,15
E01016670,56,25
E01016671,47,27
E01016672,50,23
E01016673,50,25
E01016674,53,26
E01016675,70,27
E01016676,49,24
E01016677,61,25
E01016678,42,23
E01016679,28,17
E01016680,24,15
E01016682,43,22
E01016683,46,22
E01016684,26,16
E01016685,30,19
E01016686,32,17
E01016687,30,16
E01016688,29,16
E01016689,31,17
E01016690,45,25
E01016691,75,27
E01016692,36,23
E01016693,42,24
E01016694,35,22
E01016695,39,22
E01016696,46,26
E01016699,48,28
E01016700,39,27
E01016701,41,24
E01016702,30,24
E01016703,46,24
E01016704,35,26
E01016705,62,23
E01016706,64,22
E01016707,61,21
E01016708,51,23
E01016709,62,22
E01016710,28,13
E01016711,29,13
E01016713,27,14
E01016714,25,12
E01016715,29,15
E01016716,26,12
E01016717,40,13
E01016718,31,10
E01016719,35,14
E01016720,38,13
E01016721,34,11
E01016722,35,13
E01016723,34,12
E01016724,33,11
E01016725,21,10
E01016726,19,9
E01016727,19,10
E01016728,21,10
E01016729,22,9
E01016731,18,9
E01016732,18,8
E01016733,19,9
E01016734,33,14
E01016735,46,16
E01016736,43,17
E01016737,27,13
E01016738,25,12
E01016739,23,11
E01016740,25,11
E01016741,23,11
E01016742,35,16
E01016743,38,16
E01016744,35,15
E01016745,33,14
E01016746,33,14
E01016748,33,12
E01016750,29,13
E01016751,29,14
E01016752,37,12
E01016753,38,13
E01016754,23,12
E01016755,38,11
E01016756,36,11
E01016757,20,11
E01016758,29,12
E01016759,64,24
E01016760,54,18
E01016761,62,24
E01016762,40,13
E01016763,36,13
E01016764,37,13
E01016765,38,12
E01016766,34,11
E01016767,40,14
E01016768,26,10
E01016769,35,13
E01016770,33,12
E01016771,37,11
E01016772,33,11
E01016773,34,12
E01016774,32,13
E01016775,38,12
E01016776,35,14
E01016777,36,14
E01016778,38,14
E01016780,41,14
E01016781,44,13
E01016783,22,11
E01016784,13,8
E01016786,45,16
E01016787,42,17
E01016788,47,19
E01016789,49,17
E01016790,45,17
E01016791,39,16
E01016792,43,17
E01016793,41,17
E01016794,40,18
E01016795,39,17
E01016796,51,27
E01016797,56,26
E01016798,50,27
E01016799,58,26
E01016800,71,27
E01016801,57,22
E01016802,78,23
E01016803,52,22
E01016804,42,12
E01016805,40,14
E01016806,43,14
E01016807,43,13
E01016808,39,13
E01016809,40,13
E01016810,47,15
E01016811,48,17
E01016812,51,18
E01016813,44,15
E01016814,54,19
E01016815,36,14
E01016816,43,15
E01016817,49,18
E01016818,50,19
E01016819,43,15
E01016820,31,11
E01016821,22,10
E01016822,32,12
E01016823,33,11
E01016824,36,13
E01016825,34,12
E01016826,40,13
E01016827,38,13
E01016828,34,12
E01016829,29,14
E01016830,33,16
E01016831,31,14
E01016832,29,13
E01016833,33,15
E01016834,26,14
E01016835,42,15
E01016836,47,17
E01016837,44,17
E01016838,48,16
E01016839,48,16
E01016840,48,17
E01016841,40,16
E01016842,13,8
E01016843,17,8
E01016844,16,8
E01016845,12,8
E01016846,12,8
E01016847,16,8
E01016848,11,8
E01016849,25,14
E01016850,23,12
E01016851,25,13
E01016852,23,13
E01016853,25,13
E01016854,23,12
E01016855,28,15
E01016856,27,14
E01016857,31,15
E01016858,29,15
E01016859,28,14
E01016860,31,15
E01016861,5,6
E01016862,5,6
E01016863,7,7
E01016864,19,10
E01016865,18,10
E01016866,16,9
E01016867,12,8
E01016868,15,8
E01016869,12,7
E01016870,29,13
E01016871,30,13
E01016872,33,15
E01016873,32,14
E01016874,28,13
E01016875,26,12
E01016876,25,12
E01016877,26,12
E01016878,30,15
E01016879,37,20
E01016880,33,20
E01016881,36,20
E01016882,45,22
E01016883,46,22
E01016884,42,21
E01016885,42,21
E01016886,39,20
E01016887,41,21
E01016888,38,19
E01016889,19,10
E01016890,23,11
E01016891,18,10
E01016892,18,10
E01016893,15,9
E01016894,19,9
E01016895,18,9
E01016896,18,9
E01016897,15,8
E01016898,42,20
E01016899,43,21
E01016900,32,15
E01016901,29,13
E01016902,33,14
E01016903,27,13
E01016904,30,13
E01016905,30,12
E01016906,37,20
E01016907,33,17
E01016908,36,19
E01016909,30,13
E01016910,32,13
E01016911,31,18
E01016912,27,12
E01016913,31,12
E01016914,37,19
E01016915,34,18
E01016916,54,26
E01016917,58,26
E01016918,54,25
E01016919,52,24
E01016920,55,24
E01016921,50,24
E01016922,51,23
E01016923,34,17
E01016924,41,18
E01016925,36,16
E01016926,38,17
E01016927,41,17
E01016928,36,19
E01016929,36,17
E01016930,34,16
E01016931,46,20
E01016932,25,12
E01016933,25,13
E01016934,25,13
E01016935,28,14
E01016936,25,13
E01016937,22,12
E01016938,25,13
E01016939,27,13
E01016940,29,13
E01016941,12,8
E01016942,8,7
E01016943,10,7
E01016944,9,7
E01016945,12,7
E01016946,15,8
E01016947,17,9
E01016948,13,8
E01016949,11,7
E01016950,22,11
E01016951,23,12
E01016952,18,10
E01016953,21,12
E01016954,22,12
E01016955,22,12
E01016956,26,16
E01016957,12,8
E01016958,26,15
E01016959,22,13
E01016960,21,13
E01016961,24,14
E01016962,25,14
E01016963,10,7
E01016964,19,10
E01016966,22,11
E01016967,22,11
E01016968,20,10
E01016969,18,10
E01016970,26,11
E01016971,22,11
E01016972,23,11
E01016973,46,22
E01016974,37,20
E01016975,40,21
E01016976,45,23
E01016977,48,23
E01016978,45,22
E01016979,32,17
E01016980,34,17
E01016981,32,16
E01016982,45,20
E01016983,42,19
E01016984,38,17
E01016985,43,19
E01016986,33,16
E01016987,32,16
E01016988,31,16
E01016989,33,17
E01016990,36,16
E01016991,35,16
E01016992,37,18
E01016993,38,18
E01016994,37,19
E01016995,34,17
E01016996,36,17
E01016997,35,18
E01016998,39,19
E01016999,39,20
E01017000,32,17
E01017001,32,15
E01017002,31,16
E01017003,33,15
E01017004,30,14
E01017005,33,16
E01017006,29,15
E01017007,29,15
E01017008,25,13
E01017009,33,17
E01017010,30,16
E01017011,32,17
E01017012,31,16
E01017013,31,18
E01017014,33,18
E01017015,43,20
E01017016,36,19
E01017017,41,20
E01017018,35,19
E01017019,34,18
E01017020,42,19
E01017021,49,22
E01017022,40,18
E01017023,39,20
E01017024,38,18
E01017025,37,19
E01017026,43,20
E01017027,42,19
E01017028,33,18
E01017029,37,20
E01017030,34,19
E01017031,36,17
E01017032,36,16
E01017034,38,17
E01017035,39,18
E01017036,31,16
E01017037,34,16
E01017038,32,15
E01017039,33,16
E01017040,34,16
E01017041,31,16
E01017042,32,17
E01017043,30,17
E01017044,33,16
E01017045,34,17
E01017046,35,17
E01017047,29,16
E01017048,25,15
E01017049,29,16
E01017050,12,8
E01017051,12,9
E01017052,10,9
E01017053,12,8
E01017054,16,9
E01017055,16,10
E01017056,21,10
E01017057,21,11
E01017058,28,12
E01017059,26,12
E01017060,26,12
E01017061,24,11
E01017062,27,12
E01017063,17,9
E01017064,21,11
E01017066,28,13
E01017067,44,22
E01017068,43,21
E01017069,46,21
E01017070,48,20
E01017071,47,20
E01017072,49,20
E01017073,53,21
E01017074,52,23
E01017075,32,16
E01017076,40,18
E01017077,34,17
E01017078,35,17
E01017079,38,17
E01017080,37,17
E01017081,39,18
E01017082,33,16
E01017083,33,17
E01017084,23,14
E01017085,24,14
E01017086,26,15
E01017087,26,14
E01017088,28,15
E01017089,22,13
E01017090,21,13
E01017091,21,13
E01017092,23,13
E01017093,48,23
E01017094,42,21
E01017095,40,21
E01017096,44,21
E01017097,45,21
E01017098,43,21
E01017099,38,20
E01017100,43,21
E01017101,37,20
E01017102,30,15
E01017103,34,16
E01017104,26,14
E01017105,25,15
E01017106,26,14
E01017107,26,15
E01017108,26,15
E01017109,27,15
E01017110,29,16
E01017111,28,15
E01017112,18,9
E01017113,23,12
E01017114,27,13
E01017115,16,10
E01017116,25,13
E01017117,23,11
E01017118,12,8
E01017119,23,12
E01017120,18,10
E01017121,51,20
E01017122,48,19
E01017123,51,20
E01017124,43,19
E01017125,46,19
E01017126,46,19
E01017127,49,20
E01017128,44,18
E01017129,40,18
E01017130,42,19
E01017131,47,19
E01017132,43,19
E01017133,46,19
E01017135,49,20
E01017136,31,13
E01017137,28,12
E01017138,26,12
E01017139,39,16
E01017140,34,14
E01017142,47,18
E01017144,28,14
E01017145,27,16
E01017146,24,13
E01017147,17,9
E01017148,25,15
E01017149,28,14
E01017150,20,11
E01017151,12,8
E01017152,14,8
E01017153,41,15
E01017154,45,17
E01017155,41,15
E01017156,43,15
E01017157,35,14
E01017158,31,13
E01017159,35,14
E01017160,35,14
E01017162,63,24
E01017163,67,25
E01017164,60,23
E01017165,66,25
E01017166,64,24
E01017167,67,25
E01017168,70,26
E01017169,64,25
E01017170,61,26
E01017171,47,18
E01017172,49,19
E01017173,52,19
E01017174,52,18
E01017175,47,17
E01017176,52,18
E01017177,44,18
E01017178,46,18
E01017179,59,19
E01017180,16,9
E01017181,15,10
E01017182,16,8
E01017183,14,9
E01017184,19,9
E01017185,11,7
E01017186,15,8
E01017187,11,7
E01017188,10,7
E01017189,21,11
E01017190,22,11
E01017191,22,11
E01017192,22,10
E01017193,27,11
E01017194,26,11
E01017195,29,12
E01017196,27,13
E01017197,18,10
E01017198,64,24
E01017199,61,22
E01017200,56,21
E01017201,59,19
E01017202,55,20
E01017203,55,20
E01017204,59,22
E01017205,60,23
E01017206,59,22
E01017207,16,8
E01017208,22,9
E01017209,17,9
E01017210,24,10
E01017211,20,9
E01017212,22,9
E01017213,22,10
E01017214,33,11
E01017215,27,10
E01017216,29,11
E01017217,58,22
E01017218,61,23
E01017219,49,23
E01017220,57,24
E01017221,54,23
E01017222,53,23
E01017223,51,20
E01017224,57,22
E01017225,61,22
E01017226,31,14
E01017227,39,15
E01017228,43,16
E01017231,35,15
E01017232,31,13
E01017233,41,16
E01017234,39,15
E01017235,39,15
E01017236,21,10
E01017237,22,10
E01017238,16,8
E01017239,27,11
E01017240,26,12
E01017241,21,10
E01017242,21,9
E01017243,16,7
E01017244,20,10
E01017245,18,9
E01017246,14,8
E01017247,17,9
E01017248,17,9
E01017249,18,10
E01017250,16,9
E01017251,9,7
E01017252,17,9
E01017253,12,7
E01017254,12,8
E01017255,64,23
E01017256,61,23
E01017257,63,24
E01017258,59,24
E01017259,61,25
E01017260,62,25
E01017261,57,25
E01017262,59,26
E01017263,59,26
E01017264,38,17
E01017265,40,18
E01017266,33,15
E01017267,36,15
E01017270,30,16
E01017271,32,17
E01017272,34,16
E01017273,52,24
E01017274,64,27
E01017275,55,25
E01017276,49,23
E01017277,61,26
E01017278,57,24
E01017279,59,25
E01017280,61,27
E01017281,61,28
E01017282,61,26
E01017283,67,24
E01017284,93,36
E01017285,90,36
E01017286,44,22
E01017287,48,24
E01017288,88,34
E01017289,79,28
E01017290,61,21
E01017291,52,27
E01017292,24,11
E01017293,30,11
E01017294,33,12
E01017295,36,11
E01017296,41,18
E01017297,54,21
E01017298,63,30
E01017299,56,30
E01017300,26,16
E01017301,28,16
E01017302,22,14
E01017303,22,15
E01017304,23,15
E01017305,23,15
E01017306,20,14
E01017307,44,24
E01017308,41,23
E01017309,40,24
E01017310,30,12
E01017311,25,10
E01017312,71,35
E01017315,72,35
E01017316,31,15
E01017317,66,31
E01017318,62,29
E01017319,65,30
E01017320,62,29
E01017321,27,11
E01017322,24,10
E01017323,69,25
E01017324,56,26
E01017325,15,9
E01017326,15,9
E01017327,20,10
E01017328,18,10
E01017329,20,12
E01017331,25,11
E01017332,26,11
E01017333,9,8
E01017334,10,8
E01017335,54,27
E01017336,50,27
E01017337,50,27
E01017338,49,25
E01017339,56,27
E01017340,53,27
E01017341,49,25
E01017342,51,26
E01017343,68,29
E01017344,69,29
E01017345,62,28
E01017346,61,28
E01017347,77,30
E01017348,72,30
E01017349,68,31
E01017350,78,31
E01017351,78,32
E01017352,80,33
E01017353,50,23
E01017354,54,28
E01017355,60,32
E01017356,63,31
E01017357,68,31
E01017358,65,29
E01017359,61,31
E01017360,59,31
E01017361,80,37
E01017362,76,36
E01017363,61,35
E01017364,67,36
E01017365,81,34
E01017366,55,33
E01017367,43,19
E01017368,37,18
E01017369,43,23
E01017370,51,29
E01017371,43,25
E01017372,43,25
E01017373,49,25
E01017374,41,23
E01017375,38,23
E01017376,57,26
E01017377,48,23
E01017378,55,25
E01017379,57,19
E01017380,51,18
E01017381,58,24
E01017382,54,25
E01017383,53,25
E01017384,52,26
E01017385,48,27
E01017386,49,28
E01017387,57,27
E01017388,57,27
E01017389,63,24
E01017390,58,26
E01017391,53,27
E01017392,53,28
E01017393,88,30
E01017394,40,21
E01017397,42,22
E01017398,54,28
E01017399,42,27
E01017400,43,29
E01017401,41,28
E01017402,42,28
E01017403,42,27
E01017404,48,28
E01017405,42,27
E01017406,46,28
E01017407,41,28
E01017408,42,23
E01017409,40,24
E01017410,41,21
E01017411,27,18
E01017412,72,29
E01017413,55,26
E01017414,59,28
E01017415,52,25
E01017416,33,20
E01017417,38,19
E01017418,33,18
E01017419,39,23
E01017420,43,24
E01017421,38,22
E01017422,44,28
E01017423,112,25
E01017424,45,24
E01017425,98,29
E01017426,90,35
E01017427,73,32
E01017428,78,34
E01017429,78,33
E01017430,41,27
E01017431,43,27
E01017432,49,26
E01017433,44,28
E01017434,43,27
E01017435,46,27
E01017436,52,27
E01017437,51,27
E01017438,50,28
E01017439,55,27
E01017440,52,28
E01017441,71,26
E01017442,56,28
E01017443,50,27
E01017444,79,30
E01017445,45,24
E01017446,62,21
E01017447,62,20
E01017449,66,22
E01017450,67,24
E01017451,100,25
E01017452,84,19
E01017453,32,18
E01017454,33,17
E01017455,34,18
E01017456,30,16
E01017457,33,16
E01017458,37,19
E01017459,45,18
E01017460,37,16
E01017461,33,18
E01017462,44,18
E01017463,42,20
E01017464,81,26
E01017465,45,27
E01017466,16,10
E01017467,27,11
E01017468,29,12
E01017469,20,10
E01017470,32,12
E01017471,18,11
E01017472,15,12
E01017473,8,8
E01017474,6,7
E01017475,12,9
E01017476,19,12
E01017477,21,12
E01017478,49,24
E01017479,32,18
E01017480,37,20
E01017481,34,19
E01017482,27,13
E01017483,33,13
E01017484,26,12
E01017485,29,12
E01017486,34,17
E01017487,33,15
E01017488,38,15
E01017489,38,15
E01017490,40,16
E01017491,38,14
E01017492,41,17
E01017493,43,17
E01017495,63,20
E01017496,34,18
E01017497,27,13
E01017498,31,14
E01017499,26,12
E01017500,26,12
E01017501,24,12
E01017502,23,12
E01017503,104,33
E01017504,56,33
E01017505,20,12
E01017506,18,9
E01017507,20,10
E01017508,20,11
E01017509,19,12
E01017510,21,13
E01017511,17,11
E01017512,15,9
E01017513,19,11
E01017514,21,13
E01017515,25,14
E01017516,21,14
E01017517,18,12
E01017518,22,10
E01017519,25,12
E01017520,27,12
E01017521,22,11
E01017522,16,10
E01017523,20,10
E01017524,34,13
E01017525,37,13
E01017526,38,13
E01017527,40,14
E01017528,41,22
E01017529,38,16
E01017530,37,17
E01017531,41,18
E01017532,36,16
E01017533,38,17
E01017534,34,15
E01017535,26,12
E01017536,24,11
E01017537,28,14
E01017538,22,12
E01017539,25,11
E01017540,82,35
E01017541,65,32
E01017542,103,24
E01017543,87,31
E01017544,64,28
E01017545,80,32
E01017546,53,23
E01017547,37,17
E01017548,27,16
E01017549,26,17
E01017550,20,12
E01017551,33,17
E01017552,33,19
E01017553,29,18
E01017554,29,18
E01017555,44,25
E01017556,48,25
E01017557,42,24
E01017558,57,23
E01017559,58,24
E01017560,58,24
E01017561,28,18
E01017562,24,15
E01017563,25,16
E01017564,34,20
E01017565,31,16
E01017566,36,18
E01017567,31,17
E01017568,29,16
E01017569,28,16
E01017570,24,15
E01017571,43,24
E01017572,46,23
E01017573,50,27
E01017575,50,26
E01017576,46,27
E01017577,39,21
E01017578,33,17
E01017579,32,16
E01017580,24,13
E01017581,30,14
E01017582,20,10
E01017583,17,10
E01017584,21,11
E01017585,21,10
E01017586,44,21
E01017587,48,24
E01017588,38,21
E01017589,38,23
E01017590,42,23
E01017591,45,24
E01017592,25,13
E01017593,32,15
E01017594,35,17
E01017595,35,19
E01017596,35,18
E01017597,36,18
E01017598,35,21
E01017599,33,19
E01017600,24,14
E01017601,25,15
E01017602,28,14
E01017603,52,26
E01017604,57,27
E01017605,53,27
E01017606,38,22
E01017607,45,23
E01017608,43,24
E01017609,43,24
E01017610,38,22
E01017611,46,22
E01017612,37,22
E01017613,40,23
E01017614,44,24
E01017615,53,23
E01017616,52,18
E01017617,30,15
E01017618,30,15
E01017619,28,15
E01017620,41,20
E01017621,43,22
E01017622,40,21
E01017623,31,15
E01017624,35,16
E01017625,38,16
E01017626,40,16
E01017627,46,20
E01017628,28,12
E01017629,47,20
E01017630,36,14
E01017631,19,10
E01017632,46,18
E01017634,22,14
E01017635,31,16
E01017636,38,17
E01017637,27,14
E01017638,29,15
E01017639,27,15
E01017640,36,16
E01017641,44,18
E01017642,120,33
E01017643,120,31
E01017644,74,27
E01017645,70,30
E01017646,72,29
E01017647,74,28
E01017648,75,28
E01017649,75,29
E01017650,77,28
E01017651,70,27
E01017652,79,29
E01017653,31,15
E01017654,29,15
E01017655,28,13
E01017657,67,22
E01017658,54,25
E01017659,31,17
E01017660,35,19
E01017661,33,17
E01017662,30,15
E01017663,28,15
E01017664,39,20
E01017665,32,18
E01017666,28,16
E01017667,34,18
E01017668,34,18
E01017669,67,20
E01017670,64,21
E01017671,115,21
E01017672,71,22
E01017673,87,36
E01017674,81,35
E01017675,37,23
E01017676,59,22
E01017677,45,23
E01017678,40,17
E01017679,40,19
E01017680,45,22
E01017681,59,32
E01017682,58,32
E01017683,75,28
E01017684,50,26
E01017687,14,10
E01017688,15,10
E01017689,19,14
E01017690,9,8
E01017691,23,14
E01017692,19,13
E01017693,71,41
E01017694,89,42
E01017695,28,18
E01017696,36,20
E01017697,35,17
E01017698,33,16
E01017699,29,15
E01017700,33,16
E01017701,60,28
E01017702,54,27
E01017703,59,32
E01017704,47,29
E01017705,36,19
E01017706,35,19
E01017707,35,19
E01017708,33,18
E01017709,21,12
E01017710,16,10
E01017711,23,11
E01017712,23,13
E01017713,88,37
E01017714,101,36
E01017715,60,29
E01017716,63,27
E01017717,92,32
E01017718,101,33
E01017719,46,26
E01017720,66,28
E01017721,15,10
E01017722,16,11
E01017723,23,12
E01017724,17,11
E01017726,48,17
E01017727,41,16
E01017728,52,18
E01017729,37,15
E01017730,41,17
E01017731,58,24
E01017732,62,25
E01017733,53,26
E01017734,75,27
E01017735,65,29
E01017736,57,26
E01017737,62,27
E01017738,54,26
E01017739,52,29
E01017740,54,29
E01017741,52,30
E01017742,45,29
E01017743,57,30
E01017744,51,26
E01017745,48,26
E01017746,52,28
E01017747,51,25
E01017748,53,24
E01017749,62,26
E01017750,52,21
E01017751,33,20
E01017752,84,27
E01017753,39,22
E01017754,41,20
E01017755,38,21
E01017756,45,22
E01017757,44,21
E01017758,46,22
E01017759,47,24
E01017760,52,24
E01017761,48,25
E01017762,56,26
E01017763,46,29
E01017764,57,28
E01017765,54,29
E01017766,98,26
E01017767,34,21
E01017768,56,23
E01017769,47,24
E01017770,44,24
E01017771,50,24
E01017773,36,20
E01017774,36,19
E01017775,43,27
E01017776,50,28
E01017777,39,26
E01017778,120,25
E01017779,53,20
E01017780,42,21
E01017781,43,22
E01017782,41,23
E01017783,55,24
E01017784,44,20
E01017785,49,18
E01017786,53,20
E01017787,51,20
E01017788,51,20
E01017789,56,24
E01017790,49,24
E01017791,60,28
E01017792,50,26
E01017793,62,28
E01017794,41,24
E01017795,46,23
E01017796,30,21
E01017797,33,23
E01017798,33,23
E01017799,38,21
E01017800,35,20
E01017801,35,21
E01017802,37,21
E01017803,62,19
E01017804,32,18
E01017805,33,19
E01017806,36,19
E01017807,40,22
E01017808,40,22
E01017809,37,21
E01017810,32,18
E01017811,40,19
E01017812,32,17
E01017813,35,19
E01017814,69,24
E01017815,48,16
E01017816,44,16
E01017817,30,14
E01017818,35,15
E01017819,34,18
E01017820,30,18
E01017821,28,16
E01017822,34,15
E01017823,43,15
E01017824,51,16
E01017825,41,14
E01017826,40,14
E01017827,33,14
E01017828,31,14
E01017829,36,16
E01017830,19,11
E01017831,23,13
E01017832,23,12
E01017833,65,24
E01017834,28,11
E01017835,37,14
E01017836,18,9
E01017837,7,6
E01017838,13,8
E01017839,10,8
E01017840,19,10
E01017841,19,10
E01017842,37,20
E01017843,29,13
E01017844,26,13
E01017845,22,12
E01017846,39,21
E01017847,42,22
E01017848,39,21
E01017849,44,23
E01017850,23,11
E01017851,21,10
E01017852,27,12
E01017853,26,13
E01017854,41,18
E01017855,37,16
E01017856,35,16
E01017857,22,11
E01017858,19,10
E01017859,24,11
E01017860,27,11
E01017861,31,13
E01017862,31,12
E01017863,28,12
E01017864,32,18
E01017865,33,18
E01017866,48,19
E01017867,29,15
E01017868,29,16
E01017869,41,16
E01017870,29,14
E01017871,42,17
E01017872,31,17
E01017873,34,16
E01017874,34,18
E01017875,65,22
E01017876,43,15
E01017877,42,15
E01017878,79,26
E01017880,36,17
E01017881,30,17
E01017882,36,18
E01017883,31,17
E01017884,31,18
E01017885,54,19
E01017886,23,15
E01017887,39,22
E01017888,39,20
E01017889,30,15
E01017890,45,17
E01017891,38,16
E01017892,47,20
E01017893,42,18
E01017894,44,19
E01017895,40,17
E01017896,46,18
E01017897,37,16
E01017898,38,17
E01017899,29,13
E01017900,30,13
E01017901,32,14
E01017902,31,14
E01017903,24,10
E01017904,20,9
E01017905,17,8
E01017906,25,11
E01017907,23,12
E01017908,25,13
E01017909,23,11
E01017910,19,9
E01017911,25,13
E01017912,24,11
E01017913,22,10
E01017914,28,12
E01017915,42,20
E01017916,54,20
E01017917,43,21
E01017918,43,21
E01017919,16,9
E01017920,26,13
E01017921,23,10
E01017922,25,12
E01017923,15,9
E01017924,19,10
E01017925,23,11
E01017926,24,12
E01017927,25,12
E01017928,24,12
E01017929,30,20
E01017930,30,22
E01017931,32,21
E01017932,31,19
E01017933,30,20
E01017934,35,19
E01017935,36,19
E01017936,41,22
E01017937,42,17
E01017938,40,17
E01017939,28,17
E01017940,29,17
E01017941,29,16
E01017942,42,18
E01017943,37,18
E01017944,48,19
E01017945,42,19
E01017946,43,18
E01017947,45,17
E01017948,49,19
E01017949,41,22
E01017950,38,21
E01017951,47,23
E01017952,47,23
E01017953,43,22
E01017954,44,22
E01017955,46,23
E01017956,45,23
E01017957,43,22
E01017958,36,21
E01017959,25,13
E01017960,28,14
E01017961,25,13
E01017962,30,15
E01017963,28,15
E01017964,27,14
E01017965,28,13
E01017966,24,13
E01017967,31,14
E01017968,25,12
E01017969,23,12
E01017971,38,23
E01017972,41,23
E01017973,36,22
E01017974,40,22
E01017975,43,24
E01017976,36,23
E01017977,38,23
E01017978,45,23
E01017979,45,24
E01017980,43,24
E01017983,30,18
E01017984,40,20
E01017985,37,19
E01017986,35,21
E01017987,21,16
E01017988,25,16
E01017989,35,17
E01017990,31,16
E01017991,29,16
E01017992,20,10
E01017993,15,9
E01017994,24,11
E01017995,16,10
E01017996,19,12
E01017997,43,16
E01017998,32,15
E01017999,36,14
E01018000,34,14
E01018001,30,14
E01018002,23,12
E01018003,18,12
E01018005,24,17
E01018006,35,22
E01018007,35,21
E01018008,33,20
E01018009,34,21
E01018010,35,20
E01018011,91,30
E01018012,77,27
E01018013,92,35
E01018014,89,35
E01018015,91,36
E01018016,90,35
E01018017,104,35
E01018019,57,33
E01018020,109,51
E01018021,80,50
E01018022,101,43
E01018023,97,36
E01018024,94,47
E01018025,53,44
E01018026,55,44
E01018027,76,48
E01018029,71,47
E01018030,68,47
E01018032,68,47
E01018033,64,47
E01018034,102,33
E01018035,100,31
E01018036,85,45
E01018037,90,46
E01018038,106,48
E01018039,112,48
E01018040,120,39
E01018041,120,39
E01018042,72,42
E01018043,78,42
E01018044,78,41
E01018045,89,43
E01018046,83,43
E01018047,99,38
E01018049,107,39
E01018050,93,37
E01018051,95,35
E01018052,91,37
E01018053,74,43
E01018054,70,42
E01018055,106,44
E01018056,105,44
E01018057,98,32
E01018058,70,32
E01018059,84,33
E01018060,120,43
E01018061,88,36
E01018062,112,35
E01018063,63,29
E01018064,65,29
E01018065,100,39
E01018066,111,31
E01018067,92,30
E01018068,119,43
E01018069,78,29
E01018070,76,30
E01018071,69,29
E01018072,63,31
E01018073,61,27
E01018074,64,31
E01018075,63,31
E01018076,88,47
E01018077,74,42
E01018078,83,44
E01018079,86,44
E01018080,72,43
E01018081,78,41
E01018082,68,42
E01018083,64,42
E01018084,65,42
E01018085,86,42
E01018086,88,40
E01018087,79,42
E01018088,88,43
E01018090,98,36
E01018091,94,34
E01018092,77,38
E01018093,74,31
E01018094,105,34
E01018095,117,38
E01018096,88,32
E01018097,114,37
E01018098,61,29
E01018099,58,28
E01018100,61,30
E01018101,58,30
E01018102,104,34
E01018103,66,28
E01018104,73,28
E01018105,80,32
E01018106,113,34
E01018107,64,28
E01018108,69,29
E01018109,61,27
E01018110,98,34
E01018111,98,39
E01018113,49,19
E01018115,44,23
E01018116,23,12
E01018117,18,12
E01018118,21,14
E01018119,42,20
E01018120,37,19
E01018121,93,27
E01018122,86,27
E01018123,105,32
E01018124,91,30
E01018125,60,22
E01018126,114,27
E01018127,89,22
E01018128,71,22
E01018129,94,19
E01018130,109,20
E01018131,33,15
E01018132,30,15
E01018133,35,16
E01018134,38,17
E01018135,74,29
E01018136,120,34
E01018137,109,25
E01018138,23,16
E01018139,34,18
E01018140,32,18
E01018141,28,18
E01018142,27,17
E01018143,27,17
E01018144,31,18
E01018145,30,17
E01018146,40,16
E01018147,37,17
E01018148,16,10
E01018149,27,14
E01018150,24,14
E01018151,20,13
E01018152,55,27
E01018153,59,31
E01018154,46,25
E01018155,46,24
E01018156,114,38
E01018157,96,37
E01018158,95,35
E01018159,102,35
E01018160,104,36
E01018161,58,26
E01018162,63,27
E01018163,61,27
E01018164,58,26
E01018165,55,26
E01018166,58,23
E01018167,56,24
E01018168,51,22
E01018169,50,24
E01018170,56,25
E01018171,51,25
E01018172,60,26
E01018173,67,26
E01018174,67,27
E01018175,65,26
E01018176,66,26
E01018177,64,28
E01018178,60,28
E01018179,62,28
E01018180,63,28
E01018181,57,29
E01018182,54,30
E01018183,47,29
E01018184,51,30
E01018185,57,29
E01018186,52,30
E01018187,53,28
E01018188,43,29
E01018189,46,28
E01018190,49,28
E01018191,50,21
E01018192,87,26
E01018193,47,20
E01018194,65,22
E01018195,49,20
E01018196,107,26
E01018197,120,34
E01018198,120,33
E01018199,120,33
E01018200,79,24
E01018201,54,22
E01018202,91,18
E01018203,95,20
E01018204,117,20
E01018205,29,20
E01018206,54,20
E01018207,104,31
E01018208,88,27
E01018209,72,26
E01018210,67,26
E01018211,94,34
E01018212,58,21
E01018213,71,25
E01018214,62,24
E01018215,66,24
E01018216,53,22
E01018217,59,23
E01018218,71,32
E01018219,59,30
E01018220,69,33
E01018221,59,27
E01018222,61,26
E01018223,70,26
E01018224,48,21
E01018225,49,18
E01018226,80,28
E01018227,81,28
E01018228,90,27
E01018231,75,29
E01018232,64,24
E01018233,80,34
E01018234,72,32
E01018235,77,32
E01018236,76,32
E01018237,57,25
E01018238,57,24
E01018239,52,22
E01018240,44,23
E01018241,58,26
E01018242,46,17
E01018243,34,16
E01018244,43,18
E01018245,70,39
E01018246,73,39
E01018247,109,35
E01018248,52,23
E01018249,55,26
E01018250,54,25
E01018251,66,26
E01018252,68,26
E01018253,41,18
E01018254,36,17
E01018255,108,27
E01018256,81,22
E01018257,56,27
E01018258,63,28
E01018259,53,26
E01018260,51,26
E01018262,63,28
E01018263,40,23
E01018264,47,24
E01018265,47,24
E01018266,65,29
E01018267,58,27
E01018268,77,29
E01018269,58,28
E01018270,48,25
E01018271,45,28
E01018272,58,26
E01018273,57,25
E01018274,56,25
E01018275,88,27
E01018276,60,23
E01018277,102,24
E01018278,70,24
E01018279,38,20
E01018280,36,20
E01018281,39,21
E01018282,40,22
E01018283,39,21
E01018284,69,27
E01018285,71,27
E01018286,34,17
E01018287,30,16
E01018288,36,20
E01018289,45,21
E01018290,104,27
E01018291,41,18
E01018292,22,12
E01018293,28,14
E01018294,28,15
E01018295,31,16
E01018296,70,26
E01018297,63,22
E01018298,57,31
E01018299,51,30
E01018300,60,29
E01018301,46,30
E01018302,58,22
E01018303,54,23
E01018304,71,34
E01018305,65,31
E01018306,68,33
E01018307,73,34
E01018308,84,24
E01018309,19,12
E01018310,15,10
E01018311,17,11
E01018312,15,10
E01018313,22,13
E01018314,20,12
E01018315,20,11
E01018316,23,12
E01018317,23,13
E01018319,27,15
E01018320,32,17
E01018321,33,17
E01018322,38,19
E01018323,42,19
E01018324,47,20
E01018325,39,18
E01018326,21,13
E01018327,19,12
E01018328,17,10
E01018329,19,11
E01018330,21,11
E01018331,22,11
E01018332,35,17
E01018333,32,17
E01018334,40,19
E01018335,60,25
E01018336,45,20
E01018337,37,18
E01018338,47,20
E01018339,72,28
E01018340,34,16
E01018341,39,17
E01018342,33,16
E01018343,26,12
E01018344,28,13
E01018345,29,14
E01018346,30,13
E01018347,30,14
E01018348,39,19
E01018349,66,28
E01018350,66,29
E01018351,40,18
E01018352,38,18
E01018353,40,18
E01018354,45,19
E01018355,94,40
E01018356,99,38
E01018357,111,42
E01018358,42,17
E01018359,45,18
E01018360,27,13
E01018361,25,12
E01018362,22,11
E01018363,17,10
E01018364,28,12
E01018365,27,12
E01018366,25,15
E01018367,41,15
E01018368,52,25
E01018369,69,28
E01018370,57,26
E01018371,66,29
E01018372,82,32
E01018373,95,34
E01018374,10,9
E01018375,14,10
E01018376,18,11
E01018377,12,9
E01018378,23,11
E01018379,20,11
E01018380,27,12
E01018381,35,16
E01018382,31,16
E01018383,35,16
E01018384,37,16
E01018385,52,22
E01018386,61,27
E01018387,68,28
E01018388,63,27
E01018389,57,26
E01018390,62,25
E01018391,58,26
E01018392,62,27
E01018393,94,29
E01018394,85,27
E01018395,64,25
E01018396,60,26
E01018397,60,26
E01018398,56,25
E01018399,49,25
E01018400,49,27
E01018401,41,27
E01018402,52,23
E01018403,50,22
E01018404,46,28
E01018405,40,27
E01018406,68,28
E01018407,47,27
E01018408,69,28
E01018409,64,27
E01018410,67,28
E01018411,86,28
E01018412,96,27
E01018413,58,30
E01018414,52,26
E01018415,52,28
E01018416,55,28
E01018417,65,27
E01018418,67,25
E01018419,32,20
E01018420,42,21
E01018421,38,21
E01018422,34,19
E01018423,30,20
E01018424,39,18
E01018425,33,18
E01018426,29,18
E01018427,27,17
E01018428,92,30
E01018429,83,30
E01018430,60,29
E01018431,65,29
E01018432,41,21
E01018433,43,23
E01018434,41,22
E01018435,38,22
E01018436,35,20
E01018437,37,22
E01018438,39,22
E01018439,44,23
E01018440,29,19
E01018441,26,18
E01018442,30,19
E01018443,43,19
E01018444,81,22
E01018445,34,16
E01018446,37,18
E01018447,32,15
E01018448,37,16
E01018449,95,36
E01018450,95,32
E01018451,35,16
E01018452,47,20
E01018454,37,16
E01018455,35,16
E01018456,35,17
E01018457,40,17
E01018458,99,28
E01018459,18,10
E01018460,19,10
E01018461,19,11
E01018462,23,12
E01018463,30,12
E01018464,34,13
E01018465,59,23
E01018466,20,11
E01018467,22,12
E01018468,45,19
E01018469,47,17
E01018470,51,18
E01018471,48,18
E01018472,14,9
E01018473,16,9
E01018474,14,8
E01018475,16,9
E01018476,21,12
E01018477,29,12
E01018478,24,11
E01018479,19,11
E01018480,63,16
E01018481,120,31
E01018482,19,10
E01018483,19,10
E01018484,15,10
E01018485,17,10
E01018486,29,14
E01018487,28,14
E01018488,36,15
E01018489,33,15
E01018490,29,15
E01018491,29,16
E01018492,33,15
E01018493,50,19
E01018494,48,19
E01018495,53,20
E01018496,30,14
E01018497,29,13
E01018498,23,12
E01018499,30,14
E01018500,30,14
E01018501,36,15
E01018502,38,15
E01018503,54,20
E01018504,43,19
E01018505,37,16
E01018506,44,17
E01018507,43,17
E01018508,38,17
E01018509,38,17
E01018510,29,13
E01018511,25,13
E01018512,24,14
E01018513,31,15
E01018514,89,32
E01018515,96,27
E01018516,78,22
E01018518,53,24
E01018519,42,19
E01018520,42,20
E01018521,39,19
E01018522,42,19
E01018523,43,19
E01018524,44,20
E01018525,42,20
E01018526,27,15
E01018527,28,16
E01018528,46,20
E01018529,47,19
E01018530,55,21
E01018531,44,20
E01018532,45,25
E01018533,47,25
E01018534,49,22
E01018535,50,22
E01018536,51,22
E01018537,51,22
E01018538,38,19
E01018539,38,18
E01018540,33,17
E01018541,42,18
E01018542,47,20
E01018543,43,20
E01018544,47,26
E01018545,50,25
E01018546,44,21
E01018547,46,21
E01018548,50,21
E01018549,42,21
E01018550,41,18
E01018551,38,18
E01018552,46,19
E01018553,38,18
E01018554,23,15
E01018555,26,16
E01018556,40,18
E01018557,40,18
E01018558,32,17
E01018559,33,17
E01018560,48,19
E01018561,40,17
E01018562,25,15
E01018563,50,21
E01018564,49,20
E01018565,36,18
E01018566,37,17
E01018567,33,16
E01018568,23,15
E01018569,38,22
E01018570,37,20
E01018571,35,22
E01018572,49,21
E01018573,43,19
E01018574,37,19
E01018575,32,16
E01018576,37,18
E01018577,36,17
E01018578,32,15
E01018579,29,14
E01018580,66,21
E01018581,34,22
E01018582,62,22
E01018583,56,23
E01018584,60,24
E01018585,37,21
E01018586,37,22
E01018587,34,20
E01018588,54,23
E01018589,57,23
E01018590,64,24
E01018591,39,15
E01018592,57,20
E01018593,51,23
E01018594,56,21
E01018595,49,22
E01018596,57,23
E01018597,76,18
E01018598,98,28
E01018599,120,27
E01018600,51,22
E01018601,50,23
E01018602,50,23
E01018603,53,30
E01018604,53,27
E01018605,58,28
E01018606,51,28
E01018607,59,28
E01018608,55,28
E01018609,62,28
E01018610,56,28
E01018611,71,27
E01018612,59,24
E01018613,57,24
E01018614,14,9
E01018615,16,9
E01018616,9,8
E01018617,18,9
E01018618,20,10
E01018619,22,12
E01018620,19,9
E01018621,15,11
E01018622,11,8
E01018623,19,9
E01018624,15,10
E01018625,18,10
E01018626,22,11
E01018627,18,11
E01018628,30,12
E01018629,24,12
E01018630,29,12
E01018631,31,13
E01018632,20,10
E01018633,28,11
E01018634,32,12
E01018635,19,11
E01018636,29,12
E01018637,30,13
E01018638,25,14
E01018639,21,12
E01018640,24,12
E01018641,26,12
E01018642,25,12
E01018643,28,13
E01018644,24,11
E01018645,23,10
E01018646,25,12
E01018647,18,11
E01018648,99,24
E01018649,84,23
E01018650,75,25
E01018651,59,20
E01018652,60,21
E01018653,60,22
E01018654,71,26
E01018655,36,18
E01018656,39,19
E01018657,32,20
E01018658,34,21
E01018659,40,17
E01018660,43,19
E01018661,42,18
E01018662,31,17
E01018663,33,19
E01018664,41,16
E01018665,30,16
E01018666,39,13
E01018667,50,15
E01018668,49,19
E01018669,38,17
E01018670,52,18
E01018671,74,20
E01018672,73,19
E01018673,73,21
E01018674,72,20
E01018675,72,21
E01018676,62,23
E01018677,75,26
E01018678,63,24
E01018679,66,25
E01018680,56,21
E01018681,58,24
E01018682,64,25
E01018683,66,25
E01018684,73,25
E01018685,30,14
E01018686,27,13
E01018687,38,17
E01018688,30,15
E01018689,31,15
E01018690,40,17
E01018691,62,28
E01018692,88,27
E01018693,60,27
E01018694,61,28
E01018695,40,21
E01018696,36,19
E01018697,39,21
E01018698,78,22
E01018699,67,26
E01018700,74,26
E01018701,71,26
E01018702,74,26
E01018703,71,27
E01018704,73,28
E01018705,68,28
E01018706,69,29
E01018707,92,32
E01018708,54,17
E01018709,72,27
E01018710,68,28
E01018711,63,26
E01018712,73,27
E01018713,72,26
E01018714,71,29
E01018715,72,28
E01018716,74,29
E01018717,70,30
E01018718,86,26
E01018719,81,27
E01018720,84,27
E01018721,61,23
E01018722,114,27
E01018723,65,32
E01018724,68,32
E01018725,106,29
E01018726,87,22
E01018727,70,21
E01018728,86,23
E01018729,86,22
E01018730,35,21
E01018731,41,22
E01018732,35,22
E01018733,48,21
E01018734,47,21
E01018735,49,21
E01018736,42,24
E01018737,50,25
E01018738,39,24
E01018739,31,23
E01018740,28,21
E01018741,31,22
E01018742,29,20
E01018743,59,25
E01018744,47,25
E01018745,40,24
E01018746,43,23
E01018747,43,22
E01018748,45,22
E01018749,50,23
E01018750,93,34
E01018751,90,34
E01018752,95,35
E01018753,104,40
E01018754,89,40
E01018755,85,40
E01018756,88,40
E01018757,93,40
E01018758,91,41
E01018759,102,40
E01018760,116,50
E01018761,113,55
E01018762,120,57
E01018763,68,26
E01018764,93,27
E01018765,108,33
E01018766,107,61
E01018767,90,38
E01018768,90,38
E01018769,90,39
E01018770,83,40
E01018771,84,38
E01018772,85,40
E01018773,105,49
E01018774,98,46
E01018775,95,47
E01018776,100,48
E01018777,120,47
E01018778,106,38
E01018779,119,46
E01018780,81,50
E01018781,82,51
E01018782,120,45
E01018783,120,45
E01018784,120,48
E01018785,87,33
E01018786,60,21
E01018787,69,23
E01018788,61,21
E01018789,58,21
E01018790,58,20
E01018791,57,20
E01018792,62,21
E01018793,55,19
E01018794,62,21
E01018795,68,22
E01018796,65,23
E01018797,55,52
E01018798,58,51
E01018799,60,51
E01018800,64,50
E01018803,53,34
E01018804,59,33
E01018805,58,34
E01018806,54,33
E01018807,25,14
E01018808,23,13
E01018809,20,13
E01018810,17,12
E01018811,59,35
E01018812,55,35
E01018813,62,36
E01018814,54,34
E01018815,42,21
E01018816,55,22
E01018817,41,18
E01018818,32,18
E01018819,18,10
E01018820,23,14
E01018821,39,13
E01018822,17,10
E01018823,27,15
E01018824,34,16
E01018825,39,22
E01018826,26,19
E01018827,78,27
E01018828,64,32
E01018829,57,20
E01018830,46,21
E01018831,63,27
E01018832,60,32
E01018833,51,25
E01018834,50,30
E01018835,45,29
E01018836,46,29
E01018837,50,29
E01018838,59,32
E01018839,61,33
E01018840,55,33
E01018841,60,31
E01018842,48,26
E01018843,55,23
E01018844,49,26
E01018845,60,29
E01018846,63,21
E01018847,59,32
E01018848,50,27
E01018849,84,50
E01018850,93,39
E01018851,37,22
E01018852,39,21
E01018853,32,17
E01018854,31,16
E01018855,11,9
E01018856,14,10
E01018857,19,11
E01018858,25,13
E01018859,58,32
E01018860,60,32
E01018861,54,25
E01018862,49,22
E01018863,77,32
E01018864,62,26
E01018865,56,23
E01018866,53,25
E01018867,54,24
E01018868,45,24
E01018869,53,25
E01018870,52,25
E01018871,43,26
E01018872,60,29
E01018873,53,27
E01018874,53,25
E01018875,48,24
E01018876,72,24
E01018877,52,26
E01018878,43,25
E01018879,98,40
E01018880,91,41
E01018881,109,57
E01018882,66,34
E01018883,73,35
E01018884,70,35
E01018885,56,32
E01018886,61,34
E01018887,54,32
E01018888,57,34
E01018889,55,23
E01018890,57,24
E01018891,68,22
E01018892,69,26
E01018893,53,24
E01018894,57,27
E01018895,46,23
E01018896,52,24
E01018897,54,24
E01018898,52,24
E01018899,53,30
E01018900,77,34
E01018901,51,25
E01018902,111,51
E01018903,85,42
E01018904,91,50
E01018905,71,31
E01018906,49,30
E01018907,51,31
E01018908,43,20
E01018909,35,21
E01018910,45,19
E01018911,36,21
E01018912,31,20
E01018913,34,22
E01018914,41,22
E01018915,43,23
E01018916,51,24
E01018917,50,24
E01018918,35,19
E01018919,35,21
E01018920,102,58
E01018921,61,29
E01018922,70,35
E01018923,120,60
E01018924,103,51
E01018925,110,55
E01018926,120,55
E01018927,99,46
E01018928,98,46
E01018929,98,45
E01018930,101,46
E01018931,102,45
E01018932,101,45
E01018933,97,45
E01018934,102,44
E01018935,102,44
E01018936,120,79
E01018937,120,77
E01018938,120,79
E01018940,107,70
E01018941,110,76
E01018942,120,84
E01018943,120,66
E01018944,106,41
E01018945,110,42
E01018946,110,52
E01018947,116,50
E01018948,116,53
E01018949,119,54
E01018950,107,52
E01018951,120,81
E01018952,120,55
E01018953,120,64
E01018954,120,49
E01018955,104,56
E01018956,101,52
E01018957,106,56
E01018958,106,55
E01018959,120,77
E01018960,120,75
E01018961,120,78
E01018962,115,65
E01018965,120,54
E01018966,116,44
E01018967,102,40
E01018968,119,70
E01018969,120,83
E01018970,92,55
E01018971,84,53
E01018972,84,53
E01018973,92,55
E01018974,120,76
E01018975,34,16
E01018976,14,9
E01018977,12,8
E01018978,54,23
E01018979,59,29
E01018980,56,26
E01018981,47,22
E01018982,42,23
E01018983,43,21
E01018984,46,23
E01018985,44,22
E01018986,47,24
E01018987,39,16
E01018988,25,12
E01018989,25,12
E01018990,30,15
E01018991,37,23
E01018992,44,24
E01018993,29,24
E01018994,12,8
E01018995,5,6
E01018996,14,8
E01018997,12,8
E01018998,9,7
E01018999,9,7
E01019000,15,9
E01019001,12,8
E01019002,26,13
E01019003,19,11
E01019004,19,11
E01019005,58,25
E01019006,30,17
E01019007,47,20
E01019008,48,25
E01019009,42,24
E01019010,50,25
E01019011,48,26
E01019012,49,26
E01019013,69,48
E01019014,67,47
E01019015,61,47
E01019016,73,48
E01019017,70,48
E01019018,78,37
E01019019,73,37
E01019020,73,36
E01019021,71,36
E01019022,78,36
E01019023,68,36
E01019024,66,54
E01019025,77,60
E01019026,55,55
E01019027,76,62
E01019028,80,37
E01019029,78,37
E01019030,84,38
E01019031,76,36
E01019032,59,42
E01019033,50,42
E01019034,53,43
E01019035,63,50
E01019036,103,44
E01019037,72,50
E01019038,83,48
E01019039,120,47
E01019040,79,46
E01019041,45,44
E01019042,55,46
E01019043,51,45
E01019044,62,47
E01019045,61,47
E01019046,52,46
E01019047,45,45
E01019048,81,39
E01019049,73,36
E01019050,75,35
E01019051,76,37
E01019052,90,39
E01019053,86,39
E01019054,81,37
E01019055,83,35
E01019056,64,52
E01019057,65,52
E01019058,63,53
E01019059,63,52
E01019060,105,44
E01019061,71,37
E01019062,69,36
E01019063,56,29
E01019064,72,33
E01019065,59,32
E01019066,72,34
E01019067,81,43
E01019068,68,39
E01019069,72,37
E01019070,71,40
E01019071,76,37
E01019072,65,35
E01019073,63,41
E01019074,83,45
E01019075,88,47
E01019076,86,43
E01019077,120,120
E01019078,90,35
E01019079,93,36
E01019080,88,34
E01019081,77,36
E01019082,64,39
E01019083,109,39
E01019084,111,30
E01019085,102,31
E01019086,106,35
E01019087,86,34
E01019088,81,33
E01019089,81,26
E01019090,115,39
E01019091,114,29
E01019092,116,54
E01019093,117,38
E01019094,90,40
E01019095,79,38
E01019096,77,37
E01019097,77,36
E01019098,95,35
E01019099,66,32
E01019100,47,20
E01019101,54,20
E01019102,94,46
E01019103,93,50
E01019104,106,51
E01019105,93,50
E01019106,106,50
E01019107,81,31
E01019108,58,24
E01019109,60,24
E01019110,61,23
E01019111,52,23
E01019112,51,22
E01019113,55,24
E01019114,71,36
E01019115,73,36
E01019116,56,23
E01019117,59,23
E01019118,57,23
E01019119,56,22
E01019120,58,24
E01019121,58,24
E01019122,66,26
E01019123,80,28
E01019124,78,27
E01019125,83,28
E01019126,76,51
E01019127,74,51
E01019128,81,41
E01019129,72,25
E01019130,57,20
E01019131,120,30
E01019132,89,32
E01019133,88,35
E01019134,47,25
E01019135,49,27
E01019136,45,25
E01019137,44,25
E01019138,28,15
E01019139,27,14
E01019140,28,13
E01019141,24,12
E01019142,28,12
E01019143,27,13
E01019144,48,16
E01019145,48,16
E01019146,23,13
E01019147,19,12
E01019148,21,10
E01019149,21,11
E01019150,19,12
E01019151,20,11
E01019152,15,9
E01019153,16,8
E01019154,12,8
E01019155,9,8
E01019156,22,12
E01019157,21,12
E01019158,22,12
E01019159,25,12
E01019160,24,10
E01019161,25,11
E01019162,21,9
E01019163,14,8
E01019164,27,10
E01019165,29,10
E01019166,24,11
E01019167,21,10
E01019168,17,10
E01019169,16,9
E01019170,17,10
E01019171,19,10
E01019172,25,12
E01019173,28,12
E01019174,26,12
E01019175,24,11
E01019176,41,13
E01019177,30,12
E01019178,47,14
E01019179,44,13
E01019180,41,18
E01019182,35,16
E01019184,35,16
E01019185,36,16
E01019186,33,15
E01019187,35,17
E01019188,30,15
E01019189,33,15
E01019190,27,16
E01019191,23,14
E01019192,23,10
E01019193,18,9
E01019194,20,10
E01019195,21,9
E01019196,33,15
E01019197,38,15
E01019198,39,18
E01019199,38,19
E01019200,58,28
E01019201,51,27
E01019202,53,28
E01019203,63,17
E01019204,14,9
E01019205,12,8
E01019206,23,11
E01019207,12,8
E01019208,30,14
E01019209,29,13
E01019210,31,14
E01019211,26,12
E01019212,76,21
E01019213,50,19
E01019214,37,16
E01019215,17,9
E01019216,23,9
E01019217,27,10
E01019218,28,10
E01019219,89,28
E01019220,33,16
E01019221,37,18
E01019222,36,17
E01019223,38,17
E01019224,65,24
E01019225,109,35
E01019226,65,20
E01019227,40,30
E01019228,61,30
E01019229,120,44
E01019230,24,11
E01019231,26,11
E01019232,20,9
E01019233,26,10
E01019234,28,13
E01019235,30,12
E01019236,28,13
E01019237,29,12
E01019238,43,17
E01019239,115,25
E01019240,64,18
E01019241,31,14
E01019242,25,13
E01019243,23,13
E01019244,22,13
E01019245,39,16
E01019246,33,15
E01019247,36,15
E01019248,32,14
E01019249,48,21
E01019250,54,24
E01019251,42,18
E01019252,23,10
E01019253,25,11
E01019254,25,12
E01019255,26,13
E01019256,41,17
E01019257,37,19
E01019258,61,20
E01019259,90,47
E01019260,26,12
E01019261,39,12
E01019262,33,12
E01019263,18,14
E01019264,17,11
E01019265,16,12
E01019266,22,14
E01019267,18,13
E01019268,71,19
E01019269,43,16
E01019270,35,13
E01019271,27,14
E01019272,33,16
E01019273,20,11
E01019274,24,15
E01019275,28,16
E01019276,92,23
E01019277,25,16
E01019278,29,14
E01019279,83,28
E01019280,19,11
E01019281,20,10
E01019282,19,11
E01019283,120,53
E01019284,10,7
E01019285,7,7
E01019286,13,8
E01019287,16,9
E01019288,22,10
E01019289,68,51
E01019290,64,50
E01019291,26,12
E01019292,28,12
E01019293,106,46
E01019294,16,9
E01019295,19,9
E01019296,17,9
E01019297,47,13
E01019298,69,52
E01019299,67,51
E01019300,43,16
E01019301,28,12
E01019302,38,13
E01019303,59,32
E01019304,87,36
E01019305,79,60
E01019306,91,51
E01019307,83,50
E01019308,112,45
E01019309,104,43
E01019310,120,46
E01019311,84,35
E01019312,94,38
E01019313,109,43
E01019314,120,50
E01019315,80,30
E01019316,100,35
E01019317,82,41
E01019318,72,39
E01019319,102,43
E01019320,120,47
E01019321,100,49
E01019322,87,43
E01019323,120,50
E01019324,120,48
E01019325,64,28
E01019326,71,35
E01019327,58,36
E01019328,66,37
E01019329,69,35
E01019330,58,35
E01019331,64,36
E01019332,61,35
E01019333,51,34
E01019334,57,34
E01019335,54,35
E01019336,53,35
E01019337,82,37
E01019338,120,35
E01019339,104,46
E01019340,120,54
E01019341,55,30
E01019342,49,30
E01019343,59,25
E01019344,120,34
E01019345,72,24
E01019346,59,18
E01019347,56,22
E01019348,50,25
E01019349,93,30
E01019350,120,44
E01019351,67,25
E01019352,41,16
E01019353,64,28
E01019354,54,27
E01019355,65,29
E01019356,120,40
E01019357,53,35
E01019358,35,12
E01019359,32,13
E01019360,22,12
E01019361,22,10
E01019362,19,9
E01019363,21,12
E01019364,20,10
E01019365,25,12
E01019366,24,10
E01019367,13,8
E01019368,14,9
E01019369,24,10
E01019370,28,14
E01019371,34,14
E01019372,37,25
E01019373,76,28
E01019374,74,34
E01019375,76,32
E01019376,96,41
E01019377,47,17
E01019378,29,18
E01019379,104,20
E01019380,77,17
E01019381,78,23
E01019382,46,21
E01019383,39,11
E01019384,82,33
E01019385,45,26
E01019386,72,29
E01019387,63,20
E01019388,39,21
E01019389,38,22
E01019390,36,21
E01019391,43,21
E01019392,32,20
E01019393,38,20
E01019394,78,18
E01019395,53,24
E01019396,62,26
E01019397,74,28
E01019398,52,24
E01019399,59,25
E01019400,47,24
E01019401,51,25
E01019402,54,24
E01019403,51,24
E01019404,53,24
E01019405,88,35
E01019406,100,34
E01019407,48,32
E01019408,55,32
E01019409,60,33
E01019410,54,31
E01019411,57,32
E01019412,57,32
E01019413,60,34
E01019414,68,34
E01019415,54,33
E01019416,60,33
E01019417,53,31
E01019418,58,32
E01019419,55,29
E01019420,79,31
E01019421,81,32
E01019422,81,32
E01019423,83,34
E01019424,83,34
E01019425,59,25
E01019426,53,24
E01019427,55,26
E01019428,74,31
E01019429,77,30
E01019430,78,32
E01019431,65,32
E01019432,77,34
E01019433,69,33
E01019434,63,30
E01019435,63,30
E01019436,67,31
E01019437,71,32
E01019438,62,33
E01019439,63,30
E01019440,63,31
E01019441,61,32
E01019442,69,30
E01019443,64,27
E01019444,64,28
E01019445,68,28
E01019446,56,29
E01019447,57,29
E01019448,62,30
E01019449,54,28
E01019450,55,28
E01019451,62,29
E01019452,62,30
E01019453,55,28
E01019454,67,27
E01019455,65,29
E01019456,65,29
E01019457,72,30
E01019458,62,29
E01019459,66,30
E01019460,65,31
E01019461,62,28
E01019462,67,29
E01019463,65,30
E01019464,57,33
E01019465,62,31
E01019467,58,28
E01019468,65,26
E01019469,65,26
E01019470,63,26
E01019471,59,25
E01019472,63,23
E01019473,68,26
E01019474,67,27
E01019475,67,26
E01019476,65,27
E01019477,77,29
E01019478,69,21
E01019479,64,21
E01019480,54,20
E01019481,53,21
E01019482,55,20
E01019483,36,18
E01019484,59,19
E01019485,42,19
E01019486,46,20
E01019487,42,20
E01019488,31,19
E01019489,34,19
E01019490,40,20
E01019491,60,23
E01019492,56,23
E01019493,64,24
E01019494,63,24
E01019495,51,25
E01019496,44,21
E01019497,43,23
E01019498,44,23
E01019499,44,21
E01019500,41,20
E01019501,41,20
E01019502,51,18
E01019503,43,15
E01019504,46,21
E01019505,49,26
E01019506,56,25
E01019507,48,21
E01019508,55,23
E01019509,61,23
E01019510,51,21
E01019511,55,21
E01019512,50,20
E01019513,40,19
E01019514,39,20
E01019515,42,20
E01019516,42,21
E01019517,46,20
E01019518,49,23
E01019519,44,22
E01019520,56,20
E01019521,52,19
E01019522,50,19
E01019523,40,19
E01019524,43,19
E01019525,43,20
E01019526,53,18
E01019527,46,18
E01019528,53,18
E01019529,54,18
E01019530,29,13
E01019531,32,14
E01019532,32,14
E01019533,33,12
E01019534,26,12
E01019535,20,10
E01019536,35,14
E01019537,36,13
E01019538,27,11
E01019539,30,13
E01019540,32,12
E01019541,42,15
E01019542,38,15
E01019543,44,16
E01019544,43,16
E01019545,30,10
E01019546,30,10
E01019547,24,10
E01019548,35,11
E01019549,31,15
E01019550,37,17
E01019551,38,18
E01019552,35,15
E01019553,37,15
E01019554,30,12
E01019555,33,13
E01019556,30,12
E01019557,39,16
E01019558,39,17
E01019559,40,16
E01019560,35,15
E01019561,36,16
E01019562,33,14
E01019563,53,22
E01019564,52,20
E01019565,50,19
E01019566,44,18
E01019567,38,16
E01019568,40,16
E01019569,31,13
E01019570,36,14
E01019571,39,15
E01019572,47,16
E01019573,42,15
E01019574,43,15
E01019575,32,12
E01019576,34,12
E01019577,37,14
E01019578,36,13
E01019579,25,11
E01019580,31,13
E01019581,31,12
E01019582,18,9
E01019583,29,11
E01019585,13,8
E01019586,36,14
E01019587,37,15
E01019588,38,15
E01019589,37,14
E01019590,37,14
E01019591,37,14
E01019592,33,15
E01019593,39,16
E01019594,81,34
E01019595,82,35
E01019596,71,32
E01019597,68,31
E01019598,72,32
E01019599,75,35
E01019600,78,34
E01019601,70,35
E01019602,54,34
E01019603,68,26
E01019604,54,30
E01019605,108,42
E01019606,61,27
E01019607,83,32
E01019608,76,31
E01019609,74,29
E01019610,80,31
E01019611,118,46
E01019612,50,29
E01019613,98,47
E01019614,42,28
E01019615,50,32
E01019616,107,37
E01019617,107,41
E01019618,100,37
E01019619,81,33
E01019620,95,34
E01019621,58,24
E01019622,67,26
E01019623,61,26
E01019624,68,27
E01019625,61,26
E01019626,65,27
E01019627,81,27
E01019628,59,26
E01019629,102,33
E01019630,90,34
E01019631,75,40
E01019632,100,35
E01019633,91,38
E01019634,93,36
E01019635,90,38
E01019636,87,37
E01019638,65,29
E01019639,60,29
E01019640,67,30
E01019641,52,29
E01019642,52,30
E01019643,51,30
E01019644,58,28
E01019645,57,28
E01019646,59,29
E01019647,40,25
E01019648,46,27
E01019649,43,26
E01019650,51,27
E01019651,47,27
E01019652,44,27
E01019653,49,28
E01019654,55,30
E01019655,55,31
E01019656,49,27
E01019657,43,23
E01019658,41,24
E01019659,43,24
E01019660,50,25
E01019661,54,27
E01019662,54,26
E01019663,60,30
E01019664,62,30
E01019665,61,29
E01019666,48,27
E01019667,49,28
E01019668,49,27
E01019669,51,28
E01019670,48,24
E01019671,49,24
E01019672,49,26
E01019673,48,26
E01019674,47,25
E01019675,43,24
E01019676,41,25
E01019677,44,26
E01019678,51,26
E01019679,38,24
E01019680,36,22
E01019681,45,23
E01019682,40,23
E01019683,55,27
E01019684,48,29
E01019685,49,28
E01019686,61,28
E01019687,53,28
E01019688,42,23
E01019689,49,25
E01019690,44,24
E01019691,39,26
E01019692,40,26
E01019693,36,25
E01019694,48,26
E01019695,44,25
E01019696,40,25
E01019697,52,29
E01019698,45,27
E01019699,54,29
E01019700,46,28
E01019701,64,32
E01019702,61,32
E01019703,62,32
E01019704,57,30
E01019705,47,27
E01019706,53,28
E01019707,57,29
E01019708,52,29
E01019709,45,27
E01019710,67,38
E01019711,47,32
E01019712,48,34
E01019713,58,33
E01019714,58,35
E01019715,57,35
E01019716,60,36
E01019717,58,36
E01019718,63,34
E01019719,60,35
E01019720,56,34
E01019721,58,35
E01019722,66,37
E01019723,61,35
E01019724,63,36
E01019725,75,38
E01019726,79,37
E01019727,61,27
E01019728,48,25
E01019729,49,25
E01019730,51,23
E01019731,45,23
E01019732,49,24
E01019733,53,23
E01019734,59,34
E01019735,42,25
E01019736,65,38
E01019737,51,33
E01019738,53,27
E01019739,53,28
E01019740,57,28
E01019741,59,36
E01019742,89,42
E01019743,53,28
E01019744,51,28
E01019745,48,27
E01019746,50,27
E01019747,51,26
E01019748,40,26
E01019749,60,31
E01019750,63,29
E01019751,58,30
E01019752,60,24
E01019753,65,25
E01019754,48,26
E01019755,63,30
E01019756,58,27
E01019757,53,26
E01019758,58,27
E01019759,74,40
E01019760,68,39
E01019761,73,40
E01019762,58,35
E01019763,57,23
E01019764,52,28
E01019765,45,27
E01019766,43,27
E01019767,48,27
E01019768,60,29
E01019769,64,22
E01019770,55,23
E01019771,44,18
E01019772,47,18
E01019773,50,21
E01019774,53,20
E01019775,52,21
E01019776,51,22
E01019777,58,23
E01019778,56,23
E01019779,52,23
E01019780,45,22
E01019781,47,22
E01019782,46,23
E01019783,49,23
E01019784,50,22
E01019785,52,22
E01019786,43,21
E01019787,59,23
E01019788,62,24
E01019790,68,25
E01019791,64,26
E01019792,63,24
E01019793,51,23
E01019794,60,24
E01019795,58,23
E01019796,41,14
E01019797,40,14
E01019798,40,13
E01019799,39,18
E01019800,40,18
E01019801,65,26
E01019802,58,27
E01019803,57,26
E01019804,69,28
E01019805,74,26
E01019806,57,28
E01019807,67,26
E01019808,44,17
E01019809,45,18
E01019810,49,18
E01019811,49,19
E01019812,57,21
E01019813,59,23
E01019814,68,24
E01019815,64,23
E01019816,61,25
E01019817,63,25
E01019818,54,27
E01019819,68,29
E01019820,61,25
E01019821,18,8
E01019822,25,13
E01019823,17,8
E01019824,43,18
E01019825,47,17
E01019826,46,18
E01019827,50,19
E01019828,46,17
E01019829,45,17
E01019830,47,18
E01019831,39,16
E01019832,54,28
E01019833,73,29
E01019834,66,26
E01019835,56,25
E01019837,51,24
E01019838,49,23
E01019839,34,15
E01019840,35,18
E01019841,55,19
E01019842,75,26
E01019843,87,30
E01019844,62,23
E01019845,26,17
E01019846,29,17
E01019847,38,19
E01019848,40,20
E01019850,56,23
E01019851,48,24
E01019852,47,22
E01019853,83,31
E01019854,79,32
E01019855,78,31
E01019856,48,22
E01019857,51,21
E01019858,54,22
E01019859,55,22
E01019860,47,20
E01019861,46,20
E01019862,43,19
E01019863,48,22
E01019864,49,22
E01019865,53,23
E01019866,63,23
E01019867,50,19
E01019868,62,25
E01019869,43,23
E01019870,77,28
E01019871,59,23
E01019872,69,25
E01019873,40,17
E01019874,40,17
E01019875,36,16
E01019876,50,23
E01019877,52,23
E01019878,55,23
E01019879,53,22
E01019880,38,20
E01019881,34,17
E01019882,36,19
E01019883,68,25
E01019885,67,25
E01019886,84,47
E01019887,62,45
E01019888,59,45
E01019889,63,44
E01019890,108,53
E01019891,79,25
E01019892,50,20
E01019893,43,20
E01019894,80,39
E01019895,77,37
E01019896,74,37
E01019897,81,38
E01019898,35,19
E01019899,81,47
E01019900,81,48
E01019901,114,37
E01019902,82,40
E01019903,65,19
E01019904,61,31
E01019905,65,30
E01019906,59,30
E01019907,61,32
E01019908,60,30
E01019909,50,29
E01019910,54,30
E01019911,49,29
E01019912,60,31
E01019913,67,33
E01019914,71,34
E01019915,65,33
E01019916,54,31
E01019917,54,30
E01019918,60,32
E01019919,54,30
E01019920,69,32
E01019921,65,31
E01019922,62,31
E01019923,63,31
E01019924,63,32
E01019925,58,28
E01019927,65,30
E01019928,73,29
E01019929,72,31
E01019930,78,29
E01019931,82,31
E01019932,68,30
E01019933,71,29
E01019934,66,30
E01019935,106,40
E01019936,82,46
E01019937,44,29
E01019938,120,37
E01019939,56,26
E01019940,70,30
E01019942,56,28
E01019943,63,29
E01019944,56,28
E01019945,73,31
E01019946,78,53
E01019947,69,53
E01019948,67,51
E01019949,69,51
E01019950,70,53
E01019951,63,40
E01019952,52,39
E01019953,52,38
E01019954,50,36
E01019955,53,38
E01019956,55,39
E01019957,60,39
E01019958,53,37
E01019959,110,34
E01019960,120,35
E01019961,91,49
E01019962,57,27
E01019963,51,25
E01019964,43,24
E01019965,50,26
E01019966,88,50
E01019967,120,44
E01019968,46,19
E01019969,45,19
E01019970,46,18
E01019971,33,14
E01019972,38,15
E01019973,40,16
E01019974,37,16
E01019975,34,15
E01019976,38,17
E01019977,36,16
E01019980,42,15
E01019981,35,15
E01019982,42,15
E01019983,39,14
E01019984,39,16
E01019985,32,14
E01019986,16,9
E01019987,11,8
E01019988,12,8
E01019989,13,8
E01019990,36,13
E01019991,33,12
E01019992,32,11
E01019993,39,13
E01019994,22,9
E01019995,18,9
E01019996,17,9
E01019997,27,10
E01019998,35,12
E01019999,31,11
E01020000,31,11
E01020001,37,13
E01020002,38,13
E01020003,43,15
E01020004,40,14
E01020005,34,11
E01020006,26,10
E01020007,27,9
E01020008,22,9
E01020009,17,8
E01020010,16,9
E01020011,25,13
E01020012,28,14
E01020013,11,8
E01020014,15,8
E01020015,17,9
E01020016,25,11
E01020017,29,12
E01020018,27,12
E01020019,29,11
E01020020,24,10
E01020021,27,11
E01020022,23,10
E01020023,19,9
E01020024,16,9
E01020025,21,10
E01020026,21,11
E01020027,19,9
E01020029,29,13
E01020030,31,13
E01020031,34,15
E01020032,36,15
E01020033,32,16
E01020035,28,13
E01020036,23,10
E01020037,31,11
E01020038,25,11
E01020039,27,11
E01020040,22,9
E01020041,58,27
E01020042,63,28
E01020043,58,31
E01020044,69,27
E01020045,67,29
E01020046,120,35
E01020047,86,34
E01020048,67,33
E01020049,120,42
E01020050,101,48
E01020051,83,35
E01020052,68,34
E01020053,78,34
E01020054,69,27
E01020055,63,27
E01020056,97,32
E01020057,64,27
E01020058,60,28
E01020059,93,32
E01020060,59,28
E01020061,62,29
E01020062,70,31
E01020063,63,31
E01020064,67,31
E01020065,75,33
E01020066,89,34
E01020067,78,32
E01020068,77,23
E01020069,89,34
E01020070,101,46
E01020071,66,25
E01020072,107,48
E01020073,88,50
E01020074,73,33
E01020075,80,30
E01020076,100,44
E01020077,117,39
E01020078,66,34
E01020079,70,35
E01020080,81,35
E01020081,69,36
E01020082,71,33
E01020083,69,35
E01020084,36,16
E01020085,37,17
E01020086,37,16
E01020087,110,37
E01020088,67,22
E01020089,43,19
E01020090,49,21
E01020091,49,22
E01020092,45,20
E01020093,43,20
E01020094,17,11
E01020095,20,11
E01020096,22,12
E01020097,105,32
E01020098,113,47
E01020099,62,30
E01020100,64,33
E01020101,62,29
E01020102,37,16
E01020103,31,13
E01020104,35,14
E01020105,44,20
E01020106,48,22
E01020107,44,19
E01020108,65,31
E01020109,66,27
E01020110,35,16
E01020111,44,31
E01020112,45,32
E01020113,47,32
E01020114,44,31
E01020115,47,30
E01020116,47,31
E01020117,60,32
E01020118,53,32
E01020119,58,25
E01020120,41,17
E01020121,52,19
E01020122,67,19
E01020123,34,15
E01020124,27,13
E01020125,32,15
E01020126,64,46
E01020127,42,17
E01020128,33,14
E01020129,33,14
E01020130,27,13
E01020131,103,33
E01020132,17,9
E01020133,11,8
E01020134,14,9
E01020135,59,30
E01020136,59,30
E01020137,57,29
E01020138,96,47
E01020139,18,10
E01020140,27,12
E01020141,22,11
E01020142,112,44
E01020143,92,33
E01020144,22,12
E01020145,33,18
E01020146,22,12
E01020147,112,39
E01020148,72,27
E01020149,73,22
E01020150,69,31
E01020151,99,51
E01020152,91,52
E01020153,76,35
E01020154,94,50
E01020155,94,49
E01020156,105,24
E01020157,105,32
E01020158,90,31
E01020159,113,27
E01020160,70,28
E01020161,57,22
E01020162,61,24
E01020163,60,23
E01020164,59,24
E01020165,67,22
E01020166,61,22
E01020167,65,23
E01020168,113,52
E01020169,105,51
E01020170,26,14
E01020171,84,32
E01020172,120,57
E01020173,120,59
E01020174,120,61
E01020175,120,52
E01020176,74,27
E01020177,72,27
E01020178,120,60
E01020179,117,50
E01020180,59,26
E01020181,63,25
E01020182,67,29
E01020183,56,26
E01020184,59,26
E01020185,75,29
E01020186,84,30
E01020187,63,23
E01020188,114,41
E01020189,111,51
E01020190,68,24
E01020191,63,21
E01020192,62,17
E01020193,87,25
E01020194,53,20
E01020195,70,31
E01020196,66,31
E01020197,80,32
E01020198,83,32
E01020199,77,31
E01020200,69,22
E01020201,50,21
E01020202,65,29
E01020203,65,28
E01020204,61,27
E01020205,101,33
E01020206,62,28
E01020207,59,24
E01020208,51,22
E01020209,55,23
E01020210,52,22
E01020211,37,16
E01020212,39,16
E01020213,39,16
E01020214,33,16
E01020215,34,17
E01020216,46,22
E01020217,34,18
E01020218,37,19
E01020219,44,21
E01020220,47,27
E01020221,47,26
E01020222,50,26
E01020223,73,26
E01020224,37,17
E01020225,41,19
E01020226,45,19
E01020227,36,16
E01020228,52,33
E01020229,60,35
E01020230,58,32
E01020231,60,35
E01020232,59,34
E01020233,62,31
E01020234,62,31
E01020235,61,32
E01020236,58,27
E01020237,91,32
E01020238,72,20
E01020239,74,19
E01020240,32,19
E01020241,39,20
E01020242,30,18
E01020243,58,22
E01020244,47,30
E01020245,57,27
E01020246,56,16
E01020247,23,13
E01020248,28,12
E01020249,25,13
E01020250,51,18
E01020251,53,19
E01020252,50,18
E01020253,53,19
E01020254,52,19
E01020255,49,19
E01020256,68,21
E01020257,56,19
E01020258,82,45
E01020259,120,44
E01020260,50,24
E01020261,54,20
E01020262,55,21
E01020263,53,27
E01020264,49,27
E01020265,66,27
E01020266,57,27
E01020267,53,28
E01020268,61,29
E01020269,48,27
E01020270,64,26
E01020271,52,25
E01020272,55,25
E01020273,73,35
E01020274,82,32
E01020275,85,31
E01020276,77,29
E01020277,62,28
E01020278,69,31
E01020279,63,28
E01020280,56,28
E01020281,68,30
E01020282,54,27
E01020283,75,31
E01020284,61,29
E01020285,69,30
E01020286,120,63
E01020287,110,50
E01020288,105,46
E01020289,120,65
E01020290,119,64
E01020291,120,58
E01020292,120,55
E01020293,112,71
E01020294,108,74
E01020295,88,35
E01020296,74,36
E01020297,68,28
E01020298,66,27
E01020299,74,29
E01020300,55,27
E01020301,100,55
E01020302,120,79
E01020303,108,46
E01020304,71,38
E01020305,69,38
E01020306,69,38
E01020307,68,38
E01020308,120,33
E01020309,100,49
E01020310,81,30
E01020311,105,52
E01020312,79,31
E01020313,77,30
E01020314,118,50
E01020315,38,22
E01020316,39,21
E01020317,93,23
E01020318,95,43
E01020319,97,38
E01020320,115,52
E01020321,119,57
E01020322,114,51
E01020323,102,42
E01020324,83,41
E01020325,120,50
E01020326,99,49
E01020327,90,40
E01020328,92,40
E01020329,99,40
E01020330,93,41
E01020331,110,38
E01020332,52,32
E01020333,58,33
E01020334,53,32
E01020335,56,32
E01020336,55,30
E01020337,63,34
E01020338,46,30
E01020339,87,41
E01020340,120,53
E01020341,52,25
E01020342,39,24
E01020343,52,19
E01020344,56,20
E01020345,59,20
E01020346,42,20
E01020347,47,21
E01020348,46,20
E01020349,56,25
E01020350,57,24
E01020351,23,14
E01020352,30,15
E01020353,27,15
E01020354,46,21
E01020355,52,22
E01020356,47,22
E01020357,48,25
E01020358,51,24
E01020359,28,16
E01020360,29,15
E01020361,25,13
E01020362,43,20
E01020363,43,19
E01020364,38,19
E01020365,37,13
E01020366,27,13
E01020367,33,16
E01020368,33,16
E01020369,54,23
E01020370,53,22
E01020371,53,24
E01020372,55,22
E01020373,120,32
E01020374,120,31
E01020375,56,28
E01020376,56,28
E01020377,69,26
E01020378,70,26
E01020379,69,26
E01020380,60,24
E01020381,64,25
E01020382,47,20
E01020383,42,19
E01020384,43,21
E01020385,48,20
E01020386,49,21
E01020387,42,17
E01020388,42,18
E01020389,120,36
E01020390,45,27
E01020391,48,28
E01020392,41,26
E01020393,54,28
E01020394,49,27
E01020395,41,24
E01020396,120,39
E01020397,66,32
E01020398,120,33
E01020399,38,24
E01020400,52,20
E01020401,49,23
E01020402,46,23
E01020403,52,24
E01020404,46,24
E01020405,65,25
E01020406,55,25
E01020407,74,25
E01020408,61,26
E01020409,35,20
E01020410,71,25
E01020411,57,29
E01020412,50,29
E01020413,56,32
E01020414,54,31
E01020415,58,32
E01020416,51,31
E01020417,46,30
E01020418,49,29
E01020419,47,29
E01020420,51,30
E01020421,54,30
E01020422,51,29
E01020423,52,29
E01020424,53,28
E01020425,49,27
E01020426,52,23
E01020427,54,23
E01020428,52,24
E01020429,47,22
E01020430,44,25
E01020431,111,32
E01020432,61,26
E01020433,90,36
E01020434,58,35
E01020435,69,37
E01020436,69,36
E01020437,65,36
E01020438,57,35
E01020439,62,35
E01020440,120,39
E01020441,114,42
E01020442,89,41
E01020443,70,44
E01020444,85,43
E01020445,91,47
E01020446,95,48
E01020447,81,43
E01020448,113,39
E01020449,75,44
E01020450,89,44
E01020452,62,34
E01020453,47,30
E01020454,77,53
E01020455,79,54
E01020456,89,52
E01020457,77,54
E01020458,86,46
E01020459,82,47
E01020460,100,54
E01020462,106,48
E01020463,82,41
E01020464,82,42
E01020465,67,23
E01020466,53,38
E01020467,65,30
E01020468,66,43
E01020469,57,20
E01020470,44,19
E01020471,31,15
E01020472,30,15
E01020473,32,14
E01020474,34,16
E01020475,32,16
E01020476,58,20
E01020477,47,20
E01020478,60,46
E01020479,57,47
E01020480,62,47
E01020481,60,48
E01020482,57,47
E01020483,60,45
E01020484,60,46
E01020485,34,24
E01020486,38,24
E01020487,41,23
E01020488,37,23
E01020489,99,36
E01020490,54,26
E01020491,45,35
E01020492,40,36
E01020493,120,32
E01020494,90,33
E01020495,80,39
E01020496,81,38
E01020497,50,18
E01020498,49,28
E01020499,51,32
E01020500,44,30
E01020501,49,28
E01020502,48,30
E01020503,42,29
E01020504,67,30
E01020505,35,16
E01020506,120,39
E01020507,82,29
E01020508,100,25
E01020509,45,19
E01020510,32,13
E01020511,73,42
E01020512,74,24
E01020513,64,23
E01020514,69,23
E01020515,60,23
E01020516,53,23
E01020517,71,33
E01020518,20,9
E01020519,21,9
E01020520,25,10
E01020523,17,8
E01020524,18,9
E01020525,21,9
E01020526,14,8
E01020527,8,7
E01020528,12,8
E01020529,57,20
E01020530,120,25
E01020531,68,28
E01020532,77,46
E01020533,77,45
E01020534,65,26
E01020535,99,42
E01020536,90,34
E01020537,61,22
E01020538,51,22
E01020539,119,27
E01020540,53,19
E01020541,75,21
E01020542,33,19
E01020543,26,18
E01020544,27,18
E01020546,31,17
E01020547,30,18
E01020549,25,14
E01020550,44,20
E01020551,32,16
E01020552,33,16
E01020553,31,20
E01020554,29,21
E01020555,27,20
E01020556,34,19
E01020557,42,19
E01020558,47,19
E01020559,40,18
E01020560,38,19
E01020561,34,18
E01020562,66,33
E01020563,69,33
E01020564,71,35
E01020565,70,35
E01020566,75,36
E01020569,63,31
E01020570,24,15
E01020571,24,16
E01020572,37,21
E01020573,35,21
E01020574,40,20
E01020575,49,21
E01020576,57,20
E01020577,45,22
E01020578,49,22
E01020579,32,18
E01020580,34,18
E01020581,42,22
E01020582,39,22
E01020583,46,23
E01020584,41,22
E01020585,52,25
E01020586,47,25
E01020587,50,25
E01020588,47,24
E01020589,45,24
E01020590,32,21
E01020591,30,21
E01020592,32,17
E01020593,28,16
E01020594,23,15
E01020595,26,16
E01020596,35,18
E01020597,37,19
E01020598,28,17
E01020599,28,17
E01020600,33,17
E01020601,32,18
E01020602,31,18
E01020603,29,16
E01020604,26,16
E01020605,25,16
E01020606,42,22
E01020607,22,13
E01020608,34,20
E01020609,37,19
E01020610,37,20
E01020611,36,18
E01020612,32,18
E01020613,34,17
E01020614,33,18
E01020615,35,19
E01020616,39,20
E01020617,41,22
E01020618,42,20
E01020619,17,14
E01020620,19,15
E01020621,19,14
E01020622,41,21
E01020623,42,18
E01020624,43,25
E01020625,47,25
E01020626,47,26
E01020627,66,30
E01020628,68,31
E01020629,63,30
E01020630,67,31
E01020631,63,30
E01020632,56,29
E01020633,47,21
E01020634,53,27
E01020635,53,25
E01020636,55,28
E01020637,80,31
E01020638,48,27
E01020639,49,27
E01020640,48,28
E01020641,45,27
E01020642,44,27
E01020643,49,28
E01020644,65,30
E01020645,72,31
E01020646,51,25
E01020647,35,25
E01020648,33,24
E01020649,30,22
E01020650,46,28
E01020651,40,27
E01020652,43,28
E01020653,53,29
E01020654,54,28
E01020655,60,31
E01020656,64,32
E01020657,63,30
E01020658,28,15
E01020659,29,15
E01020660,31,17
E01020661,41,26
E01020662,47,25
E01020663,49,25
E01020664,37,20
E01020665,28,18
E01020666,32,20
E01020667,47,26
E01020668,38,25
E01020669,41,26
E01020670,37,26
E01020671,36,26
E01020672,39,26
E01020673,35,25
E01020674,47,26
E01020675,39,26
E01020676,52,26
E01020677,51,27
E01020678,48,28
E01020679,21,15
E01020680,21,13
E01020681,22,13
E01020682,36,18
E01020683,36,17
E01020684,32,16
E01020685,35,18
E01020686,36,18
E01020687,41,20
E01020688,39,18
E01020689,35,17
E01020690,35,18
E01020691,35,17
E01020692,33,15
E01020693,29,14
E01020694,35,20
E01020695,41,22
E01020696,37,19
E01020697,35,20
E01020698,42,25
E01020699,47,26
E01020700,52,27
E01020701,42,24
E01020702,11,9
E01020703,16,11
E01020704,18,11
E01020705,40,23
E01020706,42,23
E01020708,12,9
E01020709,20,12
E01020710,15,10
E01020711,13,10
E01020712,21,11
E01020713,24,13
E01020714,34,16
E01020715,37,17
E01020716,28,17
E01020717,20,12
E01020718,19,11
E01020719,20,12
E01020720,17,11
E01020721,20,13
E01020722,29,14
E01020723,25,13
E01020724,28,14
E01020725,46,21
E01020726,41,20
E01020727,41,21
E01020729,40,23
E01020730,35,19
E01020731,34,18
E01020732,35,18
E01020733,40,21
E01020734,42,20
E01020735,40,21
E01020736,19,15
E01020737,24,18
E01020738,21,16
E01020739,22,17
E01020740,50,23
E01020741,47,23
E01020742,46,23
E01020743,56,25
E01020744,27,22
E01020745,29,22
E01020746,30,23
E01020747,43,22
E01020748,42,21
E01020749,46,23
E01020750,44,22
E01020751,45,23
E01020752,41,24
E01020753,47,24
E01020754,45,23
E01020756,44,21
E01020757,37,22
E01020758,36,23
E01020759,38,22
E01020760,48,23
E01020761,50,23
E01020762,47,22
E01020763,46,26
E01020764,31,22
E01020765,40,24
E01020766,30,22
E01020767,28,21
E01020768,27,22
E01020769,42,20
E01020770,39,21
E01020771,42,20
E01020772,36,18
E01020773,52,24
E01020775,57,24
E01020776,57,25
E01020777,35,20
E01020778,38,21
E01020779,41,19
E01020780,36,21
E01020781,45,21
E01020782,39,21
E01020783,47,21
E01020784,41,21
E01020786,44,21
E01020787,42,22
E01020788,39,22
E01020789,41,23
E01020790,40,22
E01020791,43,24
E01020792,28,23
E01020793,35,20
E01020794,36,19
E01020795,30,20
E01020796,47,27
E01020797,52,25
E01020798,52,24
E01020799,47,23
E01020801,43,25
E01020802,40,25
E01020803,51,25
E01020805,53,26
E01020806,47,23
E01020807,46,22
E01020808,46,23
E01020809,37,28
E01020810,37,25
E01020811,34,24
E01020812,35,27
E01020813,51,26
E01020814,47,25
E01020815,51,26
E01020816,49,25
E01020817,40,22
E01020818,34,20
E01020819,37,21
E01020820,39,21
E01020821,55,27
E01020822,53,25
E01020823,41,25
E01020824,44,22
E01020825,44,22
E01020826,39,20
E01020827,32,26
E01020828,47,20
E01020829,29,20
E01020830,27,19
E01020831,48,22
E01020832,48,23
E01020833,50,22
E01020834,48,23
E01020835,39,23
E01020836,38,23
E01020837,46,24
E01020838,46,27
E01020839,40,27
E01020840,35,25
E01020841,38,27
E01020842,39,20
E01020843,32,19
E01020844,44,24
E01020845,42,23
E01020846,50,23
E01020847,47,24
E01020848,50,26
E01020849,48,25
E01020850,55,26
E01020851,51,27
E01020852,67,45
E01020853,65,45
E01020854,70,45
E01020855,68,46
E01020856,39,38
E01020857,102,51
E01020858,84,33
E01020859,81,32
E01020860,46,34
E01020861,63,35
E01020862,46,29
E01020863,118,41
E01020864,81,44
E01020865,109,61
E01020866,117,66
E01020867,61,37
E01020868,51,31
E01020869,58,33
E01020870,63,33
E01020871,51,31
E01020872,55,32
E01020873,67,29
E01020874,62,29
E01020875,60,28
E01020876,64,33
E01020877,55,32
E01020878,61,34
E01020879,66,35
E01020880,56,29
E01020881,49,29
E01020882,72,34
E01020883,67,32
E01020884,53,31
E01020885,53,31
E01020886,53,32
E01020887,73,35
E01020888,68,34
E01020889,120,59
E01020890,101,48
E01020891,113,46
E01020892,84,33
E01020893,74,31
E01020894,85,34
E01020895,65,30
E01020896,70,30
E01020897,64,31
E01020898,55,33
E01020899,50,32
E01020900,43,26
E01020901,44,27
E01020902,53,29
E01020903,53,26
E01020904,46,28
E01020905,82,40
E01020906,85,40
E01020907,57,30
E01020908,61,31
E01020909,57,30
E01020910,31,12
E01020911,25,11
E01020912,28,11
E01020913,35,13
E01020914,27,11
E01020915,33,12
E01020916,26,11
E01020917,22,12
E01020918,29,12
E01020919,28,11
E01020920,30,11
E01020921,23,10
E01020922,26,10
E01020923,23,12
E01020924,33,14
E01020925,33,14
E01020926,36,14
E01020927,36,14
E01020928,31,13
E01020929,35,14
E01020930,40,14
E01020931,36,14
E01020932,30,13
E01020933,43,15
E01020934,39,14
E01020935,21,12
E01020936,25,12
E01020937,29,13
E01020938,24,10
E01020939,21,10
E01020940,19,9
E01020941,22,10
E01020942,25,11
E01020943,22,10
E01020944,28,11
E01020945,15,8
E01020946,24,10
E01020947,21,9
E01020948,11,8
E01020949,21,11
E01020950,20,9
E01020951,38,14
E01020952,34,12
E01020953,34,13
E01020954,29,11
E01020955,41,14
E01020956,44,15
E01020957,44,15
E01020959,42,15
E01020960,46,17
E01020961,42,15
E01020962,42,15
E01020963,17,9
E01020964,21,10
E01020965,18,10
E01020966,19,10
E01020967,20,10
E01020968,20,11
E01020969,19,10
E01020970,21,12
E01020971,17,9
E01020972,19,12
E01020973,23,12
E01020974,18,11
E01020975,22,13
E01020976,27,14
E01020977,24,13
E01020978,24,14
E01020979,28,14
E01020980,25,14
E01020981,25,14
E01020982,25,14
E01020983,29,14
E01020984,29,14
E01020985,33,15
E01020986,10,8
E01020987,14,9
E01020988,16,9
E01020989,28,13
E01020990,25,12
E01020991,26,13
E01020992,28,13
E01020993,20,12
E01020994,23,12
E01020995,23,13
E01020996,27,15
E01020997,36,15
E01020998,29,15
E01020999,30,14
E01021000,27,13
E01021001,22,12
E01021002,29,14
E01021003,31,15
E01021004,23,12
E01021005,25,13
E01021006,24,13
E01021007,19,11
E01021008,19,11
E01021009,20,11
E01021010,20,11
E01021011,20,12
E01021012,23,12
E01021013,20,11
E01021014,24,14
E01021015,22,13
E01021016,42,16
E01021017,46,17
E01021018,40,15
E01021019,23,12
E01021020,25,13
E01021021,27,13
E01021022,70,28
E01021023,21,12
E01021024,58,20
E01021025,35,16
E01021026,52,18
E01021027,32,17
E01021028,31,19
E01021029,29,18
E01021030,26,15
E01021031,26,17
E01021032,61,25
E01021033,58,28
E01021034,60,30
E01021035,47,27
E01021036,48,27
E01021037,51,28
E01021038,47,27
E01021039,44,26
E01021040,45,25
E01021041,49,25
E01021042,43,26
E01021043,44,26
E01021044,43,26
E01021045,44,26
E01021046,55,29
E01021047,48,28
E01021048,36,25
E01021049,37,25
E01021050,41,26
E01021051,40,26
E01021052,30,19
E01021053,33,19
E01021054,80,34
E01021055,80,33
E01021056,75,33
E01021057,54,29
E01021058,32,20
E01021059,31,21
E01021060,34,22
E01021061,34,20
E01021062,37,21
E01021063,34,21
E01021064,28,18
E01021065,30,19
E01021066,34,20
E01021067,27,19
E01021068,68,21
E01021069,53,31
E01021070,48,30
E01021071,48,30
E01021072,51,28
E01021073,52,29
E01021074,49,28
E01021075,59,32
E01021076,55,31
E01021077,56,31
E01021078,52,29
E01021079,49,30
E01021080,51,29
E01021081,57,31
E01021082,57,31
E01021083,63,32
E01021084,24,18
E01021085,29,18
E01021086,30,20
E01021087,37,15
E01021088,29,20
E01021089,22,12
E01021090,45,20
E01021091,48,20
E01021092,45,20
E01021093,57,21
E01021094,52,21
E01021095,58,23
E01021096,65,24
E01021097,54,16
E01021098,85,31
E01021099,104,34
E01021100,58,21
E01021101,48,23
E01021102,77,34
E01021103,76,38
E01021104,47,21
E01021105,37,14
E01021106,62,23
E01021107,57,22
E01021108,50,21
E01021109,41,15
E01021110,47,19
E01021111,46,20
E01021112,44,20
E01021113,39,19
E01021114,40,29
E01021115,40,27
E01021116,59,33
E01021117,61,31
E01021118,58,30
E01021119,64,32
E01021120,57,22
E01021121,50,21
E01021122,48,21
E01021123,71,25
E01021124,61,24
E01021125,51,24
E01021126,50,20
E01021127,55,20
E01021128,49,20
E01021129,49,21
E01021130,43,21
E01021131,40,20
E01021132,56,21
E01021133,52,22
E01021134,55,25
E01021135,38,20
E01021136,39,21
E01021137,41,21
E01021138,45,22
E01021139,64,27
E01021140,67,26
E01021141,70,31
E01021142,88,27
E01021143,64,24
E01021144,78,31
E01021145,96,32
E01021146,41,26
E01021147,91,28
E01021148,80,30
E01021149,86,34
E01021150,82,31
E01021151,68,32
E01021152,67,32
E01021153,66,30
E01021154,71,31
E01021155,72,31
E01021156,57,30
E01021157,55,29
E01021158,61,29
E01021159,64,32
E01021160,57,30
E01021161,59,31
E01021162,63,32
E01021163,52,26
E01021164,60,24
E01021165,62,28
E01021166,49,19
E01021167,61,32
E01021168,72,31
E01021169,68,33
E01021170,91,34
E01021171,48,22
E01021172,55,28
E01021173,89,30
E01021174,51,24
E01021175,50,22
E01021176,44,22
E01021177,37,21
E01021178,47,22
E01021179,42,22
E01021180,36,19
E01021181,48,19
E01021182,40,21
E01021183,41,21
E01021184,36,20
E01021185,42,21
E01021186,61,34
E01021187,72,30
E01021188,120,38
E01021189,100,36
E01021190,84,35
E01021191,70,33
E01021192,68,32
E01021193,71,32
E01021194,69,33
E01021195,54,22
E01021196,49,21
E01021197,72,22
E01021198,62,31
E01021199,88,32
E01021200,61,27
E01021201,68,29
E01021202,84,31
E01021203,93,32
E01021204,42,23
E01021205,68,26
E01021206,43,17
E01021207,58,23
E01021208,41,16
E01021209,43,17
E01021210,37,15
E01021211,46,20
E01021212,33,15
E01021213,26,14
E01021214,27,15
E01021215,25,14
E01021216,27,14
E01021217,86,31
E01021218,79,29
E01021219,55,29
E01021220,48,29
E01021221,52,30
E01021222,52,30
E01021223,47,30
E01021224,48,29
E01021225,44,29
E01021226,50,30
E01021227,57,31
E01021228,57,31
E01021229,75,27
E01021230,78,25
E01021231,51,26
E01021232,21,11
E01021233,24,11
E01021234,32,13
E01021235,22,10
E01021236,22,13
E01021237,59,24
E01021238,58,25
E01021239,47,22
E01021240,40,21
E01021241,51,21
E01021242,51,21
E01021243,48,20
E01021244,46,21
E01021245,54,24
E01021246,46,22
E01021247,45,23
E01021248,51,23
E01021249,52,23
E01021250,56,24
E01021251,56,25
E01021252,54,24
E01021253,46,21
E01021254,45,16
E01021255,43,19
E01021256,55,21
E01021257,35,18
E01021258,35,19
E01021259,37,18
E01021260,31,16
E01021261,33,15
E01021262,26,14
E01021263,37,15
E01021264,38,21
E01021265,23,13
E01021266,23,12
E01021267,29,15
E01021268,28,13
E01021269,30,15
E01021270,27,14
E01021271,29,15
E01021272,27,14
E01021273,36,15
E01021274,33,14
E01021275,35,15
E01021276,38,15
E01021277,41,16
E01021278,38,16
E01021279,32,13
E01021280,42,17
E01021281,34,15
E01021282,35,14
E01021283,33,14
E01021284,45,17
E01021285,40,16
E01021286,28,13
E01021287,25,11
E01021288,27,12
E01021289,29,13
E01021290,30,13
E01021291,26,11
E01021292,26,11
E01021293,20,10
E01021294,21,12
E01021295,25,11
E01021296,19,10
E01021297,13,10
E01021298,17,11
E01021299,16,9
E01021300,17,11
E01021301,35,16
E01021302,30,16
E01021303,35,16
E01021304,32,15
E01021305,28,14
E01021306,31,14
E01021307,31,16
E01021308,37,17
E01021309,37,17
E01021310,21,13
E01021311,18,12
E01021312,27,17
E01021313,24,14
E01021314,32,15
E01021315,28,14
E01021316,22,13
E01021317,24,14
E01021318,20,11
E01021319,24,12
E01021320,26,13
E01021321,22,12
E01021322,27,13
E01021323,22,12
E01021324,25,11
E01021325,17,12
E01021326,28,13
E01021327,26,12
E01021328,20,13
E01021329,44,21
E01021330,44,21
E01021331,43,21
E01021332,46,21
E01021333,46,21
E01021334,42,22
E01021335,50,22
E01021336,46,22
E01021337,52,24
E01021338,47,24
E01021339,49,23
E01021340,51,23
E01021341,49,22
E01021342,43,21
E01021343,51,21
E01021344,50,20
E01021345,52,22
E01021346,49,22
E01021347,57,22
E01021348,100,25
E01021349,59,28
E01021350,48,26
E01021351,56,28
E01021352,53,27
E01021353,52,26
E01021354,54,28
E01021355,57,30
E01021356,55,28
E01021357,49,26
E01021358,45,25
E01021359,52,27
E01021360,66,30
E01021361,64,29
E01021362,64,30
E01021364,48,22
E01021365,39,23
E01021366,37,24
E01021367,50,23
E01021368,54,23
E01021369,53,27
E01021370,48,25
E01021371,41,22
E01021372,52,23
E01021373,47,24
E01021374,52,23
E01021375,103,43
E01021376,102,43
E01021377,54,29
E01021378,57,31
E01021379,59,31
E01021380,62,27
E01021381,62,33
E01021382,79,36
E01021383,41,19
E01021384,39,19
E01021385,39,19
E01021386,34,19
E01021387,73,39
E01021388,73,39
E01021389,74,40
E01021390,77,40
E01021391,64,38
E01021392,70,38
E01021393,70,39
E01021394,50,24
E01021395,56,25
E01021396,59,26
E01021397,81,39
E01021398,102,45
E01021399,85,40
E01021400,89,43
E01021401,48,30
E01021402,46,29
E01021403,47,27
E01021404,80,32
E01021405,61,23
E01021406,112,45
E01021407,89,33
E01021408,68,33
E01021409,76,35
E01021410,65,34
E01021411,64,39
E01021412,97,44
E01021413,92,40
E01021414,120,48
E01021415,49,29
E01021416,43,30
E01021417,46,32
E01021418,53,32
E01021419,52,33
E01021420,48,33
E01021422,55,28
E01021423,53,27
E01021424,59,28
E01021425,52,31
E01021426,49,31
E01021427,54,31
E01021428,48,30
E01021429,54,30
E01021430,99,48
E01021431,47,31
E01021432,49,30
E01021433,44,30
E01021434,47,30
E01021435,49,26
E01021436,39,29
E01021437,50,25
E01021438,44,27
E01021439,37,29
E01021441,61,32
E01021442,58,34
E01021443,71,29
E01021444,66,30
E01021445,61,21
E01021446,37,20
E01021447,43,27
E01021448,47,26
E01021449,54,24
E01021450,53,25
E01021451,46,26
E01021452,45,27
E01021453,41,28
E01021454,51,26
E01021455,39,30
E01021456,52,27
E01021457,68,33
E01021458,48,31
E01021459,51,31
E01021460,52,30
E01021461,54,30
E01021462,56,29
E01021463,56,28
E01021464,53,29
E01021465,35,31
E01021466,43,30
E01021467,38,29
E01021468,51,26
E01021469,68,32
E01021470,69,33
E01021471,62,33
E01021472,41,26
E01021473,67,24
E01021474,40,26
E01021475,37,27
E01021476,37,15
E01021477,41,17
E01021478,45,17
E01021479,47,19
E01021480,36,21
E01021481,48,20
E01021482,43,22
E01021483,45,21
E01021484,54,23
E01021485,50,22
E01021486,48,21
E01021487,54,23
E01021488,55,23
E01021489,56,24
E01021490,54,24
E01021491,58,25
E01021492,56,24
E01021493,52,22
E01021494,46,21
E01021495,60,24
E01021496,52,23
E01021497,52,23
E01021498,52,23
E01021499,54,24
E01021500,55,24
E01021501,48,21
E01021502,50,23
E01021503,45,20
E01021504,45,20
E01021505,45,21
E01021506,48,20
E01021507,49,21
E01021508,49,21
E01021509,46,21
E01021510,43,22
E01021511,43,22
E01021512,46,20
E01021513,44,17
E01021514,48,18
E01021515,51,18
E01021516,36,17
E01021517,34,18
E01021518,32,20
E01021519,36,20
E01021520,35,22
E01021521,45,18
E01021522,39,19
E01021523,43,17
E01021524,43,18
E01021525,42,16
E01021526,45,19
E01021527,47,17
E01021528,49,21
E01021529,38,22
E01021530,40,21
E01021531,42,22
E01021532,41,22
E01021533,63,30
E01021535,59,28
E01021536,45,21
E01021537,48,22
E01021538,25,16
E01021539,25,14
E01021540,26,12
E01021541,14,9
E01021542,15,10
E01021543,18,11
E01021544,43,19
E01021545,36,20
E01021546,43,20
E01021547,43,20
E01021548,38,21
E01021550,60,22
E01021551,69,26
E01021552,52,26
E01021553,55,27
E01021554,55,27
E01021555,56,26
E01021556,44,23
E01021557,51,24
E01021558,47,25
E01021559,47,26
E01021560,47,23
E01021561,44,25
E01021562,52,24
E01021563,41,21
E01021564,45,23
E01021565,51,23
E01021566,52,24
E01021568,57,29
E01021569,54,27
E01021570,61,29
E01021571,49,25
E01021572,59,29
E01021573,30,16
E01021574,27,16
E01021575,31,17
E01021576,29,15
E01021577,39,21
E01021578,39,22
E01021579,38,21
E01021580,44,22
E01021582,36,20
E01021583,45,22
E01021584,50,25
E01021585,50,23
E01021586,50,24
E01021587,20,13
E01021588,20,13
E01021589,24,14
E01021590,22,14
E01021591,23,14
E01021592,26,15
E01021593,48,23
E01021594,58,22
E01021595,45,24
E01021596,27,15
E01021597,38,16
E01021598,38,16
E01021599,39,17
E01021600,32,16
E01021601,30,16
E01021602,57,27
E01021604,41,24
E01021605,66,28
E01021606,64,26
E01021607,63,26
E01021608,57,27
E01021609,62,27
E01021610,64,28
E01021611,59,26
E01021612,59,26
E01021613,58,27
E01021614,54,25
E01021615,56,26
E01021616,24,14
E01021617,24,14
E01021618,30,16
E01021619,27,15
E01021620,29,15
E01021621,33,16
E01021622,39,17
E01021623,34,16
E01021624,36,16
E01021625,38,17
E01021626,39,18
E01021627,38,18
E01021628,42,19
E01021629,43,19
E01021631,42,20
E01021632,41,20
E01021633,50,20
E01021634,51,22
E01021635,54,22
E01021636,50,22
E01021637,33,19
E01021638,36,21
E01021639,41,22
E01021640,38,21
E01021641,38,21
E01021642,31,18
E01021643,70,30
E01021644,56,27
E01021645,42,23
E01021646,20,13
E01021647,25,15
E01021648,30,15
E01021649,20,14
E01021650,16,11
E01021651,24,15
E01021652,27,15
E01021653,29,15
E01021654,49,23
E01021655,36,17
E01021656,46,19
E01021657,46,23
E01021658,42,23
E01021659,22,14
E01021660,49,21
E01021661,17,11
E01021662,48,28
E01021663,51,27
E01021664,36,18
E01021665,34,19
E01021666,39,19
E01021667,41,20
E01021668,19,11
E01021669,18,11
E01021670,19,12
E01021671,18,13
E01021673,33,17
E01021674,34,16
E01021675,32,16
E01021676,28,16
E01021677,43,25
E01021678,39,25
E01021679,14,9
E01021680,10,8
E01021681,22,11
E01021682,11,9
E01021683,24,15
E01021684,32,17
E01021685,35,17
E01021686,26,16
E01021687,32,16
E01021688,32,17
E01021689,34,17
E01021690,44,19
E01021691,42,19
E01021692,38,18
E01021693,37,18
E01021694,70,29
E01021695,54,25
E01021696,41,18
E01021697,35,18
E01021698,41,18
E01021699,38,19
E01021700,41,17
E01021702,30,15
E01021703,33,16
E01021704,31,16
E01021705,44,19
E01021706,34,15
E01021707,35,17
E01021708,35,16
E01021709,30,15
E01021710,28,14
E01021711,39,18
E01021713,33,17
E01021714,39,19
E01021715,41,19
E01021717,33,16
E01021718,41,18
E01021719,35,18
E01021720,36,18
E01021721,41,20
E01021722,41,20
E01021723,64,31
E01021724,64,31
E01021725,63,32
E01021726,62,30
E01021727,61,30
E01021728,32,16
E01021729,31,15
E01021730,45,20
E01021731,61,34
E01021732,59,33
E01021733,56,33
E01021734,65,33
E01021735,62,34
E01021736,48,23
E01021737,48,23
E01021738,36,25
E01021739,43,25
E01021740,45,24
E01021741,31,15
E01021742,42,25
E01021743,38,23
E01021744,41,23
E01021745,29,21
E01021746,30,21
E01021747,34,23
E01021748,34,22
E01021749,53,20
E01021750,49,23
E01021751,46,24
E01021752,49,22
E01021753,74,30
E01021754,68,30
E01021755,70,27
E01021756,51,23
E01021757,43,23
E01021758,46,24
E01021759,50,25
E01021760,47,22
E01021761,45,21
E01021762,43,23
E01021763,45,23
E01021764,40,23
E01021765,44,22
E01021766,48,22
E01021767,48,21
E01021768,59,19
E01021769,94,31
E01021770,69,24
E01021771,50,28
E01021772,51,28
E01021773,48,28
E01021774,50,31
E01021775,51,30
E01021776,46,29
E01021777,49,31
E01021778,52,30
E01021779,46,30
E01021780,35,24
E01021781,37,25
E01021782,34,24
E01021783,45,27
E01021784,44,26
E01021785,45,26
E01021786,44,29
E01021787,45,29
E01021788,50,29
E01021789,44,28
E01021790,51,29
E01021791,41,27
E01021792,43,20
E01021793,41,19
E01021794,41,19
E01021795,34,20
E01021796,101,27
E01021797,62,22
E01021798,57,23
E01021799,55,23
E01021800,81,26
E01021801,30,13
E01021802,77,28
E01021803,53,26
E01021804,51,26
E01021805,53,27
E01021806,74,26
E01021807,61,28
E01021808,65,28
E01021809,64,29
E01021810,66,28
E01021811,54,26
E01021812,83,28
E01021813,58,27
E01021814,56,28
E01021815,56,29
E01021816,57,28
E01021817,63,28
E01021818,52,27
E01021819,26,13
E01021820,26,11
E01021821,27,13
E01021822,27,11
E01021823,28,12
E01021824,34,16
E01021825,28,15
E01021826,32,16
E01021827,28,15
E01021828,32,16
E01021829,25,12
E01021830,17,10
E01021831,20,11
E01021832,27,12
E01021833,17,9
E01021834,33,14
E01021835,31,14
E01021836,32,14
E01021837,31,13
E01021838,33,13
E01021839,9,7
E01021840,12,8
E01021841,11,8
E01021842,7,7
E01021843,11,8
E01021844,26,11
E01021845,25,11
E01021846,28,11
E01021847,26,11
E01021848,27,12
E01021849,23,9
E01021850,25,10
E01021851,14,9
E01021852,27,10
E01021853,21,10
E01021854,33,15
E01021855,29,14
E01021856,28,14
E01021857,31,15
E01021858,26,13
E01021859,24,12
E01021860,26,13
E01021861,29,13
E01021862,23,13
E01021863,20,12
E01021864,20,12
E01021865,28,12
E01021866,22,13
E01021867,21,13
E01021868,20,10
E01021869,21,11
E01021870,22,10
E01021871,21,11
E01021872,12,8
E01021873,92,40
E01021874,78,36
E01021875,95,37
E01021878,89,43
E01021879,89,44
E01021880,92,44
E01021881,84,44
E01021882,80,35
E01021883,69,34
E01021884,78,39
E01021885,75,40
E01021886,75,38
E01021887,69,35
E01021888,74,39
E01021889,76,38
E01021890,73,37
E01021891,71,37
E01021892,71,36
E01021893,79,37
E01021894,72,37
E01021895,76,37
E01021896,75,37
E01021897,78,36
E01021898,72,37
E01021899,89,40
E01021900,89,39
E01021901,103,49
E01021902,73,32
E01021903,71,35
E01021904,98,43
E01021905,93,45
E01021906,91,44
E01021907,120,54
E01021908,72,43
E01021909,110,42
E01021910,66,40
E01021911,80,33
E01021912,70,32
E01021913,68,32
E01021914,51,21
E01021915,44,21
E01021916,45,24
E01021917,49,20
E01021918,47,24
E01021919,42,24
E01021920,47,22
E01021921,61,25
E01021922,53,20
E01021923,51,21
E01021924,53,20
E01021925,38,23
E01021926,40,22
E01021927,42,20
E01021928,39,19
E01021929,43,20
E01021930,35,17
E01021931,37,18
E01021932,37,18
E01021933,34,17
E01021934,35,17
E01021935,36,18
E01021936,37,19
E01021937,39,20
E01021938,41,21
E01021939,44,21
E01021940,47,22
E01021941,43,21
E01021942,53,28
E01021943,52,29
E01021944,53,26
E01021945,49,27
E01021946,27,16
E01021947,28,17
E01021948,32,19
E01021949,31,18
E01021950,33,18
E01021951,33,19
E01021952,30,15
E01021953,35,17
E01021954,34,16
E01021955,29,15
E01021956,25,13
E01021957,40,21
E01021958,43,20
E01021959,42,22
E01021960,39,21
E01021961,41,22
E01021962,32,20
E01021963,44,22
E01021964,36,22
E01021965,32,18
E01021966,36,20
E01021967,45,28
E01021968,63,31
E01021969,69,32
E01021970,60,31
E01021971,51,18
E01021972,53,21
E01021973,62,29
E01021974,66,30
E01021975,78,31
E01021976,77,31
E01021977,71,32
E01021978,63,28
E01021979,68,33
E01021980,64,33
E01021981,70,34
E01021982,66,34
E01021983,64,32
E01021984,81,31
E01021985,65,39
E01021986,67,39
E01021987,63,39
E01021988,80,38
E01021989,76,35
E01021990,74,36
E01021991,78,31
E01021992,37,32
E01021993,52,24
E01021994,65,39
E01021995,63,37
E01021996,67,39
E01021997,40,35
E01021998,38,35
E01021999,42,34
E01022000,46,34
E01022001,39,35
E01022002,44,32
E01022004,38,34
E01022005,48,34
E01022006,42,33
E01022007,47,33
E01022008,78,35
E01022009,75,36
E01022010,64,36
E01022011,64,35
E01022012,71,39
E01022013,45,25
E01022014,48,26
E01022015,42,27
E01022016,65,29
E01022017,63,29
E01022018,55,25
E01022019,65,25
E01022020,46,28
E01022021,53,30
E01022022,70,31
E01022023,73,32
E01022024,75,32
E01022025,61,32
E01022026,56,31
E01022027,55,32
E01022028,43,31
E01022030,74,32
E01022031,75,33
E01022032,73,33
E01022033,77,34
E01022034,77,33
E01022035,77,34
E01022036,75,34
E01022037,70,33
E01022038,69,33
E01022039,73,31
E01022040,76,31
E01022041,70,31
E01022042,65,30
E01022043,60,31
E01022044,68,30
E01022045,75,35
E01022046,84,39
E01022047,76,34
E01022048,64,33
E01022049,60,32
E01022050,69,32
E01022051,57,22
E01022052,51,24
E01022053,56,25
E01022054,78,43
E01022055,66,40
E01022056,64,41
E01022057,81,32
E01022058,74,24
E01022059,57,27
E01022060,63,26
E01022061,79,33
E01022062,66,39
E01022063,54,39
E01022064,54,21
E01022067,41,25
E01022068,52,25
E01022069,45,26
E01022070,43,22
E01022071,68,31
E01022072,69,32
E01022073,59,29
E01022074,70,33
E01022075,70,31
E01022076,67,30
E01022077,77,32
E01022078,76,32
E01022079,76,32
E01022080,78,33
E01022081,76,32
E01022082,83,33
E01022083,51,37
E01022084,49,36
E01022085,44,35
E01022086,43,34
E01022087,55,34
E01022088,57,31
E01022089,89,38
E01022090,59,30
E01022091,66,31
E01022092,92,36
E01022093,78,36
E01022094,55,24
E01022095,98,32
E01022096,68,30
E01022097,105,44
E01022098,92,35
E01022099,100,38
E01022100,15,8
E01022101,18,9
E01022102,12,8
E01022103,26,10
E01022104,13,9
E01022105,19,11
E01022106,23,14
E01022107,31,15
E01022108,31,15
E01022109,20,12
E01022110,15,11
E01022111,16,10
E01022112,16,12
E01022113,15,10
E01022114,19,11
E01022115,10,8
E01022116,8,7
E01022117,10,8
E01022118,11,8
E01022119,14,9
E01022120,38,14
E01022121,35,14
E01022122,38,15
E01022123,31,16
E01022124,19,10
E01022125,23,11
E01022126,14,9
E01022127,17,10
E01022128,22,11
E01022129,19,10
E01022130,18,10
E01022131,28,11
E01022132,30,11
E01022133,25,10
E01022134,24,10
E01022135,23,12
E01022136,19,10
E01022137,13,9
E01022138,18,10
E01022139,29,12
E01022140,25,11
E01022141,18,10
E01022142,16,9
E01022143,30,13
E01022144,29,13
E01022145,32,13
E01022146,33,14
E01022147,27,14
E01022148,22,13
E01022149,31,13
E01022150,26,12
E01022151,27,11
E01022152,24,11
E01022153,19,10
E01022154,22,10
E01022155,33,13
E01022156,25,11
E01022157,35,13
E01022158,24,11
E01022159,38,14
E01022160,41,16
E01022161,44,16
E01022162,44,16
E01022163,37,14
E01022164,32,12
E01022165,41,15
E01022166,35,13
E01022167,34,14
E01022168,30,14
E01022169,32,13
E01022170,33,14
E01022171,24,13
E01022172,20,12
E01022173,28,13
E01022174,26,12
E01022175,75,36
E01022176,101,46
E01022177,58,36
E01022178,89,40
E01022179,120,39
E01022180,51,31
E01022181,60,30
E01022182,102,33
E01022183,61,31
E01022184,81,30
E01022185,49,23
E01022186,100,28
E01022187,44,27
E01022188,51,32
E01022189,54,32
E01022190,56,31
E01022191,62,34
E01022192,61,34
E01022193,66,34
E01022194,45,32
E01022195,53,33
E01022196,45,33
E01022197,45,32
E01022198,59,31
E01022199,48,31
E01022200,54,31
E01022201,87,25
E01022202,112,40
E01022203,93,35
E01022204,94,37
E01022205,110,39
E01022206,113,44
E01022207,85,29
E01022208,103,32
E01022209,120,30
E01022210,103,31
E01022211,70,36
E01022212,75,37
E01022213,70,27
E01022214,90,38
E01022215,109,36
E01022216,57,20
E01022217,93,47
E01022218,98,47
E01022219,90,47
E01022220,92,46
E01022221,72,37
E01022222,104,32
E01022223,74,26
E01022224,73,30
E01022225,70,30
E01022226,54,51
E01022227,69,48
E01022228,64,44
E01022229,111,50
E01022230,61,31
E01022231,96,57
E01022232,95,56
E01022233,94,38
E01022234,115,50
E01022235,40,25
E01022236,63,42
E01022237,66,42
E01022238,72,44
E01022239,68,43
E01022240,68,42
E01022241,111,53
E01022242,115,53
E01022243,108,53
E01022244,107,51
E01022245,108,54
E01022246,87,55
E01022247,54,24
E01022248,90,47
E01022249,77,42
E01022250,71,42
E01022251,89,44
E01022252,92,42
E01022253,100,46
E01022254,60,52
E01022255,77,51
E01022256,69,51
E01022257,88,52
E01022258,48,34
E01022259,53,35
E01022260,69,38
E01022261,53,33
E01022262,51,32
E01022263,115,52
E01022264,102,57
E01022265,53,36
E01022266,59,30
E01022267,57,33
E01022268,77,52
E01022269,73,52
E01022270,85,30
E01022271,86,28
E01022272,61,35
E01022273,82,38
E01022274,84,37
E01022275,58,35
E01022276,36,15
E01022277,37,15
E01022278,38,14
E01022279,36,14
E01022280,35,16
E01022281,35,16
E01022282,31,14
E01022283,28,13
E01022284,30,12
E01022285,28,13
E01022286,32,13
E01022287,23,12
E01022288,23,11
E01022289,18,10
E01022290,18,10
E01022291,22,10
E01022292,24,11
E01022293,26,12
E01022294,28,11
E01022295,21,13
E01022296,20,11
E01022297,16,10
E01022298,16,9
E01022299,39,19
E01022300,46,19
E01022301,41,17
E01022302,44,17
E01022303,27,14
E01022304,30,14
E01022305,32,14
E01022306,33,16
E01022307,33,15
E01022308,28,13
E01022309,13,9
E01022310,19,10
E01022311,10,8
E01022312,11,9
E01022313,31,13
E01022314,24,11
E01022315,27,12
E01022316,25,14
E01022317,21,12
E01022318,21,10
E01022319,37,15
E01022320,40,16
E01022321,31,12
E01022322,33,13
E01022323,35,13
E01022324,34,14
E01022325,34,14
E01022326,29,12
E01022327,30,13
E01022328,29,13
E01022329,30,13
E01022330,31,13
E01022331,35,13
E01022332,26,12
E01022333,39,16
E01022334,36,15
E01022335,40,20
E01022336,43,21
E01022338,40,20
E01022339,39,18
E01022340,41,19
E01022341,39,19
E01022342,46,21
E01022343,35,14
E01022344,39,16
E01022345,37,17
E01022346,40,18
E01022347,19,10
E01022348,29,13
E01022350,76,38
E01022351,104,41
E01022352,99,38
E01022353,99,37
E01022354,82,34
E01022355,67,33
E01022356,62,32
E01022357,68,34
E01022358,63,34
E01022359,68,35
E01022360,76,35
E01022361,67,34
E01022362,69,35
E01022363,54,32
E01022364,67,35
E01022365,49,33
E01022366,85,37
E01022367,87,37
E01022368,87,37
E01022369,89,37
E01022370,83,39
E01022371,90,35
E01022372,69,37
E01022373,81,39
E01022374,76,38
E01022375,69,36
E01022376,67,26
E01022377,52,32
E01022378,45,22
E01022379,44,21
E01022380,53,23
E01022381,97,38
E01022382,85,41
E01022383,94,42
E01022384,92,43
E01022385,92,44
E01022386,83,42
E01022387,86,41
E01022388,88,42
E01022389,55,30
E01022390,44,24
E01022391,66,26
E01022392,91,26
E01022393,72,36
E01022394,58,34
E01022395,57,35
E01022396,60,26
E01022397,74,30
E01022398,55,29
E01022399,59,35
E01022400,49,28
E01022401,43,29
E01022402,48,29
E01022403,48,29
E01022404,39,30
E01022405,63,32
E01022406,66,33
E01022407,60,31
E01022408,69,37
E01022409,80,38
E01022410,55,34
E01022411,56,33
E01022412,44,18
E01022413,96,34
E01022414,53,33
E01022415,81,38
E01022416,87,39
E01022417,86,38
E01022418,81,37
E01022420,38,19
E01022421,34,18
E01022422,32,18
E01022423,35,17
E01022424,33,18
E01022425,29,19
E01022426,32,19
E01022427,32,19
E01022428,27,16
E01022429,31,17
E01022430,27,17
E01022431,35,16
E01022432,41,17
E01022433,44,19
E01022434,37,16
E01022435,45,19
E01022436,48,19
E01022437,42,18
E01022438,40,17
E01022439,45,18
E01022440,26,13
E01022441,73,21
E01022442,55,20
E01022443,33,19
E01022444,33,20
E01022445,89,27
E01022446,32,16
E01022447,30,14
E01022448,31,15
E01022449,92,31
E01022450,49,27
E01022451,57,28
E01022452,55,28
E01022453,53,21
E01022454,25,15
E01022455,60,27
E01022456,49,28
E01022457,53,29
E01022458,51,29
E01022459,46,29
E01022460,54,30
E01022461,62,32
E01022462,93,25
E01022463,52,22
E01022464,44,22
E01022465,51,27
E01022466,60,25
E01022467,45,15
E01022468,41,16
E01022469,37,15
E01022470,35,14
E01022471,38,13
E01022472,54,21
E01022473,37,22
E01022474,32,15
E01022475,40,16
E01022476,36,16
E01022477,38,16
E01022478,36,16
E01022479,35,15
E01022480,39,16
E01022481,29,13
E01022482,28,13
E01022484,27,15
E01022485,22,15
E01022486,22,15
E01022487,22,14
E01022488,94,27
E01022489,94,32
E01022490,55,21
E01022491,41,21
E01022492,81,21
E01022493,102,21
E01022494,32,14
E01022495,36,15
E01022496,42,17
E01022497,37,16
E01022498,35,15
E01022499,92,35
E01022500,87,37
E01022502,29,14
E01022503,27,13
E01022504,33,16
E01022505,33,16
E01022506,37,15
E01022507,30,14
E01022509,38,17
E01022510,42,18
E01022511,41,17
E01022512,44,18
E01022513,91,34
E01022514,115,24
E01022515,26,16
E01022516,24,16
E01022517,31,17
E01022518,41,18
E01022519,36,16
E01022520,52,20
E01022521,26,20
E01022522,60,23
E01022523,28,11
E01022524,24,11
E01022525,20,10
E01022526,16,9
E01022527,24,11
E01022528,41,18
E01022529,47,19
E01022530,53,19
E01022531,45,18
E01022532,120,21
E01022533,47,25
E01022534,50,24
E01022535,51,24
E01022536,32,16
E01022537,45,19
E01022539,21,12
E01022540,23,12
E01022542,14,11
E01022543,11,9
E01022546,37,17
E01022547,39,13
E01022548,28,14
E01022549,29,15
E01022550,30,14
E01022551,29,14
E01022552,30,14
E01022553,31,19
E01022554,33,21
E01022555,27,18
E01022556,32,21
E01022557,28,17
E01022558,27,18
E01022559,24,16
E01022560,31,18
E01022561,120,26
E01022562,95,21
E01022563,44,25
E01022564,42,23
E01022565,30,25
E01022566,17,12
E01022567,22,12
E01022568,22,13
E01022569,19,14
E01022570,18,12
E01022571,69,32
E01022572,68,31
E01022573,72,32
E01022574,69,33
E01022575,74,34
E01022576,70,32
E01022577,73,32
E01022578,74,30
E01022579,79,35
E01022580,74,34
E01022581,69,31
E01022582,89,33
E01022583,58,33
E01022584,61,31
E01022585,72,31
E01022586,84,32
E01022587,64,31
E01022588,59,24
E01022589,71,25
E01022590,61,25
E01022591,101,32
E01022592,70,30
E01022593,67,30
E01022594,73,30
E01022595,61,28
E01022596,95,31
E01022597,103,32
E01022599,66,28
E01022600,100,35
E01022601,107,37
E01022602,86,33
E01022603,89,35
E01022604,93,31
E01022605,71,35
E01022606,56,22
E01022607,52,23
E01022608,48,23
E01022610,47,21
E01022611,49,21
E01022613,49,22
E01022614,46,21
E01022615,100,38
E01022616,64,31
E01022617,64,30
E01022618,73,32
E01022619,53,27
E01022620,55,26
E01022621,54,27
E01022622,54,27
E01022623,68,30
E01022624,62,29
E01022625,62,28
E01022627,89,29
E01022628,57,21
E01022629,51,23
E01022630,110,37
E01022631,98,33
E01022632,77,33
E01022633,94,37
E01022634,91,38
E01022635,91,38
E01022636,91,38
E01022639,88,38
E01022640,87,37
E01022641,94,36
E01022642,95,37
E01022643,59,29
E01022644,59,29
E01022645,61,29
E01022646,52,28
E01022647,52,26
E01022648,47,26
E01022649,51,26
E01022650,49,26
E01022651,74,30
E01022652,63,30
E01022653,61,31
E01022654,65,29
E01022655,63,29
E01022656,66,27
E01022657,62,29
E01022658,56,29
E01022659,50,21
E01022660,46,21
E01022661,44,22
E01022662,49,21
E01022663,44,20
E01022664,44,22
E01022665,45,22
E01022666,34,20
E01022667,41,20
E01022668,43,20
E01022669,39,20
E01022670,37,22
E01022671,38,21
E01022672,41,20
E01022673,40,20
E01022674,41,20
E01022675,41,20
E01022676,38,19
E01022677,44,21
E01022678,47,20
E01022679,40,21
E01022680,46,20
E01022681,47,20
E01022682,56,29
E01022683,50,27
E01022684,52,28
E01022685,53,28
E01022686,58,29
E01022687,58,30
E01022688,63,34
E01022689,62,30
E01022690,63,34
E01022691,44,30
E01022692,51,29
E01022693,46,31
E01022694,53,30
E01022695,70,29
E01022696,70,29
E01022697,70,28
E01022698,72,27
E01022699,74,28
E01022700,62,28
E01022701,65,29
E01022702,65,27
E01022703,54,29
E01022704,45,21
E01022705,44,21
E01022706,38,21
E01022707,35,21
E01022708,27,21
E01022709,34,21
E01022710,56,29
E01022711,55,30
E01022712,54,29
E01022713,66,25
E01022714,61,25
E01022715,54,22
E01022716,55,20
E01022717,59,21
E01022718,58,22
E01022719,60,24
E01022720,50,17
E01022721,43,18
E01022722,43,18
E01022723,40,19
E01022724,45,21
E01022725,51,18
E01022726,50,19
E01022727,40,20
E01022728,35,19
E01022729,53,20
E01022730,51,21
E01022731,50,20
E01022732,50,21
E01022733,50,20
E01022734,48,21
E01022735,36,21
E01022736,46,22
E01022737,43,20
E01022738,44,21
E01022739,45,22
E01022740,47,23
E01022741,47,24
E01022742,47,22
E01022743,42,22
E01022744,64,30
E01022745,75,31
E01022746,70,30
E01022747,69,29
E01022748,69,30
E01022749,54,25
E01022750,55,26
E01022751,60,28
E01022752,58,27
E01022753,50,25
E01022754,45,25
E01022755,62,28
E01022756,65,28
E01022757,64,29
E01022758,48,26
E01022759,34,16
E01022760,35,16
E01022761,32,16
E01022762,32,15
E01022763,29,14
E01022764,25,14
E01022765,29,15
E01022766,37,18
E01022767,33,15
E01022768,37,16
E01022769,31,17
E01022770,31,16
E01022771,53,24
E01022772,59,25
E01022773,59,28
E01022774,54,27
E01022776,64,28
E01022777,60,28
E01022778,64,29
E01022780,61,24
E01022781,55,25
E01022782,53,25
E01022783,49,23
E01022784,51,25
E01022785,59,27
E01022786,59,27
E01022787,52,24
E01022788,56,25
E01022789,57,25
E01022790,62,29
E01022791,64,31
E01022792,69,31
E01022793,61,29
E01022794,75,35
E01022795,72,33
E01022796,70,35
E01022797,71,35
E01022798,84,37
E01022799,81,36
E01022800,50,24
E01022801,49,25
E01022802,48,25
E01022803,48,26
E01022804,53,27
E01022805,53,27
E01022806,61,31
E01022807,63,32
E01022810,67,35
E01022811,69,34
E01022812,70,36
E01022813,60,30
E01022814,59,31
E01022815,57,30
E01022816,65,32
E01022817,60,31
E01022818,66,32
E01022819,59,29
E01022820,63,29
E01022823,64,32
E01022824,67,33
E01022825,61,32
E01022826,74,30
E01022828,70,31
E01022829,71,30
E01022830,77,32
E01022831,68,34
E01022832,67,33
E01022833,67,33
E01022834,57,27
E01022835,51,26
E01022836,57,26
E01022837,71,33
E01022838,73,34
E01022839,65,34
E01022840,50,28
E01022841,53,28
E01022842,61,28
E01022843,68,36
E01022845,70,35
E01022846,52,16
E01022847,39,14
E01022848,44,15
E01022849,58,26
E01022850,58,25
E01022851,56,24
E01022852,78,27
E01022853,68,26
E01022854,73,26
E01022855,87,27
E01022856,81,26
E01022857,73,27
E01022858,78,26
E01022859,76,24
E01022860,50,23
E01022861,60,24
E01022862,53,23
E01022863,60,25
E01022864,65,26
E01022865,59,24
E01022867,51,21
E01022868,58,23
E01022869,62,23
E01022870,50,23
E01022871,67,24
E01022872,62,24
E01022873,61,22
E01022874,45,16
E01022875,47,16
E01022876,51,17
E01022877,50,16
E01022878,64,23
E01022879,66,22
E01022880,56,23
E01022881,42,21
E01022882,72,23
E01022883,40,21
E01022884,37,20
E01022885,42,21
E01022887,80,22
E01022888,55,21
E01022889,52,21
E01022890,57,19
E01022891,56,18
E01022892,58,20
E01022893,59,21
E01022894,63,22
E01022895,60,22
E01022896,63,19
E01022897,62,21
E01022898,61,20
E01022899,32,16
E01022900,33,16
E01022901,39,17
E01022902,34,16
E01022903,40,19
E01022904,39,18
E01022905,35,18
E01022906,38,19
E01022907,38,16
E01022908,37,16
E01022909,33,14
E01022910,36,16
E01022911,34,15
E01022913,41,19
E01022914,43,21
E01022915,44,20
E01022916,46,20
E01022917,42,19
E01022918,40,19
E01022919,45,20
E01022920,38,19
E01022921,43,19
E01022922,44,19
E01022924,44,23
E01022925,54,24
E01022926,47,23
E01022927,43,21
E01022928,47,20
E01022929,39,22
E01022930,44,18
E01022931,38,18
E01022933,43,20
E01022934,43,20
E01022935,42,19
E01022936,67,31
E01022937,57,24
E01022938,58,27
E01022939,64,29
E01022940,63,29
E01022941,70,32
E01022942,68,27
E01022943,72,28
E01022944,50,21
E01022945,59,27
E01022946,65,26
E01022947,22,10
E01022948,24,12
E01022949,24,13
E01022950,27,13
E01022951,27,12
E01022952,27,13
E01022953,35,17
E01022954,41,18
E01022955,40,19
E01022956,47,21
E01022957,37,18
E01022958,41,20
E01022959,33,14
E01022960,29,15
E01022961,30,14
E01022962,27,13
E01022963,31,15
E01022964,35,16
E01022965,31,15
E01022966,46,19
E01022967,41,18
E01022968,39,18
E01022969,38,18
E01022970,34,17
E01022971,41,18
E01022972,35,17
E01022973,29,15
E01022974,41,17
E01022975,40,17
E01022976,36,17
E01022977,57,19
E01022978,85,23
E01022979,84,22
E01022980,58,19
E01022981,62,29
E01022982,67,29
E01022983,66,27
E01022984,83,29
E01022985,60,29
E01022986,62,32
E01022987,60,31
E01022988,69,33
E01022989,59,36
E01022990,93,42
E01022991,74,37
E01022992,81,23
E01022993,115,26
E01022994,94,25
E01022995,92,25
E01022996,81,26
E01022997,68,31
E01022998,73,33
E01022999,107,35
E01023000,56,32
E01023001,82,40
E01023002,78,41
E01023003,69,26
E01023004,76,28
E01023005,71,27
E01023006,75,29
E01023007,67,24
E01023008,75,27
E01023009,71,26
E01023010,65,25
E01023011,97,29
E01023012,44,22
E01023013,91,32
E01023014,88,32
E01023015,93,33
E01023016,93,33
E01023017,63,32
E01023018,53,31
E01023019,53,30
E01023020,66,31
E01023021,61,28
E01023022,42,26
E01023023,38,24
E01023024,46,25
E01023025,76,28
E01023026,79,29
E01023027,79,28
E01023028,76,29
E01023029,88,32
E01023030,81,30
E01023031,81,29
E01023032,85,30
E01023033,85,31
E01023034,96,35
E01023035,95,34
E01023036,82,36
E01023037,74,28
E01023038,73,28
E01023039,74,28
E01023040,76,27
E01023041,77,42
E01023042,71,41
E01023043,80,41
E01023044,84,40
E01023045,70,25
E01023046,77,26
E01023047,55,20
E01023048,54,20
E01023049,61,20
E01023050,60,21
E01023051,79,38
E01023052,68,38
E01023053,61,37
E01023054,49,30
E01023055,48,29
E01023056,51,30
E01023057,51,30
E01023058,86,40
E01023059,80,39
E01023060,89,40
E01023061,86,40
E01023062,73,26
E01023063,87,24
E01023064,53,25
E01023065,47,25
E01023066,41,25
E01023067,50,26
E01023068,44,25
E01023069,42,25
E01023070,33,25
E01023071,54,25
E01023072,56,17
E01023073,57,18
E01023074,41,15
E01023075,48,16
E01023076,46,16
E01023077,40,14
E01023078,41,15
E01023079,45,17
E01023080,47,18
E01023081,53,19
E01023082,49,19
E01023083,50,19
E01023084,46,15
E01023085,46,16
E01023086,47,16
E01023087,52,17
E01023088,51,16
E01023089,54,18
E01023090,57,18
E01023091,36,15
E01023092,46,17
E01023093,50,17
E01023094,38,16
E01023095,32,15
E01023096,24,13
E01023097,23,13
E01023098,28,14
E01023099,29,13
E01023100,31,15
E01023101,30,14
E01023102,32,14
E01023103,25,13
E01023104,21,10
E01023105,23,11
E01023106,24,11
E01023107,56,19
E01023108,57,19
E01023109,45,18
E01023110,50,18
E01023111,29,15
E01023112,35,14
E01023113,34,16
E01023114,41,15
E01023115,47,19
E01023116,38,20
E01023117,48,20
E01023118,41,19
E01023119,30,12
E01023120,28,12
E01023121,32,13
E01023122,34,13
E01023123,46,18
E01023124,44,19
E01023125,50,20
E01023128,50,22
E01023129,46,22
E01023130,50,22
E01023131,46,21
E01023132,40,15
E01023133,51,17
E01023134,43,16
E01023135,47,16
E01023136,39,17
E01023137,42,16
E01023138,37,16
E01023139,46,16
E01023140,44,16
E01023141,46,20
E01023142,36,20
E01023143,43,21
E01023144,36,21
E01023145,39,21
E01023146,36,14
E01023147,36,14
E01023148,31,13
E01023149,37,14
E01023150,40,20
E01023151,41,20
E01023152,47,20
E01023153,22,11
E01023154,27,11
E01023155,31,12
E01023156,21,12
E01023157,23,11
E01023158,33,21
E01023159,44,18
E01023160,36,13
E01023162,70,26
E01023163,70,25
E01023164,69,25
E01023165,100,21
E01023166,69,26
E01023167,78,23
E01023168,48,22
E01023169,13,8
E01023170,31,11
E01023171,33,16
E01023172,31,12
E01023173,22,10
E01023174,33,23
E01023175,38,22
E01023176,38,21
E01023177,84,31
E01023178,71,18
E01023179,8,7
E01023180,13,8
E01023181,16,10
E01023182,12,9
E01023183,9,8
E01023184,61,25
E01023185,48,27
E01023186,21,10
E01023187,14,8
E01023188,24,10
E01023189,22,11
E01023190,14,8
E01023191,38,16
E01023192,35,16
E01023193,39,17
E01023194,41,17
E01023195,59,19
E01023196,28,13
E01023197,66,20
E01023198,47,16
E01023199,43,22
E01023200,33,22
E01023201,29,12
E01023202,20,10
E01023203,22,10
E01023204,16,9
E01023205,26,11
E01023206,39,20
E01023207,40,19
E01023208,37,22
E01023209,40,20
E01023210,35,22
E01023211,38,23
E01023212,43,23
E01023213,44,22
E01023214,47,20
E01023215,26,11
E01023216,21,10
E01023217,24,10
E01023218,28,11
E01023219,25,11
E01023220,63,31
E01023221,66,30
E01023222,75,29
E01023223,68,30
E01023224,25,15
E01023225,56,24
E01023226,26,17
E01023227,32,21
E01023228,33,22
E01023229,28,15
E01023230,32,16
E01023231,66,20
E01023232,50,18
E01023233,56,19
E01023234,55,19
E01023235,88,27
E01023236,49,19
E01023237,32,15
E01023238,33,15
E01023239,28,13
E01023240,28,12
E01023241,28,12
E01023242,20,13
E01023243,18,12
E01023244,22,12
E01023245,67,30
E01023246,104,24
E01023247,20,10
E01023248,20,11
E01023249,24,11
E01023250,23,11
E01023251,17,11
E01023252,14,9
E01023253,23,10
E01023254,20,9
E01023255,24,12
E01023256,29,13
E01023257,23,12
E01023258,27,12
E01023259,14,9
E01023260,17,10
E01023261,16,10
E01023262,17,10
E01023263,9,7
E01023264,16,9
E01023265,20,11
E01023266,12,8
E01023267,14,8
E01023268,15,8
E01023269,10,8
E01023270,8,7
E01023271,67,24
E01023272,67,27
E01023273,68,26
E01023274,35,15
E01023275,76,28
E01023276,74,27
E01023277,42,23
E01023278,47,23
E01023279,46,23
E01023280,64,24
E01023281,42,22
E01023282,88,31
E01023284,52,21
E01023285,33,20
E01023286,43,21
E01023287,35,19
E01023288,47,22
E01023289,50,26
E01023290,45,24
E01023291,39,23
E01023292,43,26
E01023293,57,21
E01023294,50,23
E01023295,53,22
E01023296,51,22
E01023297,47,25
E01023298,43,26
E01023299,36,26
E01023300,39,25
E01023301,43,25
E01023302,48,26
E01023303,49,25
E01023304,47,26
E01023305,55,25
E01023306,53,25
E01023307,65,21
E01023308,59,23
E01023309,56,23
E01023310,55,24
E01023311,45,18
E01023312,61,21
E01023313,46,17
E01023314,62,20
E01023315,66,21
E01023316,32,20
E01023317,36,19
E01023318,34,20
E01023319,43,20
E01023320,46,22
E01023321,46,23
E01023322,45,21
E01023323,45,21
E01023324,59,22
E01023325,59,22
E01023326,54,22
E01023327,42,20
E01023328,37,19
E01023329,41,20
E01023330,39,19
E01023331,41,19
E01023332,31,23
E01023333,34,24
E01023334,42,25
E01023335,36,24
E01023336,38,24
E01023337,41,24
E01023338,46,26
E01023339,43,24
E01023340,50,26
E01023341,56,26
E01023342,55,24
E01023343,59,25
E01023344,54,25
E01023345,23,11
E01023346,21,10
E01023347,20,10
E01023348,19,10
E01023349,20,9
E01023350,14,10
E01023351,18,9
E01023352,54,24
E01023354,23,11
E01023355,29,16
E01023356,119,20
E01023357,21,11
E01023358,23,11
E01023359,24,12
E01023360,23,12
E01023361,30,18
E01023362,30,18
E01023363,43,21
E01023364,37,20
E01023365,31,17
E01023366,31,17
E01023367,29,16
E01023368,32,19
E01023369,38,20
E01023370,34,20
E01023371,46,19
E01023372,40,18
E01023373,29,16
E01023374,35,17
E01023375,58,20
E01023376,32,17
E01023377,38,18
E01023378,25,13
E01023379,19,11
E01023380,17,9
E01023381,21,11
E01023382,18,10
E01023383,29,12
E01023384,25,12
E01023385,26,11
E01023386,16,10
E01023387,15,9
E01023388,12,9
E01023389,19,11
E01023390,19,10
E01023391,19,10
E01023392,20,11
E01023393,24,12
E01023394,27,13
E01023395,27,12
E01023396,26,13
E01023397,31,14
E01023398,9,8
E01023399,19,9
E01023400,10,7
E01023401,18,9
E01023402,23,10
E01023403,21,10
E01023404,20,10
E01023405,21,10
E01023406,32,16
E01023407,30,15
E01023408,34,16
E01023409,27,12
E01023410,27,13
E01023411,25,11
E01023412,27,12
E01023413,26,13
E01023414,25,13
E01023415,27,13
E01023416,43,22
E01023417,41,21
E01023418,55,24
E01023419,58,24
E01023420,54,23
E01023421,58,23
E01023422,61,23
E01023423,54,23
E01023424,79,24
E01023425,54,23
E01023426,52,22
E01023427,20,11
E01023428,24,12
E01023429,22,10
E01023430,46,20
E01023431,84,17
E01023432,52,22
E01023433,52,22
E01023434,25,13
E01023435,31,14
E01023436,29,13
E01023437,28,14
E01023438,51,31
E01023439,56,33
E01023440,54,32
E01023441,40,29
E01023442,45,29
E01023443,51,27
E01023444,45,27
E01023445,51,27
E01023446,44,28
E01023447,52,28
E01023448,57,27
E01023449,53,31
E01023450,49,30
E01023451,50,32
E01023452,60,28
E01023453,61,30
E01023454,67,30
E01023455,53,28
E01023456,58,26
E01023457,55,26
E01023458,47,27
E01023459,57,26
E01023460,55,25
E01023461,64,27
E01023462,105,39
E01023463,92,30
E01023464,73,32
E01023465,82,32
E01023466,71,31
E01023467,81,23
E01023468,38,18
E01023469,33,19
E01023470,42,25
E01023471,53,28
E01023472,55,27
E01023473,52,28
E01023474,44,27
E01023475,61,25
E01023476,58,25
E01023477,47,23
E01023478,45,23
E01023479,45,26
E01023480,63,21
E01023481,53,26
E01023482,48,21
E01023483,41,22
E01023484,41,21
E01023485,81,26
E01023486,77,27
E01023487,46,28
E01023488,50,28
E01023489,46,27
E01023490,40,26
E01023491,74,22
E01023492,46,16
E01023493,86,34
E01023494,75,29
E01023495,84,32
E01023496,80,19
E01023497,68,24
E01023498,80,28
E01023499,32,20
E01023500,25,15
E01023501,25,18
E01023502,27,19
E01023503,26,18
E01023504,29,17
E01023505,30,18
E01023506,68,25
E01023507,87,29
E01023508,74,24
E01023509,50,18
E01023510,38,20
E01023511,37,20
E01023512,41,22
E01023513,51,24
E01023514,41,22
E01023515,54,23
E01023516,57,23
E01023517,48,23
E01023518,51,23
E01023519,46,23
E01023520,52,23
E01023523,47,21
E01023524,50,20
E01023525,46,21
E01023526,44,20
E01023527,38,19
E01023528,50,17
E01023529,49,21
E01023530,35,18
E01023531,45,20
E01023532,41,19
E01023533,50,21
E01023534,48,19
E01023535,46,20
E01023536,44,20
E01023537,40,18
E01023538,36,18
E01023539,36,19
E01023540,31,17
E01023541,32,17
E01023542,25,16
E01023543,22,16
E01023544,36,16
E01023545,34,16
E01023546,26,16
E01023547,25,15
E01023548,40,19
E01023549,39,17
E01023550,40,18
E01023551,44,18
E01023552,34,13
E01023553,30,12
E01023554,28,12
E01023555,34,14
E01023556,40,16
E01023557,37,17
E01023558,35,15
E01023559,30,11
E01023560,38,16
E01023561,36,15
E01023562,36,15
E01023563,31,14
E01023564,43,22
E01023565,41,21
E01023566,43,21
E01023567,44,18
E01023568,35,17
E01023569,40,17
E01023570,43,18
E01023571,37,19
E01023572,29,16
E01023573,23,16
E01023574,28,16
E01023575,23,15
E01023576,33,17
E01023577,29,18
E01023578,32,19
E01023579,31,18
E01023580,31,18
E01023581,57,22
E01023582,59,22
E01023583,60,20
E01023584,50,18
E01023585,85,23
E01023586,63,24
E01023587,54,19
E01023588,46,19
E01023589,46,17
E01023590,43,18
E01023591,50,17
E01023592,44,17
E01023593,47,16
E01023594,44,21
E01023595,62,22
E01023596,64,23
E01023597,80,34
E01023598,96,30
E01023600,20,12
E01023601,28,16
E01023602,32,17
E01023603,36,18
E01023604,38,18
E01023605,40,18
E01023606,24,15
E01023607,30,16
E01023608,24,15
E01023609,25,15
E01023610,33,17
E01023611,37,20
E01023612,36,19
E01023613,39,20
E01023614,26,15
E01023615,31,18
E01023616,28,18
E01023617,42,21
E01023618,38,20
E01023619,32,18
E01023620,38,21
E01023621,32,18
E01023622,38,15
E01023623,53,24
E01023624,69,27
E01023625,66,24
E01023626,69,30
E01023627,48,21
E01023628,34,20
E01023629,36,20
E01023630,35,17
E01023631,39,18
E01023632,43,20
E01023633,42,20
E01023634,44,20
E01023635,51,22
E01023636,49,21
E01023637,52,22
E01023638,53,21
E01023639,32,18
E01023640,28,17
E01023641,26,17
E01023642,34,17
E01023643,31,17
E01023644,42,19
E01023645,46,21
E01023646,47,21
E01023647,38,17
E01023648,44,19
E01023649,45,21
E01023650,53,22
E01023651,56,22
E01023652,50,21
E01023653,53,27
E01023654,58,27
E01023655,51,25
E01023656,45,25
E01023657,54,26
E01023658,59,27
E01023659,57,27
E01023660,47,26
E01023661,48,25
E01023662,53,26
E01023663,88,21
E01023664,56,27
E01023665,57,27
E01023666,52,27
E01023667,56,27
E01023668,61,28
E01023669,39,23
E01023670,38,24
E01023671,50,26
E01023672,43,24
E01023673,60,28
E01023674,53,26
E01023675,56,27
E01023676,45,26
E01023677,61,26
E01023678,60,25
E01023679,78,24
E01023680,55,25
E01023681,56,26
E01023682,57,25
E01023683,59,25
E01023684,63,24
E01023685,59,27
E01023686,56,26
E01023687,58,28
E01023688,56,28
E01023689,50,26
E01023690,50,25
E01023691,53,24
E01023692,49,26
E01023693,51,27
E01023694,50,23
E01023695,65,26
E01023696,63,23
E01023697,59,25
E01023698,63,26
E01023699,54,26
E01023700,57,27
E01023701,52,24
E01023702,49,26
E01023703,58,25
E01023704,54,21
E01023705,59,23
E01023706,58,23
E01023708,60,22
E01023709,57,30
E01023710,65,30
E01023711,63,30
E01023712,61,29
E01023713,55,28
E01023714,61,29
E01023715,54,27
E01023716,48,26
E01023717,47,22
E01023718,50,21
E01023719,49,22
E01023720,52,21
E01023721,49,22
E01023722,34,17
E01023723,33,18
E01023724,36,18
E01023725,43,20
E01023726,46,24
E01023727,43,25
E01023728,39,25
E01023729,46,25
E01023730,55,21
E01023731,53,22
E01023732,52,21
E01023733,54,21
E01023734,61,30
E01023735,59,29
E01023736,61,31
E01023737,55,21
E01023738,61,23
E01023739,59,21
E01023740,49,23
E01023741,53,23
E01023742,40,23
E01023743,44,22
E01023744,55,21
E01023745,37,23
E01023746,66,27
E01023747,67,27
E01023748,69,30
E01023749,66,28
E01023750,42,19
E01023751,41,18
E01023752,38,17
E01023753,40,17
E01023754,41,17
E01023755,31,15
E01023756,31,14
E01023757,29,14
E01023758,27,14
E01023759,35,15
E01023760,36,15
E01023761,38,15
E01023762,37,14
E01023763,43,20
E01023764,41,20
E01023765,43,18
E01023766,42,19
E01023767,42,16
E01023768,41,15
E01023769,33,14
E01023770,37,15
E01023771,31,13
E01023772,27,12
E01023773,38,14
E01023774,28,13
E01023775,22,12
E01023776,20,11
E01023777,21,10
E01023778,26,11
E01023779,30,12
E01023780,33,13
E01023781,34,12
E01023782,31,11
E01023783,33,18
E01023784,39,18
E01023785,41,19
E01023786,34,17
E01023787,19,12
E01023788,19,11
E01023789,23,13
E01023790,19,12
E01023791,36,17
E01023792,39,17
E01023793,39,17
E01023794,36,17
E01023795,22,11
E01023796,26,12
E01023797,25,13
E01023798,26,11
E01023799,17,10
E01023800,9,8
E01023801,25,13
E01023802,40,22
E01023803,43,20
E01023804,41,21
E01023805,24,14
E01023806,21,14
E01023807,40,18
E01023808,39,16
E01023809,31,14
E01023810,34,13
E01023811,32,13
E01023812,40,17
E01023813,47,19
E01023814,45,20
E01023815,44,21
E01023816,34,21
E01023817,36,21
E01023818,42,23
E01023819,22,13
E01023820,25,14
E01023821,20,12
E01023822,20,13
E01023823,21,13
E01023824,22,12
E01023825,22,12
E01023826,27,14
E01023827,29,13
E01023828,27,12
E01023829,44,20
E01023830,40,21
E01023831,42,19
E01023832,44,22
E01023833,37,19
E01023834,50,21
E01023835,45,18
E01023836,39,16
E01023837,46,17
E01023838,50,18
E01023839,26,11
E01023840,23,12
E01023841,31,11
E01023842,28,14
E01023843,25,14
E01023844,25,13
E01023845,27,11
E01023846,27,11
E01023847,40,16
E01023848,44,17
E01023849,29,12
E01023850,30,13
E01023851,29,14
E01023852,35,15
E01023853,42,16
E01023854,50,21
E01023855,28,12
E01023856,29,13
E01023857,34,14
E01023858,33,14
E01023859,22,10
E01023860,25,11
E01023861,18,10
E01023862,14,8
E01023863,10,8
E01023864,15,9
E01023865,11,8
E01023866,20,10
E01023867,14,9
E01023868,32,15
E01023869,32,13
E01023870,35,14
E01023871,35,16
E01023872,39,14
E01023873,38,16
E01023874,39,15
E01023875,43,18
E01023876,41,16
E01023877,45,18
E01023878,32,15
E01023879,30,12
E01023880,27,12
E01023881,35,16
E01023882,29,10
E01023883,19,9
E01023884,26,10
E01023885,21,10
E01023886,19,9
E01023887,34,15
E01023888,18,9
E01023889,31,14
E01023890,42,18
E01023891,43,19
E01023892,43,20
E01023893,44,19
E01023894,44,19
E01023895,29,12
E01023896,35,15
E01023897,31,14
E01023898,29,13
E01023899,10,8
E01023900,11,8
E01023901,6,7
E01023902,10,8
E01023903,9,7
E01023904,44,20
E01023905,45,20
E01023906,39,20
E01023907,38,18
E01023908,45,23
E01023909,50,22
E01023910,91,22
E01023911,36,21
E01023912,59,25
E01023913,61,26
E01023914,53,24
E01023915,51,23
E01023916,59,22
E01023917,51,23
E01023918,48,23
E01023919,55,22
E01023920,47,24
E01023921,43,23
E01023922,42,23
E01023923,47,22
E01023924,44,23
E01023925,58,26
E01023926,45,25
E01023927,47,24
E01023929,51,24
E01023930,48,24
E01023932,46,19
E01023933,50,20
E01023934,52,20
E01023935,43,22
E01023936,52,21
E01023937,52,20
E01023938,40,23
E01023939,60,27
E01023940,57,26
E01023941,52,27
E01023942,52,27
E01023943,58,28
E01023944,60,27
E01023945,58,28
E01023946,54,28
E01023947,43,15
E01023948,33,15
E01023949,43,17
E01023950,66,28
E01023951,61,27
E01023952,62,27
E01023953,63,28
E01023954,51,26
E01023955,60,28
E01023956,54,26
E01023957,55,27
E01023958,53,27
E01023959,53,24
E01023960,53,23
E01023961,54,23
E01023962,51,22
E01023963,44,23
E01023964,50,22
E01023965,41,20
E01023966,42,20
E01023967,39,22
E01023968,47,19
E01023969,58,20
E01023970,46,20
E01023971,40,22
E01023972,24,11
E01023973,31,12
E01023974,35,18
E01023975,33,17
E01023976,32,17
E01023977,40,18
E01023978,112,37
E01023979,78,37
E01023980,43,15
E01023981,45,16
E01023983,34,14
E01023984,38,15
E01023985,85,22
E01023986,46,19
E01023987,53,20
E01023988,71,22
E01023989,59,20
E01023990,73,18
E01023992,28,15
E01023993,40,16
E01023995,18,10
E01023996,16,11
E01023997,100,34
E01023998,94,41
E01023999,32,13
E01024001,32,16
E01024002,31,16
E01024003,18,10
E01024004,11,8
E01024005,18,10
E01024006,41,17
E01024008,40,17
E01024009,63,39
E01024010,49,36
E01024011,73,34
E01024012,73,35
E01024013,33,18
E01024014,58,23
E01024015,36,17
E01024016,41,18
E01024017,46,19
E01024019,38,17
E01024020,39,17
E01024021,27,14
E01024022,31,15
E01024023,20,12
E01024024,63,37
E01024025,59,38
E01024026,71,38
E01024027,27,15
E01024028,37,18
E01024029,32,16
E01024031,63,25
E01024032,71,30
E01024033,71,22
E01024034,39,16
E01024035,76,26
E01024036,100,31
E01024037,55,23
E01024038,73,30
E01024039,56,23
E01024040,51,17
E01024041,67,17
E01024042,43,20
E01024043,33,17
E01024044,13,8
E01024045,20,9
E01024046,11,7
E01024047,27,13
E01024048,23,10
E01024049,24,12
E01024052,50,18
E01024053,43,15
E01024054,30,17
E01024055,57,25
E01024056,47,24
E01024057,52,26
E01024058,55,26
E01024059,54,27
E01024060,47,25
E01024061,52,26
E01024062,51,24
E01024063,56,26
E01024064,54,27
E01024065,57,28
E01024066,56,28
E01024067,35,16
E01024068,30,15
E01024069,50,26
E01024070,49,26
E01024071,55,27
E01024072,50,27
E01024073,49,27
E01024074,48,26
E01024075,46,26
E01024076,51,26
E01024077,46,24
E01024078,54,28
E01024079,49,29
E01024080,53,28
E01024081,53,29
E01024082,51,27
E01024083,52,28
E01024084,35,17
E01024085,48,20
E01024086,44,23
E01024087,51,24
E01024088,27,13
E01024089,32,15
E01024090,27,13
E01024091,28,14
E01024092,25,12
E01024093,23,11
E01024094,55,27
E01024095,54,27
E01024096,56,27
E01024097,56,27
E01024098,56,27
E01024099,33,15
E01024100,36,14
E01024101,31,14
E01024102,31,13
E01024103,29,12
E01024104,28,12
E01024105,56,26
E01024106,46,25
E01024107,45,23
E01024108,63,25
E01024109,57,24
E01024110,39,18
E01024111,38,20
E01024112,33,19
E01024113,34,17
E01024114,59,27
E01024115,57,27
E01024116,56,27
E01024117,59,29
E01024118,53,28
E01024119,58,28
E01024120,59,29
E01024121,27,12
E01024122,29,13
E01024123,32,13
E01024124,22,11
E01024126,32,14
E01024127,34,12
E01024128,30,11
E01024129,17,9
E01024130,20,9
E01024131,8,7
E01024132,32,13
E01024133,17,10
E01024134,19,11
E01024135,32,12
E01024136,19,11
E01024137,22,12
E01024138,17,10
E01024139,17,9
E01024140,31,12
E01024141,29,12
E01024142,30,13
E01024143,28,12
E01024144,37,17
E01024145,36,16
E01024146,38,16
E01024147,31,17
E01024148,31,13
E01024149,34,14
E01024150,56,19
E01024151,57,19
E01024152,56,16
E01024153,58,18
E01024154,30,13
E01024155,32,13
E01024156,27,12
E01024157,43,16
E01024158,41,16
E01024159,53,20
E01024160,49,19
E01024161,22,11
E01024162,26,12
E01024163,20,10
E01024164,22,12
E01024165,28,14
E01024166,34,16
E01024167,30,14
E01024168,31,15
E01024169,17,9
E01024170,21,10
E01024171,16,8
E01024172,26,10
E01024173,43,15
E01024174,43,16
E01024175,42,16
E01024176,31,15
E01024177,29,14
E01024178,33,14
E01024179,34,15
E01024180,32,16
E01024181,28,15
E01024182,23,15
E01024183,27,18
E01024184,27,17
E01024185,27,16
E01024186,30,18
E01024187,32,16
E01024188,41,17
E01024189,31,17
E01024190,48,27
E01024191,43,25
E01024192,42,25
E01024193,46,29
E01024194,48,31
E01024195,53,29
E01024196,49,29
E01024197,44,29
E01024198,75,28
E01024200,94,32
E01024201,87,37
E01024202,71,33
E01024203,45,21
E01024204,62,25
E01024205,74,26
E01024206,67,30
E01024207,70,29
E01024208,67,30
E01024209,39,24
E01024212,57,34
E01024213,56,34
E01024214,47,33
E01024215,44,33
E01024216,53,34
E01024217,70,40
E01024218,69,40
E01024219,73,40
E01024220,60,41
E01024221,68,40
E01024222,73,41
E01024223,76,40
E01024224,67,41
E01024225,73,41
E01024226,81,40
E01024227,73,42
E01024228,59,42
E01024229,67,42
E01024230,64,43
E01024231,62,42
E01024232,80,40
E01024233,50,29
E01024234,58,29
E01024235,44,29
E01024236,84,35
E01024237,80,35
E01024238,68,32
E01024239,46,31
E01024240,52,32
E01024241,45,30
E01024242,74,30
E01024243,58,28
E01024244,56,27
E01024245,76,30
E01024246,47,32
E01024247,49,32
E01024248,51,32
E01024249,58,35
E01024250,70,42
E01024251,65,41
E01024252,69,42
E01024253,69,41
E01024254,45,27
E01024255,54,27
E01024256,51,27
E01024257,46,23
E01024258,48,24
E01024259,54,24
E01024260,49,23
E01024261,57,25
E01024262,45,20
E01024263,47,20
E01024264,46,20
E01024265,51,21
E01024266,53,21
E01024267,50,22
E01024268,59,21
E01024269,62,20
E01024270,47,24
E01024271,58,24
E01024272,56,24
E01024273,73,30
E01024274,75,31
E01024275,74,31
E01024276,41,19
E01024277,38,18
E01024278,35,17
E01024279,39,19
E01024280,38,18
E01024281,42,18
E01024282,45,20
E01024283,45,19
E01024284,43,20
E01024285,44,20
E01024286,41,20
E01024287,40,19
E01024288,40,18
E01024290,43,20
E01024291,45,22
E01024292,46,21
E01024293,51,25
E01024294,56,26
E01024295,45,23
E01024296,49,24
E01024297,62,24
E01024298,62,25
E01024299,65,25
E01024300,60,23
E01024301,67,23
E01024302,55,26
E01024303,64,22
E01024304,60,22
E01024305,58,23
E01024306,59,23
E01024307,56,23
E01024308,51,24
E01024309,61,26
E01024310,56,25
E01024311,53,26
E01024312,59,25
E01024313,52,22
E01024314,53,24
E01024315,55,24
E01024316,62,21
E01024317,48,21
E01024318,50,21
E01024319,57,22
E01024320,16,15
E01024321,22,15
E01024322,25,14
E01024323,29,14
E01024324,34,15
E01024325,20,10
E01024326,42,21
E01024327,45,21
E01024328,46,23
E01024329,49,23
E01024330,47,22
E01024331,64,19
E01024332,83,23
E01024333,41,20
E01024334,41,22
E01024335,51,19
E01024336,39,19
E01024337,41,19
E01024338,42,21
E01024339,21,12
E01024340,24,12
E01024341,19,11
E01024342,53,16
E01024343,49,14
E01024344,56,16
E01024345,53,18
E01024346,45,12
E01024347,59,23
E01024348,43,21
E01024349,51,22
E01024350,51,23
E01024351,36,18
E01024352,30,15
E01024353,41,18
E01024354,42,19
E01024355,35,16
E01024356,20,11
E01024357,16,9
E01024358,16,8
E01024360,21,10
E01024361,59,22
E01024362,85,22
E01024363,58,24
E01024364,66,33
E01024365,60,33
E01024366,98,26
E01024367,14,10
E01024369,15,8
E01024371,31,15
E01024372,31,15
E01024373,31,15
E01024374,33,15
E01024375,74,27
E01024376,48,17
E01024377,43,19
E01024378,59,18
E01024379,74,23
E01024380,58,27
E01024381,50,27
E01024382,35,16
E01024383,35,16
E01024384,36,18
E01024385,48,18
E01024386,43,17
E01024387,80,27
E01024388,52,22
E01024389,50,23
E01024390,55,24
E01024391,44,20
E01024392,39,17
E01024393,49,21
E01024394,41,18
E01024395,43,19
E01024396,44,20
E01024397,48,22
E01024398,47,21
E01024399,52,23
E01024400,48,22
E01024401,28,14
E01024402,47,17
E01024403,36,15
E01024404,46,17
E01024405,42,17
E01024406,64,30
E01024407,58,28
E01024408,61,29
E01024409,64,30
E01024410,59,25
E01024411,70,27
E01024413,52,22
E01024414,52,22
E01024415,54,24
E01024416,56,19
E01024417,61,22
E01024418,56,22
E01024419,74,25
E01024420,82,32
E01024421,39,19
E01024422,43,21
E01024423,49,22
E01024424,47,24
E01024425,59,35
E01024426,51,34
E01024427,56,33
E01024428,63,36
E01024429,64,36
E01024430,68,37
E01024431,54,22
E01024432,49,17
E01024433,51,20
E01024434,48,15
E01024435,66,26
E01024436,71,25
E01024437,76,23
E01024438,57,23
E01024439,36,15
E01024440,35,17
E01024441,46,19
E01024442,59,23
E01024443,45,18
E01024444,46,18
E01024445,39,20
E01024446,39,20
E01024447,35,19
E01024448,66,29
E01024449,69,28
E01024450,69,29
E01024451,48,20
E01024452,73,22
E01024453,54,24
E01024454,64,21
E01024455,62,25
E01024456,62,25
E01024457,58,27
E01024458,65,25
E01024459,63,18
E01024460,49,27
E01024461,50,26
E01024462,53,20
E01024463,47,23
E01024464,55,21
E01024465,51,25
E01024466,52,27
E01024467,46,24
E01024468,48,25
E01024469,39,24
E01024470,41,25
E01024471,47,23
E01024472,50,19
E01024473,49,19
E01024474,44,22
E01024475,40,20
E01024476,45,23
E01024477,49,22
E01024478,52,22
E01024479,41,21
E01024480,43,22
E01024481,52,21
E01024482,50,23
E01024483,60,25
E01024484,85,29
E01024485,60,26
E01024486,95,34
E01024487,96,36
E01024488,102,38
E01024489,88,31
E01024490,45,26
E01024491,61,20
E01024492,67,21
E01024493,64,21
E01024494,67,20
E01024495,62,22
E01024496,53,24
E01024497,63,25
E01024498,56,24
E01024499,55,24
E01024500,57,24
E01024501,56,24
E01024502,55,24
E01024503,65,26
E01024504,63,26
E01024505,64,26
E01024507,55,24
E01024508,53,24
E01024509,59,24
E01024510,60,24
E01024511,55,23
E01024512,59,21
E01024513,58,22
E01024514,51,22
E01024515,61,23
E01024516,63,21
E01024517,52,23
E01024518,57,24
E01024519,70,24
E01024520,53,22
E01024521,62,24
E01024522,65,25
E01024523,58,23
E01024524,61,25
E01024525,67,25
E01024526,72,24
E01024527,69,24
E01024528,72,23
E01024529,72,25
E01024530,80,27
E01024531,61,24
E01024532,94,47
E01024533,92,50
E01024534,85,45
E01024535,85,48
E01024536,48,21
E01024537,101,45
E01024538,103,42
E01024539,94,41
E01024540,90,41
E01024541,46,25
E01024542,49,25
E01024544,44,27
E01024545,69,25
E01024546,33,21
E01024547,50,26
E01024548,79,33
E01024549,87,33
E01024550,59,23
E01024551,44,22
E01024552,46,21
E01024553,41,23
E01024554,63,30
E01024555,48,23
E01024556,69,21
E01024557,48,18
E01024558,49,19
E01024559,46,33
E01024560,49,34
E01024561,47,34
E01024562,48,33
E01024563,51,24
E01024564,53,25
E01024565,81,26
E01024566,87,32
E01024567,55,33
E01024568,58,32
E01024569,53,32
E01024570,51,27
E01024571,39,28
E01024572,37,23
E01024573,41,24
E01024575,46,27
E01024576,46,35
E01024577,43,35
E01024578,53,36
E01024579,47,35
E01024580,100,57
E01024581,104,59
E01024582,49,33
E01024583,53,35
E01024584,50,34
E01024585,75,47
E01024586,78,49
E01024587,81,48
E01024588,83,49
E01024589,76,47
E01024590,55,37
E01024591,61,37
E01024592,56,37
E01024593,61,38
E01024594,64,45
E01024595,67,46
E01024596,56,45
E01024597,66,46
E01024598,71,47
E01024599,50,37
E01024600,53,37
E01024601,55,37
E01024602,42,23
E01024603,46,23
E01024604,56,26
E01024605,52,25
E01024606,51,35
E01024608,47,36
E01024609,66,50
E01024610,74,50
E01024611,70,50
E01024612,71,50
E01024613,68,49
E01024614,67,50
E01024615,79,52
E01024616,77,51
E01024618,94,53
E01024619,71,46
E01024620,77,47
E01024621,74,47
E01024622,59,30
E01024623,46,31
E01024624,64,32
E01024625,43,21
E01024626,41,22
E01024627,53,25
E01024628,87,34
E01024629,62,34
E01024630,60,34
E01024631,69,34
E01024632,58,33
E01024633,27,11
E01024634,30,11
E01024635,30,11
E01024636,36,17
E01024637,38,17
E01024638,31,15
E01024639,33,16
E01024640,37,17
E01024641,34,16
E01024642,43,13
E01024643,35,12
E01024644,33,12
E01024645,33,14
E01024646,40,16
E01024647,38,15
E01024648,37,15
E01024649,41,16
E01024650,47,17
E01024651,44,16
E01024652,59,17
E01024653,29,12
E01024654,29,11
E01024655,27,10
E01024656,28,10
E01024657,19,9
E01024658,22,9
E01024659,19,9
E01024660,23,10
E01024661,17,8
E01024662,23,9
E01024663,19,10
E01024664,11,7
E01024665,15,8
E01024666,18,9
E01024667,40,15
E01024668,33,14
E01024669,39,15
E01024670,35,15
E01024671,41,15
E01024672,26,11
E01024673,24,11
E01024674,20,10
E01024675,40,12
E01024676,13,8
E01024677,10,7
E01024678,15,9
E01024679,50,17
E01024680,43,16
E01024681,39,16
E01024682,36,14
E01024683,30,13
E01024684,36,14
E01024685,31,13
E01024686,27,12
E01024687,31,13
E01024688,22,12
E01024689,15,10
E01024690,22,11
E01024691,18,11
E01024692,19,10
E01024693,25,10
E01024694,8,7
E01024695,10,8
E01024696,16,9
E01024697,12,8
E01024698,41,15
E01024699,40,14
E01024700,36,14
E01024701,44,15
E01024702,47,20
E01024703,49,21
E01024704,49,20
E01024705,37,12
E01024706,29,11
E01024707,35,12
E01024708,41,14
E01024709,35,13
E01024710,15,10
E01024711,20,11
E01024712,21,12
E01024713,25,15
E01024714,25,13
E01024715,22,13
E01024716,26,13
E01024717,22,13
E01024718,23,15
E01024719,33,16
E01024720,38,19
E01024721,50,20
E01024722,39,20
E01024723,68,27
E01024724,65,27
E01024725,47,29
E01024726,48,28
E01024727,53,22
E01024728,52,20
E01024729,37,17
E01024730,43,19
E01024731,46,19
E01024732,27,15
E01024733,32,16
E01024734,36,18
E01024735,30,17
E01024736,31,16
E01024737,35,18
E01024740,39,16
E01024741,34,18
E01024742,36,17
E01024743,41,19
E01024744,50,20
E01024745,45,21
E01024746,45,20
E01024747,46,22
E01024748,39,17
E01024749,44,18
E01024750,41,17
E01024751,44,18
E01024752,44,20
E01024753,42,19
E01024754,48,20
E01024755,64,29
E01024756,28,15
E01024757,20,14
E01024758,31,13
E01024760,41,22
E01024761,45,20
E01024762,43,20
E01024763,37,20
E01024764,35,20
E01024765,34,20
E01024766,22,12
E01024767,18,12
E01024768,29,15
E01024771,53,22
E01024772,54,21
E01024773,54,23
E01024774,58,23
E01024775,36,18
E01024776,39,19
E01024777,39,19
E01024778,20,13
E01024779,19,12
E01024780,25,13
E01024781,27,15
E01024782,39,20
E01024783,40,21
E01024784,42,21
E01024785,40,21
E01024786,72,27
E01024787,84,30
E01024788,72,33
E01024789,108,38
E01024790,67,32
E01024791,66,31
E01024792,45,19
E01024793,31,15
E01024794,43,22
E01024795,38,20
E01024796,39,20
E01024797,40,20
E01024798,32,14
E01024799,30,18
E01024800,38,19
E01024801,25,17
E01024802,29,16
E01024803,93,34
E01024804,85,22
E01024805,52,18
E01024806,66,23
E01024807,66,31
E01024808,66,31
E01024809,59,33
E01024810,73,31
E01024811,33,17
E01024812,53,19
E01024813,35,17
E01024814,34,18
E01024815,37,18
E01024816,39,17
E01024817,33,18
E01024818,37,19
E01024819,26,17
E01024820,31,16
E01024821,23,15
E01024822,21,14
E01024823,20,15
E01024824,35,16
E01024825,14,10
E01024826,14,9
E01024827,15,10
E01024828,13,9
E01024829,45,21
E01024830,43,20
E01024831,43,20
E01024832,25,16
E01024833,25,16
E01024834,29,16
E01024835,34,15
E01024836,33,15
E01024837,38,16
E01024838,34,17
E01024839,19,12
E01024840,22,13
E01024841,22,13
E01024842,19,14
E01024843,28,16
E01024844,37,17
E01024845,38,15
E01024846,41,17
E01024847,33,15
E01024848,36,17
E01024849,36,17
E01024850,36,16
E01024851,47,23
E01024852,45,21
E01024853,54,22
E01024854,49,18
E01024855,21,11
E01024856,15,8
E01024857,21,9
E01024858,20,10
E01024859,16,8
E01024860,22,10
E01024861,15,8
E01024862,16,8
E01024863,20,12
E01024864,21,11
E01024865,21,11
E01024866,21,12
E01024867,20,13
E01024868,25,15
E01024869,25,14
E01024870,29,17
E01024871,39,15
E01024872,39,15
E01024873,41,16
E01024874,40,16
E01024875,16,9
E01024876,16,9
E01024877,19,10
E01024878,19,10
E01024879,41,19
E01024880,40,18
E01024881,38,16
E01024882,38,17
E01024883,52,18
E01024884,44,20
E01024885,47,18
E01024886,45,19
E01024887,50,21
E01024888,44,22
E01024889,47,18
E01024890,49,20
E01024891,7,7
E01024892,9,7
E01024893,14,8
E01024894,13,8
E01024895,12,8
E01024896,14,9
E01024897,7,7
E01024898,10,7
E01024899,35,17
E01024900,38,16
E01024901,45,19
E01024902,37,18
E01024903,40,15
E01024904,32,12
E01024905,37,15
E01024906,28,12
E01024907,36,14
E01024908,35,15
E01024909,32,13
E01024910,34,14
E01024911,34,17
E01024912,42,19
E01024913,35,18
E01024914,42,18
E01024915,29,18
E01024916,37,19
E01024917,40,19
E01024918,33,19
E01024919,18,10
E01024920,14,10
E01024921,48,19
E01024922,26,18
E01024923,42,17
E01024924,36,15
E01024925,24,11
E01024926,27,11
E01024927,26,11
E01024928,27,10
E01024929,20,9
E01024930,21,9
E01024931,18,9
E01024932,27,11
E01024933,12,8
E01024934,24,11
E01024935,31,12
E01024936,21,10
E01024937,12,8
E01024938,28,13
E01024939,27,14
E01024940,20,11
E01024941,22,12
E01024942,25,13
E01024943,27,14
E01024944,30,16
E01024945,28,12
E01024946,23,16
E01024947,20,14
E01024948,19,13
E01024949,21,12
E01024950,16,11
E01024951,26,16
E01024952,25,16
E01024953,25,16
E01024954,23,15
E01024955,24,16
E01024956,34,18
E01024957,32,18
E01024958,34,18
E01024959,33,17
E01024960,32,16
E01024961,33,18
E01024962,35,16
E01024963,45,19
E01024964,67,24
E01024965,50,19
E01024966,43,20
E01024967,37,12
E01024968,27,11
E01024969,34,12
E01024970,30,11
E01024971,37,12
E01024972,30,11
E01024973,33,16
E01024974,60,22
E01024975,60,20
E01024976,47,21
E01024977,27,12
E01024978,40,18
E01024979,30,14
E01024980,37,16
E01024981,68,26
E01024982,63,26
E01024983,64,25
E01024984,54,23
E01024985,61,24
E01024986,56,24
E01024987,56,24
E01024988,59,25
E01024989,59,23
E01024990,64,27
E01024991,64,27
E01024992,70,27
E01024993,38,20
E01024994,65,26
E01024995,66,27
E01024996,64,26
E01024997,48,24
E01024998,53,25
E01024999,50,25
E01025000,50,25
E01025001,67,23
E01025002,59,24
E01025003,61,25
E01025004,64,23
E01025005,64,22
E01025006,64,23
E01025007,48,22
E01025008,52,25
E01025009,44,22
E01025010,51,24
E01025011,50,23
E01025012,45,21
E01025013,41,21
E01025014,58,23
E01025015,49,23
E01025016,74,24
E01025017,63,25
E01025018,70,24
E01025019,52,24
E01025020,61,28
E01025021,61,27
E01025022,65,28
E01025023,66,24
E01025024,51,20
E01025025,61,23
E01025026,36,17
E01025027,25,12
E01025028,20,11
E01025029,56,28
E01025030,53,27
E01025031,47,21
E01025032,53,22
E01025033,50,21
E01025034,49,19
E01025035,52,21
E01025036,45,20
E01025037,50,20
E01025038,48,23
E01025039,48,24
E01025040,49,22
E01025041,37,18
E01025042,42,18
E01025044,46,17
E01025045,50,18
E01025046,42,17
E01025048,60,24
E01025049,54,22
E01025050,52,23
E01025051,52,21
E01025052,53,21
E01025053,47,21
E01025054,53,16
E01025055,45,15
E01025056,52,17
E01025057,45,20
E01025058,45,20
E01025059,49,21
E01025060,46,20
E01025061,53,23
E01025062,48,21
E01025063,44,21
E01025064,54,22
E01025065,47,21
E01025066,52,22
E01025067,46,20
E01025068,46,20
E01025069,50,20
E01025070,40,17
E01025071,38,17
E01025072,39,17
E01025073,35,17
E01025074,37,16
E01025075,41,16
E01025076,46,16
E01025077,42,15
E01025078,41,14
E01025079,30,12
E01025080,32,13
E01025081,41,14
E01025082,50,18
E01025083,44,17
E01025084,47,19
E01025085,32,19
E01025086,32,19
E01025087,30,19
E01025088,42,25
E01025089,30,21
E01025090,33,23
E01025091,20,12
E01025092,22,12
E01025093,13,11
E01025094,13,10
E01025095,17,10
E01025096,36,24
E01025097,42,22
E01025098,36,23
E01025099,16,12
E01025100,23,13
E01025101,21,13
E01025102,15,11
E01025103,24,13
E01025105,42,20
E01025106,24,16
E01025107,24,16
E01025108,34,18
E01025109,52,20
E01025110,31,22
E01025111,31,21
E01025112,29,21
E01025113,32,21
E01025114,29,23
E01025115,29,22
E01025116,34,23
E01025117,32,22
E01025118,33,22
E01025119,34,22
E01025120,32,23
E01025121,31,24
E01025122,30,23
E01025123,33,22
E01025124,33,22
E01025125,12,8
E01025126,20,10
E01025127,18,10
E01025128,12,8
E01025129,11,8
E01025130,48,25
E01025131,35,18
E01025132,62,28
E01025133,35,19
E01025136,26,20
E01025137,24,18
E01025138,25,19
E01025139,27,20
E01025140,31,20
E01025141,15,9
E01025142,20,11
E01025143,18,11
E01025144,11,8
E01025145,14,8
E01025146,16,9
E01025147,10,8
E01025148,58,30
E01025149,20,14
E01025150,19,14
E01025151,13,13
E01025152,24,15
E01025153,20,15
E01025154,24,15
E01025155,15,14
E01025156,14,14
E01025157,13,14
E01025158,32,19
E01025159,29,18
E01025160,33,20
E01025161,28,18
E01025162,27,18
E01025163,25,17
E01025164,20,16
E01025165,17,16
E01025166,47,27
E01025167,67,30
E01025168,42,25
E01025169,44,25
E01025170,30,20
E01025171,28,20
E01025172,28,19
E01025173,25,18
E01025174,38,14
E01025175,37,16
E01025176,33,15
E01025177,44,18
E01025178,37,22
E01025179,41,20
E01025180,47,22
E01025181,32,15
E01025182,28,13
E01025183,27,14
E01025184,28,13
E01025185,16,10
E01025186,13,9
E01025187,17,10
E01025188,17,11
E01025189,19,12
E01025190,20,11
E01025191,69,30
E01025192,61,29
E01025193,64,30
E01025194,64,29
E01025195,67,28
E01025196,62,28
E01025197,70,29
E01025198,62,28
E01025199,55,26
E01025200,54,27
E01025201,54,27
E01025202,50,25
E01025203,43,21
E01025204,55,16
E01025205,39,19
E01025206,42,19
E01025207,36,18
E01025208,40,19
E01025209,33,14
E01025210,32,14
E01025211,49,13
E01025212,15,9
E01025213,14,8
E01025214,15,9
E01025215,16,9
E01025216,31,14
E01025217,26,12
E01025218,25,12
E01025219,28,13
E01025220,41,18
E01025221,42,17
E01025222,39,17
E01025223,35,16
E01025224,18,11
E01025225,19,11
E01025226,35,16
E01025227,35,17
E01025228,33,16
E01025229,23,11
E01025230,24,12
E01025231,26,14
E01025232,26,14
E01025233,24,13
E01025234,27,16
E01025235,29,15
E01025236,30,16
E01025237,24,14
E01025238,26,15
E01025239,16,10
E01025240,17,11
E01025241,16,9
E01025242,16,9
E01025243,16,10
E01025244,20,13
E01025245,24,13
E01025246,22,13
E01025247,32,15
E01025248,35,17
E01025249,35,18
E01025250,34,16
E01025251,18,10
E01025252,22,13
E01025253,22,12
E01025254,24,13
E01025255,23,13
E01025256,12,8
E01025257,21,11
E01025258,17,9
E01025259,15,9
E01025260,23,13
E01025261,20,13
E01025262,22,14
E01025263,25,13
E01025264,23,14
E01025265,28,17
E01025266,27,15
E01025267,27,16
E01025268,30,17
E01025269,31,16
E01025270,33,17
E01025271,32,17
E01025272,32,17
E01025273,24,14
E01025274,19,11
E01025275,21,12
E01025276,17,10
E01025277,26,13
E01025278,34,20
E01025279,68,22
E01025280,40,17
E01025281,29,16
E01025282,45,18
E01025283,39,18
E01025284,36,17
E01025285,31,15
E01025286,36,17
E01025287,29,16
E01025288,36,16
E01025289,30,17
E01025290,28,16
E01025291,36,17
E01025292,21,13
E01025293,23,14
E01025294,23,13
E01025295,26,15
E01025296,33,16
E01025297,32,15
E01025298,31,15
E01025299,7,7
E01025300,10,8
E01025301,13,9
E01025302,9,7
E01025303,11,8
E01025304,35,18
E01025305,30,17
E01025306,28,16
E01025308,17,10
E01025309,23,11
E01025310,23,12
E01025311,23,12
E01025312,25,13
E01025313,19,11
E01025314,26,14
E01025315,86,36
E01025316,44,23
E01025317,46,23
E01025318,50,25
E01025319,62,27
E01025320,103,44
E01025321,70,31
E01025322,79,34
E01025323,59,22
E01025324,44,19
E01025325,45,23
E01025326,54,24
E01025327,53,25
E01025328,47,23
E01025329,65,33
E01025330,62,32
E01025331,102,31
E01025332,45,21
E01025333,44,22
E01025334,63,30
E01025335,60,30
E01025336,54,20
E01025337,47,19
E01025338,58,31
E01025339,65,32
E01025340,55,20
E01025341,56,20
E01025342,58,28
E01025343,63,21
E01025344,53,31
E01025345,59,32
E01025346,60,30
E01025347,63,31
E01025348,80,35
E01025349,83,35
E01025350,54,27
E01025351,55,29
E01025352,46,21
E01025353,41,19
E01025354,67,28
E01025355,53,27
E01025356,50,26
E01025357,50,24
E01025358,49,23
E01025359,26,18
E01025360,24,16
E01025361,46,25
E01025362,47,23
E01025363,30,20
E01025364,37,22
E01025365,41,22
E01025366,33,21
E01025367,49,25
E01025368,41,25
E01025369,36,24
E01025370,40,25
E01025371,49,30
E01025373,49,27
E01025374,54,29
E01025375,20,12
E01025376,23,15
E01025377,43,22
E01025378,36,20
E01025379,35,22
E01025380,38,22
E01025381,41,24
E01025382,34,24
E01025383,33,22
E01025384,45,26
E01025385,46,26
E01025387,44,25
E01025388,41,26
E01025389,41,25
E01025390,42,26
E01025391,53,29
E01025392,49,30
E01025393,49,25
E01025394,52,28
E01025395,43,24
E01025396,35,22
E01025397,31,21
E01025398,34,22
E01025399,40,20
E01025400,37,18
E01025401,41,19
E01025402,43,19
E01025403,47,21
E01025404,45,20
E01025405,38,18
E01025406,45,19
E01025407,41,19
E01025408,44,19
E01025409,47,19
E01025410,51,20
E01025411,50,22
E01025412,50,22
E01025413,38,19
E01025414,44,20
E01025415,36,19
E01025416,43,21
E01025417,39,19
E01025418,39,19
E01025419,46,22
E01025420,39,21
E01025421,41,19
E01025422,39,18
E01025423,41,18
E01025424,40,20
E01025425,41,18
E01025426,40,18
E01025427,49,20
E01025428,49,21
E01025429,52,21
E01025430,32,16
E01025431,36,17
E01025433,38,18
E01025434,34,16
E01025435,33,16
E01025436,57,27
E01025437,55,26
E01025438,52,27
E01025439,49,24
E01025440,50,26
E01025441,48,26
E01025442,44,19
E01025443,48,19
E01025444,44,20
E01025445,37,18
E01025446,36,18
E01025447,34,18
E01025448,45,19
E01025449,48,20
E01025450,49,21
E01025451,53,21
E01025452,50,21
E01025453,46,23
E01025454,59,23
E01025455,62,24
E01025456,48,20
E01025457,34,20
E01025458,40,21
E01025459,36,19
E01025460,41,20
E01025461,44,21
E01025462,48,21
E01025463,43,21
E01025464,39,21
E01025465,42,20
E01025466,40,19
E01025467,43,20
E01025468,53,20
E01025469,53,19
E01025470,52,20
E01025471,52,20
E01025472,34,15
E01025473,30,15
E01025474,41,22
E01025475,27,14
E01025476,29,13
E01025477,28,14
E01025478,31,13
E01025479,31,15
E01025480,47,20
E01025481,46,19
E01025482,47,21
E01025483,34,16
E01025484,36,16
E01025485,35,18
E01025486,28,14
E01025487,33,16
E01025488,13,9
E01025489,13,8
E01025490,16,10
E01025491,14,9
E01025492,40,21
E01025493,46,21
E01025494,43,20
E01025495,26,16
E01025496,65,33
E01025497,62,33
E01025498,64,31
E01025499,20,11
E01025500,17,11
E01025501,19,11
E01025502,22,12
E01025503,44,22
E01025504,45,21
E01025505,46,21
E01025506,46,17
E01025507,56,22
E01025508,56,23
E01025509,49,21
E01025510,52,22
E01025511,56,23
E01025512,43,22
E01025513,42,23
E01025514,30,13
E01025515,32,16
E01025516,20,11
E01025517,20,11
E01025518,17,10
E01025519,22,12
E01025520,27,17
E01025521,34,18
E01025522,29,17
E01025523,30,16
E01025524,28,16
E01025525,27,16
E01025526,22,15
E01025527,41,20
E01025528,50,22
E01025529,53,22
E01025530,61,29
E01025531,65,24
E01025532,55,28
E01025533,50,27
E01025534,46,22
E01025535,49,22
E01025536,48,22
E01025537,46,22
E01025538,38,20
E01025539,46,21
E01025540,51,24
E01025541,50,21
E01025542,47,21
E01025543,45,21
E01025544,43,20
E01025545,27,16
E01025546,22,14
E01025547,44,20
E01025548,35,24
E01025549,53,26
E01025550,32,16
E01025551,30,16
E01025552,31,17
E01025553,39,23
E01025554,50,22
E01025555,51,22
E01025556,48,22
E01025557,53,23
E01025558,36,26
E01025559,48,25
E01025560,41,26
E01025561,40,23
E01025562,50,25
E01025563,44,33
E01025564,43,33
E01025565,46,36
E01025566,21,11
E01025567,22,14
E01025568,15,9
E01025569,19,12
E01025570,44,21
E01025571,46,22
E01025572,50,23
E01025573,58,27
E01025574,59,26
E01025575,60,26
E01025576,38,19
E01025577,38,20
E01025578,57,25
E01025579,58,26
E01025580,55,25
E01025581,60,27
E01025582,57,26
E01025583,59,27
E01025584,60,27
E01025585,53,30
E01025586,47,39
E01025587,51,39
E01025588,51,40
E01025589,45,37
E01025590,57,27
E01025591,60,27
E01025592,61,27
E01025593,55,26
E01025594,35,19
E01025595,33,20
E01025596,45,21
E01025597,38,21
E01025598,23,14
E01025599,25,14
E01025600,23,13
E01025601,40,20
E01025602,46,19
E01025603,45,21
E01025604,42,20
E01025605,57,27
E01025606,60,28
E01025607,58,27
E01025608,55,27
E01025609,44,23
E01025610,33,23
E01025611,34,24
E01025612,36,24
E01025613,49,25
E01025614,50,25
E01025615,45,25
E01025616,41,25
E01025617,45,25
E01025618,43,25
E01025619,43,25
E01025620,46,27
E01025621,63,28
E01025622,25,11
E01025623,19,10
E01025624,30,12
E01025625,40,23
E01025626,38,22
E01025627,30,21
E01025629,23,11
E01025630,16,11
E01025631,49,19
E01025632,50,21
E01025633,42,17
E01025634,45,19
E01025635,45,18
E01025636,35,17
E01025637,32,17
E01025638,47,19
E01025639,42,16
E01025640,49,17
E01025641,42,26
E01025642,34,23
E01025643,42,24
E01025644,41,26
E01025645,46,27
E01025646,34,23
E01025647,36,24
E01025648,38,24
E01025649,45,24
E01025650,45,25
E01025651,42,24
E01025652,33,16
E01025653,31,15
E01025654,35,16
E01025655,26,15
E01025656,31,15
E01025657,30,20
E01025658,42,20
E01025659,31,22
E01025660,28,19
E01025661,89,28
E01025662,84,27
E01025663,85,28
E01025664,73,27
E01025665,80,27
E01025666,37,16
E01025667,34,15
E01025668,40,17
E01025669,37,17
E01025670,26,13
E01025671,25,13
E01025672,22,13
E01025673,22,12
E01025674,48,22
E01025675,47,23
E01025676,56,25
E01025677,53,24
E01025678,40,17
E01025679,45,16
E01025680,47,17
E01025681,39,16
E01025682,51,18
E01025683,47,16
E01025684,42,17
E01025685,62,22
E01025686,61,22
E01025687,47,20
E01025688,57,25
E01025689,63,29
E01025690,67,29
E01025692,73,32
E01025693,72,31
E01025695,69,28
E01025696,74,32
E01025697,65,30
E01025698,69,30
E01025699,48,26
E01025700,47,26
E01025701,53,24
E01025702,61,24
E01025703,48,27
E01025704,58,29
E01025705,41,28
E01025706,45,28
E01025707,71,29
E01025708,78,29
E01025709,65,27
E01025710,75,28
E01025711,72,26
E01025712,71,26
E01025713,70,26
E01025714,77,26
E01025715,62,23
E01025716,68,24
E01025717,70,25
E01025718,55,25
E01025719,61,24
E01025720,54,26
E01025721,53,27
E01025722,62,30
E01025723,58,28
E01025724,55,28
E01025725,65,30
E01025726,61,19
E01025727,58,20
E01025728,59,19
E01025729,66,20
E01025730,67,23
E01025731,59,22
E01025732,67,22
E01025733,66,22
E01025734,65,23
E01025735,61,20
E01025736,44,16
E01025737,55,18
E01025738,56,18
E01025739,55,19
E01025740,81,29
E01025741,81,29
E01025742,80,29
E01025743,84,30
E01025744,87,30
E01025745,90,31
E01025746,84,31
E01025747,84,30
E01025748,48,21
E01025749,50,23
E01025750,51,23
E01025751,47,22
E01025752,53,21
E01025753,49,20
E01025754,51,20
E01025755,42,19
E01025756,42,18
E01025757,50,17
E01025758,45,18
E01025759,47,20
E01025760,66,29
E01025761,71,28
E01025762,49,19
E01025763,48,19
E01025764,46,19
E01025765,45,18
E01025766,48,19
E01025767,50,19
E01025768,65,24
E01025769,59,21
E01025770,79,24
E01025771,76,31
E01025772,63,27
E01025773,63,26
E01025774,62,26
E01025775,55,27
E01025776,55,27
E01025777,68,27
E01025778,62,28
E01025779,61,28
E01025780,61,27
E01025781,55,21
E01025782,55,19
E01025783,78,20
E01025784,61,28
E01025785,51,27
E01025786,48,27
E01025787,51,28
E01025788,82,30
E01025789,71,29
E01025790,61,25
E01025791,56,24
E01025792,57,24
E01025793,67,26
E01025794,57,26
E01025795,48,26
E01025796,42,24
E01025797,50,24
E01025798,43,23
E01025799,47,22
E01025800,44,22
E01025801,48,26
E01025802,55,27
E01025803,55,26
E01025804,50,26
E01025805,55,26
E01025806,46,25
E01025807,42,24
E01025808,91,24
E01025809,97,31
E01025810,120,31
E01025812,31,14
E01025813,31,14
E01025814,39,17
E01025815,98,25
E01025816,80,28
E01025817,46,23
E01025818,76,22
E01025819,75,30
E01025820,71,29
E01025821,60,28
E01025822,62,29
E01025823,68,30
E01025824,61,28
E01025825,60,28
E01025826,69,30
E01025827,43,24
E01025828,39,25
E01025829,45,23
E01025830,34,25
E01025831,37,24
E01025832,28,23
E01025833,39,25
E01025834,35,24
E01025835,39,23
E01025836,42,25
E01025837,101,30
E01025838,81,29
E01025839,61,30
E01025840,59,29
E01025841,65,29
E01025842,62,30
E01025843,56,29
E01025844,57,29
E01025845,23,14
E01025846,20,13
E01025847,20,14
E01025848,21,14
E01025849,43,21
E01025850,48,23
E01025851,50,22
E01025852,47,22
E01025853,43,19
E01025854,49,21
E01025855,46,20
E01025856,44,20
E01025857,43,20
E01025858,51,23
E01025859,52,24
E01025860,57,25
E01025861,58,25
E01025862,60,25
E01025863,54,24
E01025864,53,23
E01025865,53,24
E01025866,52,23
E01025867,51,22
E01025868,31,20
E01025869,28,19
E01025870,29,19
E01025871,37,22
E01025872,61,26
E01025873,86,26
E01025874,55,23
E01025875,61,26
E01025876,45,21
E01025877,26,16
E01025878,44,28
E01025879,24,16
E01025880,27,17
E01025881,71,21
E01025882,120,28
E01025883,70,31
E01025884,68,32
E01025885,47,21
E01025886,48,22
E01025887,68,30
E01025888,69,28
E01025889,75,33
E01025890,94,34
E01025891,108,35
E01025892,57,31
E01025893,59,37
E01025894,52,36
E01025895,60,33
E01025896,58,34
E01025897,58,34
E01025898,64,37
E01025899,62,37
E01025900,67,38
E01025901,64,38
E01025902,59,40
E01025903,56,38
E01025904,77,38
E01025905,70,38
E01025906,72,39
E01025907,58,34
E01025908,56,35
E01025909,81,32
E01025910,94,35
E01025911,63,36
E01025912,81,38
E01025913,118,34
E01025914,87,36
E01025915,79,35
E01025916,76,33
E01025917,81,33
E01025918,78,32
E01025919,85,35
E01025920,74,33
E01025921,81,34
E01025923,91,33
E01025924,98,34
E01025925,60,28
E01025926,62,30
E01025927,61,30
E01025928,62,30
E01025929,61,29
E01025930,56,29
E01025931,52,29
E01025932,46,28
E01025933,50,30
E01025934,58,29
E01025935,50,30
E01025936,52,30
E01025937,51,29
E01025938,52,28
E01025939,49,27
E01025940,66,31
E01025941,91,34
E01025942,65,31
E01025943,64,31
E01025944,76,30
E01025945,77,25
E01025946,78,25
E01025947,89,34
E01025948,88,35
E01025949,86,34
E01025950,69,28
E01025951,90,30
E01025952,74,29
E01025953,92,32
E01025954,92,30
E01025955,97,36
E01025956,88,33
E01025957,54,30
E01025958,70,32
E01025959,56,30
E01025960,67,35
E01025961,57,33
E01025962,72,34
E01025963,91,38
E01025964,89,36
E01025965,75,34
E01025966,56,33
E01025967,53,32
E01025968,58,34
E01025969,57,32
E01025970,38,19
E01025971,31,18
E01025972,32,19
E01025973,19,13
E01025974,21,15
E01025975,22,15
E01025976,23,17
E01025977,24,16
E01025978,24,17
E01025979,28,16
E01025980,31,16
E01025981,33,16
E01025982,45,20
E01025983,36,18
E01025984,43,20
E01025985,37,19
E01025986,34,19
E01025987,35,19
E01025988,42,21
E01025989,40,20
E01025990,38,22
E01025991,39,23
E01025992,31,21
E01025993,36,22
E01025994,34,19
E01025995,32,18
E01025997,30,19
E01025998,43,23
E01025999,30,21
E01026000,35,22
E01026001,36,21
E01026003,27,19
E01026004,25,19
E01026005,28,19
E01026006,22,14
E01026007,25,15
E01026008,40,15
E01026009,26,18
E01026010,33,15
E01026011,34,14
E01026012,26,12
E01026013,23,11
E01026014,34,15
E01026015,32,13
E01026016,76,29
E01026017,83,26
E01026018,46,21
E01026019,52,21
E01026020,48,21
E01026021,18,10
E01026022,18,10
E01026023,32,25
E01026024,71,23
E01026025,21,12
E01026026,29,13
E01026027,32,14
E01026028,22,11
E01026029,32,17
E01026030,27,14
E01026031,33,15
E01026032,29,14
E01026033,55,28
E01026034,60,28
E01026035,37,16
E01026036,21,12
E01026037,27,13
E01026038,34,13
E01026039,32,17
E01026040,34,18
E01026041,31,18
E01026042,73,57
E01026043,75,57
E01026044,98,63
E01026045,75,30
E01026046,94,53
E01026047,96,51
E01026048,98,66
E01026049,110,68
E01026050,101,67
E01026051,55,38
E01026052,43,38
E01026053,53,41
E01026054,47,41
E01026055,120,47
E01026056,61,44
E01026057,48,22
E01026058,120,46
E01026059,55,39
E01026060,75,34
E01026061,32,16
E01026062,28,16
E01026063,30,15
E01026064,63,49
E01026065,60,49
E01026066,52,46
E01026067,55,48
E01026068,90,44
E01026069,92,59
E01026070,104,40
E01026071,92,45
E01026072,120,71
E01026073,111,72
E01026074,120,71
E01026075,57,35
E01026076,94,35
E01026077,57,33
E01026078,55,33
E01026079,98,46
E01026080,59,23
E01026081,63,35
E01026082,86,47
E01026083,66,50
E01026084,66,51
E01026085,80,51
E01026087,64,34
E01026088,65,34
E01026089,64,35
E01026090,72,36
E01026091,76,37
E01026092,56,50
E01026093,60,50
E01026094,62,50
E01026095,69,52
E01026096,73,52
E01026097,61,51
E01026098,25,16
E01026099,115,56
E01026100,58,39
E01026101,53,39
E01026102,37,26
E01026103,91,73
E01026104,106,75
E01026105,102,49
E01026106,55,21
E01026107,64,28
E01026108,72,36
E01026109,103,74
E01026110,51,40
E01026111,49,34
E01026112,44,40
E01026113,93,57
E01026114,64,51
E01026115,83,54
E01026116,74,52
E01026117,120,57
E01026118,77,49
E01026119,77,48
E01026120,71,49
E01026121,36,29
E01026122,15,10
E01026123,13,9
E01026124,16,9
E01026125,11,8
E01026126,18,10
E01026127,53,23
E01026128,57,23
E01026129,54,24
E01026130,50,21
E01026131,51,22
E01026132,26,14
E01026133,30,14
E01026134,30,15
E01026135,33,16
E01026136,40,18
E01026137,43,20
E01026138,45,21
E01026139,42,21
E01026140,45,21
E01026141,39,20
E01026142,41,20
E01026143,24,12
E01026144,27,14
E01026145,27,12
E01026146,25,13
E01026147,31,13
E01026148,24,11
E01026149,29,14
E01026150,30,13
E01026151,28,12
E01026152,16,10
E01026153,15,12
E01026154,15,9
E01026155,19,13
E01026156,19,10
E01026157,16,11
E01026158,53,22
E01026159,56,23
E01026160,59,24
E01026161,42,19
E01026162,48,21
E01026163,58,24
E01026164,24,10
E01026165,20,11
E01026166,27,11
E01026167,15,9
E01026168,29,12
E01026169,47,20
E01026170,41,19
E01026171,50,22
E01026172,37,18
E01026173,41,18
E01026174,31,16
E01026175,34,17
E01026176,22,14
E01026177,24,14
E01026178,28,14
E01026179,59,39
E01026180,77,42
E01026182,67,29
E01026183,120,50
E01026184,48,25
E01026185,49,25
E01026186,44,21
E01026187,48,21
E01026188,45,23
E01026189,43,21
E01026190,49,23
E01026191,53,27
E01026192,75,19
E01026193,80,24
E01026194,54,32
E01026195,56,30
E01026196,46,27
E01026197,85,33
E01026198,93,30
E01026199,77,28
E01026200,77,35
E01026201,78,39
E01026202,72,36
E01026203,39,19
E01026204,42,23
E01026205,43,23
E01026206,43,23
E01026207,120,42
E01026208,92,36
E01026209,70,33
E01026210,98,45
E01026211,60,32
E01026212,55,34
E01026213,51,34
E01026214,47,22
E01026215,45,22
E01026218,46,24
E01026219,49,23
E01026220,49,23
E01026221,95,32
E01026222,59,38
E01026223,70,39
E01026224,62,39
E01026225,56,22
E01026226,53,21
E01026227,54,31
E01026228,53,30
E01026229,84,34
E01026230,75,34
E01026231,55,32
E01026232,62,33
E01026233,52,30
E01026234,52,29
E01026235,62,32
E01026236,68,33
E01026237,46,22
E01026238,49,24
E01026239,81,24
E01026240,80,23
E01026241,85,35
E01026242,70,33
E01026243,65,32
E01026244,94,37
E01026245,96,38
E01026246,113,38
E01026247,79,34
E01026248,108,37
E01026249,118,36
E01026250,99,37
E01026251,96,36
E01026252,96,35
E01026253,104,37
E01026254,114,33
E01026255,97,32
E01026256,107,33
E01026257,106,33
E01026258,90,36
E01026259,106,41
E01026260,86,35
E01026262,83,39
E01026263,79,38
E01026264,72,37
E01026265,83,35
E01026266,67,36
E01026267,75,36
E01026268,79,35
E01026269,78,36
E01026270,83,37
E01026271,80,37
E01026272,73,36
E01026273,72,38
E01026274,79,40
E01026275,69,38
E01026276,104,35
E01026277,85,27
E01026278,94,28
E01026279,89,28
E01026280,120,39
E01026281,101,37
E01026282,103,38
E01026283,108,37
E01026284,106,31
E01026285,105,40
E01026286,85,36
E01026287,80,30
E01026288,71,29
E01026289,81,28
E01026290,85,44
E01026291,20,15
E01026292,16,13
E01026293,22,14
E01026294,16,11
E01026296,88,37
E01026297,79,36
E01026298,75,35
E01026299,78,36
E01026300,84,36
E01026301,80,36
E01026302,80,36
E01026303,59,25
E01026304,82,25
E01026305,62,25
E01026306,63,24
E01026307,62,24
E01026308,27,15
E01026309,18,15
E01026310,18,14
E01026311,19,15
E01026312,24,15
E01026313,20,12
E01026314,30,21
E01026315,34,20
E01026316,69,36
E01026317,16,13
E01026318,23,15
E01026319,28,15
E01026320,30,13
E01026321,24,13
E01026322,18,13
E01026323,15,11
E01026324,18,12
E01026325,16,12
E01026326,12,11
E01026327,16,11
E01026328,13,12
E01026329,38,25
E01026330,89,38
E01026331,51,25
E01026332,61,26
E01026333,46,19
E01026334,65,25
E01026335,55,24
E01026336,61,25
E01026337,58,24
E01026338,70,34
E01026339,58,30
E01026340,19,13
E01026341,86,39
E01026342,96,41
E01026343,18,13
E01026344,21,14
E01026345,16,11
E01026346,79,29
E01026347,69,28
E01026348,76,29
E01026349,66,27
E01026350,60,25
E01026351,61,26
E01026352,8,7
E01026353,10,9
E01026354,12,9
E01026355,37,17
E01026356,88,26
E01026357,81,26
E01026358,79,27
E01026359,77,26
E01026360,73,32
E01026361,71,40
E01026362,65,27
E01026363,93,31
E01026364,64,28
E01026365,46,20
E01026366,56,34
E01026367,43,27
E01026368,48,30
E01026369,16,15
E01026370,19,14
E01026371,19,17
E01026372,36,20
E01026373,28,19
E01026374,67,43
E01026375,64,44
E01026376,64,42
E01026377,66,42
E01026378,67,39
E01026379,59,40
E01026380,62,40
E01026381,70,38
E01026382,53,43
E01026383,57,42
E01026384,61,41
E01026385,83,37
E01026386,61,31
E01026387,116,38
E01026388,69,40
E01026389,53,33
E01026390,54,33
E01026391,76,37
E01026392,66,33
E01026393,25,16
E01026394,22,14
E01026395,22,15
E01026396,48,22
E01026397,49,21
E01026398,46,22
E01026399,57,26
E01026400,48,21
E01026401,55,25
E01026402,43,23
E01026403,68,33
E01026404,59,31
E01026405,33,20
E01026406,24,18
E01026407,59,33
E01026408,74,39
E01026409,64,28
E01026410,63,32
E01026411,99,31
E01026412,34,21
E01026413,33,21
E01026414,53,25
E01026415,105,30
E01026416,66,33
E01026419,103,33
E01026420,83,28
E01026421,120,33
E01026422,63,26
E01026423,60,25
E01026424,93,44
E01026425,62,28
E01026426,56,28
E01026427,57,27
E01026428,63,30
E01026429,53,28
E01026430,52,26
E01026431,64,30
E01026432,67,28
E01026433,74,29
E01026434,69,28
E01026435,110,35
E01026436,105,33
E01026437,120,46
E01026438,120,40
E01026439,120,35
E01026440,100,34
E01026441,120,38
E01026442,120,44
E01026443,120,40
E01026444,120,42
E01026445,85,30
E01026446,88,36
E01026447,58,24
E01026448,58,23
E01026449,56,24
E01026450,60,25
E01026451,104,33
E01026452,85,33
E01026453,78,32
E01026454,64,28
E01026455,62,32
E01026456,71,33
E01026457,73,34
E01026458,71,34
E01026459,63,31
E01026461,85,31
E01026462,105,39
E01026464,86,41
E01026465,58,35
E01026466,69,37
E01026467,58,35
E01026468,59,34
E01026469,63,36
E01026470,75,36
E01026471,71,35
E01026472,71,37
E01026473,75,37
E01026474,55,34
E01026475,51,32
E01026476,51,34
E01026477,52,33
E01026478,56,33
E01026479,58,25
E01026480,41,26
E01026481,52,21
E01026483,107,42
E01026484,75,29
E01026485,120,32
E01026486,52,44
E01026487,48,45
E01026488,52,43
E01026489,63,45
E01026490,61,43
E01026491,108,37
E01026492,95,47
E01026493,104,43
E01026494,120,41
E01026495,120,42
E01026496,120,44
E01026497,59,29
E01026498,60,29
E01026499,75,36
E01026500,82,36
E01026501,84,36
E01026502,88,39
E01026503,80,37
E01026504,114,33
E01026505,87,28
E01026506,80,29
E01026507,77,26
E01026508,66,24
E01026509,64,23
E01026510,68,26
E01026511,79,34
E01026512,79,28
E01026513,71,28
E01026514,81,36
E01026515,70,33
E01026516,78,36
E01026517,75,35
E01026518,82,26
E01026519,79,25
E01026520,63,23
E01026521,67,23
E01026522,115,43
E01026523,102,41
E01026524,86,24
E01026525,115,33
E01026526,60,22
E01026527,60,21
E01026528,62,21
E01026529,58,19
E01026530,48,22
E01026531,48,21
E01026532,53,21
E01026533,71,29
E01026534,80,31
E01026535,66,29
E01026536,58,28
E01026537,59,28
E01026538,84,37
E01026539,89,31
E01026540,62,25
E01026541,61,26
E01026542,57,25
E01026543,55,24
E01026544,64,26
E01026545,65,27
E01026546,57,26
E01026547,109,39
E01026548,104,40
E01026549,68,26
E01026550,68,31
E01026551,70,30
E01026552,64,30
E01026553,57,26
E01026554,56,27
E01026555,56,25
E01026556,53,25
E01026557,53,26
E01026558,64,28
E01026559,55,26
E01026560,59,27
E01026561,56,27
E01026562,72,25
E01026563,80,27
E01026564,74,25
E01026565,76,26
E01026566,76,24
E01026567,75,24
E01026568,73,25
E01026569,60,26
E01026570,60,26
E01026571,57,25
E01026572,54,26
E01026573,54,25
E01026574,48,24
E01026575,49,24
E01026576,52,26
E01026577,43,25
E01026578,64,30
E01026579,70,33
E01026580,69,35
E01026581,36,14
E01026582,38,14
E01026583,33,13
E01026584,32,13
E01026585,27,12
E01026586,23,11
E01026587,33,13
E01026588,25,12
E01026589,56,25
E01026590,52,24
E01026591,58,26
E01026592,53,24
E01026593,54,24
E01026594,48,22
E01026595,40,18
E01026596,41,18
E01026597,32,17
E01026598,35,17
E01026599,43,18
E01026600,27,13
E01026601,23,12
E01026602,24,13
E01026603,21,11
E01026604,20,11
E01026605,71,31
E01026606,77,35
E01026607,70,31
E01026608,64,29
E01026609,84,31
E01026610,21,10
E01026611,18,10
E01026612,16,9
E01026613,31,17
E01026614,37,16
E01026615,28,16
E01026616,33,16
E01026617,14,9
E01026618,14,9
E01026619,17,9
E01026620,18,10
E01026621,17,9
E01026622,35,18
E01026623,33,16
E01026624,35,16
E01026625,35,16
E01026626,37,17
E01026627,57,28
E01026628,60,27
E01026629,53,28
E01026630,20,11
E01026631,22,11
E01026632,21,11
E01026633,26,14
E01026634,31,15
E01026635,32,15
E01026636,66,34
E01026637,61,36
E01026638,60,36
E01026639,46,19
E01026640,44,20
E01026641,48,20
E01026642,70,29
E01026643,66,22
E01026644,78,34
E01026645,96,44
E01026646,109,49
E01026647,52,19
E01026648,94,54
E01026649,91,51
E01026650,99,49
E01026651,76,40
E01026652,120,34
E01026653,27,18
E01026654,27,18
E01026655,30,18
E01026656,44,35
E01026659,88,35
E01026660,75,30
E01026661,73,32
E01026662,21,9
E01026663,15,9
E01026664,13,8
E01026665,23,17
E01026666,20,11
E01026667,29,13
E01026668,18,11
E01026669,26,12
E01026670,30,13
E01026671,26,13
E01026672,29,14
E01026673,29,14
E01026674,37,16
E01026675,33,19
E01026676,50,24
E01026677,42,24
E01026678,44,25
E01026679,90,29
E01026680,49,29
E01026681,86,32
E01026682,51,29
E01026683,46,29
E01026684,120,30
E01026685,77,27
E01026686,60,28
E01026687,27,13
E01026688,33,14
E01026689,24,13
E01026690,30,14
E01026691,36,17
E01026692,37,16
E01026693,19,10
E01026694,96,27
E01026695,67,34
E01026696,60,23
E01026697,63,23
E01026698,21,13
E01026699,25,14
E01026700,28,14
E01026701,38,20
E01026702,36,21
E01026703,49,24
E01026704,39,15
E01026705,40,16
E01026706,34,14
E01026707,64,29
E01026708,33,15
E01026709,33,14
E01026710,32,12
E01026711,61,24
E01026712,61,23
E01026713,60,21
E01026714,13,9
E01026715,96,37
E01026716,98,43
E01026717,83,33
E01026718,33,22
E01026719,84,27
E01026720,68,26
E01026721,58,25
E01026722,50,23
E01026723,44,16
E01026724,42,14
E01026725,54,16
E01026726,66,24
E01026727,89,27
E01026728,73,31
E01026729,101,50
E01026730,75,56
E01026731,118,64
E01026732,119,59
E01026733,104,56
E01026734,101,57
E01026735,102,56
E01026736,103,58
E01026737,107,46
E01026738,116,58
E01026739,115,57
E01026740,119,54
E01026741,116,63
E01026742,102,58
E01026743,98,57
E01026744,79,38
E01026745,53,40
E01026746,48,39
E01026747,51,40
E01026748,63,42
E01026749,60,42
E01026750,120,62
E01026751,120,64
E01026752,120,60
E01026753,90,52
E01026754,98,54
E01026755,99,54
E01026756,93,53
E01026757,99,54
E01026758,94,52
E01026759,87,51
E01026760,84,51
E01026761,90,50
E01026762,115,57
E01026763,89,58
E01026764,80,57
E01026765,112,55
E01026766,107,53
E01026767,107,43
E01026768,86,41
E01026769,103,44
E01026770,113,66
E01026771,116,65
E01026772,115,66
E01026773,114,65
E01026774,90,47
E01026775,102,48
E01026776,96,47
E01026777,95,56
E01026778,102,56
E01026779,99,55
E01026780,83,38
E01026781,113,60
E01026782,66,45
E01026783,75,41
E01026784,82,43
E01026785,104,45
E01026786,120,53
E01026787,108,47
E01026788,88,45
E01026789,108,45
E01026790,95,49
E01026791,25,15
E01026792,23,15
E01026793,27,14
E01026794,20,14
E01026796,27,12
E01026797,57,23
E01026798,55,21
E01026799,59,23
E01026800,52,22
E01026801,52,22
E01026802,47,24
E01026803,55,26
E01026804,53,25
E01026805,56,27
E01026806,52,24
E01026807,48,23
E01026808,51,25
E01026809,57,27
E01026810,24,14
E01026811,31,17
E01026812,29,15
E01026813,26,14
E01026814,29,16
E01026815,24,15
E01026816,36,20
E01026817,44,20
E01026818,45,19
E01026819,43,19
E01026820,37,17
E01026821,43,19
E01026822,33,19
E01026823,37,21
E01026824,35,18
E01026825,41,18
E01026826,38,22
E01026827,39,18
E01026828,51,19
E01026829,47,20
E01026830,45,21
E01026831,40,21
E01026832,48,21
E01026833,47,20
E01026834,49,20
E01026835,35,17
E01026836,30,16
E01026837,31,17
E01026838,32,16
E01026839,32,16
E01026840,33,17
E01026841,41,22
E01026842,45,22
E01026843,49,22
E01026844,48,23
E01026845,43,23
E01026846,41,22
E01026848,44,23
E01026849,41,23
E01026850,45,22
E01026852,32,18
E01026853,31,19
E01026855,25,18
E01026856,29,17
E01026857,26,16
E01026858,26,14
E01026859,29,15
E01026860,25,14
E01026861,26,13
E01026862,28,15
E01026863,36,16
E01026864,42,16
E01026865,36,15
E01026866,39,17
E01026867,35,14
E01026868,32,14
E01026869,36,15
E01026870,38,20
E01026871,52,21
E01026872,96,38
E01026873,114,47
E01026874,111,43
E01026875,72,29
E01026876,77,29
E01026877,113,36
E01026878,115,32
E01026879,89,32
E01026880,62,28
E01026881,33,14
E01026882,21,12
E01026883,31,14
E01026884,50,21
E01026885,55,22
E01026886,104,37
E01026887,98,40
E01026888,76,46
E01026889,91,48
E01026891,86,47
E01026892,75,41
E01026893,83,41
E01026894,91,44
E01026895,25,16
E01026896,56,18
E01026897,104,31
E01026898,81,35
E01026899,97,34
E01026900,93,48
E01026901,90,48
E01026902,88,48
E01026903,101,30
E01026904,83,33
E01026905,32,16
E01026906,35,16
E01026907,31,15
E01026908,27,14
E01026909,35,30
E01026910,52,30
E01026911,75,30
E01026912,78,31
E01026913,57,22
E01026914,56,18
E01026915,55,21
E01026916,37,17
E01026917,32,17
E01026918,40,17
E01026919,55,20
E01026920,83,24
E01026921,47,20
E01026922,46,20
E01026924,47,19
E01026925,32,17
E01026926,54,22
E01026927,61,24
E01026928,58,24
E01026929,62,24
E01026930,66,28
E01026931,105,47
E01026932,98,48
E01026933,35,19
E01026934,89,41
E01026935,101,46
E01026936,55,21
E01026937,47,20
E01026938,60,27
E01026939,70,30
E01026940,79,29
E01026941,75,24
E01026942,61,23
E01026943,79,29
E01026944,120,30
E01026945,46,19
E01026946,37,20
E01026947,59,23
E01026948,60,25
E01026949,45,23
E01026950,44,23
E01026951,41,23
E01026952,48,24
E01026953,38,19
E01026954,34,19
E01026955,26,18
E01026956,30,18
E01026957,40,22
E01026958,49,23
E01026959,41,21
E01026960,41,22
E01026961,41,21
E01026962,49,22
E01026963,35,21
E01026965,40,21
E01026966,37,20
E01026967,41,22
E01026968,32,21
E01026969,53,23
E01026970,56,24
E01026971,51,24
E01026972,50,24
E01026973,53,21
E01026974,58,22
E01026975,56,22
E01026976,61,22
E01026977,69,20
E01026978,51,22
E01026979,116,30
E01026980,64,25
E01026981,60,23
E01026982,57,24
E01026983,60,23
E01026984,51,22
E01026985,41,20
E01026986,76,27
E01026987,68,29
E01026988,69,27
E01026989,69,28
E01026990,63,27
E01026991,64,29
E01026992,64,27
E01026993,106,32
E01026994,68,23
E01026997,50,22
E01026998,68,24
E01026999,51,23
E01027000,55,26
E01027001,56,26
E01027002,71,25
E01027003,54,26
E01027004,71,29
E01027005,105,25
E01027006,49,21
E01027007,72,30
E01027008,69,29
E01027009,75,28
E01027010,71,27
E01027011,73,27
E01027012,61,29
E01027013,59,30
E01027014,61,28
E01027015,51,29
E01027016,54,27
E01027017,51,29
E01027018,39,21
E01027019,37,23
E01027020,33,21
E01027021,81,32
E01027022,52,28
E01027023,61,22
E01027024,78,31
E01027025,58,29
E01027026,111,28
E01027027,54,29
E01027028,74,32
E01027029,63,31
E01027030,116,23
E01027031,120,30
E01027032,82,25
E01027033,110,27
E01027034,70,31
E01027035,88,32
E01027037,69,31
E01027038,60,26
E01027039,61,26
E01027040,59,26
E01027041,62,26
E01027042,70,28
E01027043,120,31
E01027044,83,28
E01027045,104,24
E01027046,74,31
E01027047,67,30
E01027048,68,31
E01027049,67,30
E01027050,120,26
E01027051,91,28
E01027052,91,28
E01027053,92,28
E01027054,92,27
E01027055,90,27
E01027056,92,27
E01027057,82,27
E01027058,90,32
E01027059,81,31
E01027060,78,31
E01027061,85,32
E01027062,73,30
E01027063,81,28
E01027064,86,28
E01027065,76,28
E01027066,85,32
E01027067,84,31
E01027068,85,32
E01027069,81,31
E01027070,84,30
E01027071,85,31
E01027072,84,29
E01027073,80,29
E01027074,92,30
E01027075,61,23
E01027076,56,23
E01027077,59,23
E01027078,57,23
E01027079,23,10
E01027080,27,10
E01027081,33,12
E01027082,25,11
E01027083,31,12
E01027084,38,17
E01027085,35,16
E01027086,37,16
E01027087,28,12
E01027088,29,12
E01027089,26,11
E01027090,44,18
E01027091,43,17
E01027092,43,18
E01027094,28,18
E01027095,31,18
E01027096,30,15
E01027097,32,14
E01027098,32,15
E01027099,27,13
E01027100,26,12
E01027101,44,18
E01027102,44,19
E01027103,50,17
E01027104,14,9
E01027105,15,10
E01027106,19,10
E01027107,32,19
E01027108,30,18
E01027109,30,19
E01027110,16,9
E01027111,20,11
E01027112,23,11
E01027113,22,10
E01027114,29,12
E01027115,16,10
E01027116,24,10
E01027117,7,8
E01027119,27,15
E01027120,34,16
E01027121,36,17
E01027122,34,15
E01027123,22,14
E01027124,19,14
E01027125,28,15
E01027126,23,14
E01027127,30,12
E01027128,29,12
E01027129,105,24
E01027130,30,14
E01027131,31,13
E01027132,22,11
E01027133,17,10
E01027134,18,10
E01027135,20,10
E01027136,22,11
E01027137,38,16
E01027138,43,17
E01027139,36,15
E01027140,45,17
E01027141,38,17
E01027142,44,17
E01027143,38,19
E01027144,40,20
E01027145,44,19
E01027146,41,19
E01027147,40,18
E01027148,46,20
E01027149,48,21
E01027151,27,13
E01027152,29,13
E01027153,22,11
E01027154,26,12
E01027155,17,10
E01027156,27,14
E01027158,28,14
E01027159,28,14
E01027160,32,15
E01027161,28,15
E01027162,36,16
E01027163,36,16
E01027164,45,16
E01027165,40,16
E01027166,38,15
E01027167,38,15
E01027168,27,15
E01027169,25,13
E01027170,25,13
E01027171,33,17
E01027172,27,14
E01027173,25,13
E01027174,41,18
E01027175,39,18
E01027176,37,17
E01027177,42,16
E01027178,47,18
E01027179,29,15
E01027180,27,14
E01027181,28,15
E01027182,29,16
E01027183,34,18
E01027184,21,12
E01027185,28,13
E01027186,23,12
E01027187,24,12
E01027188,26,14
E01027189,25,13
E01027190,34,16
E01027191,30,13
E01027192,32,13
E01027193,37,19
E01027194,38,18
E01027195,32,16
E01027196,36,18
E01027197,39,18
E01027198,33,17
E01027199,42,18
E01027200,42,18
E01027201,33,15
E01027202,29,14
E01027203,34,15
E01027204,32,16
E01027205,30,15
E01027206,40,16
E01027207,42,19
E01027208,43,20
E01027209,42,21
E01027210,43,19
E01027211,46,20
E01027212,41,21
E01027213,40,18
E01027214,37,18
E01027215,40,19
E01027216,37,17
E01027217,36,18
E01027218,32,17
E01027219,29,16
E01027220,31,15
E01027221,38,20
E01027222,36,20
E01027223,11,10
E01027224,9,9
E01027225,17,10
E01027226,15,10
E01027227,15,10
E01027228,8,8
E01027229,34,15
E01027230,36,16
E01027231,36,16
E01027232,39,17
E01027233,40,18
E01027234,41,17
E01027235,35,16
E01027236,32,15
E01027237,31,15
E01027238,26,14
E01027239,32,14
E01027240,36,17
E01027241,28,13
E01027242,30,14
E01027243,32,17
E01027244,32,16
E01027245,45,21
E01027246,42,19
E01027247,39,19
E01027248,34,17
E01027249,35,18
E01027250,39,17
E01027252,44,18
E01027253,42,18
E01027254,42,19
E01027255,25,12
E01027256,25,12
E01027257,20,12
E01027258,26,12
E01027259,32,15
E01027260,28,14
E01027261,120,28
E01027262,110,36
E01027263,51,22
E01027264,60,26
E01027265,63,27
E01027266,64,27
E01027267,61,26
E01027268,57,24
E01027269,58,25
E01027270,68,27
E01027271,61,25
E01027272,65,25
E01027273,56,16
E01027274,92,18
E01027275,33,19
E01027276,53,19
E01027277,59,29
E01027279,44,20
E01027280,65,21
E01027281,59,21
E01027282,59,25
E01027283,81,25
E01027284,87,21
E01027285,49,22
E01027286,44,21
E01027287,54,26
E01027288,40,18
E01027289,73,30
E01027290,120,23
E01027291,40,16
E01027292,41,17
E01027293,42,17
E01027294,57,22
E01027295,83,32
E01027296,104,23
E01027297,120,24
E01027298,68,28
E01027299,67,28
E01027300,72,29
E01027301,67,26
E01027302,63,27
E01027303,66,28
E01027304,100,28
E01027305,80,21
E01027306,120,31
E01027307,104,22
E01027308,44,19
E01027309,43,24
E01027310,53,25
E01027311,51,25
E01027312,47,25
E01027313,43,26
E01027314,41,25
E01027315,37,25
E01027316,40,26
E01027317,53,23
E01027318,52,24
E01027319,50,24
E01027320,56,23
E01027321,51,23
E01027322,36,21
E01027323,35,21
E01027324,40,21
E01027325,37,21
E01027326,58,22
E01027327,53,22
E01027328,54,22
E01027329,44,22
E01027330,49,26
E01027331,52,25
E01027332,47,24
E01027333,47,24
E01027334,56,25
E01027335,81,27
E01027336,75,26
E01027337,81,26
E01027338,45,19
E01027339,57,25
E01027340,49,25
E01027341,54,25
E01027342,59,25
E01027343,50,25
E01027344,50,25
E01027345,52,24
E01027346,59,25
E01027347,58,25
E01027348,52,28
E01027349,45,25
E01027350,47,25
E01027351,44,24
E01027352,47,25
E01027353,65,23
E01027354,55,27
E01027355,60,27
E01027356,68,44
E01027357,75,46
E01027358,77,45
E01027359,76,48
E01027361,46,33
E01027362,51,31
E01027363,49,33
E01027364,51,32
E01027365,94,49
E01027366,115,60
E01027367,94,50
E01027368,106,53
E01027369,101,54
E01027370,94,39
E01027371,88,45
E01027372,70,36
E01027373,112,65
E01027374,118,69
E01027375,120,87
E01027376,82,88
E01027377,77,87
E01027378,83,88
E01027379,98,85
E01027380,109,79
E01027381,120,87
E01027382,115,97
E01027383,120,74
E01027384,120,69
E01027385,95,84
E01027386,95,84
E01027387,84,85
E01027388,94,85
E01027389,98,85
E01027390,118,82
E01027391,46,18
E01027392,42,17
E01027393,42,16
E01027394,47,18
E01027395,49,17
E01027396,46,17
E01027397,48,17
E01027398,48,16
E01027399,45,17
E01027400,47,17
E01027401,47,17
E01027402,49,19
E01027403,47,18
E01027404,44,19
E01027405,43,18
E01027406,39,20
E01027407,44,19
E01027408,45,19
E01027409,42,20
E01027410,41,20
E01027411,42,19
E01027412,43,21
E01027413,40,21
E01027414,46,19
E01027415,44,18
E01027416,44,18
E01027417,35,22
E01027418,46,23
E01027419,32,21
E01027420,41,19
E01027421,42,20
E01027422,52,19
E01027423,50,18
E01027424,37,15
E01027425,40,15
E01027426,52,20
E01027427,52,21
E01027428,53,22
E01027429,43,20
E01027430,50,21
E01027431,44,19
E01027432,43,21
E01027433,45,21
E01027434,44,20
E01027435,39,18
E01027436,42,20
E01027437,46,22
E01027438,41,22
E01027439,52,21
E01027440,43,21
E01027441,42,21
E01027442,45,20
E01027443,40,28
E01027444,37,27
E01027445,37,16
E01027446,26,17
E01027447,106,41
E01027448,77,26
E01027449,36,26
E01027450,80,35
E01027451,17,14
E01027452,45,24
E01027453,44,24
E01027455,59,26
E01027456,59,26
E01027457,42,23
E01027458,49,26
E01027460,49,25
E01027461,50,23
E01027462,34,19
E01027463,39,19
E01027464,41,25
E01027465,40,23
E01027466,43,26
E01027468,46,26
E01027469,52,25
E01027471,56,27
E01027472,66,31
E01027473,84,29
E01027474,32,21
E01027475,38,21
E01027476,14,9
E01027477,94,38
E01027478,38,31
E01027479,78,43
E01027480,92,25
E01027481,21,13
E01027482,28,14
E01027483,31,18
E01027484,48,26
E01027485,40,28
E01027486,37,28
E01027487,41,27
E01027488,28,17
E01027489,17,9
E01027490,12,7
E01027491,16,9
E01027492,11,8
E01027493,7,6
E01027494,10,7
E01027495,28,17
E01027496,34,22
E01027497,39,24
E01027498,45,26
E01027499,48,25
E01027500,41,25
E01027501,41,25
E01027502,44,25
E01027503,120,62
E01027504,26,16
E01027505,104,19
E01027506,114,27
E01027507,68,22
E01027508,36,22
E01027509,36,21
E01027510,23,18
E01027511,72,34
E01027512,105,39
E01027513,37,25
E01027514,39,18
E01027515,37,17
E01027516,42,18
E01027517,32,14
E01027518,34,15
E01027519,35,15
E01027520,43,19
E01027521,43,20
E01027522,40,19
E01027523,38,18
E01027524,25,11
E01027525,26,12
E01027526,36,13
E01027527,21,11
E01027528,16,10
E01027529,21,11
E01027530,40,17
E01027531,37,17
E01027532,22,11
E01027533,18,10
E01027534,34,16
E01027535,34,16
E01027536,31,12
E01027537,20,11
E01027538,26,13
E01027539,14,8
E01027540,10,8
E01027541,22,12
E01027542,23,12
E01027543,23,12
E01027544,20,12
E01027545,18,10
E01027546,17,9
E01027549,22,11
E01027550,34,14
E01027551,31,14
E01027552,41,15
E01027553,26,15
E01027554,27,15
E01027555,31,15
E01027556,53,18
E01027557,92,31
E01027558,68,38
E01027559,61,41
E01027560,25,18
E01027561,104,27
E01027562,92,32
E01027563,52,25
E01027564,18,13
E01027565,18,12
E01027566,21,14
E01027567,89,35
E01027568,62,35
E01027569,103,44
E01027570,120,35
E01027571,85,49
E01027572,77,45
E01027573,93,44
E01027574,52,23
E01027575,49,23
E01027576,47,23
E01027577,40,22
E01027578,40,21
E01027579,46,21
E01027580,40,19
E01027581,38,22
E01027582,40,21
E01027583,20,12
E01027584,24,13
E01027585,102,41
E01027586,70,24
E01027587,41,25
E01027588,41,26
E01027589,38,24
E01027590,14,10
E01027591,120,30
E01027592,84,27
E01027593,120,30
E01027594,46,30
E01027595,51,32
E01027596,50,32
E01027597,62,26
E01027598,51,24
E01027599,49,24
E01027600,61,35
E01027601,31,23
E01027603,30,21
E01027604,36,16
E01027605,14,8
E01027606,18,9
E01027607,18,9
E01027608,9,7
E01027609,14,8
E01027610,15,8
E01027611,11,8
E01027612,10,7
E01027613,72,22
E01027614,17,10
E01027615,17,10
E01027616,15,9
E01027617,120,27
E01027618,39,29
E01027619,33,26
E01027620,45,22
E01027621,53,22
E01027622,73,32
E01027623,56,25
E01027624,61,25
E01027625,49,26
E01027626,75,25
E01027627,74,28
E01027628,120,33
E01027629,34,22
E01027630,38,21
E01027631,36,21
E01027632,44,23
E01027633,71,18
E01027634,43,30
E01027635,88,28
E01027636,105,30
E01027637,105,21
E01027638,32,13
E01027639,33,13
E01027640,30,12
E01027641,34,14
E01027642,64,27
E01027643,76,28
E01027644,65,26
E01027645,69,27
E01027646,53,21
E01027647,70,26
E01027648,15,9
E01027649,9,8
E01027650,11,8
E01027651,12,8
E01027652,30,13
E01027653,31,15
E01027654,37,15
E01027655,27,13
E01027656,15,9
E01027657,24,10
E01027658,17,9
E01027659,18,10
E01027660,15,10
E01027661,19,10
E01027662,15,9
E01027663,25,11
E01027664,48,19
E01027665,43,17
E01027666,114,43
E01027667,113,40
E01027668,30,16
E01027669,24,15
E01027670,35,18
E01027671,29,17
E01027672,31,15
E01027673,24,14
E01027674,35,16
E01027675,31,16
E01027676,30,16
E01027677,23,12
E01027678,18,11
E01027679,24,12
E01027680,24,13
E01027681,104,30
E01027682,84,24
E01027683,51,32
E01027684,67,28
E01027685,120,39
E01027686,117,46
E01027687,86,29
E01027688,79,32
E01027689,29,12
E01027690,30,13
E01027691,30,14
E01027692,25,11
E01027693,89,37
E01027694,83,27
E01027695,61,29
E01027696,80,28
E01027697,29,14
E01027698,29,14
E01027699,42,17
E01027700,35,17
E01027701,96,45
E01027702,82,42
E01027703,72,24
E01027704,27,17
E01027705,69,31
E01027706,62,31
E01027707,69,30
E01027708,61,29
E01027709,63,31
E01027710,60,30
E01027711,62,30
E01027712,100,34
E01027713,66,32
E01027714,72,33
E01027715,78,33
E01027716,40,16
E01027717,32,15
E01027718,35,14
E01027719,32,16
E01027720,31,15
E01027721,31,16
E01027722,34,16
E01027723,30,14
E01027724,73,22
E01027725,40,19
E01027726,18,11
E01027727,16,9
E01027728,21,11
E01027729,15,9
E01027730,28,12
E01027731,28,13
E01027732,25,11
E01027733,12,9
E01027734,84,24
E01027735,95,33
E01027736,100,33
E01027737,87,30
E01027738,31,12
E01027739,28,11
E01027740,27,12
E01027741,33,13
E01027742,119,76
E01027743,41,20
E01027744,97,57
E01027745,45,30
E01027746,45,29
E01027747,58,26
E01027748,56,27
E01027749,87,29
E01027750,79,31
E01027751,49,24
E01027752,76,35
E01027753,120,66
E01027754,68,34
E01027756,111,31
E01027758,120,37
E01027759,44,27
E01027760,120,50
E01027761,45,31
E01027762,112,34
E01027763,120,65
E01027764,106,60
E01027765,58,38
E01027766,53,38
E01027767,52,37
E01027768,51,37
E01027769,56,39
E01027770,54,38
E01027771,78,33
E01027772,89,36
E01027773,117,60
E01027774,89,42
E01027775,120,42
E01027776,111,46
E01027777,120,59
E01027778,103,35
E01027779,110,43
E01027780,120,42
E01027781,120,40
E01027782,100,44
E01027783,114,51
E01027784,115,52
E01027785,56,36
E01027786,60,36
E01027787,65,37
E01027788,70,39
E01027789,65,38
E01027790,56,37
E01027791,64,38
E01027792,87,37
E01027793,84,36
E01027794,92,39
E01027795,88,39
E01027796,66,36
E01027797,66,26
E01027798,52,25
E01027799,63,30
E01027800,117,48
E01027801,80,34
E01027802,83,31
E01027803,120,42
E01027804,18,9
E01027805,28,11
E01027806,23,10
E01027807,39,20
E01027808,38,19
E01027809,37,17
E01027810,21,9
E01027811,19,9
E01027812,20,9
E01027813,120,48
E01027814,44,15
E01027815,68,21
E01027816,46,13
E01027817,39,17
E01027818,40,17
E01027819,38,16
E01027820,41,18
E01027821,113,48
E01027822,113,57
E01027823,100,45
E01027824,17,9
E01027825,26,10
E01027826,18,9
E01027827,50,27
E01027828,53,28
E01027829,48,26
E01027830,51,27
E01027831,55,40
E01027832,62,38
E01027833,50,24
E01027834,56,27
E01027835,74,26
E01027836,19,14
E01027837,69,47
E01027838,67,45
E01027839,74,47
E01027840,116,52
E01027841,101,52
E01027842,17,9
E01027843,17,9
E01027844,16,8
E01027845,23,10
E01027846,26,10
E01027847,25,11
E01027848,31,11
E01027849,24,10
E01027850,20,10
E01027851,21,9
E01027852,25,11
E01027853,25,11
E01027854,25,10
E01027855,17,10
E01027856,17,10
E01027857,72,17
E01027858,33,15
E01027859,38,15
E01027860,37,15
E01027861,15,8
E01027862,15,8
E01027863,11,8
E01027864,65,44
E01027865,66,45
E01027866,60,43
E01027867,36,15
E01027868,30,12
E01027869,68,46
E01027870,64,45
E01027871,76,47
E01027872,13,8
E01027873,9,7
E01027874,17,9
E01027875,66,32
E01027876,67,26
E01027877,65,27
E01027878,54,28
E01027879,70,30
E01027880,65,28
E01027881,67,28
E01027882,67,28
E01027883,49,22
E01027884,45,20
E01027885,38,23
E01027886,73,35
E01027887,70,36
E01027888,59,31
E01027889,44,22
E01027890,63,22
E01027891,44,17
E01027892,39,15
E01027893,59,28
E01027894,70,32
E01027895,74,29
E01027896,83,20
E01027897,85,23
E01027898,52,21
E01027899,51,21
E01027900,77,32
E01027901,61,30
E01027902,61,31
E01027903,58,29
E01027904,68,31
E01027905,55,30
E01027906,62,32
E01027907,59,31
E01027908,55,30
E01027909,50,29
E01027910,55,28
E01027911,59,30
E01027912,66,30
E01027913,66,31
E01027914,56,25
E01027915,54,24
E01027916,61,25
E01027917,58,24
E01027918,57,31
E01027919,57,31
E01027920,58,31
E01027921,51,31
E01027922,56,30
E01027923,46,21
E01027924,69,23
E01027925,41,20
E01027926,40,20
E01027927,38,20
E01027928,36,19
E01027929,27,17
E01027930,32,18
E01027931,33,20
E01027932,30,18
E01027933,35,20
E01027934,42,21
E01027935,38,22
E01027936,40,21
E01027937,35,21
E01027938,50,22
E01027939,42,21
E01027940,46,21
E01027941,47,22
E01027942,45,21
E01027943,40,21
E01027944,45,21
E01027945,61,28
E01027946,63,27
E01027947,32,17
E01027948,38,16
E01027949,35,16
E01027950,38,17
E01027951,41,16
E01027952,34,15
E01027953,41,16
E01027954,32,13
E01027955,33,15
E01027956,36,14
E01027957,30,15
E01027958,33,15
E01027959,32,14
E01027960,58,24
E01027961,54,23
E01027962,54,23
E01027963,53,23
E01027964,31,11
E01027965,25,11
E01027966,31,12
E01027967,20,9
E01027968,25,11
E01027969,26,12
E01027970,25,9
E01027971,25,11
E01027972,26,11
E01027973,33,11
E01027974,29,13
E01027975,26,12
E01027976,26,12
E01027977,19,9
E01027978,20,9
E01027979,21,10
E01027980,26,13
E01027981,36,13
E01027982,19,10
E01027983,27,12
E01027984,15,9
E01027985,13,8
E01027986,36,16
E01027987,33,15
E01027988,29,14
E01027989,27,12
E01027990,34,15
E01027991,27,13
E01027992,30,14
E01027993,55,26
E01027994,51,26
E01027995,49,21
E01027996,46,20
E01027997,41,20
E01027998,46,20
E01027999,83,42
E01028000,25,21
E01028001,25,18
E01028002,24,18
E01028003,25,17
E01028004,22,16
E01028005,64,34
E01028006,80,25
E01028007,74,25
E01028008,57,29
E01028009,60,29
E01028010,55,29
E01028011,54,28
E01028012,49,28
E01028013,57,27
E01028014,65,27
E01028015,67,28
E01028016,61,27
E01028017,47,26
E01028018,52,27
E01028019,48,26
E01028020,43,27
E01028021,49,25
E01028022,44,28
E01028023,59,32
E01028024,30,26
E01028025,39,26
E01028026,34,27
E01028027,38,26
E01028028,35,27
E01028029,34,20
E01028030,34,21
E01028031,75,38
E01028032,75,38
E01028033,91,36
E01028034,46,25
E01028035,72,41
E01028036,66,24
E01028037,64,26
E01028038,63,26
E01028039,109,30
E01028040,89,20
E01028041,53,25
E01028042,10,8
E01028043,15,9
E01028044,11,8
E01028045,14,9
E01028046,19,10
E01028047,29,13
E01028048,20,12
E01028049,24,12
E01028050,18,11
E01028051,14,10
E01028052,15,10
E01028053,9,9
E01028054,15,10
E01028055,21,11
E01028056,33,14
E01028057,17,10
E01028058,31,14
E01028059,32,13
E01028060,29,12
E01028061,32,13
E01028062,21,11
E01028063,33,13
E01028064,29,12
E01028065,25,11
E01028066,26,11
E01028067,31,12
E01028068,20,10
E01028069,31,18
E01028070,34,19
E01028073,20,15
E01028074,18,13
E01028075,19,14
E01028076,20,17
E01028077,18,15
E01028078,23,15
E01028079,20,14
E01028080,25,16
E01028081,26,17
E01028082,23,16
E01028083,22,15
E01028084,28,16
E01028085,25,16
E01028086,25,16
E01028087,26,20
E01028088,28,18
E01028089,25,18
E01028090,23,20
E01028091,22,17
E01028092,53,30
E01028093,56,30
E01028094,34,18
E01028095,28,17
E01028096,28,18
E01028097,33,19
E01028098,36,20
E01028099,30,19
E01028100,36,19
E01028101,39,20
E01028102,48,23
E01028103,49,24
E01028104,51,24
E01028105,49,24
E01028106,51,24
E01028107,61,28
E01028108,60,29
E01028109,55,27
E01028110,62,27
E01028111,57,27
E01028112,56,28
E01028113,59,27
E01028114,56,28
E01028115,55,26
E01028116,53,26
E01028117,58,27
E01028118,59,27
E01028119,36,19
E01028120,40,17
E01028121,40,19
E01028122,51,22
E01028123,54,23
E01028124,45,20
E01028125,32,23
E01028126,32,23
E01028127,33,22
E01028128,37,22
E01028129,27,22
E01028130,25,22
E01028131,37,23
E01028132,37,22
E01028133,29,23
E01028134,29,23
E01028135,49,24
E01028136,47,23
E01028137,34,20
E01028138,37,21
E01028139,43,22
E01028142,32,17
E01028143,22,12
E01028144,24,12
E01028146,26,13
E01028147,25,13
E01028148,60,24
E01028149,58,25
E01028150,48,21
E01028151,44,20
E01028152,49,20
E01028153,45,20
E01028154,47,21
E01028155,46,19
E01028156,48,21
E01028157,47,20
E01028158,43,19
E01028159,44,18
E01028160,42,17
E01028161,40,17
E01028162,37,16
E01028163,34,16
E01028164,46,18
E01028165,23,12
E01028166,20,10
E01028167,19,10
E01028168,52,20
E01028169,50,18
E01028170,44,19
E01028171,43,20
E01028172,50,18
E01028173,39,15
E01028174,35,14
E01028175,28,13
E01028176,26,12
E01028177,35,13
E01028178,46,19
E01028179,38,15
E01028180,40,14
E01028181,41,15
E01028182,38,15
E01028183,38,14
E01028184,49,20
E01028185,47,21
E01028186,44,20
E01028187,48,21
E01028188,47,20
E01028189,42,22
E01028190,37,18
E01028191,39,19
E01028192,42,17
E01028193,34,15
E01028194,31,13
E01028195,32,14
E01028196,34,15
E01028197,36,16
E01028198,45,18
E01028199,50,19
E01028200,44,17
E01028201,49,19
E01028202,38,17
E01028203,41,17
E01028204,37,16
E01028205,27,13
E01028206,32,13
E01028207,36,14
E01028208,26,13
E01028209,28,13
E01028210,44,19
E01028211,44,18
E01028212,40,17
E01028213,58,22
E01028214,35,14
E01028215,28,12
E01028216,34,13
E01028217,25,11
E01028218,35,14
E01028219,34,15
E01028220,32,12
E01028222,40,13
E01028223,49,22
E01028224,57,23
E01028225,59,23
E01028226,51,22
E01028227,30,11
E01028228,35,11
E01028229,37,10
E01028230,30,9
E01028231,31,11
E01028232,35,10
E01028233,27,14
E01028234,30,15
E01028235,34,16
E01028236,35,15
E01028237,47,19
E01028238,49,20
E01028239,45,18
E01028240,45,18
E01028241,46,18
E01028242,37,16
E01028243,42,16
E01028244,22,9
E01028245,24,9
E01028246,18,9
E01028247,22,11
E01028248,25,10
E01028249,23,10
E01028250,40,16
E01028251,42,18
E01028252,46,17
E01028253,42,17
E01028254,35,18
E01028255,39,16
E01028256,38,16
E01028257,59,26
E01028258,54,25
E01028259,57,25
E01028260,50,21
E01028261,46,18
E01028262,41,17
E01028263,43,18
E01028264,36,17
E01028267,36,11
E01028268,24,10
E01028269,28,13
E01028270,30,11
E01028271,36,14
E01028272,42,15
E01028273,39,15
E01028274,28,13
E01028275,37,15
E01028276,31,14
E01028277,50,18
E01028278,46,17
E01028279,48,18
E01028280,48,17
E01028281,44,15
E01028282,34,12
E01028283,33,13
E01028284,28,12
E01028285,17,9
E01028286,27,11
E01028287,23,11
E01028288,26,12
E01028289,19,10
E01028290,22,11
E01028291,18,10
E01028292,19,11
E01028293,16,9
E01028294,12,8
E01028295,52,26
E01028296,45,19
E01028297,53,25
E01028298,45,22
E01028299,51,23
E01028300,47,22
E01028301,57,28
E01028302,52,29
E01028303,64,29
E01028304,18,11
E01028305,14,9
E01028306,20,11
E01028307,21,12
E01028308,11,7
E01028309,16,9
E01028310,14,10
E01028311,14,9
E01028312,77,29
E01028313,49,22
E01028314,51,22
E01028315,45,22
E01028316,51,23
E01028317,66,28
E01028318,12,8
E01028319,16,9
E01028320,13,8
E01028321,64,29
E01028322,56,29
E01028323,60,29
E01028325,48,17
E01028326,21,12
E01028327,56,25
E01028328,53,26
E01028329,68,29
E01028330,51,25
E01028331,60,26
E01028332,63,25
E01028333,9,7
E01028334,8,7
E01028335,9,7
E01028336,60,18
E01028337,30,17
E01028338,46,28
E01028339,59,27
E01028340,45,27
E01028341,50,27
E01028342,46,20
E01028343,41,20
E01028344,52,20
E01028345,58,27
E01028346,67,27
E01028347,60,29
E01028348,61,29
E01028349,37,23
E01028350,34,23
E01028351,50,30
E01028352,49,25
E01028353,27,15
E01028354,38,18
E01028355,41,18
E01028356,45,19
E01028357,61,23
E01028358,52,21
E01028359,57,23
E01028360,62,21
E01028361,61,21
E01028362,58,21
E01028363,36,15
E01028364,39,14
E01028365,33,15
E01028366,55,25
E01028367,52,25
E01028368,54,24
E01028369,56,25
E01028370,53,24
E01028371,55,26
E01028372,50,18
E01028373,48,18
E01028374,49,19
E01028375,44,20
E01028376,47,21
E01028377,49,19
E01028378,50,22
E01028379,56,23
E01028380,56,23
E01028381,66,24
E01028382,58,23
E01028383,58,23
E01028384,39,18
E01028385,43,18
E01028386,44,18
E01028387,59,27
E01028388,62,26
E01028389,61,25
E01028390,62,27
E01028391,44,14
E01028392,42,15
E01028393,48,24
E01028394,49,25
E01028395,51,23
E01028396,41,17
E01028397,45,18
E01028398,41,18
E01028399,40,16
E01028400,46,15
E01028401,45,14
E01028402,108,29
E01028403,56,20
E01028404,43,15
E01028405,44,16
E01028406,46,14
E01028407,41,16
E01028408,84,28
E01028409,51,19
E01028410,69,27
E01028411,74,23
E01028412,52,19
E01028413,54,25
E01028414,51,25
E01028415,62,24
E01028416,36,16
E01028417,35,16
E01028418,37,17
E01028419,72,24
E01028420,86,29
E01028421,95,25
E01028422,21,13
E01028423,25,15
E01028424,72,31
E01028425,74,36
E01028426,19,10
E01028427,10,7
E01028428,16,11
E01028429,12,8
E01028430,14,9
E01028431,12,8
E01028432,13,8
E01028433,14,9
E01028434,23,9
E01028435,11,8
E01028437,31,13
E01028438,24,11
E01028439,29,13
E01028440,24,11
E01028441,28,13
E01028443,30,14
E01028444,26,13
E01028445,25,13
E01028446,20,11
E01028447,15,10
E01028448,19,9
E01028449,24,10
E01028450,27,11
E01028451,26,12
E01028452,20,11
E01028453,26,11
E01028454,23,11
E01028455,55,33
E01028456,45,32
E01028457,50,33
E01028458,54,33
E01028459,53,31
E01028460,55,30
E01028461,53,31
E01028462,46,31
E01028463,57,36
E01028464,57,35
E01028465,62,35
E01028466,54,33
E01028467,49,33
E01028468,49,33
E01028469,59,31
E01028470,48,31
E01028471,58,33
E01028472,64,32
E01028473,70,33
E01028474,26,16
E01028475,21,10
E01028476,25,14
E01028477,107,26
E01028478,66,30
E01028479,108,19
E01028480,61,17
E01028481,42,21
E01028482,93,21
E01028483,111,33
E01028484,120,33
E01028485,38,27
E01028486,54,24
E01028487,43,24
E01028488,42,24
E01028489,46,23
E01028490,42,24
E01028491,42,23
E01028492,39,22
E01028493,42,21
E01028494,42,23
E01028495,38,21
E01028496,38,20
E01028497,81,29
E01028498,51,27
E01028499,74,34
E01028500,94,32
E01028501,99,26
E01028502,52,25
E01028503,34,15
E01028504,106,24
E01028505,60,30
E01028506,109,26
E01028507,41,26
E01028508,92,20
E01028509,74,17
E01028510,49,24
E01028511,40,21
E01028512,44,23
E01028513,24,14
E01028514,24,14
E01028515,23,15
E01028516,19,12
E01028517,45,17
E01028518,44,16
E01028519,40,15
E01028520,41,16
E01028521,25,13
E01028522,26,13
E01028523,10,8
E01028524,18,10
E01028525,19,11
E01028526,12,8
E01028527,35,12
E01028528,29,12
E01028529,31,13
E01028530,33,13
E01028531,25,12
E01028532,24,10
E01028533,28,11
E01028534,10,9
E01028535,14,8
E01028536,11,8
E01028537,11,9
E01028538,13,9
E01028539,14,9
E01028540,14,9
E01028541,35,16
E01028542,35,17
E01028543,30,15
E01028544,29,14
E01028545,29,11
E01028546,34,14
E01028547,27,10
E01028548,38,17
E01028549,36,16
E01028550,31,15
E01028551,32,15
E01028552,47,15
E01028553,46,14
E01028554,40,14
E01028555,40,14
E01028556,22,12
E01028557,25,13
E01028558,26,13
E01028559,17,11
E01028560,18,12
E01028561,15,10
E01028562,20,10
E01028563,21,10
E01028565,30,16
E01028567,39,15
E01028568,42,17
E01028569,45,17
E01028570,48,17
E01028571,22,10
E01028572,22,12
E01028573,18,10
E01028574,18,11
E01028575,41,14
E01028576,42,14
E01028577,44,16
E01028578,39,14
E01028579,17,9
E01028580,14,9
E01028581,14,8
E01028582,16,10
E01028583,17,14
E01028584,25,16
E01028585,19,15
E01028586,23,10
E01028587,21,9
E01028588,18,10
E01028591,22,16
E01028592,21,15
E01028594,27,16
E01028595,35,18
E01028596,26,17
E01028597,27,16
E01028598,57,26
E01028599,74,30
E01028600,86,31
E01028601,95,35
E01028602,82,33
E01028603,78,26
E01028604,74,25
E01028605,68,25
E01028606,73,27
E01028607,110,30
E01028608,71,37
E01028609,75,32
E01028610,70,31
E01028611,111,31
E01028612,98,32
E01028613,46,26
E01028614,45,26
E01028615,46,25
E01028616,44,25
E01028617,64,34
E01028618,60,39
E01028619,50,39
E01028620,75,33
E01028621,50,36
E01028622,52,38
E01028623,41,38
E01028624,54,38
E01028625,47,38
E01028626,56,39
E01028627,51,38
E01028628,53,37
E01028629,49,37
E01028630,57,39
E01028631,49,38
E01028632,50,39
E01028633,52,38
E01028634,63,39
E01028635,59,40
E01028636,52,39
E01028637,59,39
E01028638,58,18
E01028639,38,19
E01028640,65,20
E01028641,62,19
E01028642,74,32
E01028643,80,29
E01028644,53,35
E01028645,42,35
E01028646,120,24
E01028647,89,24
E01028648,77,41
E01028649,91,41
E01028650,73,31
E01028651,63,33
E01028652,57,32
E01028653,57,28
E01028654,61,29
E01028655,56,30
E01028656,69,30
E01028657,50,17
E01028658,73,26
E01028659,57,23
E01028660,54,24
E01028661,54,25
E01028662,62,27
E01028663,55,24
E01028664,54,24
E01028665,57,25
E01028666,56,29
E01028667,67,27
E01028668,63,28
E01028669,48,29
E01028670,58,27
E01028671,52,29
E01028672,56,29
E01028673,60,28
E01028674,72,35
E01028675,73,33
E01028676,71,35
E01028677,63,34
E01028678,100,34
E01028679,95,28
E01028680,120,29
E01028681,38,17
E01028682,33,19
E01028683,57,18
E01028684,33,19
E01028685,61,30
E01028686,59,29
E01028688,58,29
E01028689,58,28
E01028690,71,35
E01028691,70,34
E01028692,68,33
E01028693,50,26
E01028694,54,27
E01028695,58,28
E01028696,59,30
E01028697,60,29
E01028698,63,30
E01028699,52,28
E01028700,55,28
E01028701,49,27
E01028702,67,33
E01028703,62,32
E01028704,62,32
E01028705,54,27
E01028706,56,28
E01028707,53,27
E01028708,54,26
E01028709,49,23
E01028710,48,26
E01028711,68,29
E01028712,108,42
E01028713,100,30
E01028714,67,36
E01028715,88,27
E01028716,80,28
E01028717,74,28
E01028718,76,28
E01028719,75,27
E01028720,116,41
E01028721,85,44
E01028722,78,44
E01028723,75,43
E01028724,83,45
E01028725,87,45
E01028726,77,36
E01028727,64,36
E01028728,60,37
E01028729,78,36
E01028730,81,39
E01028731,66,35
E01028732,61,33
E01028733,50,22
E01028734,44,20
E01028735,47,22
E01028736,74,35
E01028737,109,36
E01028738,70,30
E01028739,74,31
E01028740,49,23
E01028741,49,23
E01028742,45,22
E01028743,49,25
E01028744,51,25
E01028745,54,20
E01028746,55,19
E01028747,75,23
E01028748,61,22
E01028749,107,34
E01028750,67,29
E01028751,69,26
E01028752,66,29
E01028753,73,37
E01028754,75,37
E01028755,84,43
E01028756,86,44
E01028757,88,44
E01028758,88,44
E01028759,96,44
E01028760,94,45
E01028761,92,45
E01028762,115,40
E01028763,88,45
E01028764,116,43
E01028765,114,41
E01028766,96,40
E01028767,93,37
E01028771,78,43
E01028772,85,43
E01028773,77,43
E01028774,74,42
E01028775,79,44
E01028776,96,37
E01028777,69,40
E01028778,72,40
E01028779,76,42
E01028780,55,28
E01028781,63,30
E01028782,62,30
E01028783,56,29
E01028784,71,36
E01028785,46,26
E01028786,40,27
E01028787,49,29
E01028788,45,25
E01028789,62,32
E01028790,66,31
E01028791,74,32
E01028792,86,41
E01028793,108,42
E01028794,81,38
E01028795,74,28
E01028796,99,37
E01028797,72,32
E01028798,119,46
E01028799,69,36
E01028800,118,35
E01028801,120,43
E01028802,115,40
E01028804,78,39
E01028806,58,32
E01028807,49,36
E01028808,56,37
E01028809,58,37
E01028810,53,34
E01028811,47,34
E01028813,55,36
E01028814,53,36
E01028815,54,36
E01028816,55,36
E01028817,56,36
E01028818,49,36
E01028819,51,36
E01028820,64,38
E01028821,60,37
E01028822,60,36
E01028823,50,29
E01028824,52,29
E01028825,55,28
E01028826,57,26
E01028827,57,25
E01028828,49,23
E01028829,33,19
E01028830,56,31
E01028831,71,30
E01028832,47,29
E01028833,66,31
E01028834,54,28
E01028835,51,28
E01028836,66,31
E01028837,67,31
E01028838,89,29
E01028839,87,29
E01028840,95,28
E01028841,93,30
E01028842,111,29
E01028843,120,43
E01028844,65,22
E01028845,51,25
E01028846,78,33
E01028847,85,29
E01028848,48,32
E01028849,45,33
E01028850,87,33
E01028851,89,33
E01028852,75,29
E01028853,44,22
E01028854,43,21
E01028855,50,23
E01028856,39,21
E01028857,78,23
E01028858,74,28
E01028859,85,32
E01028860,68,28
E01028861,49,28
E01028862,72,32
E01028863,94,38
E01028864,96,47
E01028865,81,44
E01028866,89,46
E01028867,78,43
E01028868,120,37
E01028869,120,29
E01028870,96,28
E01028871,97,24
E01028872,101,45
E01028873,68,32
E01028874,70,34
E01028875,76,31
E01028876,76,31
E01028877,83,30
E01028878,80,32
E01028879,81,31
E01028880,84,36
E01028881,98,34
E01028882,120,35
E01028883,58,28
E01028884,53,27
E01028885,98,30
E01028886,56,38
E01028887,66,39
E01028888,97,41
E01028889,66,39
E01028890,64,38
E01028891,69,38
E01028892,77,38
E01028893,97,37
E01028894,73,38
E01028895,66,38
E01028896,76,39
E01028897,80,39
E01028898,112,44
E01028899,120,30
E01028902,56,34
E01028903,54,34
E01028904,58,33
E01028905,56,33
E01028906,61,35
E01028907,66,34
E01028908,64,36
E01028909,59,35
E01028910,85,39
E01028911,60,37
E01028912,57,37
E01028913,86,29
E01028914,101,38
E01028915,93,38
E01028916,71,36
E01028917,69,35
E01028918,46,28
E01028919,79,28
E01028920,83,42
E01028921,80,42
E01028922,92,33
E01028923,98,40
E01028924,78,34
E01028925,87,40
E01028926,89,40
E01028927,54,35
E01028928,49,35
E01028929,43,20
E01028930,38,19
E01028931,31,17
E01028932,46,22
E01028933,34,18
E01028934,35,18
E01028935,51,16
E01028936,44,15
E01028937,51,16
E01028938,34,14
E01028939,37,15
E01028940,38,13
E01028941,11,9
E01028942,9,12
E01028943,17,10
E01028944,33,16
E01028945,29,15
E01028946,23,13
E01028947,42,19
E01028948,44,17
E01028949,41,17
E01028950,54,21
E01028951,18,10
E01028952,27,11
E01028953,14,9
E01028954,53,19
E01028955,18,13
E01028956,44,20
E01028957,47,21
E01028958,48,21
E01028959,54,20
E01028960,102,31
E01028961,65,26
E01028962,40,14
E01028963,42,13
E01028964,34,12
E01028965,46,18
E01028966,49,19
E01028967,45,18
E01028968,49,19
E01028969,68,23
E01028970,28,14
E01028971,61,26
E01028972,17,10
E01028973,19,11
E01028974,22,11
E01028975,33,28
E01028976,43,20
E01028977,29,23
E01028978,44,25
E01028979,22,16
E01028980,74,24
E01028981,39,19
E01028982,37,20
E01028983,42,20
E01028984,37,16
E01028985,40,17
E01028986,47,17
E01028987,36,16
E01028988,39,17
E01028989,44,18
E01028990,88,38
E01028991,88,50
E01028992,59,56
E01028993,87,49
E01028994,99,58
E01028995,70,39
E01028996,89,44
E01028997,60,30
E01028998,61,30
E01028999,78,44
E01029000,50,38
E01029001,48,29
E01029002,36,28
E01029003,120,67
E01029004,86,52
E01029005,120,51
E01029006,48,48
E01029007,53,47
E01029009,52,48
E01029010,51,47
E01029011,56,46
E01029012,58,46
E01029013,65,42
E01029014,57,41
E01029015,101,55
E01029016,88,42
E01029018,100,43
E01029019,120,34
E01029020,120,46
E01029021,120,43
E01029022,74,34
E01029023,79,36
E01029024,95,40
E01029025,107,42
E01029026,110,42
E01029027,120,39
E01029028,120,38
E01029029,81,41
E01029030,74,39
E01029031,80,40
E01029032,74,40
E01029033,72,39
E01029034,73,40
E01029035,69,42
E01029036,84,42
E01029037,90,43
E01029038,90,43
E01029039,93,44
E01029040,95,43
E01029041,86,42
E01029042,86,43
E01029043,91,43
E01029044,90,43
E01029045,83,41
E01029046,75,39
E01029047,76,39
E01029050,77,41
E01029051,79,39
E01029052,101,44
E01029053,115,43
E01029054,120,43
E01029055,86,37
E01029056,96,47
E01029057,82,33
E01029058,120,48
E01029059,118,41
E01029060,101,38
E01029061,96,47
E01029062,88,40
E01029063,120,38
E01029064,116,40
E01029065,120,42
E01029066,116,41
E01029067,120,40
E01029068,79,38
E01029069,105,41
E01029070,69,35
E01029071,75,35
E01029072,75,37
E01029073,66,34
E01029074,66,33
E01029075,66,34
E01029076,68,34
E01029077,119,32
E01029078,90,51
E01029079,92,51
E01029080,95,50
E01029081,90,51
E01029082,94,52
E01029083,90,51
E01029084,102,53
E01029085,74,26
E01029086,107,23
E01029089,68,13
E01029090,70,32
E01029091,83,29
E01029092,72,31
E01029093,70,31
E01029094,55,32
E01029095,56,31
E01029096,61,29
E01029097,74,31
E01029098,64,30
E01029099,77,31
E01029100,66,29
E01029101,67,29
E01029102,74,32
E01029103,87,35
E01029104,87,33
E01029105,74,32
E01029106,65,30
E01029107,63,31
E01029108,60,32
E01029109,69,29
E01029110,72,30
E01029111,75,31
E01029112,67,31
E01029113,48,23
E01029114,51,23
E01029115,60,22
E01029116,51,22
E01029117,54,22
E01029118,61,21
E01029119,59,21
E01029120,63,21
E01029121,115,43
E01029122,100,37
E01029123,95,38
E01029124,83,38
E01029125,104,30
E01029126,87,31
E01029127,87,31
E01029128,99,29
E01029129,88,31
E01029130,86,37
E01029131,51,21
E01029132,58,22
E01029133,56,22
E01029134,55,21
E01029135,77,26
E01029136,98,25
E01029137,96,32
E01029138,84,36
E01029139,82,40
E01029140,82,19
E01029142,57,28
E01029143,55,28
E01029144,96,28
E01029145,95,25
E01029147,118,34
E01029148,119,32
E01029149,120,25
E01029150,110,34
E01029151,110,32
E01029152,103,30
E01029153,76,37
E01029154,52,34
E01029155,89,27
E01029156,55,33
E01029157,55,44
E01029158,67,43
E01029159,21,14
E01029160,25,14
E01029161,25,12
E01029162,23,15
E01029163,90,30
E01029164,34,24
E01029165,82,21
E01029166,70,29
E01029167,53,36
E01029168,55,36
E01029169,69,42
E01029170,66,41
E01029171,66,41
E01029172,72,42
E01029173,65,40
E01029174,68,43
E01029175,65,42
E01029176,71,43
E01029177,65,42
E01029178,29,14
E01029179,24,13
E01029180,55,18
E01029181,27,16
E01029182,40,29
E01029183,46,28
E01029184,60,26
E01029185,52,26
E01029186,50,27
E01029187,56,39
E01029188,58,39
E01029189,99,27
E01029190,106,28
E01029191,33,23
E01029192,33,20
E01029193,73,31
E01029194,65,31
E01029195,65,33
E01029196,92,31
E01029197,88,34
E01029198,28,17
E01029199,47,16
E01029200,51,36
E01029201,56,35
E01029202,37,23
E01029203,53,23
E01029204,42,22
E01029205,38,23
E01029206,42,25
E01029207,44,25
E01029208,62,31
E01029209,75,29
E01029210,120,26
E01029211,98,22
E01029212,76,21
E01029213,56,23
E01029214,25,16
E01029215,25,18
E01029216,57,23
E01029217,81,27
E01029218,44,23
E01029219,90,45
E01029220,87,46
E01029221,109,39
E01029222,89,37
E01029223,101,28
E01029224,51,27
E01029225,41,26
E01029226,43,25
E01029227,76,33
E01029228,73,32
E01029229,72,32
E01029230,114,36
E01029231,8,8
E01029232,10,8
E01029233,13,8
E01029234,11,8
E01029235,15,9
E01029236,20,10
E01029237,19,10
E01029238,23,11
E01029239,14,9
E01029240,18,10
E01029241,16,10
E01029242,22,10
E01029243,19,10
E01029244,22,11
E01029245,17,12
E01029246,14,10
E01029247,20,10
E01029248,15,10
E01029249,20,13
E01029250,12,9
E01029251,19,10
E01029252,18,11
E01029253,20,11
E01029254,15,9
E01029255,23,11
E01029256,20,10
E01029257,14,9
E01029258,42,22
E01029259,50,23
E01029260,49,21
E01029261,65,25
E01029262,73,19
E01029263,18,10
E01029264,13,10
E01029265,17,11
E01029266,13,9
E01029267,73,26
E01029268,88,27
E01029269,40,20
E01029270,72,22
E01029271,61,27
E01029273,46,21
E01029274,48,21
E01029275,38,19
E01029276,35,14
E01029277,31,14
E01029278,44,18
E01029279,74,34
E01029280,29,13
E01029281,36,14
E01029282,37,15
E01029283,39,14
E01029284,23,11
E01029285,25,12
E01029286,25,12
E01029287,31,12
E01029288,26,12
E01029289,23,11
E01029290,31,13
E01029291,32,16
E01029292,29,14
E01029293,34,15
E01029294,33,16
E01029295,39,15
E01029296,35,14
E01029297,36,13
E01029298,38,14
E01029299,31,12
E01029300,36,13
E01029301,18,10
E01029302,9,8
E01029303,21,10
E01029304,36,13
E01029305,39,15
E01029306,35,14
E01029307,38,14
E01029308,25,12
E01029309,34,21
E01029310,38,21
E01029311,36,21
E01029312,33,22
E01029313,35,23
E01029314,39,24
E01029315,41,21
E01029316,34,21
E01029317,45,17
E01029318,51,18
E01029319,43,16
E01029320,67,33
E01029321,89,34
E01029322,89,63
E01029324,85,64
E01029325,103,64
E01029326,81,56
E01029327,104,40
E01029328,120,57
E01029329,89,65
E01029330,94,66
E01029331,107,67
E01029333,117,68
E01029334,85,51
E01029335,114,50
E01029336,120,76
E01029337,98,46
E01029338,120,58
E01029339,75,51
E01029341,71,51
E01029342,78,44
E01029343,67,47
E01029345,40,20
E01029346,42,21
E01029347,50,22
E01029348,48,22
E01029349,19,10
E01029350,15,9
E01029351,19,9
E01029352,16,8
E01029353,16,8
E01029354,18,9
E01029355,13,8
E01029356,14,8
E01029357,19,9
E01029358,17,9
E01029359,19,10
E01029360,14,8
E01029361,18,9
E01029362,18,9
E01029363,18,9
E01029364,12,8
E01029365,14,8
E01029366,19,9
E01029367,9,7
E01029368,50,22
E01029369,48,22
E01029370,64,20
E01029371,52,22
E01029372,51,22
E01029373,34,19
E01029374,35,18
E01029375,19,11
E01029376,27,12
E01029377,25,11
E01029378,23,12
E01029379,32,13
E01029380,24,13
E01029381,27,14
E01029382,25,12
E01029383,26,12
E01029384,21,10
E01029385,23,11
E01029386,29,13
E01029387,30,12
E01029388,28,12
E01029389,24,12
E01029390,26,13
E01029391,30,12
E01029392,27,12
E01029393,24,10
E01029394,35,15
E01029395,33,15
E01029396,31,15
E01029397,37,16
E01029398,45,18
E01029399,35,14
E01029400,39,15
E01029401,47,21
E01029402,46,21
E01029403,42,20
E01029404,37,20
E01029405,68,29
E01029406,120,34
E01029407,31,13
E01029408,26,12
E01029409,24,13
E01029410,33,14
E01029411,74,28
E01029412,37,31
E01029413,41,14
E01029414,37,15
E01029415,42,15
E01029416,39,16
E01029417,27,13
E01029418,38,17
E01029419,28,16
E01029420,31,15
E01029422,84,37
E01029423,78,36
E01029424,77,24
E01029425,53,27
E01029426,16,9
E01029427,17,10
E01029428,28,12
E01029429,20,11
E01029430,66,30
E01029431,63,30
E01029432,61,29
E01029433,62,30
E01029434,13,9
E01029435,8,8
E01029436,12,9
E01029437,16,10
E01029438,15,9
E01029439,54,22
E01029440,49,20
E01029441,56,22
E01029442,52,21
E01029443,31,14
E01029444,26,14
E01029445,15,9
E01029446,17,10
E01029447,15,9
E01029448,16,10
E01029449,33,15
E01029450,39,16
E01029451,28,15
E01029452,37,16
E01029453,38,16
E01029454,21,12
E01029455,31,14
E01029456,23,13
E01029457,22,13
E01029458,29,14
E01029459,47,28
E01029460,51,29
E01029461,54,30
E01029462,52,28
E01029463,22,14
E01029464,24,16
E01029465,25,16
E01029466,14,9
E01029467,94,37
E01029468,38,16
E01029469,39,15
E01029470,37,15
E01029471,34,14
E01029472,40,17
E01029473,69,27
E01029474,69,28
E01029475,48,20
E01029476,49,21
E01029477,61,23
E01029478,61,22
E01029479,61,26
E01029480,60,27
E01029481,56,25
E01029482,59,27
E01029483,52,23
E01029484,49,23
E01029485,50,23
E01029486,51,19
E01029487,45,18
E01029488,106,20
E01029489,51,19
E01029490,46,18
E01029491,56,27
E01029492,60,27
E01029493,42,16
E01029494,41,17
E01029495,44,17
E01029496,47,19
E01029497,46,19
E01029498,107,27
E01029499,64,27
E01029500,68,26
E01029501,54,26
E01029502,31,17
E01029503,33,19
E01029504,33,20
E01029505,58,21
E01029506,54,20
E01029507,53,20
E01029508,56,22
E01029509,82,29
E01029511,54,26
E01029512,53,25
E01029513,39,18
E01029514,37,18
E01029515,109,23
E01029516,120,32
E01029517,86,26
E01029518,51,22
E01029519,45,22
E01029520,51,22
E01029521,42,21
E01029522,40,19
E01029523,55,23
E01029524,51,24
E01029525,57,25
E01029526,43,25
E01029527,47,19
E01029528,47,19
E01029529,49,20
E01029530,62,25
E01029531,73,26
E01029532,62,23
E01029533,54,21
E01029534,56,22
E01029535,59,23
E01029536,44,17
E01029537,43,15
E01029538,42,16
E01029539,39,14
E01029540,53,25
E01029541,51,24
E01029542,52,25
E01029543,51,24
E01029544,46,19
E01029545,41,18
E01029546,47,19
E01029547,41,17
E01029548,41,17
E01029549,23,13
E01029551,17,12
E01029552,33,13
E01029553,33,13
E01029554,33,14
E01029555,30,12
E01029556,57,20
E01029557,55,25
E01029558,37,16
E01029559,41,16
E01029560,39,16
E01029561,62,26
E01029562,73,27
E01029563,67,26
E01029564,53,25
E01029565,66,26
E01029566,34,13
E01029567,34,14
E01029568,40,14
E01029569,73,30
E01029570,61,22
E01029571,58,28
E01029572,60,29
E01029573,53,20
E01029574,56,22
E01029575,53,21
E01029576,43,17
E01029577,35,12
E01029578,28,11
E01029579,35,11
E01029580,30,10
E01029581,76,26
E01029582,92,28
E01029583,42,14
E01029584,40,14
E01029585,39,13
E01029586,58,24
E01029587,64,25
E01029588,55,25
E01029589,31,15
E01029590,30,15
E01029591,28,14
E01029593,39,17
E01029594,36,16
E01029595,52,23
E01029596,48,22
E01029597,47,21
E01029598,26,12
E01029599,30,13
E01029600,30,13
E01029601,35,14
E01029602,17,9
E01029603,19,9
E01029604,24,12
E01029605,23,12
E01029606,30,14
E01029607,24,13
E01029608,35,15
E01029609,37,13
E01029610,39,13
E01029611,36,12
E01029612,37,13
E01029613,46,23
E01029614,46,24
E01029615,41,23
E01029616,54,19
E01029617,63,22
E01029618,60,22
E01029619,54,19
E01029620,22,14
E01029621,27,13
E01029622,22,14
E01029623,25,15
E01029624,29,16
E01029625,26,15
E01029626,54,27
E01029627,44,25
E01029628,49,26
E01029629,45,24
E01029630,42,25
E01029631,47,23
E01029632,33,17
E01029633,34,15
E01029634,32,16
E01029635,35,17
E01029636,30,18
E01029637,38,18
E01029638,27,15
E01029639,31,16
E01029640,29,16
E01029641,22,13
E01029642,23,13
E01029643,23,14
E01029644,24,14
E01029645,51,19
E01029646,18,12
E01029647,27,11
E01029648,17,10
E01029649,64,20
E01029650,68,20
E01029651,69,21
E01029652,51,19
E01029653,68,21
E01029654,82,30
E01029655,35,17
E01029656,42,18
E01029657,31,18
E01029658,38,17
E01029659,31,18
E01029660,45,19
E01029661,57,25
E01029662,51,25
E01029663,56,26
E01029664,53,25
E01029665,57,25
E01029666,55,25
E01029667,112,26
E01029668,77,27
E01029669,76,27
E01029670,94,26
E01029671,54,22
E01029672,67,22
E01029673,54,21
E01029674,62,22
E01029675,51,21
E01029676,53,21
E01029677,48,20
E01029678,60,22
E01029679,51,21
E01029680,53,20
E01029681,58,22
E01029682,44,21
E01029683,80,27
E01029684,34,13
E01029685,35,14
E01029686,39,12
E01029687,38,15
E01029688,56,23
E01029689,24,10
E01029690,26,11
E01029691,26,10
E01029692,13,9
E01029693,12,8
E01029694,19,9
E01029695,78,25
E01029696,120,35
E01029697,109,29
E01029698,66,25
E01029699,21,11
E01029700,22,11
E01029701,20,11
E01029702,59,24
E01029703,103,29
E01029704,66,24
E01029705,63,24
E01029706,83,27
E01029707,62,25
E01029708,89,30
E01029709,58,24
E01029710,46,21
E01029711,50,22
E01029712,32,19
E01029713,53,19
E01029714,38,16
E01029715,38,16
E01029716,35,15
E01029717,38,15
E01029718,45,14
E01029719,41,14
E01029720,36,12
E01029721,38,13
E01029722,11,7
E01029723,14,8
E01029724,10,8
E01029725,13,8
E01029726,36,15
E01029727,33,14
E01029728,34,15
E01029729,36,14
E01029730,36,17
E01029731,35,14
E01029732,44,14
E01029733,105,22
E01029734,29,13
E01029735,29,12
E01029736,29,13
E01029737,32,14
E01029738,29,13
E01029739,82,23
E01029740,52,23
E01029741,62,22
E01029742,71,19
E01029743,47,18
E01029744,43,24
E01029745,43,24
E01029746,49,25
E01029747,74,23
E01029748,37,16
E01029749,47,21
E01029750,29,13
E01029751,37,13
E01029752,33,14
E01029753,43,22
E01029754,51,22
E01029755,50,23
E01029756,46,23
E01029757,36,14
E01029758,30,12
E01029759,33,14
E01029760,34,14
E01029761,120,42
E01029762,90,25
E01029763,76,30
E01029764,76,31
E01029765,71,30
E01029766,79,31
E01029767,112,33
E01029768,80,32
E01029769,86,32
E01029770,84,33
E01029771,72,29
E01029772,78,28
E01029773,80,30
E01029774,80,30
E01029775,81,27
E01029776,84,28
E01029777,80,26
E01029778,89,27
E01029779,69,27
E01029780,69,25
E01029781,89,35
E01029782,85,35
E01029783,88,34
E01029784,101,35
E01029785,96,34
E01029786,92,33
E01029787,87,34
E01029788,97,36
E01029789,96,27
E01029790,92,33
E01029791,88,32
E01029792,86,35
E01029793,79,34
E01029794,77,31
E01029795,111,40
E01029796,80,35
E01029797,120,35
E01029798,57,26
E01029799,65,27
E01029800,56,26
E01029801,119,46
E01029802,75,30
E01029803,118,41
E01029804,63,33
E01029805,83,34
E01029806,96,34
E01029807,56,31
E01029808,89,33
E01029809,108,35
E01029810,105,34
E01029811,60,33
E01029812,55,32
E01029813,77,34
E01029814,54,31
E01029815,58,33
E01029816,61,34
E01029817,111,49
E01029818,65,23
E01029819,67,24
E01029820,69,27
E01029821,69,26
E01029822,69,28
E01029823,59,24
E01029824,66,25
E01029825,61,23
E01029826,55,23
E01029827,48,24
E01029828,54,22
E01029829,53,23
E01029830,54,24
E01029831,53,23
E01029832,58,23
E01029833,55,24
E01029834,57,24
E01029835,41,22
E01029836,46,23
E01029837,36,22
E01029838,48,23
E01029839,38,22
E01029840,64,22
E01029841,61,24
E01029842,63,25
E01029843,63,24
E01029844,62,24
E01029845,60,24
E01029846,59,25
E01029847,54,24
E01029848,59,24
E01029849,56,26
E01029850,50,25
E01029851,44,23
E01029852,59,26
E01029853,52,27
E01029854,55,27
E01029855,68,25
E01029856,66,25
E01029857,71,24
E01029858,62,26
E01029859,65,25
E01029860,47,24
E01029861,47,24
E01029862,49,25
E01029863,43,23
E01029864,45,23
E01029865,61,24
E01029867,57,25
E01029868,65,26
E01029869,65,26
E01029870,46,29
E01029871,66,32
E01029872,53,31
E01029873,62,31
E01029874,70,37
E01029875,100,31
E01029876,108,42
E01029877,67,30
E01029878,61,22
E01029879,60,25
E01029880,52,29
E01029881,53,27
E01029882,55,26
E01029883,67,28
E01029884,80,36
E01029885,86,36
E01029886,64,35
E01029887,60,35
E01029888,68,33
E01029889,65,33
E01029890,68,34
E01029891,61,35
E01029892,71,37
E01029893,76,37
E01029894,76,35
E01029895,78,37
E01029896,74,36
E01029897,70,30
E01029898,44,35
E01029899,45,23
E01029900,57,35
E01029901,59,37
E01029902,108,29
E01029903,56,28
E01029904,57,28
E01029905,62,24
E01029906,41,20
E01029907,100,34
E01029908,54,22
E01029909,50,22
E01029910,51,22
E01029911,116,38
E01029912,68,34
E01029913,69,34
E01029914,72,34
E01029915,68,36
E01029916,72,36
E01029917,70,37
E01029918,61,34
E01029919,73,37
E01029920,64,36
E01029921,63,34
E01029922,79,36
E01029923,55,36
E01029925,58,32
E01029926,84,43
E01029927,80,42
E01029928,85,41
E01029929,91,43
E01029930,94,44
E01029937,73,30
E01029938,72,36
E01029939,75,37
E01029940,73,37
E01029941,62,28
E01029942,83,46
E01029944,85,47
E01029945,76,35
E01029946,69,36
E01029947,69,36
E01029949,63,32
E01029950,58,31
E01029951,67,32
E01029952,62,31
E01029953,66,30
E01029954,58,30
E01029955,60,30
E01029956,70,29
E01029957,62,27
E01029958,20,12
E01029960,21,13
E01029961,18,13
E01029962,19,13
E01029963,14,10
E01029964,16,11
E01029965,10,9
E01029966,14,11
E01029967,18,11
E01029968,40,18
E01029969,45,19
E01029970,44,19
E01029971,48,19
E01029973,49,18
E01029974,40,19
E01029975,48,20
E01029976,43,21
E01029977,43,20
E01029978,30,15
E01029979,31,16
E01029980,37,17
E01029981,29,16
E01029982,33,16
E01029983,31,14
E01029984,42,20
E01029985,38,18
E01029986,45,19
E01029987,46,19
E01029988,36,17
E01029990,18,12
E01029991,32,15
E01029992,24,13
E01029994,24,14
E01029995,25,13
E01029996,24,14
E01029997,24,13
E01029998,17,12
E01029999,18,12
E01030000,24,12
E01030001,19,13
E01030002,20,12
E01030003,17,11
E01030004,15,11
E01030005,15,11
E01030006,16,11
E01030007,30,15
E01030008,36,16
E01030009,35,17
E01030010,25,14
E01030011,31,15
E01030012,45,20
E01030013,46,20
E01030014,48,21
E01030015,50,21
E01030016,49,21
E01030017,47,20
E01030018,48,20
E01030019,48,20
E01030020,46,20
E01030021,50,22
E01030022,39,18
E01030023,38,17
E01030024,34,16
E01030025,31,16
E01030026,40,18
E01030027,45,19
E01030028,49,20
E01030029,45,20
E01030030,46,19
E01030031,49,21
E01030032,45,21
E01030033,50,19
E01030034,52,20
E01030035,46,22
E01030036,48,21
E01030037,85,32
E01030038,90,38
E01030039,103,38
E01030040,63,29
E01030041,85,33
E01030042,71,24
E01030043,55,27
E01030044,69,23
E01030045,51,25
E01030046,58,26
E01030047,48,25
E01030048,100,43
E01030049,91,24
E01030050,62,24
E01030051,60,23
E01030052,102,48
E01030053,120,56
E01030054,107,41
E01030055,108,45
E01030056,75,28
E01030057,73,33
E01030058,120,52
E01030059,88,41
E01030060,63,32
E01030061,61,31
E01030062,62,31
E01030063,115,32
E01030064,105,45
E01030065,120,28
E01030066,104,38
E01030067,107,38
E01030068,77,34
E01030069,102,36
E01030070,94,41
E01030071,67,30
E01030072,78,30
E01030073,71,29
E01030075,84,29
E01030076,71,28
E01030077,70,28
E01030078,75,31
E01030079,79,32
E01030080,75,31
E01030081,86,31
E01030082,116,58
E01030083,83,34
E01030084,36,21
E01030085,35,21
E01030086,74,20
E01030087,98,40
E01030088,95,48
E01030089,58,22
E01030090,116,52
E01030091,21,11
E01030092,24,11
E01030093,22,11
E01030094,72,31
E01030095,84,32
E01030096,116,34
E01030097,120,37
E01030098,46,23
E01030099,90,35
E01030100,46,20
E01030101,96,39
E01030103,35,17
E01030104,51,20
E01030105,60,38
E01030106,64,38
E01030107,68,39
E01030108,59,37
E01030109,63,37
E01030110,57,37
E01030111,59,37
E01030112,58,37
E01030113,63,38
E01030114,64,37
E01030115,64,37
E01030116,57,36
E01030117,55,35
E01030118,55,36
E01030119,29,15
E01030120,77,35
E01030121,59,26
E01030122,68,35
E01030123,30,11
E01030124,34,12
E01030125,36,14
E01030127,30,15
E01030128,25,16
E01030129,24,16
E01030130,33,15
E01030131,39,16
E01030132,83,31
E01030133,63,25
E01030134,48,20
E01030135,48,22
E01030137,26,14
E01030138,39,20
E01030139,35,16
E01030140,35,16
E01030141,40,17
E01030142,16,9
E01030143,18,10
E01030144,21,11
E01030145,72,29
E01030146,75,30
E01030147,19,10
E01030148,33,12
E01030149,29,12
E01030150,63,27
E01030151,87,33
E01030152,120,49
E01030153,120,50
E01030154,81,39
E01030155,49,24
E01030158,55,29
E01030159,39,26
E01030160,39,27
E01030161,40,27
E01030162,48,27
E01030163,53,28
E01030164,44,27
E01030165,44,27
E01030166,48,27
E01030167,47,27
E01030168,48,28
E01030169,50,27
E01030170,52,28
E01030171,56,27
E01030172,85,43
E01030173,83,43
E01030174,100,50
E01030175,48,20
E01030176,109,38
E01030179,30,16
E01030180,26,15
E01030181,32,17
E01030183,24,13
E01030184,26,14
E01030185,39,23
E01030186,111,46
E01030187,101,49
E01030188,94,47
E01030189,93,48
E01030190,34,20
E01030191,35,20
E01030192,38,20
E01030193,57,29
E01030194,49,27
E01030195,48,26
E01030196,19,15
E01030197,32,20
E01030198,88,22
E01030199,104,46
E01030200,66,28
E01030201,120,56
E01030203,37,23
E01030204,22,11
E01030205,25,12
E01030206,24,11
E01030207,22,12
E01030208,102,45
E01030209,78,41
E01030210,78,40
E01030211,41,25
E01030212,105,40
E01030214,36,26
E01030215,31,24
E01030216,35,26
E01030217,53,27
E01030218,30,23
E01030219,119,47
E01030220,61,33
E01030221,42,19
E01030222,113,49
E01030223,51,35
E01030224,50,36
E01030225,46,36
E01030226,62,36
E01030227,58,36
E01030228,59,37
E01030229,105,45
E01030230,61,43
E01030231,65,44
E01030232,65,45
E01030233,62,24
E01030234,60,25
E01030235,58,23
E01030236,65,27
E01030237,66,26
E01030238,63,26
E01030239,64,26
E01030240,38,18
E01030241,32,16
E01030242,38,18
E01030243,93,50
E01030244,100,50
E01030245,112,51
E01030246,42,19
E01030247,38,19
E01030248,37,18
E01030249,42,20
E01030250,43,20
E01030251,73,32
E01030252,75,31
E01030253,69,30
E01030254,56,23
E01030255,56,24
E01030256,56,23
E01030257,60,24
E01030258,51,22
E01030259,42,15
E01030260,59,18
E01030261,48,19
E01030262,45,18
E01030263,49,18
E01030264,50,20
E01030265,47,20
E01030266,47,17
E01030267,50,20
E01030268,50,20
E01030269,53,21
E01030270,53,19
E01030271,49,19
E01030272,60,25
E01030273,66,26
E01030274,62,25
E01030275,64,25
E01030276,59,24
E01030277,38,18
E01030278,43,18
E01030279,38,17
E01030280,47,18
E01030281,35,16
E01030282,90,41
E01030283,86,41
E01030284,88,41
E01030285,116,53
E01030286,88,39
E01030287,61,25
E01030288,62,24
E01030289,57,23
E01030290,61,23
E01030291,58,24
E01030292,65,34
E01030293,73,31
E01030294,70,33
E01030295,87,37
E01030296,55,24
E01030297,49,23
E01030298,50,24
E01030299,54,25
E01030300,54,25
E01030301,59,26
E01030302,80,24
E01030303,60,27
E01030304,55,24
E01030305,62,28
E01030306,54,27
E01030307,48,25
E01030308,46,26
E01030309,50,28
E01030310,50,24
E01030311,55,28
E01030312,49,28
E01030313,56,28
E01030314,50,27
E01030315,63,28
E01030316,60,27
E01030317,59,28
E01030318,68,26
E01030319,47,20
E01030320,42,21
E01030321,43,22
E01030322,32,17
E01030323,39,18
E01030324,38,18
E01030325,40,19
E01030326,36,18
E01030327,42,20
E01030328,43,19
E01030329,39,19
E01030330,40,20
E01030331,44,22
E01030332,41,20
E01030333,39,20
E01030334,46,23
E01030335,46,21
E01030336,44,23
E01030337,43,21
E01030338,48,23
E01030339,49,23
E01030340,55,24
E01030341,53,23
E01030342,53,23
E01030343,54,26
E01030344,56,26
E01030345,46,24
E01030346,68,25
E01030347,49,22
E01030348,47,21
E01030349,57,23
E01030350,37,18
E01030351,46,20
E01030352,42,20
E01030353,36,18
E01030354,50,26
E01030355,52,27
E01030356,52,26
E01030357,50,23
E01030358,51,24
E01030359,50,23
E01030360,49,22
E01030361,58,25
E01030362,50,25
E01030363,55,24
E01030364,62,25
E01030365,50,27
E01030366,50,25
E01030367,54,25
E01030368,51,26
E01030369,49,22
E01030370,45,21
E01030371,40,21
E01030372,37,19
E01030373,41,21
E01030374,38,19
E01030375,42,21
E01030376,42,20
E01030377,35,21
E01030378,36,21
E01030379,21,12
E01030380,25,11
E01030381,19,10
E01030382,21,12
E01030383,28,16
E01030384,25,15
E01030385,23,15
E01030386,43,21
E01030387,43,22
E01030388,39,20
E01030389,37,21
E01030390,27,18
E01030391,20,13
E01030392,24,15
E01030393,35,21
E01030394,34,21
E01030395,32,20
E01030396,29,15
E01030398,31,17
E01030399,32,19
E01030400,31,20
E01030401,34,18
E01030402,26,15
E01030403,25,13
E01030404,18,13
E01030405,14,11
E01030406,29,18
E01030407,32,18
E01030408,33,18
E01030409,17,12
E01030410,19,14
E01030411,14,11
E01030412,16,11
E01030413,28,17
E01030414,26,18
E01030415,30,18
E01030416,28,17
E01030417,9,8
E01030418,21,13
E01030419,9,8
E01030420,9,8
E01030421,46,21
E01030422,48,19
E01030423,52,20
E01030424,44,18
E01030425,45,19
E01030426,42,20
E01030427,39,19
E01030428,33,16
E01030429,33,17
E01030430,40,19
E01030431,42,20
E01030432,41,21
E01030433,43,20
E01030434,45,15
E01030435,46,16
E01030436,40,15
E01030437,36,18
E01030438,34,17
E01030439,41,18
E01030440,44,19
E01030441,60,25
E01030442,59,27
E01030443,47,24
E01030444,54,26
E01030445,50,26
E01030446,63,27
E01030447,63,25
E01030448,24,12
E01030449,24,12
E01030450,25,14
E01030451,24,14
E01030452,18,11
E01030453,33,17
E01030454,39,19
E01030455,29,16
E01030456,33,16
E01030457,29,15
E01030458,58,21
E01030459,50,20
E01030460,40,20
E01030461,39,20
E01030462,45,18
E01030463,48,17
E01030464,43,21
E01030465,41,19
E01030466,37,18
E01030467,21,11
E01030468,16,10
E01030469,17,10
E01030470,12,9
E01030471,69,22
E01030472,53,19
E01030473,46,19
E01030474,57,21
E01030475,54,18
E01030476,51,18
E01030477,61,19
E01030478,45,17
E01030479,41,20
E01030480,40,18
E01030481,32,15
E01030482,40,15
E01030483,34,13
E01030484,37,14
E01030485,22,11
E01030486,21,11
E01030487,25,11
E01030488,23,13
E01030489,25,12
E01030490,61,25
E01030491,53,27
E01030492,73,31
E01030493,17,9
E01030494,14,9
E01030495,20,10
E01030496,10,8
E01030497,13,8
E01030498,17,10
E01030499,31,14
E01030500,17,10
E01030501,32,14
E01030502,24,13
E01030503,18,10
E01030504,43,16
E01030505,24,13
E01030506,25,11
E01030507,25,12
E01030508,21,11
E01030509,18,11
E01030510,24,13
E01030511,26,13
E01030512,22,12
E01030513,19,10
E01030514,20,10
E01030515,55,29
E01030516,45,24
E01030517,42,25
E01030518,48,24
E01030519,50,24
E01030520,52,23
E01030521,55,23
E01030522,49,22
E01030523,51,22
E01030524,53,19
E01030525,49,25
E01030526,49,25
E01030527,45,21
E01030528,105,30
E01030529,67,33
E01030530,71,21
E01030531,47,22
E01030532,47,24
E01030533,41,24
E01030534,50,26
E01030535,55,28
E01030536,56,27
E01030537,49,25
E01030538,51,26
E01030539,38,21
E01030540,42,20
E01030541,43,22
E01030542,41,22
E01030543,42,23
E01030544,66,28
E01030545,59,28
E01030546,54,28
E01030547,57,27
E01030548,33,20
E01030549,30,19
E01030550,31,17
E01030551,30,19
E01030552,33,16
E01030553,37,16
E01030554,45,18
E01030555,81,33
E01030556,46,22
E01030557,118,37
E01030558,65,30
E01030559,38,20
E01030560,37,21
E01030561,40,21
E01030562,34,18
E01030563,40,21
E01030564,39,21
E01030565,46,22
E01030566,50,22
E01030567,57,25
E01030568,53,25
E01030569,46,25
E01030570,14,9
E01030571,16,10
E01030572,11,9
E01030573,20,11
E01030574,16,10
E01030575,30,17
E01030576,26,15
E01030577,39,18
E01030578,36,19
E01030579,31,18
E01030580,32,16
E01030581,37,17
E01030582,41,18
E01030583,43,19
E01030584,32,17
E01030585,28,16
E01030586,28,17
E01030587,25,16
E01030588,28,18
E01030589,55,22
E01030590,48,23
E01030591,50,23
E01030592,42,19
E01030593,17,11
E01030594,21,12
E01030595,18,12
E01030596,28,13
E01030597,28,13
E01030598,32,19
E01030599,35,19
E01030600,34,19
E01030601,37,21
E01030602,33,17
E01030603,35,16
E01030604,35,17
E01030605,30,15
E01030606,29,14
E01030607,41,18
E01030608,37,16
E01030609,34,17
E01030610,30,17
E01030611,29,16
E01030612,23,15
E01030613,19,11
E01030614,24,12
E01030615,24,13
E01030616,31,14
E01030617,27,14
E01030618,28,16
E01030619,30,14
E01030620,31,15
E01030621,31,13
E01030622,28,12
E01030623,37,17
E01030624,36,14
E01030625,43,17
E01030626,39,17
E01030627,36,16
E01030628,31,14
E01030629,25,12
E01030630,22,13
E01030631,24,13
E01030632,24,12
E01030633,22,12
E01030634,21,11
E01030635,49,18
E01030636,41,18
E01030637,44,16
E01030638,44,17
E01030639,47,17
E01030640,32,15
E01030641,28,14
E01030642,30,15
E01030643,35,15
E01030644,33,16
E01030645,26,13
E01030646,30,15
E01030647,35,17
E01030648,28,12
E01030649,29,13
E01030650,31,11
E01030651,31,14
E01030652,26,12
E01030653,23,11
E01030654,27,13
E01030655,17,9
E01030656,28,11
E01030657,23,10
E01030658,30,14
E01030659,25,12
E01030660,26,13
E01030661,25,13
E01030662,21,11
E01030663,34,17
E01030664,38,17
E01030665,35,17
E01030666,32,17
E01030667,35,18
E01030668,39,18
E01030669,39,18
E01030670,38,18
E01030671,50,18
E01030672,50,19
E01030673,56,20
E01030674,51,20
E01030675,50,19
E01030676,52,21
E01030677,23,8
E01030678,22,11
E01030679,29,10
E01030680,20,11
E01030681,43,19
E01030682,40,17
E01030683,41,17
E01030684,32,14
E01030685,53,13
E01030686,38,14
E01030687,47,15
E01030688,43,15
E01030689,42,13
E01030690,42,13
E01030691,51,13
E01030692,48,15
E01030693,41,17
E01030694,41,18
E01030695,41,16
E01030696,36,16
E01030697,26,14
E01030698,26,14
E01030699,29,15
E01030700,26,15
E01030701,23,13
E01030702,20,12
E01030703,25,12
E01030704,20,12
E01030705,25,13
E01030706,30,13
E01030707,11,10
E01030708,13,10
E01030709,13,9
E01030710,13,8
E01030711,9,7
E01030712,19,11
E01030713,21,11
E01030714,20,11
E01030715,26,12
E01030716,22,11
E01030717,38,19
E01030718,40,19
E01030719,36,19
E01030720,42,21
E01030721,35,18
E01030722,30,17
E01030723,34,18
E01030724,36,19
E01030725,30,15
E01030726,36,16
E01030727,35,17
E01030728,38,18
E01030729,38,16
E01030730,33,18
E01030731,33,20
E01030732,40,19
E01030733,32,19
E01030734,23,14
E01030735,29,16
E01030736,24,15
E01030737,29,16
E01030738,29,16
E01030739,34,14
E01030740,30,13
E01030741,33,14
E01030742,34,16
E01030743,19,10
E01030744,17,9
E01030745,16,9
E01030746,17,9
E01030747,25,15
E01030748,38,18
E01030749,46,18
E01030750,36,17
E01030751,35,18
E01030752,32,17
E01030753,43,22
E01030754,40,21
E01030755,43,20
E01030756,47,22
E01030757,45,16
E01030758,35,15
E01030759,37,14
E01030760,36,15
E01030761,51,23
E01030762,50,23
E01030763,69,14
E01030764,67,16
E01030765,66,14
E01030766,14,9
E01030767,17,10
E01030768,13,9
E01030769,18,9
E01030770,24,12
E01030771,25,11
E01030772,21,11
E01030773,24,12
E01030774,26,13
E01030775,21,12
E01030776,25,14
E01030777,22,12
E01030778,36,17
E01030779,38,18
E01030780,31,17
E01030781,35,17
E01030782,29,13
E01030783,31,14
E01030784,34,14
E01030785,29,14
E01030786,32,15
E01030787,32,16
E01030788,36,16
E01030789,19,10
E01030790,16,9
E01030791,12,8
E01030792,28,15
E01030793,25,13
E01030794,25,12
E01030795,24,13
E01030796,30,12
E01030797,33,13
E01030798,25,12
E01030799,20,11
E01030800,22,13
E01030801,31,16
E01030802,27,15
E01030803,18,11
E01030804,22,12
E01030805,18,10
E01030806,47,21
E01030807,45,20
E01030808,46,21
E01030809,52,17
E01030810,53,16
E01030811,56,17
E01030812,52,20
E01030813,32,15
E01030814,37,14
E01030815,46,18
E01030816,71,23
E01030817,47,18
E01030818,44,19
E01030819,51,22
E01030820,55,24
E01030821,76,38
E01030822,79,38
E01030823,72,29
E01030824,40,23
E01030825,43,22
E01030826,42,27
E01030827,62,27
E01030828,61,25
E01030829,49,26
E01030830,50,28
E01030831,59,30
E01030832,66,31
E01030833,74,33
E01030834,73,33
E01030835,68,34
E01030836,51,29
E01030837,59,30
E01030838,76,27
E01030839,58,28
E01030840,57,31
E01030841,56,30
E01030842,62,32
E01030843,64,31
E01030844,63,29
E01030845,63,28
E01030846,59,28
E01030847,53,26
E01030848,54,26
E01030850,52,28
E01030851,57,29
E01030852,59,27
E01030853,53,27
E01030854,58,28
E01030855,55,29
E01030856,54,27
E01030857,61,28
E01030858,58,27
E01030859,52,30
E01030860,48,29
E01030861,79,31
E01030862,74,34
E01030863,51,22
E01030864,71,28
E01030865,48,22
E01030866,45,22
E01030867,80,33
E01030868,76,31
E01030869,77,32
E01030870,73,35
E01030871,70,33
E01030872,69,33
E01030873,69,34
E01030874,59,29
E01030875,61,32
E01030876,72,34
E01030877,63,24
E01030878,64,24
E01030879,98,27
E01030880,79,36
E01030881,79,27
E01030882,72,26
E01030883,65,25
E01030884,53,25
E01030885,49,23
E01030886,65,26
E01030887,59,25
E01030888,43,23
E01030889,54,24
E01030890,50,23
E01030891,53,23
E01030892,54,23
E01030893,51,22
E01030894,65,24
E01030895,50,21
E01030896,65,25
E01030897,68,26
E01030898,74,29
E01030899,57,25
E01030900,57,25
E01030901,52,25
E01030902,52,21
E01030903,61,20
E01030904,52,22
E01030905,64,27
E01030906,72,28
E01030907,80,30
E01030908,104,31
E01030909,89,31
E01030910,90,32
E01030911,40,21
E01030912,46,20
E01030913,41,21
E01030914,46,23
E01030915,51,24
E01030916,43,23
E01030917,46,20
E01030918,42,21
E01030919,45,19
E01030920,34,21
E01030921,38,21
E01030922,45,22
E01030923,52,25
E01030924,48,24
E01030925,53,25
E01030926,60,31
E01030927,64,30
E01030928,54,32
E01030929,64,30
E01030930,59,33
E01030931,50,33
E01030932,66,32
E01030933,56,33
E01030934,88,30
E01030935,90,30
E01030937,60,21
E01030938,55,22
E01030939,62,23
E01030940,54,25
E01030941,57,25
E01030942,75,27
E01030943,61,24
E01030944,53,20
E01030945,45,21
E01030946,59,22
E01030947,62,24
E01030948,60,23
E01030949,59,22
E01030950,60,23
E01030951,51,20
E01030952,49,19
E01030953,53,21
E01030954,38,20
E01030955,46,21
E01030956,57,21
E01030957,57,21
E01030958,55,22
E01030959,53,21
E01030960,53,23
E01030961,53,22
E01030962,51,23
E01030963,46,17
E01030964,35,17
E01030965,42,16
E01030966,55,18
E01030967,59,18
E01030968,45,19
E01030969,48,19
E01030970,48,19
E01030971,53,21
E01030972,50,22
E01030973,54,21
E01030974,56,21
E01030975,55,21
E01030976,56,22
E01030977,53,21
E01030978,52,22
E01030979,53,22
E01030980,40,17
E01030981,49,19
E01030982,42,18
E01030983,38,17
E01030984,53,18
E01030985,54,19
E01030986,51,19
E01030987,43,18
E01030988,43,19
E01030989,48,19
E01030990,48,21
E01030991,40,22
E01030992,45,22
E01030993,36,21
E01030994,58,23
E01030995,57,23
E01030996,57,21
E01030997,62,22
E01030998,62,20
E01030999,58,21
E01031000,47,23
E01031001,49,22
E01031002,54,19
E01031003,57,21
E01031004,48,19
E01031005,49,16
E01031006,53,18
E01031007,76,21
E01031008,28,17
E01031009,49,23
E01031010,46,22
E01031011,50,24
E01031012,51,23
E01031013,48,22
E01031014,45,20
E01031015,41,20
E01031016,72,28
E01031017,72,28
E01031018,84,26
E01031019,46,23
E01031020,46,21
E01031021,46,21
E01031022,47,22
E01031023,33,16
E01031024,103,22
E01031025,67,26
E01031026,71,28
E01031027,73,20
E01031028,102,24
E01031029,27,15
E01031030,33,16
E01031031,71,28
E01031032,79,26
E01031033,54,23
E01031034,53,24
E01031035,97,31
E01031036,107,34
E01031037,71,28
E01031038,75,29
E01031039,79,29
E01031040,74,28
E01031041,36,20
E01031042,38,21
E01031043,20,10
E01031044,23,10
E01031045,23,9
E01031046,20,9
E01031047,18,9
E01031048,19,8
E01031049,9,8
E01031050,20,11
E01031051,13,8
E01031052,26,11
E01031053,23,10
E01031054,24,11
E01031055,29,12
E01031056,35,14
E01031057,21,10
E01031058,16,10
E01031059,15,8
E01031060,17,9
E01031061,18,9
E01031062,31,17
E01031063,27,16
E01031064,23,14
E01031065,22,13
E01031066,25,14
E01031067,40,18
E01031068,41,18
E01031069,38,17
E01031070,42,18
E01031073,29,13
E01031074,23,14
E01031075,29,12
E01031077,50,21
E01031078,45,20
E01031079,30,17
E01031080,30,17
E01031081,17,12
E01031082,21,14
E01031083,30,14
E01031084,23,13
E01031085,17,12
E01031086,38,20
E01031087,38,19
E01031088,40,20
E01031089,34,18
E01031090,27,12
E01031091,22,11
E01031092,21,10
E01031093,26,11
E01031094,16,10
E01031095,32,15
E01031096,28,15
E01031097,33,16
E01031098,33,17
E01031099,34,17
E01031100,37,14
E01031101,35,14
E01031102,30,13
E01031103,36,15
E01031104,35,15
E01031105,26,15
E01031106,35,18
E01031107,24,13
E01031108,30,15
E01031109,24,14
E01031110,34,16
E01031111,39,15
E01031112,29,15
E01031113,30,15
E01031114,29,14
E01031115,12,8
E01031116,14,9
E01031117,17,10
E01031118,17,9
E01031119,15,9
E01031120,30,12
E01031121,31,13
E01031122,33,13
E01031123,42,14
E01031124,39,14
E01031125,34,12
E01031127,32,12
E01031129,20,12
E01031130,22,10
E01031131,22,9
E01031132,18,9
E01031133,19,10
E01031134,28,11
E01031135,20,11
E01031136,28,11
E01031137,37,15
E01031138,35,15
E01031139,38,15
E01031140,34,14
E01031141,32,12
E01031142,35,13
E01031143,20,10
E01031144,14,9
E01031145,9,7
E01031146,15,9
E01031147,30,14
E01031148,22,13
E01031149,38,21
E01031150,48,19
E01031151,33,18
E01031152,33,17
E01031153,41,22
E01031154,38,21
E01031155,20,10
E01031156,13,10
E01031157,17,9
E01031158,21,12
E01031159,33,17
E01031160,34,21
E01031161,26,13
E01031162,29,13
E01031163,26,12
E01031164,39,13
E01031165,35,14
E01031166,90,23
E01031167,18,9
E01031168,26,10
E01031169,24,9
E01031170,20,9
E01031171,24,11
E01031172,27,12
E01031173,19,9
E01031174,22,9
E01031175,21,10
E01031176,18,9
E01031177,23,10
E01031178,23,10
E01031179,25,10
E01031180,23,11
E01031181,57,21
E01031182,46,20
E01031183,33,20
E01031184,27,19
E01031185,34,22
E01031186,33,21
E01031187,36,18
E01031188,49,15
E01031189,43,24
E01031190,35,21
E01031191,37,23
E01031192,33,22
E01031193,89,31
E01031194,107,27
E01031195,64,20
E01031196,38,19
E01031197,120,32
E01031198,120,25
E01031199,77,26
E01031200,72,26
E01031201,63,25
E01031202,33,20
E01031203,41,21
E01031204,35,18
E01031205,61,28
E01031206,58,29
E01031207,53,25
E01031208,38,20
E01031209,104,35
E01031210,61,27
E01031211,65,28
E01031212,39,19
E01031213,35,13
E01031214,61,29
E01031215,58,28
E01031216,62,28
E01031217,63,17
E01031218,45,17
E01031219,50,30
E01031220,45,30
E01031221,48,30
E01031222,46,28
E01031223,37,28
E01031224,98,33
E01031225,20,10
E01031227,23,13
E01031228,18,9
E01031229,10,7
E01031230,21,10
E01031231,16,9
E01031232,15,9
E01031233,22,10
E01031234,10,7
E01031235,15,9
E01031236,20,11
E01031237,23,11
E01031238,16,9
E01031239,18,11
E01031240,23,12
E01031241,23,12
E01031242,20,12
E01031243,51,22
E01031244,74,21
E01031245,61,26
E01031246,44,24
E01031247,67,27
E01031248,35,17
E01031249,32,21
E01031250,38,22
E01031251,31,21
E01031252,62,23
E01031253,42,22
E01031254,54,21
E01031255,43,19
E01031256,31,17
E01031257,35,16
E01031258,29,16
E01031259,44,18
E01031260,55,18
E01031261,25,16
E01031262,30,17
E01031263,29,17
E01031264,36,18
E01031265,24,16
E01031266,23,16
E01031267,43,15
E01031268,47,14
E01031269,41,17
E01031271,34,15
E01031272,35,15
E01031273,44,18
E01031274,45,17
E01031275,49,18
E01031276,41,16
E01031277,52,18
E01031278,49,18
E01031279,54,19
E01031280,92,23
E01031281,71,22
E01031282,77,23
E01031283,87,18
E01031284,33,14
E01031285,35,15
E01031286,42,16
E01031287,52,18
E01031288,44,17
E01031289,50,17
E01031290,25,12
E01031291,23,13
E01031292,26,14
E01031293,20,12
E01031294,29,13
E01031295,36,15
E01031296,48,18
E01031297,44,18
E01031298,39,16
E01031299,36,16
E01031300,50,18
E01031301,63,22
E01031302,53,20
E01031303,23,15
E01031304,23,17
E01031305,23,14
E01031306,22,15
E01031307,30,15
E01031308,62,19
E01031309,17,10
E01031310,13,8
E01031311,18,9
E01031312,15,10
E01031313,18,10
E01031314,16,9
E01031315,32,16
E01031316,15,11
E01031317,22,12
E01031318,36,17
E01031319,12,9
E01031320,22,13
E01031321,10,7
E01031322,17,9
E01031323,8,7
E01031324,15,10
E01031325,23,12
E01031327,40,18
E01031328,43,20
E01031329,36,18
E01031330,43,19
E01031331,44,19
E01031332,35,19
E01031333,33,19
E01031334,35,19
E01031335,27,17
E01031336,23,16
E01031337,29,17
E01031338,46,21
E01031339,43,22
E01031340,46,22
E01031341,23,14
E01031342,23,12
E01031343,26,14
E01031344,28,15
E01031345,33,16
E01031346,25,14
E01031347,39,22
E01031348,42,22
E01031349,47,22
E01031350,52,23
E01031351,55,21
E01031352,53,22
E01031353,40,17
E01031354,36,16
E01031355,29,15
E01031356,45,22
E01031357,38,20
E01031358,28,15
E01031359,28,14
E01031360,27,14
E01031361,26,14
E01031362,29,14
E01031363,21,13
E01031364,32,20
E01031365,38,22
E01031366,38,22
E01031367,40,21
E01031368,38,20
E01031369,34,20
E01031370,47,20
E01031371,46,21
E01031372,45,22
E01031373,43,22
E01031374,48,21
E01031375,43,22
E01031376,26,14
E01031377,25,13
E01031378,28,15
E01031379,30,14
E01031380,65,23
E01031381,58,24
E01031382,51,23
E01031383,59,23
E01031384,63,22
E01031385,58,22
E01031386,63,22
E01031387,46,22
E01031388,43,22
E01031389,42,23
E01031390,75,21
E01031391,66,21
E01031392,70,23
E01031393,38,19
E01031394,36,20
E01031395,41,17
E01031396,31,16
E01031397,36,17
E01031398,56,28
E01031399,56,28
E01031400,58,28
E01031401,31,21
E01031402,39,21
E01031403,33,22
E01031404,37,21
E01031405,33,22
E01031406,38,22
E01031407,52,27
E01031408,53,27
E01031409,55,27
E01031410,53,28
E01031411,44,24
E01031412,54,23
E01031413,50,23
E01031414,45,22
E01031415,41,23
E01031416,61,27
E01031417,59,26
E01031418,57,27
E01031419,50,26
E01031420,58,28
E01031421,58,28
E01031422,48,19
E01031423,46,19
E01031424,45,19
E01031425,42,19
E01031426,75,20
E01031427,55,29
E01031428,46,29
E01031429,60,29
E01031430,59,29
E01031431,41,25
E01031432,41,26
E01031433,41,24
E01031434,37,24
E01031435,50,24
E01031436,40,25
E01031437,46,24
E01031438,62,28
E01031439,70,28
E01031440,75,29
E01031441,37,22
E01031442,38,23
E01031443,35,22
E01031444,38,24
E01031445,47,21
E01031446,51,21
E01031447,51,23
E01031448,53,24
E01031449,58,21
E01031450,41,24
E01031451,47,24
E01031452,44,24
E01031453,40,25
E01031454,47,29
E01031455,52,27
E01031456,52,29
E01031457,44,25
E01031458,51,26
E01031459,37,24
E01031460,51,27
E01031461,51,28
E01031462,49,25
E01031463,50,26
E01031464,47,26
E01031465,68,17
E01031466,41,18
E01031467,68,28
E01031468,59,27
E01031469,53,28
E01031470,63,27
E01031471,64,25
E01031472,58,24
E01031473,56,24
E01031474,37,17
E01031475,42,20
E01031476,55,19
E01031477,27,17
E01031478,39,33
E01031479,90,28
E01031480,20,10
E01031481,12,8
E01031482,18,9
E01031483,8,7
E01031484,9,7
E01031485,25,10
E01031486,15,9
E01031487,26,10
E01031488,18,9
E01031489,21,10
E01031490,16,10
E01031491,16,10
E01031492,21,11
E01031493,25,12
E01031494,28,11
E01031495,18,10
E01031496,30,13
E01031497,68,29
E01031498,89,33
E01031499,58,26
E01031500,61,25
E01031501,58,26
E01031502,67,33
E01031503,82,32
E01031504,78,36
E01031505,32,15
E01031506,39,18
E01031507,65,25
E01031508,81,27
E01031509,26,13
E01031511,54,27
E01031512,50,27
E01031513,44,16
E01031514,57,36
E01031515,40,36
E01031516,60,31
E01031517,120,38
E01031518,120,42
E01031519,111,38
E01031520,83,32
E01031521,120,38
E01031522,45,26
E01031523,52,27
E01031524,50,27
E01031525,49,28
E01031526,58,28
E01031527,54,28
E01031528,55,27
E01031529,41,20
E01031530,32,15
E01031531,40,23
E01031532,57,25
E01031533,38,23
E01031534,44,23
E01031535,36,21
E01031536,78,30
E01031538,27,13
E01031539,26,13
E01031540,50,25
E01031541,60,27
E01031542,50,21
E01031543,59,23
E01031544,120,43
E01031545,120,44
E01031546,69,31
E01031547,74,30
E01031548,70,32
E01031549,68,32
E01031550,69,32
E01031551,67,31
E01031552,60,30
E01031553,65,31
E01031554,65,31
E01031555,64,31
E01031556,65,28
E01031557,65,28
E01031558,60,29
E01031559,64,30
E01031560,59,30
E01031561,52,29
E01031562,54,30
E01031563,58,30
E01031564,54,31
E01031565,60,32
E01031566,61,31
E01031567,55,31
E01031568,63,33
E01031569,64,34
E01031570,63,29
E01031571,58,30
E01031572,62,29
E01031573,58,28
E01031574,62,29
E01031575,54,26
E01031576,53,27
E01031577,54,27
E01031578,48,26
E01031579,51,27
E01031580,53,25
E01031581,57,26
E01031582,60,27
E01031583,51,26
E01031584,47,26
E01031585,48,27
E01031586,51,24
E01031587,54,23
E01031588,49,25
E01031589,43,27
E01031590,50,26
E01031591,41,27
E01031592,54,26
E01031593,52,26
E01031594,47,27
E01031595,55,30
E01031596,60,29
E01031597,62,30
E01031598,56,29
E01031599,52,29
E01031600,43,26
E01031601,45,26
E01031603,45,25
E01031604,62,31
E01031605,58,30
E01031606,64,31
E01031607,56,30
E01031608,53,29
E01031609,60,29
E01031610,54,29
E01031611,107,34
E01031612,81,41
E01031613,77,40
E01031614,87,41
E01031615,78,40
E01031616,53,30
E01031617,56,29
E01031618,61,34
E01031619,91,38
E01031620,87,38
E01031621,70,32
E01031622,54,25
E01031623,85,34
E01031624,71,28
E01031625,91,29
E01031626,88,28
E01031627,69,29
E01031628,59,26
E01031629,63,26
E01031630,68,28
E01031631,64,27
E01031632,67,28
E01031633,61,30
E01031634,66,25
E01031635,60,31
E01031636,74,37
E01031637,80,37
E01031638,85,38
E01031639,75,36
E01031640,79,35
E01031641,50,33
E01031642,54,34
E01031643,52,33
E01031644,65,40
E01031645,64,39
E01031646,66,39
E01031647,59,39
E01031648,74,39
E01031649,69,40
E01031650,74,40
E01031651,69,40
E01031652,71,35
E01031653,65,38
E01031654,71,36
E01031655,67,36
E01031656,69,37
E01031657,100,42
E01031658,89,39
E01031659,120,41
E01031660,90,32
E01031661,73,29
E01031662,65,33
E01031663,70,34
E01031664,77,35
E01031665,104,29
E01031666,71,37
E01031667,68,38
E01031668,63,38
E01031669,65,38
E01031670,71,37
E01031671,77,37
E01031672,69,37
E01031673,77,37
E01031674,95,38
E01031675,86,38
E01031676,87,33
E01031677,66,33
E01031678,69,33
E01031679,74,37
E01031680,73,36
E01031681,71,36
E01031682,75,35
E01031683,67,34
E01031684,62,28
E01031685,58,28
E01031686,61,28
E01031687,65,30
E01031688,79,39
E01031689,74,39
E01031690,83,39
E01031691,76,39
E01031692,49,25
E01031693,40,21
E01031694,33,18
E01031695,63,36
E01031696,62,35
E01031697,72,23
E01031698,58,24
E01031699,43,17
E01031700,48,19
E01031701,38,16
E01031702,38,16
E01031703,32,17
E01031704,31,16
E01031705,28,15
E01031706,23,14
E01031707,27,15
E01031708,25,16
E01031709,27,16
E01031710,33,18
E01031711,29,15
E01031712,24,14
E01031713,23,13
E01031714,36,17
E01031715,31,19
E01031716,40,17
E01031717,33,16
E01031718,58,24
E01031719,58,25
E01031720,52,25
E01031721,51,29
E01031722,48,27
E01031723,55,28
E01031724,56,31
E01031725,50,29
E01031726,29,14
E01031727,35,18
E01031728,32,15
E01031729,81,39
E01031730,70,38
E01031731,81,38
E01031732,72,33
E01031733,76,35
E01031734,83,36
E01031735,68,36
E01031736,77,35
E01031737,77,35
E01031738,78,35
E01031739,75,35
E01031740,72,33
E01031741,70,36
E01031742,66,36
E01031743,69,35
E01031744,38,21
E01031745,45,21
E01031746,37,22
E01031747,45,21
E01031748,37,23
E01031749,15,9
E01031750,14,9
E01031751,11,8
E01031752,15,10
E01031753,19,10
E01031754,16,9
E01031755,10,7
E01031756,9,7
E01031757,11,8
E01031758,14,8
E01031759,22,12
E01031760,22,11
E01031761,15,9
E01031763,23,12
E01031764,38,19
E01031765,27,11
E01031766,71,25
E01031767,55,24
E01031768,46,24
E01031769,49,25
E01031770,60,27
E01031771,54,24
E01031772,21,11
E01031773,23,11
E01031774,18,10
E01031775,28,12
E01031776,19,11
E01031777,17,10
E01031778,25,12
E01031779,16,9
E01031780,17,10
E01031781,21,12
E01031782,36,15
E01031783,32,15
E01031784,33,14
E01031785,36,17
E01031786,35,16
E01031787,18,9
E01031788,11,8
E01031789,10,8
E01031790,17,9
E01031791,19,9
E01031792,36,15
E01031793,39,17
E01031794,38,15
E01031795,38,15
E01031796,24,9
E01031797,33,11
E01031798,18,9
E01031799,25,10
E01031800,28,10
E01031801,21,9
E01031802,38,17
E01031803,41,16
E01031804,31,14
E01031805,37,15
E01031806,37,16
E01031807,25,10
E01031808,23,10
E01031809,26,11
E01031810,25,10
E01031811,22,10
E01031812,26,11
E01031813,26,12
E01031814,31,13
E01031815,28,12
E01031816,28,11
E01031817,42,16
E01031818,39,16
E01031819,42,16
E01031820,35,17
E01031821,33,16
E01031822,29,13
E01031823,28,13
E01031824,28,12
E01031825,33,14
E01031826,34,14
E01031827,29,13
E01031828,42,17
E01031829,44,16
E01031830,37,16
E01031831,8,7
E01031832,16,9
E01031833,12,8
E01031834,15,8
E01031835,9,7
E01031836,29,12
E01031837,27,11
E01031838,31,12
E01031839,31,13
E01031840,34,13
E01031841,50,23
E01031842,107,48
E01031843,76,34
E01031844,95,51
E01031845,107,50
E01031846,106,50
E01031847,63,31
E01031848,112,55
E01031849,63,28
E01031850,104,54
E01031851,111,55
E01031852,112,56
E01031853,93,54
E01031854,96,56
E01031855,105,56
E01031856,102,56
E01031857,104,54
E01031858,101,53
E01031859,35,19
E01031860,34,18
E01031861,40,23
E01031862,33,21
E01031863,31,21
E01031864,49,24
E01031865,34,22
E01031866,95,32
E01031867,70,31
E01031868,49,21
E01031869,57,39
E01031870,54,38
E01031871,98,37
E01031872,107,59
E01031873,49,27
E01031874,50,29
E01031876,102,48
E01031877,101,31
E01031878,41,21
E01031879,48,26
E01031880,46,25
E01031882,83,41
E01031883,117,55
E01031884,66,32
E01031885,85,39
E01031886,120,32
E01031887,88,28
E01031888,59,23
E01031889,65,28
E01031890,63,26
E01031891,102,38
E01031892,93,34
E01031893,81,28
E01031894,98,39
E01031895,83,44
E01031896,83,45
E01031897,91,46
E01031898,88,45
E01031900,88,47
E01031901,89,47
E01031902,91,46
E01031903,88,49
E01031904,96,46
E01031905,69,34
E01031906,71,34
E01031907,75,31
E01031908,67,33
E01031909,65,34
E01031910,60,33
E01031911,63,34
E01031912,58,35
E01031913,67,35
E01031914,67,32
E01031915,62,32
E01031916,69,37
E01031917,62,36
E01031918,59,37
E01031919,65,32
E01031920,59,32
E01031921,77,38
E01031922,74,39
E01031923,77,39
E01031924,72,38
E01031925,63,33
E01031926,67,34
E01031927,69,35
E01031928,67,34
E01031929,75,28
E01031930,81,31
E01031931,77,31
E01031932,71,30
E01031933,74,31
E01031934,67,23
E01031935,71,22
E01031936,67,22
E01031937,94,39
E01031938,88,47
E01031939,89,30
E01031940,86,33
E01031941,88,31
E01031942,88,37
E01031944,90,31
E01031946,73,32
E01031947,97,36
E01031948,99,37
E01031949,81,34
E01031950,110,34
E01031951,96,30
E01031952,74,30
E01031953,71,29
E01031954,76,28
E01031955,75,27
E01031956,85,26
E01031957,120,40
E01031958,114,39
E01031959,79,33
E01031960,87,30
E01031961,94,24
E01031962,64,24
E01031963,57,20
E01031964,57,19
E01031965,60,20
E01031966,61,20
E01031967,59,21
E01031968,61,21
E01031969,56,18
E01031970,36,18
E01031971,44,20
E01031972,50,24
E01031973,62,27
E01031974,47,23
E01031975,50,24
E01031976,49,24
E01031977,50,24
E01031978,53,24
E01031979,48,24
E01031980,44,20
E01031981,43,20
E01031982,39,19
E01031983,40,18
E01031984,38,17
E01031985,35,16
E01031986,34,15
E01031988,63,23
E01031989,59,23
E01031990,33,25
E01031991,74,49
E01031992,37,22
E01031993,30,18
E01031994,36,20
E01031995,27,16
E01031996,56,25
E01031997,57,25
E01031998,77,27
E01031999,59,26
E01032000,16,11
E01032001,36,16
E01032002,34,16
E01032003,31,15
E01032004,72,34
E01032005,15,9
E01032006,18,9
E01032007,16,8
E01032008,26,13
E01032009,24,12
E01032010,110,46
E01032011,43,18
E01032012,38,16
E01032013,53,26
E01032014,22,14
E01032015,28,14
E01032016,26,15
E01032017,34,17
E01032018,37,18
E01032019,33,17
E01032020,30,15
E01032021,25,14
E01032022,22,13
E01032023,19,12
E01032024,31,15
E01032025,34,17
E01032026,76,31
E01032027,78,32
E01032029,72,46
E01032030,59,45
E01032031,77,38
E01032032,56,25
E01032033,65,24
E01032034,47,22
E01032035,108,38
E01032036,115,39
E01032037,100,37
E01032038,51,21
E01032039,43,21
E01032040,50,20
E01032041,55,25
E01032042,61,28
E01032043,67,32
E01032044,69,35
E01032045,74,28
E01032046,65,27
E01032047,66,28
E01032048,65,32
E01032049,62,32
E01032050,58,29
E01032051,103,42
E01032052,88,39
E01032053,87,41
E01032054,84,40
E01032055,95,50
E01032056,94,48
E01032057,86,35
E01032058,81,32
E01032059,82,27
E01032060,68,27
E01032061,84,32
E01032062,73,40
E01032063,72,39
E01032064,86,42
E01032065,82,42
E01032066,79,42
E01032067,77,40
E01032068,74,41
E01032069,77,41
E01032070,85,41
E01032071,89,43
E01032072,82,43
E01032073,84,42
E01032074,89,43
E01032075,91,38
E01032076,92,40
E01032077,107,38
E01032078,88,33
E01032079,87,34
E01032080,102,36
E01032081,120,46
E01032082,112,45
E01032083,81,38
E01032084,115,42
E01032085,64,37
E01032086,68,36
E01032087,76,35
E01032088,80,40
E01032089,64,37
E01032090,78,39
E01032091,83,40
E01032092,80,40
E01032093,76,39
E01032094,70,38
E01032095,76,39
E01032096,80,39
E01032097,73,36
E01032098,73,38
E01032099,91,37
E01032100,79,37
E01032101,74,37
E01032102,83,39
E01032103,66,44
E01032104,76,46
E01032105,73,45
E01032106,78,45
E01032107,77,46
E01032108,65,44
E01032109,80,45
E01032110,81,44
E01032111,72,44
E01032112,80,44
E01032113,79,44
E01032114,72,43
E01032115,81,45
E01032116,77,46
E01032117,84,43
E01032118,77,44
E01032119,85,45
E01032121,88,46
E01032122,60,21
E01032123,53,19
E01032124,50,21
E01032125,48,20
E01032126,47,25
E01032127,56,24
E01032128,54,24
E01032129,59,25
E01032130,39,23
E01032131,52,25
E01032132,49,24
E01032133,57,24
E01032134,52,22
E01032135,60,23
E01032136,67,25
E01032137,66,22
E01032138,41,20
E01032139,41,23
E01032140,44,22
E01032141,44,24
E01032142,43,25
E01032143,54,26
E01032144,37,24
E01032145,59,23
E01032146,51,21
E01032147,60,23
E01032148,58,23
E01032149,53,25
E01032150,61,24
E01032151,56,23
E01032152,55,23
E01032153,51,22
E01032154,60,24
E01032155,56,21
E01032156,49,22
E01032157,48,20
E01032158,47,20
E01032159,55,23
E01032160,54,22
E01032161,60,24
E01032162,39,21
E01032166,60,25
E01032168,73,25
E01032169,74,23
E01032170,46,25
E01032171,50,24
E01032172,44,25
E01032173,56,25
E01032174,57,25
E01032175,50,23
E01032176,67,26
E01032177,48,23
E01032178,58,25
E01032179,69,37
E01032180,92,28
E01032181,49,24
E01032182,68,24
E01032183,49,26
E01032184,59,34
E01032185,55,33
E01032186,43,33
E01032187,53,33
E01032188,46,31
E01032189,56,32
E01032190,39,27
E01032191,78,19
E01032192,54,18
E01032193,68,29
E01032194,53,29
E01032195,42,30
E01032196,44,29
E01032197,41,31
E01032198,120,33
E01032199,76,36
E01032200,83,37
E01032201,54,30
E01032202,54,30
E01032203,48,31
E01032204,51,31
E01032205,61,28
E01032206,44,23
E01032207,49,23
E01032208,47,32
E01032209,47,34
E01032210,50,32
E01032211,91,24
E01032212,96,38
E01032213,107,43
E01032214,75,40
E01032215,78,28
E01032216,71,28
E01032217,81,31
E01032218,101,38
E01032219,73,36
E01032220,50,32
E01032221,73,35
E01032222,49,32
E01032223,55,29
E01032224,26,13
E01032225,32,16
E01032226,37,15
E01032227,32,15
E01032228,68,17
E01032229,19,12
E01032230,24,13
E01032231,20,13
E01032232,36,16
E01032233,41,16
E01032234,33,15
E01032235,39,17
E01032236,23,13
E01032237,24,13
E01032238,26,15
E01032239,23,13
E01032240,28,14
E01032241,24,14
E01032242,26,15
E01032243,27,17
E01032244,26,16
E01032245,25,15
E01032246,21,12
E01032247,18,11
E01032248,35,14
E01032249,25,13
E01032250,13,9
E01032251,17,10
E01032252,12,10
E01032253,11,8
E01032254,18,11
E01032255,19,11
E01032256,16,10
E01032257,16,10
E01032258,21,13
E01032259,27,13
E01032260,19,12
E01032261,23,13
E01032262,23,13
E01032263,21,12
E01032264,26,12
E01032265,20,12
E01032266,22,12
E01032267,21,13
E01032268,25,13
E01032269,32,15
E01032270,34,16
E01032271,37,16
E01032272,32,14
E01032273,36,15
E01032274,24,13
E01032275,23,15
E01032276,30,14
E01032277,24,15
E01032278,21,14
E01032279,29,15
E01032280,29,16
E01032281,27,15
E01032282,23,14
E01032283,39,17
E01032284,30,14
E01032285,31,15
E01032286,41,22
E01032287,35,20
E01032288,35,20
E01032289,38,20
E01032290,43,21
E01032292,23,13
E01032294,27,14
E01032295,35,15
E01032296,32,18
E01032297,44,19
E01032298,48,19
E01032299,36,17
E01032300,39,18
E01032301,24,12
E01032302,22,13
E01032303,25,12
E01032304,22,12
E01032305,17,11
E01032306,16,11
E01032307,12,9
E01032308,22,12
E01032309,17,12
E01032310,31,14
E01032311,29,13
E01032312,27,14
E01032313,25,13
E01032314,38,22
E01032315,34,20
E01032316,33,23
E01032317,32,22
E01032318,48,23
E01032319,42,22
E01032320,35,20
E01032321,44,23
E01032322,32,19
E01032323,41,16
E01032324,43,15
E01032325,39,14
E01032326,41,16
E01032327,32,17
E01032328,30,15
E01032329,31,16
E01032330,25,15
E01032331,22,14
E01032332,20,13
E01032333,26,13
E01032334,18,12
E01032335,23,12
E01032336,21,12
E01032337,15,10
E01032338,15,10
E01032339,13,9
E01032340,73,31
E01032341,72,32
E01032342,70,31
E01032343,61,31
E01032344,72,31
E01032345,53,21
E01032346,23,16
E01032347,84,30
E01032348,85,32
E01032349,74,33
E01032350,79,34
E01032351,98,38
E01032352,96,35
E01032353,97,38
E01032354,59,23
E01032355,66,19
E01032356,61,19
E01032357,41,25
E01032358,39,25
E01032359,40,25
E01032360,47,25
E01032361,46,23
E01032362,47,22
E01032363,46,23
E01032364,38,22
E01032365,43,23
E01032366,39,23
E01032367,37,24
E01032368,55,26
E01032369,51,25
E01032370,52,26
E01032371,47,24
E01032372,90,27
E01032373,85,29
E01032374,92,32
E01032375,98,32
E01032376,55,28
E01032377,57,30
E01032378,53,29
E01032379,72,33
E01032380,68,32
E01032381,67,33
E01032382,85,29
E01032383,82,28
E01032384,73,33
E01032385,77,33
E01032386,43,19
E01032387,40,17
E01032388,48,28
E01032389,54,28
E01032390,52,29
E01032391,70,32
E01032392,26,18
E01032393,33,23
E01032394,85,31
E01032395,120,25
E01032396,67,33
E01032397,65,32
E01032398,72,33
E01032399,35,18
E01032400,36,18
E01032401,87,24
E01032402,57,15
E01032403,52,16
E01032404,63,24
E01032405,61,24
E01032406,62,25
E01032407,65,26
E01032408,62,23
E01032409,62,22
E01032410,105,25
E01032411,62,21
E01032412,83,30
E01032413,88,29
E01032414,59,30
E01032415,74,34
E01032416,61,21
E01032417,75,17
E01032418,25,11
E01032419,35,13
E01032420,29,13
E01032421,33,14
E01032422,31,13
E01032423,38,20
E01032424,41,20
E01032425,34,19
E01032426,38,20
E01032427,24,15
E01032428,28,15
E01032429,25,14
E01032430,32,17
E01032431,65,19
E01032432,42,16
E01032433,38,16
E01032434,20,10
E01032435,18,9
E01032436,28,12
E01032437,26,11
E01032438,22,11
E01032439,34,15
E01032440,36,14
E01032441,20,9
E01032442,24,10
E01032443,21,9
E01032444,15,8
E01032445,19,9
E01032446,22,11
E01032447,18,10
E01032448,24,12
E01032449,19,10
E01032450,18,9
E01032451,10,8
E01032452,18,8
E01032453,21,9
E01032454,8,7
E01032455,40,15
E01032456,31,13
E01032457,43,16
E01032458,40,15
E01032459,33,14
E01032460,32,15
E01032461,38,17
E01032462,33,16
E01032463,39,16
E01032464,32,12
E01032465,27,12
E01032466,22,11
E01032467,26,11
E01032468,29,14
E01032469,21,12
E01032470,21,9
E01032471,22,10
E01032472,56,19
E01032473,35,19
E01032474,7,7
E01032475,9,7
E01032476,9,7
E01032477,17,9
E01032478,16,8
E01032479,39,13
E01032480,14,11
E01032481,30,12
E01032482,18,12
E01032483,26,17
E01032484,24,16
E01032485,71,25
E01032486,67,25
E01032487,34,18
E01032488,38,19
E01032489,32,18
E01032490,39,18
E01032491,44,19
E01032492,34,17
E01032493,26,19
E01032494,31,19
E01032495,44,19
E01032496,32,17
E01032497,43,20
E01032498,41,21
E01032499,27,15
E01032500,24,14
E01032501,32,24
E01032502,35,25
E01032503,51,28
E01032504,44,25
E01032505,40,15
E01032506,36,14
E01032507,35,14
E01032508,22,10
E01032509,21,11
E01032510,22,11
E01032511,29,14
E01032512,17,11
E01032513,17,12
E01032514,48,24
E01032515,51,25
E01032516,39,15
E01032517,34,14
E01032518,43,19
E01032519,35,19
E01032520,18,10
E01032522,23,10
E01032523,94,44
E01032524,93,45
E01032525,82,42
E01032526,98,42
E01032527,22,17
E01032528,26,16
E01032529,29,18
E01032530,27,18
E01032531,61,25
E01032532,49,27
E01032533,57,25
E01032534,37,19
E01032535,31,18
E01032536,30,16
E01032537,29,15
E01032538,26,16
E01032540,13,8
E01032541,16,9
E01032542,9,8
E01032543,12,8
E01032544,19,10
E01032545,30,12
E01032546,32,12
E01032548,45,25
E01032549,43,24
E01032550,26,12
E01032551,12,8
E01032552,42,18
E01032553,47,18
E01032554,24,17
E01032555,26,17
E01032556,36,14
E01032557,38,15
E01032558,39,15
E01032559,36,14
E01032560,51,22
E01032561,52,24
E01032562,33,16
E01032563,32,18
E01032564,31,16
E01032565,31,17
E01032566,36,16
E01032567,37,16
E01032568,32,20
E01032569,35,18
E01032570,32,20
E01032571,46,24
E01032572,28,17
E01032573,30,19
E01032574,6,7
E01032575,14,8
E01032576,35,18
E01032577,41,20
E01032579,24,15
E01032580,28,14
E01032581,26,14
E01032582,12,8
E01032583,17,9
E01032584,14,8
E01032585,59,28
E01032586,65,26
E01032587,41,17
E01032588,49,18
E01032589,34,16
E01032590,32,16
E01032591,34,17
E01032592,17,11
E01032593,35,17
E01032594,33,18
E01032595,24,16
E01032596,21,15
E01032597,18,14
E01032598,27,15
E01032599,31,17
E01032600,32,19
E01032601,32,19
E01032602,20,11
E01032603,26,12
E01032604,27,12
E01032605,31,14
E01032606,29,17
E01032607,26,13
E01032608,26,14
E01032609,34,19
E01032610,33,18
E01032611,86,33
E01032612,57,31
E01032613,68,32
E01032614,71,30
E01032615,46,21
E01032616,46,21
E01032617,42,20
E01032618,48,21
E01032619,55,23
E01032620,77,26
E01032621,23,11
E01032622,24,12
E01032623,38,17
E01032624,33,18
E01032625,72,29
E01032626,66,27
E01032627,83,41
E01032628,72,29
E01032629,65,27
E01032630,63,27
E01032631,83,31
E01032632,95,33
E01032633,41,23
E01032634,87,33
E01032635,75,49
E01032636,90,66
E01032637,14,9
E01032638,18,10
E01032639,20,14
E01032640,14,10
E01032641,14,9
E01032642,29,17
E01032643,9,8
E01032644,10,8
E01032645,12,8
E01032646,9,7
E01032647,27,14
E01032648,26,13
E01032649,18,15
E01032650,20,15
E01032651,38,16
E01032652,37,14
E01032653,69,45
E01032654,69,45
E01032655,59,35
E01032656,59,35
E01032657,36,19
E01032658,34,19
E01032659,17,8
E01032660,15,9
E01032661,19,8
E01032662,19,9
E01032663,100,36
E01032664,52,28
E01032665,50,28
E01032666,54,20
E01032667,47,20
E01032668,52,21
E01032669,45,15
E01032670,49,17
E01032671,51,17
E01032672,47,18
E01032673,45,17
E01032674,58,29
E01032675,68,32
E01032676,63,31
E01032677,61,30
E01032678,58,29
E01032679,42,17
E01032680,64,30
E01032681,60,30
E01032682,56,27
E01032683,46,21
E01032684,33,15
E01032685,27,15
E01032686,28,16
E01032687,27,14
E01032688,116,56
E01032689,109,57
E01032690,94,45
E01032691,92,45
E01032692,103,53
E01032693,101,53
E01032694,85,42
E01032695,90,43
E01032696,78,32
E01032697,44,25
E01032698,47,25
E01032699,79,32
E01032700,54,24
E01032701,54,22
E01032702,54,21
E01032703,58,23
E01032704,57,23
E01032705,65,23
E01032706,43,17
E01032707,39,17
E01032708,41,19
E01032709,66,22
E01032710,55,22
E01032711,55,21
E01032712,57,22
E01032713,60,22
E01032714,28,15
E01032715,28,15
E01032716,43,19
E01032717,62,27
E01032719,17,13
E01032720,18,10
E01032722,23,14
E01032724,23,14
E01032725,45,21
E01032726,47,20
E01032727,35,14
E01032728,23,14
E01032729,31,17
E01032730,28,16
E01032731,44,20
E01032732,43,19
E01032733,42,29
E01032734,36,29
E01032735,60,36
E01032737,58,36
E01032738,34,13
E01032739,14,10
E01032740,9,9
E01032741,17,11
E01032742,20,11
E01032743,36,19
E01032744,30,16
E01032745,43,17
E01032746,41,16
E01032748,44,17
E01032750,37,15
E01032751,43,16
E01032753,32,14
E01032755,43,16
E01032756,33,15
E01032758,31,19
E01032759,29,19
E01032761,27,14
E01032763,52,25
E01032764,23,12
E01032765,24,13
E01032766,15,8
E01032767,17,9
E01032768,21,10
E01032769,21,9
E01032770,33,14
E01032771,30,14
E01032772,30,14
E01032773,32,14
E01032774,33,15
E01032775,33,15
E01032776,28,13
E01032777,27,12
E01032778,27,12
E01032779,29,14
E01032780,28,13
E01032781,30,13
E01032782,28,13
E01032783,34,15
E01032784,22,13
E01032785,22,10
E01032786,22,11
E01032787,12,8
E01032788,21,12
E01032789,18,11
E01032790,20,11
E01032792,40,21
E01032794,26,13
E01032795,21,15
E01032797,30,18
E01032798,22,12
E01032799,40,20
E01032800,41,20
E01032802,40,21
E01032803,9,7
E01032805,24,14
E01032807,17,10
E01032808,21,11
E01032809,36,17
E01032810,47,14
E01032811,28,13
E01032812,50,15
E01032813,49,19
E01032814,49,18
E01032815,37,13
E01032816,45,18
E01032817,41,13
E01032818,49,17
E01032819,50,17
E01032820,37,14
E01032821,37,16
E01032822,27,13
E01032823,42,18
E01032824,31,12
E01032825,46,24
E01032826,42,23
E01032827,46,25
E01032828,46,24
E01032829,72,24
E01032830,54,22
E01032831,47,18
E01032832,46,18
E01032833,47,19
E01032834,16,10
E01032835,48,28
E01032836,46,26
E01032837,22,11
E01032838,22,10
E01032839,19,11
E01032840,11,9
E01032841,13,10
E01032842,17,12
E01032843,19,12
E01032844,17,11
E01032845,26,13
E01032846,21,12
E01032847,25,13
E01032848,47,19
E01032849,46,19
E01032850,43,18
E01032851,24,13
E01032852,63,21
E01032853,59,21
E01032854,60,22
E01032855,75,25
E01032856,69,24
E01032857,46,20
E01032858,47,19
E01032859,68,23
E01032860,68,23
E01032862,28,17
E01032863,29,16
E01032865,26,15
E01032867,21,11
E01032868,15,10
E01032870,39,13
E01032871,38,12
E01032872,22,12
E01032873,21,11
E01032875,13,8
E01032876,33,17
E01032877,61,27
E01032878,59,35
E01032879,57,35
E01032880,75,30
E01032881,81,32
E01032882,65,31
E01032883,73,31
E01032884,63,32
E01032885,35,19
E01032886,35,19
E01032887,27,11
E01032888,31,13
E01032889,36,15
E01032890,26,13
E01032891,41,16
E01032892,44,16
E01032893,33,14
E01032894,37,13
E01032895,35,12
E01032896,19,11
E01032897,29,12
E01032898,20,12
E01032899,45,24
E01032900,52,24
E01032901,57,25
E01032902,52,25
E01032903,35,17
E01032904,27,12
E01032905,26,12
E01032906,26,15
E01032907,31,14
E01032909,28,13
E01032911,30,14
E01032912,27,14
E01032914,21,12
E01032915,35,14
E01032917,34,14
E01032919,32,15
E01032920,30,12
E01032921,22,10
E01032922,41,21
E01032923,29,15
E01032924,48,17
E01032925,44,18
E01032926,38,19
E01032927,34,18
E01032928,26,12
E01032929,32,15
E01032930,20,13
E01032931,22,14
E01032932,24,11
E01032933,39,20
E01032934,42,21
E01032935,38,20
E01032936,41,21
E01032937,17,10
E01032938,62,27
E01032939,50,29
E01032940,49,29
E01032941,24,11
E01032942,21,10
E01032943,30,15
E01032944,28,14
E01032945,28,14
E01032946,25,13
E01032947,53,35
E01032948,54,36
E01032949,74,40
E01032950,78,41
E01032951,75,42
E01032952,46,35
E01032953,78,42
E01032954,67,36
E01032955,18,14
E01032956,40,17
E01032957,37,17
E01032958,41,23
E01032959,40,19
E01032960,98,29
E01032961,23,15
E01032962,34,15
E01032963,31,20
E01032964,34,21
E01032965,38,22
E01032966,35,22
E01032967,34,22
E01032968,50,17
E01032969,30,19
E01032970,28,18
E01032971,27,18
E01032972,24,14
E01032973,33,20
E01032974,67,18
E01032975,40,19
E01032976,43,20
E01032977,37,18
E01032978,19,11
E01032979,20,12
E01032980,20,13
E01032981,22,13
E01032982,42,16
E01032983,44,17
E01032984,46,19
E01032985,51,19
E01032986,60,34
E01032987,58,34
E01032988,54,25
E01032989,55,26
E01032990,67,23
E01032991,48,23
E01032992,46,24
E01032993,53,25
E01032994,61,25
E01032995,66,37
E01032996,76,37
E01032997,69,33
E01032998,75,33
E01032999,73,34
E01033000,31,17
E01033002,15,9
E01033003,16,9
E01033005,17,9
E01033006,15,9
E01033008,8,8
E01033010,9,8
E01033011,16,10
E01033013,20,12
E01033015,14,10
E01033016,16,11
E01033018,23,12
E01033019,21,12
E01033021,18,10
E01033022,21,11
E01033023,20,10
E01033024,36,15
E01033025,31,14
E01033026,30,13
E01033027,31,14
E01033028,63,22
E01033029,70,23
E01033030,30,17
E01033031,14,8
E01033032,19,12
E01033033,16,9
E01033034,18,10
E01033035,10,7
E01033036,63,26
E01033037,63,27
E01033038,51,28
E01033039,58,28
E01033040,61,44
E01033041,79,43
E01033042,98,37
E01033043,27,12
E01033044,26,17
E01033045,27,16
E01033046,24,12
E01033047,29,12
E01033048,32,13
E01033049,25,13
E01033050,23,16
E01033051,37,33
E01033052,33,23
E01033053,38,24
E01033054,52,27
E01033055,52,27
E01033056,51,27
E01033057,93,43
E01033058,54,24
E01033059,50,19
E01033060,71,20
E01033061,44,20
E01033062,53,25
E01033063,40,27
E01033064,34,27
E01033065,87,24
E01033066,120,28
E01033067,24,13
E01033068,20,13
E01033069,21,13
E01033070,22,13
E01033071,8,10
E01033072,43,24
E01033073,8,10
E01033074,18,8
E01033075,23,12
E01033076,19,10
E01033077,32,15
E01033078,57,24
E01033079,87,27
E01033080,23,12
E01033081,19,12
E01033082,20,11
E01033083,24,14
E01033084,24,15
E01033085,33,15
E01033086,33,15
E01033087,24,13
E01033088,7,9
E01033089,10,8
E01033090,25,14
E01033091,21,12
E01033092,27,14
E01033093,27,18
E01033094,30,14
E01033095,35,15
E01033096,37,18
E01033097,29,14
E01033098,29,15
E01033099,28,14
E01033100,25,15
E01033101,27,16
E01033102,45,27
E01033103,50,28
E01033104,18,10
E01033105,52,23
E01033106,53,21
E01033107,51,22
E01033108,56,25
E01033109,20,11
E01033110,19,10
E01033111,74,30
E01033112,65,30
E01033113,50,32
E01033114,46,32
E01033115,53,33
E01033116,70,33
E01033117,47,33
E01033118,90,31
E01033119,54,33
E01033120,46,23
E01033121,44,24
E01033122,41,18
E01033123,21,13
E01033124,28,16
E01033125,28,15
E01033126,27,15
E01033127,24,16
E01033128,25,16
E01033129,22,14
E01033130,36,17
E01033131,27,15
E01033132,29,15
E01033133,28,14
E01033135,22,18
E01033137,46,22
E01033138,42,20
E01033139,38,20
E01033140,38,20
E01033141,34,18
E01033142,34,19
E01033143,59,28
E01033144,28,16
E01033145,48,22
E01033146,33,13
E01033148,53,25
E01033150,50,24
E01033151,30,13
E01033153,22,10
E01033154,106,38
E01033156,79,46
E01033158,88,51
E01033159,120,37
E01033160,36,18
E01033161,52,23
E01033163,41,20
E01033164,20,11
E01033166,29,16
E01033167,34,16
E01033168,59,23
E01033169,65,24
E01033170,62,23
E01033171,43,21
E01033172,39,19
E01033173,49,17
E01033174,53,18
E01033175,54,18
E01033176,51,20
E01033177,58,19
E01033178,61,19
E01033179,50,16
E01033180,62,18
E01033181,51,17
E01033182,48,17
E01033183,75,35
E01033184,73,35
E01033185,80,50
E01033186,89,49
E01033187,36,13
E01033188,63,22
E01033189,63,22
E01033190,66,23
E01033191,46,27
E01033192,55,27
E01033193,50,27
E01033194,48,22
E01033195,26,12
E01033197,24,12
E01033198,52,23
E01033200,59,30
E01033202,39,20
E01033203,55,24
E01033205,48,25
E01033206,50,26
E01033207,22,12
E01033208,14,12
E01033209,53,33
E01033210,38,25
E01033211,49,33
E01033212,57,25
E01033213,50,25
E01033214,48,25
E01033215,59,25
E01033216,47,15
E01033217,31,14
E01033218,37,19
E01033219,39,18
E01033220,33,15
E01033221,23,13
E01033223,23,15
E01033224,26,16
E01033226,27,16
E01033228,26,12
E01033229,42,21
E01033231,40,17
E01033232,26,13
E01033233,36,14
E01033234,27,12
E01033235,33,17
E01033236,38,18
E01033237,40,23
E01033239,72,34
E01033241,28,15
E01033242,33,15
E01033243,42,20
E01033244,73,32
E01033245,70,30
E01033246,25,16
E01033247,21,16
E01033248,22,14
E01033249,25,14
E01033250,19,11
E01033251,20,11
E01033252,17,11
E01033253,28,14
E01033254,34,14
E01033255,31,13
E01033256,30,13
E01033257,34,16
E01033258,20,9
E01033259,24,12
E01033260,21,12
E01033261,19,10
E01033262,22,11
E01033263,16,12
E01033264,21,11
E01033265,17,9
E01033266,13,9
E01033267,16,9
E01033268,25,13
E01033269,27,12
E01033270,23,12
E01033271,21,11
E01033272,18,10
E01033273,28,13
E01033274,21,12
E01033275,41,17
E01033276,18,11
E01033277,24,12
E01033278,49,24
E01033279,52,23
E01033280,44,19
E01033281,45,26
E01033282,26,16
E01033283,30,15
E01033285,31,15
E01033286,33,17
E01033288,34,17
E01033289,109,65
E01033291,101,72
E01033292,97,72
E01033294,66,50
E01033296,33,15
E01033297,36,17
E01033299,27,11
E01033300,16,9
E01033302,11,8
E01033303,21,10
E01033305,53,29
E01033306,53,30
E01033308,44,24
E01033310,51,25
E01033311,49,24
E01033313,57,23
E01033314,47,24
E01033316,67,29
E01033317,64,29
E01033319,74,28
E01033320,22,9
E01033322,19,9
E01033324,20,13
E01033325,25,15
E01033327,10,9
E01033328,18,9
E01033329,20,10
E01033330,32,15
E01033331,25,16
E01033333,33,19
E01033334,53,25
E01033336,49,24
E01033338,59,24
E01033339,53,24
E01033341,8,9
E01033342,6,7
E01033344,16,10
E01033345,16,10
E01033347,12,8
E01033348,12,8
E01033350,24,13
E01033352,24,11
E01033353,19,11
E01033355,18,11
E01033356,25,13
E01033358,18,11
E01033359,23,15
E01033361,26,14
E01033362,27,15
E01033364,29,15
E01033366,15,8
E01033367,9,8
E01033369,24,13
E01033370,21,12
E01033372,43,18
E01033373,41,18
E01033375,48,21
E01033376,46,22
E01033378,61,21
E01033380,41,19
E01033381,38,18
E01033383,38,18
E01033384,45,19
E01033386,65,31
E01033387,21,10
E01033388,28,11
E01033389,32,15
E01033390,34,15
E01033391,39,13
E01033392,36,12
E01033393,27,13
E01033394,22,11
E01033395,18,10
E01033396,19,10
E01033397,20,10
E01033398,17,10
E01033399,26,15
E01033400,26,13
E01033401,27,15
E01033402,22,13
E01033403,25,13
E01033404,16,10
E01033405,28,15
E01033406,23,13
E01033407,25,14
E01033408,19,8
E01033409,23,15
E01033410,12,8
E01033411,31,15
E01033412,36,22
E01033413,62,26
E01033414,33,13
E01033415,20,12
E01033417,6,9
E01033418,17,11
E01033420,18,11
E01033421,12,9
E01033422,27,12
E01033423,24,12
E01033424,26,16
E01033425,73,48
E01033426,71,48
E01033427,92,38
E01033428,66,46
E01033429,88,37
E01033430,71,47
E01033431,37,20
E01033432,50,19
E01033433,37,16
E01033434,26,18
E01033435,17,12
E01033436,26,14
E01033437,31,18
E01033438,37,21
E01033439,39,22
E01033440,34,20
E01033441,39,22
E01033442,34,17
E01033443,63,34
E01033444,31,16
E01033445,66,38
E01033446,70,42
E01033447,30,18
E01033448,120,42
E01033449,66,38
E01033450,51,28
E01033451,77,30
E01033452,70,29
E01033453,91,45
E01033454,76,30
E01033455,21,12
E01033456,25,12
E01033457,27,15
E01033458,41,25
E01033459,39,25
E01033460,55,26
E01033461,58,27
E01033462,51,27
E01033463,29,14
E01033464,41,17
E01033465,19,10
E01033466,14,8
E01033467,18,10
E01033468,23,13
E01033469,19,10
E01033470,46,18
E01033471,46,20
E01033472,45,26
E01033473,82,40
E01033474,59,20
E01033475,59,19
E01033476,110,22
E01033477,29,14
E01033478,61,20
E01033479,59,20
E01033480,57,17
E01033481,23,13
E01033482,22,13
E01033483,23,10
E01033484,17,9
E01033485,19,13
E01033486,23,15
E01033487,25,15
E01033488,24,15
E01033489,11,9
E01033490,9,9
E01033491,22,15
E01033492,21,16
E01033493,27,15
E01033494,25,15
E01033495,48,19
E01033496,52,19
E01033497,23,12
E01033498,19,10
E01033499,26,10
E01033500,26,10
E01033501,26,9
E01033503,36,12
E01033505,45,14
E01033506,21,10
E01033508,34,12
E01033509,30,12
E01033511,36,12
E01033512,30,10
E01033514,42,15
E01033515,43,13
E01033517,42,15
E01033519,37,14
E01033520,38,14
E01033522,43,15
E01033523,43,15
E01033525,43,15
E01033526,47,46
E01033527,49,46
E01033528,60,34
E01033529,47,37
E01033530,69,40
E01033531,49,22
E01033532,38,20
E01033533,38,20
E01033534,39,21
E01033535,63,25
E01033536,61,25
E01033537,47,23
E01033538,45,18
E01033539,72,44
E01033540,58,20
E01033541,71,44
E01033542,15,9
E01033543,16,9
E01033545,21,10
E01033547,38,16
E01033548,26,12
E01033550,35,19
E01033551,30,17
E01033553,23,11
E01033554,18,9
E01033556,18,10
E01033557,25,13
E01033559,26,11
E01033561,25,13
E01033562,15,9
E01033564,28,12
E01033565,26,11
E01033567,27,15
E01033568,21,10
E01033569,20,9
E01033570,38,21
E01033571,36,21
E01033572,35,23
E01033573,31,24
E01033574,25,13
E01033575,27,13
E01033576,23,12
E01033577,29,13
E01033578,29,13
E01033579,27,14
E01033580,31,13
E01033581,30,14
E01033582,31,14
E01033583,29,14
E01033584,22,11
E01033585,22,11
E01033586,31,14
E01033587,39,15
E01033588,41,16
E01033589,33,16
E01033590,14,9
E01033591,34,16
E01033592,11,8
E01033593,5,8
E01033594,3,7
E01033595,15,13
E01033596,17,12
E01033597,26,14
E01033598,17,12
E01033599,25,14
E01033600,11,10
E01033601,15,11
E01033602,14,11
E01033603,12,11
E01033604,10,10
E01033605,13,11
E01033606,14,11
E01033607,16,11
E01033608,13,11
E01033609,48,25
E01033610,58,23
E01033611,53,22
E01033612,64,22
E01033613,50,21
E01033614,64,22
E01033615,24,14
E01033616,24,13
E01033617,30,15
E01033618,31,11
E01033619,24,11
E01033620,24,13
E01033621,42,14
E01033622,27,12
E01033623,27,12
E01033624,23,14
E01033625,24,13
E01033626,19,14
E01033627,29,11
E01033628,40,14
E01033629,26,16
E01033630,35,18
E01033631,18,12
E01033632,29,17
E01033633,44,22
E01033634,20,10
E01033635,26,12
E01033636,43,15
E01033637,37,15
E01033638,28,11
E01033639,26,12
E01033640,30,14
E01033641,34,16
E01033642,15,10
E01033643,36,15
E01033644,21,11
E01033645,30,15
E01033646,32,17
E01033647,13,8
E01033648,40,17
E01033649,16,8
E01033650,30,13
E01033651,24,13
E01033652,12,8
E01033653,18,9
E01033654,22,10
E01033655,26,14
E01033656,20,10
E01033657,14,8
E01033658,23,12
E01033659,23,11
E01033660,30,12
E01033661,27,12
E01033662,15,9
E01033663,29,12
E01033664,25,13
E01033665,26,13
E01033666,40,17
E01033667,22,11
E01033668,33,15
E01033669,35,13
E01033670,37,16
E01033671,32,15
E01033672,26,12
E01033673,31,12
E01033674,27,13
E01033675,25,12
E01033676,19,11
E01033677,18,10
E01033678,24,12
E01033679,22,12
E01033680,28,12
E01033681,26,11
E01033682,26,11
E01033683,21,11
E01033684,30,11
E01033685,22,14
E01033686,27,12
E01033687,21,13
E01033688,34,12
E01033689,30,16
E01033690,17,10
E01033691,18,10
E01033692,21,11
E01033693,24,11
E01033694,34,16
E01033695,33,15
E01033696,34,15
E01033697,15,10
E01033698,22,11
E01033699,22,11
E01033700,18,11
E01033701,29,16
E01033702,23,12
E01033703,14,8
E01033704,17,9
E01033705,18,10
E01033706,16,10
E01033707,19,11
E01033708,16,10
E01033709,23,11
E01033710,22,12
E01033711,22,11
E01033712,20,10
E01033713,17,9
E01033714,48,26
E01033715,72,46
E01033716,20,11
E01033717,78,46
E01033718,51,25
E01033719,40,18
E01033720,17,11
E01033721,16,10
E01033722,38,17
E01033723,39,19
E01033724,16,10
E01033725,19,12
E01033726,28,13
E01033727,26,16
E01033728,28,17
E01033729,38,17
E01033730,26,16
E01033731,21,16
E01033732,31,14
E01033733,31,14
E01033734,23,17
E01033735,16,10
E01033736,24,17
E01033737,18,11
E01033738,28,13
E01033739,35,17
E01033740,33,17
E01033741,36,17
E01033742,28,17
E01033743,37,19
E01033744,26,16
E01033745,37,19
E01033746,22,15
E01033747,20,12
E01033748,36,14
E01033749,36,13
E01033750,36,13
E01033751,31,12
E01033752,24,11
E01033753,27,12
E01033754,27,11
E01033755,21,10
E01033756,22,10
E01033757,22,10
E01033758,8,7
E01033759,25,12
E01033760,16,9
E01033761,24,10
E01033762,20,9
E01033763,18,11
E01033764,25,11
E01033765,35,12
E01033766,31,13
E01033767,37,13
E01033768,25,10
