LSOA11CD,LSOA21CD,LSOA21NM,LAD22NM,lsoa11,is_lincolnshire,year,actual_samhi,lag_1,delta_1,qof_mh002_pct,qof_mh021_pct,qof_mh_pca_pct,qof_dep_pca_pct,qof_dep004_pct,pred_ar_baseline_persistence,err_ar_baseline_persistence,pred_ar_baseline_momentum_drift,err_ar_baseline_momentum_drift,pred_multimodal_ridge,err_multimodal_ridge,pred_multimodal_elasticnet,err_multimodal_elasticnet,pred_multimodal_random_forest,err_multimodal_random_forest,pred_multimodal_extra-trees,err_multimodal_extra-trees,pred_multimodal_lightgbm,err_multimodal_lightgbm,pred_multimodal_xgboost,err_multimodal_xgboost,pred_multimodal_catboost,err_multimodal_catboost,pred_explainable_boosting_machine_(ebm),err_explainable_boosting_machine_(ebm),pred_stacking_ensemble_(super_learner),err_stacking_ensemble_(super_learner)
E01026007,E01026007,Boston 001A,Boston,E01026007,1,2018,-0.187196939574249,-0.0563224095802975,0.2454471939646955,38.634714938076925,65.47900367165622,0.0,0.0,0.0,-0.0563224095802975,0.1308745299939515,0.189124784384398,0.376321723958647,-0.6018336240465085,-0.41463668447225954,-0.4905117404373901,-0.3033148008631411,-0.39288468677745403,-0.20568774720320504,-0.43348305414470256,-0.24628611457045357,-0.4047498092824333,-0.21755286970818433,-0.3532274,-0.1660304671659396,-0.3371395784663237,-0.1499426388920747,-0.44002353309375325,-0.25282659351950426,-0.26307952319948535,-0.07588258362523637
E01026007,E01026007,Boston 001A,Boston,E01026007,1,2019,0.182767282102185,-0.187196939574249,-0.1308745299939515,38.634714938076925,65.47900367165622,0.0,0.0,0.0,-0.187196939574249,-0.369964221676434,-0.3180714695682005,-0.5008387516703855,-0.6032494122680307,-0.7860166943702158,-0.4913868959181237,-0.6741541780203086,-0.39288468677745403,-0.5756519688796391,-0.43348305414470256,-0.6162503362468876,-0.4047498092824333,-0.5875170913846184,-0.3532274,-0.5359946888423737,-0.3371395784663237,-0.5199068605685087,-0.44018937626953014,-0.6229566583717152,-0.2629965429051019,-0.4457638250072869
E01026008,E01026008,Boston 001B,Boston,E01026008,1,2018,0.0846919671493327,-0.0706679105754637,0.04277468528681129,40.016241140253946,64.37382875253945,0.0,0.0,0.0,-0.0706679105754637,-0.15535987772479642,-0.027893225288652415,-0.11258519243798512,0.05241718674305659,-0.03227478040627611,0.029511622891163214,-0.05518034425816949,-0.17911177370167958,-0.26380374085101227,-0.23581045078939003,-0.32050241793872275,-0.03855857289714335,-0.12325054004647606,-0.12256242,-0.2072543904977595,-0.09260276603912929,-0.177294733188462,-0.16281625260157162,-0.2475082197509043,0.014217300922242895,-0.07047466622708981
E01026008,E01026008,Boston 001B,Boston,E01026008,1,2019,0.765157989397317,0.0846919671493327,0.15535987772479642,40.016241140253946,64.37382875253945,0.0,0.0,0.0,0.0846919671493327,-0.6804660222479844,0.24005184487412912,-0.5251061445231879,0.05452360336532133,-0.7106343860319957,0.03081368348444985,-0.7343443059128671,-0.17911177370167958,-0.9442697630989967,-0.23581045078939003,-1.0009684401867072,-0.03855857289714335,-0.8037165622944604,-0.12256242,-0.8877204127457439,-0.09260276603912929,-0.8577607554364464,-0.15264465376939476,-0.9178026431667118,0.014093842435477247,-0.7510641469618398
E01026009,E01026009,Boston 001C,Boston,E01026009,1,2018,0.235029929895801,0.126357262474823,0.18766919924725323,32.645488582999995,67.3442549010242,0.0,0.0,0.0,0.126357262474823,-0.10867266742097798,0.31402646172207627,0.07899653182627528,-0.3560312943709287,-0.5910612242667297,-0.2004246205926066,-0.4354545504884076,-0.22321306692861792,-0.45824299682441894,-0.2510100789544873,-0.4860400088502883,-0.26343631800211964,-0.4984662478979206,-0.2681027,-0.5031326353744692,-0.27765457937468885,-0.5126845092704898,-0.24683257968536298,-0.48186250958116394,-0.16609865771665305,-0.40112858761245407
E01026009,E01026009,Boston 001C,Boston,E01026009,1,2019,0.823188432751918,0.235029929895801,0.10867266742097798,32.645488582999995,67.3442549010242,0.0,0.0,0.0,0.235029929895801,-0.588158502856117,0.343702597316779,-0.479485835435139,-0.3560312943709287,-1.1792197271228466,-0.2004246205926066,-1.0236130533445247,-0.22321306692861792,-1.046401499680536,-0.2510100789544873,-1.0741985117064052,-0.26343631800211964,-1.0866247507540376,-0.2681027,-1.091291138230586,-0.27765457937468885,-1.1008430121266068,-0.24683257968536298,-1.070021012437281,-0.16609865771665305,-0.9892870904685711
E01026023,E01026023,Boston 001D,Boston,E01026023,1,2018,1.19805848193775,0.242712404118159,-0.308901715219544,27.180667134044196,70.8167399034897,0.0,0.0,0.0,0.242712404118159,-0.955346077819591,-0.06618931110138501,-1.264247793039135,-0.3329314818506017,-1.5309899637883517,-0.16903308528562005,-1.36709156722337,0.18477878421985236,-1.0132796977178977,0.14702162446849443,-1.0510368574692555,0.11701998631564063,-1.0810384956221093,0.17178641,-1.0262720693410474,-0.02092387575064892,-1.218982357688399,0.13843162706850906,-1.059626854869241,0.20526054965267826,-0.9927979322850717
E01026023,E01026023,Boston 001D,Boston,E01026023,1,2019,1.20340263431006,1.19805848193775,0.955346077819591,27.180667134044196,70.8167399034897,0.0,0.0,0.0,1.19805848193775,-0.005344152372309896,2.153404559757341,0.9500019254472811,-0.3329314818506017,-1.5363341161606616,-0.16903308528562005,-1.37243571959568,0.18477878421985236,-1.0186238500902076,0.14702162446849443,-1.0563810098415654,0.11701998631564063,-1.0863826479944192,0.17178641,-1.0316162217133573,-0.02092387575064892,-1.2243265100607088,0.13843162706850906,-1.0649710072415508,0.20526054965267826,-0.9981420846573816
E01026024,E01026024,Boston 001E,Boston,E01026024,1,2018,0.244970610767576,0.423633117876884,0.3297337756195531,29.427957512491624,69.32699262984517,0.0,0.0,0.0,0.423633117876884,0.178662507109308,0.753366893496437,0.5083962827288611,0.02116396064386039,-0.22380665012371562,-0.13485598122142722,-0.37982659198900326,-0.05891504744835236,-0.3038856582159284,-0.04286210366351604,-0.28783271443109204,-0.03233044255090008,-0.2773010533184761,-0.082033806,-0.3270044163167207,-0.13455091363436777,-0.37952152440194376,0.020265761871357493,-0.2247048488962185,0.018106883457407824,-0.22686372731016818
E01026024,E01026024,Boston 001E,Boston,E01026024,1,2019,0.57580803655164,0.244970610767576,-0.178662507109308,29.427957512491624,69.32699262984517,0.0,0.0,0.0,0.244970610767576,-0.33083742578406405,0.066308103658268,-0.509499932893372,0.02116396064386039,-0.5546440759077796,-0.13485598122142722,-0.7106640177730672,-0.05891504744835236,-0.6347230839999924,-0.04286210366351604,-0.6186701402151561,-0.03233044255090008,-0.6081384791025402,-0.082033806,-0.6578418421007848,-0.13455091363436777,-0.7103589501860078,0.020265761871357493,-0.5555422746802825,0.018106883457407824,-0.5577011530942322
E01026010,E01026010,Boston 002A,Boston,E01026010,1,2018,-0.0107241565932433,0.218265493896218,-0.17370759080948703,38.72957418708794,59.33812802856737,0.0,0.0,0.0,0.218265493896218,0.2289896504894613,0.044557903086730966,0.055282059679974266,0.5047194207259729,0.5154435773192162,0.665761379344641,0.6764855359378843,0.6149782817442135,0.6257024383374569,0.3774434180587965,0.38816757465203977,0.5887974595259605,0.5995216161192038,0.42436638,0.4350905413378875,0.5814972771814286,0.592221433774672,0.49184814004508887,0.5025722966383321,0.5830777026711629,0.5938018592644062
E01026010,E01026010,Boston 002A,Boston,E01026010,1,2019,0.853974209871001,-0.0107241565932433,-0.2289896504894613,38.72957418708794,59.33812802856737,0.0,0.0,0.0,-0.0107241565932433,-0.8646983664642444,-0.2397138070827046,-1.0936880169537055,0.4858997968057385,-0.3680744130652625,0.6541282150275721,-0.1998459948434289,0.4734827564316878,-0.38049145343931323,0.37562952823685547,-0.47834468163414556,0.6874812679342841,-0.16649294193671693,0.46071407,-0.3932601378819416,0.5442667115627977,-0.3097074983082033,0.4508913021424554,-0.40308290772854566,0.7179979403500595,-0.13597626952094155
E01026011,E01034679,Boston 002F,Boston,E01026011,1,2018,-0.0603208166872472,-0.0225275200209124,0.0530057203200326,38.767414764742476,60.203605999594906,0.0,0.0,0.0,-0.0225275200209124,0.037793296666334804,0.030478200299120198,0.0907990169863674,-0.13409615192697838,-0.07377533523973118,-0.026217196179863858,0.034103620507383345,-0.15972625821639602,-0.09940544152914882,-0.20183198640347125,-0.14151116971622404,0.02323498740846085,0.08355580409570805,-0.07343188,-0.013111062594750478,-0.07323662170709273,-0.01291580501984553,-0.022042567565139233,0.03827824912210797,0.021549250924061722,0.08187006761130892
E01026011,E01034679,Boston 002F,Boston,E01026011,1,2019,0.381343057624186,-0.0603208166872472,-0.037793296666334804,38.767414764742476,60.203605999594906,0.0,0.0,0.0,-0.0603208166872472,-0.4416638743114332,-0.098114113353582,-0.479457170977768,-0.13527022020824075,-0.5166132778324268,-0.02694293487120393,-0.40828599249538994,-0.15972625821639602,-0.541069315840582,-0.20183198640347125,-0.5831750440276573,0.02323498740846085,-0.35810807021572516,-0.07343188,-0.4547749369061837,-0.07456065525257699,-0.455903712876763,-0.028847651375814916,-0.41019070900000093,0.023770684696015024,-0.357572372928171
E01026011,E01034680,Boston 002G,Boston,E01026011,1,2018,-0.0603208166872472,-0.0225275200209124,0.0530057203200326,38.767414764742476,60.203605999594906,0.0,0.0,0.0,-0.0225275200209124,0.037793296666334804,0.030478200299120198,0.0907990169863674,-0.13409615192697838,-0.07377533523973118,-0.026217196179863858,0.034103620507383345,-0.15972625821639602,-0.09940544152914882,-0.20183198640347125,-0.14151116971622404,0.02323498740846085,0.08355580409570805,-0.07343188,-0.013111062594750478,-0.07323662170709273,-0.01291580501984553,-0.022042567565139233,0.03827824912210797,0.021549250924061722,0.08187006761130892
E01026011,E01034680,Boston 002G,Boston,E01026011,1,2019,0.381343057624186,-0.0603208166872472,-0.037793296666334804,38.767414764742476,60.203605999594906,0.0,0.0,0.0,-0.0603208166872472,-0.4416638743114332,-0.098114113353582,-0.479457170977768,-0.13527022020824075,-0.5166132778324268,-0.02694293487120393,-0.40828599249538994,-0.15972625821639602,-0.541069315840582,-0.20183198640347125,-0.5831750440276573,0.02323498740846085,-0.35810807021572516,-0.07343188,-0.4547749369061837,-0.07456065525257699,-0.455903712876763,-0.028847651375814916,-0.41019070900000093,0.023770684696015024,-0.357572372928171
E01026030,E01026030,Boston 002C,Boston,E01026030,1,2018,0.582196554502609,0.666692524617598,-0.0044906904960709815,35.11173970097854,58.199119258693095,0.0,0.0,0.0,0.666692524617598,0.084495970114989,0.662201834121527,0.08000527961891801,0.4611386827760055,-0.12105787172660348,0.439356185278567,-0.14284036922404197,0.41410315637765255,-0.16809339812495644,0.4072651203213042,-0.1749314341813048,0.6324489227437348,0.05025236824112578,0.6146305,0.03243396584117153,0.4980409308200605,-0.08415562368254847,0.7442306458712402,0.16203409136863123,0.6279381708110291,0.04574161630842011
E01026030,E01026030,Boston 002C,Boston,E01026030,1,2019,1.03694266262879,0.582196554502609,-0.084495970114989,35.11173970097854,58.199119258693095,0.0,0.0,0.0,0.582196554502609,-0.4547461081261811,0.49770058438762,-0.5392420782411701,0.4642465105793469,-0.5726961520494431,0.4412772582850555,-0.5956654043437346,0.41410315637765255,-0.6228395062511376,0.4072651203213042,-0.6296775423074858,0.6324489227437348,-0.4044937398850553,0.6232928,-0.41364985886444683,0.5072506319349046,-0.5296920306938855,0.7637173833609473,-0.2732252792678428,0.6256111798072946,-0.41133148282149545
E01026032,E01026032,Boston 002D,Boston,E01026032,1,2018,-0.23578909650747,-0.152375324116188,0.08813148464918999,38.00401405134407,59.63715604232887,0.0,0.0,0.0,-0.152375324116188,0.08341377239128198,-0.06424383946699802,0.17154525704047197,-0.3413953136451849,-0.1056062171377149,-0.1766358636696564,0.059153232837813596,-0.24009683578528457,-0.004307739277814582,-0.21701612448163568,0.018772972025834306,-0.2045815321109852,0.031207564396484783,-0.16911036,0.06667873874608693,-0.14154803818673795,0.09424105832073204,-0.09111321040768758,0.1446758860997824,-0.13948170431089668,0.0963073921965733
E01026032,E01026032,Boston 002D,Boston,E01026032,1,2019,-0.0918482941204675,-0.23578909650747,-0.08341377239128198,38.00401405134407,59.63715604232887,0.0,0.0,0.0,-0.23578909650747,-0.1439408023870025,-0.31920286889875193,-0.22735457477828444,-0.3413953136451849,-0.2495470195247174,-0.1766358636696564,-0.0847875695491889,-0.24009683578528457,-0.14824854166481707,-0.21701612448163568,-0.1251678303611682,-0.2045815321109852,-0.11273323799051771,-0.16911036,-0.07726206364091556,-0.14154803818673795,-0.04969974406627045,-0.09111321040768758,0.0007350837127799159,-0.13948170431089668,-0.04763341019042919
E01026037,E01026037,Boston 002E,Boston,E01026037,1,2018,0.118535569339166,0.0746557136482773,0.015738947152487005,45.13263629446355,61.90867939201703,0.0,0.0,0.0,0.0746557136482773,-0.04387985569088869,0.0903946608007643,-0.02814090853840169,0.3800743930897823,0.2615388237506163,0.3225621032907625,0.20402653395159653,-0.024166225856015022,-0.142701795195181,-0.049897647438420026,-0.16843321677758602,0.02077710725998731,-0.09775846207917868,0.030352088,-0.08818348164773972,0.1379840429080508,0.019448473568884808,0.007659954894308995,-0.110875614444857,0.04833560555478719,-0.0701999637843788
E01026037,E01026037,Boston 002E,Boston,E01026037,1,2019,0.887949271700815,0.118535569339166,0.04387985569088869,45.13263629446355,61.90867939201703,0.0,0.0,0.0,0.118535569339166,-0.769413702361649,0.16241542503005468,-0.7255338466707603,0.3843908205944232,-0.5035584511063917,0.32523026024421864,-0.5627190114565963,-0.024166225856015022,-0.91211549755683,-0.049897647438420026,-0.937846919139235,0.02077710725998731,-0.8671721644408277,0.030352088,-0.8575971840093887,0.14488108162715205,-0.7430681900736629,0.03455000355873868,-0.8533992681420762,0.04808261685239855,-0.8398666548484164
E01026006,E01034681,Boston 003E,Boston,E01026006,1,2018,0.139368213714723,0.250129847545862,0.07475033618865098,41.4957018318101,59.71701423104788,0.0,0.0,0.0,0.250129847545862,0.11076163383113899,0.324880183734513,0.18551197001979,0.1781882297558247,0.03882001604110172,0.22480801124578711,0.08543979753106412,0.07314823506234394,-0.06621997865237905,0.06621783963791884,-0.07315037407680415,0.3796511808836182,0.24028296716889522,0.22986759,0.09049937873923361,0.21578329206404168,0.07641507834931868,0.2814528193081114,0.1420846055933884,0.2918846394157949,0.1525164257010719
E01026006,E01034681,Boston 003E,Boston,E01026006,1,2019,0.40798565934505,0.139368213714723,-0.11076163383113899,41.4957018318101,59.71701423104788,0.0,0.0,0.0,0.139368213714723,-0.26861744563032697,0.028606579883584005,-0.379379079461466,0.18398950832206207,-0.22399615102298792,0.2283940141912322,-0.17959164515381779,0.07314823506234394,-0.334837424282706,0.06621783963791884,-0.34176781970713116,0.3734511744114892,-0.034534484933560816,0.22238249,-0.18560317347850336,0.21578329206404168,-0.1922023672810083,0.21902796277054143,-0.18895769657450856,0.29154462259978453,-0.11644103674526546
E01026006,E01034682,Boston 003F,Boston,E01026006,1,2018,0.139368213714723,0.250129847545862,0.07475033618865098,41.4957018318101,59.71701423104788,0.0,0.0,0.0,0.250129847545862,0.11076163383113899,0.324880183734513,0.18551197001979,0.1781882297558247,0.03882001604110172,0.22480801124578711,0.08543979753106412,0.07314823506234394,-0.06621997865237905,0.06621783963791884,-0.07315037407680415,0.3796511808836182,0.24028296716889522,0.22986759,0.09049937873923361,0.21578329206404168,0.07641507834931868,0.2814528193081114,0.1420846055933884,0.2918846394157949,0.1525164257010719
E01026006,E01034682,Boston 003F,Boston,E01026006,1,2019,0.40798565934505,0.139368213714723,-0.11076163383113899,41.4957018318101,59.71701423104788,0.0,0.0,0.0,0.139368213714723,-0.26861744563032697,0.028606579883584005,-0.379379079461466,0.18398950832206207,-0.22399615102298792,0.2283940141912322,-0.17959164515381779,0.07314823506234394,-0.334837424282706,0.06621783963791884,-0.34176781970713116,0.3734511744114892,-0.034534484933560816,0.22238249,-0.18560317347850336,0.21578329206404168,-0.1922023672810083,0.21902796277054143,-0.18895769657450856,0.29154462259978453,-0.11644103674526546
E01026021,E01026021,Boston 003B,Boston,E01026021,1,2018,0.28622632909388,1.6865149775425,0.60181982864924,53.34525514913951,65.09282563312394,0.0,0.0,0.0,1.6865149775425,1.4002886484486199,2.28833480619174,2.0021084770978597,0.2681163148701799,-0.01811001422370012,0.07026462142086798,-0.21596170767301204,0.8037963989253833,0.5175700698315033,0.7853829669351977,0.4991566378413177,0.9794088648653165,0.6931825357714365,0.98086435,0.6946380169334943,0.7186494699868752,0.43242314089299516,0.9393394066376985,0.6531130775438185,1.1269741019142803,0.8407477728204003
E01026021,E01026021,Boston 003B,Boston,E01026021,1,2019,0.740800622550787,0.28622632909388,-1.4002886484486199,53.34525514913951,65.09282563312394,0.0,0.0,0.0,0.28622632909388,-0.45457429345690703,-1.1140623193547399,-1.854862941905527,0.2684961604905883,-0.47230446206019877,0.07049941923277214,-0.6703012033180149,0.8037963989253833,0.0629957763745963,0.7853829669351977,0.044582344384410666,0.9794088648653165,0.23860824231452948,0.98086435,0.24006372347658722,0.7186494699868752,-0.02215115256391187,0.9393394066376985,0.1985387840869115,1.12695183890847,0.386151216357683
E01026025,E01026025,Boston 003C,Boston,E01026025,1,2018,-0.254247746542502,0.0838202905792006,0.05181281108239,46.85483407699729,60.905770466632895,0.0,0.0,0.0,0.0838202905792006,0.3380680371217026,0.1356331016615906,0.3898808482040926,0.2413164937822408,0.4955642403247428,0.2104329567404641,0.46468070328296607,-0.06052709858516742,0.19372064795733457,-0.08061387537944513,0.17363387116305684,-0.017352299317989164,0.23689544722451283,0.0113752615,0.26562300801317745,0.07329091027714232,0.32753865681964434,0.12985031528280339,0.38409806182530537,0.03543020984463775,0.2896779563871397
E01026025,E01026025,Boston 003C,Boston,E01026025,1,2019,0.251518839217717,-0.254247746542502,-0.3380680371217026,46.85483407699729,60.905770466632895,0.0,0.0,0.0,-0.254247746542502,-0.5057665857602189,-0.5923157836642046,-0.8438346228819216,0.2439408817050624,-0.0075779575126546095,0.21205519616816546,-0.03946364304955155,-0.06052709858516742,-0.3120459378028844,-0.08061387537944513,-0.33213271459716215,-0.017352299317989164,-0.26887113853570616,0.0113752615,-0.24014357774704154,0.07329091027714232,-0.17822792894057468,0.13461941995820384,-0.11689941925951317,0.03527639271358545,-0.21624244650413155
E01026036,E01026036,Boston 003D,Boston,E01026036,1,2018,0.0056533235951,-0.0789279987873582,-0.2865452537846752,51.13080035475795,64.45971377238959,0.0,0.0,0.0,-0.0789279987873582,-0.0845813223824582,-0.36547325257203345,-0.37112657616713346,0.05148513653178466,0.04583181293668466,0.012084165333063723,0.006430841737963724,-0.10219199027705374,-0.10784531387215374,-0.13052138833834456,-0.13617471193344458,-0.040843002453255686,-0.046496326048355685,0.036103923,0.03045059927863543,0.10073171765556532,0.09507839406046532,-0.023128299920226608,-0.028781623515326607,0.06264050371251163,0.056987180117411634
E01026036,E01026036,Boston 003D,Boston,E01026036,1,2019,0.212198282808231,0.0056533235951,0.0845813223824582,51.13080035475795,64.45971377238959,0.0,0.0,0.0,0.0056533235951,-0.20654495921313099,0.0902346459775582,-0.1219636368306728,0.04868809150877729,-0.1635101912994537,0.010355199627224143,-0.20184308318100685,-0.10047586156549373,-0.31267414437372476,-0.13338151367645948,-0.3455797964846905,-0.040843002453255686,-0.25304128526148667,0.03202393,-0.18017435374872554,0.10073171765556532,-0.11146656515266568,0.015037835412929409,-0.19716044739530159,0.06280444039165949,-0.1493938424165715
E01026012,E01026012,Boston 004A,Boston,E01026012,1,2018,0.288967993052452,0.468899380197235,0.228939265811418,46.00722648793602,60.99414960778577,0.0,0.0,0.0,0.468899380197235,0.17993138714478296,0.697838646008653,0.40887065295620095,0.34796520985159435,0.05899721679914233,0.47812106381250286,0.18915307076005083,0.10751973424970743,-0.1814482588027446,0.07264287262375971,-0.2163251204286923,0.32457548786120133,0.03560749480874931,0.20283297,-0.08613502600952905,0.3869177236162749,0.09794973056382289,0.2666282039427989,-0.02233978910965312,0.27983256740706985,-0.009135425645382167
E01026012,E01026012,Boston 004A,Boston,E01026012,1,2019,1.38069070829999,0.288967993052452,-0.17993138714478296,46.00722648793602,60.99414960778577,0.0,0.0,0.0,0.288967993052452,-1.091722715247538,0.10903660590766906,-1.271654102392321,0.3485522439922257,-1.0321384643077642,0.47848393315817295,-0.902206775141817,0.10751973424970743,-1.2731709740502826,0.07264287262375971,-1.3080478356762302,0.32457548786120133,-1.0561152204387887,0.20283297,-1.177857741257067,0.39230960400230974,-0.9883811042976802,0.2666282039427989,-1.114062504357191,0.27900442100632794,-1.1016862872936621
E01026015,E01026015,Boston 004B,Boston,E01026015,1,2018,-0.419712305305516,-0.410511726554887,-0.109236215362289,44.99635525109828,60.6461491195229,0.0,0.0,0.0,-0.410511726554887,0.009200578750629018,-0.519747941917176,-0.10003563661165998,-0.42119400313073896,-0.0014816978252229496,-0.3362203909868241,0.0834919143186919,-0.46174486528671715,-0.042032559981201145,-0.5158824400846456,-0.09617013477912956,-0.4439920656718109,-0.024279760366294867,-0.38712057,0.03259173059276271,-0.36513619719470913,0.054576108110806876,-0.3213166115686432,0.09839569373687279,-0.3116729461977231,0.10803935910779289
E01026015,E01026015,Boston 004B,Boston,E01026015,1,2019,-0.142536697955281,-0.419712305305516,-0.009200578750629018,44.99635525109828,60.6461491195229,0.0,0.0,0.0,-0.419712305305516,-0.277175607350235,-0.428912884056145,-0.286376186100864,-0.41328630794223675,-0.27074960998695574,-0.3313323274480924,-0.18879562949281137,-0.4729043992961717,-0.33036770134089066,-0.5164509375938751,-0.37391423963859405,-0.4439920656718109,-0.30145536771652987,-0.41582224,-0.27328553977474523,-0.375153403457773,-0.23261670550249197,-0.42822279363187926,-0.28568609567659825,-0.3118628408339539,-0.16932614287867287
E01026026,E01026026,Boston 004C,Boston,E01026026,1,2018,0.267737568629802,0.430105254648922,0.4266285330926675,42.40226706684465,59.66862721128641,0.0,0.0,0.0,0.430105254648922,0.16236768601912,0.8567337877415895,0.5889962191117875,0.18803104268712012,-0.0797065259426819,0.3467257565174141,0.07898818788761208,0.09764541310159053,-0.1700921555282115,0.04827831770442635,-0.21945925092537566,0.199406415231865,-0.06833115339793702,0.1594891,-0.10824847341877297,0.25957971589964657,-0.008157852730155457,0.16413949754471416,-0.10359807108508787,0.2318377022539799,-0.035899866375822126
E01026026,E01026026,Boston 004C,Boston,E01026026,1,2019,0.610743796434142,0.267737568629802,-0.16236768601912,42.40226706684465,59.66862721128641,0.0,0.0,0.0,0.267737568629802,-0.34300622780434,0.10536988261068203,-0.50537391382346,0.18803104268712012,-0.4227127537470219,0.3467257565174141,-0.2640180399167279,0.09764541310159053,-0.5130983833325515,0.04827831770442635,-0.5624654787297156,0.199406415231865,-0.41133738120227703,0.1594891,-0.45125470122311295,0.25957971589964657,-0.35116408053449544,0.16413949754471416,-0.4466042988894279,0.2318377022539799,-0.3789060941801621
E01026027,E01026027,Boston 004D,Boston,E01026027,1,2018,-0.272324379833346,-0.180624356763182,-0.0020964473319960153,45.85786631899026,60.38984645865629,0.0,0.0,0.0,-0.180624356763182,0.091700023070164,-0.18272080409517802,0.08960357573816799,-0.2811998356878376,-0.008875455854491565,-0.16484831221258384,0.10747606762076217,-0.3758036100183241,-0.10347923018497807,-0.3993969610418099,-0.12707258120846388,-0.28263251440799325,-0.010308134574647243,-0.31351817,-0.041193786708707214,-0.2837861771250071,-0.01146179729166108,-0.29617433896250384,-0.023849959129157827,-0.2090990092709312,0.06322537056241481
E01026027,E01026027,Boston 004D,Boston,E01026027,1,2019,0.393278015634333,-0.272324379833346,-0.091700023070164,45.85786631899026,60.38984645865629,0.0,0.0,0.0,-0.272324379833346,-0.6656023954676791,-0.36402440290351,-0.757302418537843,-0.2807509272273549,-0.6740289428616879,-0.16457082388942437,-0.5578488395237574,-0.3758036100183241,-0.7690816256526571,-0.3993969610418099,-0.792674976676143,-0.28764187610868164,-0.6809198917430146,-0.3397614,-0.7330394218175758,-0.3065177232684369,-0.6997957389027699,-0.3061605617676318,-0.6994385774019648,-0.22173452995455165,-0.6150125455888846
E01026028,E01026028,Boston 004E,Boston,E01026028,1,2018,0.438546957742161,0.288732629826079,0.2173820332361566,49.00511908149438,62.202585795946206,0.0,0.0,0.0,0.288732629826079,-0.149814327916082,0.5061146630622356,0.06756770532007461,0.1941605903404945,-0.24438636740166653,0.23221182313116304,-0.20633513461099798,0.2784186408271657,-0.1601283169149953,0.25147654686340115,-0.18707041087875986,0.26540794015471897,-0.17313901758744205,0.25196368,-0.18658328272003577,0.37315046042318983,-0.06539649731897118,0.3330236249863944,-0.10552333275576664,0.32728792612693225,-0.11125903161522877
E01026028,E01026028,Boston 004E,Boston,E01026028,1,2019,0.744066522134043,0.438546957742161,0.149814327916082,49.00511908149438,62.202585795946206,0.0,0.0,0.0,0.438546957742161,-0.305519564391882,0.588361285658243,-0.15570523647580004,0.1933663676796406,-0.5507001544544023,0.23172088225172713,-0.5123456398823159,0.2784186408271657,-0.4656478813068773,0.25147654686340115,-0.49258997527064186,0.26540794015471897,-0.47865858197932404,0.25196368,-0.49210284711191776,0.37315046042318983,-0.3709160617108532,0.3330236249863944,-0.41104289714764863,0.3273344760481717,-0.41673204608587133
E01026039,E01026039,Boston 009D,Boston,E01026039,1,2018,0.1196945453363,-0.381124834610313,0.041881037483761985,52.50118072456605,65.28892454866478,0.0,0.0,0.0,-0.381124834610313,-0.500819379946613,-0.339243797126551,-0.45893834246285103,-0.4163471792850847,-0.5360417246213847,-0.3384223548631815,-0.4581169001994815,-0.5667628971791983,-0.6864574425154982,-0.5442853699667202,-0.6639799153030201,-0.4328958179987867,-0.5525903633350867,-0.43479833,-0.5544928754048882,-0.3781005284946917,-0.49779507383099175,-0.4341538561074504,-0.5538484014437504,-0.3076288590736743,-0.4273234044099743
E01026039,E01026039,Boston 009D,Boston,E01026039,1,2019,0.181084066688913,0.1196945453363,0.500819379946613,52.50118072456605,65.28892454866478,0.0,0.0,0.0,0.1196945453363,-0.061389521352613,0.6205139252829129,0.43942985859399997,-0.4190406300479806,-0.6001246967368936,-0.3400872848021381,-0.5211713514910511,-0.5529097787621554,-0.7339938454510684,-0.5359424102978442,-0.7170264769867571,-0.3864756042606459,-0.567559670949559,-0.40978768,-0.5908717513679443,-0.3183973728216901,-0.4994814395106031,-0.44567492677547627,-0.6267589934643892,-0.3002694795998406,-0.4813535462887536
E01026016,E01026016,Boston 006A,Boston,E01026016,1,2018,0.188691356369048,0.0421060068982139,-0.1454081945616841,64.07454442663864,75.25558692515119,0.0,0.0,0.0,0.0421060068982139,-0.1465853494708341,-0.10330218766347021,-0.2919935440325182,0.0989712489032796,-0.08972010746576839,-0.039171392626155176,-0.22786274899520317,-0.09390455829494299,-0.282595914663991,-0.11653525165195444,-0.30522660802100243,-0.004218702842497809,-0.1929100592115458,0.016947445,-0.1717439118407067,-0.08870310779026687,-0.27739446415931485,0.19509909789059218,0.006407741521544191,0.04492923596752641,-0.1437621204015216
E01026016,E01026016,Boston 006A,Boston,E01026016,1,2019,0.41412803992828,0.188691356369048,0.1465853494708341,64.07454442663864,75.25558692515119,0.0,0.0,0.0,0.188691356369048,-0.22543668355923202,0.3352767058398821,-0.0788513340883979,0.09765905494186869,-0.3164689849864113,-0.0399825123400059,-0.4541105522682859,-0.09390455829494299,-0.508032598223223,-0.1194836741646241,-0.5336117140929041,-0.004218702842497809,-0.4183467427707778,0.016947445,-0.3971805953999387,-0.08870310779026687,-0.5028311477185469,0.19509909789059218,-0.21902894203768783,0.04500614453305256,-0.36912189539522744
E01026033,E01026033,Boston 006B,Boston,E01026033,1,2018,0.233169344319363,0.280537607991652,0.439913532659878,62.808285922351544,72.62612205263378,0.0,0.0,0.0,0.280537607991652,0.047368263672288996,0.7204511406515299,0.48728179633216695,-0.12194857366176143,-0.35511791798112446,-0.13029597682265215,-0.36346532114201513,-0.28811654106467427,-0.5212858853840373,-0.28472264610113057,-0.5178919904204936,-0.19400497222154003,-0.42717431654090304,-0.21673568,-0.44990502025033985,-0.20867687181356961,-0.4418462161329326,-0.11428234052074845,-0.34745168484011146,-0.060467241187844606,-0.2936365855072076
E01026033,E01026033,Boston 006B,Boston,E01026033,1,2019,0.420345756487472,0.233169344319363,-0.047368263672288996,62.808285922351544,72.62612205263378,0.0,0.0,0.0,0.233169344319363,-0.187176412168109,0.185801080647074,-0.234544675840398,-0.13845459243950825,-0.5588003489269803,-0.1404990090126686,-0.5608447655001406,-0.2897732551959727,-0.7101190116834447,-0.29499594273577084,-0.7153416992232429,-0.19400497222154003,-0.6143507287090121,-0.21673568,-0.6370814324184488,-0.20867687181356961,-0.6290226283010416,-0.17181078557604662,-0.5921565420635186,-0.059499812389910395,-0.4798455688773824
E01026034,E01026034,Boston 006C,Boston,E01026034,1,2018,0.327820926423492,0.367199842495621,0.19592138293356498,67.17437374394773,75.73544445361141,0.0,0.0,0.0,0.367199842495621,0.03937891607212901,0.563121225429186,0.235300299005694,-0.18036799640698786,-0.5081889228304799,-0.08995380280071744,-0.41777472922420944,-0.129074390792697,-0.456895317216189,-0.14752762946555126,-0.47534855588904323,0.05899376984776255,-0.2688271565757294,0.071112886,-0.25670804035228684,-0.012732567276613121,-0.3405534937001051,0.049145672299513714,-0.27867525412397826,0.13543814175201505,-0.19238278467147693
E01026034,E01026034,Boston 006C,Boston,E01026034,1,2019,0.854452149721905,0.327820926423492,-0.03937891607212901,67.17437374394773,75.73544445361141,0.0,0.0,0.0,0.327820926423492,-0.5266312232984129,0.28844201035136297,-0.566010139370542,-0.17833064262479736,-1.0327827923467023,-0.08869443271868613,-0.9431465824405911,-0.129074390792697,-0.983526540514602,-0.14752762946555126,-1.0019797791874563,0.05899376984776255,-0.7954583798741425,0.071112886,-0.7833392636506998,-0.012732567276613121,-0.8671847169985181,0.049145672299513714,-0.8053064774223913,0.1353187310844876,-0.7191334186374174
E01026017,E01026017,Boston 007A,Boston,E01026017,1,2018,0.404592456596539,-0.0553108989480846,0.2647113375300754,63.42876905915919,74.42270140077797,0.0,0.0,0.0,-0.0553108989480846,-0.4599033555446236,0.2094004385819908,-0.19519201801454816,0.026154491836657884,-0.3784379647598811,0.030317717306957065,-0.3742747392895819,-0.4389479757095095,-0.8435404323060485,-0.44293027041945626,-0.8475227270159953,-0.3957681674857715,-0.8003606240823105,-0.45283976,-0.8574322185689663,-0.25925101499435277,-0.6638434715908917,-0.44485089955572654,-0.8494433561522655,-0.3622923657960383,-0.7668848223925773
E01026017,E01026017,Boston 007A,Boston,E01026017,1,2019,0.838673816789069,0.404592456596539,0.4599033555446236,63.42876905915919,74.42270140077797,0.0,0.0,0.0,0.404592456596539,-0.4340813601925301,0.8644958121411626,0.025821995352093507,0.026154491836657884,-0.8125193249524112,0.030317717306957065,-0.808356099482112,-0.4389479757095095,-1.2776217924985787,-0.44293027041945626,-1.2816040872085253,-0.3957681674857715,-1.2344419842748406,-0.45283976,-1.2915135787614964,-0.25925101499435277,-1.0979248317834218,-0.44485089955572654,-1.2835247163447956,-0.3622923657960383,-1.2009661825851072
E01026018,E01026018,Boston 007B,Boston,E01026018,1,2018,-0.0418768061136285,0.0207536605858119,0.3111897985785089,57.28672888054896,69.26628812478137,0.0,0.0,0.0,0.0207536605858119,0.06263046669944039,0.33194345916432083,0.3738202652779493,-0.12207562375076185,-0.08019881763713335,-0.2700803354852749,-0.2282035293716464,-0.3412902769195307,-0.2994134708059022,-0.3411135286443711,-0.2992367225307426,-0.33720079061427105,-0.29532398450064257,-0.32548907,-0.28361226787814703,-0.30596031003413526,-0.2640835039205068,-0.32855896375102694,-0.28668215763739846,-0.25986399989128894,-0.21798719377766046
E01026018,E01026018,Boston 007B,Boston,E01026018,1,2019,0.657950499867917,-0.0418768061136285,-0.06263046669944039,57.28672888054896,69.26628812478137,0.0,0.0,0.0,-0.0418768061136285,-0.6998273059815455,-0.10450727281306889,-0.7624577726809859,-0.12611579989510574,-0.7840662997630228,-0.27257773039370986,-0.9305282302616269,-0.3412902769195307,-0.9992407767874476,-0.3429863560952336,-1.0009368559631506,-0.33720079061427105,-0.995151290482188,-0.32548907,-0.9834395738596925,-0.30596031003413526,-0.9639108099020522,-0.343023995979197,-1.000974495847114,-0.25962720246585314,-0.9175777023337701
E01026019,E01026019,Boston 007C,Boston,E01026019,1,2018,0.0628219848616663,-0.0620474803831647,0.09615937013219228,59.61117775876751,70.27088160258366,0.0,0.0,0.0,-0.0620474803831647,-0.124869465244831,0.034111889749027575,-0.02871009511263873,-0.09533677715822228,-0.1581587620198886,-0.05640528462351409,-0.11922726948518039,-0.09299900109315114,-0.15582098595481744,-0.1209977900113501,-0.1838197748730164,-0.012685257933560052,-0.07550724279522636,-0.05599545,-0.11881743428545628,0.014004200804154154,-0.04881778405751215,-0.012412478460073402,-0.0752344633217397,0.11845734754015261,0.0556353626784863
E01026019,E01026019,Boston 007C,Boston,E01026019,1,2019,0.361125381463806,0.0628219848616663,0.124869465244831,59.61117775876751,70.27088160258366,0.0,0.0,0.0,0.0628219848616663,-0.2983033966021397,0.1876914501064973,-0.17343393135730872,-0.09737413094041278,-0.4584995124042188,-0.057664654705545396,-0.4187900361693514,-0.09299900109315114,-0.45412438255695714,-0.1209977900113501,-0.4821231714751561,-0.012685257933560052,-0.3738106393973661,-0.053579155,-0.4147045368194979,0.014004200804154154,-0.34712118065965186,0.09153632153511161,-0.2695890599286944,0.120187503686802,-0.240937877777004
E01026020,E01026020,Boston 007D,Boston,E01026020,1,2018,0.0354080803314957,0.208075179075213,0.1433930468800616,59.70571465406368,70.50819431820287,0.0,0.0,0.0,0.208075179075213,0.1726670987437173,0.3514682259552746,0.31606014562377893,-0.3540019682955814,-0.38941004862707707,-0.3823081353004685,-0.41771621563196415,-0.1525559837132125,-0.1879640640447082,-0.1576486228968209,-0.1930567032283166,-0.10733509552769542,-0.1427431758591911,-0.0406655,-0.07607358019750446,-0.2325510471040599,-0.2679591274355556,0.11548917815925457,0.08008109782775887,0.021494193277802096,-0.013913887053693605
E01026020,E01026020,Boston 007D,Boston,E01026020,1,2019,0.598663072028738,0.0354080803314957,-0.1726670987437173,59.70571465406368,70.50819431820287,0.0,0.0,0.0,0.0354080803314957,-0.5632549916972424,-0.1372590184122216,-0.7359220904409596,-0.3540019682955814,-0.9526650403243194,-0.3823081353004685,-0.9809712073292065,-0.1525559837132125,-0.7512190557419505,-0.1576486228968209,-0.7563116949255589,-0.10733509552769542,-0.7059981675564334,-0.0406655,-0.6393285718947468,-0.2325510471040599,-0.831214119132798,0.11548917815925457,-0.48317389386948345,0.021494193277802096,-0.5771688787509359
E01026041,E01026041,Boston 007E,Boston,E01026041,1,2018,0.640381447983196,0.456976164900484,0.47651200514200687,53.08093472483926,65.19311249928853,0.0,0.0,0.0,0.456976164900484,-0.18340528308271198,0.9334881700424909,0.2931067220592949,0.13729299908659623,-0.5030884488965998,0.32026200021681306,-0.3201194477663829,0.1091339850582849,-0.5312474629249111,0.11683532307361214,-0.5235461249095839,0.1359992161019043,-0.5043822318812916,0.1342607,-0.5061207488302495,0.33002438292784264,-0.3103570650553533,0.32607593129308005,-0.3143055166901159,0.1585367543917528,-0.48184469359144316
E01026041,E01026041,Boston 007E,Boston,E01026041,1,2019,1.52171761840908,0.640381447983196,0.18340528308271198,53.08093472483926,65.19311249928853,0.0,0.0,0.0,0.640381447983196,-0.881336170425884,0.8237867310659079,-0.697930887343172,0.14171302085134854,-1.3800045975577313,0.32299419293715215,-1.1987234254719277,0.11039681345387746,-1.4113208049552024,0.11683532307361214,-1.4048822953354678,0.1359992161019043,-1.3857184023071756,0.1342607,-1.3874569192561335,0.3321615793543233,-1.1895560390547566,0.28420839163285744,-1.2375092267762224,0.15634840145498033,-1.3653692169540996
E01026013,E01026013,Boston 008A,Boston,E01026013,1,2018,-0.554688435464198,-0.141266171394895,0.393969085581558,47.03685961695283,62.19598789158391,0.0,0.0,0.0,-0.141266171394895,0.413422264069303,0.252702914186663,0.807391349650861,-0.3291349008169397,0.2255535346472583,-0.2612022205702839,0.2934862148939141,-0.5172738918813635,0.03741454358283447,-0.5653747597885393,-0.010686324324341356,-0.3752012125040066,0.17948722296019137,-0.43044814,0.12424029078989685,-0.29635943431277456,0.25832900115142343,-0.41669849793687147,0.13798993752732652,-0.2646200925095794,0.2900683429546186
E01026013,E01026013,Boston 008A,Boston,E01026013,1,2019,0.0788120321592077,-0.554688435464198,-0.413422264069303,47.03685961695283,62.19598789158391,0.0,0.0,0.0,-0.554688435464198,-0.6335004676234057,-0.9681106995335009,-1.0469227316927086,-0.33082694039875893,-0.40963897255796666,-0.26224813809603875,-0.3410601702552465,-0.520349262648045,-0.5991612948072528,-0.5653747597885393,-0.6441867919477471,-0.3752012125040066,-0.45401324466321435,-0.43044814,-0.5092601768335089,-0.29635943431277456,-0.3751714664719823,-0.42167004528417346,-0.5004820774433811,-0.2645209209382431,-0.3433329530974508
E01026014,E01026014,Boston 008B,Boston,E01026014,1,2018,-0.111916536607187,-0.244656506860881,-0.022902750129683014,44.546325234757774,60.669355196872566,0.0,0.0,0.0,-0.244656506860881,-0.132739970253694,-0.26755925699056404,-0.15564272038337704,-0.25017783630226653,-0.13826129969507953,-0.35941827705393714,-0.24750174044675013,-0.24178793171748172,-0.12987139511029472,-0.3117820294113431,-0.19986549280415608,-0.1945903124446365,-0.0826737758374495,-0.14455493,-0.03263839133795002,-0.20674388455779635,-0.09482734795060935,-0.16849054193857732,-0.056574005331390315,-0.10356229551435428,0.008354241092832726
E01026014,E01026014,Boston 008B,Boston,E01026014,1,2019,0.19604388428872,-0.111916536607187,0.132739970253694,44.546325234757774,60.669355196872566,0.0,0.0,0.0,-0.111916536607187,-0.307960420895907,0.02082343364650699,-0.175220450642213,-0.2731757620469933,-0.4692196463357133,-0.37363421730195157,-0.5696781015906716,-0.2569238452128024,-0.4529677295015224,-0.3162924701043466,-0.5123363543930666,-0.21993777414229368,-0.41598165843101365,-0.14007758,-0.3361214603299416,-0.21154922478365784,-0.40759310907237783,-0.180512241799796,-0.37655612608851596,-0.10060362622890559,-0.2966475105176256
E01026022,E01026022,Boston 008C,Boston,E01026022,1,2018,-0.396731972661578,-0.503206768447543,-0.03593721511053499,50.59545439320491,63.99564337402369,0.0,0.0,0.0,-0.503206768447543,-0.10647479578596497,-0.539143983558078,-0.14241201089650002,-0.5655548247967583,-0.16882285213518033,-0.4898355523118586,-0.0931035796502806,-0.557486253758315,-0.16075428109673695,-0.561332929652265,-0.164600956990687,-0.4283350362114674,-0.0316030635498894,-0.48481652,-0.0880845487445957,-0.4618272947529713,-0.06509532209139329,-0.42208015099937607,-0.025348178337798066,-0.3641593817339519,0.0325725909276261
E01026022,E01026022,Boston 008C,Boston,E01026022,1,2019,0.319790166326186,-0.396731972661578,0.10647479578596497,50.59545439320491,63.99564337402369,0.0,0.0,0.0,-0.396731972661578,-0.7165221389877641,-0.29025717687561303,-0.610047343201799,-0.5709762577425874,-0.8907664240687734,-0.4931867574453995,-0.8129769237715856,-0.5462568203544588,-0.8660469866806448,-0.5495367819762562,-0.8693269483024422,-0.43619034917182276,-0.7559805154980088,-0.48481652,-0.8046066877323597,-0.4271994946911503,-0.7469896610173363,-0.42194501323787464,-0.7417351795640607,-0.3672102669555509,-0.687000433281737
E01026038,E01026038,Boston 008D,Boston,E01026038,1,2018,-0.117527228420487,-0.528589658727777,-0.23035104893840397,47.90388700547018,62.65495637354352,0.0,0.0,0.0,-0.528589658727777,-0.41106243030728995,-0.7589407076661809,-0.6414134792456939,-0.4363479372395175,-0.31882070881903046,-0.3490855575971087,-0.23155832917662167,-0.48047872085499344,-0.3629514924345064,-0.516126814111777,-0.39859958569128995,-0.39846598726561205,-0.28093875884512504,-0.3681649,-0.25063766854453984,-0.30288946257559013,-0.1853622341551031,-0.36291897387354005,-0.24539174545305303,-0.2586741493785498,-0.1411469209580628
E01026038,E01026038,Boston 008D,Boston,E01026038,1,2019,0.0157568054835776,-0.117527228420487,0.41106243030728995,47.90388700547018,62.65495637354352,0.0,0.0,0.0,-0.117527228420487,-0.1332840339040646,0.29353520188680293,0.2777783964032253,-0.4363479372395175,-0.4521047427230951,-0.3490855575971087,-0.3648423630806863,-0.48047872085499344,-0.49623552633857104,-0.516126814111777,-0.5318836195953546,-0.39846598726561205,-0.41422279274918966,-0.3681649,-0.38392170244860446,-0.30288946257559013,-0.31864626805916774,-0.36291897387354005,-0.37867577935711766,-0.2586741493785498,-0.27443095486212743
E01026040,E01026040,Boston 008E,Boston,E01026040,1,2018,-0.359644716372491,-0.0990158540242984,0.5045036272463507,49.864214036181465,64.22347348994718,0.0,0.0,0.0,-0.0990158540242984,0.2606288623481926,0.40548777322205226,0.7651324895945433,-0.2906915296057651,0.0689531867667259,-0.27922443902688415,0.08042027734560686,-0.5118190405526193,-0.15217432418012827,-0.560660465344319,-0.201015748971828,-0.44022923272890485,-0.08058451635641384,-0.40652773,-0.04688301146983992,-0.35194014546949914,0.00770457090299187,-0.3417151461770035,0.01792957019548752,-0.3890144431803624,-0.029369726807871366
E01026040,E01026040,Boston 008E,Boston,E01026040,1,2019,0.384172353156243,-0.359644716372491,-0.2606288623481926,49.864214036181465,64.22347348994718,0.0,0.0,0.0,-0.359644716372491,-0.743817069528734,-0.6202735787206837,-1.0044459318769268,-0.2906915296057651,-0.6748638827620081,-0.27922443902688415,-0.6633967921831272,-0.5118190405526193,-0.8959913937088623,-0.560660465344319,-0.944832818500562,-0.44022923272890485,-0.8244015858851479,-0.40652773,-0.7907000809985739,-0.35194014546949914,-0.7361124986257421,-0.3417151461770035,-0.7258874993332465,-0.3890144431803624,-0.7731867963366054
E01026029,E01034683,Boston 009E,Boston,E01026029,1,2018,0.0490254776769848,-0.263302843898923,-0.1807274038268126,46.84330841354701,61.396458598593064,0.0,0.0,0.0,-0.263302843898923,-0.3123283215759078,-0.4440302477257356,-0.4930557254027204,-0.1070937415929189,-0.1561192192699037,-0.269645935555233,-0.31867141323221776,-0.24549157995943566,-0.29451705763642044,-0.35156362807361585,-0.40058910575060064,-0.19397675864401667,-0.24300223632100149,-0.152531,-0.20155647566854668,-0.27166076740024075,-0.32068624507722554,-0.20318197354300396,-0.2522074512199888,-0.08232371595534507,-0.13134919363232989
E01026029,E01034683,Boston 009E,Boston,E01026029,1,2019,0.646925583133603,0.0490254776769848,0.3123283215759078,46.84330841354701,61.396458598593064,0.0,0.0,0.0,0.0490254776769848,-0.5979001054566182,0.36135379925289257,-0.2855717838807105,-0.10232840562779533,-0.7492539887613984,-0.2667002902786173,-0.9136258734122203,-0.24449549195275633,-0.8914210750863594,-0.3510483673120142,-0.9979739504456173,-0.19397675864401667,-0.8409023417776197,-0.14721516,-0.7941407408808717,-0.2647637286811397,-0.9116893118147427,-0.19605345706900928,-0.8429790402026123,-0.08260301548278212,-0.7295285986163852
E01026029,E01034684,Boston 009F,Boston,E01026029,1,2018,0.0490254776769848,-0.263302843898923,-0.1807274038268126,46.84330841354701,61.396458598593064,0.0,0.0,0.0,-0.263302843898923,-0.3123283215759078,-0.4440302477257356,-0.4930557254027204,-0.1070937415929189,-0.1561192192699037,-0.269645935555233,-0.31867141323221776,-0.24549157995943566,-0.29451705763642044,-0.35156362807361585,-0.40058910575060064,-0.19397675864401667,-0.24300223632100149,-0.152531,-0.20155647566854668,-0.27166076740024075,-0.32068624507722554,-0.20318197354300396,-0.2522074512199888,-0.08232371595534507,-0.13134919363232989
E01026029,E01034684,Boston 009F,Boston,E01026029,1,2019,0.646925583133603,0.0490254776769848,0.3123283215759078,46.84330841354701,61.396458598593064,0.0,0.0,0.0,0.0490254776769848,-0.5979001054566182,0.36135379925289257,-0.2855717838807105,-0.10232840562779533,-0.7492539887613984,-0.2667002902786173,-0.9136258734122203,-0.24449549195275633,-0.8914210750863594,-0.3510483673120142,-0.9979739504456173,-0.19397675864401667,-0.8409023417776197,-0.14721516,-0.7941407408808717,-0.2647637286811397,-0.9116893118147427,-0.19605345706900928,-0.8429790402026123,-0.08260301548278212,-0.7295285986163852
E01026031,E01026031,Boston 009B,Boston,E01026031,1,2018,0.409510825271705,0.424877168664503,0.263407722366208,38.79444653882733,59.16978990171622,0.0,0.0,0.0,0.424877168664503,0.015366343392797965,0.688284891030711,0.278774065759006,0.24904082339495726,-0.16047000187674776,0.11980159788561598,-0.28970922738608906,0.09493276363784797,-0.31457806163385704,0.08725420239718257,-0.32225662287452245,0.18550097179082667,-0.22400985348087835,0.1341914,-0.27531943141947113,0.18801539542314177,-0.22149542984856324,0.18922614165834337,-0.22028468361336165,0.2523204902601185,-0.15719033501158652
E01026031,E01026031,Boston 009B,Boston,E01026031,1,2019,0.719157548672549,0.409510825271705,-0.015366343392797965,38.79444653882733,59.16978990171622,0.0,0.0,0.0,0.409510825271705,-0.309646723400844,0.39414448187890705,-0.32501306679364195,0.24904082339495726,-0.47011672527759174,0.11980159788561598,-0.599355950786933,0.09493276363784797,-0.624224785034701,0.08725420239718257,-0.6319033462753665,0.18550097179082667,-0.5336565768817223,0.1341914,-0.5849661548203151,0.18801539542314177,-0.5311421532494072,0.18922614165834337,-0.5299314070142056,0.2523204902601185,-0.4668370584124305
E01026035,E01026035,Boston 009C,Boston,E01026035,1,2018,-0.424898929310765,-0.338517234315361,0.29213160899791296,39.675359637583206,60.113658309006155,0.0,0.0,0.0,-0.338517234315361,0.08638169499540399,-0.046385625317448054,0.37851330399331695,-0.49229237176173185,-0.06739344245096685,-0.42897126182994727,-0.004072332519182265,-0.572697520034743,-0.14779859072397794,-0.5714700132617335,-0.14657108395096852,-0.4982319019103152,-0.07333297259955018,-0.5381755,-0.1132765939703324,-0.44999463683653107,-0.025095707525766064,-0.4825801867471876,-0.057681257436422606,-0.39033362471652366,0.03456530459424134
E01026035,E01026035,Boston 009C,Boston,E01026035,1,2019,-0.185439285634057,-0.424898929310765,-0.08638169499540399,39.675359637583206,60.113658309006155,0.0,0.0,0.0,-0.424898929310765,-0.239459643676708,-0.5112806243061689,-0.32584133867211196,-0.49229237176173185,-0.3068530861276748,-0.42897126182994727,-0.24353197619589026,-0.572697520034743,-0.38725823440068596,-0.5714700132617335,-0.38603072762767654,-0.4982319019103152,-0.3127926162762582,-0.5381755,-0.35273623764704043,-0.44999463683653107,-0.2645553512024741,-0.4825801867471876,-0.29714090111313063,-0.39033362471652366,-0.20489433908246665
E01026055,E01026055,East Lindsey 013C,East Lindsey,E01026055,1,2018,0.28334994593897,0.353349327384617,0.433051651255496,38.05692690441089,48.92370867744225,0.0,0.0,0.0,0.353349327384617,0.06999938144564699,0.7864009786401129,0.5030510327011429,0.12642788672537722,-0.15692205921359278,-0.05612494064096531,-0.3394748865799353,-0.11915646631216013,-0.40250641225113015,-0.15957048469908214,-0.44292043063805214,-0.13983531792037993,-0.42318526385934996,-0.13417116,-0.41752110401430265,-0.17666457663029772,-0.4600145225692677,-0.07115937664685719,-0.3545093225858272,-0.083283768368795,-0.36663371430776504
E01026055,E01026055,East Lindsey 013C,East Lindsey,E01026055,1,2019,0.782981878717602,0.28334994593897,-0.06999938144564699,38.05692690441089,48.92370867744225,0.0,0.0,0.0,0.28334994593897,-0.49963193277863205,0.213350564493323,-0.569631314224279,0.12642788672537722,-0.6565539919922249,-0.05612494064096531,-0.8391068193585673,-0.11915646631216013,-0.9021383450297622,-0.15957048469908214,-0.9425523634166841,-0.13983531792037993,-0.922817196637982,-0.13417116,-0.9171530367929347,-0.17666457663029772,-0.9596464553478998,-0.07115937664685719,-0.8541412553644593,-0.083283768368795,-0.8662656470863971
E01026059,E01026059,East Lindsey 013D,East Lindsey,E01026059,1,2018,0.692606179296701,0.556969121414832,0.25856595569942803,41.84469764901349,51.907778330564916,0.0,0.0,0.0,0.556969121414832,-0.13563705788186897,0.81553507711426,0.122928897817559,0.08656611557504512,-0.6060400637216559,0.05450298554522784,-0.6381031937514732,0.021464320449476357,-0.6711418588472247,0.005891731328748779,-0.6867144479679522,-0.046516174601080644,-0.7391223538977816,0.016967723,-0.67563845615062,-0.12831809399245553,-0.8209242732891565,0.006753541009085708,-0.6858526382876152,0.07947328792242228,-0.6131328913742787
E01026059,E01026059,East Lindsey 013D,East Lindsey,E01026059,1,2019,0.766648739044654,0.692606179296701,0.13563705788186897,41.84469764901349,51.907778330564916,0.0,0.0,0.0,0.692606179296701,-0.07404255974795304,0.82824323717857,0.06159449813391593,0.08656611557504512,-0.6800826234696089,0.05450298554522784,-0.7121457534994262,0.021464320449476357,-0.7451844185951777,0.005891731328748779,-0.7607570077159053,-0.046516174601080644,-0.8131649136457346,0.016967723,-0.749681015898573,-0.12831809399245553,-0.8949668330371096,0.006753541009085708,-0.7598951980355683,0.07947328792242228,-0.6871754511222318
E01026100,E01026100,East Lindsey 013E,East Lindsey,E01026100,1,2018,0.195262422299333,0.0267510889567783,0.1012222645302725,41.96722669727368,52.349928867863156,0.0,0.0,0.0,0.0267510889567783,-0.1685113333425547,0.1279733534870508,-0.0672890688122822,-0.14516410489614812,-0.3404265271954811,-0.12508897983120845,-0.3203514021305415,-0.13229041344910214,-0.32755283574843513,-0.12437400540661692,-0.3196364277059499,-0.07138726455730356,-0.26664968685663654,-0.088525124,-0.2837875461935476,-0.10812218673100649,-0.3033846090303395,-0.009668290081227167,-0.20493071238056015,0.011800297295625331,-0.18346212500370768
E01026100,E01026100,East Lindsey 013E,East Lindsey,E01026100,1,2019,0.412842448934307,0.195262422299333,0.1685113333425547,41.96722669727368,52.349928867863156,0.0,0.0,0.0,0.195262422299333,-0.217580026634974,0.3637737556418877,-0.04906869329241931,-0.14516410489614812,-0.558006553830455,-0.12508897983120845,-0.5379314287655155,-0.13229041344910214,-0.5451328623834091,-0.12437400540661692,-0.5372164543409239,-0.07138726455730356,-0.48422971349161054,-0.088525124,-0.5013675728285216,-0.10812218673100649,-0.5209646356653135,-0.009668290081227167,-0.42251073901553415,0.011800297295625331,-0.4010421516386817
E01026101,E01026101,East Lindsey 013F,East Lindsey,E01026101,1,2018,1.16190259210272,1.74552361221245,0.7103883464629901,42.04646299670058,52.37816789083575,0.0,0.0,0.0,1.74552361221245,0.58362102010973,2.45591195867544,1.29400936657272,0.7648224906069514,-0.39708010149576856,0.7056694540143976,-0.45623313808832233,0.9297776431165327,-0.2321249489861873,0.932582889648163,-0.2293197024545569,0.9449117988748088,-0.21699079322791115,0.97815007,-0.18375252238912743,0.7971822588784403,-0.36472033322427966,1.0407694920118555,-0.12113310009086442,1.0409837755005316,-0.1209188166021884
E01026101,E01026101,East Lindsey 013F,East Lindsey,E01026101,1,2019,2.00352155483667,1.16190259210272,-0.58362102010973,42.04646299670058,52.37816789083575,0.0,0.0,0.0,1.16190259210272,-0.8416189627339501,0.5782815719929899,-1.4252399828436801,0.7643045193063944,-1.2392170355302756,0.7053492751799828,-1.2981722796566872,0.9297776431165327,-1.0737439117201375,0.932582889648163,-1.0709386651885069,0.9705407363525668,-1.0329808184841034,1.0206416,-0.9828799895137941,0.8201995944939313,-1.1833219603427387,1.0507557148169837,-0.9527658400196863,1.04068719306445,-0.9628343617722201
E01026092,E01026092,East Lindsey 014A,East Lindsey,E01026092,1,2018,1.61398126792886,2.21724228107204,0.4810847196424599,24.581027867823344,38.31527912810095,0.0,0.0,0.0,2.21724228107204,0.6032610131431799,2.6983270007145,1.0843457327856398,1.0564835145966358,-0.5574977533322243,0.9523812515286142,-0.6616000164002459,1.6734148321070828,0.05943356417822265,1.636769537497708,0.02278826956884794,1.7540964358088103,0.14011516787995015,1.7857441,0.1717628030779148,1.5357588625784688,-0.07822240535039127,1.7681126757392756,0.15413140781041546,1.8103345651086717,0.19635329717981165
E01026092,E01026092,East Lindsey 014A,East Lindsey,E01026092,1,2019,2.56114103607098,1.61398126792886,-0.6032610131431799,24.581027867823344,38.31527912810095,0.0,0.0,0.0,1.61398126792886,-0.94715976814212,1.0107202547856802,-1.5504207812853,1.058969776839309,-1.5021712592316712,0.9539181099338049,-1.607222926137175,1.6734148321070828,-0.8877262039638973,1.6395915550248394,-0.9215494810461407,1.7540964358088103,-0.8070446002621698,1.7857441,-0.7753969650642052,1.5357588625784688,-1.0253821734925113,1.7670294113157121,-0.794111624755268,1.8101888436160958,-0.7509521924548843
E01026093,E01026093,East Lindsey 014B,East Lindsey,E01026093,1,2018,1.89073574462824,1.49213395673381,-0.16366043715049994,23.983385212777506,38.36444344012714,0.0,0.0,0.0,1.49213395673381,-0.3986017878944299,1.3284735195833102,-0.5622622250449298,1.5950829713624943,-0.2956527732657457,1.4939483614823381,-0.3967873831459019,1.6120831704232996,-0.2786525742049404,1.5447162618221544,-0.34601948280608563,1.6463573625686672,-0.24437838205957285,1.6560565,-0.23467922130518093,1.6138145828002144,-0.2769211618280256,1.6362386086652492,-0.25449713596299084,1.7108311231901103,-0.17990462143812969
E01026093,E01026093,East Lindsey 014B,East Lindsey,E01026093,1,2019,2.41418165196057,1.89073574462824,0.3986017878944299,23.983385212777506,38.36444344012714,0.0,0.0,0.0,1.89073574462824,-0.5234459073323301,2.28933753252267,-0.12484411943789997,1.5927693662200066,-0.8214122857405635,1.4925182293552857,-0.9216634226052844,1.6120831704232996,-0.8020984815372705,1.5447162618221544,-0.8694653901384157,1.6463573625686672,-0.767824289391903,1.6560565,-0.758125128637511,1.6138145828002144,-0.8003670691603557,1.6362904903596949,-0.7778911616008752,1.7109667251345908,-0.7032149268259793
E01026095,E01026095,East Lindsey 014C,East Lindsey,E01026095,1,2018,2.14204256873723,2.75221568184881,0.11756246136857973,23.73301166688978,38.29298433998008,0.0,0.0,0.0,2.75221568184881,0.6101731131115797,2.8697781432173897,0.7277355744801595,1.1221104409264477,-1.0199321278107825,0.8661128799825174,-1.275929688754713,1.8464183352119055,-0.29562423352532474,1.821778062803451,-0.3202645059337792,2.26947397632947,0.1274314075922396,2.478021,0.33597833771113406,1.9476354346920326,-0.1944071340451976,2.257643823443849,0.11560125470661875,2.4866617943764675,0.3446192256392373
E01026095,E01026095,East Lindsey 014C,East Lindsey,E01026095,1,2019,4.13372248788648,2.14204256873723,-0.6101731131115797,23.73301166688978,38.29298433998008,0.0,0.0,0.0,2.14204256873723,-1.99167991914925,1.5318694556256505,-2.6018530322608298,1.1252182687297891,-3.0085042191566913,0.8680339529890059,-3.2656885348974742,1.8464183352119055,-2.287304152674575,1.821778062803451,-2.311944425083029,2.26947397632947,-1.8642485115570104,2.478021,-1.655701581438116,1.9476354346920326,-2.1860870531944476,2.2567093267892515,-1.8770131610972287,2.486479642510748,-1.6472428453757324
E01026114,E01026114,East Lindsey 014D,East Lindsey,E01026114,1,2018,1.14754109837696,1.76530356529718,0.28648535382702,22.38717729981723,38.369529278469976,0.0,0.0,0.0,1.76530356529718,0.61776246692022,2.0517889191242,0.90424782074724,1.2025655094022845,0.055024411025324405,1.0116824019783772,-0.13585869639858283,1.339313519090491,0.19177242071353096,1.208845995618015,0.061304897241055034,1.4269252838948603,0.27938418551790023,1.4042583,0.2567171528132255,1.3873354133131097,0.23979431493614967,1.2611386272108538,0.11359752883389374,1.5307078902553048,0.3831667918783448
E01026114,E01026114,East Lindsey 014D,East Lindsey,E01026114,1,2019,1.83669964853998,1.14754109837696,-0.61776246692022,22.38717729981723,38.369529278469976,0.0,0.0,0.0,1.14754109837696,-0.68915855016302,0.5297786314567401,-1.30692101708324,1.2120271184924574,-0.6246725300475227,1.0175310020203532,-0.8191686465196268,1.339313519090491,-0.497386129449489,1.208845995618015,-0.6278536529219649,1.4269252838948603,-0.40977436464511974,1.4042583,-0.4324413973497945,1.3873354133131097,-0.4493642352268703,1.2769420117461159,-0.5597576367938641,1.5301533390196689,-0.30654630952031114
E01026083,E01026083,East Lindsey 015A,East Lindsey,E01026083,1,2018,2.52251662144612,1.73509080584444,-0.20568704625093992,22.834044945954748,38.41955634897351,0.0,0.0,0.0,1.73509080584444,-0.7874258156016798,1.5294037595935002,-0.9931128618526197,1.1038632589343707,-1.4186533625117492,1.1884686692412747,-1.3340479522048452,1.6154817804010673,-0.9070348410450526,1.6009326017044045,-0.9215840197417153,1.7263285720064654,-0.7961880494396545,1.8472129,-0.6753037107939592,1.5049305019039059,-1.017586119542214,1.785766542483683,-0.7367500789624368,1.8748969630881687,-0.6476196583579512
E01026083,E01026083,East Lindsey 015A,East Lindsey,E01026083,1,2019,2.90330259906404,2.52251662144612,0.7874258156016798,22.834044945954748,38.41955634897351,0.0,0.0,0.0,2.52251662144612,-0.3807859776179203,3.3099424370477997,0.40663983798375947,1.104277635974816,-1.799024963089224,1.1887248123088066,-1.7145777867552336,1.6154817804010673,-1.287820818662973,1.6009326017044045,-1.3023699973596357,1.7263285720064654,-1.1769740270575748,1.8472129,-1.0560896884118796,1.5049305019039059,-1.3983720971601343,1.785766542483683,-1.1175360565803572,1.8748726761727397,-1.0284299228913005
E01026094,E01026094,East Lindsey 015B,East Lindsey,E01026094,1,2018,1.2325743599631,0.944803679316965,-0.5611585577627851,23.621336925941172,38.29515497498962,0.0,0.0,0.0,0.944803679316965,-0.2877706806461351,0.38364512155417985,-0.8489292384089202,0.8743536655643136,-0.35822069439878645,0.8197578346154043,-0.41281652534769575,1.188019707642598,-0.04455465232050204,1.2366069820927363,0.004032622129636287,1.36641098862873,0.13383662866562984,1.3176079,0.08503351967557182,1.2019580480826557,-0.030616311880444336,1.462456538042798,0.22988217807969802,1.3109193759769757,0.07834501601387567
E01026094,E01026094,East Lindsey 015B,East Lindsey,E01026094,1,2019,1.88555028124179,1.2325743599631,0.2877706806461351,23.621336925941172,38.29515497498962,0.0,0.0,0.0,1.2325743599631,-0.6529759212786899,1.5203450406092351,-0.3652052406325548,0.9068822632392872,-0.9786680180025027,0.83986506541665,-1.04568521582514,1.341865673182744,-0.5436846080590458,1.2772588660807005,-0.6082914151610894,1.4609209275691517,-0.4246293536726382,1.5279868,-0.357563516333953,1.3427853315268392,-0.5427649497149507,1.4604388365402354,-0.4251114447015545,1.5415479706210335,-0.34400231062075637
E01026096,E01026096,East Lindsey 015C,East Lindsey,E01026096,1,2018,0.418150558098924,0.184062717650551,-0.05555123805336201,24.807193165812418,38.185577820402905,0.0,0.0,0.0,0.184062717650551,-0.234087840448373,0.12851147959718898,-0.289639078501735,-0.027288648442402065,-0.44543920654132607,-0.16674790558580682,-0.5848984636847308,0.07003750533438907,-0.3481130527645349,0.09963784958064842,-0.31851270851827557,0.3186744140042908,-0.09947614409463318,0.34640595,-0.07174460493005497,0.12535051707310074,-0.29280004102582324,0.5071219215356504,0.0889713634367264,0.3719002538011086,-0.0462503042978154
E01026096,E01026096,East Lindsey 015C,East Lindsey,E01026096,1,2019,0.990955372559378,0.418150558098924,0.234087840448373,24.807193165812418,38.185577820402905,0.0,0.0,0.0,0.418150558098924,-0.5728048144604541,0.652238398547297,-0.338716974012081,-0.02241971821716713,-1.013375090776545,-0.1637382245423083,-1.1546935971016863,0.07453059916347238,-0.9164247733959057,0.09963784958064842,-0.8913175229787296,0.3186744140042908,-0.6722809585550873,0.3640598,-0.6268955666893219,0.13384458778512767,-0.8571107847742504,0.5318563447781987,-0.4590990277811794,0.3834265762276179,-0.6075287963317602
E01026097,E01026097,East Lindsey 015D,East Lindsey,E01026097,1,2018,1.43297338083805,0.868269630227267,0.08375195636616395,24.3069477595176,38.24920982476532,0.0,0.0,0.0,0.868269630227267,-0.564703750610783,0.952021586593431,-0.4809517942446191,1.0949784235729962,-0.3379949572650538,0.9867791515607683,-0.4461942292772817,0.8683196172600673,-0.5646537635779827,0.7000594974176662,-0.7329138834203839,0.8980562851126666,-0.5349170957253835,0.79118794,-0.6417854388100044,1.0587109122797527,-0.37426246855829737,0.9041258285918188,-0.5288475522462313,0.8272472247430424,-0.6057261560950077
E01026097,E01026097,East Lindsey 015D,East Lindsey,E01026097,1,2019,1.86693836124671,1.43297338083805,0.564703750610783,24.3069477595176,38.24920982476532,0.0,0.0,0.0,1.43297338083805,-0.43396498040866005,1.997677131448833,0.130738770202123,1.0941151380720682,-0.7728232231746419,0.9862455201700772,-0.8806928410766329,0.8646236709610139,-1.0023146902856963,0.6987008948369939,-1.1682374664097162,0.8980562851126666,-0.9688820761340435,0.79118794,-1.0757504192186644,1.0537120473946462,-0.8132263138520639,0.8973207447811431,-0.969617616465567,0.8291341354290199,-1.0378042258176903
E01026051,E01026051,East Lindsey 016A,East Lindsey,E01026051,1,2018,0.103745497804291,0.0537185726764532,0.3818618855364672,49.829135192413716,58.87605660755162,0.0,0.0,0.0,0.0537185726764532,-0.0500269251278378,0.4355804582129204,0.3318349604086294,-0.4622000875217848,-0.5659455853260759,-0.3633870757747054,-0.4671325735789964,-0.4313810385248424,-0.5351265363291334,-0.47386516972116605,-0.5776106675254571,-0.387360245986964,-0.491105743791255,-0.40514904,-0.5088945404106447,-0.337142885039048,-0.440888382843339,-0.421071197992892,-0.524816695797183,-0.32266186417162124,-0.4264073619759122
E01026051,E01026051,East Lindsey 016A,East Lindsey,E01026051,1,2019,0.250708507663204,0.103745497804291,0.0500269251278378,49.829135192413716,58.87605660755162,0.0,0.0,0.0,0.103745497804291,-0.14696300985891303,0.1537724229321288,-0.0969360847310752,-0.4627180588223418,-0.7134265664855458,-0.3637072546091201,-0.6144157622723241,-0.4363713032521438,-0.6870798109153478,-0.47386516972116605,-0.7245736773843701,-0.387360245986964,-0.638068753650168,-0.40514904,-0.6558575502695578,-0.337142885039048,-0.587851392702252,-0.421071197992892,-0.671779705656096,-0.32263150552733455,-0.5733400131905386
E01026052,E01026052,East Lindsey 016B,East Lindsey,E01026052,1,2018,0.0996353873391677,0.0172911027519677,0.1727702095279937,49.518605422412755,58.57245738447141,0.0,0.0,0.0,0.0172911027519677,-0.0823442845872,0.19006131227996143,0.09042592494079373,-0.43610961716479646,-0.5357450045039641,-0.24766998390144537,-0.34730537124061306,-0.29428728223091266,-0.3939226695700804,-0.38820666814768034,-0.48784205548684806,-0.24290937619577302,-0.34254476353494073,-0.21457133,-0.3142067143102218,-0.262476464692723,-0.3621118520318907,-0.2642988521007905,-0.36393423943995823,-0.10107319976794199,-0.2007085871071097
E01026052,E01026052,East Lindsey 016B,East Lindsey,E01026052,1,2019,0.9778793405089,0.0996353873391677,0.0823442845872,49.518605422412755,58.57245738447141,0.0,0.0,0.0,0.0996353873391677,-0.8782439531697324,0.18197967192636771,-0.7958996685825324,-0.44374106099300153,-1.4216204015019016,-0.25238728539515587,-1.230266625904056,-0.2923488140807385,-1.2702281545896386,-0.38762261025378597,-1.365501950762686,-0.22382378290106536,-1.2017031234099653,-0.21457133,-1.192450667479954,-0.262476464692723,-1.240355805201623,-0.2984454597559177,-1.2763248002648178,-0.08864016699902344,-1.0665195075079235
E01026053,E01026053,East Lindsey 016C,East Lindsey,E01026053,1,2018,-0.288110064402082,-0.145426422379233,0.35064514510963896,52.420749213731774,61.20198736023907,0.0,0.0,0.0,-0.145426422379233,0.14268364202284897,0.20521872273040595,0.49332878713248796,-0.7085046600050704,-0.4203945956029884,-0.6105069592621619,-0.32239689486007994,-0.476411561663879,-0.188301497261797,-0.5514957850031144,-0.2633857206010324,-0.44369790745785886,-0.1555878430557769,-0.42082098,-0.1327109168620324,-0.41200006573760195,-0.12389000133551997,-0.49590223794434485,-0.20779217354226287,-0.31227352334737124,-0.024163458945289262
E01026053,E01026053,East Lindsey 016C,East Lindsey,E01026053,1,2019,0.12844449372859,-0.288110064402082,-0.14268364202284897,52.420749213731774,61.20198736023907,0.0,0.0,0.0,-0.288110064402082,-0.416554558130672,-0.430793706424931,-0.559238200153521,-0.7098168539664813,-0.8382613476950713,-0.6113180789760126,-0.7397625727046027,-0.476411561663879,-0.604856055392469,-0.5514957850031144,-0.6799402787317044,-0.44369790745785886,-0.5721424011864489,-0.42082098,-0.5492654749927044,-0.41200006573760195,-0.540444559466192,-0.49590223794434485,-0.6243467316729349,-0.3121966147818451,-0.44064110851043514
E01026054,E01026054,East Lindsey 016D,East Lindsey,E01026054,1,2018,0.737908171078822,0.461194458566452,0.13857323357725704,49.18760345800061,58.396558779713594,0.0,0.0,0.0,0.461194458566452,-0.27671371251237,0.5997676921437091,-0.13814047893511294,0.14526954765183092,-0.5926386234269911,0.03254712392099458,-0.7053610471578274,0.1536499463617984,-0.5842582247170236,0.1073960445138736,-0.6305121265649484,0.28739751928402024,-0.45051065179480176,0.22597751,-0.5119306608649701,0.10256256519805168,-0.6353456058807703,0.23970076746371183,-0.4982074036151102,0.28620426250648767,-0.45170390857233433
E01026054,E01026054,East Lindsey 016D,East Lindsey,E01026054,1,2019,1.30122045376076,0.737908171078822,0.27671371251237,49.18760345800061,58.396558779713594,0.0,0.0,0.0,0.737908171078822,-0.5633122826819379,1.014621883591192,-0.2865985701695679,0.14057327452678164,-1.1606471792339783,0.029644169155634267,-1.2715762846051257,0.1536499463617984,-1.1475705073989615,0.11130106029641598,-1.189919393464344,0.28739751928402024,-1.0138229344767398,0.22597751,-1.075242943546908,0.10256256519805168,-1.1986578885627082,0.2858582157413497,-1.0153622380194103,0.2864795142146865,-1.0147409395460734
E01026118,E01026118,East Lindsey 016E,East Lindsey,E01026118,1,2018,-0.203352215827798,-0.347481455382966,0.476960423357415,70.46248841242226,77.80082067445336,0.0,0.0,0.0,-0.347481455382966,-0.144129239555168,0.12947896797444902,0.332831183802247,-0.6076849077034499,-0.40433269187565185,-0.4954259178339774,-0.2920737020061794,-0.8427373922862049,-0.6393851764584069,-0.8128130211248211,-0.6094608052970232,-0.679947826559857,-0.47659561073205897,-0.72588134,-0.5225291222917088,-0.6222041084902871,-0.41885189266248907,-0.7651710228057184,-0.5618188069779204,-0.6111063892067203,-0.40775417337892234
E01026118,E01026118,East Lindsey 016E,East Lindsey,E01026118,1,2019,0.345468590058682,-0.203352215827798,0.144129239555168,70.46248841242226,77.80082067445336,0.0,0.0,0.0,-0.203352215827798,-0.5488208058864801,-0.05922297627263001,-0.40469156633131204,-0.6223262297991916,-0.9677948198578736,-0.5044763062201008,-0.8499448962787828,-0.8326486244428353,-1.1781172145015173,-0.8072616756318124,-1.1527302656904945,-0.669769963207034,-1.015238553265716,-0.7156762,-1.0611447785276151,-0.5758283332881038,-0.9212969233467858,-0.7177340867395747,-1.0632026767982568,-0.6092553694266295,-0.9547239594853115
E01026119,E01026119,East Lindsey 016F,East Lindsey,E01026119,1,2018,-0.0825061789597731,-0.258511580167787,0.133742543428713,69.96660004603935,77.40173866264328,0.0,0.0,0.0,-0.258511580167787,-0.17600540120801395,-0.12476903673907402,-0.04226285777930093,-0.45817220086883315,-0.37566602190906007,-0.3765673505651016,-0.2940611716053285,-0.5645374855563232,-0.48203130659655014,-0.740216003167515,-0.6577098242077419,-0.4109525692546304,-0.32844639029485734,-0.5094221,-0.42691594447238634,-0.4637052001789322,-0.3811990212191591,-0.603286193207121,-0.5207800142473479,-0.37758788927204556,-0.2950817103122725
E01026119,E01026119,East Lindsey 016F,East Lindsey,E01026119,1,2019,0.645979804508354,-0.0825061789597731,0.17600540120801395,69.96660004603935,77.40173866264328,0.0,0.0,0.0,-0.0825061789597731,-0.7284859834681271,0.09349922224824085,-0.5524805822601132,-0.4575161038881277,-1.1034959083964817,-0.37616179070817624,-1.0221415952165303,-0.5645374855563232,-1.2105172900646772,-0.740216003167515,-1.3861958076758691,-0.4109525692546304,-1.0569323737629843,-0.5094221,-1.1554019279405134,-0.4637052001789322,-1.1096850046872861,-0.5374462444521785,-1.1834260489605324,-0.3776263435548086,-1.0236061480631626
E01026120,E01026120,East Lindsey 016G,East Lindsey,E01026120,1,2018,0.64568265799148,0.226995242868386,0.25656643320761896,67.90277157880118,74.97779743610892,0.0,0.0,0.0,0.226995242868386,-0.41868741512309393,0.483561676076005,-0.16212098191547497,0.04839840867378126,-0.5972842493176986,0.048674982047165,-0.5970076759443149,-0.17701781145852585,-0.8227004694500057,-0.31478722964675165,-0.9604698876382316,-0.027459837879459416,-0.6731424958709393,-0.032344185,-0.6780268428073636,0.022225261467113275,-0.6234573965243667,-0.2785768550072318,-0.9242595129987117,0.11218017911380297,-0.533502478877677
E01026120,E01026120,East Lindsey 016G,East Lindsey,E01026120,1,2019,0.643772029789417,0.64568265799148,0.41868741512309393,67.90277157880118,74.97779743610892,0.0,0.0,0.0,0.64568265799148,0.0019106282020628917,1.0643700731145738,0.4205980433251567,0.05102279659660294,-0.5927492331928141,0.050297221474866344,-0.5934748083145507,-0.17701781145852585,-0.8207898412479429,-0.30649678221446164,-0.9502688120038787,-0.027459837879459416,-0.6712318676688764,-0.032344185,-0.6761162146053007,0.022225261467113275,-0.6215467683223038,-0.274910682060071,-0.918682711849488,0.11202636198275068,-0.5317456678066663
E01026056,E01026056,East Lindsey 017A,East Lindsey,E01026056,1,2018,0.562992305599137,0.304532807046808,0.05135110109401103,27.625809680363055,39.222164724911536,0.0,0.0,0.0,0.304532807046808,-0.258459498552329,0.35588390814081905,-0.207108397458318,0.13938995726258285,-0.4236023483365542,0.18965614859958393,-0.37333615699955314,-0.04093462992845618,-0.6039269355275932,-0.06656108438102577,-0.6295533899801629,0.08333886744520401,-0.479653438153933,0.13979855,-0.4231937538012702,0.12626464429489043,-0.4367276613042466,0.12938950923073797,-0.43360279636839905,0.1793010450209133,-0.3836912605782238
E01026056,E01026056,East Lindsey 017A,East Lindsey,E01026056,1,2019,1.64770974886754,0.562992305599137,0.258459498552329,27.625809680363055,39.222164724911536,0.0,0.0,0.0,0.562992305599137,-1.084717443268403,0.821451804151466,-0.826257944716074,0.13904464306221154,-1.5086651058053286,0.18944269604330746,-1.4582670528242325,-0.04093462992845618,-1.6886443787959962,-0.06656108438102577,-1.7142708332485659,0.08333886744520401,-1.564370881422336,0.13979855,-1.5079111970696732,0.12626464429489043,-1.5214451045726496,0.12938950923073797,-1.518320239636802,0.17932128411710438,-1.4683884647504357
E01026110,E01026110,East Lindsey 017B,East Lindsey,E01026110,1,2018,0.211202857939166,0.160897802972704,-0.005755391979198998,27.791325962926827,38.306988940111495,0.0,0.0,0.0,0.160897802972704,-0.05030505496646198,0.155142410993505,-0.05606044694566098,0.025365084772008592,-0.18583777316715738,0.1360531384071576,-0.07514971953200839,-0.03612733493355373,-0.24733019287271973,-0.09805162532284108,-0.30925448326200705,-0.06823872890205801,-0.279441586841224,-0.03903831,-0.2502411696292581,0.17544516932361282,-0.035757688615553174,-0.13401942324909746,-0.3452222811882635,-0.02938940208785641,-0.2405922600270224
E01026110,E01026110,East Lindsey 017B,East Lindsey,E01026110,1,2019,0.4527282479861,0.211202857939166,0.05030505496646198,27.791325962926827,38.306988940111495,0.0,0.0,0.0,0.211202857939166,-0.24152539004693402,0.26150791290562797,-0.19122033508047204,0.025365084772008592,-0.4273631632140914,0.1360531384071576,-0.3166751095789424,-0.03612733493355373,-0.48885558291965375,-0.09805162532284108,-0.5507798733089411,-0.06823872890205801,-0.520966976888158,-0.03903831,-0.4917665596761921,0.17544516932361282,-0.2772830786624872,-0.13401942324909746,-0.5867476712351974,-0.02938940208785641,-0.4821176500739564
E01026106,E01026106,East Lindsey 001F,East Lindsey,E01026106,1,2018,0.151821298395411,-0.0853150959111519,0.1030919452947741,44.709209796879364,77.45519602014956,0.0,0.0,0.0,-0.0853150959111519,-0.23713639430656291,0.0177768493836222,-0.1340444490117888,-0.5570856528571295,-0.7089069512525406,-0.5642991311144843,-0.7161204295098953,-0.41854834394797197,-0.5703696423433829,-0.528622694719332,-0.680443993114743,-0.3667428873006648,-0.5185641856960758,-0.3551462,-0.506967497860209,-0.3783409767641524,-0.5301622751595634,-0.3606245652399566,-0.5124458636353676,-0.2617394729093322,-0.4135607713047432
E01026106,E01026106,East Lindsey 001F,East Lindsey,E01026106,1,2019,0.440958136717501,0.151821298395411,0.23713639430656291,44.709209796879364,77.45519602014956,0.0,0.0,0.0,0.151821298395411,-0.28913683832209003,0.3889576927019739,-0.052000444015527114,-0.5590194123792086,-0.9999775490967096,-0.5654944654296326,-1.0064526021471336,-0.41854834394797197,-0.859506480665473,-0.5316903830303202,-0.9726485197478212,-0.3667428873006648,-0.8077010240181658,-0.3551462,-0.796104336182299,-0.3834231583599545,-0.8243812950774555,-0.37044839928006157,-0.8114065359975626,-0.2604222939327768,-0.7013804306502778
E01026045,E01026045,East Lindsey 001A,East Lindsey,E01026045,1,2018,0.597637623950441,0.30648670282159,0.432690173158981,62.422162821688396,70.64153620224363,0.0,0.0,0.0,0.30648670282159,-0.29115092112885094,0.739176875980571,0.14153925203013007,0.09446318287446068,-0.5031744410759803,-0.058032414670983676,-0.6556700386214246,0.06294271959993517,-0.5346949043505058,0.026555416910434344,-0.5710822070400066,0.08585635946358681,-0.5117812644868541,0.1001582,-0.49747942428251035,0.01856156385154545,-0.5790760600988956,0.09159277796021502,-0.5060448459902259,0.17226651320221534,-0.42537111074822564
E01026045,E01026045,East Lindsey 001A,East Lindsey,E01026045,1,2019,0.712880983533108,0.597637623950441,0.29115092112885094,62.422162821688396,70.64153620224363,0.0,0.0,0.0,0.597637623950441,-0.11524335958266707,0.8887885450792918,0.1759075615461838,0.09408333725405219,-0.6187976462790559,-0.058267212482887784,-0.7711481960159958,0.06294271959993517,-0.6499382639331729,0.026555416910434344,-0.6863255666226736,0.08585635946358681,-0.6270246240695212,0.1001582,-0.6127227838651774,0.01856156385154545,-0.6943194196815625,0.09159277796021502,-0.621288205572893,0.17228877620802555,-0.5405922073250825
E01026061,E01026061,East Lindsey 001B,East Lindsey,E01026061,1,2018,-0.346710020822459,-0.442295198856583,0.17039618124194494,43.97995867160875,77.33504920419563,0.0,0.0,0.0,-0.442295198856583,-0.09558517803412403,-0.2718990176146381,0.07481100320782091,-0.7777903369984713,-0.43108031617601233,-0.6273791867235273,-0.28066916590106833,-0.630370872625858,-0.283660851803399,-0.6145942458030995,-0.2678842249806405,-0.5391387422483923,-0.1924287214259333,-0.59541005,-0.2487000281391804,-0.4948610153872262,-0.1481509945647672,-0.5923091000812892,-0.24559907925883023,-0.41193443787916806,-0.06522441705670906
E01026061,E01026061,East Lindsey 001B,East Lindsey,E01026061,1,2019,-0.240704581295949,-0.346710020822459,0.09558517803412403,43.97995867160875,77.33504920419563,0.0,0.0,0.0,-0.346710020822459,-0.10600543952651001,-0.25112484278833497,-0.01042026149238598,-0.7777903369984713,-0.5370857557025224,-0.6273791867235273,-0.38667460542757837,-0.630370872625858,-0.38966629132990904,-0.6145942458030995,-0.37388966450715055,-0.5391387422483923,-0.29843416095244335,-0.59541005,-0.35470546766569044,-0.4948610153872262,-0.2541564340912772,-0.5923091000812892,-0.35160451878534027,-0.41193443787916806,-0.17122985658321907
E01026062,E01026062,East Lindsey 001C,East Lindsey,E01026062,1,2018,-0.190676907014147,-0.370702491767314,-0.062138148138974,43.49379128957309,77.27424907186287,0.0,0.0,0.0,-0.370702491767314,-0.18002558475316702,-0.432840639906288,-0.24216373289214102,-0.21225474140196096,-0.021577834387813966,-0.1964676333175399,-0.005790726303392918,-0.2882375306226516,-0.09756062360850462,-0.337487693882077,-0.14681078686793,-0.1758416910706188,0.014835215943528185,-0.16950485,0.021172055911318016,-0.1402625574308509,0.0504143495832961,-0.0919798917908653,0.0986970152232817,-0.11378399879463652,0.07689290821951048
E01026062,E01026062,East Lindsey 001C,East Lindsey,E01026062,1,2019,-0.155899628121253,-0.190676907014147,0.18002558475316702,43.49379128957309,77.27424907186287,0.0,0.0,0.0,-0.190676907014147,-0.034777278892894004,-0.010651322260979978,0.145248305860273,-0.21225474140196096,-0.05635511328070797,-0.1964676333175399,-0.04056800519628692,-0.2882375306226516,-0.13233790250139862,-0.337487693882077,-0.181588065760824,-0.1758416910706188,-0.01994206294936582,-0.16950485,-0.013605222981575987,-0.1402625574308509,0.0156370706904021,-0.0919798917908653,0.0639197363303877,-0.11378399879463652,0.04211562932661647
E01026063,E01026063,East Lindsey 001D,East Lindsey,E01026063,1,2018,-0.0882951537631309,-0.53013373925152,0.22375719021505802,43.6967213057696,77.33916916118102,0.0,0.0,0.0,-0.53013373925152,-0.44183858548838906,-0.30637654903646194,-0.21808139527333104,-0.5263480133054179,-0.438052859542287,-0.5222018003306759,-0.43390664656754496,-0.5560438076868857,-0.46774865392375475,-0.6026428781998829,-0.514347724436752,-0.45214419139171563,-0.3638490376285847,-0.53206736,-0.443772204730674,-0.46417778311382807,-0.37588262935069716,-0.41331333119805924,-0.32501817743492833,-0.38806730665472067,-0.29977215289158976
E01026063,E01026063,East Lindsey 001D,East Lindsey,E01026063,1,2019,-0.0605354105373551,-0.0882951537631309,0.44183858548838906,43.6967213057696,77.33916916118102,0.0,0.0,0.0,-0.0882951537631309,-0.027759743225775804,0.35354343172525815,0.41407884226261327,-0.5263480133054179,-0.4658126027680628,-0.5222018003306759,-0.46166638979332075,-0.5560438076868857,-0.49550839714953054,-0.6026428781998829,-0.5421074676625278,-0.45214419139171563,-0.3916087808543605,-0.53206736,-0.4715319479564498,-0.46417778311382807,-0.40364237257647295,-0.41331333119805924,-0.3527779206607041,-0.38806730665472067,-0.32753189611736555
E01026080,E01026080,East Lindsey 001E,East Lindsey,E01026080,1,2018,-0.164348236250629,-0.378184613446916,-0.134932445137672,46.007621919037426,75.33668727060426,0.0,0.0,0.0,-0.378184613446916,-0.213836377196287,-0.513117058584588,-0.348768822333959,-0.19359984882677278,-0.029251612576143782,-0.3437303664813669,-0.1793821302307379,-0.3643351876175107,-0.19998695136688172,-0.44174520223812136,-0.27739696598749236,-0.3261327463516608,-0.1617845101010318,-0.31952724,-0.15517900235677762,-0.3672917212062039,-0.2029434849555749,-0.26666470397461556,-0.10231646772398656,-0.2585017903720357,-0.09415355412140669
E01026080,E01026080,East Lindsey 001E,East Lindsey,E01026080,1,2019,-0.105309913337105,-0.164348236250629,0.213836377196287,46.007621919037426,75.33668727060426,0.0,0.0,0.0,-0.164348236250629,-0.059038322913524,0.04948814094565801,0.154798054282763,-0.19359984882677278,-0.08828993548966778,-0.3437303664813669,-0.2384204531442619,-0.3643351876175107,-0.2590252742804057,-0.44174520223812136,-0.33643528890101637,-0.3261327463516608,-0.2208228330145558,-0.31952724,-0.21421732527030163,-0.3672917212062039,-0.2619818078690989,-0.26666470397461556,-0.16135479063751057,-0.2585017903720357,-0.1531918770349307
E01026111,E01026111,East Lindsey 017C,East Lindsey,E01026111,1,2018,0.622331828224451,0.131986740664783,-0.09287757535858501,28.657502558755915,59.28091572932896,0.0,0.0,0.0,0.131986740664783,-0.490345087559668,0.039109165306197985,-0.583222662918253,-0.07897900676809214,-0.7013108349925431,0.100890740083488,-0.521441088140963,0.028452820246395116,-0.5938790079780558,0.024086274548163016,-0.598245553676288,-0.02263683629291907,-0.64496866451737,-0.008278195,-0.6306100230393714,-0.018801459117320153,-0.6411332873417711,-0.01895746705799598,-0.6412892952824469,0.02814137241057775,-0.5941904558138732
E01026111,E01026111,East Lindsey 017C,East Lindsey,E01026111,1,2019,0.981212130084061,0.622331828224451,0.490345087559668,28.657502558755915,59.28091572932896,0.0,0.0,0.0,0.622331828224451,-0.35888030185961006,1.112676915784119,0.13146478570005793,-0.07897900676809214,-1.0601911368521533,0.100890740083488,-0.8803213900005731,0.028452820246395116,-0.9527593098376659,0.024086274548163016,-0.957125855535898,-0.02263683629291907,-1.00384896637698,-0.008278195,-0.9894903248989815,-0.018801459117320153,-1.0000135892013813,-0.01895746705799598,-1.000169597142057,0.02814137241057775,-0.9530707576734833
E01026107,E01026107,East Lindsey 001G,East Lindsey,E01026107,1,2018,-0.284089967719746,-0.81333456683598,-0.29825368227693505,47.26343127923894,77.71345016261947,0.0,0.0,0.0,-0.81333456683598,-0.529244599116234,-1.111588249112915,-0.827498281393169,-0.3664439790103943,-0.08235401129064834,-0.44914009903067886,-0.16505013131093288,-0.4214310459348546,-0.1373410782151086,-0.4206800059258417,-0.13659003820609572,-0.387424324075944,-0.10333435635619803,-0.36943844,-0.08534847188787426,-0.3799612392982099,-0.09587127157846392,-0.3474164522217499,-0.0633264845020039,-0.3202219661652904,-0.03613199844554443
E01026107,E01026107,East Lindsey 001G,East Lindsey,E01026107,1,2019,-0.223696013196426,-0.284089967719746,0.529244599116234,47.26343127923894,77.71345016261947,0.0,0.0,0.0,-0.284089967719746,-0.06039395452331997,0.24515463139648802,0.46885064459291403,-0.3717618176961118,-0.14806580449968576,-0.4524272683973368,-0.2287312552009108,-0.42372718491876105,-0.20003117172233503,-0.4206800059258417,-0.1969839927294157,-0.387424324075944,-0.163728310879518,-0.36943844,-0.14574242641119423,-0.3799612392982099,-0.1562652261017839,-0.3474164522217499,-0.12372043902532387,-0.3199102840839476,-0.0962142708875216
E01026058,E01026058,East Lindsey 002A,East Lindsey,E01026058,1,2018,0.472901337300814,0.102734265880256,0.42374086389020305,74.7452388863402,71.88582422070341,0.0,0.0,0.0,0.102734265880256,-0.37016707142055805,0.5264751297704591,0.053573792469645054,-0.39406795749561296,-0.8669692947964269,-0.45202856010730186,-0.9249298974081159,-0.42489416478691233,-0.8977955020877264,-0.46874416118493895,-0.941645498485753,-0.4081609603924601,-0.881062297693274,-0.39245874,-0.8653600741973289,-0.38250778310931416,-0.8554091204101282,-0.28367401609788373,-0.7565753533986977,-0.3441370738961115,-0.8170384111969256
E01026058,E01026058,East Lindsey 002A,East Lindsey,E01026058,1,2019,0.473133167600095,0.472901337300814,0.37016707142055805,74.7452388863402,71.88582422070341,0.0,0.0,0.0,0.472901337300814,-0.00023183029928097731,0.843068408721372,0.369935241121277,-0.39168528951305115,-0.8648184571131461,-0.450555737468994,-0.9236889050690891,-0.42489416478691233,-0.8980273323870074,-0.46874416118493895,-0.9418773287850339,-0.4081609603924601,-0.881294127992555,-0.39245874,-0.8655919044966098,-0.38250778310931416,-0.8556409507094092,-0.3658464947418592,-0.8389796623419542,-0.3442767236598301,-0.817409891259925
E01026112,E01026112,East Lindsey 017D,East Lindsey,E01026112,1,2018,1.48337923681526,0.940867016599844,-0.014710105787067995,26.770914749226005,38.24969922366099,0.0,0.0,0.0,0.940867016599844,-0.5425122202154161,0.926156910812776,-0.5572223260024841,0.8509075907823953,-0.6324716460328648,0.9150587929232402,-0.5683204438920199,0.7930613298902761,-0.690317906924984,0.7662665224128052,-0.7171127144024548,0.7628946077770076,-0.7204846290382525,0.7194394,-0.7639398494937879,0.7210855439385365,-0.7622936928767235,0.7472025934233159,-0.7361766433919442,0.7819238070593998,-0.7014554297558603
E01026112,E01026112,East Lindsey 017D,East Lindsey,E01026112,1,2019,1.56140812396214,1.48337923681526,0.5425122202154161,26.770914749226005,38.24969922366099,0.0,0.0,0.0,1.48337923681526,-0.07802888714687994,2.025891457030676,0.46448333306853606,0.8509075907823953,-0.7105005331797447,0.9150587929232402,-0.6463493310388998,0.7930613298902761,-0.7683467940718639,0.7662665224128052,-0.7951416015493348,0.7628946077770076,-0.7985135161851324,0.7194394,-0.8419687366406678,0.7210855439385365,-0.8403225800236035,0.7472025934233159,-0.8142055305388242,0.7819238070593998,-0.7794843169027402
E01026076,E01026076,East Lindsey 002B,East Lindsey,E01026076,1,2018,0.336155962397688,-0.130940300984175,0.013789406767852008,65.00210973854111,74.40143109525293,0.0,0.0,0.0,-0.130940300984175,-0.46709626338186305,-0.11715089421632299,-0.45330685661401104,-0.3845593114904028,-0.7207152738880909,-0.38882118872279847,-0.7249771511204866,-0.41859754928204573,-0.7547535116797337,-0.40322275905713506,-0.7393787214548231,-0.4338114589696971,-0.769967421367385,-0.42280287,-0.7589588279029065,-0.39799544251277147,-0.7341514049104595,-0.4165486672363834,-0.7527046296340714,-0.3489078271678199,-0.6850637895655078
E01026076,E01026076,East Lindsey 002B,East Lindsey,E01026076,1,2019,0.403589474348764,0.336155962397688,0.46709626338186305,65.00210973854111,74.40143109525293,0.0,0.0,0.0,0.336155962397688,-0.067433511951076,0.8032522257795511,0.3996627514307871,-0.3845593114904028,-0.7881487858391668,-0.38882118872279847,-0.7924106630715625,-0.41859754928204573,-0.8221870236308098,-0.40322275905713506,-0.8068122334058991,-0.4338114589696971,-0.8374009333184611,-0.42280287,-0.8263923398539825,-0.39799544251277147,-0.8015849168615354,-0.4165486672363834,-0.8201381415851474,-0.3489078271678199,-0.7524973015165839
E01026057,E01026057,East Lindsey 018A,East Lindsey,E01026057,1,2018,-0.133123873911852,-0.438465023782113,0.186867619968277,44.27787936616856,55.34374866111514,0.0,0.0,0.0,-0.438465023782113,-0.305341149870261,-0.251597403813836,-0.11847352990198401,-0.173550638032415,-0.04042676412056301,-0.1776846169851446,-0.04456074307329261,-0.613051922750458,-0.47992804883860596,-0.5601356779882803,-0.42701180407642836,-0.5658404007096902,-0.43271652679783823,-0.6440399,-0.5109160550012645,-0.4523790120419452,-0.3192551381300932,-0.6928796806587798,-0.5597558067469278,-0.4892483506441254,-0.35612447673227343
E01026057,E01026057,East Lindsey 018A,East Lindsey,E01026057,1,2019,0.267386911598889,-0.133123873911852,0.305341149870261,44.27787936616856,55.34374866111514,0.0,0.0,0.0,-0.133123873911852,-0.400510785510741,0.17221727595840902,-0.09516963564047998,-0.173550638032415,-0.440937549631304,-0.1776846169851446,-0.4450715285840336,-0.613051922750458,-0.880438834349347,-0.5601356779882803,-0.8275225895871694,-0.5658404007096902,-0.8332273123085792,-0.6440399,-0.9114268405120054,-0.4523790120419452,-0.7197659236408342,-0.6928796806587798,-0.9602665922576687,-0.4892483506441254,-0.7566352622430144
E01026079,E01026079,East Lindsey 002C,East Lindsey,E01026079,1,2018,0.450833970100593,0.0489816653548158,0.2812725381233238,86.57870398712906,80.70680659506604,0.0,0.0,0.0,0.0489816653548158,-0.4018523047457772,0.3302542034781396,-0.1205797666224534,-0.03805610625924914,-0.48889007635984216,-0.08988685027044808,-0.5407208203710411,-0.542882447419445,-0.993716417520038,-0.5526042845681441,-1.0034382546687373,-0.44809041284427986,-0.8989243829448729,-0.55079305,-1.0016270218202585,-0.38118581746584596,-0.832019787566439,-0.44537612384312586,-0.8962100939437189,-0.4040598511931256,-0.8548938212937186
E01026079,E01026079,East Lindsey 002C,East Lindsey,E01026079,1,2019,0.327730472939842,0.450833970100593,0.4018523047457772,86.57870398712906,80.70680659506604,0.0,0.0,0.0,0.450833970100593,0.12310349716075103,0.8526862748463702,0.5249558019065281,-0.03805610625924914,-0.36578657919909113,-0.08988685027044808,-0.41761732321029005,-0.542882447419445,-0.870612920359287,-0.5526042845681441,-0.8803347575079861,-0.44809041284427986,-0.7758208857841218,-0.55079305,-0.8785235246595076,-0.38118581746584596,-0.7089162904056879,-0.44537612384312586,-0.7731065967829678,-0.4040598511931256,-0.7317903241329675
E01026075,E01026075,East Lindsey 018B,East Lindsey,E01026075,1,2018,0.0115664625952276,-0.0667099634072383,0.2865340070295647,49.06683559383498,57.484016354495054,0.0,0.0,0.0,-0.0667099634072383,-0.0782764260024659,0.21982404362232644,0.20825758102709885,-0.20868423936645022,-0.22025070196167781,-0.14264071615880797,-0.15420717875403556,-0.5108513483698283,-0.5224178109650559,-0.48827043353014743,-0.499836896125375,-0.4487575586417714,-0.460324021236999,-0.5005867,-0.5121531511137518,-0.3528980970266761,-0.3644645596219037,-0.5092059648703047,-0.5207724274655323,-0.3998989529759097,-0.4114654155711373
E01026075,E01026075,East Lindsey 018B,East Lindsey,E01026075,1,2019,0.260202998131666,0.0115664625952276,0.0782764260024659,49.06683559383498,57.484016354495054,0.0,0.0,0.0,0.0115664625952276,-0.24863653553643839,0.0898428885976935,-0.17036010953397246,-0.20868423936645022,-0.4688872374981162,-0.14264071615880797,-0.40284371429047394,-0.5108513483698283,-0.7710543465014943,-0.48827043353014743,-0.7484734316618133,-0.4487575586417714,-0.7089605567734374,-0.5005867,-0.7607896866501902,-0.3528980970266761,-0.6131010951583421,-0.5092059648703047,-0.7694089630019707,-0.3998989529759097,-0.6601019511075756
E01026077,E01026077,East Lindsey 003A,East Lindsey,E01026077,1,2018,1.26015525478781,1.28626581151357,0.1272527885474899,60.97512189446001,61.39032468429282,0.0,0.0,0.0,1.28626581151357,0.026110556725759793,1.4135186000610598,0.15336334527324968,0.18286912410137962,-1.0772861306864305,0.002901413833493127,-1.257253840954317,0.9357583284636483,-0.32439692632416184,0.9361155700774585,-0.3240396847103516,0.9441376419162785,-0.31601761287153163,1.1518289,-0.10832636970937992,0.764040687995941,-0.49611456679186905,1.2649450550202082,0.004789800232398056,1.1129776121241977,-0.14717764266361244
E01026077,E01026077,East Lindsey 003A,East Lindsey,E01026077,1,2019,1.9215440263244,1.26015525478781,-0.026110556725759793,60.97512189446001,61.39032468429282,0.0,0.0,0.0,1.26015525478781,-0.6613887715365898,1.2340446980620503,-0.6874993282623496,0.16822780200563772,-1.753316224318762,-0.006148974552630207,-1.92769300087703,0.932105446558294,-0.9894385797661059,0.9339999165590746,-0.9875441097653254,0.9493839474252871,-0.9721600788991128,1.1361964,-0.7853476514312114,0.8137418218369601,-1.1078022044874398,1.2779098775869175,-0.6436341487374824,1.1074340599156518,-0.8141099664087481
E01026098,E01026098,East Lindsey 018C,East Lindsey,E01026098,1,2018,0.265821365709738,-0.171964695440648,0.308038709037173,40.40169157627444,54.64230456295089,0.0,0.0,0.0,-0.171964695440648,-0.437786061150386,0.13607401359652502,-0.129747352113213,-0.2534191161326401,-0.5192404818423781,-0.28389931286174364,-0.5497206785714817,-0.32024936075658933,-0.5860707264663274,-0.4357544345241112,-0.7015758002338492,-0.2467111079081445,-0.5125324736178825,-0.2845338,-0.5503551644043486,-0.18434940275062772,-0.45017076846036574,-0.3125623066007044,-0.5783836723104424,-0.16604327584824535,-0.4318646415579834
E01026098,E01026098,East Lindsey 018C,East Lindsey,E01026098,1,2019,0.98984864821216,0.265821365709738,0.437786061150386,40.40169157627444,54.64230456295089,0.0,0.0,0.0,0.265821365709738,-0.724027282502422,0.703607426860124,-0.286241221352036,-0.2524522363716006,-1.2423008845837606,-0.2833016457041695,-1.2731502939163295,-0.32024936075658933,-1.3100980089687493,-0.4357544345241112,-1.4256030827362713,-0.2467111079081445,-1.2365597561203046,-0.2845338,-1.2743824469067706,-0.18434940275062772,-1.1741980509627878,-0.31483687663456095,-1.3046855248467208,-0.1660999453175804,-1.1559485935297404
E01026078,E01026078,East Lindsey 003B,East Lindsey,E01026078,1,2018,1.97424344542813,1.96466836644967,0.65933712506196,60.97992682004785,61.16152171898565,0.0,0.0,0.0,1.96466836644967,-0.009575078978459883,2.62400549151163,0.6497620460835001,0.579464860364006,-1.3947785850641239,0.4218095670830341,-1.552433878345096,1.1152298244606829,-0.859013620967447,1.0341862674043056,-0.9400571780238243,1.19160740484335,-0.7826360405847799,1.2403185,-0.733924908669707,0.9074828547000509,-1.066760590728079,1.3605412647783814,-0.6137021806497485,1.2761218309604556,-0.6981216144676743
E01026078,E01026078,East Lindsey 003B,East Lindsey,E01026078,1,2019,1.94565160527444,1.97424344542813,0.009575078978459883,60.97992682004785,61.16152171898565,0.0,0.0,0.0,1.97424344542813,0.028591840153689985,1.9838185244065898,0.03816691913214987,0.5801554887647484,-1.3654961165096915,0.422236472195587,-1.5234151330788528,1.1152298244606829,-0.8304217808137571,1.0341862674043056,-0.9114653378701343,1.19160740484335,-0.7540442004310899,1.2403185,-0.7053330685160171,0.8826373723712669,-1.063014232903173,1.3407782950602714,-0.6048733102141686,1.2802001973277775,-0.6654514079466625
E01026102,E01026102,East Lindsey 018D,East Lindsey,E01026102,1,2018,0.324881887392972,0.111015345783067,0.341510877317353,38.96479199592527,48.650053257340296,0.0,0.0,0.0,0.111015345783067,-0.21386654160990504,0.45252622310042,0.127644335707448,-0.12117554217790931,-0.44605742957088135,-0.07812088505548867,-0.4030027724484607,-0.3831414057913003,-0.7080232931842723,-0.3595759091087578,-0.6844577965017298,-0.4257504495307102,-0.7506323369236823,-0.3882505,-0.7131323873567323,-0.32672986544938026,-0.6516117528423523,-0.3760532068695138,-0.7009350942624859,-0.3670796180556921,-0.6919615054486641
E01026102,E01026102,East Lindsey 018D,East Lindsey,E01026102,1,2019,0.740516639982465,0.324881887392972,0.21386654160990504,38.96479199592527,48.650053257340296,0.0,0.0,0.0,0.324881887392972,-0.41563475258949295,0.538748429002877,-0.20176821097958797,-0.12117554217790931,-0.8616921821603742,-0.07812088505548867,-0.8186375250379536,-0.3831414057913003,-1.1236580457737653,-0.3595759091087578,-1.1000925490912228,-0.4257504495307102,-1.166267089513175,-0.3882505,-1.1287671399462254,-0.32672986544938026,-1.0672465054318452,-0.3760532068695138,-1.116569846851979,-0.3670796180556921,-1.107596258038157
E01026087,E01026087,East Lindsey 003C,East Lindsey,E01026087,1,2018,1.58427245685784,1.20119802223505,0.665667190303921,61.683331387577724,61.49224405992962,0.0,0.0,0.0,1.20119802223505,-0.3830744346227899,1.866865212538971,0.2825927556811312,0.33285390120636105,-1.2514185556514787,0.317641007382519,-1.2666314494753208,0.42473612679186074,-1.1595363300659791,0.41666868839592625,-1.1676037684619136,0.5796397740193888,-1.004632682838451,0.54377973,-1.040492726061026,0.5614121894486428,-1.022860267409197,0.6591255572811154,-0.9251468995767245,0.628490272754063,-0.9557821841037769
E01026087,E01026087,East Lindsey 003C,East Lindsey,E01026087,1,2019,1.72943733575681,1.58427245685784,0.3830744346227899,61.683331387577724,61.49224405992962,0.0,0.0,0.0,1.58427245685784,-0.14516487889897012,1.9673468914806298,0.23790955572381978,0.33285390120636105,-1.396583434550449,0.317641007382519,-1.4117963283742911,0.42473612679186074,-1.3047012089649492,0.41666868839592625,-1.3127686473608837,0.5796397740193888,-1.1497975617374212,0.54377973,-1.185657604959996,0.5614121894486428,-1.1680251463081672,0.6591255572811154,-1.0703117784756946,0.628490272754063,-1.1009470630027471
E01026088,E01026088,East Lindsey 003D,East Lindsey,E01026088,1,2018,1.42726666818976,1.19162279718304,0.36294800136846794,60.77842499463874,61.14618435473988,0.0,0.0,0.0,1.19162279718304,-0.2356438710067199,1.554570798551508,0.12730413036174815,-0.023318967013142455,-1.4505856352029023,-0.049450738197119384,-1.4767174063868793,0.33136043334133125,-1.0959062348484285,0.3530157842710404,-1.0742508839187195,0.5346272634787552,-0.8926394047110047,0.585962,-0.8413046706807572,0.25991656049743633,-1.1673501076923236,0.5813146096995739,-0.845952058490186,0.582258203231827,-0.8450084649579329
E01026088,E01026088,East Lindsey 003D,East Lindsey,E01026088,1,2019,1.11725454008547,1.42726666818976,0.2356438710067199,60.77842499463874,61.14618435473988,0.0,0.0,0.0,1.42726666818976,0.3100121281042898,1.6629105391964798,0.5456559991110097,-0.01820831684764762,-1.1354628569331178,-0.04629164036422728,-1.1635461804496974,0.2768090780929904,-0.8404454619924797,0.3394020070877764,-0.7778525329976937,0.2844300649655709,-0.8328244751198992,0.2659794,-0.8512751308676356,0.11519819471746859,-1.0020563453680016,0.4984807592160626,-0.6187737808694075,0.2575575036553758,-0.8596970364300943
E01026090,E01026090,East Lindsey 003E,East Lindsey,E01026090,1,2018,0.998580965731267,1.13536216001312,0.7528319407630301,58.968239629795924,60.67130676525902,0.0,0.0,0.0,1.13536216001312,0.1367811942818531,1.88819410077615,0.889613135044883,0.26863648263463036,-0.7299444830966366,0.2464422111361904,-0.7521387545950766,0.27268748030227197,-0.725893485428995,0.23542559558722184,-0.7631553701440451,0.5097786133832595,-0.4888023523480075,0.4535302,-0.5450507733560839,0.44830519258909884,-0.5502757731421681,0.47857748744835354,-0.5200034782829135,0.4979437465965185,-0.5006372191347485
E01026090,E01026090,East Lindsey 003E,East Lindsey,E01026090,1,2019,1.01301972962045,0.998580965731267,-0.1367811942818531,58.968239629795924,60.67130676525902,0.0,0.0,0.0,0.998580965731267,-0.01443876388918297,0.8617997714494139,-0.15121995817103606,0.26863648263463036,-0.7443832469858196,0.2464422111361904,-0.7665775184842596,0.27268748030227197,-0.740332249318178,0.23542559558722184,-0.7775941340332281,0.5097786133832595,-0.5032411162371905,0.4535302,-0.5594895372452668,0.44830519258909884,-0.5647145370313511,0.47857748744835354,-0.5344422421720965,0.4979437465965185,-0.5150759830239314
E01026091,E01026091,East Lindsey 003F,East Lindsey,E01026091,1,2018,0.721651396459262,0.0539408029051421,-0.05211772010882689,60.64413527175974,62.02370527597293,0.0,0.0,0.0,0.0539408029051421,-0.6677105935541199,0.0018230827963152119,-0.7198283136629469,-0.11458944358609693,-0.8362408400453589,-0.17077633252870572,-0.8924277289879677,-0.13701308279335503,-0.858664479252617,-0.20209491033837912,-0.9237463067976411,0.0342225827248732,-0.6874288137343888,0.013181345,-0.7084700518532797,-0.09279444429805503,-0.8144458407573171,0.026159633582947907,-0.6954917628763141,0.1406922039717568,-0.5809591924875053
E01026091,E01026091,East Lindsey 003F,East Lindsey,E01026091,1,2019,1.01520643466565,0.721651396459262,0.6677105935541199,60.64413527175974,62.02370527597293,0.0,0.0,0.0,0.721651396459262,-0.29355503820638795,1.389361990013382,0.37415555534773204,-0.1139333466053915,-1.1291397812710415,-0.17037077267178038,-1.1855772073374304,-0.13701308279335503,-1.152219517459005,-0.19991832069852242,-1.2151247553641724,0.0342225827248732,-0.9809838519407768,0.013181345,-1.0020250900596677,-0.08520150180626168,-1.1004079364719117,0.026159633582947907,-0.989046801082702,0.1387244571834673,-0.8764819774821827
E01026108,E01026108,East Lindsey 003G,East Lindsey,E01026108,1,2018,1.32578682825956,0.762252782835003,-0.18066402560945405,61.138827137990994,61.26200276980408,0.0,0.0,0.0,0.762252782835003,-0.563534045424557,0.5815887572255489,-0.744198071034011,0.5483198446457318,-0.7774669836138282,0.5858040993318846,-0.7399827289276754,0.7842529827935377,-0.5415338454660222,0.7201757082751938,-0.6056111199843661,0.8625827308911335,-0.4632040973684265,0.9121292,-0.41365760491284975,0.8878742794978682,-0.4379125487616917,0.8594922519730305,-0.4662945762865295,0.9865984353603595,-0.33918839289920044
E01026108,E01026108,East Lindsey 003G,East Lindsey,E01026108,1,2019,1.302343761072,1.32578682825956,0.563534045424557,61.138827137990994,61.26200276980408,0.0,0.0,0.0,1.32578682825956,0.023443067187560063,1.889320873684117,0.586977112612117,0.5426566917596429,-0.759687069312357,0.58230347740895,-0.7200402836630498,0.7891750766343671,-0.5131686844376327,0.7201757082751938,-0.5821680527968061,0.8625827308911335,-0.43976103018086643,0.94140625,-0.3609375110719999,0.8904514196671378,-0.4118923414048621,0.9448170467742253,-0.3575267142977746,0.9934428574634125,-0.30890090360858735
E01026081,E01026081,East Lindsey 004A,East Lindsey,E01026081,1,2018,1.06052961423394,0.868891432352517,0.23095234088786998,60.16778262386134,60.97630677001612,0.0,0.0,0.0,0.868891432352517,-0.191638181881423,1.099843773240387,0.03931415900644697,0.35351079072929253,-0.7070188235046475,0.3209008646686742,-0.7396287495652658,0.4584326076157422,-0.6020970066181978,0.5647040112729399,-0.4958256029610001,0.6707631474853165,-0.3897664667486235,0.60338247,-0.4571471460103682,0.4930260363745136,-0.5675035778594264,0.6956596233717659,-0.3648699908621741,0.7039419112083242,-0.3565877030256158
E01026081,E01026081,East Lindsey 004A,East Lindsey,E01026081,1,2019,1.03095765196761,1.06052961423394,0.191638181881423,60.16778262386134,60.97630677001612,0.0,0.0,0.0,1.06052961423394,0.029571962266329965,1.252167796115363,0.22121014414775297,0.35181875114747324,-0.6791389008201367,0.3198549471429194,-0.7111027048246906,0.4629034221313443,-0.5680542298362657,0.5647040112729399,-0.4662536406946701,0.7110489075648808,-0.3199087444027292,0.6859444,-0.34501327359160294,0.5433370183430621,-0.4876206336245479,0.7376916007929886,-0.29326605117462146,0.7398065475786603,-0.29115110438894976
E01026089,E01026089,East Lindsey 004C,East Lindsey,E01026089,1,2018,0.641441872830374,0.417655907106922,0.275590669303357,59.614635077572665,60.93824378242733,0.0,0.0,0.0,0.417655907106922,-0.223785965723452,0.6932465764102791,0.051804703579905076,-0.009983562652785022,-0.651425435483159,-0.02279088952333895,-0.664232762353713,-0.032466466295925256,-0.6739083391262992,0.0119191677251622,-0.6295227051052118,0.04698270183913481,-0.5944591709912392,0.10971753,-0.531724339838011,0.040431804687063574,-0.6010100681433105,0.18212889079210678,-0.4593129820382672,0.06969195448022264,-0.5717499183501513
E01026089,E01026089,East Lindsey 004C,East Lindsey,E01026089,1,2019,0.898256631132102,0.641441872830374,0.223785965723452,59.614635077572665,60.93824378242733,0.0,0.0,0.0,0.641441872830374,-0.25681475830172795,0.865227838553826,-0.033028792578275956,-0.012677013415680949,-0.9109336445477829,-0.024455819462295608,-0.9227124505943975,0.036152863312346045,-0.862103767819756,0.02384895461131442,-0.8744076765207875,0.36656903060094354,-0.5316876005311584,0.27190134,-0.6263552918395757,0.1629103368141911,-0.7353462943179109,0.21415053767613976,-0.6841060934559622,0.3603517062690166,-0.5379049248630854
E01032986,E01032986,East Lindsey 004D,East Lindsey,E01032986,1,2018,1.34065187308287,0.431905841428538,-0.806579564193842,61.61489607595323,61.2880047396133,0.0,0.0,0.0,0.431905841428538,-0.9087460316543321,-0.37467372276530403,-1.7153255958481741,0.4077991390925886,-0.9328527339902815,0.3841810203332424,-0.9564708527496276,0.8970435826000056,-0.44360829048286443,0.910449412692002,-0.43020246039086807,0.8995946998791104,-0.4410571732037596,1.0126052,-0.32804668280577043,0.8333027024930219,-0.5073491705898482,1.2981725043903143,-0.04247936869255575,1.0767033804057435,-0.2639484926771265
E01032986,E01032986,East Lindsey 004D,East Lindsey,E01032986,1,2019,1.68129600268945,1.34065187308287,0.9087460316543321,61.61489607595323,61.2880047396133,0.0,0.0,0.0,1.34065187308287,-0.34064412960657986,2.249397904737202,0.5681019020477522,0.4110450925760786,-1.2702509101133712,0.38618747436224143,-1.2951085283272086,0.8970435826000056,-0.7842524200894443,0.910449412692002,-0.7708465899974479,0.8995946998791104,-0.7817013028103394,1.0126052,-0.6686908124123503,0.8509877482518514,-0.8303082544375985,1.3451998691676925,-0.3360961335217574,1.0708246801883456,-0.6104713225011043
E01032987,E01032987,East Lindsey 004E,East Lindsey,E01032987,1,2018,1.08228404886998,0.307438625019508,-0.08566749834386395,61.619841552513854,61.212741233614956,0.0,0.0,0.0,0.307438625019508,-0.7748454238504721,0.22177112667564408,-0.860512922194336,0.22725053736867318,-0.8550335115013069,0.12599591374976743,-0.9562881351202126,0.17941932456615953,-0.9028647243038206,0.16426918157265774,-0.9180148672973223,0.33042066978615625,-0.7518633790838238,0.3490619,-0.733222142532242,0.32069809869610894,-0.7615859501738711,0.35213786348070686,-0.7301461853892732,0.30798241985929997,-0.7743016290106801
E01032987,E01032987,East Lindsey 004E,East Lindsey,E01032987,1,2019,0.925414017013059,1.08228404886998,0.7748454238504721,61.619841552513854,61.212741233614956,0.0,0.0,0.0,1.08228404886998,0.15687003185692106,1.8571294727204521,0.9317154557073931,0.24890173773195196,-0.6765122792811071,0.13937938902830357,-0.7860346279847554,0.18897767442090305,-0.736436342592156,0.16430462965097892,-0.7611093873620801,0.3795883264124016,-0.5458256906006574,0.33875865,-0.586655369571195,0.26430001242108053,-0.6611140045919786,0.3045285572959791,-0.6208854597170799,0.3316968243525895,-0.5937171926604695
E01026072,E01026072,East Lindsey 005A,East Lindsey,E01026072,1,2018,1.97991178102968,1.86676327975539,0.58862537686781,65.25079630859663,72.85109685295109,0.0,0.0,0.0,1.86676327975539,-0.1131485012742901,2.4553886566232,0.4754768755935199,1.2731721530786633,-0.7067396279510167,1.0099143257890741,-0.9699974552406059,1.0914067413054664,-0.8885050397242136,1.0923391905321633,-0.8875725904975167,1.0769387219677826,-0.9029730590618974,1.13594,-0.8439718253183153,0.9478995114493576,-1.0320122695803224,1.2323575146179782,-0.7475542664117019,1.0962290655574118,-0.8836827154722682
E01026072,E01026072,East Lindsey 005A,East Lindsey,E01026072,1,2019,2.45159437878429,1.97991178102968,0.1131485012742901,65.25079630859663,72.85109685295109,0.0,0.0,0.0,1.97991178102968,-0.4716825977546102,2.09306028230397,-0.3585340964803203,1.2725160560979578,-1.1790783226863324,1.0095087659321489,-1.4420856128521413,1.0914067413054664,-1.3601876374788238,1.0923391905321633,-1.3592551882521269,1.1015278895654372,-1.350066489218853,1.13594,-1.3156544230729255,0.9546751736026877,-1.4969192051816025,1.2518882623891454,-1.1997061163951448,1.1195723600202419,-1.3320220187640484
E01026073,E01026073,East Lindsey 005B,East Lindsey,E01026073,1,2018,1.83445181543284,1.20431602857876,0.10152600760900987,65.12538967773786,72.77789214909224,0.0,0.0,0.0,1.20431602857876,-0.63013578685408,1.3058420361877698,-0.5286097792450701,1.5437093445908092,-0.29074247084203075,1.382677044566018,-0.45177477086682205,1.100420317063407,-0.7340314983694329,0.999781175346404,-0.834670640086436,1.071274919847317,-0.7631768955855229,1.0845059,-0.7499458997910553,1.0474040065796368,-0.7870478088532031,1.2023538709929413,-0.6320979444398986,1.1020782271993048,-0.7323735882335352
E01026073,E01026073,East Lindsey 005B,East Lindsey,E01026073,1,2019,2.23020997114621,1.83445181543284,0.63013578685408,65.12538967773786,72.77789214909224,0.0,0.0,0.0,1.83445181543284,-0.39575815571337003,2.4645876022869198,0.23437763114070975,1.5443309101514775,-0.6858790609947325,1.3830612591673157,-0.8471487119788943,1.101802704609508,-1.128407266536702,1.0024497622371011,-1.2277602089091089,1.071274919847317,-1.158935051298893,1.0845059,-1.1457040555044253,1.048114207253207,-1.182095763893003,1.2023538709929413,-1.0278561001532687,1.10193825113506,-1.12827172001115
E01026074,E01026074,East Lindsey 005C,East Lindsey,E01026074,1,2018,1.68314634472317,1.50012334915092,0.653118389500655,65.23999530956056,72.87159786315672,0.0,0.0,0.0,1.50012334915092,-0.18302299557225,2.153241738651575,0.47009539392840494,1.2226166207279376,-0.4605297239952324,1.0235891007452533,-0.6595572439779167,1.0184873306448203,-0.6646590140783497,0.9278383055379674,-0.7553080391852026,0.9488110115450821,-0.734335333178088,0.89447594,-0.7886704078335216,0.9957509509727558,-0.6873953937504143,1.0403209975245626,-0.6428253471986074,0.9289590935922786,-0.7541872511308915
E01026074,E01026074,East Lindsey 005C,East Lindsey,E01026074,1,2019,1.61705198513451,1.68314634472317,0.18302299557225,65.23999530956056,72.87159786315672,0.0,0.0,0.0,1.68314634472317,0.06609435958866006,1.86616934029542,0.24911735516091005,1.2232036548685687,-0.39384833026594124,1.0239519700909234,-0.5931000150435866,1.0184873306448203,-0.5985646544896897,0.9278383055379674,-0.6892136795965426,0.9488110115450821,-0.6682409735894279,0.89447594,-0.7225760482448615,0.9957509509727558,-0.6213010341617542,1.0392377331009994,-0.5778142520335106,0.9289246871287536,-0.6881272980057563
E01026099,E01026099,East Lindsey 005D,East Lindsey,E01026099,1,2018,0.405203165545713,0.284406110596059,0.514654126026406,78.36038044406084,76.4374082143985,0.0,0.0,0.0,0.284406110596059,-0.12079705494965398,0.7990602366224651,0.39385707107675205,0.48320647172595005,0.07800330618023704,0.2840182676061761,-0.1211848979395369,-0.3237181482009367,-0.7289213137466497,-0.31193878270054326,-0.7171419482462562,-0.2568435852688215,-0.6620467508145345,-0.24654578,-0.6517489422705284,-0.11168604107056565,-0.5168892066162787,-0.28303605488529926,-0.6882392204310123,-0.2652098811512842,-0.6704130466969972
E01026099,E01026099,East Lindsey 005D,East Lindsey,E01026099,1,2019,0.698281480807877,0.405203165545713,0.12079705494965398,78.36038044406084,76.4374082143985,0.0,0.0,0.0,0.405203165545713,-0.293078315262164,0.526000220495367,-0.17228126031251,0.48286115752557873,-0.21542032328229826,0.28380481504989963,-0.41447666575797737,-0.3237181482009367,-1.0219996290088136,-0.31193878270054326,-1.0102202635084203,-0.2568435852688215,-0.9551250660766986,-0.24654578,-0.9448272575326924,-0.11168604107056565,-0.8099675218784427,-0.28303605488529926,-0.9813175356931763,-0.2651896420550931,-0.9634711228629701
E01026103,E01026103,East Lindsey 006A,East Lindsey,E01026103,1,2018,1.88989357544754,1.41050160713778,0.554206801478877,64.96462323285272,72.73865268590114,0.0,0.0,0.0,1.41050160713778,-0.47939196830976005,1.964708408616657,0.07481483316911697,0.783579460790389,-1.1063141146571511,0.6966718045963549,-1.1932217708511852,0.9017209086228233,-0.9881726668247168,0.8737937554091549,-1.0160998200383853,0.8401868936767258,-1.0497066817708143,0.8781004,-1.0117931802449034,0.7748449859660587,-1.1150485894814814,1.01174404522207,-0.87814953022547,0.9410929625812313,-0.9488006128663088
E01026103,E01026103,East Lindsey 006A,East Lindsey,E01026103,1,2019,1.77963007798479,1.88989357544754,0.47939196830976005,64.96462323285272,72.73865268590114,0.0,0.0,0.0,1.88989357544754,0.1102634974627501,2.3692855437573,0.5896554657725102,0.7813694499080128,-0.9982606280767772,0.6953057082361854,-1.0843243697486047,0.9017209086228233,-0.8779091693619667,0.8737937554091549,-0.9058363225756351,0.8401868936767258,-0.9394431843080642,0.8781004,-0.9015296827821533,0.76074574083107,-1.01888433715372,0.9861375666780487,-0.7934925113067413,0.9440817761161527,-0.8355483018686373
E01026104,E01026104,East Lindsey 006B,East Lindsey,E01026104,1,2018,0.746999424272734,0.866334953117859,0.426393834427163,65.14977333567091,72.80697517464189,0.0,0.0,0.0,0.866334953117859,0.119335528845125,1.292728787545022,0.5457293632722879,0.45493909391249626,-0.29206033036023776,0.4931112729129693,-0.2538881513597647,0.35119531833917167,-0.39580410593356236,0.3444089253030918,-0.4025904989696422,0.4865095852780268,-0.26048983899470723,0.43314323,-0.3138561959802688,0.36958307059978407,-0.37741635367294996,0.4456584508802821,-0.3013409733924519,0.5515745725155539,-0.19542485175718016
E01026104,E01026104,East Lindsey 006B,East Lindsey,E01026104,1,2019,0.962651004089791,0.746999424272734,-0.119335528845125,65.14977333567091,72.80697517464189,0.0,0.0,0.0,0.746999424272734,-0.21565157981705696,0.627663895427609,-0.33498710866218195,0.45518081385275627,-0.5074701902370347,0.4932606897023629,-0.46939031438742806,0.35119531833917167,-0.6114556857506193,0.3444089253030918,-0.6182420787866991,0.4865095852780268,-0.4761414188117642,0.43314323,-0.5295077757973258,0.36323785760179184,-0.5994131464879991,0.4282485764057641,-0.5344024276840269,0.5515604051482201,-0.41109059894157085
E01026109,E01026109,East Lindsey 006C,East Lindsey,E01026109,1,2018,1.41739008618265,1.02406335690431,0.39939807856617404,65.41161479887556,72.94740051634182,0.0,0.0,0.0,1.02406335690431,-0.39332672927834,1.4234614354704842,0.006071349287834149,0.9786302735360866,-0.4387598126465635,0.9154200416480628,-0.5019700445345873,0.8854072192909267,-0.5319828668917234,0.7181233375460878,-0.6992667486365622,0.8348783572891675,-0.5825117288934826,0.6985394,-0.7188507099238,0.9015325007458543,-0.5158575854367957,0.8802071168277762,-0.5371829693548739,0.7795173040483422,-0.6378727821343079
E01026109,E01026109,East Lindsey 006C,East Lindsey,E01026109,1,2019,1.24295014137977,1.41739008618265,0.39332672927834,65.41161479887556,72.94740051634182,0.0,0.0,0.0,1.41739008618265,0.17443994480288016,1.81071681546099,0.5677666740812202,0.9788719934763463,-0.26407814790342354,0.9155694584374564,-0.3273806829423135,0.8854072192909267,-0.3575429220888432,0.7181233375460878,-0.5248268038336821,0.8348783572891675,-0.4080717840906024,0.6985394,-0.5444107651209198,0.9015325007458543,-0.34141764063391555,0.8802071168277762,-0.3627430245519937,0.7795031366810085,-0.46344700469876143
E01026071,E01026071,East Lindsey 007A,East Lindsey,E01026071,1,2018,0.229123644799247,0.112995435496994,0.263055591847452,67.25565854646602,71.05629113843203,0.0,0.0,0.0,0.112995435496994,-0.11612820930225298,0.37605102734444595,0.14692738254519896,-0.32852720223559584,-0.5576508470348428,-0.2944038319492257,-0.5235274767484727,-0.35608922935756365,-0.5852128741568107,-0.3705126548574982,-0.5996362996567451,-0.3766674216768501,-0.605791066476097,-0.36365193,-0.5927755760851051,-0.37920761476701237,-0.6083312595662593,-0.3172004504688658,-0.5463240952681128,-0.3117640542542197,-0.5408876990534667
E01026071,E01026071,East Lindsey 007A,East Lindsey,E01026071,1,2019,0.0672087435477403,0.229123644799247,0.11612820930225298,67.25565854646602,71.05629113843203,0.0,0.0,0.0,0.229123644799247,0.1619149012515067,0.34525185410149994,0.27804311055375963,-0.32852720223559584,-0.39573594578333615,-0.2944038319492257,-0.361612575496966,-0.35608922935756365,-0.42329797290530397,-0.3705126548574982,-0.4377213984052385,-0.3766674216768501,-0.4438761652245904,-0.36365193,-0.43086067483359847,-0.37920761476701237,-0.4464163583147527,-0.3172004504688658,-0.3844091940166061,-0.3117640542542197,-0.37897279780196
E01026082,E01026082,East Lindsey 007B,East Lindsey,E01026082,1,2018,-0.0676195651292171,0.111056717350039,0.430345015486575,74.01822008524364,81.6758362952652,0.0,0.0,0.0,0.111056717350039,0.1786762824792561,0.541401732836614,0.609021297965831,-0.025661714908815275,0.04195785022040183,-0.12097695185571239,-0.05335738672649529,-0.3047044792413073,-0.23708491411209018,-0.2979132792436276,-0.2302937141144105,-0.23359060946559085,-0.16597104433637375,-0.28117874,-0.21355917751795392,-0.20183243214099367,-0.13421286701177657,-0.2046713106639222,-0.1370517455347051,-0.23785891561954234,-0.17023935049032524
E01026082,E01026082,East Lindsey 007B,East Lindsey,E01026082,1,2019,0.377327348156897,-0.0676195651292171,-0.1786762824792561,74.01822008524364,81.6758362952652,0.0,0.0,0.0,-0.0676195651292171,-0.44494691328611413,-0.2462958476084732,-0.6236231957653702,-0.024902023667998513,-0.4022293718248955,-0.12050735623190412,-0.4978347043888011,-0.3003126911969185,-0.6776400393538156,-0.2979132792436276,-0.6752406274005246,-0.23359060946559085,-0.6109179576224879,-0.28117874,-0.6585060908040681,-0.20183243214099367,-0.5791597802978907,0.17088076105670486,-0.20644658710019215,-0.2379034416311627,-0.6152307897880597
E01026121,E01026121,East Lindsey 007C,East Lindsey,E01026121,1,2018,0.262824871680707,-0.238805464154376,0.443699527726265,74.24892762067678,82.34122445994475,0.0,0.0,0.0,-0.238805464154376,-0.501630335835083,0.20489406357188897,-0.05793080810881804,-0.21711969206243226,-0.47994456374313926,-0.13500620828221027,-0.3978310799629173,-0.6446311531791067,-0.9074560248598137,-0.5717752334768055,-0.8346001051575125,-0.580838925475392,-0.843663797156099,-0.62679124,-0.889616110465497,-0.4595372983654856,-0.7223621700461926,-0.647181051324494,-0.910005923005201,-0.5822013800291824,-0.8450262517098894
E01026121,E01026121,East Lindsey 007C,East Lindsey,E01026121,1,2019,0.0299443804646725,0.262824871680707,0.501630335835083,74.24892762067678,82.34122445994475,0.0,0.0,0.0,0.262824871680707,0.2328804912160345,0.76445520751579,0.7345108270511175,-0.21711969206243226,-0.24706407252710477,-0.13500620828221027,-0.1649505887468828,-0.6446311531791067,-0.6745755336437792,-0.5717752334768055,-0.601719613941478,-0.580838925475392,-0.6107833059400645,-0.62679124,-0.6567356192494626,-0.4595372983654856,-0.48948167883015814,-0.647181051324494,-0.6771254317891665,-0.5822013800291824,-0.6121457604938549
E01026042,E01026042,East Lindsey 008A,East Lindsey,E01026042,1,2018,1.05439058256852,0.460028801518695,0.14041977955040602,65.57017103985186,71.88917138893447,0.0,0.0,0.0,0.460028801518695,-0.594361781049825,0.600448581069101,-0.453942001499419,0.14459556275819652,-0.9097950198103235,0.15525123805022403,-0.899139344518296,0.1475997962505519,-0.9067907863179682,0.08657336931023582,-0.9678172132582842,0.23179885971263614,-0.8225917228558839,0.22318384,-0.8312067420552907,0.29054957701479445,-0.7638410055537256,0.18643628234167814,-0.867954300226842,0.3105127643484792,-0.7438778182200408
E01026042,E01026042,East Lindsey 008A,East Lindsey,E01026042,1,2019,0.729502046136481,1.05439058256852,0.594361781049825,65.57017103985186,71.88917138893447,0.0,0.0,0.0,1.05439058256852,0.3248885364320391,1.648752363618345,0.919250317481864,0.14242008329585748,-0.5870819628406234,0.1539064869456821,-0.5755955591907989,0.1475997962505519,-0.5819022498859291,0.08657336931023582,-0.6429286768262451,0.23179885971263614,-0.4977031864238448,0.22318384,-0.5063182056232516,0.29054957701479445,-0.4389524691216865,0.1683570092215453,-0.5611450369149357,0.3144326992199964,-0.41506934691648456
E01026043,E01026043,East Lindsey 008B,East Lindsey,E01026043,1,2018,0.415296932147045,0.0410611212136491,-0.1592508360975319,65.52036376349253,71.84512814621891,0.0,0.0,0.0,0.0410611212136491,-0.3742358109333959,-0.1181897148838828,-0.5334866470309279,-0.08656582956931819,-0.5018627617163631,0.03508354882751151,-0.38021338331953347,-0.03627975463341279,-0.4515766867804578,-0.10474616235351447,-0.5200430945005594,0.1630803001239703,-0.2522166320230747,0.13443539,-0.28086154668142305,0.16655051322000672,-0.24874641892703828,-0.03236768631912479,-0.4476646184661698,0.2032489360168952,-0.2120479961301498
E01026043,E01026043,East Lindsey 008B,East Lindsey,E01026043,1,2019,0.735383818001782,0.415296932147045,0.3742358109333959,65.52036376349253,71.84512814621891,0.0,0.0,0.0,0.415296932147045,-0.320086885854737,0.7895327430804409,0.05414892507865887,-0.08701473802980085,-0.8223985560315829,0.034806060504352074,-0.7005777574974299,-0.03627975463341279,-0.7716635726351948,-0.10474616235351447,-0.8401299803552964,0.1630803001239703,-0.5723035178778118,0.14025931,-0.5951245073986402,0.16655051322000672,-0.5688333047817753,0.04379787839367805,-0.6915859396081039,0.20327524684194362,-0.5321085711598383
E01026044,E01026044,East Lindsey 008C,East Lindsey,E01026044,1,2018,0.108074343103048,0.269429895828719,0.355113608116964,65.04334775885008,71.73287582745269,0.0,0.0,0.0,0.269429895828719,0.161355552725671,0.624543503945683,0.5164691608426351,0.03805998669569166,-0.07001435640735634,0.04018257894830034,-0.06789176415474767,-0.16534295906258795,-0.273417302165636,-0.19368389453724208,-0.3017582376402901,-0.09003279896836588,-0.1981071420714139,-0.10281198,-0.21088632037031332,-0.09408025758935679,-0.2021546006924048,-0.08274572193085858,-0.19082006503390658,-0.052947760862015705,-0.16102210396506372
E01026044,E01026044,East Lindsey 008C,East Lindsey,E01026044,1,2019,0.541764019159603,0.108074343103048,-0.161355552725671,65.04334775885008,71.73287582745269,0.0,0.0,0.0,0.108074343103048,-0.43368967605655506,-0.053281209622623005,-0.5950452287822261,0.03750748397509762,-0.5042565351845054,0.03984105485825794,-0.5019229643013451,-0.16534295906258795,-0.707106978222191,-0.19368389453724208,-0.7354479136968451,-0.09003279896836588,-0.631796818127969,-0.10281198,-0.6445759964268684,-0.09408025758935679,-0.6358442767489598,-0.07381257872529862,-0.6155765978849017,-0.05291537830810995,-0.594679397467713
E01026113,E01026113,East Lindsey 008D,East Lindsey,E01026113,1,2018,0.372070197439802,0.209716866798502,0.235531587858626,46.12063194645252,56.64063644641003,0.0,0.0,0.0,0.209716866798502,-0.16235333064130003,0.445248454657128,0.07317825721732596,0.2980657283502279,-0.07400446908957414,0.25129431405173175,-0.12077588338807027,-0.16402293195034365,-0.5360931293901456,-0.14767208423638006,-0.5197422816761821,-0.01051106306447694,-0.382581260504279,-0.030690115,-0.4027603123849753,0.051865452456605565,-0.32020474498319645,0.018332560951366737,-0.35373763648843526,0.01505050264611267,-0.35701969479368934
E01026113,E01026113,East Lindsey 008D,East Lindsey,E01026113,1,2019,0.675018640656526,0.372070197439802,0.16235333064130003,46.12063194645252,56.64063644641003,0.0,0.0,0.0,0.372070197439802,-0.30294844321672393,0.534423528081102,-0.1405951125754239,0.29678806580885414,-0.3782305748476718,0.2505045395935087,-0.42451410106301724,-0.16402293195034365,-0.8390415726068696,-0.14767208423638006,-0.8226907248929061,-0.01051106306447694,-0.6855297037210029,-0.030690115,-0.7057087556016992,0.051865452456605565,-0.6231531881999204,0.018332560951366737,-0.6566860797051592,0.015125387302019712,-0.6598932533545062
E01026117,E01026117,East Lindsey 008E,East Lindsey,E01026117,1,2018,0.469460580563456,0.419511701172658,0.3472661975116304,65.77412451001005,70.13929837404126,0.0,0.0,0.0,0.419511701172658,-0.04994887939079801,0.7667778986842884,0.29731731812083234,0.13549874778973767,-0.3339618327737184,0.05091367742739841,-0.4185469031360576,-0.09286892611848208,-0.562329506681938,-0.107208277331849,-0.576668857895305,-0.0011690278022268544,-0.47062960836568285,-0.008420635,-0.47788121557822844,-0.0017854542262165096,-0.47124603478967253,-0.023816425241353346,-0.4932770058048094,0.04836448698497425,-0.42109609357848177
E01026117,E01026117,East Lindsey 008E,East Lindsey,E01026117,1,2019,0.858235475570528,0.469460580563456,0.04994887939079801,65.77412451001005,70.13929837404126,0.0,0.0,0.0,0.469460580563456,-0.388774895007072,0.519409459954254,-0.338826015616274,0.13366858252777,-0.724566893042758,0.04978237887913309,-0.808453096691395,-0.09286892611848208,-0.9511044016890101,-0.107208277331849,-0.965443752902377,-0.0011690278022268544,-0.8594045033727549,-0.008420635,-0.8666561105853005,-0.0017854542262165096,-0.8600209297967445,-0.023816425241353346,-0.8820519008118813,0.04847175419478704,-0.809763721375741
E01026060,E01026060,East Lindsey 009A,East Lindsey,E01026060,1,2018,0.421452640309504,0.598230336507625,0.6724301065567976,42.027324666902054,51.17444895470006,0.0,0.0,0.0,0.598230336507625,0.176777696198121,1.2706604430644226,0.8492078027549186,0.010899256124240808,-0.4105533841852632,-0.11876329419533437,-0.5402159345048384,-0.23656157731572114,-0.6580142176252252,-0.2245460558699957,-0.6459986961794997,-0.21933202264417623,-0.6407846629536802,-0.22150697,-0.6429596084501061,-0.24310748713136082,-0.6645601274408648,-0.1661451302546848,-0.5875977705641888,-0.15217121090273555,-0.5736238512122396
E01026060,E01026060,East Lindsey 009A,East Lindsey,E01026060,1,2019,1.07017882540012,0.421452640309504,-0.176777696198121,42.027324666902054,51.17444895470006,0.0,0.0,0.0,0.421452640309504,-0.6487261850906161,0.24467494411138302,-0.8255038812887371,0.010899256124240808,-1.0592795692758794,-0.11876329419533437,-1.1889421195954544,-0.23656157731572114,-1.3067404027158411,-0.2245460558699957,-1.2947248812701158,-0.21933202264417623,-1.2895108480442963,-0.22150697,-1.2916857935407222,-0.24310748713136082,-1.3132863125314809,-0.1661451302546848,-1.236323955654805,-0.15217121090273555,-1.2223500363028557
E01026068,E01026068,East Lindsey 009B,East Lindsey,E01026068,1,2018,0.086597532960985,0.0795915726689615,0.0956509621045438,48.864941360299085,57.085901718547994,0.0,0.0,0.0,0.0795915726689615,-0.007005960292023508,0.1752425347735053,0.08864500181252029,0.035422739096158756,-0.05117479386482625,-0.057346149565561985,-0.143943682526547,-0.12320096366168802,-0.20979849662267303,-0.11121685060518575,-0.19781438356617076,-0.021030048033999247,-0.10762758099498425,-0.046344917,-0.13294245022854595,-0.03659209088058527,-0.12318962384157028,-0.17891482045396292,-0.26551235341494794,0.046810251161606586,-0.03978728179937842
E01026068,E01026068,East Lindsey 009B,East Lindsey,E01026068,1,2019,0.563492894861909,0.086597532960985,0.007005960292023508,48.864941360299085,57.085901718547994,0.0,0.0,0.0,0.086597532960985,-0.476895361900924,0.09360349325300851,-0.46988940160890047,0.034973830635676134,-0.5285190642262328,-0.05762363788872142,-0.6211165327506304,-0.12320096366168802,-0.686693858523597,-0.11121685060518575,-0.6747097454670947,-0.021030048033999247,-0.5845229428959082,-0.046344917,-0.60983781212947,-0.03659209088058527,-0.6000849857424942,-0.17891482045396292,-0.7424077153158719,0.046836561986655006,-0.516656332875254
E01026070,E01026070,East Lindsey 009C,East Lindsey,E01026070,1,2018,0.408416202389024,0.0255623305159565,0.030094795178984703,61.26093725617936,62.376636447448824,0.0,0.0,0.0,0.0255623305159565,-0.38285387187306746,0.055657125694941204,-0.3527590766940828,-0.011724998327129837,-0.4201412007161538,-0.19937836979558232,-0.6077945721846063,-0.16503940779455967,-0.5734556101835837,-0.1884885573070662,-0.5969047596960901,-0.14715024825895198,-0.5555664506479759,-0.08212896,-0.49054515930297204,-0.13408634460578522,-0.5425025469948093,-0.05697878517144931,-0.4653949875604733,-0.02426889712521496,-0.43268509951423895
E01026070,E01026070,East Lindsey 009C,East Lindsey,E01026070,1,2019,0.55226286730924,0.408416202389024,0.38285387187306746,61.26093725617936,62.376636447448824,0.0,0.0,0.0,0.408416202389024,-0.14384666492021603,0.7912700742620915,0.2390072069528515,-0.07091185227076588,-0.6231747195800059,-0.2359641379413733,-0.7882270052506133,-0.18736238587115553,-0.7396252531803955,-0.2308389773185786,-0.7831018446278186,-0.12353009298501277,-0.6757929602942527,-0.07987386,-0.6321367271915947,-0.13408634460578522,-0.6863492119150252,-0.07652743910165281,-0.6287903064108928,-0.0262927743718972,-0.5785556416811373
E01026105,E01026105,East Lindsey 009D,East Lindsey,E01026105,1,2018,0.197009570959616,0.0936577232070909,0.08439735165704,57.787328947712204,63.58168952367082,0.0,0.0,0.0,0.0936577232070909,-0.1033518477525251,0.1780550748641309,-0.01895449609548508,-0.01621806209151882,-0.21322763305113482,-0.16819858594878578,-0.3652081569084018,-0.07340169856119885,-0.27041126952081485,-0.11732850489026556,-0.31433807584988155,-0.04350280187788635,-0.24051237283750235,0.0108507,-0.18615887134115724,-0.06491789927380386,-0.26192747023341983,-0.05763558620993095,-0.25464515716954694,0.05370367787143972,-0.14330589308817626
E01026105,E01026105,East Lindsey 009D,East Lindsey,E01026105,1,2019,0.508371972471297,0.197009570959616,0.1033518477525251,57.787328947712204,63.58168952367082,0.0,0.0,0.0,0.197009570959616,-0.31136240151168093,0.30036141871214106,-0.2080105537591559,-0.01753025605292951,-0.5259022285242264,-0.16900970566263643,-0.6773816781339334,-0.07340169856119885,-0.5817736710324958,-0.11732850489026556,-0.6257004773615625,-0.04350280187788635,-0.5518747743491833,0.0108507,-0.4975212728528382,-0.06491789927380386,-0.5732898717451008,-0.05763558620993095,-0.5660075586812279,0.053780586436965865,-0.4545913860343311
E01026048,E01026048,East Lindsey 010A,East Lindsey,E01026048,1,2018,1.94261968423358,1.34296245417742,0.11076006687029016,17.685891946115223,39.3096780031403,0.0,0.0,0.0,1.34296245417742,-0.5996572300561598,1.4537225210477103,-0.4888971631858696,1.157442375356594,-0.7851773088769858,1.1142941545801852,-0.8283255296533947,1.1053180030192664,-0.8373016812143135,1.0962286895914939,-0.846390994642086,1.0659446790872709,-0.876675005146309,1.0555196,-0.8871001033925154,1.0746459382631148,-0.8679737459704651,1.0720522896657028,-0.8705673945678771,1.1073101002381047,-0.8353095839954752
E01026048,E01026048,East Lindsey 010A,East Lindsey,E01026048,1,2019,3.30420025784873,1.94261968423358,0.5996572300561598,17.685891946115223,39.3096780031403,0.0,0.0,0.0,1.94261968423358,-1.3615805736151503,2.5422769142897397,-0.7619233435589905,1.157442375356594,-2.1467578824921363,1.1142941545801852,-2.189906103268545,1.1053180030192664,-2.1988822548294635,1.0962286895914939,-2.2079715682572365,1.0659446790872709,-2.2382555787614593,1.0555196,-2.2486806770076657,1.0746459382631148,-2.229554319585615,1.0720522896657028,-2.2321479681830274,1.1073101002381047,-2.1968901576106257
E01026049,E01026049,East Lindsey 010B,East Lindsey,E01026049,1,2018,0.875777242809277,0.898634941517736,-0.20069774723870404,23.881441485695795,43.568913626433655,0.0,0.0,0.0,0.898634941517736,0.022857698708458996,0.697937194279032,-0.17784004853024504,0.4131640857581737,-0.46261315705110334,0.4651718688611224,-0.41060537394815466,0.8763918447595669,0.0006146019502898392,0.9551369628595296,0.0793597200502526,0.9520642847108646,0.07628704190158753,0.9236008,0.047823550075549615,0.8027300837377362,-0.0730471590715408,0.9373182682124048,0.06154102540312778,1.0053664280710746,0.12958918526179752
E01026049,E01026049,East Lindsey 010B,East Lindsey,E01026049,1,2019,1.44983113356652,0.875777242809277,-0.022857698708458996,23.881441485695795,43.568913626433655,0.0,0.0,0.0,0.875777242809277,-0.5740538907572429,0.852919544100818,-0.5969115894657019,0.4131640857581737,-1.0366670478083462,0.4651718688611224,-0.9846592647053976,0.8763918447595669,-0.573439288806953,0.9551369628595296,-0.4946941707069903,0.9520642847108646,-0.49776684885565536,0.9236008,-0.5262303406816933,0.8027300837377362,-0.6471010498287837,0.9373182682124048,-0.5125128653541151,1.0053664280710746,-0.44446470549544537
E01026050,E01026050,East Lindsey 010C,East Lindsey,E01026050,1,2018,1.21870917975252,1.47435672806082,0.17793758653246017,18.500552756936273,39.89986654166666,0.0,0.0,0.0,1.47435672806082,0.25564754830830005,1.6522943145932802,0.4335851348407602,0.9238958082197068,-0.2948133715328132,0.8391624450871469,-0.37954673466537314,1.0633910417225905,-0.15531813802992955,1.1156794621439003,-0.10302971760861968,1.0114493264106852,-0.20725985334183483,1.0908875,-0.12782163321321338,1.0082174918052709,-0.21049168794724915,1.11598901361803,-0.10272016613449009,1.1218899623972238,-0.0968192173552962
E01026050,E01026050,East Lindsey 010C,East Lindsey,E01026050,1,2019,2.52893715772538,1.21870917975252,-0.25564754830830005,18.500552756936273,39.89986654166666,0.0,0.0,0.0,1.21870917975252,-1.3102279779728598,0.96306163144422,-1.56587552628116,0.9238958082197068,-1.605041349505673,0.8391624450871469,-1.689774712638233,1.0633910417225905,-1.4655461160027894,1.1156794621439003,-1.4132576955814795,1.0114493264106852,-1.5174878313146947,1.0908875,-1.4380496111860732,1.0082174918052709,-1.520719665920109,1.11598901361803,-1.41294814410735,1.1218899623972238,-1.407047195328156
E01026069,E01026069,East Lindsey 010D,East Lindsey,E01026069,1,2018,1.96653595598916,1.57383190733497,-0.17666630045253995,16.98358251035573,38.659885880573114,0.0,0.0,0.0,1.57383190733497,-0.39270404865418995,1.39716560688243,-0.5693703491067299,1.1488501410124938,-0.8176858149766661,0.9858159888596899,-0.9807199671294701,1.3187523472826796,-0.6477836087064803,1.2694504384348453,-0.6970855175543147,1.4396197780549946,-0.5269161779341653,1.4856946,-0.48084130915383283,1.3391064448123673,-0.6274295111767927,1.4746770171450008,-0.4918589388441592,1.5451495271356894,-0.42138642885347055
E01026069,E01026069,East Lindsey 010D,East Lindsey,E01026069,1,2019,2.4229919092371,1.96653595598916,0.39270404865418995,16.98358251035573,38.659885880573114,0.0,0.0,0.0,1.96653595598916,-0.45645595324793997,2.35924000464335,-0.06375190459375002,1.142634485405811,-1.280357423831289,0.981973842846713,-1.441018066390387,1.3187523472826796,-1.1042395619544203,1.2694504384348453,-1.1535414708022547,1.4396197780549946,-0.9833721311821053,1.4856946,-0.9372972624017728,1.3391064448123673,-1.0838854644247327,1.472406810831394,-0.950585098405706,1.545513830867129,-0.8774780783699709
E01026064,E01026064,East Lindsey 011A,East Lindsey,E01026064,1,2018,1.63354701200049,1.0796394698537,0.754266256990266,63.12575973112531,68.61804695970196,0.0,0.0,0.0,1.0796394698537,-0.55390754214679,1.833905726843966,0.200358714843476,0.13658247901949566,-1.4969645329809944,0.17585784949941882,-1.4576891625010713,0.2326159644835785,-1.4009310475169114,0.19079114061277874,-1.4427558713877113,0.40678076091288834,-1.2267662510876016,0.27355695,-1.3599900642923601,0.22347361160529117,-1.410073400395199,0.3263981433048602,-1.3071488686956299,0.36681519222746994,-1.2667318197730202
E01026064,E01026064,East Lindsey 011A,East Lindsey,E01026064,1,2019,1.63927912040472,1.63354701200049,0.55390754214679,63.12575973112531,68.61804695970196,0.0,0.0,0.0,1.63354701200049,-0.005732108404229885,2.18745455414728,0.54817543374256,0.13609903913897586,-1.503180081265744,0.17555901592063175,-1.4637201044840882,0.2346492330617076,-1.4046298873430123,0.19079114061277874,-1.4484879797919412,0.40678076091288834,-1.2324983594918315,0.27355695,-1.36572217269659,0.22347361160529117,-1.4158055087994288,0.3341985571109168,-1.3050805632938032,0.3668435269621374,-1.2724355934425824
E01026065,E01026065,East Lindsey 011B,East Lindsey,E01026065,1,2018,0.471606253227027,0.495889870833243,0.13143220911675496,63.202699429426254,68.69973111954346,0.0,0.0,0.0,0.495889870833243,0.024283617606216,0.6273220799499979,0.1557158267229709,-0.2922082819535456,-0.7638145351805725,-0.21002847978384337,-0.6816347330108703,-0.029118077785295373,-0.5007243310123224,-0.03030402167118866,-0.5019102748982156,0.06554147236075802,-0.40606478086626896,0.09303902,-0.37856723233106904,-0.07803997297312451,-0.5496462262001515,0.1200242317595121,-0.3515820214675149,0.16915831155354072,-0.30244794167348626
E01026065,E01026065,East Lindsey 011B,East Lindsey,E01026065,1,2019,1.62502821652605,0.471606253227027,-0.024283617606216,63.202699429426254,68.69973111954346,0.0,0.0,0.0,0.471606253227027,-1.153421963299023,0.447322635620811,-1.177705580905239,-0.29859659466041416,-1.923624811186464,-0.2139773520749585,-1.8390055686010083,-0.015916351837645636,-1.6409445683636956,-0.032668101970418216,-1.6576963184964681,0.26301513563944784,-1.362013080886602,0.1616182,-1.4634100136013215,-0.02774807702474042,-1.6527762935507904,0.17873016001736194,-1.446298056508688,0.29457298155721173,-1.330455234968838
E01026066,E01026066,East Lindsey 011C,East Lindsey,E01026066,1,2018,0.331465705049732,0.265891481738515,0.24169584449171272,63.845932243750475,69.39636356044011,0.0,0.0,0.0,0.265891481738515,-0.06557422331121698,0.5075873262302277,0.17612162118049574,-0.4770105709495686,-0.8084762759993006,-0.36216262563219315,-0.6936283306819251,-0.13857075178688116,-0.47003645683661316,-0.1981367598319995,-0.5296024648817315,-0.025456099498867,-0.356921804548599,-0.0123263365,-0.34379204151550796,-0.13365541774031858,-0.4651211227900506,0.005279601586772611,-0.3261861034629594,0.10782843485674985,-0.22363727019298213
E01026066,E01026066,East Lindsey 011C,East Lindsey,E01026066,1,2019,0.484249250389246,0.331465705049732,0.06557422331121698,63.845932243750475,69.39636356044011,0.0,0.0,0.0,0.331465705049732,-0.152783545339514,0.397039928360949,-0.08720932202829701,-0.49631363475032275,-0.9805628851395687,-0.3740946235280491,-0.858343873917295,-0.17562145992470637,-0.6598707103139524,-0.2136027215688134,-0.6978519719580594,-0.025456099498867,-0.509705349888113,-0.010245234,-0.49449448416343117,-0.1382423673038603,-0.6224916176931063,-0.07114762624810965,-0.5553968766373556,0.10895980033383189,-0.3752894500554141
E01026067,E01026067,East Lindsey 011D,East Lindsey,E01026067,1,2018,1.02283476765922,0.685294657348386,0.079046275580402,63.19083921796084,68.65057359645738,0.0,0.0,0.0,0.685294657348386,-0.337540110310834,0.764340932928788,-0.25849383473043197,0.20728997493872348,-0.8155447927204965,0.2666059125624153,-0.7562288550968047,0.3649555886061129,-0.6578791790531071,0.3227700426771009,-0.700064724982119,0.4755821016812582,-0.5472526659779617,0.5055751,-0.5172596472101538,0.4867985018307096,-0.5360362658285104,0.5518752272105186,-0.47095954044870136,0.4617706371661351,-0.5610641304930849
E01026067,E01026067,East Lindsey 011D,East Lindsey,E01026067,1,2019,1.10874828465069,1.02283476765922,0.337540110310834,63.19083921796084,68.65057359645738,0.0,0.0,0.0,1.02283476765922,-0.08591351699146998,1.360374877970054,0.251626593319364,0.20877482600031994,-0.89997345865037,0.26752375855440413,-0.8412245260962858,0.3659404098413677,-0.7428078748093223,0.3227700426771009,-0.785978241973589,0.4755821016812582,-0.6331661829694317,0.5055751,-0.6031731642016238,0.5049587391159466,-0.6037895455347434,0.5805437899202659,-0.5282044947304241,0.459299205451004,-0.649449079199686
E01026084,E01026084,East Lindsey 012A,East Lindsey,E01026084,1,2018,1.19695449558823,0.812277054021891,0.379360778961973,21.740983013017534,38.268386390818236,0.0,0.0,0.0,0.812277054021891,-0.3846774415663391,1.191637832983864,-0.00531666260436614,0.6704903025462363,-0.5264641930419938,0.5528798721340913,-0.6440746234541388,0.5399073679195351,-0.657047127668695,0.5377991356743892,-0.6591553599138409,0.6898248064777109,-0.5071296891105191,0.63211656,-0.5648379394206275,0.8155500929892499,-0.38140440259898023,0.6897043002697009,-0.5072501953185292,0.6901122980750504,-0.5068421975131797
E01026084,E01026084,East Lindsey 012A,East Lindsey,E01026084,1,2019,1.33674621436353,1.19695449558823,0.3846774415663391,21.740983013017534,38.268386390818236,0.0,0.0,0.0,1.19695449558823,-0.13979171877529994,1.5816319371545693,0.24488572279103926,0.6704903025462363,-0.6662559118172937,0.5528798721340913,-0.7838663422294387,0.5399073679195351,-0.7968388464439949,0.5377991356743892,-0.7989470786891408,0.6898248064777109,-0.6469214078858191,0.63211656,-0.7046296581959275,0.8155500929892499,-0.5211961213742802,0.6897043002697009,-0.6470419140938292,0.6901122980750504,-0.6466339162884797
E01026085,E01034685,East Lindsey 012E,East Lindsey,E01026085,1,2018,1.31478935079954,1.1429743466554,0.04089966019361002,21.246355910531403,38.2381020224235,0.0,0.0,0.0,1.1429743466554,-0.17181500414413997,1.1838740068490101,-0.13091534395052995,0.6860014525772578,-0.6287878982222823,0.6596703988426026,-0.6551189519569375,0.9383819299845193,-0.37640742081502077,0.9221765439933146,-0.39261280680622546,0.995174527998356,-0.31961482280118403,1.0376031,-0.27718621092222073,0.9571445454535477,-0.3576448053459924,1.0759139438563168,-0.2388754069432233,1.0750372884479957,-0.23975206235154434
E01026085,E01034685,East Lindsey 012E,East Lindsey,E01026085,1,2019,1.98392060047817,1.31478935079954,0.17181500414413997,21.246355910531403,38.2381020224235,0.0,0.0,0.0,1.31478935079954,-0.6691312496786299,1.48660435494368,-0.49731624553448994,0.6845166015156612,-1.2994039989625088,0.6587525528506138,-1.3251680476275562,0.9383819299845193,-1.0455386704936507,0.9221765439933146,-1.0617440564848555,0.995174527998356,-0.9887460724798139,1.0376031,-0.9463174606008506,0.9571445454535477,-1.0267760550246223,1.0759139438563168,-0.9080066566218532,1.0751243165616173,-0.9087962839165526
E01026085,E01034686,East Lindsey 012F,East Lindsey,E01026085,1,2018,1.31478935079954,1.1429743466554,0.04089966019361002,21.246355910531403,38.2381020224235,0.0,0.0,0.0,1.1429743466554,-0.17181500414413997,1.1838740068490101,-0.13091534395052995,0.6860014525772578,-0.6287878982222823,0.6596703988426026,-0.6551189519569375,0.9383819299845193,-0.37640742081502077,0.9221765439933146,-0.39261280680622546,0.995174527998356,-0.31961482280118403,1.0376031,-0.27718621092222073,0.9571445454535477,-0.3576448053459924,1.0759139438563168,-0.2388754069432233,1.0750372884479957,-0.23975206235154434
E01026085,E01034686,East Lindsey 012F,East Lindsey,E01026085,1,2019,1.98392060047817,1.31478935079954,0.17181500414413997,21.246355910531403,38.2381020224235,0.0,0.0,0.0,1.31478935079954,-0.6691312496786299,1.48660435494368,-0.49731624553448994,0.6845166015156612,-1.2994039989625088,0.6587525528506138,-1.3251680476275562,0.9383819299845193,-1.0455386704936507,0.9221765439933146,-1.0617440564848555,0.995174527998356,-0.9887460724798139,1.0376031,-0.9463174606008506,0.9571445454535477,-1.0267760550246223,1.0759139438563168,-0.9080066566218532,1.0751243165616173,-0.9087962839165526
E01026115,E01026115,East Lindsey 012C,East Lindsey,E01026115,1,2018,1.51313549064107,1.15493846142479,0.405584135675117,21.435909000934274,38.56524276446067,0.0,0.0,0.0,1.15493846142479,-0.35819702921627994,1.560522597099907,0.04738710645883715,1.1356672640216892,-0.37746822661938073,1.022443710756311,-0.490691779884759,1.0793490905315744,-0.43378640010949554,0.9681824668020329,-0.544953023839037,1.096055311262083,-0.4170801793789869,0.94972974,-0.5634057500214105,1.1987927792729267,-0.3143427113681432,1.0667604716425454,-0.4463750189985245,0.984814493541658,-0.5283209970994119
E01026115,E01026115,East Lindsey 012C,East Lindsey,E01026115,1,2019,1.7326626197884,1.51313549064107,0.35819702921627994,21.435909000934274,38.56524276446067,0.0,0.0,0.0,1.51313549064107,-0.2195271291473302,1.8713325198573498,0.13866990006894975,1.1338025673396843,-0.5988600524487158,1.0212910669524178,-0.7113715528359823,1.0793490905315744,-0.6533135292568257,0.9681824668020329,-0.7644801529863672,1.096055311262083,-0.6366073085263171,0.94972974,-0.7829328791687407,1.1987927792729267,-0.5338698405154734,1.1412603791491431,-0.591402240639257,0.9849237846610899,-0.7477388351273102
E01026116,E01026116,East Lindsey 012D,East Lindsey,E01026116,1,2018,0.996253907454978,0.8399452955075,0.108170827509103,22.364326665510326,38.236094767699115,0.0,0.0,0.0,0.8399452955075,-0.15630861194747803,0.948116123016603,-0.04813778443837502,0.5616046857091581,-0.4346492217458199,0.487385638753113,-0.508868268701865,0.551923736073642,-0.444330171381336,0.5789681899474527,-0.4172857175075253,0.6414795413852905,-0.3547743660696875,0.6906515,-0.30560243107176877,0.5513661422395575,-0.4448877652154205,0.6548273370433209,-0.34142657041165714,0.7626544893220106,-0.23359941813296736
E01026116,E01026116,East Lindsey 012D,East Lindsey,E01026116,1,2019,1.72631202519932,0.996253907454978,0.15630861194747803,22.364326665510326,38.236094767699115,0.0,0.0,0.0,0.996253907454978,-0.730058117744342,1.152562519402456,-0.573749505796864,0.56074140020823,-1.16557062499109,0.48685200736242173,-1.2394600178368984,0.5569549744416742,-1.1693570507576458,0.5789681899474527,-1.1473438352518674,0.650988288495382,-1.0753237367039379,0.6906515,-1.0356605488161108,0.5641514653601963,-1.1621605598391236,0.6865787840365771,-1.039733241162743,0.7566569757915677,-0.9696550494077524
E01026046,E01026046,East Lindsey 013A,East Lindsey,E01026046,1,2018,0.692213945529224,0.484531083780143,-0.02569172872371106,25.845979552543156,38.33626106009781,0.0,0.0,0.0,0.484531083780143,-0.20768286174908102,0.4588393550564319,-0.23337459047279208,0.23713348000395973,-0.45508046552526427,0.15732208822086705,-0.534891857308357,0.48900223513778485,-0.20321171039143915,0.4568140157991464,-0.23539992973007762,0.5469330082616871,-0.14528093726753688,0.58530164,-0.10691230787968786,0.48554483752014266,-0.20666910800908134,0.6420238044936153,-0.050190141035608704,0.6395988684556672,-0.05261507707355684
E01026046,E01026046,East Lindsey 013A,East Lindsey,E01026046,1,2019,1.0775513983392,0.692213945529224,0.20768286174908102,25.845979552543156,38.33626106009781,0.0,0.0,0.0,0.692213945529224,-0.385337452809976,0.899896807278305,-0.17765459106089498,0.22497842015089087,-0.8525729781883091,0.14980855823993447,-0.9277428400992656,0.48900223513778485,-0.5885491632014151,0.45851318066030566,-0.6190382176788943,0.5469330082616871,-0.5306183900775129,0.58530164,-0.49224976068966386,0.48554483752014266,-0.5920065608190573,0.5551792804048832,-0.5223721179343168,0.6403112846415936,-0.4372401136976064
E01026047,E01026047,East Lindsey 013B,East Lindsey,E01026047,1,2018,0.432342152761633,0.271573011762521,0.11648236074882501,27.50740099489811,38.49687414261887,0.0,0.0,0.0,0.271573011762521,-0.160769140999112,0.38805537251134603,-0.04428678025028698,0.1973689534138739,-0.23497319934775912,0.12846845832826118,-0.30387369443337187,0.022682969116882463,-0.40965918364475057,-0.02778285503658481,-0.4601250077982178,0.10374182774926931,-0.3286003250123637,0.100946695,-0.33139545814912996,0.10692654465246892,-0.3254156081091641,0.24795606944397372,-0.1843860833176593,0.18521626753735554,-0.24712588522427748
E01026047,E01026047,East Lindsey 013B,East Lindsey,E01026047,1,2019,0.768351420169739,0.432342152761633,0.160769140999112,27.50740099489811,38.49687414261887,0.0,0.0,0.0,0.432342152761633,-0.336009267408106,0.593111293760745,-0.175240126408994,0.19491722259123795,-0.5734341975785011,0.12695294517869807,-0.641398474991041,0.022682969116882463,-0.7456684510528565,-0.02778285503658481,-0.7961342752063238,0.10374182774926931,-0.6646095924204697,0.100946695,-0.667404725557236,0.10692654465246892,-0.66142487551727,0.21974570982400704,-0.548605710345732,0.18535996512031228,-0.5829914550494267
E01026133,E01034692,Lincoln 008F,Lincoln,E01026133,1,2018,-0.312447892001789,-0.338239864248152,-0.03916428686707901,53.640680003926526,55.43117636044965,0.0,0.0,0.0,-0.338239864248152,-0.025791972246362982,-0.377404151115231,-0.064956259113442,-0.024887713227256844,0.28756017877453216,-0.09312402402833,0.219323867973459,-0.43226648416189034,-0.11981859216010132,-0.5044839200678181,-0.19203602806602904,-0.3307660452551101,-0.01831815325332109,-0.33196163,-0.019513739773113326,-0.2554114504134939,0.05703644158829513,-0.4241293008592076,-0.11168140885741856,-0.2514913486618816,0.06095654333990741
E01026133,E01034692,Lincoln 008F,Lincoln,E01026133,1,2019,0.0715611198531958,-0.312447892001789,0.025791972246362982,53.640680003926526,55.43117636044965,0.0,0.0,0.0,-0.312447892001789,-0.3840090118549848,-0.28665591975542604,-0.35821703960862183,-0.02820272955082108,-0.09976384940401688,-0.0951731685685843,-0.1667342884217801,-0.47672301599707967,-0.5482841358502755,-0.5078510437486324,-0.5794121636018282,-0.4233328671402295,-0.4948939869934253,-0.42649087,-0.4980519929515692,-0.34942804684229173,-0.4209891666954875,-0.5011790040122954,-0.5727401238654912,-0.30861667380015767,-0.38017779365335347
E01026135,E01026135,Lincoln 008B,Lincoln,E01026135,1,2018,0.313829427755621,0.342446879923418,0.16786278768778698,69.48897710595871,74.50907876645844,0.0,0.0,0.0,0.342446879923418,0.028617452167796986,0.510309667611205,0.196480239855584,0.027490509173837566,-0.28633891858178345,-0.07478217020577772,-0.3886115979613987,0.026840641740118465,-0.28698878601550254,-0.0004238351482340426,-0.314253262903855,0.023421262855040325,-0.2904081649005807,0.115154214,-0.1986752135522633,0.05492620924481348,-0.25890321851080755,0.1426616187567153,-0.1711678089989057,0.18301374450018096,-0.13081568325544005
E01026135,E01026135,Lincoln 008B,Lincoln,E01026135,1,2019,1.02089690984354,0.313829427755621,-0.028617452167796986,69.48897710595871,74.50907876645844,0.0,0.0,0.0,0.313829427755621,-0.707067482087919,0.285211975587824,-0.7356849342557161,0.027490509173837566,-0.9934064006697025,-0.07478217020577772,-1.095679080049318,0.026840641740118465,-0.9940562681034216,-0.0004238351482340426,-1.021320744991774,0.023421262855040325,-0.9974756469884998,0.115154214,-0.9057426956401824,0.05492620924481348,-0.9659707005987266,0.1426616187567153,-0.8782352910868247,0.18301374450018096,-0.8378831653433592
E01026136,E01026136,Lincoln 008C,Lincoln,E01026136,1,2018,0.485976368642948,0.573688570542624,0.711686509195393,71.6819736486022,73.34416164895428,0.0,0.0,0.0,0.573688570542624,0.08771220189967599,1.285375079738017,0.799398711095069,-0.16580929324021326,-0.6517856618831612,-0.18691249920354472,-0.6728888678464927,-0.10936073076403284,-0.5953370994069809,-0.13356535571802514,-0.6195417243609731,-0.11701110270217562,-0.6029874713451236,-0.082928844,-0.5689052124392012,-0.07717572025167774,-0.5631520888946258,-0.010781441892853518,-0.49675781053580154,-0.015533517654965828,-0.5015098862979138
E01026136,E01026136,Lincoln 008C,Lincoln,E01026136,1,2019,0.888295895581962,0.485976368642948,-0.08771220189967599,71.6819736486022,73.34416164895428,0.0,0.0,0.0,0.485976368642948,-0.40231952693901396,0.39826416674327203,-0.49003172883868995,-0.16580929324021326,-1.0541051888221753,-0.18691249920354472,-1.0752083947855067,-0.10936073076403284,-0.9976566263459948,-0.13356535571802514,-1.0218612512999872,-0.11701110270217562,-1.0053069982841376,-0.082928844,-0.9712247393782152,-0.07717572025167774,-0.9654716158336397,-0.010781441892853518,-0.8990773374748156,-0.015533517654965828,-0.9038294132369278
E01026174,E01026174,Lincoln 008D,Lincoln,E01026174,1,2018,0.692470179436683,0.871883959510811,0.18989706392275196,54.49540600630013,57.46087881463367,0.0,0.0,0.0,0.871883959510811,0.179413780074128,1.061781023433563,0.36931084399687997,0.4592113611672128,-0.2332588182694702,0.3992470904674347,-0.2932230889692483,0.4219432850822983,-0.2705268943543847,0.45315799985891575,-0.23931217957776724,0.4697362751764905,-0.22273390426019246,0.514665,-0.17780517184543543,0.3825100265929206,-0.3099601528437624,0.6194539626965271,-0.0730162167401559,0.5232331974558079,-0.1692369819808751
E01026174,E01026174,Lincoln 008D,Lincoln,E01026174,1,2019,0.788253005857771,0.692470179436683,-0.179413780074128,54.49540600630013,57.46087881463367,0.0,0.0,0.0,0.692470179436683,-0.09578282642108804,0.513056399362555,-0.27519660649521605,0.4586933898666558,-0.3295596159911152,0.39892691163301996,-0.38932609422475106,0.4232600963960021,-0.36499290946176893,0.45315799985891575,-0.3350950059988553,0.4697362751764905,-0.3185167306812805,0.514665,-0.27358799826652347,0.3825100265929206,-0.4057429792648504,0.6186898435464192,-0.16956316231135182,0.5232635561000945,-0.2649894497576766
E01026130,E01026130,Lincoln 009A,Lincoln,E01026130,1,2018,0.830531457297141,0.799857486723867,0.354296969930378,81.51767703107296,67.74270213783977,0.0,0.0,0.0,0.799857486723867,-0.030673970573273923,1.154154456654245,0.32362299935710404,-0.21245762440940313,-1.0429890817065441,-0.15645060156230028,-0.9869820588594412,0.2775849449383219,-0.5529465123588191,0.22852311091217628,-0.6020083463849647,0.39903279021008403,-0.4314986670870569,0.41604146,-0.4144899936836308,0.23973877158318274,-0.5907926857139583,0.3654655258677046,-0.46506593142943636,0.5182801124004724,-0.3122513448966685
E01026130,E01026130,Lincoln 009A,Lincoln,E01026130,1,2019,1.41423738340981,0.830531457297141,0.030673970573273923,81.51767703107296,67.74270213783977,0.0,0.0,0.0,0.830531457297141,-0.5837059261126691,0.8612054278704149,-0.5530319555393952,-0.21190512168880915,-1.6261425050986191,-0.15610907747225788,-1.5703464608820679,0.2775849449383219,-1.1366524384714882,0.22852311091217628,-1.1857142724976337,0.39903279021008403,-1.015204593199726,0.41604146,-0.9981959197963,0.23973877158318274,-1.1744986118266274,0.35614269163422985,-1.0580946917755802,0.5182477298465668,-0.8959896535632433
E01026158,E01026158,Lincoln 009B,Lincoln,E01026158,1,2018,1.02677578493364,0.799423928927553,0.353942170514019,79.40550310044013,65.6935897899062,0.0,0.0,0.0,0.799423928927553,-0.2273518560060871,1.153366099441572,0.1265903145079319,0.14619510448841638,-0.8805806804452236,0.1112689377819556,-0.9155068471516845,0.2520109821687247,-0.7747648027649154,0.22460403061096257,-0.8021717543226775,0.43211142830693794,-0.5946643566267021,0.44921392,-0.5775618629098669,0.20157285694275417,-0.8252029279908859,0.3940111324228543,-0.6327646525107857,0.4760504718114309,-0.5507253131222092
E01026158,E01026158,Lincoln 009B,Lincoln,E01026158,1,2019,1.2435939649936,1.02677578493364,0.2273518560060871,79.40550310044013,65.6935897899062,0.0,0.0,0.0,1.02677578493364,-0.21681818005996,1.254127640939727,0.010533675946126975,0.14519369330733972,-1.0984002716862604,0.11064992536875376,-1.1329440396248462,0.2520109821687247,-0.9915829828248754,0.23264627287250444,-1.0109476921210956,0.43211142830693794,-0.8114825366866621,0.45719516,-0.7863988022204678,0.21671846452313925,-1.0268755004704608,0.4151290072960471,-0.8284649576975529,0.47946406037436806,-0.764129904619232
E01026159,E01026159,Lincoln 009C,Lincoln,E01026159,1,2018,1.07885171063385,1.13708527947144,0.5971059023910109,80.80047615766199,65.98051528439545,0.0,0.0,0.0,1.13708527947144,0.0582335688375899,1.734191181862451,0.6553394712286009,0.3785347771214396,-0.7003169335124104,0.17179414891026618,-0.9070575617235839,0.4472916210326203,-0.6315600896012297,0.40790047269073726,-0.6709512379431127,0.6091762233237025,-0.4696754873101475,0.6168836,-0.4619681347175597,0.4482389676527281,-0.6306127429811219,0.5396269911670571,-0.5392247194667928,0.6392824283334072,-0.4395692823004428
E01026159,E01026159,Lincoln 009C,Lincoln,E01026159,1,2019,1.20986221365129,1.07885171063385,-0.0582335688375899,80.80047615766199,65.98051528439545,0.0,0.0,0.0,1.07885171063385,-0.13101050301744,1.02061814179626,-0.1892440718550299,0.3780513372409198,-0.8318108764103702,0.1714953153314791,-1.0383668983198109,0.4472916210326203,-0.7625705926186697,0.40446526237146835,-0.8053969512798216,0.6091762233237025,-0.6006859903275875,0.6168836,-0.5929786377349997,0.4482389676527281,-0.7616232459985619,0.5396269911670571,-0.6702352224842328,0.6393107630680747,-0.5705514505832153
E01026160,E01026160,Lincoln 009D,Lincoln,E01026160,1,2018,0.743815087834971,0.344585547697585,0.054991334706482986,83.08959566716041,67.24724317924023,0.0,0.0,0.0,0.344585547697585,-0.399229540137386,0.39957688240406797,-0.344238205430903,-0.2278763188602578,-0.9716914066952288,-0.1659468794621195,-0.9097619672970905,0.042513903156114356,-0.7013011846788566,0.07067515606077619,-0.6731399317741947,0.2834732169219904,-0.46034187091298057,0.29529566,-0.4485194321075845,0.14959631730200687,-0.5942187705329641,0.3370415925498521,-0.40677349528511886,0.37143197250644033,-0.37238311532853063
E01026160,E01026160,Lincoln 009D,Lincoln,E01026160,1,2019,0.688009248294973,0.743815087834971,0.399229540137386,83.08959566716041,67.24724317924023,0.0,0.0,0.0,0.743815087834971,0.05580583953999796,1.143044627972357,0.45503537967738394,-0.2284288215808518,-0.9164380698758248,-0.16628840355216187,-0.8542976518471349,0.042513903156114356,-0.6454953451388586,0.07067515606077619,-0.6173340922341968,0.2834732169219904,-0.4045360313729826,0.29766458,-0.3903446655656334,0.14959631730200687,-0.5384129309929662,0.337380715475666,-0.350628532819307,0.37146435506034614,-0.31654489323462687
E01026162,E01026162,Lincoln 009E,Lincoln,E01026162,1,2018,0.657017413476845,0.354374761410728,-0.08003807420100101,74.96728788969696,67.6488340091425,0.0,0.0,0.0,0.354374761410728,-0.30264265206611696,0.274336687209727,-0.38268072626711797,0.25510408846763305,-0.4019133250092119,0.1431406359166036,-0.5138767775602413,0.11243158111351126,-0.5445858323633337,0.11126666544498069,-0.5457507480318643,0.18260243133948093,-0.474414982137364,0.22990729,-0.42711012432946793,0.14214690382565226,-0.5148705096511927,0.31168578150003456,-0.3453316319768104,0.19832594394020572,-0.4586914695366392
E01026162,E01026162,Lincoln 009E,Lincoln,E01026162,1,2019,0.970710260858569,0.657017413476845,0.30264265206611696,74.96728788969696,67.6488340091425,0.0,0.0,0.0,0.657017413476845,-0.3136928473817241,0.9596600655429619,-0.011050195315607136,0.25510408846763305,-0.7156061723909359,0.1431406359166036,-0.8275696249419655,0.11243158111351126,-0.8582786797450578,0.11126666544498069,-0.8594435954135884,0.18260243133948093,-0.7881078295190881,0.22990729,-0.740802971711192,0.14214690382565226,-0.8285633570329167,0.31168578150003456,-0.6590244793585345,0.19832594394020572,-0.7723843169183633
E01026163,E01026163,Lincoln 009F,Lincoln,E01026163,1,2018,0.538900108662544,0.485990830199225,0.10279979128543398,79.80268683882487,65.85384683647455,0.0,0.0,0.0,0.485990830199225,-0.052909278463319,0.588790621484659,0.049890512822114985,-0.20937610477283125,-0.7482762134353753,-0.1815628531462168,-0.7204629618087608,0.06690636742971563,-0.4719937412328284,0.10905331847383344,-0.4298467901887106,0.2665759952885838,-0.27232411337396023,0.27469996,-0.26420015248387885,0.09484417601611447,-0.4440559326464295,0.27400411431991073,-0.2648959943426333,0.33784656387657397,-0.20105354478597004
E01026163,E01026163,Lincoln 009F,Lincoln,E01026163,1,2019,0.687369167481968,0.538900108662544,0.052909278463319,79.80268683882487,65.85384683647455,0.0,0.0,0.0,0.538900108662544,-0.14846905881942396,0.591809387125863,-0.09555978035610502,-0.20937610477283125,-0.8967452722547993,-0.1815628531462168,-0.8689320206281848,0.06690636742971563,-0.6204628000522523,0.10905331847383344,-0.5783158490081345,0.2665759952885838,-0.4207931721933842,0.27469996,-0.4126692113033028,0.09484417601611447,-0.5925249914658535,0.27400411431991073,-0.41336505316205724,0.33784656387657397,-0.349522603605394
E01026161,E01026161,Lincoln 010A,Lincoln,E01026161,1,2018,2.35439375196719,1.58981749810659,0.09742733547527993,73.51382738822385,69.05274927184986,0.0,0.0,0.0,1.58981749810659,-0.7645762538605998,1.68724483358187,-0.6671489183853199,0.9247027516209883,-1.4296910003462016,0.8379575266845126,-1.516436225282677,1.3193700402509727,-1.035023711716217,1.2445420425084182,-1.1098517094587717,1.3603278664055916,-0.9940658855615983,1.444532,-0.9098617151858788,1.2672829340073675,-1.0871108179598223,1.3422496318990216,-1.0121441200681682,1.5171533202785807,-0.8372404316886091
E01026161,E01026161,Lincoln 010A,Lincoln,E01026161,1,2019,2.30577421758577,2.35439375196719,0.7645762538605998,73.51382738822385,69.05274927184986,0.0,0.0,0.0,2.35439375196719,0.04861953438141997,3.11897000582779,0.81319578824202,0.9222164893783151,-1.3835577282074547,0.8364206682793219,-1.4693535493064478,1.1776340229290485,-1.1281401946567213,1.229228158390606,-1.0765460591951639,1.2598121339091766,-1.0459620836765933,1.3018826,-1.0038915929596102,1.1122680367097857,-1.1935061808759841,1.2657838003983366,-1.0399904171874332,1.2545927116179783,-1.0511815059677916
E01026170,E01026170,Lincoln 010B,Lincoln,E01026170,1,2018,0.675798541417116,0.72522713651684,0.430053048509348,61.40248515039342,64.85041069599531,0.0,0.0,0.0,0.72522713651684,0.04942859509972397,1.155280185026188,0.479481643609072,0.48896204659386705,-0.186836494823249,0.4034508007108438,-0.2723477407062722,0.29562104548489204,-0.380177495932224,0.3036008590995025,-0.3721976823176135,0.42576769051947744,-0.2500308508976386,0.43406388,-0.24173465978145015,0.4239948301933908,-0.25180371122372525,0.39211442266651614,-0.2836841187505999,0.5061172152842824,-0.1696813261328336
E01026170,E01026170,Lincoln 010B,Lincoln,E01026170,1,2019,0.805473033766112,0.675798541417116,-0.04942859509972397,61.40248515039342,64.85041069599531,0.0,0.0,0.0,0.675798541417116,-0.12967449234899597,0.6263699463173921,-0.17910308744871994,0.4940726967593619,-0.3114003370067501,0.40660989854373597,-0.39886313522237604,0.2870014474591134,-0.5184715863069986,0.29413556498108867,-0.5113374687850234,0.42576769051947744,-0.3797053432466346,0.41674435,-0.3887286823790881,0.42287239221496825,-0.38260064155114376,0.4430899447669241,-0.3623830889991879,0.4998996828178185,-0.3055733509482935
E01026172,E01026172,Lincoln 010C,Lincoln,E01026172,1,2018,0.84505691889278,0.359897807909933,-0.252509150023399,68.60694028109515,72.82452103798323,0.0,0.0,0.0,0.359897807909933,-0.48515911098284703,0.10738865788653396,-0.737668261006246,0.2832824343781131,-0.5617744845146668,0.3206336934533658,-0.5244232254394142,0.6436993664499299,-0.20135755244285014,0.6057554704938828,-0.23930144839889722,0.6451212261543949,-0.19993569273838507,0.6953337,-0.14972319963923997,0.585394469940357,-0.25966244895242296,0.7870983592324753,-0.05795855966030472,0.7510292296048872,-0.09402768928789285
E01026172,E01026172,Lincoln 010C,Lincoln,E01026172,1,2019,1.35736982597042,0.84505691889278,0.48515911098284703,68.60694028109515,72.82452103798323,0.0,0.0,0.0,0.84505691889278,-0.5123129070776401,1.330216029875627,-0.02715379609479318,0.2775156872319129,-1.0798541387385072,0.3170690357635484,-1.0403007902068717,0.6464209823254995,-0.7109488436449206,0.6088002495486009,-0.7485695764218192,0.6451212261543949,-0.7122485998160252,0.69182444,-0.665545389782676,0.5905158001489788,-0.7668540258214414,0.8857370617449439,-0.4716327642254762,0.7540872948712843,-0.6032825310991358
E01026173,E01026173,Lincoln 010D,Lincoln,E01026173,1,2018,1.241685416758,1.30321962637065,0.23378503154067998,68.66258036857738,73.18365242534524,0.0,0.0,0.0,1.30321962637065,0.06153420961264988,1.53700465791133,0.29531924115332986,1.248231111065822,0.006545694307821925,1.2358509622460112,-0.005834454511988829,0.9995982645394761,-0.24208715221852395,1.003522316370918,-0.2381631003870821,1.1831488402868542,-0.05853657647114585,1.0830454,-0.15864005333179154,1.0571565484573962,-0.1845288683006039,1.0846424183250787,-0.15704299843292135,1.1688880566042086,-0.07279736015379146
E01026173,E01026173,Lincoln 010D,Lincoln,E01026173,1,2019,2.4854009937222,1.241685416758,-0.06153420961264988,68.66258036857738,73.18365242534524,0.0,0.0,0.0,1.241685416758,-1.2437155769641999,1.1801512071453502,-1.3052497865768498,1.2487145509463415,-1.2366864427758584,1.2361497958247982,-1.2492511978974017,0.9995982645394761,-1.4858027291827238,1.003522316370918,-1.481878677351282,1.1831488402868542,-1.3022521534353457,1.0830454,-1.4023556302959914,1.0571565484573962,-1.4282444452648038,1.0929117660358039,-1.392489227686396,1.1688597218695411,-1.3165412718526588
E01026175,E01026175,Lincoln 010E,Lincoln,E01026175,1,2018,0.765354301870834,1.20276963525761,0.04001772089087008,57.31107975613164,59.60769717803543,0.0,0.0,0.0,1.20276963525761,0.4374153333867761,1.2427873561484801,0.47743305427764615,0.8042607556366526,0.03890645376581858,0.8545500574567514,0.08919575558591741,1.2600747384256676,0.49472043655483366,1.1392589908923558,0.37390468902152185,1.2439065868590784,0.4785522849882444,1.1595327,0.3941783643355259,1.0299661995741467,0.2646118977033127,1.2070200360367929,0.4416657341659589,1.3292086223932424,0.5638543205224085
E01026175,E01026175,Lincoln 010E,Lincoln,E01026175,1,2019,1.68539331065521,0.765354301870834,-0.4374153333867761,57.31107975613164,59.60769717803543,0.0,0.0,0.0,0.765354301870834,-0.920039008784376,0.3279389684840579,-1.357454342171152,0.8040535671164297,-0.8813397435387802,0.8544219859229855,-0.8309713247322245,1.2600747384256676,-0.4253185722295423,1.1392589908923558,-0.5461343197628541,1.2439065868590784,-0.4414867237961315,1.1595327,-0.5258606444488501,1.0299661995741467,-0.6554271110810632,1.1885463053349634,-0.4968470053202465,1.329220765850957,-0.356172544804253
E01026137,E01026137,Lincoln 011A,Lincoln,E01026137,1,2018,0.435601334167064,0.303927334056428,0.11078053886652503,65.70300012495777,70.15527427456925,0.0,0.0,0.0,0.303927334056428,-0.13167400011063596,0.4147078729229531,-0.0208934612441109,-0.0718353742985966,-0.5074367084656606,-0.13912995835135755,-0.5747312925184216,0.024903570986836716,-0.41069776318022727,0.036674985116470965,-0.398926349050593,0.10613198852456222,-0.32946934564250174,0.12330352,-0.31229781646782234,-0.09120549260529799,-0.526806826772362,0.14119698641818093,-0.294404347748883,0.1448800463724076,-0.2907212877946564
E01026137,E01026137,Lincoln 011A,Lincoln,E01026137,1,2019,0.584372296603553,0.435601334167064,0.13167400011063596,65.70300012495777,70.15527427456925,0.0,0.0,0.0,0.435601334167064,-0.14877096243648907,0.5672753342776999,-0.017096962325853116,-0.0718353742985966,-0.6562076709021496,-0.13912995835135755,-0.7235022549549106,0.024903570986836716,-0.5594687256167163,0.036674985116470965,-0.5476973114870821,0.10613198852456222,-0.4782403080789908,0.12330352,-0.4610687789043114,-0.09120549260529799,-0.675577789208851,0.14119698641818093,-0.44317531018537215,0.1448800463724076,-0.43949225023114546
E01026138,E01026138,Lincoln 011B,Lincoln,E01026138,1,2018,0.22511485719773,0.0328439847152962,0.2438116091536422,67.17494152749484,71.61874811441845,0.0,0.0,0.0,0.0328439847152962,-0.1922708724824338,0.2766555938689384,0.0515407366712084,-0.21483801231364702,-0.439952869511377,-0.1949462890753108,-0.4200611462730408,-0.27400758848194334,-0.49912244567967334,-0.2956882936812667,-0.5208031508789968,-0.2250045819917173,-0.4501194391894473,-0.18064426,-0.4057591160545034,-0.11131610862193134,-0.33643096581966137,-0.2440138921284633,-0.4691287493261933,-0.0923444266352905,-0.31745928383302047
E01026138,E01026138,Lincoln 011B,Lincoln,E01026138,1,2019,0.551605672601992,0.22511485719773,0.1922708724824338,67.17494152749484,71.61874811441845,0.0,0.0,0.0,0.22511485719773,-0.326490815404262,0.4173857296801638,-0.1342199429218282,-0.21483801231364702,-0.7664436849156391,-0.1949462890753108,-0.7465519616773029,-0.27400758848194334,-0.8256132610839353,-0.2956882936812667,-0.8472939662832587,-0.2250045819917173,-0.7766102545937092,-0.18064426,-0.7322499314587654,-0.11131610862193134,-0.6629217812239233,-0.2440138921284633,-0.7956195647304554,-0.0923444266352905,-0.6439500992372825
E01026139,E01026139,Lincoln 011C,Lincoln,E01026139,1,2018,0.061296311479133,0.264821859056195,0.45689521354174,59.448682706954145,65.69706642118882,0.0,0.0,0.0,0.264821859056195,0.20352554757706198,0.7217170725979349,0.660420761118802,-0.2726302564751748,-0.3339265679543078,-0.3577369651073291,-0.4190332765864621,-0.26126854792879184,-0.32256485940792484,-0.30139309072589526,-0.36268940220502827,-0.21215533600066086,-0.2734516474797939,-0.17805669,-0.23935299859575593,-0.23656506649290496,-0.29786137797203793,-0.14307420772811358,-0.20437051920724658,-0.11902465315541938,-0.18032096463455238
E01026139,E01026139,Lincoln 011C,Lincoln,E01026139,1,2019,0.272237113907053,0.061296311479133,-0.20352554757706198,59.448682706954145,65.69706642118882,0.0,0.0,0.0,0.061296311479133,-0.21094080242792002,-0.14222923609792898,-0.414466350004982,-0.2720432223345437,-0.5442803362415967,-0.3573740957616591,-0.6296112096687121,-0.26821916514823596,-0.5404562790552889,-0.30139309072589526,-0.5736302046329482,-0.21215533600066086,-0.4843924499077139,-0.17805669,-0.45029380102367594,-0.23656506649290496,-0.508802180399958,-0.156090981118499,-0.428328095025552,-0.11905905961894425,-0.39129617352599727
E01026140,E01026140,Lincoln 011D,Lincoln,E01026140,1,2018,1.01523018758968,1.01619400814563,0.504190245089947,66.97602649667908,71.42486380002977,0.0,0.0,0.0,1.01619400814563,0.0009638205559499013,1.520384253235577,0.5051540656458968,0.40389354423758106,-0.611336643352099,0.38908480554271296,-0.6261453820469671,0.1664694891100694,-0.8487606984796107,0.18165234936976035,-0.8335778382199197,0.33555373596500443,-0.6796764516246756,0.37892246,-0.6363077251263012,0.3722792332691956,-0.6429509543204845,0.3369619184231316,-0.6782682691665485,0.3858383513457031,-0.629391836243977
E01026140,E01026140,Lincoln 011D,Lincoln,E01026140,1,2019,1.55878745058244,1.01523018758968,-0.0009638205559499013,66.97602649667908,71.42486380002977,0.0,0.0,0.0,1.01523018758968,-0.5435572629927599,1.0142663670337302,-0.5445210835487098,0.40389354423758106,-1.154893906344859,0.38908480554271296,-1.169702645039727,0.1664694891100694,-1.3923179614723706,0.18165234936976035,-1.3771351012126796,0.33555373596500443,-1.2232337146174355,0.37892246,-1.179864988119061,0.3722792332691956,-1.1865082173132444,0.3369619184231316,-1.2218255321593083,0.3858383513457031,-1.1729490992367368
E01026141,E01026141,Lincoln 011E,Lincoln,E01026141,1,2018,0.456573221634865,0.141410681094108,-0.118363296453841,56.489066545579526,60.990702534969174,0.0,0.0,0.0,0.141410681094108,-0.315162540540757,0.02304738464026701,-0.433525836994598,-0.12855481885967013,-0.5851280404945352,-0.22916605417107253,-0.6857392758059375,0.059238672974542855,-0.39733454866032214,0.030970123822902658,-0.42560309781196237,0.17178888481223392,-0.2847843368226311,0.19545612,-0.2611171042432787,-0.09721809528117135,-0.5537913169160363,0.20260122996136237,-0.25397199167350265,0.2184834712054122,-0.23808975042945282
E01026141,E01026141,Lincoln 011E,Lincoln,E01026141,1,2019,0.499471164849861,0.456573221634865,0.315162540540757,56.489066545579526,60.990702534969174,0.0,0.0,0.0,0.456573221634865,-0.04289794321499596,0.771735762175622,0.272264597325761,-0.12855481885967013,-0.6280259837095311,-0.22916605417107253,-0.7286372190209335,0.059238672974542855,-0.4402324918753181,0.030970123822902658,-0.46850104102695833,0.17178888481223392,-0.32768228003762706,0.19545612,-0.3040150474582747,-0.09721809528117135,-0.5966892601310323,0.20260122996136237,-0.2968699348884986,0.2184834712054122,-0.28098769364444875
E01026142,E01026142,Lincoln 011F,Lincoln,E01026142,1,2018,0.970170629816818,0.609950406064917,0.363163284677702,63.56504918178514,67.49559684255135,0.0,0.0,0.0,0.609950406064917,-0.360220223751901,0.973113690742619,0.0029430609258009888,0.5669335365182226,-0.40323709329859536,0.37827287106859786,-0.5918977587482201,0.21731596356595664,-0.7528546662508614,0.18132852334456526,-0.7888421064722527,0.3085530779908588,-0.6616175518259593,0.31719965,-0.6529709823902128,0.44091851467147314,-0.5292521151453449,0.3565736136238622,-0.6135970161929558,0.35439241767288254,-0.6157782121439355
E01026142,E01026142,Lincoln 011F,Lincoln,E01026142,1,2019,0.666075060677873,0.970170629816818,0.360220223751901,63.56504918178514,67.49559684255135,0.0,0.0,0.0,0.970170629816818,0.304095569138945,1.330390853568719,0.664315792890846,0.5669335365182226,-0.09914152415965038,0.37827287106859786,-0.28780218960927517,0.21731596356595664,-0.4487590971119164,0.18132852334456526,-0.48474653733330775,0.3085530779908588,-0.35752198268701424,0.31719965,-0.3488754132512678,0.44091851467147314,-0.2251565460063999,0.3565736136238622,-0.30950144705401084,0.35439241767288254,-0.3116826430049905
E01026169,E01026169,Lincoln 011G,Lincoln,E01026169,1,2018,0.481138310241509,0.676644340762197,0.08666204954127799,61.30094763291574,64.54551344185145,0.0,0.0,0.0,0.676644340762197,0.19550603052068805,0.763306390303475,0.28216808006196603,0.4516756080882626,-0.029462702153246367,0.37905573493846123,-0.10208257530304776,0.2973297313397058,-0.1838085789018032,0.29423094550553563,-0.18690736473597336,0.33929607150495633,-0.14184223873655266,0.39218724,-0.088951072501946,0.3116710872847973,-0.16946722295671168,0.4519887071429529,-0.029149603098556076,0.36894249312082905,-0.11219581712067994
E01026169,E01026169,Lincoln 011G,Lincoln,E01026169,1,2019,0.974502623795364,0.481138310241509,-0.19550603052068805,61.30094763291574,64.54551344185145,0.0,0.0,0.0,0.481138310241509,-0.493364313553855,0.28563227972082095,-0.6888703440745431,0.45032888270681476,-0.5241737410885492,0.3782232699689829,-0.5962793538263811,0.33365427961358507,-0.6408483441817789,0.29423094550553563,-0.6802716782898284,0.46730097114947966,-0.5072016526458843,0.51278305,-0.46171957325825463,0.38379787795636194,-0.590704745839002,0.47677466810413704,-0.49772795569122696,0.48865708468790847,-0.48584553910745554
E01026171,E01026171,Lincoln 011H,Lincoln,E01026171,1,2018,0.53929071624013,0.265862862278872,0.08698091107775602,61.24369849788991,62.75836731525053,0.0,0.0,0.0,0.265862862278872,-0.273427853961258,0.35284377335662803,-0.186446942883502,-0.107971716199882,-0.647262432440012,-0.1453566605655875,-0.6846473768057175,0.017976370972668645,-0.5213143452674613,0.05684369285516029,-0.48244702338496975,0.19805767301910623,-0.34123304322102377,0.21894349,-0.3203472246620279,0.029969079522425418,-0.5093216367177046,0.11221195567704069,-0.42707876056308935,0.27965720189314747,-0.25963351434698256
E01026171,E01026171,Lincoln 011H,Lincoln,E01026171,1,2019,0.743046095246748,0.53929071624013,0.273427853961258,61.24369849788991,62.75836731525053,0.0,0.0,0.0,0.53929071624013,-0.203755379006618,0.812718570201388,0.06967247495464002,-0.107971716199882,-0.85101781144663,-0.1453566605655875,-0.8884027558123355,0.017976370972668645,-0.7250697242740793,0.05684369285516029,-0.6862024023915877,0.19805767301910623,-0.5449884222276418,0.21894349,-0.5241026036686459,0.029969079522425418,-0.7130770157243226,0.11221195567704069,-0.6308341395697074,0.27965720189314747,-0.46338889335360056
E01026149,E01026149,Lincoln 001A,Lincoln,E01026149,1,2018,1.00983611644772,0.764902197658857,-0.333918174365883,61.86522344171743,63.14109155548698,0.0,0.0,0.0,0.764902197658857,-0.24493391878886306,0.43098402329297403,-0.5788520931547461,0.8060325957032766,-0.20380352074444352,0.868348482054633,-0.1414876343930871,0.8803291137925998,-0.12950700265512027,0.7990746243375924,-0.21076149211012773,0.9535338514506289,-0.056302264997091234,0.95919925,-0.050636866703304806,0.9767973423403105,-0.03303877410740963,0.915169967883846,-0.09466614856387412,1.0381149077705931,0.02827879132287303
E01026149,E01026149,Lincoln 001A,Lincoln,E01026149,1,2019,1.11605843715085,1.00983611644772,0.24493391878886306,61.86522344171743,63.14109155548698,0.0,0.0,0.0,1.00983611644772,-0.10622232070312987,1.2547700352365831,0.1387115980857332,0.8056182186628311,-0.31044021848801884,0.8680923389871014,-0.2479660981637486,0.8803291137925998,-0.23572932335825014,0.7990746243375924,-0.3169838128132576,0.9535338514506289,-0.1625245857002211,0.95919925,-0.15685918740643467,0.9767973423403105,-0.1392610948105395,0.925071551926518,-0.19098688522433194,1.0381391946860226,-0.0779192424648274
E01026150,E01026150,Lincoln 001B,Lincoln,E01026150,1,2018,1.57392342486746,1.59314835800898,0.4981750757233401,60.62702875951191,63.676147957605004,0.0,0.0,0.0,1.59314835800898,0.019224933141519962,2.0913234337323203,0.5174000088648603,1.232505281087334,-0.341418143780126,1.1232702961922492,-0.4506531286752109,1.160935644348072,-0.412987780519388,1.1673188983502687,-0.40660452651719137,1.2657131544139513,-0.3082102704535088,1.1913459,-0.38257749476797276,1.1595500390636546,-0.41437338580380545,1.2846241269182614,-0.2892992979491986,1.289301846259727,-0.2846215786077331
E01026150,E01026150,Lincoln 001B,Lincoln,E01026150,1,2019,1.63042701296301,1.57392342486746,-0.019224933141519962,60.62702875951191,63.676147957605004,0.0,0.0,0.0,1.57392342486746,-0.056503588095550006,1.55469849172594,-0.07572852123706997,1.232505281087334,-0.39792173187567603,1.1232702961922492,-0.5071567167707609,1.160935644348072,-0.469491368614938,1.1673188983502687,-0.4631081146127414,1.2657131544139513,-0.3647138585490588,1.1913459,-0.43908108286352276,1.1595500390636546,-0.47087697389935546,1.2846241269182614,-0.3458028860447486,1.289301846259727,-0.3411251667032831
E01026166,E01026166,Lincoln 001C,Lincoln,E01026166,1,2018,1.22792179338017,0.731836930972915,0.270264571914112,59.75980661860742,65.50463674531167,0.0,0.0,0.0,0.731836930972915,-0.496084862407255,1.002101502887027,-0.225820290493143,0.8480284796434303,-0.37989331373673974,0.6693215310903463,-0.5586002622898237,0.49758838992387144,-0.7303334034562986,0.5023475794062603,-0.7255742139739098,0.6280396231120198,-0.5998821702681503,0.5873329,-0.6405888890413334,0.7719186180602284,-0.4560031753199416,0.6929582380944089,-0.5349635552857611,0.6060721257438733,-0.6218496676362968
E01026166,E01026166,Lincoln 001C,Lincoln,E01026166,1,2019,1.34028987396952,1.22792179338017,0.496084862407255,59.75980661860742,65.50463674531167,0.0,0.0,0.0,1.22792179338017,-0.11236808058934988,1.724006655787425,0.38371678181790503,0.8480284796434303,-0.4922613943260896,0.6693215310903463,-0.6709683428791736,0.49758838992387144,-0.8427014840456485,0.5023475794062603,-0.8379422945632596,0.6280396231120198,-0.7122502508575002,0.5873329,-0.7529569696306833,0.7719186180602284,-0.5683712559092915,0.6929582380944089,-0.647331635875111,0.6060721257438733,-0.7342177482256467
E01026168,E01026168,Lincoln 001D,Lincoln,E01026168,1,2018,1.6828508816743,1.03940748946353,-0.46977599859045016,59.63404438805045,65.19759477906537,0.0,0.0,0.0,1.03940748946353,-0.6434433922107701,0.5696314908730797,-1.1132193908012202,1.027137759975235,-0.655713121699065,0.8916196535049602,-0.7912312281693398,1.0139199180419025,-0.6689309636323975,1.0030897563002472,-0.6797611253740528,1.1562193099979672,-0.5266315716763328,1.2076226,-0.47522823438883854,1.0137116877416157,-0.6691391939326843,1.2620319085512737,-0.4208189731230263,1.3126656058347537,-0.3701852758395463
E01026168,E01026168,Lincoln 001D,Lincoln,E01026168,1,2019,1.60451369908617,1.6828508816743,0.6434433922107701,59.63404438805045,65.19759477906537,0.0,0.0,0.0,1.6828508816743,0.07833718258813005,2.32629427388507,0.7217805747989001,1.027137759975235,-0.577375939110935,0.8916196535049602,-0.7128940455812097,1.0139199180419025,-0.5905937810442674,1.0030897563002472,-0.6014239427859227,1.1562193099979672,-0.44829438908820274,1.2076226,-0.3968910518007085,1.0137116877416157,-0.5908020113445542,1.2620319085512737,-0.34248179053489625,1.3126656058347537,-0.29184809325141625
E01026153,E01026153,Lincoln 002A,Lincoln,E01026153,1,2018,0.736424213550112,0.639034712431499,-0.22386899667860805,61.39755023646861,65.82567593863229,0.0,0.0,0.0,0.639034712431499,-0.097389501118613,0.41516571575289096,-0.32125849779722104,0.10750911171163485,-0.6289151018384771,0.07352379930633565,-0.6629004142437763,0.3820255164205255,-0.3543986971295865,0.3664344483495704,-0.3699897652005416,0.5404161839323931,-0.1960080296177189,0.60269874,-0.13372547020675873,0.3222540580065907,-0.4141701555435213,0.6646953596708046,-0.07172885387930739,0.6838157191339208,-0.0526084944161912
E01026153,E01026153,Lincoln 002A,Lincoln,E01026153,1,2019,1.17608040680143,0.736424213550112,0.097389501118613,61.39755023646861,65.82567593863229,0.0,0.0,0.0,0.736424213550112,-0.4396561932513179,0.833813714668725,-0.3422666921327049,0.10661129479066955,-1.0694691120107604,0.07296882266001675,-1.1031115841414132,0.3820255164205255,-0.7940548903809044,0.3664344483495704,-0.8096459584518595,0.5404161839323931,-0.6356642228690368,0.60269874,-0.5733816634580766,0.3222540580065907,-0.8538263487948392,0.6462216289689754,-0.5298587778324545,0.6838683407840177,-0.4922120660174122
E01026155,E01026155,Lincoln 002B,Lincoln,E01026155,1,2018,-0.0369563043189858,-0.206670587024692,0.143927479549031,60.85846630909405,66.77155040932487,0.0,0.0,0.0,-0.206670587024692,-0.16971428270570618,-0.06274310747566098,-0.025786803156675177,-0.2345634131884188,-0.197607108869433,-0.22721906801488764,-0.19026276369590184,-0.3967942705332272,-0.3598379662142414,-0.370478702096743,-0.3335223977777572,-0.1572318735567255,-0.12027556923773969,-0.229109,-0.1921526998209144,-0.342442681409923,-0.30548637709093723,-0.31627042453866966,-0.2793141202196839,-0.149653301650251,-0.1126969973312652
E01026155,E01026155,Lincoln 002B,Lincoln,E01026155,1,2019,0.18899932879769,-0.0369563043189858,0.16971428270570618,60.85846630909405,66.77155040932487,0.0,0.0,0.0,-0.0369563043189858,-0.2259556331166758,0.13275797838672038,-0.056241350410969615,-0.2354266986893471,-0.42442602748703706,-0.22775269940557888,-0.41675202820326884,-0.40364558697418623,-0.5926449157718763,-0.36957905809494035,-0.5585783868926304,-0.3818477110334147,-0.5708470398311047,-0.38150102,-0.5705003477986971,-0.35306769705247154,-0.5420670258501615,-0.42225643008670427,-0.6112557588843943,-0.29921278217863057,-0.48821211097632056
E01026157,E01026157,Lincoln 002C,Lincoln,E01026157,1,2018,1.49713669938558,1.16358471658455,-0.48107535691884995,61.172240264618395,66.82807633922374,0.0,0.0,0.0,1.16358471658455,-0.3335519828010298,0.6825093596657001,-0.8146273397198798,0.88449886868104,-0.6126378307045399,0.8497183319823838,-0.6474183674031961,1.1533679308309572,-0.3437687685546227,1.0966090614820474,-0.4005276379035325,1.355515286738854,-0.1416214126467259,1.407667,-0.08946965856068978,1.1340518159683162,-0.36308488341726375,1.2966697565393295,-0.20046694284625044,1.5567637178016451,0.059627018416065214
E01026157,E01026157,Lincoln 002C,Lincoln,E01026157,1,2019,1.79144950716247,1.49713669938558,0.3335519828010298,61.172240264618395,66.82807633922374,0.0,0.0,0.0,1.49713669938558,-0.2943128077768902,1.8306886821866097,0.03923917502413965,0.8891606103860523,-0.9022888967764178,0.8525999414921165,-0.9388495656703536,1.246353978133162,-0.545095529029308,1.1181104190637947,-0.6733390880986754,1.3818874693704781,-0.40956203779199196,1.4760946,-0.3153549036239569,1.1718306253155082,-0.6196188818469619,1.3360516334738906,-0.45539787368857954,1.5756493349018392,-0.21580017226063086
E01026165,E01026165,Lincoln 002D,Lincoln,E01026165,1,2018,1.36010089034378,1.21075298445398,-0.6727573135221301,61.778729956754006,67.17441774109626,0.0,0.0,0.0,1.21075298445398,-0.14934790588979996,0.5379956709318499,-0.82210521941193,0.8527615410603135,-0.5073393492834664,0.7535631745942067,-0.6065377157495732,1.2175567502890239,-0.14254414005475602,1.3197208936695644,-0.040379996674215546,1.271727160340227,-0.08837373000355297,1.2831103,-0.07699062938033996,1.192339925599608,-0.1677609647441718,1.4508703723312601,0.09076948198748025,1.265533448959369,-0.09456744138441087
E01026165,E01026165,Lincoln 002D,Lincoln,E01026165,1,2019,2.00301733218487,1.36010089034378,0.14934790588979996,61.778729956754006,67.17441774109626,0.0,0.0,0.0,1.36010089034378,-0.6429164418410902,1.5094487962335799,-0.49356853595129024,0.8472365138543732,-1.155780818330497,0.7501479336937829,-1.2528693984910872,1.220881178019935,-0.7821361541649352,1.3197208936695644,-0.6832964385153057,1.2746877924232782,-0.7283295397615919,1.3138914,-0.6891259213572334,1.1974612558082296,-0.8055560763766405,1.5373388684251361,-0.465678463759734,1.2757967007617472,-0.7272206314231229
E01026125,E01026125,Lincoln 003A,Lincoln,E01026125,1,2018,2.20578171299107,3.02263955598043,-0.06195335266923019,43.80162131748517,53.823813919513306,0.0,0.0,0.0,3.02263955598043,0.8168578429893598,2.9606862033112,0.7549044903201296,0.599377837456335,-1.6064038755347352,0.35799540057740453,-1.8477863124136658,1.8319344437074334,-0.37384726928363676,1.842280125454959,-0.36350158753611117,2.2923216466796847,0.08653993368861457,3.1941688,0.9883870930849796,2.6295253021988954,0.4237435892078252,3.0443759925539022,0.8385942795628321,2.6553765676335384,0.4495948546424682
E01026125,E01026125,Lincoln 003A,Lincoln,E01026125,1,2019,2.95163845726727,2.20578171299107,-0.8168578429893598,43.80162131748517,53.823813919513306,0.0,0.0,0.0,2.20578171299107,-0.7458567442761996,1.3889238700017104,-1.5627145872655595,0.6000339344370405,-2.3516045228302294,0.3584009604343298,-2.59323749683294,1.8319344437074334,-1.1197040135598364,1.842280125454959,-1.1093583318123108,2.2923216466796847,-0.6593168105875851,3.1971214,0.24548292449237374,2.6387448596865015,-0.3128935975807683,3.0952549785695287,0.14361652130225888,2.6570697972470745,-0.2945686600201953
E01026144,E01026144,Lincoln 003B,Lincoln,E01026144,1,2018,0.185377304402048,-0.126202789781493,-0.25824870848546,60.05676363390444,56.68718979813708,0.0,0.0,0.0,-0.126202789781493,-0.311580094183541,-0.384451498266953,-0.569828802669001,0.12356315467442916,-0.06181414972761884,0.05486280670313057,-0.13051449769891743,0.08686958864301329,-0.0985077157590347,0.07498751581499494,-0.11038978858705306,0.0528946543904798,-0.1324826500115682,0.115284786,-0.07009251877372921,0.05784863414773839,-0.1275286702543096,0.2247427523331382,0.0393654479310902,0.11558536908141262,-0.06979193532063538
E01026144,E01026144,Lincoln 003B,Lincoln,E01026144,1,2019,0.70837106897827,0.185377304402048,0.311580094183541,60.05676363390444,56.68718979813708,0.0,0.0,0.0,0.185377304402048,-0.5229937645762219,0.49695739858558896,-0.211413670392681,0.12466816011561724,-0.5837029088626527,0.05554585488321537,-0.6528252140950546,0.09468161859375933,-0.6136894503845106,0.07498751581499494,-0.633383553163275,0.09506988186260695,-0.6133011871156631,0.15242696,-0.5559441108941635,0.0897704979038356,-0.6186005710744343,0.27874025800694774,-0.4296308109713222,0.16612804221650512,-0.5422430267617648
E01026147,E01026147,Lincoln 003C,Lincoln,E01026147,1,2018,0.139315306221097,-0.033999697077325,-0.159757639378274,64.1503911856004,61.65905997344445,0.0,0.0,0.0,-0.033999697077325,-0.173315003298422,-0.193757336455599,-0.333072642676696,-0.11361563695738684,-0.25293094317848386,-0.15600529561556786,-0.29532060183666486,-0.05057580864463435,-0.18989111486573135,-0.058941997074293484,-0.19825730329539049,0.03380317321997184,-0.10551213300112516,0.04726774,-0.09204756749138165,-0.05994333720127824,-0.19925864342237526,0.038140442880889316,-0.10117486334020769,0.10823250945070018,-0.031082796770396826
E01026147,E01026147,Lincoln 003C,Lincoln,E01026147,1,2019,1.14299072954261,0.139315306221097,0.173315003298422,64.1503911856004,61.65905997344445,0.0,0.0,0.0,0.139315306221097,-1.003675423321513,0.312630309519519,-0.8303604200230911,-0.11513501943902042,-1.2581257489816304,-0.15694448686318446,-1.2999352164057945,-0.033133816092207745,-1.1761245456348177,-0.05099440847407943,-1.1939851380166895,0.07829594150166051,-1.0646947880409496,0.090916395,-1.0520743343552321,-0.021079397560255668,-1.1640701271028657,0.07322919304431394,-1.0697615364982962,0.1858319696137074,-0.9571587599289026
E01026148,E01026148,Lincoln 003D,Lincoln,E01026148,1,2018,0.278069294388626,0.169968000262349,-0.09841651005842697,63.16998174731056,59.82617686044291,0.0,0.0,0.0,0.169968000262349,-0.10810129412627698,0.07155149020392204,-0.20651780418470395,0.4362498808911586,0.15818058650253264,0.3879759424388285,0.1099066480502025,0.2821280983923955,0.004058804003769512,0.2872817843239428,0.009212489935316814,0.30841103356848265,0.030341739179856664,0.31595892,0.037889622752334706,0.3773861861361337,0.09931689174750769,0.46297666188742903,0.18490736749880304,0.35722768383087333,0.07915838944224735
E01026148,E01026148,Lincoln 003D,Lincoln,E01026148,1,2019,1.46103428511513,0.278069294388626,0.10810129412627698,63.16998174731056,59.82617686044291,0.0,0.0,0.0,0.278069294388626,-1.1829649907265039,0.38617058851490293,-1.074863696600227,0.4378383262128665,-1.0231959589022634,0.3889578241977004,-1.0720764609174296,0.2821280983923955,-1.1789061867227344,0.2872817843239428,-1.173752500791187,0.30841103356848265,-1.1526232515466472,0.31492043,-1.1461138597000908,0.3773861861361337,-1.0836480989789963,0.41795268390391166,-1.0430816012112183,0.3544144908422632,-1.1066197942728668
E01026151,E01026151,Lincoln 003E,Lincoln,E01026151,1,2018,0.248317380222212,0.320580473663388,-0.101100328005921,63.57876568084919,62.70618080722304,0.0,0.0,0.0,0.320580473663388,0.07226309344117599,0.21948014565746699,-0.028837234564745018,0.14624236497513346,-0.10207501524707854,0.08965875984221083,-0.15865862038000117,0.14082736193323214,-0.10749001828897986,0.09565027580560159,-0.1526671044166104,0.27790230328094895,0.029584923058736945,0.29140714,0.04308975788699515,0.20165762215259958,-0.04665975806961242,0.2655424760662083,0.017225095843996285,0.329249614103274,0.08093223388106202
E01026151,E01026151,Lincoln 003E,Lincoln,E01026151,1,2019,1.12905690854071,0.248317380222212,-0.07226309344117599,63.57876568084919,62.70618080722304,0.0,0.0,0.0,0.248317380222212,-0.880739528318498,0.17605428678103602,-0.9530026217596741,0.15042066679962587,-0.9786362417410842,0.09224153577315641,-1.0368153727675535,0.14082736193323214,-0.988229546607478,0.10055657923816011,-1.0285003293025499,0.27170229680881997,-0.8573546117318901,0.28529912,-0.8437577862071834,0.20165762215259958,-0.9273992863881104,0.25276161214864074,-0.8762952963920694,0.32900472103936174,-0.8000521875013483
E01026164,E01026164,Lincoln 003F,Lincoln,E01026164,1,2018,0.702842865504971,0.661751608869799,0.412065291491974,64.14503701037499,68.17978806573612,0.0,0.0,0.0,0.661751608869799,-0.04109125663517199,1.073816900361773,0.370974034856802,-0.12512915963297,-0.827972025137941,-0.19563865262465996,-0.898481518129631,0.07137286009451263,-0.6314700054104584,-0.0014236703937488555,-0.7042665358987199,0.2115710721568648,-0.4912717933481062,0.19593291,-0.5069099556586651,0.08568321653966113,-0.6171596489653098,0.30470614690257924,-0.39813671860239175,0.2967780410893099,-0.4060648244156611
E01026164,E01026164,Lincoln 003F,Lincoln,E01026164,1,2019,1.34850406387159,0.702842865504971,0.04109125663517199,64.14503701037499,68.17978806573612,0.0,0.0,0.0,0.702842865504971,-0.645661198366619,0.743934122140143,-0.604569941731447,-0.1262686964941952,-1.4747727603657852,-0.1963430460603724,-1.5448471099319623,0.08074632585401559,-1.2677577380175744,0.002719246468387998,-1.3457848174032019,0.2115710721568648,-1.136932991714725,0.19889139,-1.1496126774818576,0.08568321653966113,-1.262820847331929,0.3164457087855934,-1.0320583550859965,0.2827027870772779,-1.065801276794312
E01026167,E01026167,Lincoln 003G,Lincoln,E01026167,1,2018,1.09270643027692,0.692028699909556,-0.11762046751252109,61.62922101726365,64.31395101179096,0.0,0.0,0.0,0.692028699909556,-0.4006777303673641,0.5744082323970349,-0.5182981978798852,-0.026375261644534867,-1.119081691921455,-0.002362993978466482,-1.0950694242553864,0.5812566834884079,-0.5114497467885122,0.511358996554469,-0.581347433722451,0.7091056119244352,-0.38360081835248483,0.73868847,-0.3540179613438146,0.5339171090578151,-0.558789321219105,0.7048821576808304,-0.38782427259608965,0.8494606072956234,-0.2432458229812966
E01026167,E01026167,Lincoln 003G,Lincoln,E01026167,1,2019,1.08003454864272,1.09270643027692,0.4006777303673641,61.62922101726365,64.31395101179096,0.0,0.0,0.0,1.09270643027692,0.012671881634199966,1.4933841606442841,0.41334961200156406,-0.02381993656178745,-1.1038544852045076,-0.0007834450620204242,-1.0808179937047404,0.5812566834884079,-0.4987778651543122,0.511358996554469,-0.568675552088251,0.7091056119244352,-0.37092893671828486,0.73807245,-0.3419620937133683,0.5339171090578151,-0.546117439584905,0.7220379136032462,-0.3579966350394739,0.8493108379838094,-0.23072371065891073
E01026122,E01026122,Lincoln 004A,Lincoln,E01026122,1,2018,0.664188899521469,1.16837249720852,-0.17896319994791998,39.7154712388957,49.57145911484224,0.0,0.0,0.0,1.16837249720852,0.5041835976870511,0.9894092972606001,0.32522039773913114,0.4817146016745804,-0.18247429784688857,0.3990241846356736,-0.2651647148857954,1.2370950384547343,0.5729061389332654,1.2319007403996742,0.5677118408782053,1.174075816576846,0.5098869170553769,1.1842958,0.5201068739846956,0.9684241661920143,0.30423526667054535,1.234723914375403,0.570535014853934,1.2693076450380087,0.6051187455165398
E01026122,E01026122,Lincoln 004A,Lincoln,E01026122,1,2019,1.19532047360315,0.664188899521469,-0.5041835976870511,39.7154712388957,49.57145911484224,0.0,0.0,0.0,0.664188899521469,-0.531131574081681,0.16000530183441786,-1.0353151717687321,0.4840282068170679,-0.7112922667860822,0.40045431676272614,-0.7948661568404238,1.2370950384547343,0.04177456485158437,1.2319007403996742,0.03658026679652426,1.174075816576846,-0.02124465702630407,1.1842958,-0.011024700096985418,0.9684241661920143,-0.22689630741113564,1.1297844324385828,-0.06553604116456713,1.2616617261351906,0.0663412525320406
E01026123,E01026123,Lincoln 004B,Lincoln,E01026123,1,2018,0.92628777688554,0.802704847503472,0.41574123510506206,47.2425075684916,56.19124604299965,0.0,0.0,0.0,0.802704847503472,-0.12358292938206794,1.2184460826085342,0.29215830572299417,0.4835378316319135,-0.4427499452536265,0.34128550144077086,-0.5850022754447691,0.36524898678047046,-0.5610387901050695,0.3346816145236654,-0.5916061623618746,0.5388055573536737,-0.38748221953186623,0.4277078,-0.4985799855571098,0.466866636240421,-0.45942114064511896,0.4972951822947491,-0.42899259459079087,0.48645063421206114,-0.43983714267347884
E01026123,E01026123,Lincoln 004B,Lincoln,E01026123,1,2019,1.01373892899617,0.92628777688554,0.12358292938206794,47.2425075684916,56.19124604299965,0.0,0.0,0.0,0.92628777688554,-0.08745115211063004,1.0498707062676078,0.03613177727143779,0.4813623521695744,-0.5323765768265956,0.33994075033622895,-0.6737981786599411,0.36524898678047046,-0.6484899422156996,0.3346816145236654,-0.6790573144725046,0.5388055573536737,-0.47493337164249627,0.4277078,-0.5860311376677398,0.45790654246602547,-0.5558323865301446,0.4765974129784517,-0.5371415160177183,0.4758726706700013,-0.5378662583261687
E01026124,E01026124,Lincoln 004C,Lincoln,E01026124,1,2018,0.90134394977592,1.15339595256747,0.13090452572316003,28.71711033470949,43.7057504491828,0.0,0.0,0.0,1.15339595256747,0.25205200279154993,1.28430047829063,0.38295652851470996,0.4419574606575431,-0.45938648911837693,0.35539973110764,-0.54594421866828,0.8091477963571821,-0.09219615341873788,0.7767499018583782,-0.1245940479175418,1.0060733251297338,0.10472937535381377,0.8787853,-0.022558637600169296,0.8074492126156555,-0.09389473716026453,0.9045759841180239,0.00323203434210384,0.9586403548763648,0.05729640510044476
E01026124,E01026124,Lincoln 004C,Lincoln,E01026124,1,2019,0.983491046067045,0.90134394977592,-0.25205200279154993,28.71711033470949,43.7057504491828,0.0,0.0,0.0,0.90134394977592,-0.08214709629112493,0.6492919469843701,-0.33419909908267487,0.44105964373657786,-0.542431402330467,0.35484475446132113,-0.6286462916057238,0.8091477963571821,-0.1743432497098628,0.7767499018583782,-0.20674114420866674,1.0060733251297338,0.022582279062688837,0.9043863,-0.07910476409988187,0.8240011768147768,-0.15948986925226816,0.8673137976025939,-0.1161772484644511,1.0045486342702965,0.021057588203251543
E01026126,E01026126,Lincoln 004D,Lincoln,E01026126,1,2018,2.05711047435362,1.91036794532211,-0.4440962551894001,32.04496888347752,44.92934745169165,0.0,0.0,0.0,1.91036794532211,-0.14674252903151008,1.46627169013271,-0.5908387842209102,1.2105770944217906,-0.8465333799318295,1.2666818874011236,-0.7904285869524965,1.8047799749422624,-0.25233049941135777,1.7332269860578287,-0.3238834882957915,2.0376590834973944,-0.019451390856225714,2.2298274,0.17271692966859664,1.8944619935869962,-0.16264848076662397,2.1875354396086206,0.13042496525500047,2.2677452950942207,0.21063482074060058
E01026126,E01026126,Lincoln 004D,Lincoln,E01026126,1,2019,1.61047842002945,2.05711047435362,0.14674252903151008,32.04496888347752,44.92934745169165,0.0,0.0,0.0,2.05711047435362,0.4466320543241702,2.20385300338513,0.59337458335568,1.2122691340036098,-0.39820928602584016,1.2677278049268785,-0.34275061510257143,1.8047799749422624,0.19430155491281242,1.7332269860578287,0.12274856602837869,2.0376590834973944,0.4271806634679445,2.2298274,0.6193489839927668,1.8944619935869962,0.2839835735575462,2.1875354396086206,0.5770570195791707,2.2676461235228844,0.6571677034934345
E01026152,E01026152,Lincoln 004E,Lincoln,E01026152,1,2018,1.16549659953789,1.17075334979253,0.008177777411459974,60.24470053774846,65.79392690277301,0.0,0.0,0.0,1.17075334979253,0.005256750254639897,1.17893112720399,0.013434527666099871,0.8671202339095001,-0.29837636562839,0.9508222357231718,-0.21467436381471827,0.7825456468141603,-0.3829509527237298,0.7729824066445029,-0.3925141928933872,0.992200927978735,-0.17329567155915504,1.0131449,-0.1523517488069941,0.8581789308615914,-0.3073176686762987,1.0293577313991056,-0.1361388681387845,1.0950608311065282,-0.0704357684313619
E01026152,E01026152,Lincoln 004E,Lincoln,E01026152,1,2019,1.86626472416581,1.16549659953789,-0.005256750254639897,60.24470053774846,65.79392690277301,0.0,0.0,0.0,1.16549659953789,-0.7007681246279198,1.1602398492832502,-0.7060248748825597,0.8665331997688688,-0.9997315243969411,0.9504593663775017,-0.9158053577883082,0.7825456468141603,-1.0837190773516496,0.7729824066445029,-1.093282317521307,0.992200927978735,-0.8740637961870749,1.032564,-0.8337006801670916,0.8581789308615914,-1.0080857933042187,1.090894111476918,-0.775370612688892,1.097815309930059,-0.768449414235751
E01026154,E01026154,Lincoln 004F,Lincoln,E01026154,1,2018,0.597862113147368,0.419756729865451,-0.15026545752116904,59.397708783891936,65.10987934065663,0.0,0.0,0.0,0.419756729865451,-0.17810538328191705,0.26949127234428194,-0.3283708408030861,0.6837069671359408,0.08584485398857278,0.4720501150512981,-0.1258119980960699,0.37036308311436733,-0.2274990300330007,0.3663700200523039,-0.23149209309506413,0.593137379491805,-0.004724733655563029,0.5149962,-0.0828659421497484,0.49767675382010057,-0.10018535932726746,0.5557748780838312,-0.04208723506353684,0.5953974631890306,-0.002464649958337395
E01026154,E01026154,Lincoln 004F,Lincoln,E01026154,1,2019,1.0014915516352,0.597862113147368,0.17810538328191705,59.397708783891936,65.10987934065663,0.0,0.0,0.0,0.597862113147368,-0.40362943848783206,0.7759674964292851,-0.225524055205915,0.6837069671359408,-0.3177845844992593,0.4720501150512981,-0.529441436583902,0.37036308311436733,-0.6311284685208327,0.3663700200523039,-0.6351215315828962,0.593137379491805,-0.4083541721433951,0.5149962,-0.48649538063758047,0.49767675382010057,-0.5038147978150995,0.5557748780838312,-0.4457166735513689,0.5953974631890306,-0.40609408844616945
E01026156,E01026156,Lincoln 004G,Lincoln,E01026156,1,2018,1.04667711728018,0.382978358410478,-0.05706642978620302,61.18147710793052,66.29242792202514,0.0,0.0,0.0,0.382978358410478,-0.6636987588697021,0.325911928624275,-0.7207651886559051,0.24634263792114458,-0.8003344793590355,0.24462888565404653,-0.8020482316261336,0.48951207512600203,-0.5571650421541781,0.48497503216848115,-0.561702085111699,0.5956303409982975,-0.4510467762818826,0.590112,-0.45656514637869083,0.5017775407150883,-0.5448995765650918,0.6414699449169037,-0.4052071723632764,0.5854805795657942,-0.46119653771438585
E01026156,E01026156,Lincoln 004G,Lincoln,E01026156,1,2019,1.3823819644173,1.04667711728018,0.6636987588697021,61.18147710793052,66.29242792202514,0.0,0.0,0.0,1.04667711728018,-0.33570484713712,1.7103758761498822,0.3279939117325821,0.24841452312337214,-1.133967441293928,0.24590960099170547,-1.1364723634255947,0.4865564221845464,-0.8958255422327537,0.48604010529772923,-0.8963418591195709,0.5909343610882325,-0.7914476033290676,0.5687419,-0.8136400468071316,0.47832454600106744,-0.9040574184162327,0.6643980350531109,-0.7179839293641892,0.5874297576231406,-0.7949522067941595
E01026132,E01026132,Lincoln 005A,Lincoln,E01026132,1,2018,-0.486898249200416,-0.477502108523649,-0.14390766377360698,49.03555997946557,49.13887946994601,0.0,0.0,0.0,-0.477502108523649,0.009396140676767029,-0.621409772297256,-0.13451152309684,0.2726391711257064,0.7595374203261225,0.28767847813251757,0.7745767273329336,-0.323986823200907,0.16291142599950903,-0.40030606171622934,0.08659218748418668,-0.23274431382048158,0.25415393537993447,-0.30704206,0.17985618691785377,-0.16216689909910664,0.3247313501013094,-0.31555842800308964,0.17133982119732638,-0.2677673687727742,0.21913088042764184
E01026132,E01026132,Lincoln 005A,Lincoln,E01026132,1,2019,-0.270691236460034,-0.486898249200416,-0.009396140676767029,49.03555997946557,49.13887946994601,0.0,0.0,0.0,-0.486898249200416,-0.216207012740382,-0.49629438987718305,-0.22560315341714904,0.27771528987116406,0.5484065263311981,0.290816230709782,0.561507467169816,-0.323986823200907,-0.05329558674087298,-0.40030606171622934,-0.12961482525619533,-0.23274431382048158,0.03794692263955243,-0.30704206,-0.03635082582252824,-0.16216689909910664,0.10852433736092737,-0.3158855873561225,-0.045194350896088475,-0.26806488348678326,0.0026263529732507562
E01026143,E01034687,Lincoln 005E,Lincoln,E01026143,1,2018,0.128686549649223,-0.081180884376228,-0.1654986650110091,58.94386255577071,56.39602906318882,0.0,0.0,0.0,-0.081180884376228,-0.209867434025451,-0.2466795493872371,-0.3753660990364601,-0.018882592554994596,-0.14756914220421757,-0.04703178347799356,-0.17571833312721655,0.12258744868804224,-0.006099100961180756,0.15233943721720913,0.02365288756798614,0.24209844403312133,0.11341189438389834,0.23042269,0.10173614086152682,0.15693176226736796,0.02824521261814497,0.25119948338819176,0.12251293373896877,0.2973813393752106,0.16869478972598762
E01026143,E01034687,Lincoln 005E,Lincoln,E01026143,1,2019,0.131596269521759,0.128686549649223,0.209867434025451,58.94386255577071,56.39602906318882,0.0,0.0,0.0,0.128686549649223,-0.0029097198725360207,0.338553983674674,0.20695771415291497,-0.01815743273421501,-0.149753702255974,-0.046583533109812926,-0.17817980263157193,0.12258744868804224,-0.009008820833716777,0.15233943721720913,0.02074316769545012,0.23448558962991548,0.10288932010815646,0.23042269,0.0988264209889908,0.13996870448698126,0.008372434965222247,0.2316687356170245,0.10007246609526549,0.3010920142532953,0.16949574473153628
E01026143,E01034688,Lincoln 005F,Lincoln,E01026143,1,2018,0.128686549649223,-0.081180884376228,-0.1654986650110091,58.94386255577071,56.39602906318882,0.0,0.0,0.0,-0.081180884376228,-0.209867434025451,-0.2466795493872371,-0.3753660990364601,-0.018882592554994596,-0.14756914220421757,-0.04703178347799356,-0.17571833312721655,0.12258744868804224,-0.006099100961180756,0.15233943721720913,0.02365288756798614,0.24209844403312133,0.11341189438389834,0.23042269,0.10173614086152682,0.15693176226736796,0.02824521261814497,0.25119948338819176,0.12251293373896877,0.2973813393752106,0.16869478972598762
E01026143,E01034688,Lincoln 005F,Lincoln,E01026143,1,2019,0.131596269521759,0.128686549649223,0.209867434025451,58.94386255577071,56.39602906318882,0.0,0.0,0.0,0.128686549649223,-0.0029097198725360207,0.338553983674674,0.20695771415291497,-0.01815743273421501,-0.149753702255974,-0.046583533109812926,-0.17817980263157193,0.12258744868804224,-0.009008820833716777,0.15233943721720913,0.02074316769545012,0.23448558962991548,0.10288932010815646,0.23042269,0.0988264209889908,0.13996870448698126,0.008372434965222247,0.2316687356170245,0.10007246609526549,0.3010920142532953,0.16949574473153628
E01026145,E01026145,Lincoln 005C,Lincoln,E01026145,1,2018,-0.0856073274067331,-0.187687610635067,-0.039412044135092,61.47553857065585,58.128667240077576,0.0,0.0,0.0,-0.187687610635067,-0.1020802832283339,-0.227099654770159,-0.1414923273634259,-0.1280936064826771,-0.04248627907594399,-0.07328634820688061,0.012320979199852491,-0.12214566249209059,-0.03653833508535749,-0.16462103156788793,-0.07901370416115483,-0.03730256437215824,0.048304763034574864,-0.061726786,0.02388054121050126,-0.011368336190892295,0.07423899121584081,0.013850997303284037,0.09945832471001714,-0.00648562574803889,0.07912170165869421
E01026145,E01026145,Lincoln 005C,Lincoln,E01026145,1,2019,0.18977366782543,-0.0856073274067331,0.1020802832283339,61.47553857065585,58.128667240077576,0.0,0.0,0.0,-0.0856073274067331,-0.2753809952321631,0.0164729558216008,-0.1733007120038292,-0.12861157778323395,-0.318385245608664,-0.07360652704129535,-0.26338019486672537,-0.12214566249209059,-0.3119193303175206,-0.16462103156788793,-0.3543946993933179,-0.03730256437215824,-0.22707623219758824,-0.061726786,-0.2515004540216619,-0.02382797315947563,-0.21360164098490564,0.002565093895376575,-0.18720857393005344,-0.006527053684558276,-0.19630072150998829
E01026146,E01026146,Lincoln 005D,Lincoln,E01026146,1,2018,0.504827941613912,0.431139193684421,0.277529650823715,54.79368443453655,53.130804470454805,0.0,0.0,0.0,0.431139193684421,-0.07368874792949098,0.7086688445081359,0.20384090289422396,0.46439792627227156,-0.040430015341640424,0.3934417058813534,-0.11138623573255857,0.3548309888985614,-0.14999695271535057,0.39077746287530096,-0.11405047873861102,0.36889455766252516,-0.13593338395138682,0.3302857,-0.17454224343848168,0.38031579451097497,-0.12451214710293701,0.4609536391294929,-0.04387430248441909,0.3386639746721587,-0.16616396694175328
E01026146,E01026146,Lincoln 005D,Lincoln,E01026146,1,2019,0.69677000152141,0.504827941613912,0.07368874792949098,54.79368443453655,53.130804470454805,0.0,0.0,0.0,0.504827941613912,-0.19194205990749802,0.578516689543403,-0.11825331197800704,0.4674712226555759,-0.2292987788658341,0.3953414336322143,-0.3014285678891957,0.3548309888985614,-0.3419390126228486,0.39077746287530096,-0.30599253864610904,0.36889455766252516,-0.32787544385888484,0.3302857,-0.3664843033459797,0.38031579451097497,-0.31645420701043503,0.5621890049857377,-0.13458099653567235,0.3384838467160579,-0.3582861548053521
E01026134,E01026134,Lincoln 006A,Lincoln,E01026134,1,2018,1.13028141792705,0.675551112671797,0.500405197188686,52.40845861518006,54.99146290342378,0.0,0.0,0.0,0.675551112671797,-0.45473030525525293,1.175956309860483,0.045674891933433104,0.8312963791050831,-0.2989850388219668,0.7480737669812519,-0.382207650945798,0.4496180794038756,-0.6806633385231744,0.4730841293077778,-0.6571972886192721,0.4105746731733467,-0.7197067447537032,0.4259004,-0.7043810182421439,0.6620663834502917,-0.4682150344767583,0.4696467566093396,-0.6606346613177103,0.4188154285104978,-0.7114659894165521
E01026134,E01026134,Lincoln 006A,Lincoln,E01026134,1,2019,1.54445814923076,1.13028141792705,0.45473030525525293,52.40845861518006,54.99146290342378,0.0,0.0,0.0,1.13028141792705,-0.41417673130371013,1.5850117231823029,0.0405535739515428,0.8357854637099096,-0.7086726855208505,0.7508486502128463,-0.7936094990179138,0.4571659148588579,-1.0872922343719023,0.4730841293077778,-1.0713740199229822,0.4105746731733467,-1.1338834760574135,0.4259004,-1.118557749545854,0.6689634221693929,-0.8754947270613672,0.4979239130949246,-1.0465342361358354,0.41855232026001365,-1.1259058289707464
E01026176,E01026176,Lincoln 006B,Lincoln,E01026176,1,2018,0.887498036034783,1.0073153697865,-0.3856442908914499,46.29140866577948,48.12684688045204,0.0,0.0,0.0,1.0073153697865,0.11981733375171699,0.6216710788950501,-0.2658269571397329,1.0089594421131782,0.12146140607839517,0.9933100462027501,0.10581201016796704,1.2775433337157913,0.39004529768100826,1.092667295658185,0.20516925962340204,1.247967313693045,0.36046927765826187,1.27844,0.39094196259192593,1.1128074945588804,0.22530945852409734,1.3380456215136773,0.4505475854788943,1.323959166458641,0.4364611304238579
E01026176,E01026176,Lincoln 006B,Lincoln,E01026176,1,2019,1.07054047774277,0.887498036034783,-0.11981733375171699,46.29140866577948,48.12684688045204,0.0,0.0,0.0,0.887498036034783,-0.183042441707987,0.7676807022830661,-0.302859775459704,1.0121708641766312,-0.0583696135661389,0.9952951549761214,-0.07524532276664864,1.2775433337157913,0.20700285597302126,1.0997905792720215,0.02925010152925145,1.247967313693045,0.17742683595027486,1.2760236,0.2054831485847446,1.1128074945588804,0.04226701681611034,1.2336727753080097,0.16313229756523961,1.3248631190398674,0.25432264129709736
E01026177,E01026177,Lincoln 006C,Lincoln,E01026177,1,2018,0.580150727469487,0.946785546786412,-0.08117542086818796,46.484253114762076,47.916816586563755,0.0,0.0,0.0,0.946785546786412,0.366634819316925,0.8656101259182241,0.285459398448737,0.16802350151212134,-0.41212722595736573,0.18194471651011293,-0.39820601095937413,0.5460637619956447,-0.03408696547384238,0.5530291267695905,-0.027121600699896553,0.7304059723954304,0.15025524492594333,0.8266684,0.24651765422149197,0.4509932278201526,-0.12915749964933443,0.788597046793064,0.20844631932357693,0.9313816209723499,0.35123089350286285
E01026177,E01026177,Lincoln 006C,Lincoln,E01026177,1,2019,1.3290643756933,0.580150727469487,-0.366634819316925,46.484253114762076,47.916816586563755,0.0,0.0,0.0,0.580150727469487,-0.748913648223813,0.21351590815256205,-1.115548467540738,0.16802350151212134,-1.1610408741811786,0.18194471651011293,-1.1471196591831871,0.5460637619956447,-0.7830006136976554,0.5530291267695905,-0.7760352489237096,0.7304059723954304,-0.5986584032978697,0.8266684,-0.502395994002321,0.4509932278201526,-0.8780711478731474,0.788597046793064,-0.5404673289002361,0.9313816209723499,-0.39768275472095016
E01026178,E01026178,Lincoln 006D,Lincoln,E01026178,1,2018,0.620313939032367,0.312816732285323,0.026495330114589988,48.627697172276996,50.447346012446005,0.0,0.0,0.0,0.312816732285323,-0.307497206747044,0.33931206239991296,-0.281001876632454,0.44392238343911355,-0.17639155559325342,0.37513653256199253,-0.24517740647037445,0.41291986295264477,-0.2073940760797222,0.45186584726750945,-0.16844809176485753,0.35797580408439794,-0.26233813494796904,0.40474716,-0.2155667807434113,0.35403801723482076,-0.2662759217975462,0.5365146024231436,-0.08379933660922334,0.42422353830092285,-0.19609040073144413
E01026178,E01026178,Lincoln 006D,Lincoln,E01026178,1,2019,1.25581450512805,0.620313939032367,0.307497206747044,48.627697172276996,50.447346012446005,0.0,0.0,0.0,0.620313939032367,-0.6355005660956831,0.9278111457794109,-0.3280033593486391,0.43853548191332176,-0.8172790232147282,0.3718066726840793,-0.8840078324439707,0.4501986133835891,-0.8056158917444609,0.45186584726750945,-0.8039486578605406,0.5737216153033198,-0.6820928898247303,0.53915715,-0.7166573529521467,0.4739193422645679,-0.7818951628634822,0.6054885165574417,-0.6503259885706083,0.5839069323585544,-0.6719075727694956
E01026127,E01026127,Lincoln 007A,Lincoln,E01026127,1,2018,2.00578262843008,1.52892436212062,0.33160401674364004,82.65208203350035,66.90197679836979,0.0,0.0,0.0,1.52892436212062,-0.4768582663094598,1.8605283788642601,-0.14525424956581978,0.8199147469188202,-1.1858678815112598,0.7539207681956996,-1.2518618602343803,1.1240144611358587,-0.8817681672942213,1.1615327515076552,-0.8442498769224247,1.27888920065215,-0.72689342777793,1.2278408,-0.7779418472182269,1.2417379669678015,-0.7640446614622785,1.2821532079014701,-0.7236294205286098,1.3106252834146022,-0.6951573450154778
E01026127,E01026127,Lincoln 007A,Lincoln,E01026127,1,2019,2.17369815746661,2.00578262843008,0.4768582663094598,82.65208203350035,66.90197679836979,0.0,0.0,0.0,2.00578262843008,-0.16791552903652995,2.4826408947395397,0.30894273727292987,0.8199147469188202,-1.3537834105477897,0.7539207681956996,-1.4197773892709102,1.1240144611358587,-1.0496836963307512,1.1615327515076552,-1.0121654059589547,1.27888920065215,-0.8948089568144599,1.2278408,-0.9458573762547569,1.2417379669678015,-0.9319601904988084,1.2821532079014701,-0.8915449495651397,1.3106252834146022,-0.8630728740520077
E01026128,E01034689,Lincoln 007E,Lincoln,E01026128,1,2018,0.828363155975375,0.563749221242431,0.095044937537959,81.15571088840169,66.19585506993305,0.0,0.0,0.0,0.563749221242431,-0.26461393473294403,0.65879415878039,-0.16956899719498497,0.16527847720049263,-0.6630846787748824,0.007307520719906063,-0.821055635255469,0.3249289254440391,-0.503434230531336,0.3538796147150512,-0.4744835412603238,0.5073253159063638,-0.32103784006901126,0.51136285,-0.3170003053093289,0.3850408459769099,-0.4433223099984651,0.5396185877661981,-0.28874456820917693,0.6161244318803901,-0.2122387240949849
E01026128,E01034689,Lincoln 007E,Lincoln,E01026128,1,2019,0.820722521178227,0.828363155975375,0.26461393473294403,81.15571088840169,66.19585506993305,0.0,0.0,0.0,0.828363155975375,0.007640634797148049,1.092977090708319,0.27225456953009197,0.16593457418119803,-0.6547879469970289,0.007713080576831399,-0.8130094406013956,0.3249289254440391,-0.49579359573418785,0.3538796147150512,-0.4668429064631758,0.5073253159063638,-0.3133972052718632,0.51136285,-0.30935967051218083,0.3850408459769099,-0.43568167520131706,0.5356332747739542,-0.2850892464042728,0.6160859775976271,-0.2046365435805999
E01026128,E01034690,Lincoln 007F,Lincoln,E01026128,1,2018,0.828363155975375,0.563749221242431,0.095044937537959,81.15571088840169,66.19585506993305,0.0,0.0,0.0,0.563749221242431,-0.26461393473294403,0.65879415878039,-0.16956899719498497,0.16527847720049263,-0.6630846787748824,0.007307520719906063,-0.821055635255469,0.3249289254440391,-0.503434230531336,0.3538796147150512,-0.4744835412603238,0.5073253159063638,-0.32103784006901126,0.51136285,-0.3170003053093289,0.3850408459769099,-0.4433223099984651,0.5396185877661981,-0.28874456820917693,0.6161244318803901,-0.2122387240949849
E01026128,E01034690,Lincoln 007F,Lincoln,E01026128,1,2019,0.820722521178227,0.828363155975375,0.26461393473294403,81.15571088840169,66.19585506993305,0.0,0.0,0.0,0.828363155975375,0.007640634797148049,1.092977090708319,0.27225456953009197,0.16593457418119803,-0.6547879469970289,0.007713080576831399,-0.8130094406013956,0.3249289254440391,-0.49579359573418785,0.3538796147150512,-0.4668429064631758,0.5073253159063638,-0.3133972052718632,0.51136285,-0.30935967051218083,0.3850408459769099,-0.43568167520131706,0.5356332747739542,-0.2850892464042728,0.6160859775976271,-0.2046365435805999
E01026129,E01026129,Lincoln 007C,Lincoln,E01026129,1,2018,1.91123858059565,1.88728469445834,0.07890581634185989,84.14133476235676,67.66726026900541,0.0,0.0,0.0,1.88728469445834,-0.023953886137310088,1.9661905108001998,0.054951930204549804,1.0845472032852945,-0.8266913773103555,1.056716928774634,-0.8545216518210159,1.5231920333232842,-0.38804654727236576,1.4488515615816417,-0.46238701901400825,1.7601515655885445,-0.15108701500710553,1.7513198,-0.1599188145510333,1.5702551305729153,-0.34098345002273467,1.79602661017014,-0.1152119704255099,1.8700249902614086,-0.041213590334241434
E01026129,E01026129,Lincoln 007C,Lincoln,E01026129,1,2019,2.42243050151833,1.91123858059565,0.023953886137310088,84.14133476235676,67.66726026900541,0.0,0.0,0.0,1.91123858059565,-0.5111919209226798,1.93519246673296,-0.48723803478536976,1.0850306431658143,-1.3373998583525155,1.0570157623534213,-1.3654147391649085,1.529811708817112,-0.8926187927012179,1.4488515615816417,-0.9735789399366881,1.7601515655885445,-0.6622789359297854,1.7513198,-0.6711107354737131,1.5702551305729153,-0.8521753709454145,1.79602661017014,-0.6264038913481897,1.869996655526741,-0.5524338459915887
E01026131,E01026131,Lincoln 007D,Lincoln,E01026131,1,2018,1.62422061173767,1.52636441897116,0.4527311304533501,81.76082290725648,66.5225965633002,0.0,0.0,0.0,1.52636441897116,-0.09785619276651003,1.9790955494245102,0.3548749376868401,0.35924196869035235,-1.2649786430473178,0.3365279190304499,-1.2876926927072203,0.8601152235560146,-0.7641053881816555,0.8166967934749222,-0.8075238182627479,0.9407094823633035,-0.6835111293743665,1.0130391,-0.6111814996466056,0.8161306427857129,-0.8080899689519572,1.0227758643928193,-0.6014447473448508,1.0194455137138128,-0.6047750980238573
E01026131,E01026131,Lincoln 007D,Lincoln,E01026131,1,2019,1.44782972278026,1.62422061173767,0.09785619276651003,81.76082290725648,66.5225965633002,0.0,0.0,0.0,1.62422061173767,0.17639088895741017,1.72207680450418,0.2742470817239202,0.35651398650741933,-1.0913157362728405,0.33484164383586557,-1.1129880789443942,0.8601152235560146,-0.5877144992242453,0.8166967934749222,-0.6311329293053377,0.9407094823633035,-0.5071202404169564,1.0066564,-0.4411733144703234,0.8161306427857129,-0.631699079994547,0.9650590538538181,-0.4827706689264418,1.0196054025737222,-0.42822432020653767
E01026133,E01034691,Lincoln 008E,Lincoln,E01026133,1,2018,-0.312447892001789,-0.338239864248152,-0.03916428686707901,53.640680003926526,55.43117636044965,0.0,0.0,0.0,-0.338239864248152,-0.025791972246362982,-0.377404151115231,-0.064956259113442,-0.024887713227256844,0.28756017877453216,-0.09312402402833,0.219323867973459,-0.43226648416189034,-0.11981859216010132,-0.5044839200678181,-0.19203602806602904,-0.3307660452551101,-0.01831815325332109,-0.33196163,-0.019513739773113326,-0.2554114504134939,0.05703644158829513,-0.4241293008592076,-0.11168140885741856,-0.2514913486618816,0.06095654333990741
E01026133,E01034691,Lincoln 008E,Lincoln,E01026133,1,2019,0.0715611198531958,-0.312447892001789,0.025791972246362982,53.640680003926526,55.43117636044965,0.0,0.0,0.0,-0.312447892001789,-0.3840090118549848,-0.28665591975542604,-0.35821703960862183,-0.02820272955082108,-0.09976384940401688,-0.0951731685685843,-0.1667342884217801,-0.47672301599707967,-0.5482841358502755,-0.5078510437486324,-0.5794121636018282,-0.4233328671402295,-0.4948939869934253,-0.42649087,-0.4980519929515692,-0.34942804684229173,-0.4209891666954875,-0.5011790040122954,-0.5727401238654912,-0.30861667380015767,-0.38017779365335347
E01026212,E01026212,North Kesteven 005D,North Kesteven,E01026212,1,2018,0.0035995434787289,-0.0249244326329694,0.5390093530056246,82.09084556564227,86.73243740650891,0.0,0.0,0.0,-0.0249244326329694,-0.0285239761116983,0.5140849203726552,0.5104853768939263,-0.542863021017876,-0.5464625644966049,-0.47088984951613155,-0.4744893929948604,-0.5819803645652176,-0.5855799080439466,-0.6244556059546212,-0.6280551494333502,-0.5078292877321109,-0.5114288312108398,-0.4999991,-0.5035986494090573,-0.46154690871720205,-0.4651464521959309,-0.47043482545751947,-0.47403436893624834,-0.4716512083366299,-0.47525075181535875
E01026212,E01026212,North Kesteven 005D,North Kesteven,E01026212,1,2019,-0.18906696589677,0.0035995434787289,0.0285239761116983,82.09084556564227,86.73243740650891,0.0,0.0,0.0,0.0035995434787289,0.1926665093754989,0.032123519590427196,0.2211904854871972,-0.5433464608983958,-0.3542794950016258,-0.4711886830949187,-0.2821217171981487,-0.5824478222529982,-0.3933808563562282,-0.6244556059546212,-0.4353886400578513,-0.5078292877321109,-0.3187623218353409,-0.50239265,-0.31332568375380376,-0.46154690871720205,-0.2724799428204321,-0.47043482545751947,-0.2813678595607495,-0.4716228736019623,-0.28255590770519234
E01026213,E01026213,North Kesteven 005E,North Kesteven,E01026213,1,2018,0.664007293880039,0.854510062748021,0.7599166901380424,82.45292380790966,87.36986212562049,0.0,0.0,0.0,0.854510062748021,0.190502768867982,1.6144267528860634,0.9504194590060244,-0.031744383804457744,-0.6957516776844967,0.02712535645167291,-0.6368819374283661,-0.11317302257488417,-0.7771803164549231,-0.15769059976609276,-0.8216978936461318,0.032285933680161166,-0.6317213601998778,0.023148693,-0.6408586007357175,0.023968589408853075,-0.6400387044711859,-0.05160520117145668,-0.7156124950514957,0.13887393495580866,-0.5251333589242303
E01026213,E01026213,North Kesteven 005E,North Kesteven,E01026213,1,2019,0.798885976487168,0.664007293880039,-0.190502768867982,82.45292380790966,87.36986212562049,0.0,0.0,0.0,0.664007293880039,-0.13487868260712899,0.473504525012057,-0.325381451475111,-0.031744383804457744,-0.8306303602916257,0.02712535645167291,-0.7717606200354951,-0.11317302257488417,-0.9120589990620521,-0.15769059976609276,-0.9565765762532608,0.032285933680161166,-0.7666000428070068,0.023148693,-0.7757372833428465,0.023968589408853075,-0.7749173870783149,-0.05160520117145668,-0.8504911776586247,0.13887393495580866,-0.6600120415313593
E01026192,E01026192,North Kesteven 006A,North Kesteven,E01026192,1,2018,-0.0515896859797235,-0.366247238367323,-0.02717696064938796,60.31803028654516,69.50272109886497,0.0,0.0,0.0,-0.366247238367323,-0.31465755238759946,-0.39342419901671094,-0.3418345130369874,-0.39264993469764986,-0.34106024871792634,-0.39911993585191796,-0.34753024987219444,-0.5686094573683647,-0.5170197713886412,-0.5559064963610405,-0.504316810381317,-0.5598359884113241,-0.5082463024316006,-0.5662953,-0.5147056397763495,-0.5276607535839415,-0.47607106760421797,-0.6896354097819501,-0.6380457238022267,-0.46253736350693997,-0.41094767752721645
E01026192,E01026192,North Kesteven 006A,North Kesteven,E01026192,1,2019,0.0186495165172103,-0.0515896859797235,0.31465755238759946,60.31803028654516,69.50272109886497,0.0,0.0,0.0,-0.0515896859797235,-0.0702392024969338,0.26306786640787594,0.24441834989066563,-0.39264993469764986,-0.41129945121486017,-0.39911993585191796,-0.41776945236912827,-0.5686094573683647,-0.5872589738855749,-0.5559064963610405,-0.5745560128782508,-0.5598359884113241,-0.5784855049285343,-0.5662953,-0.5849448422732832,-0.5276607535839415,-0.5463102701011517,-0.6896354097819501,-0.7082849262991604,-0.46253736350693997,-0.4811868800241503
E01026194,E01026194,North Kesteven 006B,North Kesteven,E01026194,1,2018,0.104439134782906,-0.315185438918962,-0.013763491615219003,10.958737361409979,31.042914376017354,0.0,0.0,0.0,-0.315185438918962,-0.419624573701868,-0.328948930534181,-0.433388065317087,-0.16037833323737594,-0.26481746802028194,-0.19209785862168466,-0.29653699340459067,-0.3816771498848866,-0.4861162846677926,-0.44415645325150316,-0.5485955880344091,-0.2380298217649631,-0.34246895654786913,-0.25216377,-0.35660290259754224,-0.2615398248606432,-0.3659789596435492,-0.19290129430463163,-0.29734042908753766,-0.19756633036854357,-0.30200546515144955
E01026194,E01026194,North Kesteven 006B,North Kesteven,E01026194,1,2019,-0.0322486691794539,0.104439134782906,0.419624573701868,10.958737361409979,31.042914376017354,0.0,0.0,0.0,0.104439134782906,0.1366878039623599,0.524063708484774,0.5563123776642279,-0.18776174932681783,-0.15551308014736392,-0.20902464633441056,-0.17677597715495666,-0.390411088116512,-0.3581624189370581,-0.45124719954718445,-0.41899853036773055,-0.19331695486884282,-0.1610682856893889,-0.15730342,-0.12505475350998396,-0.26858275865938575,-0.23633408947993184,-0.1855113778735361,-0.1532627086940822,-0.12255064453467734,-0.09030197535522344
E01026195,E01026195,North Kesteven 006C,North Kesteven,E01026195,1,2018,-0.255134759981256,-0.609095237117249,0.09015736066293001,8.833798783204207,29.77152930007194,0.0,0.0,0.0,-0.609095237117249,-0.353960477135993,-0.518937876454319,-0.263803116473063,-0.468789776285045,-0.21365501630378897,-0.4460678822653794,-0.1909331222841234,-0.5410860878199388,-0.2859513278386828,-0.5742687315995287,-0.3191339716182727,-0.49964164585479665,-0.24450688587354064,-0.54209566,-0.28696090118207407,-0.4297512323737542,-0.17461647239249817,-0.5348579014061844,-0.2797231414249284,-0.4087895065870586,-0.15365474660580258
E01026195,E01026195,North Kesteven 006C,North Kesteven,E01026195,1,2019,-0.276092263800474,-0.255134759981256,0.353960477135993,8.833798783204207,29.77152930007194,0.0,0.0,0.0,-0.255134759981256,0.020957503819218015,0.09882571715473698,0.374917980955211,-0.4717940098282751,-0.19570174602780105,-0.4479249195049848,-0.17183265570451078,-0.5410860878199388,-0.2649938240194648,-0.5742687315995287,-0.2981764677990547,-0.49964164585479665,-0.22354938205432262,-0.54209566,-0.26600339736285605,-0.4297512323737542,-0.15365896857328015,-0.5340770798440554,-0.25798481604358137,-0.40861342645019616,-0.13252116264972214
E01026196,E01026196,North Kesteven 006D,North Kesteven,E01026196,1,2018,0.345311075424718,-0.149759175812849,0.084868091494855,41.415382287511385,51.142495653638726,0.0,0.0,0.0,-0.149759175812849,-0.495070251237567,-0.06489108431799401,-0.410202159742712,-0.2142202662235708,-0.5595313416482888,-0.2078233047873461,-0.5531343802120641,-0.264103832049427,-0.6094149074741451,-0.32862128094905774,-0.6739323563737758,-0.20071662791449654,-0.5460277033392146,-0.21647401,-0.5617850869651309,-0.2596301879289966,-0.6049412633537146,-0.2182932577097453,-0.5636043331344633,-0.20188233173916922,-0.5471934071638872
E01026196,E01026196,North Kesteven 006D,North Kesteven,E01026196,1,2019,0.225110472650159,0.345311075424718,0.495070251237567,41.415382287511385,51.142495653638726,0.0,0.0,0.0,0.345311075424718,0.12020060277455902,0.840381326662285,0.6152708540121261,-0.2142202662235708,-0.43933073887372975,-0.2078233047873461,-0.43293377743750505,-0.264103832049427,-0.489214304699586,-0.32862128094905774,-0.5537317535992168,-0.20071662791449654,-0.42582710056465556,-0.21647401,-0.4415844841905719,-0.2596301879289966,-0.4847406605791556,-0.2182932577097453,-0.4434037303599043,-0.20188233173916922,-0.4269928043893282
E01026180,E01026180,North Kesteven 007A,North Kesteven,E01026180,1,2018,0.0137112849344895,0.0492921656984146,0.049916988315688006,79.04084988009572,81.79501486082998,0.0,0.0,0.0,0.0492921656984146,0.0355808807639251,0.0992091540141026,0.0854978690796131,-0.33041460257931604,-0.3441258875138055,-0.22063769569773065,-0.23434898063222015,-0.24509831772676638,-0.25880960266125586,-0.29471890234860365,-0.3084301872830931,-0.19460427636115515,-0.20831556129564466,-0.13097757,-0.1446888559450791,-0.32685954733359274,-0.3405708322680822,-0.23961566142547608,-0.25332694635996555,-0.07592992811681612,-0.08964121305130562
E01026180,E01026180,North Kesteven 007A,North Kesteven,E01026180,1,2019,0.318490934618779,0.0137112849344895,-0.0355808807639251,79.04084988009572,81.79501486082998,0.0,0.0,0.0,0.0137112849344895,-0.3047796496842895,-0.0218695958294356,-0.34036053044821457,-0.331485076600467,-0.649976011219246,-0.22129939862218778,-0.5397903332409668,-0.24509831772676638,-0.5635892523455454,-0.29471890234860365,-0.6132098369673826,-0.19460427636115515,-0.5130952109799342,-0.13097757,-0.4494685056293686,-0.32685954733359274,-0.6453504819523717,-0.23961566142547608,-0.558106596044255,-0.07586718691862371,-0.3943581215374027
E01026183,E01026183,North Kesteven 007B,North Kesteven,E01026183,1,2018,0.418281950575004,-0.162254016497417,0.026889018211769006,78.92342268450068,91.12124178927098,0.0,0.0,0.0,-0.162254016497417,-0.580535967072421,-0.135364998285648,-0.553646948860652,-0.018624335217609048,-0.43690628579261304,-0.07877981474510003,-0.49706176532010404,-0.10983816854692616,-0.5281201191219301,-0.13799743627371436,-0.5562793868487184,-0.16046408835256676,-0.5787460389275707,-0.17620847,-0.5944904168664316,-0.07717191729414903,-0.495453867869153,-0.17815561151235598,-0.59643756208736,-0.11826907360126496,-0.536551024176269
E01026183,E01026183,North Kesteven 007B,North Kesteven,E01026183,1,2019,0.980061110724248,0.418281950575004,0.580535967072421,78.92342268450068,91.12124178927098,0.0,0.0,0.0,0.418281950575004,-0.5617791601492439,0.998817917647425,0.01875680692317705,-0.018624335217609048,-0.998685445941857,-0.07877981474510003,-1.058840925469348,-0.10983816854692616,-1.0898992792711741,-0.13799743627371436,-1.1180585469979623,-0.16046408835256676,-1.1405251990768148,-0.17620847,-1.1562695770156757,-0.07717191729414903,-1.057233028018397,-0.17815561151235598,-1.158216722236604,-0.11826907360126496,-1.0983301843255129
E01026210,E01026210,North Kesteven 007C,North Kesteven,E01026210,1,2018,0.359801891936917,-0.224005468058458,0.064949463476563,79.73211081669604,89.5374569091425,0.0,0.0,0.0,-0.224005468058458,-0.583807359995375,-0.159056004581895,-0.518857896518812,-0.6683791429977424,-1.0281810349346594,-0.546194987007327,-0.9059968789442441,-0.5253068938434745,-0.8851087857803914,-0.5111838787475678,-0.8709857706844848,-0.5377874486039124,-0.8975893405408293,-0.5598672,-0.9196690951725432,-0.557830879084253,-0.91763277102117,-0.617239535503959,-0.9770414274408761,-0.44869238949746015,-0.8084942814343772
E01026210,E01026210,North Kesteven 007C,North Kesteven,E01026210,1,2019,0.491730451406533,0.359801891936917,0.583807359995375,79.73211081669604,89.5374569091425,0.0,0.0,0.0,0.359801891936917,-0.131928559469616,0.9436092519322921,0.4518788005257591,-0.6683791429977424,-1.1601095944042754,-0.546194987007327,-1.03792543841386,-0.5253068938434745,-1.0170373452500074,-0.5111838787475678,-1.0029143301541008,-0.5377874486039124,-1.0295179000104453,-0.5598672,-1.0515976546421593,-0.557830879084253,-1.049561330490786,-0.617239535503959,-1.108969986910492,-0.44869238949746015,-0.9404228409039932
E01026224,E01026224,North Kesteven 007D,North Kesteven,E01026224,1,2018,-0.157605395673919,-0.307568579376311,0.039524554083764984,76.25078255954075,71.17427728946039,0.0,0.0,0.0,-0.307568579376311,-0.14996318370239198,-0.268044025292546,-0.110438629618627,-0.12862037509603247,0.028985020577886544,0.006805926713289251,0.16441132238720826,-0.2696218341620045,-0.11201643848808551,-0.26626626802756237,-0.10866087235364336,-0.0051600288831237795,0.15244536679079523,-0.13188744,0.025717959760833076,-0.019480943587349364,0.13812445208656965,-0.17148400836148908,-0.013878612687570069,-0.0634627565406144,0.09414263913330462
E01026224,E01026224,North Kesteven 007D,North Kesteven,E01026224,1,2019,0.420415132319088,-0.157605395673919,0.14996318370239198,76.25078255954075,71.17427728946039,0.0,0.0,0.0,-0.157605395673919,-0.5780205279930071,-0.007642211971527035,-0.42805734429061504,-0.12540895303257965,-0.5458240853516676,0.008791035486660645,-0.41162409683242734,-0.2736965820711663,-0.6941117143902543,-0.2604611307305926,-0.6808762630496806,-0.13286835107610317,-0.5532834833951912,-0.18774182,-0.6081569483629418,-0.07598406669048491,-0.4963991990095729,-0.1960665282262155,-0.6164816605453035,-0.10172255208989814,-0.5221376844089861
E01026179,E01026179,North Kesteven 008A,North Kesteven,E01026179,1,2018,-0.159828121822461,-0.473899902543806,0.08653739522320403,79.52829929900861,80.3702844312931,0.0,0.0,0.0,-0.473899902543806,-0.314071780721345,-0.38736250732060196,-0.22753438549814095,-0.7046917111991389,-0.5448635893766779,-0.6592856593819826,-0.4994575375595216,-0.7033470673602554,-0.5435189455377945,-0.7918459763589581,-0.6320178545364972,-0.7033939281671568,-0.5435658063446959,-0.6464047,-0.4865765617674743,-0.6365477146631221,-0.4767195928406611,-0.7214631175750512,-0.5616349957525902,-0.583030245462823,-0.423202123640362
E01026179,E01026179,North Kesteven 008A,North Kesteven,E01026179,1,2019,0.279935428848308,-0.159828121822461,0.314071780721345,79.52829929900861,80.3702844312931,0.0,0.0,0.0,-0.159828121822461,-0.439763550670769,0.154243658898884,-0.12569176994942402,-0.7080757903627775,-0.9880112192110855,-0.6613774944334921,-0.9413129232818002,-0.7033470673602554,-0.9832824962085635,-0.7918459763589581,-1.071781405207266,-0.7033939281671568,-0.9833293570154649,-0.6464047,-0.9263401124382433,-0.6365477146631221,-0.9164831435114301,-0.7214631175750512,-1.0013985464233592,-0.5828319023201504,-0.8627673311684584
E01026197,E01026197,North Kesteven 008B,North Kesteven,E01026197,1,2018,-0.203053319277781,-0.180509095276649,0.44523431010542697,74.27703043172438,73.36258066121212,0.0,0.0,0.0,-0.180509095276649,0.022544224001132013,0.264725214828778,0.467778534106559,-0.557661894883744,-0.35460857560596293,-0.47785831977021875,-0.2748050004924377,-0.6409820704832984,-0.43792875120551733,-0.6265463542198103,-0.4234930349420293,-0.5441489705564465,-0.3410956512786655,-0.50872785,-0.30567452925203464,-0.5305064969859895,-0.3274531777082085,-0.42244430869122823,-0.21939098941344723,-0.431821610556529,-0.228768291278748
E01026197,E01026197,North Kesteven 008B,North Kesteven,E01026197,1,2019,0.196686047737464,-0.203053319277781,-0.022544224001132013,74.27703043172438,73.36258066121212,0.0,0.0,0.0,-0.203053319277781,-0.39973936701524504,-0.22559754327891302,-0.422283591016377,-0.5634977048700185,-0.7601837526074825,-0.48146566797129153,-0.6781517157087555,-0.6409820704832984,-0.8376681182207624,-0.6256814568841013,-0.8223675046215653,-0.5441489705564465,-0.7408350182939105,-0.510529,-0.7072150294231024,-0.5305064969859895,-0.7271925447234535,-0.5072932430771533,-0.7039792908146173,-0.43147956983089963,-0.6281656175683636
E01026198,E01026198,North Kesteven 008C,North Kesteven,E01026198,1,2018,-0.783228665939303,-0.708870756102292,0.20882774559357298,79.74447491012523,76.56976987101966,0.0,0.0,0.0,-0.708870756102292,0.07435790983701096,-0.500043010508719,0.28318565543058394,-0.8560479717428864,-0.07281930580358342,-0.9172471836282089,-0.13401851768890594,-0.9324592869227227,-0.14923062098341977,-0.9461639815035496,-0.16293531556424667,-0.8498718414077382,-0.06664317546843523,-0.84231937,-0.059090703376798115,-0.8335810369131883,-0.05035237097388534,-0.8463687890577942,-0.06314012311849126,-0.7044229967339013,0.07880566920540166
E01026198,E01026198,North Kesteven 008C,North Kesteven,E01026198,1,2019,-0.552319638093908,-0.783228665939303,-0.07435790983701096,79.74447491012523,76.56976987101966,0.0,0.0,0.0,-0.783228665939303,-0.2309090278453949,-0.8575865757763139,-0.30526693768240587,-0.8541487436408444,-0.3018291055469363,-0.9160731945686882,-0.36375355647478014,-0.9480793625876686,-0.3957597244937605,-0.9461639815035496,-0.3938443434096416,-0.9219733082194295,-0.3696536701255214,-0.88312477,-0.3308051306400702,-0.8616403833576695,-0.3093207452637614,-0.8910046029078821,-0.33868496481397403,-0.7710391139257781,-0.21871947583187
E01026223,E01026223,North Kesteven 008D,North Kesteven,E01026223,1,2018,-0.272482543924654,-0.284416263200578,0.39319068236643895,76.0358830540963,70.73988216817438,0.0,0.0,0.0,-0.284416263200578,-0.011933719275924015,0.10877441916586095,0.38125696309051493,-0.5503281925528551,-0.27784564862820116,-0.4113561166197185,-0.1388735726950645,-0.8276963654423365,-0.5552138215176825,-0.7845168002304044,-0.5120342563057504,-0.6598657566636091,-0.38738321273895515,-0.70046055,-0.4279780092445965,-0.5404429786459921,-0.2679604347213381,-0.8072474465124898,-0.5347649025878358,-0.59448363315942,-0.322001089234766
E01026223,E01026223,North Kesteven 008D,North Kesteven,E01026223,1,2019,0.0002304789202732,-0.272482543924654,0.011933719275924015,76.0358830540963,70.73988216817438,0.0,0.0,0.0,-0.272482543924654,-0.2727130228449272,-0.26054882464872997,-0.2607793035690032,-0.5495685013120384,-0.5497989802323116,-0.41088652099591016,-0.4111169999161834,-0.8276963654423365,-0.8279268443626097,-0.7879600665929631,-0.7881905455132363,-0.6598657566636091,-0.6600962355838823,-0.6949933,-0.695223796047501,-0.5404429786459921,-0.5406734575662653,-0.8066067667000433,-0.8068372456203164,-0.5945281591710404,-0.5947586380913136
E01026209,E01026209,North Kesteven 009A,North Kesteven,E01026209,1,2018,0.178675816956811,0.228124489041309,0.38713912451019,77.71044947714005,75.4599341751085,0.0,0.0,0.0,0.228124489041309,0.04944867208449799,0.6152636135514991,0.43658779659468805,-0.394157497240674,-0.5728333141974851,-0.34934703789389054,-0.5280228548507016,-0.3133508321483022,-0.49202664910511323,-0.35549500367833836,-0.5341708206351494,-0.19815692185301906,-0.37683273880983004,-0.19426718,-0.3729430004990626,-0.313201834064681,-0.491877651021492,-0.2154558062424768,-0.3941316231992878,-0.09275377756975697,-0.271429594526568
E01026209,E01026209,North Kesteven 009A,North Kesteven,E01026209,1,2019,0.362783268818808,0.178675816956811,-0.04944867208449799,77.71044947714005,75.4599341751085,0.0,0.0,0.0,0.178675816956811,-0.184107451861997,0.12922714487231302,-0.233556123946495,-0.3969545422636814,-0.7597378110824894,-0.3510760035997301,-0.7138592724185382,-0.3133508321483022,-0.6761341009671102,-0.35549500367833836,-0.7182782724971464,-0.19815692185301906,-0.5609401906718271,-0.19426718,-0.5570504523610595,-0.313201834064681,-0.675985102883489,-0.14095589873587888,-0.503739167554687,-0.09258984089060912,-0.45537310970941713
E01026221,E01026221,North Kesteven 009B,North Kesteven,E01026221,1,2018,0.0923952784198385,-0.08620805686574,0.384872928574368,79.20250731414635,78.84837091273711,0.0,0.0,0.0,-0.08620805686574,-0.17860333528557848,0.298664871708628,0.2062695932887895,-0.5496555433326342,-0.6420508217524727,-0.4978069415905686,-0.5902022200104071,-0.6190562961154633,-0.7114515745353018,-0.6034613332664164,-0.6958566116862549,-0.6788570935717153,-0.7712523719915538,-0.6535875,-0.7459827985423666,-0.6519659355822107,-0.7443612140020492,-0.7001394231401072,-0.7925347015599458,-0.6084870649619726,-0.7008823433818111
E01026221,E01026221,North Kesteven 009B,North Kesteven,E01026221,1,2019,0.356491421349408,0.0923952784198385,0.17860333528557848,79.20250731414635,78.84837091273711,0.0,0.0,0.0,0.0923952784198385,-0.2640961429295695,0.270998613705417,-0.08549280764399098,-0.5496555433326342,-0.9061469646820421,-0.4978069415905686,-0.8542983629399765,-0.6190562961154633,-0.9755477174648712,-0.6034613332664164,-0.9599527546158244,-0.6788570935717153,-1.0353485149211232,-0.6535875,-1.010078941471936,-0.6519659355822107,-1.0084573569316186,-0.7001394231401072,-1.0566308444895152,-0.6084870649619726,-0.9649784863113806
E01026222,E01026222,North Kesteven 009C,North Kesteven,E01026222,1,2018,0.210618601948102,-0.11290188941495,0.330795409700158,76.12415042879778,71.01964880448199,0.0,0.0,0.0,-0.11290188941495,-0.323520491363052,0.21789352028520803,0.007274918337106029,-0.3813348500873251,-0.591953452035427,-0.22571003339251577,-0.4363286353406178,-0.4331134710502433,-0.6437320729983453,-0.5252935234508772,-0.7359121253989792,-0.1402223147267835,-0.3508409166748855,-0.23463418,-0.4452527778447466,-0.24204920288099133,-0.4526678048290933,-0.40387338913779447,-0.6144919910858965,-0.06946503036293075,-0.2800836323110327
E01026222,E01026222,North Kesteven 009C,North Kesteven,E01026222,1,2019,0.579633912876407,0.210618601948102,0.323520491363052,76.12415042879778,71.01964880448199,0.0,0.0,0.0,0.210618601948102,-0.369015310928305,0.5341390933111541,-0.04549481956525292,-0.37515372590067936,-0.9547876387770864,-0.22188923263516655,-0.8015231455115736,-0.5062442530530026,-1.0858781659294094,-0.5203216945020606,-1.0999556073784675,-0.4937407007202754,-1.0733746135966824,-0.47150582,-1.0511397336275972,-0.4050563994278691,-0.9846903123042761,-0.46205445276887896,-1.041688365645286,-0.3993265619625257,-0.9789604748389327
E01026227,E01026227,North Kesteven 010A,North Kesteven,E01026227,1,2018,0.744144868807017,0.372761995500735,0.34795248891825864,76.23680856883188,77.92739379343602,0.0,0.0,0.0,0.372761995500735,-0.371382873306282,0.7207144844189937,-0.023430384388023362,0.5678443702758522,-0.1763004985311648,0.5178094110133066,-0.22633545779371045,-0.08462451245091347,-0.8287693812579305,-0.14675293653649019,-0.8908978053435073,-0.04366567707060698,-0.787810545877624,-0.025249086,-0.7693939551274173,0.1518576201187609,-0.5922872486882561,-0.09272018549114237,-0.8368650542981594,0.01205916967576344,-0.7320856991312535
E01026227,E01026227,North Kesteven 010A,North Kesteven,E01026227,1,2019,1.24474726133893,0.744144868807017,0.371382873306282,76.23680856883188,77.92739379343602,0.0,0.0,0.0,0.744144868807017,-0.5006023925319131,1.115527742113299,-0.12921951922563113,0.5695364098576714,-0.6752108514812587,0.5188553285390615,-0.7258919327998686,-0.08462451245091347,-1.3293717737898436,-0.14675293653649019,-1.3915001978754202,-0.04366567707060698,-1.288412938409537,-0.029726423,-1.2744736846620845,0.1518576201187609,-1.0928896412201692,-0.08345358086796202,-1.328200842206892,0.011959998104427105,-1.232787263234503
E01026230,E01026230,North Kesteven 010B,North Kesteven,E01026230,1,2018,0.616477852231091,0.6276821192581,0.5607906422225624,76.47243323083111,77.64099300320375,0.0,0.0,0.0,0.6276821192581,0.011204267027009052,1.1884727614806625,0.5719949092495715,0.09562462734004001,-0.5208532248910509,0.07813098372280239,-0.5383468685082886,-0.08928201961369893,-0.7057598718447899,-0.1715576697152019,-0.7880355219462929,0.019985015474339438,-0.5964928367567516,0.007881313,-0.6085965396000204,0.017631764617031656,-0.5988460876140593,-0.055684598147610856,-0.6721624503787018,0.0763086986789253,-0.5401691535521657
E01026230,E01026230,North Kesteven 010B,North Kesteven,E01026230,1,2019,1.47041717506828,0.616477852231091,-0.011204267027009052,76.47243323083111,77.64099300320375,0.0,0.0,0.0,0.616477852231091,-0.853939322837189,0.6052735852040819,-0.865143589864198,0.09562462734004001,-1.3747925477282399,0.07813098372280239,-1.3922861913454776,-0.08928201961369893,-1.559699194681979,-0.1715576697152019,-1.6419748447834819,0.019985015474339438,-1.4504321595939405,0.007881313,-1.4625358624372093,0.017631764617031656,-1.4527854104512483,-0.055684598147610856,-1.5261017732158908,0.0763086986789253,-1.3941084763893548
E01026231,E01026231,North Kesteven 010C,North Kesteven,E01026231,1,2018,-0.399593501552639,-0.287993165841141,0.31227791950211703,75.75383949743019,78.54958960099862,0.0,0.0,0.0,-0.287993165841141,0.11160033571149802,0.024284753660976044,0.42387825521361505,-0.6494070240517704,-0.2498135224991314,-0.5278887627501316,-0.12829526119749263,-0.71997633665178,-0.32038283509914095,-0.7011907689716869,-0.30159726741904785,-0.5698509846661464,-0.17025748311350736,-0.62149304,-0.22189953996271133,-0.5230175406569815,-0.12342403910434246,-0.6834992806255017,-0.2839057790728627,-0.5268008774838498,-0.12720737593121084
E01026231,E01026231,North Kesteven 010C,North Kesteven,E01026231,1,2019,0.0100896638840065,-0.399593501552639,-0.11160033571149802,75.75383949743019,78.54958960099862,0.0,0.0,0.0,-0.399593501552639,-0.4096831654366455,-0.511193837264137,-0.5212835011481435,-0.6500631210324759,-0.6601527849164823,-0.528294322607057,-0.5383839864910634,-0.71997633665178,-0.7300660005357864,-0.7011907689716869,-0.7112804328556933,-0.5698509846661464,-0.5799406485501528,-0.62149304,-0.6315827053993568,-0.5230175406569815,-0.5331072045409879,-0.6314052404008315,-0.6414949042848379,-0.5267624232010869,-0.5368520870850934
E01026232,E01026232,North Kesteven 010D,North Kesteven,E01026232,1,2018,1.09363825631619,0.593862058614195,0.17286121096937906,77.03623756661437,77.10709330440959,0.0,0.0,0.0,0.593862058614195,-0.4997761977019949,0.7667232695835742,-0.32691498673261576,0.392608873180607,-0.7010293831355829,0.3368583325843548,-0.7567799237318351,0.271325597192339,-0.822312659123851,0.30309671917041037,-0.7905415371457796,0.4798732179226692,-0.6137650383935207,0.46936318,-0.6242750735330631,0.401665700783976,-0.6919725555322139,0.4921853941188639,-0.6014528621973261,0.5371995310696325,-0.5564387252465575
E01026232,E01026232,North Kesteven 010D,North Kesteven,E01026232,1,2019,1.75952640384414,1.09363825631619,0.4997761977019949,77.03623756661437,77.10709330440959,0.0,0.0,0.0,1.09363825631619,-0.6658881475279501,1.593414454018185,-0.16611194982595512,0.39447356986261184,-1.3650528339815282,0.33801097638824795,-1.421515427455892,0.271325597192339,-1.488200806651801,0.3069955200979975,-1.4525308837461426,0.4798732179226692,-1.2796531859214708,0.49167952,-1.2678468844292383,0.4270102956905314,-1.3325161081536088,0.509919870744276,-1.249606533099864,0.534459587410924,-1.2250668164332161
E01026235,E01026235,North Kesteven 010E,North Kesteven,E01026235,1,2018,0.563824732196403,0.226058907694739,0.3014323984272831,76.64244041959499,77.700770025539,0.0,0.0,0.0,0.226058907694739,-0.3377658245016639,0.5274913061220221,-0.03633342607438084,0.39485550743667974,-0.1689692247597232,0.3295884018747298,-0.23423633032167313,-0.11682746295268273,-0.6806521951490857,-0.14161870603306445,-0.7054434382294674,-0.07197953443279392,-0.6358042666291969,-0.037972312,-0.6017970446170096,0.12711316979279141,-0.43671156240361153,-0.06376511277260892,-0.6275898449690118,0.014425860730287607,-0.5493988714661153
E01026235,E01026235,North Kesteven 010E,North Kesteven,E01026235,1,2019,0.397392135706067,0.563824732196403,0.3377658245016639,76.64244041959499,77.700770025539,0.0,0.0,0.0,0.563824732196403,0.16643259649033593,0.9015905566980669,0.5041984209919999,0.39437206755615994,-0.0030200681499070736,0.3292895682959428,-0.06810256741012422,-0.11682746295268273,-0.5142195986587498,-0.14161870603306445,-0.5390108417391315,-0.07197953443279392,-0.46937167013886094,-0.037972312,-0.43536444812667363,0.12711316979279141,-0.2702789659132756,-0.06376511277260892,-0.46115724847867595,0.01445419546495514,-0.3829379402411119
E01026228,E01026228,North Kesteven 011A,North Kesteven,E01026228,1,2018,-0.384866556230066,-0.36792865439074,0.299415793045748,75.99391693437323,78.30343646758365,0.0,0.0,0.0,-0.36792865439074,0.016937901839325975,-0.06851286134499202,0.316353694885074,-0.5368097192326304,-0.15194316300256444,-0.4596857217893515,-0.07481916555928553,-0.6855840912633776,-0.3007175350333116,-0.7152376727483213,-0.3303711165182553,-0.5677845428737105,-0.1829179866436445,-0.6202361,-0.2353695425362609,-0.45437377102431065,-0.06950721479424465,-0.5763852344230842,-0.1915186781930182,-0.5655271168623565,-0.18066056063229047
E01026228,E01026228,North Kesteven 011A,North Kesteven,E01026228,1,2019,0.177808116108938,-0.384866556230066,-0.016937901839325975,75.99391693437323,78.30343646758365,0.0,0.0,0.0,-0.384866556230066,-0.562674672339004,-0.40180445806939197,-0.57961257417833,-0.5368097192326304,-0.7146178353415684,-0.4596857217893515,-0.6374938378982895,-0.6855840912633776,-0.8633922073723156,-0.7152376727483213,-0.8930457888572593,-0.5677845428737105,-0.7455926589826485,-0.6202361,-0.7980442148752649,-0.45437377102431065,-0.6321818871332486,-0.5763852344230842,-0.7541933505320222,-0.5655271168623565,-0.7433352329712944
E01026229,E01026229,North Kesteven 011B,North Kesteven,E01026229,1,2018,-0.281728616575787,-0.0440463390625532,0.23270734780569477,75.86314808800869,78.05270084601189,0.0,0.0,0.0,-0.0440463390625532,0.23768227751323381,0.18866100874314157,0.4703896253189286,-0.4981050971064125,-0.21637648053062547,-0.491472732409729,-0.20974411583394198,-0.6326544747383938,-0.35092585816260674,-0.5914895231447818,-0.30976090656899474,-0.5258210208692871,-0.24409240429350004,-0.47596216,-0.19423354544203525,-0.44742965785865774,-0.16570104128287072,-0.4717135195913537,-0.1899849030155667,-0.45482274022257796,-0.17309412364679094
E01026229,E01026229,North Kesteven 011B,North Kesteven,E01026229,1,2019,0.29044690240635,-0.281728616575787,-0.23768227751323381,75.86314808800869,78.05270084601189,0.0,0.0,0.0,-0.281728616575787,-0.572175518982137,-0.5194108940890209,-0.8098577964953708,-0.4981050971064125,-0.7885519995127626,-0.491472732409729,-0.7819196348160791,-0.6326544747383938,-0.9231013771447438,-0.5914895231447818,-0.8819364255511317,-0.5258210208692871,-0.8162679232756371,-0.47596216,-0.7664090644241723,-0.44742965785865774,-0.7378765602650077,-0.4717135195913537,-0.7621604219977037,-0.45482274022257796,-0.745269642628928
E01026233,E01026233,North Kesteven 011C,North Kesteven,E01026233,1,2018,-0.490438061322568,-0.367594163554763,-0.256807899468942,76.30894911628769,77.77145845683295,0.0,0.0,0.0,-0.367594163554763,0.12284389776780502,-0.624402063023705,-0.13396400170113704,-0.7005589964268732,-0.21012093510430524,-0.5601986241579032,-0.06976056283533522,-0.5801828649116527,-0.08974480358908471,-0.5538971802799979,-0.0634591189574299,-0.44686535981686754,0.04357270150570047,-0.42819434,0.06224371727883632,-0.5391296049732157,-0.048691543650647706,-0.37576343951113855,0.11467462181142946,-0.3336770034428238,0.1567610578797442
E01026233,E01026233,North Kesteven 011C,North Kesteven,E01026233,1,2019,-0.113880399426158,-0.490438061322568,-0.12284389776780502,76.30894911628769,77.77145845683295,0.0,0.0,0.0,-0.490438061322568,-0.37655766189641,-0.6132819590903731,-0.49940155966421507,-0.7001100879663906,-0.5862296885402326,-0.5599211358347438,-0.44604073640858577,-0.5801828649116527,-0.4663024654854947,-0.5538971802799979,-0.4400167808538399,-0.44336121471780443,-0.3294808152916464,-0.42819434,-0.31431394461757367,-0.5391296049732157,-0.4252492055470577,-0.38224870007640277,-0.26836830065024475,-0.33370331426787225,-0.21982291484171423
E01026186,E01026186,North Kesteven 001A,North Kesteven,E01026186,1,2018,-0.253349148901493,-0.188796403351853,0.25804640963215203,39.22533231706247,47.958124220241984,0.0,0.0,0.0,-0.188796403351853,0.06455274554964002,0.06925000628029904,0.32259915518179205,-0.2852709013408784,-0.03192175243938539,-0.4006731772501011,-0.14732402834860808,-0.4880372912324725,-0.2346881423309795,-0.5384486299482303,-0.28509948104673727,-0.39161384708207025,-0.13826469818057724,-0.3992909,-0.14594174060007864,-0.37246265268498535,-0.11911350378349234,-0.3010590843930801,-0.047709935491587085,-0.32386715545599687,-0.07051800655450385
E01026186,E01026186,North Kesteven 001A,North Kesteven,E01026186,1,2019,0.327621103953094,-0.253349148901493,-0.06455274554964002,39.22533231706247,47.958124220241984,0.0,0.0,0.0,-0.253349148901493,-0.580970252854587,-0.31790189445113304,-0.645522998404227,-0.28247385631787114,-0.6100949602709651,-0.3989442115442615,-0.7265653154973555,-0.4981513561209617,-0.8257724600740557,-0.5384486299482303,-0.8660697339013244,-0.39161384708207025,-0.7192349510351643,-0.40481445,-0.7324355558860012,-0.37246265268498535,-0.7000837566380793,-0.36466119578264883,-0.6922822997357428,-0.3240310921351448,-0.6516521960882389
E01026187,E01026187,North Kesteven 001B,North Kesteven,E01026187,1,2018,-0.0016993396839882,-0.104684769412382,0.295049034478449,40.781751190628505,48.803195154242424,0.0,0.0,0.0,-0.104684769412382,-0.1029854297283938,0.190364265066067,0.19206360475005518,-0.4027097008637861,-0.4010103611797979,-0.4881211764663571,-0.4864218367823689,-0.5242332044694209,-0.5225338647854327,-0.5597279339215133,-0.5580285942375252,-0.39165360085565537,-0.38995426117166715,-0.3923457,-0.39064635700371014,-0.44037850994930916,-0.43867917026532094,-0.3367131755776473,-0.3350138358936591,-0.2958448274124065,-0.29414548772841825
E01026187,E01026187,North Kesteven 001B,North Kesteven,E01026187,1,2019,-0.0853277193690999,-0.0016993396839882,0.1029854297283938,40.781751190628505,48.803195154242424,0.0,0.0,0.0,-0.0016993396839882,0.0836283796851117,0.10128609004440561,0.18661380941350553,-0.39846233619921945,-0.31313461683011956,-0.48549571002415615,-0.40016799065505626,-0.5317293384772274,-0.4464016191081275,-0.5641334995090888,-0.47880578013998887,-0.4654400378240038,-0.3801123184549039,-0.43865958,-0.35333185919268295,-0.5112680484980039,-0.425940329128904,-0.34742522831945716,-0.26209750895035727,-0.3717621830876747,-0.28643446371857484
E01026189,E01026189,North Kesteven 001C,North Kesteven,E01026189,1,2018,-0.435406166384698,-0.731523981265972,-0.07886509304661393,68.22367341897741,58.017223078299445,0.0,0.0,0.0,-0.731523981265972,-0.296117814881274,-0.8103890743125859,-0.3749829079278879,-0.5000593241609195,-0.06465315777622149,-0.41494742369991033,0.020458742684787645,-0.6886727111392064,-0.2532665447545084,-0.6339100016155861,-0.1985038352308881,-0.5341705943232763,-0.09876442793857831,-0.60056347,-0.1651573001642217,-0.4570875685887917,-0.021681402204093703,-0.6028951416468882,-0.1674889752621902,-0.4511664543095071,-0.015760287924809102
E01026189,E01026189,North Kesteven 001C,North Kesteven,E01026189,1,2019,-0.168888394581534,-0.435406166384698,0.296117814881274,68.22367341897741,58.017223078299445,0.0,0.0,0.0,-0.435406166384698,-0.26651777180316394,-0.139288351503424,0.02960004307811001,-0.5008535468217734,-0.33196515224023937,-0.41543836457934635,-0.24654996999781234,-0.6907631729446998,-0.5218747783631658,-0.6326063526262328,-0.46371795804469873,-0.5341705943232763,-0.36528219974174225,-0.6030958,-0.4342074349053129,-0.4570875685887917,-0.2881991740072577,-0.6537292487586881,-0.48484085417715406,-0.45111990438826755,-0.2822315098067335
E01026203,E01026203,North Kesteven 001D,North Kesteven,E01026203,1,2018,-0.0492696651666499,-0.44596167212958,0.139486122789298,70.61707839335628,68.33930239027937,0.0,0.0,0.0,-0.44596167212958,-0.3966920069629301,-0.306475549340282,-0.2572058841736321,-0.34268118722094004,-0.29341152205429016,-0.3748265134591958,-0.32555684829254594,-0.4174105432854186,-0.3681408781187687,-0.5676817934024687,-0.5184121282358188,-0.35696441404920026,-0.3076947488825504,-0.36409983,-0.31483016522237295,-0.29477014557753334,-0.24550048041088343,-0.401307443691518,-0.3520377785248681,-0.29836617485865413,-0.24909650969200423
E01026203,E01026203,North Kesteven 001D,North Kesteven,E01026203,1,2019,0.0105344318626035,-0.0492696651666499,0.3966920069629301,70.61707839335628,68.33930239027937,0.0,0.0,0.0,-0.0492696651666499,-0.0598040970292534,0.34742234179628023,0.33688790993367673,-0.3364655316142572,-0.3469999634768607,-0.370984367446219,-0.3815187993088225,-0.364792972796505,-0.3753274046591085,-0.5505880484441902,-0.5611224803067937,-0.35696441404920026,-0.36749884591180376,-0.33137217,-0.3419066035029996,-0.2826786232905041,-0.2932130551531076,-0.44591350669088037,-0.45644793855348387,-0.287867074531979,-0.2984015063945825
E01026204,E01026204,North Kesteven 001E,North Kesteven,E01026204,1,2018,-0.130095097414185,-0.364315701037118,0.33165756190393997,75.61141864621501,71.04020593442749,0.0,0.0,0.0,-0.364315701037118,-0.234220603622933,-0.032658139133178055,0.09743695828100696,-0.6178823890249654,-0.4877872916107804,-0.5297222869034767,-0.39962718948929166,-0.7429605817541481,-0.6128654843399631,-0.7420748312155167,-0.6119797338013316,-0.6574331863948422,-0.5273380889806571,-0.667374,-0.5372789174402461,-0.4873431781666734,-0.3572480807524884,-0.6657911711190679,-0.5356960737048829,-0.558268132855163,-0.42817303544097796
E01026204,E01026204,North Kesteven 001E,North Kesteven,E01026204,1,2019,0.0523482018801049,-0.130095097414185,0.234220603622933,75.61141864621501,71.04020593442749,0.0,0.0,0.0,-0.130095097414185,-0.18244329929428993,0.104125506208748,0.051777304328643095,-0.6178823890249654,-0.6702305909050703,-0.5297222869034767,-0.5820704887835816,-0.7429605817541481,-0.7953087836342531,-0.7420748312155167,-0.7944230330956216,-0.6574331863948422,-0.7097813882749471,-0.667374,-0.7197222167345361,-0.4873431781666734,-0.5396913800467783,-0.6657911711190679,-0.7181393729991729,-0.558268132855163,-0.6106163347352679
E01026206,E01026206,North Kesteven 001F,North Kesteven,E01026206,1,2018,-0.377170789746061,-0.750094614196417,-0.03083652919062696,72.932657537706,66.48019385478285,0.0,0.0,0.0,-0.750094614196417,-0.372923824450356,-0.780931143387044,-0.40376035364098295,-0.6176035835431508,-0.24043279379708982,-0.5675966906484409,-0.19042590090237987,-0.6494980420291062,-0.2723272522830452,-0.6918629468771423,-0.31469215713108134,-0.698682526209794,-0.321511736463733,-0.709493,-0.3323221916878074,-0.5564869102705681,-0.17931612052450707,-0.7947433474811222,-0.4175725577350612,-0.5661223975664303,-0.18895160782036935
E01026206,E01026206,North Kesteven 001F,North Kesteven,E01026206,1,2019,-0.237782685278068,-0.377170789746061,0.372923824450356,72.932657537706,66.48019385478285,0.0,0.0,0.0,-0.377170789746061,-0.139388104467993,-0.0042469652957050075,0.233535719982363,-0.6184668690440791,-0.3806841837660111,-0.568130322039132,-0.33034763676106405,-0.6516449530420847,-0.4138622677640167,-0.697751531090393,-0.459968845812325,-0.698682526209794,-0.460899840931726,-0.709493,-0.4717102961558004,-0.5564869102705681,-0.31870422499250006,-0.7947433474811222,-0.5569606622030542,-0.5660717998259526,-0.32828911454788456
E01026182,E01026182,North Kesteven 003B,North Kesteven,E01026182,1,2018,0.0965185168501934,0.275435658941159,0.389090277010367,52.74020997290282,66.5829538593862,0.0,0.0,0.0,0.275435658941159,0.1789171420909656,0.6645259359515261,0.5680074191013327,-0.4806956677909629,-0.5772141846411563,-0.5438598277729174,-0.6403783446231108,-0.40702186573934945,-0.5035403825895428,-0.4487263042465951,-0.5452448210967885,-0.41467608969715447,-0.5111946065473478,-0.43389377,-0.5304122868296703,-0.4979898663588222,-0.5945083832090156,-0.49258448496274154,-0.589103001812935,-0.35354813402838314,-0.45006665087857656
E01026182,E01026182,North Kesteven 003B,North Kesteven,E01026182,1,2019,0.348570792373579,0.0965185168501934,-0.1789171420909656,52.74020997290282,66.5829538593862,0.0,0.0,0.0,0.0965185168501934,-0.2520522755233856,-0.0823986252407722,-0.4309694176143512,-0.4806956677909629,-0.8292664601645419,-0.5438598277729174,-0.8924306201464964,-0.40702186573934945,-0.7555926581129284,-0.4487263042465951,-0.7972970966201741,-0.41467608969715447,-0.7632468820707334,-0.43389377,-0.782464562353056,-0.4979898663588222,-0.8465606587324013,-0.49258448496274154,-0.8411552773363206,-0.35354813402838314,-0.7021189264019622
E01026193,E01026193,North Kesteven 003C,North Kesteven,E01026193,1,2018,-0.0022195910895373,0.0784682018106074,0.11499773289963611,53.026028119206885,66.6673287544023,0.0,0.0,0.0,0.0784682018106074,0.0806877929001447,0.1934659347102435,0.1956855257997808,0.031011892334222718,0.03323148342376002,-0.27383174117263454,-0.27161215008309725,-0.23387609030740597,-0.23165649921786868,-0.3269847678650061,-0.3247651767754688,-0.14666683432474145,-0.14444724323520416,-0.13751344,-0.1352938527380918,-0.22670585104462096,-0.22448625995508367,0.07360523420611621,0.07582482529565351,-0.11621380336817558,-0.11399421227863828
E01026193,E01026193,North Kesteven 003C,North Kesteven,E01026193,1,2019,0.213819804532307,-0.0022195910895373,-0.0806877929001447,53.026028119206885,66.6673287544023,0.0,0.0,0.0,-0.0022195910895373,-0.2160393956218443,-0.082907383989682,-0.296727188521989,0.031011892334222718,-0.1828079121980843,-0.27383174117263454,-0.4876515457049415,-0.23387609030740597,-0.44769589483971295,-0.3269847678650061,-0.540804572397313,-0.14666683432474145,-0.36048663885704846,-0.13751344,-0.35133324835993607,-0.22670585104462096,-0.44052565557692797,0.07360523420611621,-0.14021457032619078,-0.11621380336817558,-0.3300336079004826
E01026199,E01026199,North Kesteven 003D,North Kesteven,E01026199,1,2018,0.0719959608647231,-0.18215979607468,0.222439912464696,62.21577864790171,70.96558720564103,0.0,0.0,0.0,-0.18215979607468,-0.25415575693940307,0.040280116390015996,-0.0317158444747071,-0.010702276384048942,-0.08269823724877204,-0.25773110570022123,-0.3297270665649443,-0.392140012371518,-0.4641359732362411,-0.4867881994302679,-0.558784160294991,-0.3708166975170763,-0.4428126583817994,-0.33596003,-0.4079559914204482,-0.3684926340322529,-0.440488594896976,-0.3197765307814059,-0.391772491646129,-0.27252246127005697,-0.34451842213478007
E01026199,E01026199,North Kesteven 003D,North Kesteven,E01026199,1,2019,0.348361037294193,0.0719959608647231,0.25415575693940307,62.21577864790171,70.96558720564103,0.0,0.0,0.0,0.0719959608647231,-0.2763650764294699,0.32615171780412616,-0.022209319490066826,-0.010667744964011877,-0.3590287822582049,-0.2577097604445936,-0.6060707977387866,-0.392140012371518,-0.740501049665711,-0.4867881994302679,-0.8351492367244608,-0.3708166975170763,-0.7191777348112693,-0.33596003,-0.6843210678499181,-0.3684926340322529,-0.716853671326446,-0.3197765307814059,-0.6681375680755989,-0.2725244851796761,-0.6208855224738691
E01026225,E01026225,North Kesteven 003E,North Kesteven,E01026225,1,2018,-0.0413873006261188,-0.0207153447784138,0.3041142268286022,65.3122733524713,65.10991924625478,0.0,0.0,0.0,-0.0207153447784138,0.020671955847705,0.28339888205018837,0.32478618267630716,-0.5541638467796578,-0.512776546153539,-0.46022462700488753,-0.41883732637876875,-0.4569096229928049,-0.4155223223666861,-0.5342769258777039,-0.49288962525158514,-0.35082550586904093,-0.30943820524292215,-0.36797878,-0.3265914808355969,-0.3688018568621758,-0.32741455623605703,-0.3206203979186071,-0.2792330972924883,-0.21269653771788768,-0.17130923709176887
E01026225,E01026225,North Kesteven 003E,North Kesteven,E01026225,1,2019,0.391135478012481,-0.0413873006261188,-0.020671955847705,65.3122733524713,65.10991924625478,0.0,0.0,0.0,-0.0413873006261188,-0.4325227786385998,-0.06205925647382379,-0.45319473448630476,-0.5625895132687169,-0.9537249912811978,-0.4654328693780341,-0.856568347390515,-0.4569096229928049,-0.8480451010052859,-0.5358089359550259,-0.9269444139675069,-0.35082550586904093,-0.741960983881522,-0.37438956,-0.7655250370430138,-0.3688018568621758,-0.7599373348746568,-0.3920802387151221,-0.783215716727603,-0.21220270377082504,-0.603338181783306
E01026226,E01026226,North Kesteven 003F,North Kesteven,E01026226,1,2018,0.662056213617935,0.435911082309138,0.10032852047339802,66.4877558569837,64.97792620159782,0.0,0.0,0.0,0.435911082309138,-0.226145131308797,0.536239602782536,-0.12581661083539897,-0.2912290485161184,-0.9532852621340534,-0.31801113860377606,-0.980067352221711,-0.08923542282696706,-0.751291636444902,-0.17336813537106005,-0.835424348988995,0.034936566283099706,-0.6271196473348353,0.11665893,-0.5453972801572226,-0.1505781563083306,-0.8126343699262656,0.14430467680716774,-0.5177515368107672,0.12906248152978378,-0.5329937320881513
E01026226,E01026226,North Kesteven 003F,North Kesteven,E01026226,1,2019,1.09121905784959,0.662056213617935,0.226145131308797,66.4877558569837,64.97792620159782,0.0,0.0,0.0,0.662056213617935,-0.42916284423165496,0.888201344926732,-0.20301771292285797,-0.2957181331209449,-1.3869371909705348,-0.3207860218353705,-1.4120050796849606,-0.08923542282696706,-1.180454480676557,-0.1720644863817068,-1.2632835442312969,0.034936566283099706,-1.0562824915664903,0.1277563,-0.9634627602612416,-0.15035309396273377,-1.2415721518123237,0.12233218163830478,-0.9688868762112852,0.12520457630504095,-0.966014481544549
E01032990,E01034693,North Kesteven 003I,North Kesteven,E01032990,1,2018,-0.50302538191762,-0.574069706239666,0.141083347921944,56.932626988057656,69.58302337666161,0.0,0.0,0.0,-0.574069706239666,-0.07104432432204599,-0.43298635831772203,0.070039023599898,-0.6630975929580349,-0.1600722110404149,-0.815284451244444,-0.312259069326824,-0.6293696749470764,-0.12634429302945638,-0.7430518791350409,-0.24002649721742086,-0.6510355957067577,-0.1480102137891377,-0.652823,-0.1497975894263741,-0.598615206327389,-0.09558982440976893,-0.8206059806162489,-0.31758059869862887,-0.5048167744016309,-0.0017913924840108342
E01032990,E01034693,North Kesteven 003I,North Kesteven,E01032990,1,2019,-0.309312620385158,-0.50302538191762,0.07104432432204599,56.932626988057656,69.58302337666161,0.0,0.0,0.0,-0.50302538191762,-0.19371276153246203,-0.43198105759557404,-0.12266843721041604,-0.6500447161840011,-0.34073209579884306,-0.8072159446171926,-0.4979033242320346,-0.6314299614645811,-0.3221173410794231,-0.7398573087893497,-0.43054468840419174,-0.6510355957067577,-0.34172297532159973,-0.652823,-0.34351035095883614,-0.598615206327389,-0.28930258594223096,-0.7370899190656583,-0.42777729868050035,-0.5055818122376542,-0.1962691918524962
E01032990,E01034694,North Kesteven 003J,North Kesteven,E01032990,1,2018,-0.50302538191762,-0.574069706239666,0.141083347921944,56.932626988057656,69.58302337666161,0.0,0.0,0.0,-0.574069706239666,-0.07104432432204599,-0.43298635831772203,0.070039023599898,-0.6630975929580349,-0.1600722110404149,-0.815284451244444,-0.312259069326824,-0.6293696749470764,-0.12634429302945638,-0.7430518791350409,-0.24002649721742086,-0.6510355957067577,-0.1480102137891377,-0.652823,-0.1497975894263741,-0.598615206327389,-0.09558982440976893,-0.8206059806162489,-0.31758059869862887,-0.5048167744016309,-0.0017913924840108342
E01032990,E01034694,North Kesteven 003J,North Kesteven,E01032990,1,2019,-0.309312620385158,-0.50302538191762,0.07104432432204599,56.932626988057656,69.58302337666161,0.0,0.0,0.0,-0.50302538191762,-0.19371276153246203,-0.43198105759557404,-0.12266843721041604,-0.6500447161840011,-0.34073209579884306,-0.8072159446171926,-0.4979033242320346,-0.6314299614645811,-0.3221173410794231,-0.7398573087893497,-0.43054468840419174,-0.6510355957067577,-0.34172297532159973,-0.652823,-0.34351035095883614,-0.598615206327389,-0.28930258594223096,-0.7370899190656583,-0.42777729868050035,-0.5055818122376542,-0.1962691918524962
E01032994,E01032994,North Kesteven 003H,North Kesteven,E01032994,1,2018,-0.253394816714037,-0.295718109175388,-0.19175751730402799,64.33227762722827,74.94547274392663,0.0,0.0,0.0,-0.295718109175388,-0.04232329246135097,-0.487475626479416,-0.23408080976537898,-0.44992560483153354,-0.19653078811749652,-0.4187820225873581,-0.16538720587332106,-0.3405221728209193,-0.08712735610688227,-0.4546594533488488,-0.20126463663481176,-0.25438500662129193,-0.0009901899072549125,-0.24949059,0.003904227810609895,-0.3261560306028556,-0.07276121388881857,-0.3432380854765143,-0.08984326876247728,-0.1354884112710791,0.11790640544295791
E01032994,E01032994,North Kesteven 003H,North Kesteven,E01032994,1,2019,0.0897351159652162,-0.253394816714037,0.04232329246135097,64.33227762722827,74.94547274392663,0.0,0.0,0.0,-0.253394816714037,-0.34312993267925324,-0.21107152425268605,-0.30080664021790227,-0.44191431538292003,-0.5316494313481362,-0.4138299232817434,-0.5035650392469596,-0.3387887566352451,-0.4285238726004613,-0.4546594533488488,-0.5443945693140649,-0.25438500662129193,-0.34412012258650815,-0.24949059,-0.33922570486864334,-0.3261560306028556,-0.4158911465680718,-0.2773981367215718,-0.36713325268678804,-0.13595795830271243,-0.22569307426792862
E01026184,E01026184,North Kesteven 004A,North Kesteven,E01026184,1,2018,-0.352499695023295,-0.471529108942349,0.075111203004664,8.920718994298488,29.342279107200827,0.0,0.0,0.0,-0.471529108942349,-0.11902941391905403,-0.396417905937685,-0.04391821091439002,-0.37388071551213603,-0.02138102048884105,-0.4505937795545769,-0.09809408453128193,-0.6281031184728999,-0.2756034234496049,-0.6577879143637129,-0.3052882193404179,-0.450428912028245,-0.09792921700495,-0.5243443,-0.17184463004231781,-0.4326837961049938,-0.08018410108169882,-0.49930123224367007,-0.1468015372203751,-0.3969567711010026,-0.0444570760777076
E01026184,E01026184,North Kesteven 004A,North Kesteven,E01026184,1,2019,-0.409745617393336,-0.352499695023295,0.11902941391905403,8.920718994298488,29.342279107200827,0.0,0.0,0.0,-0.352499695023295,0.057245922370041,-0.23347028110424095,0.17627533628909503,-0.3857940554249449,0.0239515619683911,-0.457957892746116,-0.04821227535278,-0.599433811776551,-0.189688194383215,-0.6423261154026486,-0.23258049800931263,-0.45581846492180783,-0.04607284752847185,-0.49956226,-0.08981664609543355,-0.425976538934663,-0.016230921541326992,-0.459865177506185,-0.050119560112849015,-0.3894634741568507,0.020282143236485306
E01026185,E01026185,North Kesteven 004B,North Kesteven,E01026185,1,2018,0.675642951835603,0.617448835033736,0.5573698822508327,16.710072832220902,35.29869432001979,0.0,0.0,0.0,0.617448835033736,-0.058194116801866924,1.1748187172845688,0.4991757654489658,0.30344611733801274,-0.3721968344975902,0.21698358718705527,-0.45865936464854773,-0.01381747058164096,-0.6894604224172439,-0.05293294954333452,-0.7285759013789375,0.1726641505935049,-0.502978801242098,0.15332027,-0.5223226840390865,0.1197554932133423,-0.5558874586222606,0.1922634000961063,-0.48337955173949665,0.2056479646650093,-0.4699949871705937
E01026185,E01026185,North Kesteven 004B,North Kesteven,E01026185,1,2019,0.848062007343115,0.675642951835603,0.058194116801866924,16.710072832220902,35.29869432001979,0.0,0.0,0.0,0.675642951835603,-0.17241905550751202,0.7338370686374699,-0.1142249387056451,0.30344611733801274,-0.5446158900051022,0.21698358718705527,-0.6310784201560597,-0.01381747058164096,-0.8618794779247559,-0.05293294954333452,-0.9009949568864495,0.1726641505935049,-0.6753978567496101,0.15332027,-0.6947417395465986,0.1197554932133423,-0.7283065141297727,0.1922634000961063,-0.6557986072470087,0.2056479646650093,-0.6424140426781058
E01026188,E01026188,North Kesteven 004C,North Kesteven,E01026188,1,2018,0.530485780736052,0.204128836407002,0.24280470637786,39.43142787097847,47.84252556664795,0.0,0.0,0.0,0.204128836407002,-0.32635694432905005,0.44693354278486197,-0.08355223795119004,0.011659685771385486,-0.5188260949646666,0.06173356700260138,-0.46875221373345066,0.019636215838313903,-0.5108495648977381,-0.009086459261231035,-0.5395722399972831,0.11732053658638472,-0.41316524414966727,0.15060817,-0.37987761368378303,0.15053883337117277,-0.3799469473648792,0.16591882893583404,-0.364566951800218,0.15906890591644685,-0.37141687481960517
E01026188,E01026188,North Kesteven 004C,North Kesteven,E01026188,1,2019,0.654127098585782,0.530485780736052,0.32635694432905005,39.43142787097847,47.84252556664795,0.0,0.0,0.0,0.530485780736052,-0.12364131784972998,0.8568427250651021,0.20271562647932007,0.011970468551719626,-0.6421566300340624,0.06192567430325022,-0.5922014242825318,0.019636215838313903,-0.6344908827474681,-0.009086459261231035,-0.6632135578470131,0.1143599045033335,-0.5397671940824484,0.14823924,-0.5058878585354661,0.15053883337117277,-0.5035882652146092,0.14512684643540424,-0.5090002521503778,0.15905069072987488,-0.4950764078559071
E01026190,E01026190,North Kesteven 004D,North Kesteven,E01026190,1,2018,0.355011921853862,0.394848048070955,0.021323538678377052,65.0022554063038,52.76814798529957,0.0,0.0,0.0,0.394848048070955,0.03983612621709304,0.4161715867493321,0.06115966489547009,0.2597820130127355,-0.09522990884112648,0.11066558562797998,-0.244346336225882,0.16912016408017932,-0.18589175777368266,0.17410610935172696,-0.18090581250213503,0.28044954311192716,-0.07456237874193483,0.2883751,-0.06663681241973418,0.1943878815276477,-0.1606240403262143,0.4365192213198182,0.0815072994659562,0.3194510017251343,-0.03556092012872769
E01026190,E01026190,North Kesteven 004D,North Kesteven,E01026190,1,2019,1.2885886270068,0.355011921853862,-0.03983612621709304,65.0022554063038,52.76814798529957,0.0,0.0,0.0,0.355011921853862,-0.9335767051529381,0.31517579563676895,-0.9734128313700312,0.2597820130127355,-1.0288066139940646,0.11066558562797998,-1.1779230413788202,0.16912016408017932,-1.1194684629266207,0.17410610935172696,-1.1144825176550732,0.28044954311192716,-1.008139083894873,0.2883751,-1.0002135175726723,0.1943878815276477,-1.0942007454791525,0.4365192213198182,-0.852069405686982,0.3194510017251343,-0.9691376252816658
E01026237,E01026237,North Kesteven 004E,North Kesteven,E01026237,1,2018,0.245256375416402,-0.0840926643063007,0.16687922194977733,65.34585919510262,70.68771038152052,0.0,0.0,0.0,-0.0840926643063007,-0.3293490397227027,0.08278655764347663,-0.16246981777292535,-0.35610937024698125,-0.6013657456633832,-0.23886792624410108,-0.4841243016605031,-0.11901288696708733,-0.36426926238348933,-0.1697936383138606,-0.4150500137302626,-0.15127565485371147,-0.39653203027011347,-0.08655074,-0.3318071178041736,-0.08158537887158832,-0.32684175428799034,0.025810261375936547,-0.21944611404046543,-0.03609108639551534,-0.28134746181191733
E01026237,E01026237,North Kesteven 004E,North Kesteven,E01026237,1,2019,0.370962652240709,0.245256375416402,0.3293490397227027,65.34585919510262,70.68771038152052,0.0,0.0,0.0,0.245256375416402,-0.12570627682430702,0.5746054151391047,0.20364276289839567,-0.35679999864772377,-0.7277626508884327,-0.23929483135665405,-0.6102574835973631,-0.11901288696708733,-0.48997553920779635,-0.1697936383138606,-0.5407562905545696,-0.15127565485371147,-0.5222383070944205,-0.08655074,-0.4575133946284806,-0.08158537887158832,-0.45254803111229736,0.009348326178751032,-0.361614326061958,-0.03605060820313315,-0.4070132604438422
E01026238,E01026238,North Kesteven 004F,North Kesteven,E01026238,1,2018,0.05828728615018,-0.203674975153376,-0.2738393156971154,49.76751731272332,59.41921203102358,0.0,0.0,0.0,-0.203674975153376,-0.261962261303556,-0.47751429085049135,-0.5358015770006713,-0.20852423480958027,-0.26681152095976024,-0.18377213387862495,-0.24205942002880496,-0.22815207926721887,-0.2864393654173989,-0.23568538262134567,-0.29397266877152567,-0.09451667695686185,-0.15280396310704186,-0.024413208,-0.0827004936960565,-0.18214246150452978,-0.24042974765470979,0.013493871395985341,-0.04479341475419466,-0.02381901107855172,-0.08210629722873172
E01026238,E01026238,North Kesteven 004F,North Kesteven,E01026238,1,2019,0.363072457451279,0.05828728615018,0.261962261303556,49.76751731272332,59.41921203102358,0.0,0.0,0.0,0.05828728615018,-0.30478517130109894,0.320249547453736,-0.04282290999754296,-0.20852423480958027,-0.5715966922608593,-0.18377213387862495,-0.5468445913299039,-0.22815207926721887,-0.5912245367184978,-0.23568538262134567,-0.5987578400726247,-0.09451667695686185,-0.4575891344081408,-0.024413208,-0.3874856649971555,-0.18214246150452978,-0.5452149189558088,0.013493871395985341,-0.3495785860552936,-0.02381901107855172,-0.3868914685298307
E01026191,E01026191,North Kesteven 005A,North Kesteven,E01026191,1,2018,-0.0913130801150712,-0.52062924067294,-0.07792247521922802,67.139734070848,56.57082268250666,0.0,0.0,0.0,-0.52062924067294,-0.4293161605578688,-0.598551715892168,-0.5072386357770968,-0.4959302140462314,-0.40461713393116017,-0.39572350028802394,-0.3044104201729527,-0.4889990616983738,-0.3976859815833026,-0.527638196938916,-0.4363251168238448,-0.4198007052588477,-0.3284876251437765,-0.4516027,-0.3602896172573653,-0.38951054180014116,-0.29819746168507,-0.503200838165259,-0.41188775805018774,-0.3586748643693656,-0.26736178425429435
E01026191,E01026191,North Kesteven 005A,North Kesteven,E01026191,1,2019,0.282796057168161,-0.0913130801150712,0.4293161605578688,67.139734070848,56.57082268250666,0.0,0.0,0.0,-0.0913130801150712,-0.37410913728323214,0.3380030804427976,0.05520702327463661,-0.529494754322319,-0.8122908114904799,-0.41647108875809924,-0.6992671459262603,-0.4889990616983738,-0.7717951188665348,-0.5223696119675445,-0.8051656691357054,-0.4198007052588477,-0.7025967624270086,-0.4493476,-0.7321436426078429,-0.38951054180014116,-0.6723065989683021,-0.5197757710829067,-0.8025718282510677,-0.35670762421959135,-0.6395036813877524
E01026205,E01026205,North Kesteven 005B,North Kesteven,E01026205,1,2018,0.273500999430371,0.35892303022433,0.24761256676174898,71.89200205786133,64.70609690181551,0.0,0.0,0.0,0.35892303022433,0.08542203079395899,0.606535596986079,0.33303459755570797,-0.016568886556091206,-0.2900698859864622,-0.044293384582933214,-0.3177943840133042,-0.0346223979984356,-0.30812339742880657,-0.15362239708759204,-0.42712339651796305,0.08581665820330434,-0.18768434122706665,0.11817754,-0.15532345883007115,0.10629535454393244,-0.16720564488643855,0.04899849540451778,-0.2245025040258532,0.14012762555141037,-0.13337337387896062
E01026205,E01026205,North Kesteven 005B,North Kesteven,E01026205,1,2019,0.744743446701581,0.273500999430371,-0.08542203079395899,71.89200205786133,64.70609690181551,0.0,0.0,0.0,0.273500999430371,-0.47124244727121,0.188078968636412,-0.556664478065169,-0.019469525839209884,-0.7642129725407909,-0.04608638605565576,-0.7908298327572367,-0.03990077751337903,-0.78464422421496,-0.1568008610556037,-0.9015443077571847,0.08581665820330434,-0.6589267884982767,0.121055126,-0.6236883205113954,0.10629535454393244,-0.6384480921576485,0.08361723002566274,-0.6611262166759182,0.14029763395941555,-0.6044458127421655
E01026211,E01026211,North Kesteven 005C,North Kesteven,E01026211,1,2018,-0.241124089585468,0.164645732391664,0.47437635272315604,77.56035890692519,77.77921984263676,0.0,0.0,0.0,0.164645732391664,0.40576982197713196,0.6390220851148201,0.8801461747002881,-0.5114498648532226,-0.27032577526775464,-0.5675283568489743,-0.3264042672635063,-0.3888174748690461,-0.14769338528357812,-0.47845340595210606,-0.23732931636663807,-0.38322851745800796,-0.14210442787253996,-0.33070055,-0.08957645691759902,-0.49724243987608735,-0.25611835029061936,-0.2084782114983881,0.03264587808707989,-0.28084283806936794,-0.039718748483899946
E01026211,E01026211,North Kesteven 005C,North Kesteven,E01026211,1,2019,0.0118809912811774,-0.241124089585468,-0.40576982197713196,77.56035890692519,77.77921984263676,0.0,0.0,0.0,-0.241124089585468,-0.2530050808666454,-0.6468939115626,-0.6587749028437774,-0.5104484536721459,-0.5223294449533232,-0.5669093444357725,-0.5787903357169498,-0.3888174748690461,-0.40069846615022353,-0.47845340595210606,-0.4903343972332835,-0.38322851745800796,-0.3951095087391854,-0.33070055,-0.34258153778424444,-0.49724243987608735,-0.5091234311572648,-0.2084782114983881,-0.2203592027795655,-0.2809015314483221,-0.2927825227294995
E01026234,E01034695,North Kesteven 011F,North Kesteven,E01026234,1,2018,-0.134825134942026,-0.261653381601192,0.27395904637686697,78.58651528883401,77.99679280564618,0.0,0.0,0.0,-0.261653381601192,-0.126828246659166,0.012305664775674963,0.14713079971770096,-0.7057938720343035,-0.5709687370922776,-0.7336477909968314,-0.5988226560548054,-0.7207169576211175,-0.5858918226790916,-0.7299263369833343,-0.5951012020413083,-0.6003881512830042,-0.4655630163409782,-0.63220704,-0.4973819010763456,-0.6049065208754544,-0.4700813859334284,-0.7011183811065809,-0.5662932461645549,-0.5238378156997284,-0.38901268075770246
E01026234,E01034695,North Kesteven 011F,North Kesteven,E01026234,1,2019,0.0975096733853277,-0.134825134942026,0.126828246659166,78.58651528883401,77.99679280564618,0.0,0.0,0.0,-0.134825134942026,-0.2323348083273537,-0.007996888282859993,-0.1055065616681877,-0.7062773119148233,-0.803786985300151,-0.7339466245756185,-0.8314562979609462,-0.7207169576211175,-0.8182266310064452,-0.7299263369833343,-0.827436010368662,-0.6003881512830042,-0.6978978246683318,-0.6218124,-0.7193220765873846,-0.6049065208754544,-0.7024161942607821,-0.6307763582646074,-0.7282860316499351,-0.519645147045236,-0.6171548204305637
E01026234,E01034696,North Kesteven 011G,North Kesteven,E01026234,1,2018,-0.134825134942026,-0.261653381601192,0.27395904637686697,78.58651528883401,77.99679280564618,0.0,0.0,0.0,-0.261653381601192,-0.126828246659166,0.012305664775674963,0.14713079971770096,-0.7057938720343035,-0.5709687370922776,-0.7336477909968314,-0.5988226560548054,-0.7207169576211175,-0.5858918226790916,-0.7299263369833343,-0.5951012020413083,-0.6003881512830042,-0.4655630163409782,-0.63220704,-0.4973819010763456,-0.6049065208754544,-0.4700813859334284,-0.7011183811065809,-0.5662932461645549,-0.5238378156997284,-0.38901268075770246
E01026234,E01034696,North Kesteven 011G,North Kesteven,E01026234,1,2019,0.0975096733853277,-0.134825134942026,0.126828246659166,78.58651528883401,77.99679280564618,0.0,0.0,0.0,-0.134825134942026,-0.2323348083273537,-0.007996888282859993,-0.1055065616681877,-0.7062773119148233,-0.803786985300151,-0.7339466245756185,-0.8314562979609462,-0.7207169576211175,-0.8182266310064452,-0.7299263369833343,-0.827436010368662,-0.6003881512830042,-0.6978978246683318,-0.6218124,-0.7193220765873846,-0.6049065208754544,-0.7024161942607821,-0.6307763582646074,-0.7282860316499351,-0.519645147045236,-0.6171548204305637
E01026236,E01026236,North Kesteven 011E,North Kesteven,E01026236,1,2018,-0.0189938052272415,-0.0876145224168486,-0.104056869483408,76.32351392858791,77.8538822755151,0.0,0.0,0.0,-0.0876145224168486,-0.0686207171896071,-0.19167139190025662,-0.1726775866730151,-0.12098120553058492,-0.10198740030334341,-0.047274855789746814,-0.028281050562505315,-0.31161919962800705,-0.29262539440076557,-0.34658171336791793,-0.32758790814067645,-0.0818547495628444,-0.06286094433560291,-0.09138073,-0.07238692504409791,-0.09787704840663153,-0.07888324317939002,-0.2321333354458446,-0.2131395302186031,0.00482523269921184,0.02381903792645334
E01026236,E01026236,North Kesteven 011E,North Kesteven,E01026236,1,2019,0.254111185845376,-0.0189938052272415,0.0686207171896071,76.32351392858791,77.8538822755151,0.0,0.0,0.0,-0.0189938052272415,-0.2731049910726175,0.04962691196236561,-0.2044842738830104,-0.11977260582928545,-0.37388379167466146,-0.04652777184277908,-0.3006389576881551,-0.31161919962800705,-0.5657303854733831,-0.34658171336791793,-0.6006928992132939,-0.0818547495628444,-0.3359659354082204,-0.08071485,-0.3348260374631891,-0.0920412936885831,-0.3461524795339591,-0.21354972828964525,-0.46766091413502126,0.0029767817045413814,-0.25113440414083466
E01026200,E01026200,North Kesteven 012A,North Kesteven,E01026200,1,2018,-0.463512258063801,-0.384130921058184,0.39213429692982293,70.5667165417524,84.4553663016328,0.0,0.0,0.0,-0.384130921058184,0.07938133700561695,0.008003375871638907,0.4715156339354399,-0.5946179514896444,-0.13110569342584338,-0.5326995693547872,-0.06918731129098626,-0.7178038532464587,-0.2542915951826577,-0.7775429294096271,-0.31403067134582613,-0.6993575335337321,-0.23584527546993111,-0.67424375,-0.21073149012421782,-0.5993518413864056,-0.13583958332260465,-0.7584641299887628,-0.2949518719249618,-0.5838498917647295,-0.12033763370092848
E01026200,E01026200,North Kesteven 012A,North Kesteven,E01026200,1,2019,0.114679601506061,-0.463512258063801,-0.07938133700561695,70.5667165417524,84.4553663016328,0.0,0.0,0.0,-0.463512258063801,-0.578191859569862,-0.5428935950694179,-0.657573196575479,-0.6106750618069086,-0.7253546633129696,-0.5426251132216442,-0.6573047147277052,-0.7178038532464587,-0.8324834547525197,-0.7793538187991939,-0.8940334203052549,-0.6993575335337321,-0.8140371350397931,-0.6806545,-0.795334127262897,-0.6025012786127016,-0.7171808801187627,-0.8160529025004277,-0.9307325040064888,-0.5829087737918436,-0.6975883752979046
E01026201,E01026201,North Kesteven 012B,North Kesteven,E01026201,1,2018,-0.0612211000877323,-0.059764321628234,0.437813835351215,71.07362383820428,84.24714265217473,0.0,0.0,0.0,-0.059764321628234,0.0014567784594982994,0.378049513722981,0.4392706138107133,-0.308937975135745,-0.2477168750480127,-0.2977945397063218,-0.2365734396185895,-0.44439475038468745,-0.38317365029695516,-0.47827119684378516,-0.41705009675605287,-0.4086237339111958,-0.3474026338234635,-0.45746678,-0.3962456810516415,-0.31538879568205913,-0.25416769559432684,-0.4311259224380162,-0.3699048223502839,-0.3924557887183995,-0.3312346886306672
E01026201,E01026201,North Kesteven 012B,North Kesteven,E01026201,1,2019,0.160110752559362,-0.0612211000877323,-0.0014567784594982994,71.07362383820428,84.24714265217473,0.0,0.0,0.0,-0.0612211000877323,-0.2213318526470943,-0.0626778785472306,-0.22278863110659258,-0.3073840612340743,-0.46749481379343627,-0.2968340032030776,-0.45694475576243965,-0.44439475038468745,-0.6045055029440495,-0.47827119684378516,-0.6383819494031472,-0.4086237339111958,-0.5687344864705578,-0.45746678,-0.6175775336987358,-0.31538879568205913,-0.47549954824142115,-0.4311259224380162,-0.5912366749973782,-0.3925468646512593,-0.5526576172106213
E01026202,E01026202,North Kesteven 012C,North Kesteven,E01026202,1,2018,0.315791611407605,0.0106080694014925,0.2223772913307555,70.63414395595997,84.79893856647233,0.0,0.0,0.0,0.0106080694014925,-0.3051835420061125,0.23298536073224801,-0.08280625067535696,-0.21137550712317424,-0.5271671185307792,-0.16617945171122336,-0.4819710631188283,-0.2719956248686852,-0.5877872362762901,-0.37754633258006304,-0.693337943987668,-0.19570894072430983,-0.5115005521319148,-0.18385461,-0.4996462211354645,-0.1645874740769916,-0.48037908548459657,-0.19662802829709639,-0.5124196397047014,-0.14082157698689243,-0.4566131883944974
E01026202,E01026202,North Kesteven 012C,North Kesteven,E01026202,1,2019,0.77422917399002,0.315791611407605,0.3051835420061125,70.63414395595997,84.79893856647233,0.0,0.0,0.0,0.315791611407605,-0.458437562582415,0.6209751534137175,-0.15325402057630255,-0.20957987328124364,-0.9838090472712636,-0.1650694984185856,-0.9392986724086057,-0.2719956248686852,-1.0462247988587052,-0.37754633258006304,-1.151775506570083,-0.19570894072430983,-0.9699381147143298,-0.18715923,-0.9613883993346779,-0.1645874740769916,-0.9388166480670116,-0.24207479208932098,-1.016303966079341,-0.1409268202870861,-0.9151559942771061
E01026207,E01026207,North Kesteven 012D,North Kesteven,E01026207,1,2018,0.222153287429425,0.020329556174762,0.25864297112011897,78.86550254691144,88.04792329958364,0.0,0.0,0.0,0.020329556174762,-0.201823731254663,0.278972527294881,0.05681923986545598,0.024423800022605774,-0.19772948740681923,-0.12054283259725826,-0.34269612002668326,-0.2838038102203497,-0.5059570976497747,-0.29311371445117335,-0.5152670018805984,-0.31101878921292914,-0.5331720766423541,-0.3328804,-0.5550336950012176,-0.3574522026320722,-0.5796054900614972,-0.3144221137057497,-0.5365754011351747,-0.2891195912780974,-0.5112728787075224
E01026207,E01026207,North Kesteven 012D,North Kesteven,E01026207,1,2019,0.617836986068755,0.222153287429425,0.201823731254663,78.86550254691144,88.04792329958364,0.0,0.0,0.0,0.222153287429425,-0.39568369863933006,0.423977018684088,-0.19385996738466704,0.024423800022605774,-0.5934131860461492,-0.12054283259725826,-0.7383798186660133,-0.2838038102203497,-0.9016407962891047,-0.29311371445117335,-0.9109507005199284,-0.31101878921292914,-0.9288557752816842,-0.3328804,-0.9507173936405476,-0.3574522026320722,-0.9752891887008273,-0.3144221137057497,-0.9322590997745047,-0.2891195912780974,-0.9069565773468524
E01026208,E01026208,North Kesteven 012E,North Kesteven,E01026208,1,2018,0.155726877404627,0.0765088225343528,0.4120280001996508,75.2393267430966,78.66550996680682,0.0,0.0,0.0,0.0765088225343528,-0.07921805487027421,0.4885368227340036,0.3328099453293766,-0.5271812029274938,-0.6829080803321208,-0.5546167705415409,-0.7103436479461679,-0.5094805639472294,-0.6652074413518564,-0.5692177692644784,-0.7249446466691054,-0.4201883261835766,-0.5759152035882036,-0.40474844,-0.5604753171934453,-0.49257871622297184,-0.6483055936275989,-0.3988305719856854,-0.5545574493903124,-0.3419060130771022,-0.4976328904817292
E01026208,E01026208,North Kesteven 012E,North Kesteven,E01026208,1,2019,0.346383510880654,0.155726877404627,0.07921805487027421,75.2393267430966,78.66550996680682,0.0,0.0,0.0,0.155726877404627,-0.190656633476027,0.2349449322749012,-0.11143857860575279,-0.5276991742280508,-0.8740826851087048,-0.5549369493759556,-0.9013204602566096,-0.5094805639472294,-0.8558640748278834,-0.5692177692644784,-0.9156012801451324,-0.4201883261835766,-0.7665718370642306,-0.40474844,-0.7511319506694724,-0.49257871622297184,-0.8389622271036259,-0.3988305719856854,-0.7452140828663394,-0.34187565443281553,-0.6882591653134695
E01026220,E01026220,North Kesteven 013A,North Kesteven,E01026220,1,2018,1.11134973383664,1.0042734369722,0.08685236091718795,65.85253972275878,75.645677738071,0.0,0.0,0.0,1.0042734369722,-0.10707629686444009,1.0911257978893878,-0.020223935947252247,0.12183261291499337,-0.9895171209216467,0.09772619273893407,-1.013623541097706,0.3596602405274258,-0.7516894933092142,0.3423875600008901,-0.7689621738357499,0.5272874256921143,-0.5840623081445258,0.5820891,-0.5292606077265631,0.2967322075679855,-0.8146175262686546,0.5328298311444216,-0.5785199026922184,0.5973786029112351,-0.5139711309254049
E01026220,E01026220,North Kesteven 013A,North Kesteven,E01026220,1,2019,1.42822189964742,1.11134973383664,0.10707629686444009,65.85253972275878,75.645677738071,0.0,0.0,0.0,1.11134973383664,-0.31687216581078004,1.2184260307010801,-0.20979586894633995,0.11958807061258014,-1.3086338290348398,0.09633875112313689,-1.3318831485242832,0.3596602405274258,-1.0685616591199942,0.3423875600008901,-1.08583433964653,0.5272874256921143,-0.9009344739553058,0.5820891,-0.8461327735373432,0.2967322075679855,-1.1314896920794346,0.520755961545501,-0.9074659381019191,0.5975101570364773,-0.8307117426109428
E01032988,E01032988,North Kesteven 013B,North Kesteven,E01032988,1,2018,0.398692428889924,0.580765990107794,0.35085842340430395,67.51918442852288,78.05797640022651,0.0,0.0,0.0,0.580765990107794,0.18207356121786994,0.9316244135120979,0.5329319846221738,-0.2232371276999291,-0.621929556589853,-0.18528665925399007,-0.5839790881439141,0.09290075373601447,-0.30579167515390954,0.09275193362644066,-0.3059404952634833,0.2255619980438131,-0.1731304308461109,0.2146483,-0.18404412252014252,0.08382559738862039,-0.3148668315013036,0.18122551544329268,-0.21746691344663133,0.3582120978809289,-0.04048033100899512
E01032988,E01032988,North Kesteven 013B,North Kesteven,E01032988,1,2019,0.853723624083832,0.398692428889924,-0.18207356121786994,67.51918442852288,78.05797640022651,0.0,0.0,0.0,0.398692428889924,-0.45503119519390794,0.21661886767205407,-0.6371047564117779,-0.22233931077896374,-1.0760629348627957,-0.1847316826076712,-1.0384553066915032,0.09290075373601447,-0.7608228703478175,0.09509234959555869,-0.7586312744882733,0.2255619980438131,-0.6281616260400189,0.2146483,-0.6390753177140505,0.09205383278125559,-0.7616697913025764,0.17294297029610184,-0.6807806537877301,0.3557750726293225,-0.49794855145450945
E01032989,E01032989,North Kesteven 013C,North Kesteven,E01032989,1,2018,0.143402835176478,0.262400147207019,0.22027175818362177,67.51625210828337,77.34492952132155,0.0,0.0,0.0,0.262400147207019,0.11899731203054098,0.48267190539064075,0.33926907021416275,-0.34718233959031064,-0.49058517476678865,-0.4896342745650061,-0.6330371097414841,-0.2772900053705208,-0.4206928405469988,-0.23773061516494887,-0.38113345034142687,-0.0702555759270951,-0.2136584111035731,-0.08188257,-0.2252854088406664,-0.13544516378382587,-0.2788479989603039,-0.0993794806264987,-0.2427823158029767,0.0656063702885453,-0.07779646488793271
E01032989,E01032989,North Kesteven 013C,North Kesteven,E01032989,1,2019,0.410000396207156,0.143402835176478,-0.11899731203054098,67.51625210828337,77.34492952132155,0.0,0.0,0.0,0.143402835176478,-0.266597561030678,0.024405523145937025,-0.385594873061219,-0.34718233959031064,-0.7571827357974666,-0.4896342745650061,-0.8996346707721621,-0.2772900053705208,-0.6872904015776768,-0.23773061516494887,-0.6477310113721049,-0.0702555759270951,-0.4802559721342511,-0.08188257,-0.4918829698713444,-0.13544516378382587,-0.5454455599909819,-0.0993794806264987,-0.5093798768336547,0.0656063702885453,-0.3443940259186107
E01032993,E01032993,North Kesteven 013D,North Kesteven,E01032993,1,2018,-0.116699994807752,-0.17955333911485,0.07868198578852398,67.0096444800204,76.71396893696613,0.0,0.0,0.0,-0.17955333911485,-0.06285334430709799,-0.10087135332632602,0.015828641481425987,-0.46902203756005356,-0.35232204275230156,-0.5058668049108734,-0.38916681010312143,-0.4483347353082746,-0.3316347405005226,-0.4496074197385993,-0.3329074249308473,-0.25453080539605155,-0.13783081058829955,-0.22082298,-0.10412298023173011,-0.3637277725997467,-0.2470277777919947,-0.1984947993942945,-0.08179480458654251,-0.19281902357358296,-0.07611902876583096
E01032993,E01032993,North Kesteven 013D,North Kesteven,E01032993,1,2019,0.233162919268117,-0.116699994807752,0.06285334430709799,67.0096444800204,76.71396893696613,0.0,0.0,0.0,-0.116699994807752,-0.349862914075869,-0.053846650500654014,-0.287009569768771,-0.46014746261051187,-0.6933103818786288,-0.5003810742145675,-0.7335439934826844,-0.45912711765199093,-0.6922900369201079,-0.4645049521362132,-0.6976678714043302,-0.25102666029698845,-0.48418957956510544,-0.22358543,-0.45674834607552056,-0.3779137105980368,-0.6110766298661539,-0.2024159104320167,-0.43557882970013373,-0.19007716630593055,-0.4232400855740476
E01026214,E01026214,North Kesteven 014A,North Kesteven,E01026214,1,2018,0.278412574206367,0.206732850744796,0.1112769845139965,63.861258033038226,72.01342012832248,0.0,0.0,0.0,0.206732850744796,-0.071679723461571,0.3180098352587925,0.0395972610524255,-0.12308665287978005,-0.40149922708614705,-0.11807174163896406,-0.39648431584533106,-0.06957996013608955,-0.3479925343424566,-0.14180286819270782,-0.4202154423990748,-0.0022396293033351694,-0.28065220350970216,0.008789305,-0.2696232695624976,0.03336169814504507,-0.24505087606132192,-0.04777124452661632,-0.3261838187329833,0.08531968839806267,-0.19309288580830433
E01026214,E01026214,North Kesteven 014A,North Kesteven,E01026214,1,2019,0.948301940267562,0.278412574206367,0.071679723461571,63.861258033038226,72.01342012832248,0.0,0.0,0.0,0.278412574206367,-0.669889366061195,0.35009229766793803,-0.598209642599624,-0.12243055589907462,-1.0707324961666367,-0.11766618178203869,-1.0659681220496007,-0.07511254148286314,-1.0234144817504252,-0.1481898257940345,-1.0964917660615965,-0.0022396293033351694,-0.9505415695708972,0.008789305,-0.9395126356236926,0.03336169814504507,-0.9149402421225169,-0.05168409243943945,-0.9999860327070015,0.08528123411529959,-0.8630207061522623
E01026215,E01026215,North Kesteven 014B,North Kesteven,E01026215,1,2018,0.539697806326417,0.067391010096054,0.0349221494861927,62.86666243535912,70.51535363482503,0.0,0.0,0.0,0.067391010096054,-0.472306796230363,0.1023131595822467,-0.43738464674417027,-0.2389723121192578,-0.7786701184456748,-0.22534000609801905,-0.765037812424436,-0.1129015242694631,-0.65259933059588,-0.18890431472268793,-0.7286021210491049,-0.05514657149273487,-0.5948443778191518,-0.0097071715,-0.5494049777963438,-0.1082431165887986,-0.6479409229152155,0.018028670107855124,-0.5216691362185618,0.06198938817192162,-0.47770841815449533
E01026215,E01026215,North Kesteven 014B,North Kesteven,E01026215,1,2019,0.804161198375586,0.539697806326417,0.472306796230363,62.86666243535912,70.51535363482503,0.0,0.0,0.0,0.539697806326417,-0.264463392049169,1.01200460255678,0.20784340418119396,-0.2389723121192578,-1.0431335104948438,-0.22534000609801905,-1.029501204473605,-0.1129015242694631,-0.9170627226450491,-0.18890431472268793,-0.993065513098274,-0.05514657149273487,-0.8593077698683208,-0.0097071715,-0.8138683698455128,-0.1082431165887986,-0.9124043149643846,0.018028670107855124,-0.7861325282677308,0.06198938817192162,-0.7421718102036643
E01026218,E01026218,North Kesteven 014C,North Kesteven,E01026218,1,2018,0.470008267695986,0.370515091232601,0.3002167388416115,66.80980076259291,76.72476501130113,0.0,0.0,0.0,0.370515091232601,-0.09949317646338501,0.6707318300742124,0.20072356237822642,0.2344166389203774,-0.23559162877560863,0.14450848606052277,-0.3254997816354632,-0.10403959183128976,-0.5740478595272758,-0.10289064686016651,-0.5728989145561525,0.07710638863644897,-0.39290187905953705,0.0061951224,-0.4638131453199017,0.054036641941757946,-0.4159716257542281,0.03863167285663946,-0.43137659483934654,0.1571867210543677,-0.3128215466416183
E01026218,E01026218,North Kesteven 014C,North Kesteven,E01026218,1,2019,0.512102546917749,0.470008267695986,0.09949317646338501,66.80980076259291,76.72476501130113,0.0,0.0,0.0,0.470008267695986,-0.04209427922176301,0.5695014441593711,0.05739889724162206,0.23379507335970912,-0.2783074735580399,0.14412427145922505,-0.367978275458524,-0.10403959183128976,-0.6161421387490388,-0.10289064686016651,-0.6149931937779155,0.07710638863644897,-0.43499615828130006,0.0061951224,-0.5059074245416647,0.054036641941757946,-0.4580659049759911,0.03863167285663946,-0.47347087406110955,0.15722315142751167,-0.3548793954902374
E01026219,E01026219,North Kesteven 014D,North Kesteven,E01026219,1,2018,0.173323015078626,-0.0474695227681732,0.3304536909356198,65.60151113846948,74.99635269318142,0.0,0.0,0.0,-0.0474695227681732,-0.2207925378467992,0.28298416816744665,0.10966115308882066,-0.3164498405049312,-0.4897728555835572,-0.21667026815918827,-0.38999328323781424,-0.4261658356341201,-0.599488850712746,-0.4252098297318344,-0.5985328448104604,-0.21669854015759313,-0.3900215552362191,-0.3331863,-0.5065093136874059,-0.2176041376098753,-0.3909271526885013,-0.3256487411878701,-0.49897175626649615,-0.18924495385339832,-0.3625679689320243
E01026219,E01026219,North Kesteven 014D,North Kesteven,E01026219,1,2019,0.778691212919904,0.173323015078626,0.2207925378467992,65.60151113846948,74.99635269318142,0.0,0.0,0.0,0.173323015078626,-0.6053681978412779,0.3941155529254252,-0.38457565999447874,-0.31448154956281493,-1.0931727624827188,-0.2154535885884123,-0.9941448015083163,-0.40660296262670254,-1.1852941755466064,-0.4226403764570282,-1.201331589376932,-0.21669854015759313,-0.9953897530774971,-0.33048308,-1.109174291876508,-0.20647110350678793,-0.9851623164266918,-0.2962934197192271,-1.074984632639131,-0.18931060328204782,-0.9680018162019518
E01032991,E01032991,North Kesteven 014E,North Kesteven,E01032991,1,2018,0.345223455525018,0.100730969158471,0.1881703852340656,65.73717148004259,73.61170919126491,0.0,0.0,0.0,0.100730969158471,-0.24449248636654697,0.2889013543925366,-0.05632210113248137,-0.25358056743568985,-0.5988040229607079,-0.33215294522766003,-0.677376400752678,-0.2146019719983843,-0.5598254275234023,-0.29961680811660857,-0.6448402636416266,-0.1312762875889823,-0.4764997431140003,-0.13020201,-0.4754254657989514,-0.1973802720565,-0.542603727581518,-0.11653634536959274,-0.4617598008946107,-0.07132619552931405,-0.41654965105433206
E01032991,E01032991,North Kesteven 014E,North Kesteven,E01032991,1,2019,0.52955029366815,0.345223455525018,0.24449248636654697,65.73717148004259,73.61170919126491,0.0,0.0,0.0,0.345223455525018,-0.184326838143132,0.589715941891565,0.06016564822341497,-0.25358056743568985,-0.7831308611038399,-0.33215294522766003,-0.86170323889581,-0.2146019719983843,-0.7441522656665343,-0.29961680811660857,-0.8291671017847586,-0.1312762875889823,-0.6608265812571323,-0.13020201,-0.6597523039420834,-0.1973802720565,-0.72693056572465,-0.11653634536959274,-0.6460866390377428,-0.07132619552931405,-0.6008764891974641
E01032992,E01032992,North Kesteven 014F,North Kesteven,E01032992,1,2018,0.485858236834154,0.293626884260434,0.09854643436500199,67.47605137817564,77.38448086789116,0.0,0.0,0.0,0.293626884260434,-0.19223135257372004,0.392173318625436,-0.09368491820871805,0.0020904460910401157,-0.48376779074311393,-0.026697521295302826,-0.5125557581294569,0.03276540294907857,-0.45309283388507543,0.05418212114940333,-0.43167611568475067,0.1652646192171001,-0.32059361761705396,0.19818151,-0.28767672686253537,0.09725462990708056,-0.38860360692707346,0.18638797277236388,-0.2994702640617901,0.22280454361406507,-0.263053693220089
E01032992,E01032992,North Kesteven 014F,North Kesteven,E01032992,1,2019,1.02976143738926,0.485858236834154,0.19223135257372004,67.47605137817564,77.38448086789116,0.0,0.0,0.0,0.485858236834154,-0.5439032005551061,0.678089589407874,-0.35167184798138607,0.00302279443204255,-1.0267386429572176,-0.026121199393356297,-1.0558826367826164,0.03276540294907857,-0.9969960344401815,0.05418212114940333,-0.9755793162398567,0.1652646192171001,-0.86449681817216,0.19818151,-0.8315799274176414,0.09168008018520296,-0.9380813572040572,0.1677830404347644,-0.8619783969544956,0.2227498980543491,-0.807011539334911
E01026301,E01034705,South Kesteven 010G,South Kesteven,E01026301,1,2018,0.388570288082992,0.32735124293673,0.090403592116924,72.58741832464622,69.68623067931014,0.0,0.0,0.0,0.32735124293673,-0.061219045146261974,0.417754835053654,0.02918454697066203,-0.08546841480319896,-0.47403870288619093,-0.40373996512675137,-0.7923102532097434,0.04208241291726042,-0.34648787516573154,-0.018007059791405034,-0.40657734787439703,0.13340003242194048,-0.2551702556610515,0.18893126,-0.19963903155032292,-0.009047506643314773,-0.39761779472630676,0.26063494315073954,-0.12793534493225245,0.2598005592088204,-0.1287697288741716
E01026301,E01034705,South Kesteven 010G,South Kesteven,E01026301,1,2019,0.50890425127357,0.388570288082992,0.061219045146261974,72.58741832464622,69.68623067931014,0.0,0.0,0.0,0.388570288082992,-0.12033396319057799,0.44978933322925396,-0.05911491804431601,-0.08546841480319896,-0.594372666076769,-0.40373996512675137,-0.9126442164003213,0.04208241291726042,-0.4668218383563095,-0.018007059791405034,-0.526911311064975,0.13340003242194048,-0.3755042188516295,0.18893126,-0.3199729947409009,-0.009047506643314773,-0.5179517579168847,0.26063494315073954,-0.24826930812283043,0.2598005592088204,-0.24910369206474958
E01026302,E01026302,South Kesteven 010D,South Kesteven,E01026302,1,2018,0.110424506265402,0.593402856517187,0.6595918168416385,69.25567695452571,66.62946695883441,0.0,0.0,0.0,0.593402856517187,0.48297835025178504,1.2529946733588255,1.1425701670934236,-0.42489714678992185,-0.5353216530553239,-0.43991112118395703,-0.550335627449359,-0.14921626690517942,-0.25964077317058143,-0.18186259482353842,-0.2922871010889404,-0.10052269563471704,-0.21094720190011904,-0.0759892,-0.18641370793032663,-0.22639152344635116,-0.3368160297117532,0.0756281960861761,-0.034796310179225895,-0.07234284470793398,-0.18276735097333596
E01026302,E01026302,South Kesteven 010D,South Kesteven,E01026302,1,2019,0.325624046672985,0.110424506265402,-0.48297835025178504,69.25567695452571,66.62946695883441,0.0,0.0,0.0,0.110424506265402,-0.215199540407583,-0.372553843986383,-0.6981778906593681,-0.42489714678992185,-0.7505211934629068,-0.43991112118395703,-0.765535167856942,-0.14921626690517942,-0.4748403135781644,-0.18186259482353842,-0.5074866414965234,-0.10052269563471704,-0.42614674230770205,-0.0759892,-0.4016132483379096,-0.22639152344635116,-0.5520155701193361,0.0756281960861761,-0.2499958505868089,-0.07234284470793398,-0.397966891380919
E01026296,E01026296,South Kesteven 011B,South Kesteven,E01026296,1,2018,0.176852626012783,0.0419917919469995,0.2824890347178835,70.11954555144578,67.51304199182061,0.0,0.0,0.0,0.0419917919469995,-0.1348608340657835,0.324480826664883,0.14762820065209997,-0.35556855361051937,-0.5324211796233024,-0.3683212969836509,-0.5451739229964339,-0.31693442858836707,-0.4937870546011501,-0.4040339478368702,-0.5808865738496531,-0.22303667321180484,-0.3998892992245878,-0.18191165,-0.3587642733325767,-0.2127538789616008,-0.3896065049743838,-0.19462849265217788,-0.3714811186649609,-0.10977433210301199,-0.28662695811579497
E01026296,E01026296,South Kesteven 011B,South Kesteven,E01026296,1,2019,0.22756818147256,0.176852626012783,0.1348608340657835,70.11954555144578,67.51304199182061,0.0,0.0,0.0,0.176852626012783,-0.05071555545977699,0.3117134600785665,0.08414527860600649,-0.35505058230996245,-0.5826187637825224,-0.3680011181492361,-0.5955692996217961,-0.31693442858836707,-0.544502610060927,-0.4040339478368702,-0.6316021293094302,-0.22303667321180484,-0.45060485468436484,-0.18191165,-0.4094798287923537,-0.2127538789616008,-0.4403220604341608,-0.19462849265217788,-0.4221966741247379,-0.1098046907472986,-0.33737287221985857
E01026297,E01026297,South Kesteven 011C,South Kesteven,E01026297,1,2018,0.67073995502752,0.633191603593233,0.288086847380724,70.45644992033081,67.70519304543075,0.0,0.0,0.0,0.633191603593233,-0.03754835143428703,0.921278450973957,0.25053849594643696,-0.2727146757006114,-0.9434546307281315,-0.15872182459763556,-0.8294617796251555,0.049212617751782005,-0.6215273372757381,0.08520308834402343,-0.5855368666834966,0.11668479283049855,-0.5540551621970214,0.16429064,-0.5064493182496422,0.12477741668320469,-0.5459625383443154,0.18461138360849808,-0.486128571419022,0.11330800795371107,-0.5574319470738089
E01026297,E01026297,South Kesteven 011C,South Kesteven,E01026297,1,2019,0.939971191094555,0.67073995502752,0.03754835143428703,70.45644992033081,67.70519304543075,0.0,0.0,0.0,0.67073995502752,-0.2692312360670349,0.7082883064618071,-0.2316828846327479,-0.2737851497217624,-1.2137563408163174,-0.1593835275220927,-1.0993547186166477,0.03663449829852318,-0.9033366927960318,0.08267836759855418,-0.8572928234960008,0.09800445319577725,-0.8419667378987777,0.10427612,-0.8356950704318657,0.041791371105740216,-0.8981798199888147,0.1328261711049857,-0.8071450199895692,0.10195962303553183,-0.8380115680590231
E01026298,E01026298,South Kesteven 011D,South Kesteven,E01026298,1,2018,0.682581564238948,0.822494120464107,0.20159714515566896,73.32505564514081,70.3386515094526,0.0,0.0,0.0,0.822494120464107,0.13991255622515897,1.0240912656197758,0.3415097013808278,0.5794130700201674,-0.1031684942187806,0.36795789341363927,-0.31462367082530873,0.575075336981023,-0.10750622725792502,0.5504915909149899,-0.1320899733239581,0.6555505240450904,-0.027031040193857603,0.6482644,-0.034317156127375736,0.5061505505604045,-0.17643101367854352,0.7718952900379977,0.08931372579904973,0.6618743228701164,-0.02070724136883162
E01026298,E01026298,South Kesteven 011D,South Kesteven,E01026298,1,2019,0.809935277941229,0.682581564238948,-0.13991255622515897,73.32505564514081,70.3386515094526,0.0,0.0,0.0,0.682581564238948,-0.127353713702281,0.542669008013789,-0.26726626992743996,0.5740606999144127,-0.23587457802681633,0.3646493787913536,-0.4452858991498754,0.5675045610802018,-0.24243071686102724,0.5484279457571,-0.261507332184129,0.6555505240450904,-0.1543847538961386,0.6482644,-0.16167086982965673,0.5013452103345428,-0.30859006760668617,0.7647968529851427,-0.04513842495608633,0.6621880288610783,-0.1477472490801507
E01032997,E01032997,South Kesteven 011E,South Kesteven,E01032997,1,2018,0.998184726766006,0.359615226576763,-0.18682576245366006,73.21402782276758,70.12356475994649,0.0,0.0,0.0,0.359615226576763,-0.6385695001892431,0.17278946412310292,-0.8253952626429031,-0.38739245295768304,-1.385577179723689,-0.5018810958181822,-1.500065822584188,0.2033712487087376,-0.7948134780572684,0.29407941259684683,-0.7041053141691591,0.3462008927322828,-0.6519838340337232,0.5198434,-0.4783413272413173,0.2154631970719632,-0.7827215296940429,0.5761736937329728,-0.4220110330330332,0.5571546471386974,-0.44103007962730856
E01032997,E01032997,South Kesteven 011E,South Kesteven,E01032997,1,2019,0.767189291716415,0.998184726766006,0.6385695001892431,73.21402782276758,70.12356475994649,0.0,0.0,0.0,0.998184726766006,0.23099543504959097,1.636754226955249,0.869564935238834,-0.3881521441984998,-1.1553414359149148,-0.5023506914419905,-1.2695399831584055,0.2033712487087376,-0.5638180430076775,0.29407941259684683,-0.4731098791195682,0.3462008927322828,-0.42098839898413226,0.52724844,-0.23994084954341088,0.2154631970719632,-0.5517260946444518,0.6421245032744182,-0.12506478844199687,0.5571991731503179,-0.20999011856609717
E01032998,E01032998,South Kesteven 011F,South Kesteven,E01032998,1,2018,-0.0250210082886856,0.0278327774605697,0.20817946882028068,73.3197480607971,70.01340014788404,0.0,0.0,0.0,0.0278327774605697,0.0528537857492553,0.23601224628085038,0.26103325456953597,-0.4025845019256715,-0.37756349363698594,-0.5361338891170729,-0.5111128808283874,-0.23005442334772733,-0.2050334150590417,-0.28660598055928815,-0.26158497227060257,-0.12679729861774366,-0.10177629032905806,-0.16535527,-0.14033425685184786,-0.19677372401175292,-0.17175271572306733,-0.13889940460550596,-0.11387839631682035,-0.10768869199807002,-0.08266768370938442
E01032998,E01032998,South Kesteven 011F,South Kesteven,E01032998,1,2019,-0.0441116121509141,-0.0250210082886856,-0.0528537857492553,73.3197480607971,70.01340014788404,0.0,0.0,0.0,-0.0250210082886856,0.0190906038622285,-0.0778747940379409,-0.033763181887026796,-0.3985788572013649,-0.3544672450504508,-0.5336578394642656,-0.4895462273133515,-0.26522296031807663,-0.22111134816716252,-0.2922550714186177,-0.24814345926770356,-0.20778846302625337,-0.16367685087533926,-0.26020133,-0.216089722802394,-0.28271699272636885,-0.23860538057545475,-0.1576431031153875,-0.1135314909644734,-0.1911681648765953,-0.1470565527256812
E01032999,E01032999,South Kesteven 011G,South Kesteven,E01032999,1,2018,0.246205492587541,-0.0733908228836317,0.1168684912357603,72.53118957661728,69.62213124799999,0.0,0.0,0.0,-0.0733908228836317,-0.31959631547117273,0.0434776683521286,-0.2027278242354124,-0.40009855620047996,-0.646304048788021,-0.3682060208627618,-0.6144115134503028,-0.2013823507567739,-0.4475878433443149,-0.18866259441653827,-0.4348680870040793,-0.11097653321825937,-0.3571820258058004,-0.11251698,-0.35872246948048914,-0.11896838277656994,-0.36517387536411094,-0.029403359022455913,-0.27560885160999693,-0.02802384541313588,-0.2742293380006769
E01032999,E01032999,South Kesteven 011G,South Kesteven,E01032999,1,2019,0.119519242508539,0.246205492587541,0.31959631547117273,72.53118957661728,69.62213124799999,0.0,0.0,0.0,0.246205492587541,0.12668625007900203,0.5658018080587137,0.4462825655501747,-0.4019287214624477,-0.5214479639709867,-0.3693373194110272,-0.4888565619195662,-0.2013823507567739,-0.3209015932653129,-0.18866259441653827,-0.3081818369250773,-0.11097653321825937,-0.23049577572679836,-0.11251698,-0.23203621940148716,-0.11896838277656994,-0.23848762528510895,-0.05051236173039647,-0.17003160423893549,-0.027916578203323106,-0.14743582071186212
E01026330,E01026330,South Kesteven 012A,South Kesteven,E01026330,1,2018,-0.176996833927911,-0.355335821429488,0.290729293602009,68.83979300778864,71.87046806714618,0.0,0.0,0.0,-0.355335821429488,-0.178338987501577,-0.064606527827479,0.11239030610043199,-0.850061968845129,-0.673065134917218,-0.7571350870286389,-0.5801382531007279,-0.7141147495764428,-0.5371179156485318,-0.6897399910958015,-0.5127431571678905,-0.7618316619237967,-0.5848348279958857,-0.7375725,-0.5605756572410648,-0.7041872437394879,-0.5271904098115769,-0.7288832800785912,-0.5518864461506802,-0.6603840455146085,-0.4833872115866975
E01026330,E01026330,South Kesteven 012A,South Kesteven,E01026330,1,2019,0.0554954681109219,-0.176996833927911,0.178338987501577,68.83979300778864,71.87046806714618,0.0,0.0,0.0,-0.176996833927911,-0.2324923020388329,0.0013421535736660162,-0.05415331453725589,-0.850061968845129,-0.9055574369560508,-0.7571350870286389,-0.8126305551395607,-0.7141147495764428,-0.7696102176873647,-0.6897399910958015,-0.7452354592067234,-0.7618316619237967,-0.8173271300347186,-0.7375725,-0.7930679592798977,-0.7041872437394879,-0.7596827118504098,-0.7288832800785912,-0.784378748189513,-0.6603840455146085,-0.7158795136255304
E01026360,E01026360,South Kesteven 012B,South Kesteven,E01026360,1,2018,-0.23783613911434,-0.146420023588632,0.05133722810173702,72.03638134033913,69.1996001320165,0.0,0.0,0.0,-0.146420023588632,0.09141611552570802,-0.09508279548689497,0.14275334362744505,-0.7678079184235953,-0.5299717793092553,-0.7026439527242717,-0.46480781360993173,-0.36131233401264673,-0.12347619489830672,-0.46262315308859914,-0.22478701397425913,-0.3148783389437188,-0.0770421998293788,-0.29210946,-0.05427332052425557,-0.41173618689987596,-0.17390004778553594,-0.3098709020343264,-0.07203476291998637,-0.16654814558303296,0.07128799353130705
E01026360,E01026360,South Kesteven 012B,South Kesteven,E01026360,1,2019,0.195248348219818,-0.23783613911434,-0.09141611552570802,72.03638134033913,69.1996001320165,0.0,0.0,0.0,-0.23783613911434,-0.43308448733415805,-0.32925225464004804,-0.524500602859866,-0.7653216561809222,-0.9605700044007401,-0.701107094319081,-0.8963554425388991,-0.36131233401264673,-0.5565606822324647,-0.46491077704743106,-0.6601591252672491,-0.3148783389437188,-0.5101266871635368,-0.29210946,-0.4873578078584136,-0.41173618689987596,-0.606984535119694,-0.2894097056226185,-0.4846580538424365,-0.16669386707560882,-0.3619422152954268
E01026362,E01026362,South Kesteven 012C,South Kesteven,E01026362,1,2018,0.106953170174431,-0.236121697813863,0.17374581709583398,44.29141383796963,71.79935089944881,0.0,0.0,0.0,-0.236121697813863,-0.343074867988294,-0.06237588071802902,-0.16932905089246003,-0.8978451363700377,-1.0047983065444688,-0.8829282300230283,-0.9898814001974593,-0.4382600971685728,-0.5452132673430038,-0.5377065280786973,-0.6446596982531283,-0.39746170340240744,-0.5044148735768385,-0.40472564,-0.5116788111866227,-0.4205714833232389,-0.5275246534976699,-0.3729805707042814,-0.47993374087871243,-0.2990275075247826,-0.4059806776992136
E01026362,E01026362,South Kesteven 012C,South Kesteven,E01026362,1,2019,0.234924141885938,0.106953170174431,0.343074867988294,44.29141383796963,71.79935089944881,0.0,0.0,0.0,0.106953170174431,-0.127970971711507,0.450028038162725,0.21510389627678703,-0.8929762061448028,-1.1279003480307408,-0.8799185489795298,-1.1148426908654678,-0.435329798302874,-0.670253940188812,-0.5309692301428057,-0.7658933720287437,-0.39746170340240744,-0.6323858452883454,-0.40233228,-0.6372564179918188,-0.4205714833232389,-0.6554956252091769,-0.4588407683028406,-0.6937649101887786,-0.29931287878107693,-0.534237020667015
E01026363,E01026363,South Kesteven 012D,South Kesteven,E01026363,1,2018,0.0659267672122923,-0.113033699041544,0.126988954719603,63.93896734910099,72.43806391126498,0.0,0.0,0.0,-0.113033699041544,-0.17896046625383633,0.013955255678058998,-0.05197151153423331,-0.73367145812909,-0.7995982253413823,-0.7026306367298821,-0.7685574039421744,-0.31825102789704185,-0.38417779510933414,-0.3264962807621888,-0.3924230479744811,-0.22285337985814677,-0.2887801470704391,-0.25255355,-0.3184803196014372,-0.37173181868074096,-0.43765858589303325,-0.1865662875750575,-0.2524930547873498,-0.18850246285173586,-0.2544292300640282
E01026363,E01026363,South Kesteven 012D,South Kesteven,E01026363,1,2019,0.290961944215109,0.0659267672122923,0.17896046625383633,63.93896734910099,72.43806391126498,0.0,0.0,0.0,0.0659267672122923,-0.22503517700281672,0.24488723346612862,-0.046074710748980396,-0.7212401469157241,-1.0122020911308331,-0.6949463447039284,-0.9859082889190374,-0.3194089557473641,-0.6103708999624731,-0.32798230673455053,-0.6189442509496595,-0.246473535132086,-0.537435479347195,-0.25255355,-0.5435154966042539,-0.37173181868074096,-0.66269376289585,-0.14260525120422277,-0.43356719541933175,-0.20860989181044273,-0.4995718360255518
E01026364,E01026364,South Kesteven 012E,South Kesteven,E01026364,1,2018,-0.0355443831274073,-0.0916186635980899,0.3236937566522881,51.721433237043435,70.90081007251113,0.0,0.0,0.0,-0.0916186635980899,-0.0560742804706826,0.2320750930541982,0.26761947618160553,-0.8927729727610223,-0.857228589633615,-0.7865801639544577,-0.7510357808270505,-0.48759500839356595,-0.45205062526615863,-0.5437454975800174,-0.5082011144526102,-0.4355747795369433,-0.40003039640953597,-0.44153354,-0.4059891525915105,-0.4772037937209934,-0.4416594105935861,-0.3823539217502179,-0.34680953862281055,-0.36192562239802073,-0.3263812392706134
E01026364,E01026364,South Kesteven 012E,South Kesteven,E01026364,1,2019,0.0690394993936417,-0.0355443831274073,0.0560742804706826,51.721433237043435,70.90081007251113,0.0,0.0,0.0,-0.0355443831274073,-0.104583882521049,0.020529897343275302,-0.048509602050366404,-0.9071035120764299,-0.9761430114700717,-0.7954384450399322,-0.864477944433574,-0.5829278312625639,-0.6519673306562056,-0.567337036987061,-0.6363765363807027,-0.4327839214265636,-0.5018234208202053,-0.45573878,-0.5247782822763322,-0.578565122640998,-0.6476046220346398,-0.4670276565641818,-0.5360671559578235,-0.35796434296771196,-0.4270038423613537
E01026334,E01026334,South Kesteven 013A,South Kesteven,E01026334,1,2018,0.0566764231262367,-0.116200178221858,0.15043141321917097,35.11543131002735,74.32348961155844,0.0,0.0,0.0,-0.116200178221858,-0.1728766013480947,0.03423123499731297,-0.02244518812892373,-0.727831406444813,-0.7845078295710497,-0.7510730268905038,-0.8077494500167405,-0.5136479417289741,-0.5703243648552108,-0.5232556738963139,-0.5799320970225506,-0.30680616355581825,-0.36348258668205496,-0.34878996,-0.40546638327218704,-0.42097511858958336,-0.4776515417158201,-0.291365354659465,-0.3480417777857017,-0.23948667121344033,-0.296163094339677
E01026334,E01026334,South Kesteven 013A,South Kesteven,E01026334,1,2019,0.0091877218129977,0.0566764231262367,0.1728766013480947,35.11543131002735,74.32348961155844,0.0,0.0,0.0,0.0566764231262367,0.047488701313239,0.2295530244743314,0.2203653026613337,-0.72834937774537,-0.7375370995583677,-0.7513932057249185,-0.7605809275379162,-0.5123094077666478,-0.5214971295796454,-0.5232556738963139,-0.5324433957093115,-0.30680616355581825,-0.31599388536881595,-0.34878996,-0.357977681958948,-0.42097511858958336,-0.43016284040258107,-0.291365354659465,-0.3005530764724627,-0.2418113631270277,-0.2509990849400254
E01026335,E01026335,South Kesteven 013B,South Kesteven,E01026335,1,2018,1.34496723746623,1.12650862140755,0.41561029855449394,35.03857624052523,74.42293244657914,0.0,0.0,0.0,1.12650862140755,-0.2184586160586801,1.5421189199620438,0.19715168249581372,0.026753485452543635,-1.3182137520136865,-0.11787899225093347,-1.4628462297171636,0.3117106263751118,-1.0332566110911183,0.30703880900772723,-1.0379284284585029,0.501436566698851,-0.8435306707673791,0.55196345,-0.7930037889417549,0.2744474415664881,-1.0705197958997419,0.5964590175447105,-0.7485082199215195,0.5978333501352022,-0.7471338873310278
E01026335,E01026335,South Kesteven 013B,South Kesteven,E01026335,1,2019,1.12726454125593,1.34496723746623,0.2184586160586801,35.03857624052523,74.42293244657914,0.0,0.0,0.0,1.34496723746623,0.21770269621030014,1.5634258535249101,0.43616131226898025,0.03131163289744443,-1.0959529083584854,-0.11506141850808375,-1.2423259597640137,0.3117106263751118,-0.8155539148808181,0.30703880900772723,-0.8202257322482027,0.501436566698851,-0.625827974557079,0.5344615,-0.5928030429954319,0.2682151948144202,-0.8590493464415097,0.5110149731353406,-0.6162495681205893,0.5784583197132612,-0.5488062215426687
E01026336,E01026336,South Kesteven 013C,South Kesteven,E01026336,1,2018,0.473954842193385,0.604949764080828,0.47777926286000605,34.732190259214356,74.29742992452654,0.0,0.0,0.0,0.604949764080828,0.130994921887443,1.082729026940834,0.608774184747449,0.2716368263771086,-0.2023180158162764,0.215238103637697,-0.258716738555688,0.19834403834644598,-0.27561080384693903,0.19069730327671333,-0.2832575389166717,0.2997268708646378,-0.17422797132874723,0.30527782,-0.16867701779152955,0.2972845787735755,-0.17667026341980951,0.43810357689255053,-0.03585126530083449,0.3909903116097966,-0.08296453058358844
E01026336,E01026336,South Kesteven 013C,South Kesteven,E01026336,1,2019,0.715972273865201,0.473954842193385,-0.130994921887443,34.732190259214356,74.29742992452654,0.0,0.0,0.0,0.473954842193385,-0.242017431671816,0.342959920305942,-0.373012353559259,0.2706699466160691,-0.44530232724913194,0.21464043648012285,-0.5013318373850781,0.19834403834644598,-0.517628235518755,0.19069730327671333,-0.5252749705884877,0.2997268708646378,-0.41624540300056323,0.30527782,-0.41069444946334555,0.2972845787735755,-0.4186876950916255,0.43810357689255053,-0.2778686969726505,0.3910469810791317,-0.3249252927860693
E01026337,E01026337,South Kesteven 013D,South Kesteven,E01026337,1,2018,0.102410284723702,0.0006809525909248,0.22368511261410678,34.630117674136976,74.35279358577047,0.0,0.0,0.0,0.0006809525909248,-0.10172933213277721,0.22436606520503158,0.12195578048132957,-0.3853500884595928,-0.4877603731832948,-0.5035027184430507,-0.6059130031667528,-0.29355512958977187,-0.3959654143134739,-0.3240490549587594,-0.4264593396824614,-0.12862100161914156,-0.23103128634284356,-0.15947263,-0.26188291415161186,-0.24996651392104455,-0.3523767986447466,-0.06094767209208481,-0.16335795681578683,-0.05599887339334084,-0.15840915811704284
E01026337,E01026337,South Kesteven 013D,South Kesteven,E01026337,1,2019,0.308419107975454,0.102410284723702,0.10172933213277721,34.630117674136976,74.35279358577047,0.0,0.0,0.0,0.102410284723702,-0.20600882325175202,0.20413961685647922,-0.1042794911189748,-0.3868004081011521,-0.6952195160766061,-0.504399219179412,-0.812818327154866,-0.2918590496359504,-0.6002781576114045,-0.3240490549587594,-0.6324681629342135,-0.12862100161914156,-0.4370401095945956,-0.15947263,-0.46789173740336387,-0.24996651392104455,-0.5583856218964985,-0.06462970762795708,-0.3730488156034111,-0.055913869189338244,-0.3643329771647923
E01026284,E01026284,South Holland 011C,South Holland,E01026284,1,2018,-0.0713347469282844,-0.385941049637297,0.14002740052633406,76.46427335855573,77.9661864923355,0.0,0.0,0.0,-0.385941049637297,-0.3146063027090126,-0.24591364911096292,-0.17457890218267852,-0.25139036506228607,-0.18005561813400167,-0.36423447207514204,-0.29289972514685764,-0.49891322948876515,-0.42757848256048075,-0.5352382112355303,-0.4639034643072459,-0.4154409891047978,-0.3441062421765134,-0.45080215,-0.37946740046017385,-0.4324016144438638,-0.3610668675155794,-0.42570166294938333,-0.35436691602109893,-0.3513489171838866,-0.2800141702556022
E01026284,E01026284,South Holland 011C,South Holland,E01026284,1,2019,0.104594790371694,-0.0713347469282844,0.3146063027090126,76.46427335855573,77.9661864923355,0.0,0.0,0.0,-0.0713347469282844,-0.1759295372999784,0.24327155578072818,0.13867676540903418,-0.258711026110157,-0.363305816481851,-0.36875966626820367,-0.47335445663989767,-0.49891322948876515,-0.6035080198604592,-0.5334380775129381,-0.6380328678846321,-0.4031945621624578,-0.5077893525341518,-0.43610764,-0.5407024258697408,-0.4324016144438638,-0.5369964048155578,-0.4243743727265958,-0.5289691630982898,-0.3433619392321078,-0.4479567296038018
E01026303,E01026303,South Kesteven 014A,South Kesteven,E01026303,1,2018,0.0974974106067942,-0.0911265401953962,0.2162800219156308,34.556230789223626,74.34563372458229,0.0,0.0,0.0,-0.0911265401953962,-0.1886239508021904,0.1251534817202346,0.0276560711134404,-0.695989151201527,-0.7934865618083212,-0.6878980719937965,-0.7853954826005907,-0.5682017473346069,-0.6656991579414011,-0.5487225516753061,-0.6462199622821003,-0.426160308849146,-0.5236577194559402,-0.43672743,-0.534224845003538,-0.4624115240553943,-0.5599089346621885,-0.4080930422184564,-0.5055904528252506,-0.27410885809289987,-0.37160626869969404
E01026303,E01026303,South Kesteven 014A,South Kesteven,E01026303,1,2019,0.25163430867454,0.0974974106067942,0.1886239508021904,34.556230789223626,74.34563372458229,0.0,0.0,0.0,0.0974974106067942,-0.1541368980677458,0.2861213614089846,0.03448705273444458,-0.695989151201527,-0.9476234598760671,-0.6878980719937965,-0.9395323806683364,-0.5682017473346069,-0.8198360560091469,-0.5487225516753061,-0.8003568603498461,-0.426160308849146,-0.677794617523686,-0.43672743,-0.6883617430712838,-0.4624115240553943,-0.7140458327299344,-0.4080930422184564,-0.6597273508929964,-0.27410885809289987,-0.5257431667674399
E01026304,E01026304,South Kesteven 014B,South Kesteven,E01026304,1,2018,-0.161840446700986,-0.0978980709888562,0.2843870615801678,34.84479290191057,74.33359540016937,0.0,0.0,0.0,-0.0978980709888562,0.0639423757121298,0.1864889905913116,0.3483294372922976,-0.44477185141115455,-0.28293140471016853,-0.5689652574331864,-0.4071248107322004,-0.40619416396743646,-0.24435371726645047,-0.4912308301381153,-0.32939038343712934,-0.38393317108963876,-0.22209272438865277,-0.33132762,-0.16948717046744052,-0.3480387443173006,-0.1861982976163146,-0.30005588200388084,-0.13821543530289485,-0.31194861642504323,-0.15010816972405724
E01026304,E01026304,South Kesteven 014B,South Kesteven,E01026304,1,2019,-0.0353719030968287,-0.161840446700986,-0.0639423757121298,34.84479290191057,74.33359540016937,0.0,0.0,0.0,-0.161840446700986,-0.1264685436041573,-0.22578282241311579,-0.1904109193162871,-0.4453243541317485,-0.4099524510349198,-0.5693067815232288,-0.5339348784264001,-0.40619416396743646,-0.37082226087060777,-0.4912308301381153,-0.4558589270412866,-0.38393317108963876,-0.34856126799281006,-0.33132762,-0.2959557140715978,-0.3480387443173006,-0.3126668412204719,-0.30005588200388084,-0.26468397890705214,-0.3119162338711374,-0.27654433077430873
E01026305,E01026305,South Kesteven 014C,South Kesteven,E01026305,1,2018,-0.125460097538826,-0.255983348717519,0.204433194275688,34.76505956988071,74.36498131465872,0.0,0.0,0.0,-0.255983348717519,-0.13052325117869298,-0.051550154441830975,0.07390994309699503,-0.4588604998603151,-0.33340040232148904,-0.5341298419004253,-0.4086697443615993,-0.4851577878344969,-0.3596976902956709,-0.5567440214615981,-0.43128392392277204,-0.4557815159865733,-0.3303214184477473,-0.4414481,-0.3159879949218063,-0.3741172931230211,-0.2486571955841951,-0.44756520716666703,-0.322105109627841,-0.37471547273896544,-0.24925537520013943
E01026305,E01026305,South Kesteven 014C,South Kesteven,E01026305,1,2019,-0.0155081758320492,-0.125460097538826,0.13052325117869298,34.76505956988071,74.36498131465872,0.0,0.0,0.0,-0.125460097538826,-0.10995192170677681,0.00506315363986698,0.02057132947191618,-0.46000003672154033,-0.4444918608894911,-0.5348342353361377,-0.5193260595040885,-0.4865069447865207,-0.47099876895447146,-0.5567440214615981,-0.5412358456295489,-0.4557815159865733,-0.4402733401545241,-0.44384146,-0.42833328153489414,-0.3741172931230211,-0.3586091172909719,-0.44756520716666703,-0.4320570313346178,-0.3746486837215349,-0.3591405078894857
E01026306,E01026306,South Kesteven 014D,South Kesteven,E01026306,1,2018,0.971885774000859,0.890728509556719,-0.05682662461621801,34.78730252871837,74.37284758776676,0.0,0.0,0.0,0.890728509556719,-0.08115726444413995,0.833901884940501,-0.13798388906035797,-0.026421281599394025,-0.998307055600253,-0.0630502881211267,-1.0349360621219856,0.3422957433580026,-0.6295900306428563,0.26651805044639076,-0.7053677235544682,0.42261391331083076,-0.5492718606900282,0.5454039,-0.4264818762385604,0.35424882254652496,-0.6176369514543341,0.5519709983520731,-0.4199147756487859,0.589877391993012,-0.3820083820078469
E01026306,E01026306,South Kesteven 014D,South Kesteven,E01026306,1,2019,0.964337662884937,0.971885774000859,0.08115726444413995,34.78730252871837,74.37284758776676,0.0,0.0,0.0,0.971885774000859,0.007548111115921907,1.053043038444999,0.08870537556006186,-0.026801127219802434,-0.9911387901047395,-0.06328508593303084,-1.027622748817968,0.3355546264303029,-0.6287830364546341,0.2647590222872112,-0.6995786405977258,0.42261391331083076,-0.5417237495741063,0.5454039,-0.41893376512263847,0.35424882254652496,-0.6100888403384122,0.5519709983520731,-0.41236666453286397,0.5898996549988222,-0.3744380078861148
E01026307,E01026307,South Kesteven 014E,South Kesteven,E01026307,1,2018,0.032691173244351,-0.273134213067216,0.01194117859612498,34.53472781277778,74.34525938260101,0.0,0.0,0.0,-0.273134213067216,-0.305825386311567,-0.26119303447109105,-0.29388420771544205,-0.5817682940457092,-0.6144594672900602,-0.6048845505378521,-0.6375757237822031,-0.47275120849684055,-0.5054423817411915,-0.5222787065350548,-0.5549698797794058,-0.3342551204569037,-0.3669462937012547,-0.34894323,-0.38163440673434124,-0.3858403967611113,-0.4185315700054623,-0.39606821121700986,-0.42875938446136086,-0.24081919102119473,-0.27351036426554576
E01026307,E01026307,South Kesteven 014E,South Kesteven,E01026307,1,2019,0.162942016491754,0.032691173244351,0.305825386311567,34.53472781277778,74.34525938260101,0.0,0.0,0.0,0.032691173244351,-0.130250843247403,0.33851655955591803,0.17557454306416403,-0.5835984593076768,-0.7465404757994308,-0.6060158490861174,-0.7689578655778714,-0.47275120849684055,-0.6356932249885945,-0.5222787065350548,-0.6852207230268088,-0.3342551204569037,-0.4971971369486577,-0.3482911,-0.5112331155632567,-0.3858403967611113,-0.5487824132528654,-0.35315432916087536,-0.5160963456526293,-0.24071192381138193,-0.40365394030313595
E01026287,E01026287,South Kesteven 015A,South Kesteven,E01026287,1,2018,0.0501145976220858,0.112247548357847,0.1242875084176725,80.84291187739464,71.51340996168582,0.0,0.0,0.0,0.112247548357847,0.0621329507357612,0.2365350567755195,0.1864204591534337,-0.10645966765434212,-0.15657426527642793,-0.06085034487678008,-0.11096494249886588,-0.252505606377975,-0.3026202040000608,-0.2339173530225807,-0.2840319506446665,-0.13795248674208987,-0.18806708436417569,-0.14469554,-0.19481013292424798,-0.20740577041452277,-0.25752036803660855,-0.1321605442419043,-0.1822751418639901,-0.0528237846915901,-0.10293838231367591
E01026287,E01026287,South Kesteven 015A,South Kesteven,E01026287,1,2019,0.274425875740603,0.0501145976220858,-0.0621329507357612,80.84291187739464,71.51340996168582,0.0,0.0,0.0,0.0501145976220858,-0.2243112781185172,-0.012018353113675398,-0.2864442288542784,-0.10645966765434212,-0.3808855433949451,-0.06085034487678008,-0.3352762206173831,-0.252505606377975,-0.526931482118578,-0.2339173530225807,-0.5083432287631837,-0.13795248674208987,-0.4123783624826929,-0.14469554,-0.4191214110427652,-0.20740577041452277,-0.48183164615512575,-0.1321605442419043,-0.40658641998250733,-0.0528237846915901,-0.3272496604321931
E01026288,E01026288,South Kesteven 015B,South Kesteven,E01026288,1,2018,0.585044363520156,0.340699287525777,0.3197109033597094,80.64776669837823,71.62537121113705,0.0,0.0,0.0,0.340699287525777,-0.244345075994379,0.6604101908854865,0.07536582736533048,0.1424740344646326,-0.4425703290555234,0.21355456593395314,-0.3714897975862028,-0.04301133512865897,-0.6280556986488149,-0.07411485115595917,-0.6591592146761152,-0.03822838093452133,-0.6232727444546773,-0.0047899443,-0.5898343077926443,-0.002530597942723853,-0.5875749614628798,0.07486605074576935,-0.5101783127743866,0.06070606345109016,-0.5243383000690658
E01026288,E01026288,South Kesteven 015B,South Kesteven,E01026288,1,2019,0.615251768261684,0.585044363520156,0.244345075994379,80.64776669837823,71.62537121113705,0.0,0.0,0.0,0.585044363520156,-0.030207404741528054,0.8293894395145349,0.21413767125285088,0.14292294292511526,-0.4723288253365688,0.21383205425711257,-0.40141971400457144,-0.03789801286399218,-0.6531497811256762,-0.07411485115595917,-0.6893666194176432,-0.03206899418818199,-0.647320762449866,0.008758178,-0.6064935902809034,-0.002530597942723853,-0.6177823662044079,0.07486605074576935,-0.5403857175159147,0.07839046333734717,-0.5368613049243369
E01026289,E01026289,South Kesteven 015C,South Kesteven,E01026289,1,2018,-0.187034175396701,-0.404429584172687,0.334040197644995,80.80212554767752,71.53562825791572,0.0,0.0,0.0,-0.404429584172687,-0.21739540877598598,-0.070389386527692,0.116644788869009,-0.5342264419205999,-0.3471922665238989,-0.48617262352846624,-0.29913844813176527,-0.745335482478378,-0.558301307081677,-0.7296834243868049,-0.5426492489901039,-0.6274995807395826,-0.4404654053428816,-0.69567907,-0.5086448931686677,-0.5070272993204545,-0.31999312392375356,-0.7303254678507608,-0.5432912924540598,-0.6029042399955904,-0.4158700645988894
E01026289,E01026289,South Kesteven 015C,South Kesteven,E01026289,1,2019,-0.192739985998452,-0.187034175396701,0.21739540877598598,80.80212554767752,71.53562825791572,0.0,0.0,0.0,-0.187034175396701,0.005705810601750988,0.03036123337928498,0.22310121937773697,-0.5303243914564043,-0.3375844054579523,-0.48376060964254186,-0.29102062364408987,-0.7432450206728847,-0.5505050346744327,-0.7283498300397685,-0.5356098440413165,-0.6274995807395826,-0.4347595947411306,-0.6876795,-0.4949395431916115,-0.5055507525343598,-0.3128107665359078,-0.68192581661969,-0.489185830621238,-0.6029855843926717,-0.4102455983942197
E01026346,E01026346,South Kesteven 015D,South Kesteven,E01026346,1,2018,-0.0861689522406343,-0.291274683743754,0.175481114751949,80.5770080044898,71.66590431346012,0.0,0.0,0.0,-0.291274683743754,-0.20510573150311967,-0.11579356899180498,-0.029624616751170688,-0.4120457620756657,-0.32587680983503137,-0.38217769000962665,-0.29600873776899234,-0.42810785822177594,-0.3419389059811416,-0.4902799657827511,-0.4041110135421168,-0.48557328511641384,-0.39940433287577953,-0.4581935,-0.3720245585301634,-0.38679124779534907,-0.30062229555471476,-0.33711064108579586,-0.25094168884516155,-0.42516870688780395,-0.33899975464716964
E01026346,E01026346,South Kesteven 015D,South Kesteven,E01026346,1,2019,0.108893029806613,-0.0861689522406343,0.20510573150311967,80.5770080044898,71.66590431346012,0.0,0.0,0.0,-0.0861689522406343,-0.19506198204724728,0.11893677926248537,0.010043749455872372,-0.4120457620756657,-0.5209387918822787,-0.38217769000962665,-0.4910707198162396,-0.42810785822177594,-0.537000888028389,-0.4902799657827511,-0.5991729955893641,-0.48557328511641384,-0.5944663149230268,-0.4581935,-0.5670865405774107,-0.38679124779534907,-0.4956842776019621,-0.33711064108579586,-0.4460036708924089,-0.42516870688780395,-0.5340617366944169
E01026347,E01026347,South Kesteven 015E,South Kesteven,E01026347,1,2018,1.11612792929523,0.752263061079346,-0.302542323784074,80.7016874453221,71.55163993158982,0.0,0.0,0.0,0.752263061079346,-0.36386486821588393,0.44972073729527207,-0.6664071919999579,0.39494776044841506,-0.7211801688468149,0.29681906336363484,-0.8193088659315951,0.5094900813079437,-0.6066378479872863,0.5306233773964557,-0.5855045518987743,0.7214906433043423,-0.39463728599088765,0.76610565,-0.3500222774397612,0.524286583004234,-0.5918413462909959,0.6445208668457595,-0.4716070624494705,0.857163514364599,-0.25896441493063094
E01026347,E01026347,South Kesteven 015E,South Kesteven,E01026347,1,2019,0.969782070064028,1.11612792929523,0.36386486821588393,80.7016874453221,71.55163993158982,0.0,0.0,0.0,1.11612792929523,0.14634585923120202,1.4799927975111138,0.5102107274470858,0.3941535377875611,-0.5756285322764668,0.2963281224841988,-0.6734539475798291,0.5094900813079437,-0.46029198875608424,0.5306233773964557,-0.43915869266757224,0.7214906433043423,-0.24829142675968563,0.76610565,-0.2036764182085592,0.524286583004234,-0.4454954870597939,0.6445208668457595,-0.32526120321826846,0.8572100642858386,-0.11257200577818938
E01026348,E01026348,South Kesteven 015F,South Kesteven,E01026348,1,2018,-0.326512334347442,-0.331233493245833,0.07292169871979798,80.87121257683584,71.48991221386994,0.0,0.0,0.0,-0.331233493245833,-0.004721158898391031,-0.25831179452603503,0.06820053982140695,-0.4365849904720827,-0.11007265612464073,-0.36378180922178627,-0.03726947487434429,-0.49621152241116506,-0.16969918806372308,-0.5354948307243557,-0.20898249637691368,-0.456178374850514,-0.129666040503072,-0.4676463,-0.1411339664452521,-0.4156548486931381,-0.08914251434569614,-0.4458753158206014,-0.11936298147315944,-0.325510455138469,0.0010018792089729889
E01026348,E01026348,South Kesteven 015F,South Kesteven,E01026348,1,2019,0.415458582412491,-0.326512334347442,0.004721158898391031,80.87121257683584,71.48991221386994,0.0,0.0,0.0,-0.326512334347442,-0.741970916759933,-0.32179117544905095,-0.737249757861542,-0.43727561887282523,-0.8527342012853163,-0.3642087143343393,-0.7796672967468303,-0.49621152241116506,-0.9116701048236561,-0.5322318329576248,-0.9476904153701158,-0.456178374850514,-0.8716369572630049,-0.46900114,-0.8844597265832521,-0.4156548486931381,-0.8311134311056292,-0.4469540334837193,-0.8624126158962103,-0.3254699769460868,-0.7409285593585778
E01026349,E01026349,South Kesteven 016A,South Kesteven,E01026349,1,2018,0.184753115128368,0.033018149479163,0.1147484090514893,80.59904098225111,71.56259577198367,0.0,0.0,0.0,0.033018149479163,-0.15173496564920502,0.1477665585306523,-0.036986556597715714,0.04493043421011128,-0.13982268091825673,0.052053696035399416,-0.1326994190929686,-0.10201992833095193,-0.2867730434593199,-0.18720789827596754,-0.3719610134043355,-0.12641983411621316,-0.31117294924458117,-0.051147096,-0.23590021098741876,0.021178535616538055,-0.16357457951182997,-0.04415651787848947,-0.22890963300685746,-0.08293832857361849,-0.2676914437019865
E01026349,E01026349,South Kesteven 016A,South Kesteven,E01026349,1,2019,0.172597536831672,0.184753115128368,0.15173496564920502,80.59904098225111,71.56259577198367,0.0,0.0,0.0,0.184753115128368,0.012155578296696001,0.33648808077757303,0.16389054394590102,0.04493043421011128,-0.12766710262156072,0.052053696035399416,-0.12054384079627259,-0.10201992833095193,-0.2746174651626239,-0.18720789827596754,-0.3598054351076395,-0.12641983411621316,-0.29901737094788516,-0.051147096,-0.22374463269072276,0.021178535616538055,-0.15141900121513396,-0.04415651787848947,-0.21675405471016146,-0.08293832857361849,-0.2555358654052905
E01026350,E01026350,South Kesteven 016B,South Kesteven,E01026350,1,2018,0.175167000871159,-0.112447615335648,0.152721698219436,80.68313185304797,71.54518755394442,0.0,0.0,0.0,-0.112447615335648,-0.287614616206807,0.04027408288378799,-0.13489291798737102,-0.008895969875035131,-0.18406297074619413,0.042822673115005344,-0.13234432775615365,-0.26821721390390246,-0.44338421477506146,-0.32941741639747607,-0.5045844172686351,-0.19658512963216002,-0.371752130503319,-0.20779993,-0.3829669272713436,-0.11624493901211169,-0.2914119398832707,-0.2057761399886012,-0.3809431408597602,-0.13548051017864235,-0.3106475110498014
E01026350,E01026350,South Kesteven 016B,South Kesteven,E01026350,1,2019,0.643984363699362,0.175167000871159,0.287614616206807,80.68313185304797,71.54518755394442,0.0,0.0,0.0,0.175167000871159,-0.46881736282820297,0.462781617077966,-0.18120274662139596,-0.007618307333661423,-0.6516026710330234,0.04361244757322838,-0.6003719161261336,-0.26821721390390246,-0.9122015776032644,-0.32941741639747607,-0.973401780096838,-0.19658512963216002,-0.840569493331522,-0.21067752,-0.8546618831400129,-0.11624493901211169,-0.7602293027114737,-0.2080781538468032,-0.8520625175461651,-0.1355553948345494,-0.7795397585339113
E01026351,E01026351,South Kesteven 016C,South Kesteven,E01026351,1,2018,-0.127644397407792,0.11936453247654,0.28267411945216303,80.68088304124042,71.62704768839025,0.0,0.0,0.0,0.11936453247654,0.24700892988433198,0.40203865192870303,0.529683049336495,0.11325860587792169,0.24090300328571368,0.1595524989409364,0.28719689634872836,-0.23942857236322107,-0.11178417495542908,-0.3501464034313059,-0.2225020060235139,-0.1655319150154086,-0.037887517607616605,-0.15728278,-0.0296383871733924,-0.13364837338996455,-0.00600397598217256,-0.18454693999466737,-0.05690254258687538,-0.11521647743008165,0.012427919977710339
E01026351,E01026351,South Kesteven 016C,South Kesteven,E01026351,1,2019,0.411372803478907,-0.127644397407792,-0.24700892988433198,80.68088304124042,71.62704768839025,0.0,0.0,0.0,-0.127644397407792,-0.5390172008866989,-0.37465332729212397,-0.786026130771031,0.11812753610315663,-0.29324526737575035,0.16256217998443498,-0.248810623494472,-0.20135957337182842,-0.6127323768507353,-0.3407597762894118,-0.7521325797683187,-0.1655319150154086,-0.5769047184943156,-0.1592683,-0.5706411081845268,-0.10811915857739107,-0.5194919620562981,-0.15552462100133493,-0.5668974244802419,-0.12055605005887535,-0.5319288535377823
E01026356,E01026356,South Kesteven 016D,South Kesteven,E01026356,1,2018,-0.0239051825024914,-0.548754456162104,0.16949727485764898,80.84143909757941,71.46774469217168,0.0,0.0,0.0,-0.548754456162104,-0.5248492736596126,-0.37925718130445507,-0.35535199880196366,-0.7015462292301422,-0.6776410467276508,-0.7153880836260589,-0.6914829011235675,-0.775873618843691,-0.7519684363411996,-0.7751049119818418,-0.7511997294793504,-0.6978857430349683,-0.6739805605324769,-0.7551179,-0.7312127107165027,-0.6118842326397923,-0.5879790501373009,-0.7173839822726162,-0.6934787997701248,-0.5947007503100822,-0.5707955678075908
E01026356,E01026356,South Kesteven 016D,South Kesteven,E01026356,1,2019,-0.142978416543883,-0.0239051825024914,0.5248492736596126,80.84143909757941,71.46774469217168,0.0,0.0,0.0,-0.0239051825024914,0.11907323404139158,0.5009440911571212,0.6439225077010042,-0.7015462292301422,-0.5585678126862592,-0.7153880836260589,-0.5724096670821759,-0.775873618843691,-0.632895202299808,-0.7751049119818418,-0.6321264954379588,-0.6978857430349683,-0.5549073264910853,-0.7551179,-0.6121394766751111,-0.6118842326397923,-0.4689058160959093,-0.7173839822726162,-0.5744055657287332,-0.5947007503100822,-0.4517223337661992
E01026357,E01026357,South Kesteven 016E,South Kesteven,E01026357,1,2018,-0.460442345493211,-0.511007070669154,0.2797230960544811,80.68671476154631,71.59140720746814,0.0,0.0,0.0,-0.511007070669154,-0.05056472517594296,-0.23128397461467287,0.22915837087853813,-0.683977613085684,-0.22353526759247305,-0.5805447762951564,-0.12010243080194544,-0.7575918783597528,-0.29714953286654183,-0.7754931050090048,-0.3150507595157938,-0.7280128473372739,-0.2675705018440629,-0.74432075,-0.28387840474330023,-0.6267382022375103,-0.1662958567442993,-0.7845715494441744,-0.3241292039509634,-0.6425900617439323,-0.1821477162507213
E01026357,E01026357,South Kesteven 016E,South Kesteven,E01026357,1,2019,-0.234449865542434,-0.460442345493211,0.05056472517594296,80.68671476154631,71.59140720746814,0.0,0.0,0.0,-0.460442345493211,-0.225992479950777,-0.40987762031726804,-0.17542775477483405,-0.683977613085684,-0.4495277475432501,-0.5805447762951564,-0.3460949107527225,-0.7575918783597528,-0.5231420128173189,-0.7754931050090048,-0.5410432394665708,-0.7280128473372739,-0.49356298179483993,-0.74432075,-0.5098708846940773,-0.6267382022375103,-0.39228833669507635,-0.7845715494441744,-0.5501216839017404,-0.6425900617439323,-0.40814019620149833
E01026358,E01026358,South Kesteven 016F,South Kesteven,E01026358,1,2018,-0.136197696655188,-0.78401437863986,-0.15110602142997298,80.58823529411765,71.67820069204153,0.0,0.0,0.0,-0.78401437863986,-0.647816681984672,-0.935120400069833,-0.798922703414645,-0.7096561212322496,-0.5734584245770616,-0.6129738264544232,-0.4767761297992352,-0.674279918023025,-0.538082221367837,-0.6687286704705848,-0.5325309738153968,-0.6147893388723031,-0.47859164221711514,-0.61791897,-0.4817212715454956,-0.5946294751164968,-0.4584317784613088,-0.4787608276522046,-0.34256313099701663,-0.5275755609768812,-0.3913778643216932
E01026358,E01026358,South Kesteven 016F,South Kesteven,E01026358,1,2019,-0.388866335397642,-0.136197696655188,0.647816681984672,80.58823529411765,71.67820069204153,0.0,0.0,0.0,-0.136197696655188,0.252668638742454,0.511618985329484,0.900485320727126,-0.7085511157910616,-0.3196847803934196,-0.6122907782743384,-0.22342444287669644,-0.674279918023025,-0.285413582625383,-0.6725116263598528,-0.28364529096221086,-0.61128519377324,-0.222418858375598,-0.61791897,-0.2290526328030416,-0.5979793600229013,-0.20911302462525932,-0.4901030202913282,-0.1012366848936862,-0.5276403260846928,-0.13877399068705082
E01026359,E01026359,South Kesteven 016G,South Kesteven,E01026359,1,2018,-0.174788376301902,-0.701382624009369,0.14014993266406994,80.56060458872135,71.63426436041887,0.0,0.0,0.0,-0.701382624009369,-0.526594247707467,-0.5612326913452991,-0.38644431504339705,-0.6223964387103718,-0.44760806240846973,-0.6525401218755054,-0.47775174557360334,-0.8228872747668424,-0.6480988984649404,-0.8422415243985165,-0.6674531480966145,-0.7052682205310817,-0.5304798442291797,-0.7179363,-0.5431479010876243,-0.5674172187874913,-0.39262884248558927,-0.7445816285040714,-0.5697932522021694,-0.639362727985643,-0.46457435168374095
E01026359,E01026359,South Kesteven 016G,South Kesteven,E01026359,1,2019,-0.263056105884352,-0.174788376301902,0.526594247707467,80.56060458872135,71.63426436041887,0.0,0.0,0.0,-0.174788376301902,0.08826772958245002,0.35180587140556496,0.614861977289917,-0.6223964387103718,-0.35934033282601974,-0.6525401218755054,-0.38948401599115334,-0.8228872747668424,-0.5598311688824904,-0.8422415243985165,-0.5791854185141645,-0.7052682205310817,-0.4422121146467297,-0.7179363,-0.45488017150517435,-0.5674172187874913,-0.3043611129031393,-0.7445816285040714,-0.48152552261971937,-0.639362727985643,-0.37630662210129096
E01026242,E01026242,South Holland 001A,South Holland,E01026242,1,2018,0.628591988561691,0.0746200017582667,-0.0037418744735175924,62.310587784612416,77.51943413759427,0.0,0.0,0.0,0.0746200017582667,-0.5539719868034243,0.07087812728474911,-0.5577138612769419,-0.2716282094057147,-0.9002201979674056,-0.3632372826863566,-0.9918292712480475,-0.21915961651312355,-0.8477516050748145,-0.28013316351484124,-0.9087251520765323,-0.11993155832669115,-0.7485235468883821,-0.06943174,-0.6980237256270062,-0.25897759859030045,-0.8875695871519914,-0.08808156967981723,-0.7166735582415082,-0.020853923689697365,-0.6494459122513884
E01026242,E01026242,South Holland 001A,South Holland,E01026242,1,2019,0.841204663684374,0.628591988561691,0.5539719868034243,62.310587784612416,77.51943413759427,0.0,0.0,0.0,0.628591988561691,-0.212612675122683,1.1825639753651154,0.3413593116807414,-0.289619079245058,-1.1308237429294319,-0.37435816086836193,-1.215562824552736,-0.21915961651312355,-1.0603642801974975,-0.28501706058542825,-1.1262217242698023,-0.11631174547926565,-0.9575164091636397,-0.054202195,-0.8954068589413224,-0.25897759859030045,-1.1001822622746744,0.014763708594583739,-0.8264409550897902,-0.007096127565991789,-0.8483007912503657
E01026243,E01026243,South Holland 001B,South Holland,E01026243,1,2018,0.5197618027332,0.487155288374176,0.361974167028987,62.302012047048635,77.37410594035667,0.0,0.0,0.0,0.487155288374176,-0.032606514359024064,0.849129455403163,0.32936765266996293,-0.2810824115498569,-0.800844214283057,-0.17725316215744458,-0.6970149648906446,0.022313032813125144,-0.4974487699200749,-0.06231925400033106,-0.582081056733531,0.058912037365821526,-0.46084976536737854,0.104999445,-0.4147623573544197,0.09823204862099333,-0.4215297541122067,0.03412327511811313,-0.4856385276150869,0.1308632242507009,-0.38889857848249915
E01026243,E01026243,South Holland 001B,South Holland,E01026243,1,2019,1.42487176336488,0.5197618027332,0.032606514359024064,62.302012047048635,77.37410594035667,0.0,0.0,0.0,0.5197618027332,-0.9051099606316799,0.5523683170922241,-0.8725034462726559,-0.28857572969791356,-1.7134474930627936,-0.1818850826286445,-1.6067568459935244,0.02091740482994819,-1.403954358534932,-0.06406493933913658,-1.4889367027040166,0.058912037365821526,-1.3659597259990583,0.104999445,-1.3198723179860996,0.09823204862099333,-1.3266397147438866,0.07102035946128427,-1.3538514039035956,0.13130241263804762,-1.2935693507268324
E01026313,E01026313,South Kesteven 001A,South Kesteven,E01026313,1,2018,-0.345169391337254,-0.693592259106223,0.03174159356462403,76.9006582106458,76.078396262004,0.0,0.0,0.0,-0.693592259106223,-0.348422867768969,-0.661850665541599,-0.316681274204345,-0.4931599967564843,-0.14799060541923031,-0.48836362932862465,-0.14319423799137065,-0.6939464440929591,-0.34877705275570514,-0.7026261763681544,-0.3574567850309004,-0.6655353145299007,-0.3203659231926467,-0.7137258,-0.3685564139453388,-0.589226174165175,-0.24405678282792098,-0.7763052901945754,-0.4311358988573214,-0.6178768912249712,-0.27270749988771725
E01026313,E01026313,South Kesteven 001A,South Kesteven,E01026313,1,2019,0.147464677930056,-0.345169391337254,0.348422867768969,76.9006582106458,76.078396262004,0.0,0.0,0.0,-0.345169391337254,-0.49263406926731,0.00325347643171503,-0.14421120149834096,-0.4953009447987862,-0.6427656227288422,-0.489687035177539,-0.637151713107595,-0.6939464440929591,-0.8414111220230152,-0.7026261763681544,-0.8500908542982104,-0.6655353145299007,-0.8129999924599567,-0.7137258,-0.8611904832126488,-0.589226174165175,-0.736690852095231,-0.7763052901945754,-0.9237699681246314,-0.6177514088285865,-0.7652160867586425
E01026244,E01026244,South Holland 001C,South Holland,E01026244,1,2018,1.00628164457763,0.651349758649343,0.509444592424021,57.191475805435076,77.6428365421285,0.0,0.0,0.0,0.651349758649343,-0.35493188592828695,1.1607943510733638,0.1545127064957339,-0.2083105537098944,-1.2145921982875243,-0.3201266764108861,-1.326408320988516,0.043537240232978676,-0.9627444043446513,0.0019087893957548893,-1.0043728551818751,0.12801755993885303,-0.8782640846387769,0.13494249,-0.8713391576954201,-0.05337652950338859,-1.0596581740810185,0.14341153287589783,-0.8628701117017321,0.18398488001643354,-0.8222967645611964
E01026244,E01026244,South Holland 001C,South Holland,E01026244,1,2019,1.08382060819194,1.00628164457763,0.35493188592828695,57.191475805435076,77.6428365421285,0.0,0.0,0.0,1.00628164457763,-0.07753896361431001,1.3612135305059168,0.27739292231397683,-0.21449167789654014,-1.2983122860884801,-0.3239474771682353,-1.4077680853601753,0.043537240232978676,-1.0402833679589611,0.0019087893957548893,-1.0819118187961851,0.12801755993885303,-0.9558030482530869,0.13494249,-0.9488781213097301,-0.05337652950338859,-1.1371971376953285,0.22541521233523562,-0.8584053958567043,0.1843471598382541,-0.8994734483536858
E01026247,E01026247,South Holland 001D,South Holland,E01026247,1,2018,1.04699212817101,1.07214185630193,0.18858224450872607,56.18752121776591,77.88137653219525,0.0,0.0,0.0,1.07214185630193,0.02514972813092009,1.260724100810656,0.21373197263964605,0.007765423478977185,-1.0392267046920327,-0.07436138200516156,-1.1213535101761716,0.3925024594928637,-0.6544896686781463,0.34939677592231955,-0.6975953522486904,0.6156560063660942,-0.43133612180491576,0.6157163,-0.4312758496180009,0.3449419980617408,-0.7020501301092692,0.6527315954817388,-0.3942605326892712,0.7502337152921906,-0.2967584128788193
E01026247,E01026247,South Holland 001D,South Holland,E01026247,1,2019,1.76746286049082,1.04699212817101,-0.02514972813092009,56.18752121776591,77.88137653219525,0.0,0.0,0.0,1.04699212817101,-0.7204707323198101,1.0218424000400899,-0.7456204604507302,0.0037252473346332526,-1.7637376131561868,-0.07685877691359654,-1.8443216374044165,0.3925024594928637,-1.3749604009979564,0.34939677592231955,-1.4180660845685005,0.6156560063660942,-1.1518068541247257,0.6157163,-1.151746581937811,0.3449419980617408,-1.4225208624290793,0.6063182106661664,-1.1611446498246536,0.7504705127176264,-1.0169923477731935
E01026314,E01026314,South Kesteven 001B,South Kesteven,E01026314,1,2018,-0.382252583226589,-1.03934471145588,-0.137754188589725,82.93364487835427,78.70361932491737,0.0,0.0,0.0,-1.03934471145588,-0.657092128229291,-1.1770989000456051,-0.7948463168190161,-0.797566629223226,-0.41531404599663696,-0.6070263485824334,-0.22477376535584442,-0.8453916078070433,-0.46313902458045425,-0.8453897296464078,-0.4631371464198188,-0.9256459223860304,-0.5433933391594414,-0.97045934,-0.5882067587762796,-0.7484544379610043,-0.3662018547344153,-1.0749298568640684,-0.6926772736374793,-0.8426477436066971,-0.46039516038010814
E01026314,E01026314,South Kesteven 001B,South Kesteven,E01026314,1,2019,-0.142842917948947,-0.382252583226589,0.657092128229291,82.93364487835427,78.70361932491737,0.0,0.0,0.0,-0.382252583226589,-0.23940966527764201,0.27483954500270197,0.41768246295164896,-0.797566629223226,-0.654723711274279,-0.6070263485824334,-0.46418343063348644,-0.8453916078070433,-0.7025486898580963,-0.8453897296464078,-0.7025468116974608,-0.9256459223860304,-0.7828030044370834,-0.97045934,-0.8276164240539217,-0.7484544379610043,-0.6056115200120573,-1.0749298568640684,-0.9320869389151214,-0.8426477436066971,-0.6998048256577502
E01026276,E01026276,South Holland 001E,South Holland,E01026276,1,2018,0.449596057822235,0.157049584053482,-0.020371543137625014,59.07453291407696,77.56635931061119,0.0,0.0,0.0,0.157049584053482,-0.292546473768753,0.13667804091585697,-0.312918016906378,-0.2491442558140132,-0.6987403136362482,-0.34394167538848197,-0.793537733210717,-0.02365778162392529,-0.4732538394461603,-0.09410511996437726,-0.5437011777866123,0.0631726672549218,-0.38642339056731323,0.077953696,-0.37164236157131947,-0.07742885063027873,-0.5270249084525137,0.0946148573357321,-0.3549812004865029,0.0930141863926432,-0.3565818714295918
E01026276,E01026276,South Holland 001E,South Holland,E01026276,1,2019,0.595671986502436,0.449596057822235,0.292546473768753,59.07453291407696,77.56635931061119,0.0,0.0,0.0,0.449596057822235,-0.14607592868020103,0.742142531590988,0.14647054508855195,-0.25245927213757735,-0.8481312586400134,-0.34599081992873637,-0.9416628064311724,-0.02365778162392529,-0.6193297681263613,-0.09410511996437726,-0.6897771064668132,0.0631726672549218,-0.5324993192475143,0.077953696,-0.5177182902515205,-0.07742885063027873,-0.6731008371327147,0.15335087547963838,-0.44232111102279764,0.09320848171607768,-0.5024635047863584
E01026329,E01026329,South Kesteven 001C,South Kesteven,E01026329,1,2018,-0.353882253443052,-0.549531198154348,0.08418582067562896,82.42937091676282,78.40160053069617,0.0,0.0,0.0,-0.549531198154348,-0.195648944711296,-0.46534537747871907,-0.11146312403566705,-0.7630075225951571,-0.4091252691521051,-0.5860418423978089,-0.23215958895475686,-0.7944948183502867,-0.44061256490723466,-0.7617915925772206,-0.4079093391341686,-0.8731550176505101,-0.519272764207458,-0.88154423,-0.5276619789254172,-0.8339235406563593,-0.4800412872133073,-0.9031038589838791,-0.5492216055408271,-0.8371979779084712,-0.48331572446541915
E01026329,E01026329,South Kesteven 001C,South Kesteven,E01026329,1,2019,-0.21042537532063,-0.353882253443052,0.195648944711296,82.42937091676282,78.40160053069617,0.0,0.0,0.0,-0.353882253443052,-0.14345687812242203,-0.158233308731756,0.05219206658887399,-0.7630075225951571,-0.5525821472745271,-0.5860418423978089,-0.3756164670771789,-0.7944948183502867,-0.5840694430296567,-0.7617915925772206,-0.5513662172565906,-0.8731550176505101,-0.6627296423298801,-0.88154423,-0.6711188570478392,-0.8339235406563593,-0.6234981653357293,-0.9031038589838791,-0.6926784836632491,-0.8371979779084712,-0.6267726025878412
E01026246,E01026246,South Holland 002A,South Holland,E01026246,1,2018,0.875669482493494,0.62872468143257,-0.017752926636219968,85.27463623290839,83.22494803504321,0.0,0.0,0.0,0.62872468143257,-0.24694480106092398,0.61097175479635,-0.26469772769714395,0.15111025925723165,-0.7245592232362623,-0.07744418269148125,-0.9531136651849752,0.26941453907344626,-0.6062549434200477,0.22811505708482055,-0.6475544254086734,0.43504504886894796,-0.440624433624546,0.52300334,-0.3526661427260379,0.2902904506612878,-0.5853790318322062,0.5077460324422872,-0.36792345005120675,0.4724010717055004,-0.4032684107879936
E01026246,E01026246,South Holland 002A,South Holland,E01026246,1,2019,1.10582487321838,0.875669482493494,0.24694480106092398,85.27463623290839,83.22494803504321,0.0,0.0,0.0,0.875669482493494,-0.230155390724886,1.122614283554418,0.01678941033603798,0.15159369913775145,-0.9542311740806285,-0.07714534911269415,-1.182970222331074,0.26941453907344626,-0.8364103341449337,0.22811505708482055,-0.8777098161335595,0.43504504886894796,-0.6707798243494321,0.51544106,-0.5903838131521568,0.2902904506612878,-0.8155344225570922,0.5077460324422872,-0.5980788407760927,0.4723727369708328,-0.6334521362475471
E01026248,E01026248,South Holland 002B,South Holland,E01026248,1,2018,-0.397882993042323,-0.436954149171112,-0.13909557645574,79.43500754651483,79.2765757282783,0.0,0.0,0.0,-0.436954149171112,-0.03907115612878903,-0.576049725626852,-0.17816673258452898,-0.06942159995701014,0.32846139308531286,-0.21467292076292407,0.18321007227939892,-0.41783667330678365,-0.01995368026446065,-0.42817692297534915,-0.030293929933026154,-0.4303712267005335,-0.03248823365821052,-0.4039553,-0.0060723175407916274,-0.336775705949301,0.06110728709302199,-0.3956181506188162,0.0022648424235067743,-0.33801050620947304,0.05987248683284996
E01026248,E01026248,South Holland 002B,South Holland,E01026248,1,2019,0.576737093711513,-0.397882993042323,0.03907115612878903,79.43500754651483,79.2765757282783,0.0,0.0,0.0,-0.397882993042323,-0.974620086753836,-0.35881183691353397,-0.9355489306250471,-0.07411787308205947,-0.6508549667935726,-0.21757587552828442,-0.7943129692397974,-0.41783667330678365,-0.9945737670182967,-0.42817692297534915,-1.0049140166868622,-0.4303712267005335,-1.0071083204120466,-0.4039553,-0.9806924042946277,-0.336775705949301,-0.9135127996608141,-0.4762750310446322,-1.0530121247561453,-0.3377352545012742,-0.9144723482127872
E01026333,E01026333,South Kesteven 001D,South Kesteven,E01026333,1,2018,-0.570689046029451,-1.04609288462097,0.08909847617738986,81.80740214675934,82.62287697524613,0.0,0.0,0.0,-1.04609288462097,-0.475403838591519,-0.9569944084435802,-0.38630536241412916,-0.8283685948682222,-0.2576795488387712,-0.7161043229518038,-0.1454152769223528,-0.9827528837016672,-0.4120638376722162,-0.9872333706054642,-0.4165443245760132,-1.0427870550392722,-0.47209800900982113,-1.0826993,-0.5120102528291915,-0.7686997548550795,-0.19801070882562843,-1.1040038592878552,-0.5333148132584041,-0.9520858180747981,-0.38139677204534705
E01026333,E01026333,South Kesteven 001D,South Kesteven,E01026333,1,2019,-0.182875346496397,-0.570689046029451,0.475403838591519,81.80740214675934,82.62287697524613,0.0,0.0,0.0,-0.570689046029451,-0.387813699533054,-0.095285207437932,0.087590139058465,-0.8296117259895588,-0.6467363794931618,-0.7168727521543992,-0.5339974056580021,-0.9827528837016672,-0.7998775372052702,-0.9872333706054642,-0.8043580241090672,-1.0427870550392722,-0.8599117085428751,-1.0826993,-0.8998239523622455,-0.7686997548550795,-0.5858244083586824,-1.1040038592878552,-0.9211285127914581,-0.9520129573285102,-0.7691376108321132
E01026257,E01026257,South Holland 002C,South Holland,E01026257,1,2018,1.47918435096525,0.891525375638325,-0.08995254234211403,86.82741021982872,83.90430932640756,0.0,0.0,0.0,0.891525375638325,-0.587658975326925,0.801572833296211,-0.677611517669039,0.047739866584374,-1.431444484380876,-0.19862883572735243,-1.6778131866926025,0.5777444819316808,-0.9014398690335692,0.599848471268624,-0.8793358796966261,0.8744988384856368,-0.6046855124796132,0.93920267,-0.5399816846825962,0.6394684834935606,-0.8397158674716895,0.9374611815769485,-0.5417231693883016,1.0524652286985008,-0.42671912226674924
E01026257,E01026257,South Holland 002C,South Holland,E01026257,1,2019,1.66320748334583,1.47918435096525,0.587658975326925,86.82741021982872,83.90430932640756,0.0,0.0,0.0,1.47918435096525,-0.18402313238057988,2.066843326292175,0.40363584294634514,0.04739455238400274,-1.6158129309618272,-0.1988422882836289,-1.8620497716294588,0.5777444819316808,-1.085463001414149,0.599848471268624,-1.063359012077206,0.8744988384856368,-0.7887086448601931,0.93920267,-0.7240048170631761,0.6394684834935606,-1.0237389998522692,0.9374611815769485,-0.7257463017688814,1.052485467794692,-0.6107220155511379
E01026291,E01026291,South Kesteven 002A,South Kesteven,E01026291,1,2018,0.272233926988746,-0.214808480596089,0.08727622594927001,54.908246489661714,70.75001487404408,0.0,0.0,0.0,-0.214808480596089,-0.48704240758483497,-0.127532254646819,-0.399766181635565,-0.5069582362033629,-0.7791921631921088,-0.3981835242924636,-0.6704174512812096,-0.5064669175232585,-0.7787008445120045,-0.4945580064994561,-0.7667919334882021,-0.38459185316009503,-0.6568257801488411,-0.40709555,-0.6793294784795296,-0.48995766063698976,-0.7621915876257357,-0.4432219171026496,-0.7154558440913956,-0.25415603475583515,-0.5263899617445811
E01026291,E01026291,South Kesteven 002A,South Kesteven,E01026291,1,2019,0.529986957130545,0.272233926988746,0.48704240758483497,54.908246489661714,70.75001487404408,0.0,0.0,0.0,0.272233926988746,-0.257753030141799,0.7592763345735809,0.2292893774430359,-0.5069582362033629,-1.0369451933339078,-0.3981835242924636,-0.9281704814230086,-0.5064669175232585,-1.0364538746538035,-0.4945580064994561,-1.024544963630001,-0.38459185316009503,-0.91457881029064,-0.40709555,-0.9370825086213287,-0.48995766063698976,-1.0199446177675346,-0.4432219171026496,-0.9732088742331946,-0.25415603475583515,-0.7841429918863801
E01026340,E01026340,South Kesteven 002B,South Kesteven,E01026340,1,2018,0.259640229126154,-0.0304350639884584,0.018814067109653703,68.80351786128834,72.94859024922874,0.0,0.0,0.0,-0.0304350639884584,-0.2900752931146124,-0.011620996878804697,-0.27126122600495867,-0.20172952577415654,-0.4613697549003105,-0.11364035080398407,-0.3732805799301381,-0.17113967621650994,-0.4307799053426639,-0.19535686183364484,-0.4549970909597988,-0.11798840660176912,-0.3776286357279231,-0.08320265,-0.34284288175934413,-0.0852452568127912,-0.3448854859389452,0.07273459216168557,-0.1869056369644684,-0.014044036474524332,-0.2736842656006783
E01026340,E01026340,South Kesteven 002B,South Kesteven,E01026340,1,2019,0.791816044193921,0.259640229126154,0.2900752931146124,68.80351786128834,72.94859024922874,0.0,0.0,0.0,0.259640229126154,-0.5321758150677671,0.5497155222407664,-0.24210052195315468,-0.19924326353148342,-0.9910593077254044,-0.11210349239879333,-0.9039195365927144,-0.12506910976521463,-0.9168851539591356,-0.19476923908187932,-0.9865852832758004,0.03052816065597091,-0.7612878835379502,0.036208414,-0.7556076306526041,0.032236657758115544,-0.7595793864358055,0.16072477279392813,-0.6310912713999929,0.15041204050306808,-0.6414040036908529
E01026250,E01026250,South Holland 003A,South Holland,E01026250,1,2018,0.0589984179348879,-0.33116807284615,0.135263185105848,79.60070115519734,78.99775783304655,0.0,0.0,0.0,-0.33116807284615,-0.39016649078103793,-0.19590488774030201,-0.25490330567518993,-0.09167090718142018,-0.1506693251163081,-0.07090849992643214,-0.12990691786132003,-0.34790760046085306,-0.406906018395741,-0.37777613072273925,-0.43677454865762716,-0.3257630351223924,-0.3847614530572803,-0.33447888,-0.39347730287026694,-0.23861958590625784,-0.29761800384114573,-0.2702735184941316,-0.32927193642901953,-0.237568739950517,-0.2965671578854049
E01026250,E01026250,South Holland 003A,South Holland,E01026250,1,2019,0.258188013008507,0.0589984179348879,0.39016649078103793,79.60070115519734,78.99775783304655,0.0,0.0,0.0,0.0589984179348879,-0.1991895950736191,0.44916490871592585,0.19097689570741883,-0.0885285479580416,-0.3467165609665486,-0.06896608166431606,-0.3271540946728231,-0.34790760046085306,-0.60609561346936,-0.37777613072273925,-0.6359641437312462,-0.3160223143675373,-0.5742103273760444,-0.32714036,-0.58532837407914,-0.24006698788481812,-0.49825500089332514,-0.24339994952398494,-0.5015879625324919,-0.2369277439391773,-0.4951157569476843
E01026355,E01026355,South Kesteven 002C,South Kesteven,E01026355,1,2018,-0.780650207539679,-0.961258413027937,0.20489577789116298,80.61428910757279,87.25574539208516,0.0,0.0,0.0,-0.961258413027937,-0.18060820548825807,-0.756362635136774,0.02428757240290491,-0.4783516108512586,0.30229859668842035,-0.5866056835584353,0.1940445239812436,-1.0607407941867324,-0.28009058664705344,-1.1224068277972776,-0.3417566202575987,-1.1123979875778685,-0.3317477800381895,-1.1457249,-0.365074685076593,-0.8717079742249088,-0.0910577666852298,-1.1655353633104222,-0.3848851557707432,-1.0307096512374037,-0.2500594436977247
E01026355,E01026355,South Kesteven 002C,South Kesteven,E01026355,1,2019,-0.380596519743365,-0.780650207539679,0.18060820548825807,80.61428910757279,87.25574539208516,0.0,0.0,0.0,-0.780650207539679,-0.40005368779631395,-0.6000420020514209,-0.21944548230805588,-0.47710847972992204,-0.09651195998655704,-0.58583725435584,-0.205240734612475,-1.0607407941867324,-0.6801442744433674,-1.1224068277972776,-0.7418103080539127,-1.1123979875778685,-0.7318014678345035,-1.1457249,-0.765128372872907,-0.8717079742249088,-0.49111145448154375,-1.1655353633104222,-0.7849388435670572,-1.0307825119836915,-0.6501859922403266
E01026251,E01026251,South Holland 003B,South Holland,E01026251,1,2018,-0.330858157706344,-0.0799143550391221,0.24633024777419793,79.59057599530658,78.9159029169018,0.0,0.0,0.0,-0.0799143550391221,0.25094380266722194,0.16641589273507584,0.49727405044141987,-0.3191253598663437,0.011732797840000309,-0.34795620306525143,-0.01709804535890741,-0.4851112576370329,-0.15425309993068886,-0.4777361920811137,-0.14687803437476965,-0.39641928470304316,-0.06556112699669914,-0.359418,-0.02855984704486142,-0.3763788330024387,-0.04552067529609466,-0.32989999256269,0.0009581651436540439,-0.3066743436308589,0.024183814075485144
E01026251,E01026251,South Holland 003B,South Holland,E01026251,1,2019,0.318727799107911,-0.330858157706344,-0.25094380266722194,79.59057599530658,78.9159029169018,0.0,0.0,0.0,-0.330858157706344,-0.649585956814255,-0.581801960373566,-0.900529759481477,-0.3195397369067892,-0.6382675360147002,-0.3482123461327832,-0.6669401452406942,-0.4851112576370329,-0.8038390567449438,-0.4777361920811137,-0.7964639911890247,-0.39641928470304316,-0.7151470838109542,-0.359418,-0.6781458038591164,-0.36809958796534337,-0.6868273870732544,-0.3192188541299367,-0.6379466532378477,-0.30665005671542955,-0.6253778558233405
E01026365,E01026365,South Kesteven 002D,South Kesteven,E01026365,1,2018,-0.861305049503779,-0.873034173769434,0.236074752444696,75.15057490249389,84.76785417737959,0.0,0.0,0.0,-0.873034173769434,-0.011729124265655089,-0.636959421324738,0.2243456281790409,-0.7770244127417298,0.08428063676204911,-0.6553926902512338,0.20591235925254514,-0.9777869395174306,-0.11648189001365161,-1.0213890965225707,-0.16008404701879175,-0.9787485508557544,-0.11744350135197545,-1.029589,-0.16828400746491,-0.8075062751698279,0.05379877433395108,-1.0714302801653752,-0.21012523066159627,-0.912106718346,-0.05080166884222104
E01026365,E01026365,South Kesteven 002D,South Kesteven,E01026365,1,2019,-0.555335917781709,-0.861305049503779,0.011729124265655089,75.15057490249389,84.76785417737959,0.0,0.0,0.0,-0.861305049503779,-0.30596913172206996,-0.8495759252381239,-0.2942400074564149,-0.7755050302600961,-0.2201691124783871,-0.6544534990036173,-0.09911758122190828,-0.9777869395174306,-0.4224510217357216,-1.0213890965225707,-0.4660531787408617,-0.9787485508557544,-0.4234126330740454,-1.029589,-0.47425313918698,-0.8075062751698279,-0.2521703573881189,-1.0714302801653752,-0.5160943623836662,-0.9121957703692408,-0.35685985258753183
E01026252,E01026252,South Holland 003C,South Holland,E01026252,1,2018,0.300513630457953,-0.0555242236144981,0.4044178375252309,79.55072746433788,80.4969691492113,0.0,0.0,0.0,-0.0555242236144981,-0.3560378540724511,0.3488936139107328,0.04837998345277983,-0.22606231249555309,-0.5265759429535061,-0.225609155240231,-0.526122785698184,-0.3466342894787575,-0.6471479199367105,-0.3908333854964664,-0.6913470159544194,-0.24704923757221803,-0.547562868030171,-0.26204303,-0.5625566595278535,-0.19117440864943033,-0.49168803910738335,-0.29820094367949723,-0.5987145741374502,-0.23306336963363297,-0.5335770000915859
E01026252,E01026252,South Holland 003C,South Holland,E01026252,1,2019,1.10290692414616,0.300513630457953,0.3560378540724511,79.55072746433788,80.4969691492113,0.0,0.0,0.0,0.300513630457953,-0.802393293688207,0.6565514845304041,-0.44635543961575586,-0.23355563064360968,-1.3364625547897697,-0.23024107571143093,-1.3331479998575908,-0.3466342894787575,-1.4495412136249175,-0.3908333854964664,-1.4937403096426265,-0.24704923757221803,-1.349956161718378,-0.2594097,-1.3623166200098837,-0.1855998589275527,-1.2885067830737127,-0.24006766817600234,-1.3429745923221623,-0.23382340518242253,-1.3367303293285826
E01026325,E01026325,South Kesteven 003A,South Kesteven,E01026325,1,2018,0.858076025765123,0.476955537242136,0.41363806674303694,60.947016056326774,68.29305770954808,0.0,0.0,0.0,0.476955537242136,-0.38112048852298697,0.890593603985173,0.03251757822004997,-0.015044292823799335,-0.8731203185889224,0.156324168259644,-0.701751857505479,0.09195433830206631,-0.7661216874630566,0.019128675342719576,-0.8389473504224034,0.12706349136644407,-0.7310125343986789,0.15238476,-0.7056912677695175,0.23834187434709198,-0.619734151418031,0.2462729432840703,-0.6118030824810528,0.23692077010078946,-0.6211552556643335
E01026325,E01026325,South Kesteven 003A,South Kesteven,E01026325,1,2019,1.22435199983493,0.858076025765123,0.38112048852298697,60.947016056326774,68.29305770954808,0.0,0.0,0.0,0.858076025765123,-0.36627597406980694,1.23919651428811,0.014844514453180135,-0.015044292823799335,-1.2393962926587292,0.156324168259644,-1.068027831575286,0.09195433830206631,-1.1323976615328637,0.019128675342719576,-1.2052233244922104,0.12706349136644407,-1.0972885084684858,0.15238476,-1.0719672418393245,0.23834187434709198,-0.986010125487838,0.2462729432840703,-0.9780790565508597,0.23692077010078946,-0.9874312297341404
E01026253,E01026253,South Holland 003D,South Holland,E01026253,1,2018,-0.410796463016926,-0.178197593005858,0.13505917518227098,79.59333946076414,79.45589644341601,0.0,0.0,0.0,-0.178197593005858,0.23259887001106802,-0.043138417823587016,0.367658045193339,-0.17028026214219905,0.24051620087472697,-0.09128410793030645,0.31951235508661957,-0.40839111913359305,0.0024053438833329666,-0.4082949805423111,0.0025014824746149023,-0.21456886490999788,0.19622759810692814,-0.21685427,0.19394218874400732,-0.13369205952901927,0.27710440348790677,-0.36588748106132407,0.044908981955601945,-0.11511122798213017,0.2956852350347958
E01026253,E01026253,South Holland 003D,South Holland,E01026253,1,2019,0.7269035457301,-0.410796463016926,-0.23259887001106802,79.59333946076414,79.45589644341601,0.0,0.0,0.0,-0.410796463016926,-1.137700008747026,-0.643395333027994,-1.3702988787580939,-0.17535638088765673,-0.9022599266177567,-0.0944218605075709,-0.8213254062376709,-0.40528483591400816,-1.132188381644108,-0.4082949805423111,-1.1351985262724111,-0.21092771282626466,-0.9378312585563646,-0.21883723,-0.9457407771277287,-0.1322330567439221,-0.8591366024740221,-0.3371653374021651,-1.064068883132265,-0.11574835143686948,-0.8426518971669694
E01026326,E01026326,South Kesteven 003B,South Kesteven,E01026326,1,2018,0.130886591285705,0.186509643890002,0.20199069784015738,64.19471876018405,69.98599740584662,0.0,0.0,0.0,0.186509643890002,0.05562305260429698,0.38850034173015935,0.25761375044445434,0.14403197122483938,0.013145379939134366,0.0745944895070946,-0.05629210177861041,-0.04909676312204096,-0.179983354407746,-0.07792159782364178,-0.2088081891093468,0.13412380178458672,0.003237210498881704,0.07023315,-0.06065343996906225,0.11268048209860312,-0.018206109187101888,0.02610780263826915,-0.10477878864743587,0.2275817694577382,0.09669517817203319
E01026326,E01026326,South Kesteven 003B,South Kesteven,E01026326,1,2019,0.460919574186378,0.130886591285705,-0.05562305260429698,64.19471876018405,69.98599740584662,0.0,0.0,0.0,0.130886591285705,-0.330032982900673,0.07526353868140803,-0.38565603550496996,0.14192555460257464,-0.31899401958380336,0.07329242891380802,-0.38762714527257003,-0.04372006415581789,-0.5046396383421959,-0.07684738402061889,-0.5377669582069969,0.1287342488910238,-0.3321853252953542,0.07023315,-0.39068642286973526,0.1160303670050074,-0.3448892071813706,-0.010149464021799868,-0.4710690382081779,0.22770522794450385,-0.23321434624187418
E01026281,E01026281,South Holland 004A,South Holland,E01026281,1,2018,-0.350140629296293,-0.593353697718148,0.09548079212404492,75.65004906445627,76.71963746650783,0.0,0.0,0.0,-0.593353697718148,-0.24321306842185503,-0.49787290559410313,-0.1477322762978101,-0.5537172298882787,-0.20357660059198562,-0.5650391160494262,-0.21489848675313322,-0.6483634657284837,-0.29822283643219066,-0.6546320274380011,-0.30449139814170806,-0.6321319564491732,-0.28199132715288017,-0.61605746,-0.26591682624341034,-0.5037261836738114,-0.15358555437751836,-0.658180048104864,-0.30803941880857094,-0.5325164779332945,-0.18237584863700146
E01026281,E01026281,South Holland 004A,South Holland,E01026281,1,2019,-0.425731019301156,-0.350140629296293,0.24321306842185503,75.65004906445627,76.71963746650783,0.0,0.0,0.0,-0.350140629296293,0.07559039000486295,-0.106927560874438,0.318803458426718,-0.5561689607109146,-0.13043794140975862,-0.5665546291989894,-0.14082360989783338,-0.6483634657284837,-0.2226324464273277,-0.6564163386151388,-0.23068531931398284,-0.6321319564491732,-0.20640093714801722,-0.6138024,-0.18807135410811526,-0.5037261836738114,-0.07799516437265541,-0.658180048104864,-0.232449028803708,-0.5323727803503377,-0.10664176104918177
E01026327,E01026327,South Kesteven 003C,South Kesteven,E01026327,1,2018,0.416105654921933,0.814256318540291,0.7235451011352417,63.50064082057905,69.75862352845152,0.0,0.0,0.0,0.814256318540291,0.398150663618358,1.5378014196755327,1.1216957647535997,0.1465462398861679,-0.2695594150357651,0.2077916330936547,-0.20831402182827832,-0.0024263609252056137,-0.4185320158471386,-0.07164604072084502,-0.48775169564277804,0.09534421426702204,-0.32076144065491097,0.08983536,-0.32627029427568516,0.1890804619843563,-0.22702519293757673,0.12942576375157536,-0.28667989117035764,0.1871191413781686,-0.22898651354376443
E01026327,E01026327,South Kesteven 003C,South Kesteven,E01026327,1,2019,0.817914653832629,0.416105654921933,-0.398150663618358,63.50064082057905,69.75862352845152,0.0,0.0,0.0,0.416105654921933,-0.40180899891069594,0.01795499130357503,-0.7999596625290539,0.145475765865017,-0.672438887967612,0.2071299301691976,-0.6107847236634314,-0.0024263609252056137,-0.8203410147578346,-0.07164604072084502,-0.889560694553474,0.09534421426702204,-0.722570439565607,0.10360585,-0.7143088023016002,0.1890804619843563,-0.6288341918482727,0.19512704100756703,-0.6227876128250619,0.2057914147704483,-0.6121232390621807
E01026282,E01026282,South Holland 004B,South Holland,E01026282,1,2018,0.159906658304193,0.012377315593069,0.613756758631448,76.72334819352884,77.41513093124038,0.0,0.0,0.0,0.012377315593069,-0.147529342711124,0.626134074224517,0.4662274159203239,-0.3475177996051785,-0.5074244579093715,-0.2775203420246663,-0.4374270003288593,-0.3898892084244314,-0.5497958667286245,-0.462431024137231,-0.622337682441424,-0.35031971608953866,-0.5102263743937316,-0.40224767,-0.5621543256168151,-0.28279817690929887,-0.4427048352134919,-0.40496128854603375,-0.5648679468502268,-0.2801601501560286,-0.4400668084602216
E01026282,E01026282,South Holland 004B,South Holland,E01026282,1,2019,0.380257877949879,0.159906658304193,0.147529342711124,76.72334819352884,77.41513093124038,0.0,0.0,0.0,0.159906658304193,-0.22035121964568596,0.307436001015317,-0.07282187693456199,-0.35718659721557405,-0.737444475165453,-0.28349701360040813,-0.6637548915502871,-0.3898892084244314,-0.7701470863743104,-0.462431024137231,-0.84268890208711,-0.35031971608953866,-0.7305775940394177,-0.40224767,-0.782505545262501,-0.28279817690929887,-0.6630560548591778,-0.35880384026839574,-0.7390617182182747,-0.279593455462678,-0.659851333412557
E01026328,E01026328,South Kesteven 003D,South Kesteven,E01026328,1,2018,0.524701214879303,0.968242562411462,0.5424518299269909,58.409296679666035,67.35192821110901,0.0,0.0,0.0,0.968242562411462,0.443541347532159,1.5106943923384528,0.9859931774591498,0.4650809772174194,-0.05962023766188357,0.5521913324184584,0.027490117539155423,0.22985119909089785,-0.29485001578840514,0.10464197196307301,-0.42005924291623,0.3244052785326132,-0.2002959363466898,0.32239223,-0.20230898961380006,0.29536386414519245,-0.22933735073411055,0.21053236602809336,-0.31416884885120966,0.418173433173494,-0.10652778170580901
E01026328,E01026328,South Kesteven 003D,South Kesteven,E01026328,1,2019,1.63100662007838,0.524701214879303,-0.443541347532159,58.409296679666035,67.35192821110901,0.0,0.0,0.0,0.524701214879303,-1.1063054051990768,0.08115986734714398,-1.549846752731236,0.4628364349150061,-1.168170185163374,0.5508038908026611,-1.0802027292757188,0.23105132061265815,-1.3999552994657218,0.12255800656138324,-1.5084486135169968,0.3649817473746273,-1.2660248727037526,0.3293574,-1.301649234443004,0.35717308032885464,-1.2738335397495253,0.26562902432144264,-1.3653775957569372,0.4434918131880129,-1.1875148068903671
E01026352,E01026352,South Kesteven 003E,South Kesteven,E01026352,1,2018,0.336173274004275,0.469214662426204,0.40739647359322423,68.82342849803008,72.51409123642857,0.0,0.0,0.0,0.469214662426204,0.13304138842192903,0.8766111360194282,0.5404378620151532,-0.24145714746383762,-0.5776304214681126,-0.2526557574143601,-0.5888290314186351,-0.20739051168319736,-0.5435637856874723,-0.22038496162433532,-0.5565582356286103,-0.03228893770296915,-0.36846221170724414,-0.00900018,-0.3451734542934243,-0.10881508765890924,-0.44498836166318423,0.06805325998435918,-0.2681200140199158,0.0796505677498024,-0.2565227062544726
E01026352,E01026352,South Kesteven 003E,South Kesteven,E01026352,1,2019,0.463486402692232,0.336173274004275,-0.13304138842192903,68.82342849803008,72.51409123642857,0.0,0.0,0.0,0.336173274004275,-0.12731312868795702,0.20313188558234596,-0.26035451710988605,-0.24087011332320646,-0.7043565160154385,-0.25229288806869005,-0.7157792907609221,-0.20739051168319736,-0.6708769143754294,-0.22038496162433532,-0.6838713643165674,-0.03228893770296915,-0.49577534039520116,-0.00900018,-0.4724865829813813,-0.11274655458593702,-0.576232957278169,0.05751822992682918,-0.4059681727654028,0.07961616128627756,-0.38387024140595444
E01026353,E01026353,South Kesteven 003F,South Kesteven,E01026353,1,2018,1.5258720246435,1.72076163697407,0.6833354742964899,71.05464264511325,73.47958107629671,0.0,0.0,0.0,1.72076163697407,0.1948896123305699,2.40409711127056,0.87822508662706,0.9524105091161401,-0.5734615155273599,0.7769879383580659,-0.7488840862854341,1.1994052388798941,-0.3264667857636059,0.8923618484749848,-0.6335101761685152,1.0277399326549415,-0.49813209198855857,0.99986625,-0.526005777466376,0.921700004991027,-0.604172019652473,1.052244714103295,-0.4736273105402051,1.1092363719477512,-0.41663565269574887
E01026353,E01026353,South Kesteven 003F,South Kesteven,E01026353,1,2019,2.30607132138736,1.5258720246435,-0.1948896123305699,71.05464264511325,73.47958107629671,0.0,0.0,0.0,1.5258720246435,-0.78019929674386,1.3309824123129301,-0.9750889090744299,0.9531702003569569,-1.3529011210304032,0.7774575339818742,-1.5286137874054857,1.1994052388798941,-1.106666082507466,0.8923618484749848,-1.4137094729123754,1.0277399326549415,-1.2783313887324186,0.99986625,-1.306205074210236,0.921700004991027,-1.384371316396333,1.0564500145679707,-1.2496213068193893,1.1091918459361307,-1.1968794754512293
E01026354,E01026354,South Kesteven 003G,South Kesteven,E01026354,1,2018,0.0439361396491225,-0.267082207460232,0.23877928498263107,66.04454316563479,70.89947566306087,0.0,0.0,0.0,-0.267082207460232,-0.3110183471093545,-0.02830292247760091,-0.0722390621267234,-0.6496009775895144,-0.6935371172386369,-0.5336504233022629,-0.5775865629513853,-0.5987028408971006,-0.642638980546223,-0.5578950708930492,-0.6018312105421717,-0.4227401105408789,-0.4666762501900014,-0.46029428,-0.5042304161250288,-0.40872786547466317,-0.4526640051237857,-0.43474060482559335,-0.47867674447471587,-0.35939993942637516,-0.4033360790754977
E01026354,E01026354,South Kesteven 003G,South Kesteven,E01026354,1,2019,0.290277349295475,0.0439361396491225,0.3110183471093545,66.04454316563479,70.89947566306087,0.0,0.0,0.0,0.0439361396491225,-0.2463412096463525,0.354954486758477,0.06467713746300202,-0.6489103491887718,-0.9391876984842468,-0.5332235181897099,-0.8235008674851849,-0.5987028408971006,-0.8889801901925756,-0.5615709473065226,-0.8518482966019976,-0.4227401105408789,-0.7130174598363539,-0.46029428,-0.7505716257713814,-0.40872786547466317,-0.6990052147701382,-0.44051675324812395,-0.7307941025435989,-0.35944041761875734,-0.6497177669142323
E01026320,E01034701,South Kesteven 004F,South Kesteven,E01026320,1,2018,0.668970988534499,0.448895253900475,0.104702227437799,60.32602199574826,70.55777166779582,0.0,0.0,0.0,0.448895253900475,-0.22007573463402397,0.553597481338274,-0.11537350719622497,-0.027803253752584425,-0.6967742422870834,-0.3384243749640631,-1.0073953634985622,-0.07988584330203087,-0.7488568318365298,-0.12029379786186115,-0.7892647863963601,0.06987682950288984,-0.5990941590316091,0.15502132,-0.5139496637807377,-0.1636023371450096,-0.8325733256795086,0.14933654063397497,-0.519634447900524,0.22494310780240467,-0.4440278807320943
E01026320,E01034701,South Kesteven 004F,South Kesteven,E01026320,1,2019,0.870865350447429,0.668970988534499,0.22007573463402397,60.32602199574826,70.55777166779582,0.0,0.0,0.0,0.668970988534499,-0.20189436191292998,0.889046723168523,0.01818137272109399,-0.027803253752584425,-0.8986686042000134,-0.3384243749640631,-1.209289725411492,-0.07988584330203087,-0.9507511937494598,-0.12029379786186115,-0.9911591483092901,0.06987682950288984,-0.8009885209445391,0.15502132,-0.7158440256936677,-0.1636023371450096,-1.0344676875924386,0.14933654063397497,-0.721528809813454,0.22494310780240467,-0.6459222426450243
E01026320,E01034702,South Kesteven 004G,South Kesteven,E01026320,1,2018,0.668970988534499,0.448895253900475,0.104702227437799,60.32602199574826,70.55777166779582,0.0,0.0,0.0,0.448895253900475,-0.22007573463402397,0.553597481338274,-0.11537350719622497,-0.027803253752584425,-0.6967742422870834,-0.3384243749640631,-1.0073953634985622,-0.07988584330203087,-0.7488568318365298,-0.12029379786186115,-0.7892647863963601,0.06987682950288984,-0.5990941590316091,0.15502132,-0.5139496637807377,-0.1636023371450096,-0.8325733256795086,0.14933654063397497,-0.519634447900524,0.22494310780240467,-0.4440278807320943
E01026320,E01034702,South Kesteven 004G,South Kesteven,E01026320,1,2019,0.870865350447429,0.668970988534499,0.22007573463402397,60.32602199574826,70.55777166779582,0.0,0.0,0.0,0.668970988534499,-0.20189436191292998,0.889046723168523,0.01818137272109399,-0.027803253752584425,-0.8986686042000134,-0.3384243749640631,-1.209289725411492,-0.07988584330203087,-0.9507511937494598,-0.12029379786186115,-0.9911591483092901,0.06987682950288984,-0.8009885209445391,0.15502132,-0.7158440256936677,-0.1636023371450096,-1.0344676875924386,0.14933654063397497,-0.721528809813454,0.22494310780240467,-0.6459222426450243
E01026321,E01026321,South Kesteven 004B,South Kesteven,E01026321,1,2018,1.03308387754615,0.178898045266526,0.2658469520898797,59.96126157227454,71.40055747122679,0.0,0.0,0.0,0.178898045266526,-0.854185832279624,0.4447449973564057,-0.5883388801897442,-0.16637119179265275,-1.1994550693388026,-0.232132282464871,-1.265216160011021,-0.25832669683872217,-1.291410574384872,-0.2568078590133979,-1.289891736559548,-0.1454851905254643,-1.1785690680716143,-0.17342353,-1.2065074062174146,-0.2096809130508044,-1.2427647905969543,-0.13608522932461992,-1.16916910687077,-0.06887336861354101,-1.101957246159691
E01026321,E01026321,South Kesteven 004B,South Kesteven,E01026321,1,2019,0.792342206418763,1.03308387754615,0.854185832279624,59.96126157227454,71.40055747122679,0.0,0.0,0.0,1.03308387754615,0.24074167112738698,1.887269709825774,1.094927503407011,-0.1679251056943235,-0.9602673121130865,-0.23309281896811523,-1.0254350253868783,-0.24760729624192943,-1.0399495026606924,-0.25327261750912394,-1.0456148239278868,-0.14252455844241307,-0.934866764861176,-0.15899995,-0.9513421561124428,-0.20544367305461547,-0.9977858794733785,-0.1124058637000889,-0.9047480701188518,-0.06878229268068109,-0.861124499099444
E01026322,E01026322,South Kesteven 004C,South Kesteven,E01026322,1,2018,0.462867402525697,0.214436057961033,0.2975630413409202,62.01336152877567,69.84120462834221,0.0,0.0,0.0,0.214436057961033,-0.24843134456466404,0.5119990993019532,0.04913169677625617,-0.4890827392488151,-0.9519501417745122,-0.2215160142954466,-0.6843834168211436,-0.18722653869823974,-0.6500939412239368,-0.2002297535700816,-0.6630971560957786,-0.08655194052703755,-0.5494193430527345,-0.07671547,-0.5395828718860486,-0.04170821514455631,-0.5045756176702534,-0.08000867770071572,-0.5428760802264128,0.04781864681378789,-0.41504875571190913
E01026322,E01026322,South Kesteven 004C,South Kesteven,E01026322,1,2019,0.609827572912196,0.462867402525697,0.24843134456466404,62.01336152877567,69.84120462834221,0.0,0.0,0.0,0.462867402525697,-0.146960170386499,0.7112987470903611,0.10147117417816509,-0.4885302365282211,-1.0983578094404172,-0.2211744902054042,-0.8310020631176003,-0.18722653869823974,-0.7970541116104357,-0.2002297535700816,-0.8100573264822777,-0.08655194052703755,-0.6963795134392335,-0.07671547,-0.6865430422725476,-0.04170821514455631,-0.6515357880567524,-0.1154483957116996,-0.7252759686238957,0.0480598449264274,-0.5617677279857687
E01026323,E01026323,South Kesteven 004D,South Kesteven,E01026323,1,2018,1.19097920833598,1.17965992274695,0.230034859090139,69.09740300381628,72.50515177095978,0.0,0.0,0.0,1.17965992274695,-0.01131928558903006,1.4096947818370889,0.21871557350110882,0.7539744032630291,-0.4370048050729509,0.6185839520344895,-0.5723952563014906,0.8233309949509663,-0.36764821338501374,0.8224155370766392,-0.36856367125934086,0.8951844326615502,-0.2957947756744298,0.93350184,-0.2574773686982237,0.8250056948972587,-0.3659735134387213,0.9158714124504833,-0.2751077958854967,0.9723518586595474,-0.2186273496764326
E01026323,E01026323,South Kesteven 004D,South Kesteven,E01026323,1,2019,1.24093923186227,1.19097920833598,0.01131928558903006,69.09740300381628,72.50515177095978,0.0,0.0,0.0,1.19097920833598,-0.04996002352629003,1.20229849392501,-0.03864073793725997,0.7501414156389081,-0.49079781622336194,0.6162146286598204,-0.6247246032024497,0.8233309949509663,-0.4176082369113038,0.8224155370766392,-0.4185236947856309,0.8951844326615502,-0.34575479920071983,0.93350184,-0.3074373922245137,0.8250056948972587,-0.41593353696501134,0.9305108924571196,-0.31042833940515047,0.9725765126272685,-0.26836271923500155
E01026324,E01026324,South Kesteven 004E,South Kesteven,E01026324,1,2018,-0.190721927483878,-0.244478074444318,0.14240222502011,66.33708547208101,71.51673925573164,0.0,0.0,0.0,-0.244478074444318,-0.05375614696043998,-0.102075849424208,0.08864607805967001,-0.7323082292563601,-0.541586301772482,-0.5295165865380757,-0.33879465905419764,-0.539516506490472,-0.348794579006594,-0.5148614724612575,-0.32413954497737946,-0.4300823665939708,-0.2393604391100928,-0.451576,-0.26085406700769914,-0.4098393656005884,-0.21911743811671042,-0.4915601703291778,-0.3008382428452998,-0.3380938856444141,-0.1473719581605361
E01026324,E01026324,South Kesteven 004E,South Kesteven,E01026324,1,2019,0.0904213568541563,-0.190721927483878,0.05375614696043998,66.33708547208101,71.51673925573164,0.0,0.0,0.0,-0.190721927483878,-0.2811432843380343,-0.13696578052343802,-0.2273871373775943,-0.7323082292563601,-0.8227295861105164,-0.5295165865380757,-0.619937943392232,-0.539516506490472,-0.6299378633446283,-0.5148614724612575,-0.6052828293154138,-0.4300823665939708,-0.5205037234481271,-0.451576,-0.5419973513457335,-0.4098393656005884,-0.5002607224547447,-0.4915601703291778,-0.5819815271833341,-0.3380938856444141,-0.4285152424985704
E01026308,E01026308,South Kesteven 005A,South Kesteven,E01026308,1,2018,0.752896317774974,0.719516185155493,0.06373514625794297,54.462831500370164,68.74208978609909,0.0,0.0,0.0,0.719516185155493,-0.03338013261948103,0.783251331413436,0.030355013638461936,0.5146882832524344,-0.23820803452253958,0.3485337757108645,-0.4043625420641095,0.36901122534268355,-0.38388509243229046,0.3830224353799536,-0.3698738823950204,0.500736245938807,-0.25216007183616707,0.5788203,-0.17407602959366908,0.42683232463274046,-0.32606399314223355,0.531324161352115,-0.221572156422859,0.6300536590094298,-0.12284265876554423
E01026308,E01026308,South Kesteven 005A,South Kesteven,E01026308,1,2019,1.61106286928537,0.752896317774974,0.03338013261948103,54.462831500370164,68.74208978609909,0.0,0.0,0.0,0.752896317774974,-0.8581665515103959,0.786276450394455,-0.8247864188909149,0.5146882832524344,-1.0963745860329355,0.3485337757108645,-1.2625290935745053,0.36901122534268355,-1.2420516439426863,0.3830224353799536,-1.2280404339054163,0.500736245938807,-1.110326623346563,0.5788203,-1.032242581104065,0.42683232463274046,-1.1842305446526296,0.531324161352115,-1.079738707933255,0.6300536590094298,-0.9810092102759401
E01026309,E01026309,South Kesteven 005B,South Kesteven,E01026309,1,2018,0.573342594435254,0.282623713461747,0.42205458738148094,58.855974761446014,70.00758426940233,0.0,0.0,0.0,0.282623713461747,-0.29071888097350707,0.7046783008432279,0.13133570640797387,-0.0003293345871561437,-0.5736719290224102,0.06345429158967497,-0.5098883028455791,-0.24202496465321507,-0.8153675590884691,-0.2744212525450325,-0.8477638469802866,-0.0741764438183708,-0.6475190382536249,-0.07915152,-0.6524941130781564,-0.03166543070563976,-0.6050080251408938,-0.11912867361086647,-0.6924712680461205,-0.007591478246985001,-0.5809340726822391
E01026309,E01026309,South Kesteven 005B,South Kesteven,E01026309,1,2019,0.771646384629022,0.573342594435254,0.29071888097350707,58.855974761446014,70.00758426940233,0.0,0.0,0.0,0.573342594435254,-0.19830379019376798,0.8640614754087611,0.09241509077973908,0.00015410529336365442,-0.7714922793356583,0.06375312516846207,-0.7078932594605599,-0.24202496465321507,-1.0136713492822371,-0.2744212525450325,-1.0460676371740545,-0.0741764438183708,-0.8458228284473928,-0.07915152,-0.8507979032719244,-0.03166543070563976,-0.8033118153346618,-0.13569176999235844,-0.9073381546213805,-0.006958755479449408,-0.7786051401084715
E01026310,E01026310,South Kesteven 005C,South Kesteven,E01026310,1,2018,0.970494206681086,0.214552455553318,0.1419210173524793,55.25357749976684,70.26574696726252,0.0,0.0,0.0,0.214552455553318,-0.755941751127768,0.35647347290579734,-0.6140207337752887,-0.076174272268057,-1.046668478949143,0.0729760010951725,-0.8975182055859134,-0.10768773544610068,-1.0781819421271868,-0.14729264016290727,-1.1177868468439933,0.018349699658195464,-0.9521445070228906,-0.012450177,-0.9829443839035763,0.06864198240793723,-0.9018522242731488,-0.15581954786587135,-1.1263137545469573,0.0765969016732765,-0.8938973050078095
E01026310,E01026310,South Kesteven 005C,South Kesteven,E01026310,1,2019,0.666841781654804,0.970494206681086,0.755941751127768,55.25357749976684,70.26574696726252,0.0,0.0,0.0,0.970494206681086,0.303652425026282,1.726435957808854,1.05959417615405,-0.0754145810272402,-0.7422563626820442,0.07344559671898077,-0.5933961849358232,-0.10768773544610068,-0.7745295171009047,-0.14729264016290727,-0.8141344218177113,0.018349699658195464,-0.6484920819966086,-0.012450177,-0.6792919588772943,0.06864198240793723,-0.5981997992468668,-0.12320616130894911,-0.7900479429637531,0.0765523756616561,-0.5902894059931479
E01026311,E01026311,South Kesteven 005D,South Kesteven,E01026311,1,2018,0.62195887986676,0.540757110425896,0.23639926214937002,57.312278515953786,68.65689520174763,0.0,0.0,0.0,0.540757110425896,-0.08120176944086399,0.777156372575266,0.15519749270850602,0.031586963164284346,-0.5903719167024757,0.1645646572020232,-0.45739422266473684,0.035275161988267495,-0.5866837178784925,0.028696681805928038,-0.593262198060832,0.1838878879649393,-0.43807099190182075,0.20405681,-0.41790206555382514,0.216881678263261,-0.405077201603499,0.1920955867016483,-0.42986329316511174,0.26693445427113993,-0.3550244255956201
E01026311,E01026311,South Kesteven 005D,South Kesteven,E01026311,1,2019,1.22725717503222,0.62195887986676,0.08120176944086399,57.312278515953786,68.65689520174763,0.0,0.0,0.0,0.62195887986676,-0.6052982951654601,0.703160649307624,-0.5240965257245961,0.031586963164284346,-1.1956702118679357,0.1645646572020232,-1.062692517830197,0.035275161988267495,-1.1919820130439527,0.028696681805928038,-1.198560493226292,0.1838878879649393,-1.0433692870672808,0.20405681,-1.0232003607192852,0.216881678263261,-1.010375496768959,0.1920955867016483,-1.0351615883305718,0.26693445427113993,-0.9603227207610802
E01026312,E01026312,South Kesteven 005E,South Kesteven,E01026312,1,2018,0.761612993627036,0.818740628703484,0.35893572565175796,54.15333417907641,68.9815577293289,0.0,0.0,0.0,0.818740628703484,0.057127635076447913,1.177676354355242,0.41606336072820593,0.040488286223724315,-0.7211247074033117,0.20012661559034814,-0.5614863780366879,0.26287707452901965,-0.4987359190980164,0.2940312172368503,-0.4675817763901858,0.3376858260525591,-0.42392716757447696,0.40945277,-0.3521602274469976,0.32617001502964077,-0.4354429785973953,0.3290756799174486,-0.4325373137095874,0.501207855649102,-0.2604051379779341
E01026312,E01026312,South Kesteven 005E,South Kesteven,E01026312,1,2019,1.12970181062145,0.761612993627036,-0.057127635076447913,54.15333417907641,68.9815577293289,0.0,0.0,0.0,0.761612993627036,-0.368088816994414,0.7044853585505881,-0.4252164520708619,0.03972859498290755,-1.0899732156385424,0.1996570199665398,-0.9300447906549102,0.26287707452901965,-0.8668247360924304,0.2940312172368503,-0.8356705933845998,0.3376858260525591,-0.792015984568891,0.40945277,-0.7202490444414116,0.32617001502964077,-0.8035317955918093,0.3309433615624332,-0.7987584490590168,0.5012523816607224,-0.6284494289607276
E01026317,E01026317,South Kesteven 006A,South Kesteven,E01026317,1,2018,0.738041665368695,0.431737893101216,0.262573603971028,60.32129112805976,67.7164163671596,0.0,0.0,0.0,0.431737893101216,-0.30630377226747896,0.694311497072244,-0.04373016829645093,0.10815253126698457,-0.6298891341017104,0.1690182660927011,-0.5690233992759939,0.16783953596177265,-0.5702021294069224,0.16067420940731494,-0.5773674559613801,0.2674203060525393,-0.4706213593161557,0.2541256,-0.48391607027592154,0.2734331349916601,-0.46460853037703487,0.2370608218026279,-0.5009808435660671,0.34061915975336754,-0.39742250561532744
E01026317,E01026317,South Kesteven 006A,South Kesteven,E01026317,1,2019,1.094024915015,0.738041665368695,0.30630377226747896,60.32129112805976,67.7164163671596,0.0,0.0,0.0,0.738041665368695,-0.3559832496463051,1.0443454376361738,-0.049679477378826276,0.10573533186438569,-0.9882895831506144,0.16752409819876563,-0.9265008168162345,0.16783953596177265,-0.9261853790532275,0.16067420940731494,-0.9333507056076852,0.2674203060525393,-0.8266046089624608,0.2541256,-0.8398993199222267,0.2686277947657986,-0.8253971202492014,0.23453941918027774,-0.8594854958347223,0.34076083342670527,-0.7532640815882948
E01026318,E01026318,South Kesteven 006B,South Kesteven,E01026318,1,2018,0.374373185756239,0.251564725394103,0.2304582581115559,58.02121310138606,66.04296167515328,0.0,0.0,0.0,0.251564725394103,-0.122808460362136,0.4820229835056589,0.1076497977494199,0.06827849863454935,-0.30609468712168963,0.15451049119993707,-0.21986269455630195,-0.08641948705373503,-0.46079267280997405,-0.09289696652389466,-0.4672701522801337,0.05165053257961753,-0.32272265317662147,0.013424874,-0.36094831147286566,0.05927693982829271,-0.3150962459279463,0.03334958962499383,-0.34102359613124517,0.1034357676813252,-0.2709374180749138
E01026318,E01026318,South Kesteven 006B,South Kesteven,E01026318,1,2019,1.15122679029005,0.374373185756239,0.122808460362136,58.02121310138606,66.04296167515328,0.0,0.0,0.0,0.374373185756239,-0.7768536045338109,0.497181646118375,-0.6540451441716749,0.07521931406201185,-1.076007476228038,0.1588008875810946,-0.9924259027089554,-0.09024718856639372,-1.2414739788564437,-0.08779619088637015,-1.2390229811764202,0.05165053257961753,-1.0995762577104324,0.011568939,-1.1396578509767574,0.06686988232008614,-1.0843569079699638,-0.05419267818964853,-1.2054194684796984,0.10175075210857423,-1.0494760381814756
E01026319,E01026319,South Kesteven 006C,South Kesteven,E01026319,1,2018,0.435421287801837,0.278772720328175,0.134541615764514,56.45792928078858,68.4026089549343,0.0,0.0,0.0,0.278772720328175,-0.15664856747366196,0.413314336092689,-0.02210695170914795,-0.11267459010779332,-0.5480958779096303,-0.1865238508555368,-0.6219451386573738,0.053906293321123504,-0.38151499448071347,-0.024366041168148445,-0.4597873289699854,0.07153869951698799,-0.363882588284849,0.0999841,-0.3354371858507147,0.01349322739015446,-0.4219280604116825,0.06717806887535796,-0.36824321892647904,0.1414204479943343,-0.2940008398075027
E01026319,E01026319,South Kesteven 006C,South Kesteven,E01026319,1,2019,0.657234882784705,0.435421287801837,0.15664856747366196,56.45792928078858,68.4026089549343,0.0,0.0,0.0,0.435421287801837,-0.221813594982868,0.5920698552754989,-0.06516502750920605,-0.125347621261419,-0.782582504046124,-0.19435755967088414,-0.8515924424555892,0.053906293321123504,-0.6033285894635815,-0.024366041168148445,-0.6816009239528534,0.07153869951698799,-0.585696183267717,0.10446144,-0.5527734438308285,0.01349322739015446,-0.6437416553945505,0.09432694103757885,-0.5629079417471261,0.14216322282454735,-0.5150716599601577
E01026343,E01026343,South Kesteven 006D,South Kesteven,E01026343,1,2018,0.822016964342763,0.244575097456661,-0.052540414376630984,61.96175058567401,67.50833920351614,0.0,0.0,0.0,0.244575097456661,-0.5774418668861019,0.19203468308003002,-0.6299822812627329,0.57447104166475,-0.2475459226780129,0.49664743583706794,-0.325369528505695,0.22472373352495453,-0.5972932308178084,0.23247073520801592,-0.5895462291347471,0.32431860921676176,-0.4976983551260012,0.33384362,-0.48817334571140003,0.45412763996511596,-0.367889324377647,0.3609001256226118,-0.46111683872015113,0.3179864893888342,-0.5040304749539287
E01026343,E01026343,South Kesteven 006D,South Kesteven,E01026343,1,2019,1.18639626633374,0.822016964342763,0.5774418668861019,61.96175058567401,67.50833920351614,0.0,0.0,0.0,0.822016964342763,-0.364379301990977,1.399458831228865,0.21306256489512498,0.5741257274643787,-0.6122705388693612,0.49643398328079147,-0.6899622830529485,0.22472373352495453,-0.9616725328087854,0.23247073520801592,-0.953925531125724,0.32431860921676176,-0.8620776571169781,0.33384362,-0.852552647702377,0.45412763996511596,-0.732268626368624,0.3609001256226118,-0.8254961407111281,0.3180067284850253,-0.8683895378487146
E01026344,E01026344,South Kesteven 006E,South Kesteven,E01026344,1,2018,0.291213225276743,0.100184420860182,0.1211627697713126,58.26496475409428,65.73422435317846,0.0,0.0,0.0,0.100184420860182,-0.19102880441656098,0.2213471906314946,-0.06986603464524838,-0.021803657345017546,-0.31301688262176053,-0.08702288203366795,-0.3782361073104109,-0.05242746459937171,-0.3436406898761147,-0.1909550707111552,-0.4821682959878982,0.03409480178150567,-0.25711842349523734,-0.032937385,-0.3241506104185925,0.011268797303973302,-0.2799444279727697,-0.0976237494873061,-0.3888369747640491,0.060326647486763293,-0.23088657778997967
E01026344,E01026344,South Kesteven 006E,South Kesteven,E01026344,1,2019,0.982086430066317,0.291213225276743,0.19102880441656098,58.26496475409428,65.73422435317846,0.0,0.0,0.0,0.291213225276743,-0.690873204789574,0.482242029693304,-0.49984440037301303,-0.020318806283421087,-1.002405236349738,-0.08610503604167905,-1.068191466107996,-0.05242746459937171,-1.0345138946656887,-0.1816457863047592,-1.1637322163710762,0.027894795309376615,-0.9541916347569404,-0.032937385,-1.0150238152081665,0.011268797303973302,-0.9708176327623437,-0.10075553523019073,-1.0828419652965078,0.060239619373141595,-0.9218468106931754
E01026345,E01026345,South Kesteven 006F,South Kesteven,E01026345,1,2018,1.33638611308005,0.916929138457698,0.209177850884531,65.11716954603015,70.19893658379117,0.0,0.0,0.0,0.916929138457698,-0.4194569746223521,1.126106989342229,-0.21027912373782098,0.47310512541885147,-0.8632809876611987,0.23483538972196363,-1.1015507233580863,0.3644352048314721,-0.971950908248578,0.4207027190103268,-0.9156833940697233,0.4245920691507465,-0.9117940439293035,0.5272304,-0.8091557311144129,0.2563977907824538,-1.0799883222975963,0.5085166298948732,-0.8278694831851768,0.5422901046726216,-0.7940960084074284
E01026345,E01026345,South Kesteven 006F,South Kesteven,E01026345,1,2019,1.4696523763024,1.33638611308005,0.4194569746223521,65.11716954603015,70.19893658379117,0.0,0.0,0.0,1.33638611308005,-0.13326626322235002,1.7558430877024023,0.2861907114000022,0.4807365692470567,-0.9889158070553434,0.2395526912156741,-1.230099685086726,0.43440035382955217,-1.0352520224728479,0.4322459391990112,-1.0374064371033889,0.5906338889950464,-0.8790184873073537,0.65869707,-0.8109553076111464,0.44892672864259964,-1.0207256476598006,0.6429112209493161,-0.826741155353084,0.6969076408779413,-0.7727447354244588
E01026292,E01026292,South Kesteven 007A,South Kesteven,E01026292,1,2018,0.148010578679503,0.107595663214841,0.40331292310025196,60.7786309663724,68.79394380808606,0.0,0.0,0.0,0.107595663214841,-0.04041491546466201,0.510908586315093,0.36289800763558994,-0.3072973828109168,-0.4553079614904198,-0.1444833980711427,-0.2924939767506457,-0.40517791076733095,-0.553188489446834,-0.3447100023997656,-0.49272058107926864,-0.2615986706519336,-0.4096092493314366,-0.24923474,-0.3972453146452318,-0.18128766470228475,-0.32929824338178776,-0.2343119603387432,-0.3823225390182462,-0.15542495251850294,-0.3034355311980059
E01026292,E01026292,South Kesteven 007A,South Kesteven,E01026292,1,2019,0.294206981957511,0.148010578679503,0.04041491546466201,60.7786309663724,68.79394380808606,0.0,0.0,0.0,0.148010578679503,-0.14619640327800798,0.18842549414416504,-0.10578148781334595,-0.30677941151035987,-0.6009863934678709,-0.14416321923672795,-0.438370201194239,-0.40517791076733095,-0.6993848927248419,-0.3481711474046249,-0.6423781293621359,-0.2615986706519336,-0.5558056526094446,-0.24923474,-0.5434417179232398,-0.18128766470228475,-0.47549464665979574,-0.23672255110580617,-0.5309295330633171,-0.15545531116278957,-0.4496622931203006
E01026293,E01026293,South Kesteven 007B,South Kesteven,E01026293,1,2018,-0.0073584295211341,-0.264318858525691,0.07769254130606901,62.172149223526546,68.81931835065758,0.0,0.0,0.0,-0.264318858525691,-0.2569604290045569,-0.18662631721962197,-0.17926788769848787,-0.4972410901152376,-0.4898826605941035,-0.4424429822018069,-0.4350845526806728,-0.4571001191987519,-0.4497416896776178,-0.5393991812289181,-0.532040751707784,-0.3277291070163827,-0.3203706774952486,-0.40957245,-0.40221402278561336,-0.36009575898871404,-0.35273732946757996,-0.450591830199367,-0.4432334006782329,-0.28126000792943606,-0.273901578408302
E01026293,E01026293,South Kesteven 007B,South Kesteven,E01026293,1,2019,0.186379768340892,-0.0073584295211341,0.2569604290045569,62.172149223526546,68.81931835065758,0.0,0.0,0.0,-0.0073584295211341,-0.19373819786202612,0.2496019994834228,0.06322223114253078,-0.49838062697646285,-0.6847603953173549,-0.4431473756375194,-0.6295271439784114,-0.4571001191987519,-0.6434798875396439,-0.5393991812289181,-0.72577894956981,-0.32152910054425365,-0.5079088688851456,-0.40957245,-0.5959522206476394,-0.36009575898871404,-0.546475527329606,-0.4178973467280221,-0.6042771150689141,-0.28119321891200544,-0.4675729872528974
E01026294,E01026294,South Kesteven 007C,South Kesteven,E01026294,1,2018,-0.18647141093746,-0.27958247849397,0.450001835252692,64.29840084969426,70.4069422546242,0.0,0.0,0.0,-0.27958247849397,-0.09311106755651,0.170419356758722,0.356890767696182,-0.6346926444344609,-0.44822123349700094,-0.5604465390360802,-0.3739751280986202,-0.6829528259966421,-0.4964814150591821,-0.661077288374429,-0.474605877436969,-0.5594985028672328,-0.3730270919297728,-0.6237636,-0.43729220991596407,-0.4835682899356883,-0.2970968789982283,-0.7105045786824516,-0.5240331677449916,-0.4559555805953377,-0.2694841696578777
E01026294,E01026294,South Kesteven 007C,South Kesteven,E01026294,1,2019,0.194894579188129,-0.18647141093746,0.09311106755651,64.29840084969426,70.4069422546242,0.0,0.0,0.0,-0.18647141093746,-0.381365990125589,-0.09336034338095,-0.28825492256907903,-0.6352106157350177,-0.8301051949231467,-0.5607667178704949,-0.755661297058624,-0.6829528259966421,-0.8778474051847711,-0.661077288374429,-0.855971867562558,-0.5594985028672328,-0.7543930820553618,-0.6237636,-0.8186582000415531,-0.4835682899356883,-0.6784628691238173,-0.7175840435923525,-0.9124786227804815,-0.4559252219510511,-0.6508198011391801
E01026316,E01026316,South Kesteven 007D,South Kesteven,E01026316,1,2018,-0.233162373863705,-0.368823683519863,0.047108527925939,81.44491298453767,64.97049680225277,0.0,0.0,0.0,-0.368823683519863,-0.135661309656158,-0.321715155593924,-0.088552781730219,-0.6612677708917973,-0.42810539702809236,-0.5302902093791961,-0.29712783551549116,-0.5904009921338533,-0.35723861827014836,-0.5637044814024317,-0.3305421075387267,-0.5059118560037039,-0.27274948213999894,-0.5261615,-0.29299911800717515,-0.5461264583495127,-0.3129640844858077,-0.5172279968429399,-0.2840656229792349,-0.43448799484416833,-0.20132562098046333
E01026316,E01026316,South Kesteven 007D,South Kesteven,E01026316,1,2019,-0.123737248590921,-0.233162373863705,0.135661309656158,81.44491298453767,64.97049680225277,0.0,0.0,0.0,-0.233162373863705,-0.109425125272784,-0.097501064207547,0.026236184383373995,-0.6612677708917973,-0.5375305223008764,-0.5302902093791961,-0.40655296078827513,-0.5904009921338533,-0.46666374354293233,-0.5637044814024317,-0.4399672328115107,-0.5059118560037039,-0.3821746074127829,-0.5261615,-0.4024242432799591,-0.5461264583495127,-0.4223892097585917,-0.5172279968429399,-0.39349074825201885,-0.43448799484416833,-0.31075074625324733
E01026332,E01026332,South Kesteven 007E,South Kesteven,E01026332,1,2018,-0.234131830988755,-0.49337506889659,0.19639815901967406,80.13336931520581,70.15222524697289,0.0,0.0,0.0,-0.49337506889659,-0.259243237907835,-0.29697690987691594,-0.06284507888816093,-0.8305939815241286,-0.5964621505353735,-0.6262873115445717,-0.3921554805558167,-0.7675266663929547,-0.5333948354041997,-0.7459378409051926,-0.5118060099164375,-0.7278605472286088,-0.4937287162398538,-0.8020186,-0.5678867518321373,-0.6635584862009922,-0.4294266552122372,-0.8058231421305418,-0.5716913111417868,-0.5977929666793974,-0.3636611356906424
E01026332,E01026332,South Kesteven 007E,South Kesteven,E01026332,1,2019,-0.183423324089872,-0.234131830988755,0.259243237907835,80.13336931520581,70.15222524697289,0.0,0.0,0.0,-0.234131830988755,-0.05070850689888301,0.02511140691907998,0.20853473100895198,-0.8305939815241286,-0.6471706574342566,-0.6262873115445717,-0.44286398745469974,-0.7675266663929547,-0.5841033423030828,-0.7459378409051926,-0.5625145168153205,-0.7278605472286088,-0.5444372231387369,-0.8020186,-0.6185952587310204,-0.6635584862009922,-0.48013516211112023,-0.8058231421305418,-0.6223998180406698,-0.5977929666793974,-0.4143696425895254
E01026290,E01026290,South Kesteven 008A,South Kesteven,E01026290,1,2018,0.453340110055891,0.726091630589415,0.7073886880407244,68.44882556443689,65.84704576729126,0.0,0.0,0.0,0.726091630589415,0.272751520533524,1.4334803186301395,0.9801402085742486,-0.43902921169353254,-0.8923693217494235,-0.34905940694679316,-0.8023995170026841,-0.0688673555430573,-0.5222074655989483,-0.10326258554481527,-0.5566026956007062,-0.1701064636444923,-0.6234465737003833,-0.044958834,-0.498298943660942,-0.291030114649076,-0.744370224704967,0.022893535311186472,-0.4304465747447045,-0.08241780744037877,-0.5357579174962698
E01026290,E01026290,South Kesteven 008A,South Kesteven,E01026290,1,2019,0.71421098862084,0.453340110055891,-0.272751520533524,68.44882556443689,65.84704576729126,0.0,0.0,0.0,0.453340110055891,-0.260870878564949,0.180588589522367,-0.533622399098473,-0.43902921169353254,-1.1532402003143725,-0.34905940694679316,-1.063270395567633,-0.0688673555430573,-0.7830783441638973,-0.10326258554481527,-0.8174735741656552,-0.1701064636444923,-0.8843174522653323,-0.044958834,-0.759169822225891,-0.291030114649076,-1.005241103269916,0.022893535311186472,-0.6913174533096536,-0.08241780744037877,-0.7966287960612187
E01026341,E01026341,South Kesteven 008B,South Kesteven,E01026341,1,2018,0.187139777424961,0.0582029647717271,0.014266927891212304,69.93080565724247,67.09251463208574,0.0,0.0,0.0,0.0582029647717271,-0.1289368126532339,0.0724698926629394,-0.11466988476202158,-0.43575659980691417,-0.6228963772318752,-0.42791740831227865,-0.6150571857372397,-0.21266924539660034,-0.39980902282156133,-0.29422018677568473,-0.48135996420064575,-0.09607806352700038,-0.28321784095196134,-0.07743525,-0.2645750250250396,-0.20545985668517064,-0.39259963411013166,-0.022781642705109177,-0.20992142013007017,-0.026597925453344926,-0.2137377028783059
E01026341,E01026341,South Kesteven 008B,South Kesteven,E01026341,1,2019,0.424827405557583,0.187139777424961,0.1289368126532339,69.93080565724247,67.09251463208574,0.0,0.0,0.0,0.187139777424961,-0.23768762813262204,0.3160765900781949,-0.10875081547938814,-0.4424556952941168,-0.8672831008516999,-0.4320583879040427,-0.8568857934616257,-0.21089180876253033,-0.6357192143201134,-0.296600444274826,-0.721427849832409,-0.09607806352700038,-0.5209054690845834,-0.07743525,-0.5022626531576616,-0.20545985668517064,-0.6302872622427537,-0.08862159146005172,-0.5134489970176348,-0.026205286987237744,-0.45103269254482076
E01026342,E01026342,South Kesteven 008C,South Kesteven,E01026342,1,2018,-0.0365984070644313,0.110815773875352,0.14456890305597192,69.67359070233283,66.5774110993845,0.0,0.0,0.0,0.110815773875352,0.1474141809397833,0.25538467693132394,0.29198308399575523,-0.5138147788464917,-0.47721637178206044,-0.5145504342444189,-0.47795202717998764,-0.3411842393767933,-0.304585832312362,-0.43539571011046085,-0.39879730304602956,-0.2732126358910075,-0.23661422882657623,-0.27031326,-0.23371485587502183,-0.36154024835682175,-0.32494184129239045,-0.2226753864127966,-0.1860769793483653,-0.1929043721042444,-0.15630596503981312
E01026342,E01026342,South Kesteven 008C,South Kesteven,E01026342,1,2019,0.117452035865554,-0.0365984070644313,-0.1474141809397833,69.67359070233283,66.5774110993845,0.0,0.0,0.0,-0.0365984070644313,-0.1540504429299853,-0.1840125880042146,-0.3014646238697686,-0.5107760138832245,-0.6282280497487784,-0.5126720517491857,-0.6301240876147397,-0.3411842393767933,-0.4586362752423473,-0.43539571011046085,-0.5528477459760148,-0.2732126358910075,-0.3906646717565615,-0.27031326,-0.3877652988050071,-0.36154024835682175,-0.4789922842223757,-0.2226753864127966,-0.3401274222783506,-0.19308247615072602,-0.31053451201628
E01026361,E01026361,South Kesteven 008D,South Kesteven,E01026361,1,2018,0.388898140827444,0.371180385435074,0.14422093538172198,75.82708882538462,73.72025085057693,0.0,0.0,0.0,0.371180385435074,-0.017717755392370027,0.515401320816796,0.126503179989352,-0.4234651920210063,-0.8123633328484503,-0.3106009625155539,-0.6994991033429979,-0.1454292379235647,-0.5343273787510088,-0.11047827394127119,-0.4993764147687152,-0.23186551915373166,-0.6207636599811757,-0.16129665,-0.5501947915947704,-0.36920870894197794,-0.7581068497694219,-0.0760345447521118,-0.4649326855795558,-0.17197911400446966,-0.5608772548319136
E01026361,E01026361,South Kesteven 008D,South Kesteven,E01026361,1,2019,0.896548362764297,0.388898140827444,0.017717755392370027,75.82708882538462,73.72025085057693,0.0,0.0,0.0,0.388898140827444,-0.5076502219368529,0.40661589621981403,-0.4899324665444829,-0.4234651920210063,-1.3200135547853034,-0.3106009625155539,-1.2071493252798509,-0.1454292379235647,-1.0419776006878616,-0.11047827394127119,-1.007026636705568,-0.23186551915373166,-1.1284138819180285,-0.16129665,-1.0578450135316233,-0.36920870894197794,-1.265757071706275,-0.0760345447521118,-0.9725829075164087,-0.17197911400446966,-1.0685274767687667
E01026315,E01026315,South Kesteven 009A,South Kesteven,E01026315,1,2018,-0.191789926987397,-0.333289244480201,0.22211656631202897,47.91027482500001,69.90481464229278,0.0,0.0,0.0,-0.333289244480201,-0.14149931749280398,-0.111172678168172,0.080617248819225,-0.5802266686533886,-0.38843674166599157,-0.4020859212133038,-0.21029599422590678,-0.7263730169260537,-0.5345830899386568,-0.6763950870047236,-0.4846051600173266,-0.7642323596607098,-0.5724424326733129,-0.7572834,-0.5654934625809318,-0.6464186094281305,-0.45462868244073346,-0.7657340501526105,-0.5739441231652136,-0.6236631770278579,-0.4318732500404609
E01026315,E01026315,South Kesteven 009A,South Kesteven,E01026315,1,2019,0.481827270231206,-0.191789926987397,0.14149931749280398,47.91027482500001,69.90481464229278,0.0,0.0,0.0,-0.191789926987397,-0.6736171972186029,-0.05029060949459302,-0.532117879725799,-0.5802266686533886,-1.0620539388845947,-0.4020859212133038,-0.8839131914445097,-0.7263730169260537,-1.2082002871572597,-0.6763950870047236,-1.1582223572359296,-0.7642323596607098,-1.2460596298919158,-0.7572834,-1.2391106597995347,-0.6464186094281305,-1.1282458796593364,-0.7657340501526105,-1.2475613203838165,-0.6236631770278579,-1.1054904472590639
E01026331,E01026331,South Kesteven 009B,South Kesteven,E01026331,1,2018,-0.410736131854019,-0.892841592134843,0.2990889502807469,67.69948411834085,63.635183750127,0.0,0.0,0.0,-0.892841592134843,-0.482105460280824,-0.5937526418540962,-0.18301651000007713,-0.3808871836226443,0.02984894823137474,-0.27699387907762907,0.13374225277638996,-0.9248236269588819,-0.5140874951048628,-0.875443050016386,-0.464706918162367,-0.8553416484127644,-0.44460551655874536,-0.95396334,-0.5432272074747468,-0.5533494111339153,-0.1426132792798963,-0.9402923176311303,-0.5295561857771113,-0.8274363856374375,-0.41670025378341846
E01026331,E01026331,South Kesteven 009B,South Kesteven,E01026331,1,2019,0.0581725456762345,-0.410736131854019,0.482105460280824,67.69948411834085,63.635183750127,0.0,0.0,0.0,-0.410736131854019,-0.4689086775302535,0.07136932842680499,0.013196782750570492,-0.3820957833239437,-0.4402683290001782,-0.2777409630245967,-0.3359135087008312,-0.9248236269588819,-0.9829961726351164,-0.875443050016386,-0.9336155956926205,-0.8553416484127644,-0.9135141940889989,-0.95396334,-1.0121358850050004,-0.5533494111339153,-0.6115219568101499,-0.9402923176311303,-0.9984648633073648,-0.8273655488007686,-0.8855380944770032
E01026338,E01026338,South Kesteven 009C,South Kesteven,E01026338,1,2018,-0.503165017307582,-0.878412241552384,0.36447403105477594,66.53356388529318,75.42864048737349,0.0,0.0,0.0,-0.878412241552384,-0.37524722424480195,-0.513938210497608,-0.01077319319002601,-0.5262211672742017,-0.023056149966619643,-0.5140934790941443,-0.01092846178656226,-0.9286653179276471,-0.42550030062006505,-0.9812272896451478,-0.4780622723375658,-0.8736513379637256,-0.3704863206561436,-1.1177853,-0.6146203172795152,-0.714002410219378,-0.21083739291179604,-1.1780634182716125,-0.6748984009640305,-0.8340189653526607,-0.3308539480450787
E01026338,E01026338,South Kesteven 009C,South Kesteven,E01026338,1,2019,-0.457159671020853,-0.503165017307582,0.37524722424480195,66.53356388529318,75.42864048737349,0.0,0.0,0.0,-0.503165017307582,-0.04600534628672903,-0.12791779306278006,0.3292418779580729,-0.5243219391721596,-0.06716226815130666,-0.5129194900346236,-0.055759819013770584,-0.9286653179276471,-0.4715056469067941,-0.9812272896451478,-0.5240676186242949,-0.8736513379637256,-0.41649166694287265,-1.1177853,-0.6606256635662442,-0.714002410219378,-0.25684273919852507,-1.1780634182716125,-0.7209037472507596,-0.8341302803817118,-0.3769706093608588
E01026339,E01026339,South Kesteven 009D,South Kesteven,E01026339,1,2018,-0.583570075980533,-0.947044112851143,0.1211383770658071,64.67567742381104,68.95826061091294,0.0,0.0,0.0,-0.947044112851143,-0.36347403687061,-0.8259057357853359,-0.24233565980480287,-0.39941075309244795,0.18415932288808506,-0.23268928788869261,0.3508807880918404,-0.879564682850322,-0.29599460686978896,-0.943879720348487,-0.360309644367954,-0.7934959328903401,-0.20992585690980714,-0.9191349,-0.3355648388944975,-0.6585386408511635,-0.07496856487063053,-1.0132410328700974,-0.42967095688956436,-0.8214762664054492,-0.23790619042491623
E01026339,E01026339,South Kesteven 009D,South Kesteven,E01026339,1,2019,-0.376701364242073,-0.583570075980533,0.36347403687061,64.67567742381104,68.95826061091294,0.0,0.0,0.0,-0.583570075980533,-0.20686871173846,-0.22009603910992304,0.15660532513214998,-0.4023459237956039,-0.0256445595535309,-0.2345036346170428,0.14219772962503022,-0.879564682850322,-0.502863318608249,-0.943879720348487,-0.567178356106414,-0.7934959328903401,-0.41679456864826714,-0.9191349,-0.5424335506329575,-0.6585386408511635,-0.2818372766090905,-1.0133717539095681,-0.6366703896674951,-0.8213042340878249,-0.4446028698457519
E01026299,E01026299,South Kesteven 010A,South Kesteven,E01026299,1,2018,0.843967105181719,0.518417046069897,0.06576791779205904,75.27231568350642,72.11079832993892,0.0,0.0,0.0,0.518417046069897,-0.325550059111822,0.5841849638619561,-0.25978214131976296,-0.13323844773450583,-0.9772055529162249,-0.11517756558751874,-0.9591446707692377,0.139316155925572,-0.704650949256147,0.15865445545320864,-0.6853126497285104,-0.07926676727513549,-0.9232338724568545,0.030528195,-0.8134389099793684,-0.08390029521037055,-0.9278674003920896,0.04314973134646302,-0.800817373835256,0.001889881306761293,-0.8420772238749578
E01026299,E01026299,South Kesteven 010A,South Kesteven,E01026299,1,2019,0.82541988210316,0.843967105181719,0.325550059111822,75.27231568350642,72.11079832993892,0.0,0.0,0.0,0.843967105181719,0.01854722307855905,1.169517164293541,0.34409728219038094,-0.1327895392740232,-0.9582094213771832,-0.1149000772643593,-0.9403199593675193,0.139316155925572,-0.686103726177588,0.1658773169545191,-0.6595425651486408,0.05243093699981842,-0.7729889451033416,0.16488504,-0.6605348380052596,-0.05574230855375628,-0.8811621906569163,0.2094123740531284,-0.6160075080500316,0.08977035500596843,-0.7356495270971916
E01026300,E01026300,South Kesteven 010B,South Kesteven,E01026300,1,2018,-0.0052369261963722,-0.126767450301748,0.429943383687578,71.08952113861788,68.48442029848917,0.0,0.0,0.0,-0.126767450301748,-0.12153052410537579,0.30317593338583004,0.30841285958220227,-0.5073394439406391,-0.502102517744267,-0.5081509386355373,-0.5029140124391651,-0.5243303910129581,-0.5190934648165859,-0.4838908529322788,-0.47865392673590657,-0.44466623475091754,-0.4394293085545453,-0.4923577,-0.4871207748667839,-0.4286571262615734,-0.42342020006520115,-0.3949337181000919,-0.3896967919037197,-0.37058389801292135,-0.3653469718165491
E01026300,E01026300,South Kesteven 010B,South Kesteven,E01026300,1,2019,0.44654320132058,-0.0052369261963722,0.12153052410537579,71.08952113861788,68.48442029848917,0.0,0.0,0.0,-0.0052369261963722,-0.45178012751695223,0.1162935979090036,-0.3302496034115764,-0.5067869412200451,-0.9533301425406251,-0.5078094145454949,-0.9543526158660749,-0.5321114999757162,-0.9786547012962962,-0.4838908529322788,-0.9304340542528589,-0.5140734357871196,-0.9606166371076996,-0.4923577,-0.9389009023837361,-0.4818927199901071,-0.9284359213106871,-0.571536196796189,-1.018079398116769,-0.4286415519387641,-0.8751847532593441
E01026301,E01034703,South Kesteven 010E,South Kesteven,E01026301,1,2018,0.388570288082992,0.32735124293673,0.090403592116924,72.58741832464622,69.68623067931014,0.0,0.0,0.0,0.32735124293673,-0.061219045146261974,0.417754835053654,0.02918454697066203,-0.08546841480319896,-0.47403870288619093,-0.40373996512675137,-0.7923102532097434,0.04208241291726042,-0.34648787516573154,-0.018007059791405034,-0.40657734787439703,0.13340003242194048,-0.2551702556610515,0.18893126,-0.19963903155032292,-0.009047506643314773,-0.39761779472630676,0.26063494315073954,-0.12793534493225245,0.2598005592088204,-0.1287697288741716
E01026301,E01034703,South Kesteven 010E,South Kesteven,E01026301,1,2019,0.50890425127357,0.388570288082992,0.061219045146261974,72.58741832464622,69.68623067931014,0.0,0.0,0.0,0.388570288082992,-0.12033396319057799,0.44978933322925396,-0.05911491804431601,-0.08546841480319896,-0.594372666076769,-0.40373996512675137,-0.9126442164003213,0.04208241291726042,-0.4668218383563095,-0.018007059791405034,-0.526911311064975,0.13340003242194048,-0.3755042188516295,0.18893126,-0.3199729947409009,-0.009047506643314773,-0.5179517579168847,0.26063494315073954,-0.24826930812283043,0.2598005592088204,-0.24910369206474958
E01026301,E01034704,South Kesteven 010F,South Kesteven,E01026301,1,2018,0.388570288082992,0.32735124293673,0.090403592116924,72.58741832464622,69.68623067931014,0.0,0.0,0.0,0.32735124293673,-0.061219045146261974,0.417754835053654,0.02918454697066203,-0.08546841480319896,-0.47403870288619093,-0.40373996512675137,-0.7923102532097434,0.04208241291726042,-0.34648787516573154,-0.018007059791405034,-0.40657734787439703,0.13340003242194048,-0.2551702556610515,0.18893126,-0.19963903155032292,-0.009047506643314773,-0.39761779472630676,0.26063494315073954,-0.12793534493225245,0.2598005592088204,-0.1287697288741716
E01026301,E01034704,South Kesteven 010F,South Kesteven,E01026301,1,2019,0.50890425127357,0.388570288082992,0.061219045146261974,72.58741832464622,69.68623067931014,0.0,0.0,0.0,0.388570288082992,-0.12033396319057799,0.44978933322925396,-0.05911491804431601,-0.08546841480319896,-0.594372666076769,-0.40373996512675137,-0.9126442164003213,0.04208241291726042,-0.4668218383563095,-0.018007059791405034,-0.526911311064975,0.13340003242194048,-0.3755042188516295,0.18893126,-0.3199729947409009,-0.009047506643314773,-0.5179517579168847,0.26063494315073954,-0.24826930812283043,0.2598005592088204,-0.24910369206474958
E01026283,E01026283,South Holland 004C,South Holland,E01026283,1,2018,0.0419161620541866,-0.332265427026961,0.28884404568343996,77.07467120524349,77.7892043571008,0.0,0.0,0.0,-0.332265427026961,-0.37418158908114757,-0.043421381343521026,-0.08533754339770763,-0.059996028690021186,-0.10191219074420779,-0.2501186172482154,-0.29203477930240196,-0.5713506041720231,-0.6132667662262097,-0.5821448158581694,-0.6240609779123559,-0.6899778448104413,-0.7318940068646279,-0.56635725,-0.6082734170361812,-0.44167052188470846,-0.48358668393889503,-0.5375796332072528,-0.5794957952614394,-0.5672510685362844,-0.609167230590471
E01026283,E01026283,South Holland 004C,South Holland,E01026283,1,2019,0.419486130154469,0.0419161620541866,0.37418158908114757,77.07467120524349,77.7892043571008,0.0,0.0,0.0,0.0419161620541866,-0.3775699681002824,0.41609775113533415,-0.0033883790191348573,-0.05858024046849897,-0.478066370622968,-0.2492434617674818,-0.6687295919219508,-0.5713506041720231,-0.9908367343264921,-0.5821448158581694,-1.0016309460126385,-0.6899778448104413,-1.1094639749649104,-0.56635725,-0.9858433851364636,-0.44167052188470846,-0.8611566520391775,-0.5710243841223631,-0.9905105142768321,-0.5673340488306678,-0.9868201789851369
E01026285,E01026285,South Holland 004D,South Holland,E01026285,1,2018,-0.432205185037614,-0.0153459999258212,0.6828678089435388,77.94706765590702,77.92683783112331,0.0,0.0,0.0,-0.0153459999258212,0.4168591851117928,0.6675218090177176,1.0997269940553316,-0.18637292910060893,0.24583225593700508,-0.24719250934010978,0.18501267569750424,-0.49103443102813676,-0.05882924599052275,-0.5740813899760331,-0.14187620493841907,-0.45280957599243454,-0.02060439095482053,-0.52670527,-0.094500080007552,-0.40325277759996425,0.028952407437649763,-0.5680358491396459,-0.13583066410203187,-0.3946314173577794,0.03757376767983461
E01026285,E01026285,South Holland 004D,South Holland,E01026285,1,2019,-0.0226087451027448,-0.432205185037614,-0.4168591851117928,77.94706765590702,77.92683783112331,0.0,0.0,0.0,-0.432205185037614,-0.4095964399348692,-0.8490643701494068,-0.826455625046662,-0.1857513635399407,-0.1631426184371959,-0.2468082947388121,-0.2241995496360673,-0.49103443102813676,-0.46842568592539197,-0.5740813899760331,-0.5514726448732883,-0.45280957599243454,-0.43020083088968974,-0.52670527,-0.5040965199424212,-0.40325277759996425,-0.38064403249721945,-0.5680358491396459,-0.5454271040369011,-0.39466784773092334,-0.37205910262817854
E01026286,E01026286,South Holland 004E,South Holland,E01026286,1,2018,-0.506933383844363,-0.594698217879966,0.15920572234882702,78.34749632124259,78.6186918928159,0.0,0.0,0.0,-0.594698217879966,-0.08776483403560298,-0.435492495531139,0.07144088831322404,-0.27282938713398563,0.2341039967103774,-0.26287450110652744,0.2440588827378356,-0.5826612373357949,-0.07572785349143185,-0.5885719951713824,-0.08163861132701933,-0.5579691836625836,-0.051035799818220595,-0.59378386,-0.08685047159386938,-0.43391677573195314,0.0730166081124099,-0.6023998033334697,-0.09546641948910661,-0.5334666205847794,-0.02653323674041641
E01026286,E01026286,South Holland 004E,South Holland,E01026286,1,2019,0.198463782853823,-0.506933383844363,0.08776483403560298,78.34749632124259,78.6186918928159,0.0,0.0,0.0,-0.506933383844363,-0.705397166698186,-0.41916854980876006,-0.617632332662583,-0.2836377216056064,-0.4821015044594294,-0.26955556611798165,-0.46801934897180464,-0.5793292779429292,-0.7777930607967523,-0.5903563063485201,-0.7888200892023431,-0.5579691836625836,-0.7564329665164067,-0.60299754,-0.8014613242814352,-0.43391677573195314,-0.6323805585857761,-0.6114171054058717,-0.8098808882596946,-0.5328331368739984,-0.7312969197278214
E01026241,E01026241,South Holland 005A,South Holland,E01026241,1,2018,-0.0928114166706108,-0.370421735866754,0.16783066527287904,66.14820789449455,77.55440375694826,0.0,0.0,0.0,-0.370421735866754,-0.2776103191961432,-0.20259107059387493,-0.10977965392326414,-0.5255626078528728,-0.432751191182262,-0.49420584289041525,-0.4013944262198045,-0.5308310011545415,-0.43801958448393075,-0.5550792642999487,-0.4622678476293379,-0.5486614556819824,-0.45585003901137167,-0.5130923,-0.42028086276359333,-0.46220181107248737,-0.3693903944018766,-0.4907747590763402,-0.3979633424057294,-0.4468430944840147,-0.35403167781340394
E01026241,E01026241,South Holland 005A,South Holland,E01026241,1,2019,-0.165597259310191,-0.0928114166706108,0.2776103191961432,66.14820789449455,77.55440375694826,0.0,0.0,0.0,-0.0928114166706108,0.07278584263958021,0.1847989025255324,0.3503961618357234,-0.5246993223519445,-0.3591020630417535,-0.49367221149972396,-0.328074952189533,-0.5308310011545415,-0.36523374184435053,-0.5550792642999487,-0.3894820049897577,-0.5486614556819824,-0.38306419637179145,-0.5130923,-0.3474950201240131,-0.46220181107248737,-0.2966045517622964,-0.4907747590763402,-0.3251774997661492,-0.4468936922244925,-0.2812964329143015
E01026258,E01026258,South Holland 005B,South Holland,E01026258,1,2018,-0.183704236406872,-0.1882063948626,0.28894172423112,70.23060680926504,77.69706202020879,0.0,0.0,0.0,-0.1882063948626,-0.004502158455727989,0.10073532936852003,0.28443956577539203,-0.4309172080777434,-0.24721297167087142,-0.4384147057305595,-0.2547104693236875,-0.48656856333605353,-0.3028643269291815,-0.4515006626457319,-0.2677964262388599,-0.3724382126503536,-0.1887339762434816,-0.4358371,-0.2521328536085394,-0.42076629533488885,-0.23706205892801685,-0.2292087920788581,-0.04550455567198611,-0.3267566031244158,-0.1430523667175438
E01026258,E01026258,South Holland 005B,South Holland,E01026258,1,2019,0.457501776318246,-0.183704236406872,0.004502158455727989,70.23060680926504,77.69706202020879,0.0,0.0,0.0,-0.183704236406872,-0.641206012725118,-0.179202077951144,-0.63670385426939,-0.4309172080777434,-0.8884189843959894,-0.4384147057305595,-0.8959164820488055,-0.48656856333605353,-0.9440703396542995,-0.4515006626457319,-0.9090024389639779,-0.3724382126503536,-0.8299399889685997,-0.4358371,-0.8933388663336574,-0.42076629533488885,-0.8782680716531348,-0.2292087920788581,-0.6867105683971041,-0.3267566031244158,-0.7842583794426619
E01026259,E01026259,South Holland 005C,South Holland,E01026259,1,2018,0.0729319968145233,-0.185989930280916,0.008337358041899001,69.07098136266855,77.99714200072519,0.0,0.0,0.0,-0.185989930280916,-0.2589219270954393,-0.177652572239017,-0.2505845690535403,-0.18910633704569985,-0.2620383338602231,-0.26814766240074983,-0.3410796592152731,-0.29009527952836345,-0.36302727634288673,-0.30896176612622744,-0.3818937629407507,-0.22564228318545035,-0.29857427999997366,-0.2159131,-0.28884509884527737,-0.30334180352802564,-0.3762738003425489,-0.164975704999614,-0.23790770181413728,-0.18031536364844877,-0.2532473604629721
E01026259,E01026259,South Holland 005C,South Holland,E01026259,1,2019,0.356503221858323,0.0729319968145233,0.2589219270954393,69.07098136266855,77.99714200072519,0.0,0.0,0.0,0.0729319968145233,-0.2835712250437997,0.3318539239099626,-0.024649297948360405,-0.18910633704569985,-0.5456095589040229,-0.26814766240074983,-0.6246508842590728,-0.29009527952836345,-0.6465985013866864,-0.30896176612622744,-0.6654649879845504,-0.22564228318545035,-0.5821455050437734,-0.2159131,-0.5724163238890771,-0.30334180352802564,-0.6598450253863486,-0.164975704999614,-0.521478926857937,-0.18031536364844877,-0.5368185855067718
E01026260,E01026260,South Holland 005D,South Holland,E01026260,1,2018,0.286857011535716,-0.119904398760017,-0.34644849531905,70.09167412021793,78.54652211404994,0.0,0.0,0.0,-0.119904398760017,-0.40676141029573304,-0.466352894079067,-0.753209905614783,-0.16334567685420276,-0.4502026883899188,-0.09205348570569047,-0.37891049724140646,0.0025201518198605557,-0.2843368597158555,0.015624156026900338,-0.2712328555088157,0.04891515068529649,-0.23794186085041952,0.01955816,-0.2672988519012451,-0.06539598096121904,-0.3522529924969351,0.11106006052843516,-0.17579695100728088,0.09344372757860525,-0.19341328395711077
E01026260,E01026260,South Holland 005D,South Holland,E01026260,1,2019,1.10483488661503,0.286857011535716,0.40676141029573304,70.09167412021793,78.54652211404994,0.0,0.0,0.0,0.286857011535716,-0.8179778750793139,0.6936184218314491,-0.41121646478358087,-0.15975440917034156,-1.2645892957853715,-0.08983357912041492,-1.194668465735445,0.027224132062525677,-1.0776107545525042,0.02423231176320911,-1.0806025748518209,0.00842407768545769,-1.0964108089295723,0.11122685,-0.9936080373570839,-0.00034048769919746424,-1.1051753743142274,0.15365983044633666,-0.9511750561686932,0.05761541680444464,-1.0472194698105852
E01026266,E01026266,South Holland 006B,South Holland,E01026266,1,2018,-0.305597244948641,-0.205824172775028,0.182890813237093,66.37071455595513,70.22269636877729,0.0,0.0,0.0,-0.205824172775028,0.09977307217361298,-0.022933359537935016,0.282663885410706,-0.14738320571488456,0.15821403923375643,-0.06691795762250635,0.23867928732613464,-0.2977287845703928,0.007868460378248177,-0.29232302106244495,0.013274223886196035,-0.2581648842304062,0.04743236071823481,-0.2857744,0.019822835177675413,-0.10545576794890213,0.20014147699973886,-0.11639507206034454,0.18920217288829644,-0.2612534956011415,0.04434374934749946
E01026266,E01026266,South Holland 006B,South Holland,E01026266,1,2019,0.0169144439495055,-0.305597244948641,-0.09977307217361298,66.37071455595513,70.22269636877729,0.0,0.0,0.0,-0.305597244948641,-0.32251168889814646,-0.40537031712225396,-0.42228476107175944,-0.14058051596757043,-0.15749495991707593,-0.06271294226385943,-0.07962738621336493,-0.2983399795664945,-0.31525442351599997,-0.29232302106244495,-0.30923746501195043,-0.2581648842304062,-0.27507932817991165,-0.28913707,-0.3060515093601195,-0.09786282545710873,-0.11477726940661423,-0.20533273509106542,-0.22224717904057092,-0.2635814983016326,-0.28049594225113805
E01026273,E01026273,South Holland 006C,South Holland,E01026273,1,2018,0.0426392129727782,0.035438778888514,0.281166953640078,73.46459929219064,76.16732060759874,0.0,0.0,0.0,0.035438778888514,-0.007200434084264198,0.316605732528592,0.27396651955581375,-0.5451239313577201,-0.5877631443304983,-0.4380166782081424,-0.48065589118092056,-0.49623079923771846,-0.5388700122104967,-0.44593438404347674,-0.4885735970162549,-0.3416430974669066,-0.38428231043968475,-0.36290893,-0.4055481425591887,-0.4220767021562972,-0.4647159151290754,-0.299498307884681,-0.3421375208574592,-0.2564691671245467,-0.2991083800973249
E01026273,E01026273,South Holland 006C,South Holland,E01026273,1,2019,0.385557420096365,0.0426392129727782,0.007200434084264198,73.46459929219064,76.16732060759874,0.0,0.0,0.0,0.0426392129727782,-0.3429182071235868,0.0498396470570424,-0.3357177730393226,-0.5451239313577201,-0.930681351454085,-0.4380166782081424,-0.8235740983045075,-0.49623079923771846,-0.8817882193340835,-0.44593438404347674,-0.8314918041398418,-0.3416430974669066,-0.7272005175632716,-0.36290893,-0.7484663496827755,-0.4220767021562972,-0.8076341222526622,-0.299498307884681,-0.6850557279810461,-0.2564691671245467,-0.6420265872209117
E01026274,E01034697,South Holland 006H,South Holland,E01026274,1,2018,-0.447783455458205,-0.600109682558779,0.2083738112768121,74.67594224266198,77.26140540925154,0.0,0.0,0.0,-0.600109682558779,-0.15232622710057392,-0.39173587128196685,0.056047584176238174,-0.933112442459253,-0.48532898700104793,-0.651760513467451,-0.20397705800924598,-0.7228053021710686,-0.2750218467128636,-0.7093859780722117,-0.2616025226140067,-0.6300238763245074,-0.18224042086630238,-0.688836,-0.24105252304979058,-0.5262973829082052,-0.07851392745000013,-0.6570326136667769,-0.20924915820857187,-0.5409539138766959,-0.09317045841849086
E01026274,E01034697,South Holland 006H,South Holland,E01026274,1,2019,-0.295121385668568,-0.447783455458205,0.15232622710057392,74.67594224266198,77.26140540925154,0.0,0.0,0.0,-0.447783455458205,-0.15266206978963703,-0.2954572283576311,-0.000335842689063115,-0.933112442459253,-0.637991056790685,-0.651760513467451,-0.356639127798883,-0.7228053021710686,-0.42768391650250065,-0.7093859780722117,-0.4142645924036437,-0.6300238763245074,-0.3349024906559394,-0.688836,-0.3937145928394276,-0.5262973829082052,-0.23117599723963717,-0.6570326136667769,-0.3619112279982089,-0.5409539138766959,-0.2458325282081279
E01026274,E01034698,South Holland 006I,South Holland,E01026274,1,2018,-0.447783455458205,-0.600109682558779,0.2083738112768121,74.67594224266198,77.26140540925154,0.0,0.0,0.0,-0.600109682558779,-0.15232622710057392,-0.39173587128196685,0.056047584176238174,-0.933112442459253,-0.48532898700104793,-0.651760513467451,-0.20397705800924598,-0.7228053021710686,-0.2750218467128636,-0.7093859780722117,-0.2616025226140067,-0.6300238763245074,-0.18224042086630238,-0.688836,-0.24105252304979058,-0.5262973829082052,-0.07851392745000013,-0.6570326136667769,-0.20924915820857187,-0.5409539138766959,-0.09317045841849086
E01026274,E01034698,South Holland 006I,South Holland,E01026274,1,2019,-0.295121385668568,-0.447783455458205,0.15232622710057392,74.67594224266198,77.26140540925154,0.0,0.0,0.0,-0.447783455458205,-0.15266206978963703,-0.2954572283576311,-0.000335842689063115,-0.933112442459253,-0.637991056790685,-0.651760513467451,-0.356639127798883,-0.7228053021710686,-0.42768391650250065,-0.7093859780722117,-0.4142645924036437,-0.6300238763245074,-0.3349024906559394,-0.688836,-0.3937145928394276,-0.5262973829082052,-0.23117599723963717,-0.6570326136667769,-0.3619112279982089,-0.5409539138766959,-0.2458325282081279
E01026275,E01026275,South Holland 006E,South Holland,E01026275,1,2018,-0.25109798087791,-0.340853831454803,0.132924624015612,70.67532742856419,73.82963428439433,0.0,0.0,0.0,-0.340853831454803,-0.089755850576893,-0.20792920743919102,0.043168773438719,-0.46384674945744403,-0.212748768579534,-0.2796332820615004,-0.028535301183590378,-0.32616715369802757,-0.07506917282011755,-0.36351472672807605,-0.11241674585016603,-0.28230918418015977,-0.031211203302249746,-0.36263978,-0.11154180393501723,-0.30682731899543375,-0.05572933811752373,-0.2418332817107622,0.00926469916714781,-0.22795250902923855,0.023145471848671467
E01026275,E01026275,South Holland 006E,South Holland,E01026275,1,2019,-0.0565352750908397,-0.25109798087791,0.089755850576893,70.67532742856419,73.82963428439433,0.0,0.0,0.0,-0.25109798087791,-0.19456270578707033,-0.16134213030101702,-0.10480685521017732,-0.46384674945744403,-0.4073114743666043,-0.2796332820615004,-0.2230980069706607,-0.32616715369802757,-0.26963187860718785,-0.36351472672807605,-0.30697945163723633,-0.28230918418015977,-0.22577390908932007,-0.36263978,-0.3061045097220875,-0.30682731899543375,-0.25029204390459403,-0.2418332817107622,-0.18529800661992252,-0.22795250902923855,-0.17141723393839886
E01032995,E01032995,South Holland 006F,South Holland,E01032995,1,2018,-0.151135503267432,0.121449640195269,0.555967097520196,70.58726870258064,73.71213550870968,0.0,0.0,0.0,0.121449640195269,0.272585143462701,0.6774167377154651,0.828552240982897,0.1855870932865326,0.33672259655396464,0.19071838127176008,0.3418538845391921,-0.2037127138847935,-0.05257721061736151,-0.1902147427832326,-0.03907923951580061,-0.19924323204363847,-0.048107728776206476,-0.24363999,-0.0925044874199383,-0.028619073186843806,0.12251643008058818,-0.07154885656233252,0.07958664670509948,-0.19088331516166676,-0.039747811894234764
E01032995,E01032995,South Holland 006F,South Holland,E01032995,1,2019,0.560498861038794,-0.151135503267432,-0.272585143462701,70.58726870258064,73.71213550870968,0.0,0.0,0.0,-0.151135503267432,-0.711634364306226,-0.423720646730133,-0.984219507768927,0.18372239660452772,-0.37677646443426627,0.189565737467867,-0.370933123570927,-0.2037127138847935,-0.7642115749235875,-0.1902147427832326,-0.7507136038220266,-0.19924323204363847,-0.7597420930824325,-0.24363999,-0.8041388517261643,-0.028619073186843806,-0.5891179342256377,-0.06305742538526868,-0.6235562864240627,-0.1907740240422349,-0.7512728850810289
E01032996,E01032996,South Holland 006G,South Holland,E01032996,1,2018,-0.0304335053606018,-0.339102265617564,0.178575506815362,77.8807994327728,79.92858192830484,0.0,0.0,0.0,-0.339102265617564,-0.3086687602569622,-0.16052675880220202,-0.13009325344160022,-0.6218174724429331,-0.5913839670823312,-0.4953630257374161,-0.4649295203768143,-0.550116995154127,-0.5196834897935252,-0.5717815678735935,-0.5413480625129916,-0.5482478283816977,-0.5178143230210959,-0.50590163,-0.47546812933254395,-0.48263265365632624,-0.45219914829572444,-0.41404936498687445,-0.38361585962627265,-0.4713041970519617,-0.4408706916913599
E01032996,E01032996,South Holland 006G,South Holland,E01032996,1,2019,0.254319630771653,-0.0304335053606018,0.3086687602569622,77.8807994327728,79.92858192830484,0.0,0.0,0.0,-0.0304335053606018,-0.2847531361322548,0.2782352548963604,0.023915624124707435,-0.6278604709494302,-0.8821801017210832,-0.4990984454722548,-0.7534180762439078,-0.5477774237740616,-0.8020970545457146,-0.556873501264055,-0.811193132035708,-0.5561031413420532,-0.8104227721137062,-0.52387995,-0.7781995760498207,-0.48075931553601675,-0.7350789463076697,-0.48662684886480395,-0.7409464796364569,-0.47439930168541855,-0.7287189324570715
E01026268,E01026268,South Holland 007A,South Holland,E01026268,1,2018,-0.0911495210766248,0.127554230655796,0.1848127505492043,67.60160968127416,71.17896796171792,0.0,0.0,0.0,0.127554230655796,0.2187037517324208,0.3123669812050003,0.40351650228162506,-0.02385586242431896,0.06729365865230584,0.05844615889729626,0.14959567997392106,-0.06223480202147344,0.02891471905515136,-0.03487998568162287,0.05626953539500193,-0.05409952410786108,0.037049996968763724,-0.06856063,0.022588890993540695,-0.09216111850850461,-0.0010115974318798127,0.045236622677353726,0.13638614375397853,0.019571268164860413,0.1107207892414852
E01026268,E01026268,South Holland 007A,South Holland,E01026268,1,2019,0.237099056864861,-0.0911495210766248,-0.2187037517324208,67.60160968127416,71.17896796171792,0.0,0.0,0.0,-0.0911495210766248,-0.32824857794148576,-0.3098532728090456,-0.5469523296739066,-0.02461555366513575,-0.2617146105299967,0.05797656327348799,-0.179122493591373,-0.06433821430270706,-0.301437271167568,-0.03487998568162287,-0.27197904254648386,-0.04982561884701542,-0.2869246757118764,-0.041179128,-0.2782781848560605,-0.09376195789028033,-0.3308610147551413,-0.06140236235971238,-0.29850141922457335,0.03600619340239039,-0.2010928634624706
E01026269,E01026269,South Holland 007B,South Holland,E01026269,1,2018,-0.300736878103455,-0.118404002538904,0.20883206020932604,68.06675739003057,71.57185914015714,0.0,0.0,0.0,-0.118404002538904,0.18233287556455102,0.09042805767042204,0.39116493577387706,-0.3334002965149446,-0.03266341841148962,-0.2988237767955772,0.001913101307877807,-0.40426528408203166,-0.10352840597857665,-0.4344444416831987,-0.13370756357974367,-0.271278782951486,0.02945809515196901,-0.25303522,0.04770166057988018,-0.30985536865433533,-0.00911849055088032,-0.31068236104782143,-0.009945482944366424,-0.13475752222717263,0.16597935587628238
E01026269,E01026269,South Holland 007B,South Holland,E01026269,1,2019,0.436800694006688,-0.300736878103455,-0.18233287556455102,68.06675739003057,71.57185914015714,0.0,0.0,0.0,-0.300736878103455,-0.7375375721101429,-0.48306975366800603,-0.919870447674694,-0.3340909249156872,-0.7708916189223751,-0.2992506819081302,-0.7360513759148182,-0.40586040417768227,-0.8426610981843703,-0.4344444416831987,-0.8712451356898867,-0.271278782951486,-0.708079476958174,-0.28579822,-0.7225989158332413,-0.358024986226937,-0.794825680233625,-0.3421799152920547,-0.7789806092987427,-0.14161407954145863,-0.5784147735481466
E01026270,E01026270,South Holland 007C,South Holland,E01026270,1,2018,-0.104259088535211,-0.268501904656208,-0.19969124603223698,71.98554923742422,74.83422744917621,0.0,0.0,0.0,-0.268501904656208,-0.164242816120997,-0.46819315068844497,-0.363934062153234,-0.05932159651035701,0.04493749202485399,0.014461576042123808,0.11872066457733481,-0.18195606522804741,-0.07769697669283641,-0.21815460129098577,-0.11389551275577477,-0.07869206545004645,0.02556702308516455,-0.115504906,-0.011245817046263304,-0.13352195924533733,-0.02926287071012633,-0.10430132415540515,-4.2235620194147616e-05,-0.050777925989182765,0.053481162546028235
E01026270,E01026270,South Holland 007C,South Holland,E01026270,1,2019,0.47740984811426,-0.104259088535211,0.164242816120997,71.98554923742422,74.83422744917621,0.0,0.0,0.0,-0.104259088535211,-0.5816689366494711,0.059983727585786004,-0.417426120528474,-0.05977050497083969,-0.5371803530850997,0.014184087718964372,-0.4632257603952956,-0.18195606522804741,-0.6593659133423074,-0.21815460129098577,-0.6955644494052458,-0.07869206545004645,-0.5561019135643065,-0.115504906,-0.5929147536957343,-0.13352195924533733,-0.6109318073595973,-0.10430132415540515,-0.5817111722696652,-0.050751615164134345,-0.5281614632783944
E01026271,E01026271,South Holland 007D,South Holland,E01026271,1,2018,0.636996841887216,0.418175864474851,0.237559906829702,69.99108649172514,73.22501016799416,0.0,0.0,0.0,0.418175864474851,-0.21882097741236495,0.655735771304553,0.018738929417337014,-0.11666821420030664,-0.7536650560875225,0.12318162095409166,-0.5138152209331243,0.10360469874133212,-0.5333921431458838,0.08981786286105299,-0.547178979026163,0.19491280128249905,-0.4420840406047169,0.16172652,-0.4752703224217695,0.15220363035824963,-0.4847932115289663,0.2212091601513477,-0.4157876817358682,0.24098238407157282,-0.39601445781564315
E01026271,E01026271,South Holland 007D,South Holland,E01026271,1,2019,1.10510889793479,0.636996841887216,0.21882097741236495,69.99108649172514,73.22501016799416,0.0,0.0,0.0,0.636996841887216,-0.4681120560475741,0.8558178192995809,-0.24929107863520916,-0.11376757491718796,-1.218876472851978,0.1249746224268142,-0.9801342755079758,0.10360469874133212,-1.001504199193458,0.08981786286105299,-1.015291035073737,0.19491280128249905,-0.9101960966522911,0.15935759,-0.9457513054712967,0.14796639036206075,-0.9571425075727293,0.20274782973548655,-0.9023610681993035,0.24081237566356764,-0.8642965222712224
E01026272,E01026272,South Holland 007E,South Holland,E01026272,1,2018,-0.155734384825986,-0.417611862641132,0.27494379329858204,67.2107857912024,70.80961426020708,0.0,0.0,0.0,-0.417611862641132,-0.261877477815146,-0.14266806934254994,0.013066315483436064,-0.44980546159670937,-0.29407107677072336,-0.31231346483239425,-0.15657908000640824,-0.5412059406785835,-0.3854715558525975,-0.5530327447146375,-0.3972983598886515,-0.32466545580294587,-0.16893107097695986,-0.37552977,-0.21979538125677767,-0.40523880775101895,-0.24950442292503294,-0.34738851387437264,-0.19165412904838663,-0.26588306108644266,-0.11014867626045666
E01026272,E01026272,South Holland 007E,South Holland,E01026272,1,2019,0.0522374041456329,-0.155734384825986,0.261877477815146,67.2107857912024,70.80961426020708,0.0,0.0,0.0,-0.155734384825986,-0.20797178897161891,0.10614309298915997,0.05390568884352707,-0.4426919890690612,-0.4949293932146941,-0.3079163421730985,-0.36015374631873137,-0.5041511502054133,-0.5563885543510463,-0.5666377431331392,-0.6188751472787721,-0.3617464419834224,-0.41398384612905526,-0.3743227,-0.4265601165670501,-0.36940882271017533,-0.4216462268558082,-0.32750114934068897,-0.37973855348632185,-0.31253256236289473,-0.3647699665085276
E01026254,E01026254,South Holland 008A,South Holland,E01026254,1,2018,1.8231660138236,1.42116948432595,0.6542752828911449,86.88055060770535,83.90490352321383,0.0,0.0,0.0,1.42116948432595,-0.4019965294976502,2.075444767217095,0.2522787533934947,0.2785312460247588,-1.5446347677988412,0.18815789778614214,-1.6350081160374579,0.8048951319282399,-1.01827088189536,0.7690126723579437,-1.0541533414656565,0.797908948449138,-1.0252570653744622,0.81580365,-1.0073623667822793,0.7653728348318093,-1.057793178991791,0.8530124071145652,-0.9701536067090349,0.9005893396111034,-0.9225766742124967
E01026254,E01026254,South Holland 008A,South Holland,E01026254,1,2019,1.46061269063635,1.8231660138236,0.4019965294976502,86.88055060770535,83.90490352321383,0.0,0.0,0.0,1.8231660138236,0.3625533231872502,2.2251625433212503,0.7645498526849004,0.2799815656663181,-1.1806311249700319,0.18905439852250353,-1.2715582921138464,0.8048951319282399,-0.65571755870811,0.7690126723579437,-0.6916000182784062,0.797908948449138,-0.662703742187212,0.81580365,-0.6448090435950291,0.7653728348318093,-0.6952398558045406,0.8530124071145652,-0.6076002835217847,0.9005043354071008,-0.5601083552292491
E01026255,E01026255,South Holland 008B,South Holland,E01026255,1,2018,2.14287579087575,1.95297085717484,0.35713157601079004,86.95007776938284,84.01334318363067,0.0,0.0,0.0,1.95297085717484,-0.18990493370090977,2.31010243318563,0.16722664230988027,0.2713671137384092,-1.8715086771373406,0.027027356377258185,-2.1158484344984916,1.209405936359211,-0.933469854516539,1.2514023684793374,-0.8914734223964125,1.5297531708469916,-0.6131226200287583,1.698954,-0.44392180470784215,1.3483594530362932,-0.7945163378394566,1.85866396710569,-0.28421182377005993,1.7164645773053262,-0.42641121357042366
E01026255,E01026255,South Holland 008B,South Holland,E01026255,1,2019,2.46516050494806,2.14287579087575,0.18990493370090977,86.95007776938284,84.01334318363067,0.0,0.0,0.0,2.14287579087575,-0.32228471407230996,2.3327807245766596,-0.1323797803714002,0.27326634184045123,-2.1918941631076088,0.028201345436778893,-2.436959159511281,1.209405936359211,-1.255754568588849,1.2514023684793374,-1.2137581364687224,1.5297531708469916,-0.9354073341010682,1.698954,-0.7662065187801521,1.3483594530362932,-1.1168010519117666,1.8080712864023194,-0.6570892185457404,1.7163532622762752,-0.7488072426717847
E01026256,E01026256,South Holland 008C,South Holland,E01026256,1,2018,1.37006754748638,1.01700426391151,-0.15780343249666995,86.74194986592119,83.98305041447755,0.0,0.0,0.0,1.01700426391151,-0.35306328357486993,0.85920083141484,-0.5108667160715399,0.08401950959692472,-1.2860480378894552,-0.03631598395193528,-1.4063835314383153,1.0481544603232993,-0.32191308716308065,0.9684951319002577,-0.4015724155861222,1.1353955221043655,-0.23467202538201448,1.1060597,-0.2640078770380767,0.9687100708326968,-0.40135747665368315,1.1811268883151296,-0.18894065917125036,1.2382550778960564,-0.13181246959032356
E01026256,E01026256,South Holland 008C,South Holland,E01026256,1,2019,1.84813892644682,1.37006754748638,0.35306328357486993,86.74194986592119,83.98305041447755,0.0,0.0,0.0,1.37006754748638,-0.47807137896044005,1.7231308310612499,-0.12500809538557012,0.08647124041956078,-1.761667686027259,-0.03480047080237217,-1.8829393972491921,1.0481544603232993,-0.7999844661235207,0.9684951319002577,-0.8796437945465623,1.1353955221043655,-0.7127434043424545,1.1060597,-0.7420792559985168,0.9687100708326968,-0.8794288556141232,1.1813927063373295,-0.6667462201094905,1.2381113803130994,-0.6100275461337206
E01026277,E01026277,South Holland 008D,South Holland,E01026277,1,2018,1.94845165673535,1.7135459984354,0.1281225107436501,87.14194685446058,84.17607859838456,0.0,0.0,0.0,1.7135459984354,-0.23490565829995003,1.8416685091790501,-0.10678314755629992,0.08565719054376292,-1.8627944661915872,0.16686410542235164,-1.7815875513129984,1.1710204200483902,-0.7774312366869598,1.148610811090823,-0.799840845644527,1.3569245045925642,-0.5915271521427858,1.4198191,-0.5286325401429428,1.1814818909644385,-0.7669697657709116,1.419936225737681,-0.528515430997669,1.5320590209300293,-0.4163926358053207
E01026277,E01026277,South Holland 008D,South Holland,E01026277,1,2019,2.2401042461204,1.94845165673535,0.23490565829995003,87.14194685446058,84.17607859838456,0.0,0.0,0.0,1.94845165673535,-0.2916525893850501,2.1833573150353,-0.056746931085100094,0.0847248422027605,-2.1553794039176397,0.16628778352040507,-2.073816462599995,1.1710204200483902,-1.06908382607201,1.148610811090823,-1.091493435029577,1.3631245110646932,-0.8769797350557069,1.4400812,-0.8000230073737571,1.1814818909644385,-1.0586223551559617,1.4409644982539824,-0.7991397478664177,1.5321136664897455,-0.7079905796306547
E01026278,E01026278,South Holland 008E,South Holland,E01026278,1,2018,0.97889372333859,0.968886947421454,0.340539295765648,87.18454241386605,84.25109656283867,0.0,0.0,0.0,0.968886947421454,-0.010006775917136057,1.309426243187102,0.33053251984851195,-0.22825198545220687,-1.2071457087907969,-0.2642289112440769,-1.243122634582667,0.43684436374286756,-0.5420493595957225,0.5603525508431724,-0.41854117249541767,0.6471488453469284,-0.33174487799166164,0.6373343,-0.3415594361719946,0.6093727029574898,-0.36952102038110024,0.7611938735646532,-0.21769984977393686,0.7450853610677753,-0.2338083622708147
E01026278,E01026278,South Holland 008E,South Holland,E01026278,1,2019,1.49308731620005,0.97889372333859,0.010006775917136057,87.18454241386605,84.25109656283867,0.0,0.0,0.0,0.97889372333859,-0.5141935928614599,0.9889004992557261,-0.5041868169443239,-0.23032387065443455,-1.7234111868544846,-0.2655096265817359,-1.7585969427817858,0.43684436374286756,-1.0562429524571824,0.5603525508431724,-0.9327347653568776,0.6471488453469284,-0.8459384708531216,0.6373343,-0.8557530290334545,0.6093727029574898,-0.8837146132425602,0.7613046564608278,-0.7317826597392222,0.7452067956449219,-0.7478805205551281
E01026279,E01026279,South Holland 008F,South Holland,E01026279,1,2018,1.25458573846199,1.03892422949387,0.06423852700919408,87.23033387694092,84.29534156380703,0.0,0.0,0.0,1.03892422949387,-0.21566150896811997,1.1031627565030642,-0.1514229819589259,0.0495280588528674,-1.2050576796091226,-0.05398059738297658,-1.3085663358449666,0.8489132740574004,-0.4056724644045897,0.869366335639949,-0.38521940282204103,0.879410675878685,-0.375175062583305,0.86863875,-0.38594698457099885,0.7807944958221802,-0.4737912426398099,0.9772745108950028,-0.27731122756698723,0.9892975538072241,-0.265288184654766
E01026279,E01026279,South Holland 008F,South Holland,E01026279,1,2019,1.72840709884422,1.25458573846199,0.21566150896811997,87.23033387694092,84.29534156380703,0.0,0.0,0.0,1.25458573846199,-0.4738213603822299,1.47024724743011,-0.2581598514141099,0.050046030153424265,-1.6783610686907957,-0.05366041854856184,-1.7820675173927818,0.8489132740574004,-0.8794938247868196,0.869366335639949,-0.8590407632042709,0.879410675878685,-0.8489964229655349,0.86863875,-0.8597683449532287,0.802835444250347,-0.9255716545938729,0.9845240383104042,-0.7438830605338157,0.9873000116642594,-0.7411070871799605
E01026262,E01026262,South Holland 009A,South Holland,E01026262,1,2018,-0.276003746698371,-0.48606443879429,0.10641909702963198,69.70348233581763,72.9534361145532,0.0,0.0,0.0,-0.48606443879429,-0.210060692095919,-0.37964534176465803,-0.103641595066287,-0.6214614734308526,-0.34545772673248154,-0.4253709518850918,-0.14936720518672075,-0.5844107393259416,-0.30840699262757054,-0.5601062021264758,-0.28410245542810475,-0.4777082699358212,-0.2017045232374502,-0.49805626,-0.2220525160331811,-0.43212394695167305,-0.15612020025330203,-0.3330048647345756,-0.05700111803620456,-0.39806205762002433,-0.12205831092165331
E01026262,E01026262,South Holland 009A,South Holland,E01026262,1,2019,-0.124843960898207,-0.276003746698371,0.210060692095919,69.70348233581763,72.9534361145532,0.0,0.0,0.0,-0.276003746698371,-0.15115978580016404,-0.06594305460245203,0.058900906295754965,-0.6214614734308526,-0.4966175125326456,-0.4253709518850918,-0.3005269909868848,-0.5844107393259416,-0.4595667784277346,-0.5601062021264758,-0.4352622412282688,-0.4777082699358212,-0.35286430903761423,-0.49805626,-0.37321230183334514,-0.43212394695167305,-0.30727998605346607,-0.3330048647345756,-0.2081609038363686,-0.39806205762002433,-0.27321809672181735
E01026263,E01026263,South Holland 009B,South Holland,E01026263,1,2018,-0.693770834165967,-0.724365603621744,0.14792033006236105,69.44768358801079,72.68665097189229,0.0,0.0,0.0,-0.724365603621744,-0.030594769455776993,-0.5764452735593829,0.11732556060658406,-0.6842185730729511,0.009552261093015879,-0.5346968943590684,0.15907393980689855,-0.7792752150567217,-0.08550438089075474,-0.795018979793466,-0.10124814562749906,-0.6443016223410448,0.049469211824922144,-0.7575108,-0.06373994712218001,-0.6102392310739468,0.08353160309202012,-0.7379868457082371,-0.04421601154227017,-0.5343452151757707,0.15942561899019625
E01026263,E01026263,South Holland 009B,South Holland,E01026263,1,2019,-0.307545807321665,-0.693770834165967,0.030594769455776993,69.44768358801079,72.68665097189229,0.0,0.0,0.0,-0.693770834165967,-0.386225026844302,-0.66317606471019,-0.355630257388525,-0.6842185730729511,-0.3766727657512861,-0.5346968943590684,-0.22715108703740344,-0.7792752150567217,-0.4717294077350567,-0.795018979793466,-0.48747317247180105,-0.6443016223410448,-0.33675581501937984,-0.7575108,-0.449964973966482,-0.6102392310739468,-0.30269342375228186,-0.7379868457082371,-0.43044103838657216,-0.5343452151757707,-0.22679940785410574
E01026264,E01026264,South Holland 009C,South Holland,E01026264,1,2018,-0.264380702713441,-0.373227065709427,0.07372242190425099,67.78405720429761,71.32420928194047,0.0,0.0,0.0,-0.373227065709427,-0.10884636299598599,-0.299504643805176,-0.035123941091735,-0.5001022467757851,-0.23572154406234408,-0.3026786565441951,-0.03829795383075413,-0.5433796813554275,-0.2789989786419865,-0.5786868442728699,-0.3143061415594289,-0.5120373623877574,-0.24765665967431644,-0.5096773,-0.24529658820300188,-0.45795558991633845,-0.19357488720289745,-0.4936857949274738,-0.22930509221403278,-0.4022259475607959,-0.1378452448473549
E01026264,E01026264,South Holland 009C,South Holland,E01026264,1,2019,0.0509951500373724,-0.264380702713441,0.10884636299598599,67.78405720429761,71.32420928194047,0.0,0.0,0.0,-0.264380702713441,-0.31537585275081337,-0.155534339717455,-0.2065294897548274,-0.4975814531130748,-0.5485766031504472,-0.30112045288337663,-0.35211560292074906,-0.5433796813554275,-0.5943748313927999,-0.5816751513386437,-0.6326703013760161,-0.5120373623877574,-0.5630325124251299,-0.5124537,-0.563448825307453,-0.45795558991633845,-0.5089507399537109,-0.4876296967142132,-0.5386248467515856,-0.41016370915097333,-0.46115885918834576
E01026265,E01026265,South Holland 009D,South Holland,E01026265,1,2018,0.0499985255541634,0.0872787303887009,-0.03887122879086011,70.20473283084873,73.33732239875866,0.0,0.0,0.0,0.0872787303887009,0.037280204834537506,0.048407501597840796,-0.0015910239563226014,0.05219309595174504,0.002194570397581641,-0.07125588023512439,-0.12125440578928778,0.033402814223778284,-0.016595711330385114,-0.04974991373792269,-0.09974843929208609,0.05202782681852612,0.0020293012643627234,0.073850304,0.023851778334157525,-0.172586693820678,-0.2225852193748414,0.12020440170131315,0.07020587614714975,0.1534068916877374,0.10340836613357401
E01026265,E01026265,South Holland 009D,South Holland,E01026265,1,2019,0.700751392093927,0.0499985255541634,-0.037280204834537506,70.20473283084873,73.33732239875866,0.0,0.0,0.0,0.0499985255541634,-0.6507528665397636,0.012718320719625892,-0.6880330713743011,0.0489471424682551,-0.651804249625672,-0.07326233426412343,-0.7740137263580504,0.03182421103028508,-0.6689271810636419,-0.04974991373792269,-0.7505013058318497,-0.015404715598630356,-0.7161561076925573,-0.031339854,-0.7320912460959259,-0.13047765504521766,-0.8312290471391447,0.16741498445427308,-0.533336407639654,0.0966377691975912,-0.6041136228963357
E01026267,E01034699,South Holland 009F,South Holland,E01026267,1,2018,-0.0290216851017698,-0.214051607234942,0.28348511166934903,68.70408350405887,72.13140783062411,0.0,0.0,0.0,-0.214051607234942,-0.18502992213317218,0.06943350443440705,0.09845518953617685,-0.41825719467522465,-0.3892355095734549,-0.39629094429274503,-0.36726925919097525,-0.3923234695572743,-0.36330178445550454,-0.4190866733860928,-0.390064988284323,-0.40500835158203535,-0.3759866664802656,-0.4394272,-0.4104055118777529,-0.3972370474291989,-0.36821536232742913,-0.2464761821706093,-0.2174544970688395,-0.33820267907967116,-0.3091809939779014
E01026267,E01034699,South Holland 009F,South Holland,E01026267,1,2019,0.0670662208124744,-0.0290216851017698,0.18502992213317218,68.70408350405887,72.13140783062411,0.0,0.0,0.0,-0.0290216851017698,-0.09608790591424421,0.15600823703140237,0.08894201621892797,-0.4204672055576008,-0.48753342637007524,-0.39765704065291463,-0.464723261465389,-0.3923234695572743,-0.45938969036974875,-0.4190866733860928,-0.4861528941985672,-0.40500835158203535,-0.4720745723945098,-0.43829206,-0.5053582771345722,-0.3972370474291989,-0.46430326824167334,-0.21746107842354448,-0.2845272992360189,-0.33807314886404827,-0.40513936967652264
E01026267,E01034700,South Holland 009G,South Holland,E01026267,1,2018,-0.0290216851017698,-0.214051607234942,0.28348511166934903,68.70408350405887,72.13140783062411,0.0,0.0,0.0,-0.214051607234942,-0.18502992213317218,0.06943350443440705,0.09845518953617685,-0.41825719467522465,-0.3892355095734549,-0.39629094429274503,-0.36726925919097525,-0.3923234695572743,-0.36330178445550454,-0.4190866733860928,-0.390064988284323,-0.40500835158203535,-0.3759866664802656,-0.4394272,-0.4104055118777529,-0.3972370474291989,-0.36821536232742913,-0.2464761821706093,-0.2174544970688395,-0.33820267907967116,-0.3091809939779014
E01026267,E01034700,South Holland 009G,South Holland,E01026267,1,2019,0.0670662208124744,-0.0290216851017698,0.18502992213317218,68.70408350405887,72.13140783062411,0.0,0.0,0.0,-0.0290216851017698,-0.09608790591424421,0.15600823703140237,0.08894201621892797,-0.4204672055576008,-0.48753342637007524,-0.39765704065291463,-0.464723261465389,-0.3923234695572743,-0.45938969036974875,-0.4190866733860928,-0.4861528941985672,-0.40500835158203535,-0.4720745723945098,-0.43829206,-0.5053582771345722,-0.3972370474291989,-0.46430326824167334,-0.21746107842354448,-0.2845272992360189,-0.33807314886404827,-0.40513936967652264
E01026245,E01026245,South Holland 010A,South Holland,E01026245,1,2018,0.632145992700129,0.10433364141649,-0.016230977098583996,80.85973578319734,79.49090072250276,0.0,0.0,0.0,0.10433364141649,-0.5278123512836389,0.088102664317906,-0.5440433283822229,0.09233788244895422,-0.5398081102511747,-0.0733543425813079,-0.7055003352814369,-0.04816839232121171,-0.6803143850213407,-0.05921307674984959,-0.6913590694499785,0.10003416080532374,-0.5321118318948053,0.10689275,-0.5252532430329613,-0.006840195791216086,-0.638986188491345,0.13994645469909583,-0.4921995380010331,0.15046654628358203,-0.4816794464165469
E01026245,E01026245,South Holland 010A,South Holland,E01026245,1,2019,1.12983238674318,0.632145992700129,0.5278123512836389,80.85973578319734,79.49090072250276,0.0,0.0,0.0,0.632145992700129,-0.49768639404305115,1.1599583439837677,0.030125957240587642,0.09192350540850866,-1.0379088813346715,-0.0736104856488397,-1.2034428723920199,-0.04816839232121171,-1.1780007790643918,-0.05921307674984959,-1.1890454634930296,0.10003416080532374,-1.0297982259378564,0.10689275,-1.0229396370760124,-0.006840195791216086,-1.1366725825343962,0.13994645469909583,-0.9898859320440843,0.15049083319901133,-0.9793415535441687
E01026249,E01026249,South Holland 010B,South Holland,E01026249,1,2018,-0.258905658008359,-0.0238338230582028,0.4383526456196362,82.09718340915352,81.44574376860777,0.0,0.0,0.0,-0.0238338230582028,0.2350718349501562,0.4145188225614334,0.6734244805697924,-0.04686913859152517,0.21203651941683385,-0.26794975444839886,-0.00904409644003984,-0.4595805296950983,-0.2006748716867393,-0.46049075117497285,-0.20158509316661383,-0.36461632621527473,-0.10571066820691571,-0.42700303,-0.16809736800024694,-0.29479397470685803,-0.03588831669849901,-0.4585842776712878,-0.19967861966292877,-0.32341698818759246,-0.06451133017923344
E01026249,E01026249,South Holland 010B,South Holland,E01026249,1,2019,0.117434462929906,-0.258905658008359,-0.2350718349501562,82.09718340915352,81.44574376860777,0.0,0.0,0.0,-0.258905658008359,-0.376340120938265,-0.49397749295851523,-0.6114119558884212,-0.054707770939953076,-0.17214223386985908,-0.2727951274758753,-0.3902295904057813,-0.4595805296950983,-0.5770149926250043,-0.46049075117497285,-0.5779252141048788,-0.36461632621527473,-0.48205078914518074,-0.42700303,-0.544437488938512,-0.29479397470685803,-0.41222843763676403,-0.4585842776712878,-0.5760187406011938,-0.3229575607040547,-0.4403920236339607
E01026280,E01026280,South Holland 010C,South Holland,E01026280,1,2018,0.350486972186473,0.026488165505414,-0.033881443020587695,85.23336990005969,83.23907185008359,0.0,0.0,0.0,0.026488165505414,-0.323998806681059,-0.0073932775151736956,-0.3578802497016467,-0.4291218842208536,-0.7796088564073267,-0.4185330206605047,-0.7690199928469776,-0.17675668875375078,-0.5272436609402238,-0.16029609701979164,-0.5107830692062647,-0.17412181617029393,-0.5246087883567669,-0.15604486,-0.5065318279003173,-0.17045830385756122,-0.5209452760440343,-0.10982503475505206,-0.4603120069415251,-0.14839757842454623,-0.4988845506110192
E01026280,E01026280,South Holland 010C,South Holland,E01026280,1,2019,0.667785922351381,0.350486972186473,0.323998806681059,85.23336990005969,83.23907185008359,0.0,0.0,0.0,0.350486972186473,-0.317298950164908,0.674485778867532,0.006699856516151015,-0.4291218842208536,-1.0969078065722346,-0.4185330206605047,-1.0863189430118858,-0.17675668875375078,-0.8445426111051317,-0.16029609701979164,-0.8280820193711727,-0.17412181617029393,-0.8419077385216749,-0.15604486,-0.8238307780652253,-0.17045830385756122,-0.8382442262089422,-0.10982503475505206,-0.7776109571064331,-0.14839757842454623,-0.8161835007759273
E01026239,E01026239,South Holland 011A,South Holland,E01026239,1,2018,0.218159728291892,-0.190138993279554,-0.2397157021240935,85.14921876347182,85.12460604819005,0.0,0.0,0.0,-0.190138993279554,-0.408298721571446,-0.4298546954036475,-0.6480144236955395,-0.264330104742195,-0.482489833034087,-0.3649818223524717,-0.5831415506443637,-0.14739908802121146,-0.3655588163131035,-0.14791477905320485,-0.36607450734509683,-0.08494111652119558,-0.3031008448130876,-0.020751618,-0.23891134614076515,-0.07332289064846079,-0.29148261894035277,-0.14734891440979261,-0.3655086427016846,-0.00959091530648401,-0.22775064359837602
E01026239,E01026239,South Holland 011A,South Holland,E01026239,1,2019,-0.105212790685262,0.218159728291892,0.408298721571446,85.14921876347182,85.12460604819005,0.0,0.0,0.0,0.218159728291892,0.323372518977154,0.626458449863338,0.7316712405486,-0.25659506665387855,-0.15138227596861653,-0.3602004850918783,-0.2549876944066163,-0.14739908802121146,-0.04218629733594946,-0.14500814984963706,-0.03979535916437506,-0.08494111652119558,0.020271674164066417,-0.020751618,0.08446117283638886,-0.07332289064846079,0.031889900036801214,-0.18399117898271208,-0.07877838829745008,-0.010044271061164456,0.09516851962409754
E01026240,E01026240,South Holland 011B,South Holland,E01026240,1,2018,-0.264360265879524,-0.353726400077218,0.08563575077351399,85.176654858639,85.20176641024517,0.0,0.0,0.0,-0.353726400077218,-0.08936613419769401,-0.268090649303704,-0.0037303834241800282,-0.5347929197538113,-0.2704326538742873,-0.608709042862245,-0.34434877698272104,-0.49982269333223345,-0.23546242745270946,-0.5793362288278918,-0.3149759629483678,-0.45304546575702825,-0.18868519987750426,-0.4171062,-0.15274594530593133,-0.4300001389821649,-0.1656398731026409,-0.4039136554182271,-0.1395533895387031,-0.35753368037086275,-0.09317341449133876
E01026240,E01026240,South Holland 011B,South Holland,E01026240,1,2019,-0.0891024934151595,-0.264360265879524,0.08936613419769401,85.176654858639,85.20176641024517,0.0,0.0,0.0,-0.264360265879524,-0.1752577724643645,-0.17499413168182998,-0.08589163826667048,-0.5359324566150364,-0.4468299631998769,-0.6094134362979575,-0.520310942882798,-0.49982269333223345,-0.410720199917074,-0.5778102584706595,-0.48870776505549995,-0.45304546575702825,-0.3639429723418688,-0.4171062,-0.3280037177702958,-0.43114144575963514,-0.3420389523444757,-0.4039136554182271,-0.3148111620030676,-0.35746689135343224,-0.2683643979382727
E01026412,E01026412,West Lindsey 008B,West Lindsey,E01026412,1,2018,0.357170052756934,0.517169323222097,-0.15807109816837306,82.0213459831726,71.26334400384523,0.0,0.0,0.0,0.517169323222097,0.159999270465163,0.3590982250537239,0.0019281722967899317,-0.24993456374710105,-0.607104616504035,-0.3008698986221906,-0.6580399513791246,0.16459791087582096,-0.19257214188111302,0.13768188804350096,-0.21948816471343302,0.29085462110038074,-0.06631543165655324,0.3599031,0.0027330443957759853,0.07252741733583795,-0.284642635421096,0.21638266978910695,-0.14078738296782703,0.40035701625054987,0.04318696349361589
E01026412,E01026412,West Lindsey 008B,West Lindsey,E01026412,1,2019,0.352700355571698,0.357170052756934,-0.159999270465163,82.0213459831726,71.26334400384523,0.0,0.0,0.0,0.357170052756934,0.004469697185235988,0.19717078229177099,-0.155529573279927,-0.27987330491929036,-0.6325736604909884,-0.3193762352513626,-0.6720765908230606,0.15064638516750176,-0.20205397040419623,0.09929595067499938,-0.2534044048966986,0.29085462110038074,-0.06184573447131725,0.3599031,0.007202741581011973,0.07252741733583795,-0.28017293823586004,0.25305508538810495,-0.09964527018359304,0.40358399545888934,0.050883639887191356
E01026413,E01026413,West Lindsey 008C,West Lindsey,E01026413,1,2018,0.0657046921001979,-0.17881609967997,0.101654332175967,83.72122349628461,71.12976642551098,0.0,0.0,0.0,-0.17881609967997,-0.2445207917801679,-0.077161767504003,-0.1428664596042009,-0.5893655406536717,-0.6550702327538697,-0.5825822531864182,-0.6482869452866161,-0.3874083189629969,-0.4531130110631948,-0.44766447268045645,-0.5133691647806543,-0.2541726689062449,-0.3198773610064428,-0.28831947,-0.3540241605984279,-0.36611164456916606,-0.431816336669364,-0.25025459821508517,-0.3159592903152831,-0.16919502114415533,-0.23489971324435321
E01026413,E01026413,West Lindsey 008C,West Lindsey,E01026413,1,2019,0.0168029109422437,0.0657046921001979,0.2445207917801679,83.72122349628461,71.12976642551098,0.0,0.0,0.0,0.0657046921001979,0.0489017811579542,0.3102254838803658,0.29342257293812213,-0.5878461581720382,-0.604649069114282,-0.5816430619388017,-0.5984459728810454,-0.38989987958109584,-0.4067027905233395,-0.44766447268045645,-0.4644673836227001,-0.2541726689062449,-0.2709755798484886,-0.28831947,-0.30512237944047366,-0.36611164456916606,-0.38291455551140974,-0.23931040409025875,-0.25611331503250245,-0.16928407316739616,-0.18608698410963986
E01026414,E01026414,West Lindsey 008D,West Lindsey,E01026414,1,2018,0.0946906825309888,0.101994917935467,0.425632687757109,85.17276618204306,76.5384253034001,0.0,0.0,0.0,0.101994917935467,0.007304235404478193,0.5276276056925759,0.43293692316158716,-0.16753173866690224,-0.2622224211978911,-0.2831129549748915,-0.3778036375058803,-0.34299067973953984,-0.4376813622705287,-0.4119019363464339,-0.5065926188774227,-0.28057268342921887,-0.3752633659602077,-0.23894985,-0.33364053273259553,-0.2792513059971026,-0.37394198852809135,0.2003353105963676,0.1056446280653788,-0.23087569142017708,-0.3255663739511659
E01026414,E01026414,West Lindsey 008D,West Lindsey,E01026414,1,2019,0.0491717472318898,0.0946906825309888,-0.007304235404478193,85.17276618204306,76.5384253034001,0.0,0.0,0.0,0.0946906825309888,0.045518935299099006,0.08738644712651061,0.03821469989462081,-0.16463109938378362,-0.21380284661567342,-0.281319953502169,-0.33049170073405876,-0.34299067973953984,-0.39216242697142967,-0.4119019363464339,-0.4610736835783237,-0.28057268342921887,-0.3297444306611087,-0.23894985,-0.2881215974334965,-0.2792513059971026,-0.32842305322899235,0.2003353105963676,0.1511635633644778,-0.23104569982818227,-0.28021744706007207
E01026396,E01026396,West Lindsey 009A,West Lindsey,E01026396,1,2018,-0.0608218141660893,0.0629961472738429,0.2810666019556889,54.720709413288,62.427522123744,0.0,0.0,0.0,0.0629961472738429,0.12381796143993219,0.3440627492295318,0.40488456339562107,-0.29216868134378565,-0.23134686717769637,-0.2636649073324953,-0.20284309316640603,-0.39685391126438807,-0.3360320970982988,-0.49878991404513057,-0.4379680998790413,-0.3595383842647738,-0.2987165700986845,-0.32232806,-0.26150624669931294,-0.30945066037161073,-0.24862884620552145,-0.3412835501939353,-0.280461736027846,-0.2840857523640512,-0.22326393819796192
E01026396,E01026396,West Lindsey 009A,West Lindsey,E01026396,1,2019,0.284010117035214,-0.0608218141660893,-0.12381796143993219,54.720709413288,62.427522123744,0.0,0.0,0.0,-0.0608218141660893,-0.3448319312013033,-0.1846397756060215,-0.46864989264123547,-0.3290827693634747,-0.6130928863986886,-0.2864829855984525,-0.5704931026336665,-0.4599648993222263,-0.7439750163574403,-0.5273503693204107,-0.8113604863556247,-0.17352646390692156,-0.45753658094213556,-0.1953442,-0.4793543118050733,-0.26634975524150545,-0.5503598722767195,-0.3225264686806441,-0.6065365857158581,-0.09807106050972161,-0.38208117754493565
E01026397,E01034706,West Lindsey 009E,West Lindsey,E01026397,1,2018,0.157151345801241,0.0452403550355829,0.4565162391907609,53.94856755009383,63.32578419216711,0.0,0.0,0.0,0.0452403550355829,-0.11191099076565808,0.5017565942263438,0.34460524842510276,-0.055620430708429244,-0.21277177650967022,-0.35558429493798327,-0.5127356407392243,-0.42630057341673055,-0.5834519192179716,-0.5103954355162827,-0.6675467813175238,-0.2703961799051246,-0.42754752570636556,-0.32772416,-0.4848755045651265,-0.34657269381708133,-0.5037240396183224,-0.27844763772048714,-0.4355989835217281,-0.1954587214170798,-0.3526100672183208
E01026397,E01034706,West Lindsey 009E,West Lindsey,E01026397,1,2019,0.367417962481741,0.157151345801241,0.11191099076565808,53.94856755009383,63.32578419216711,0.0,0.0,0.0,0.157151345801241,-0.21026661668050003,0.26906233656689904,-0.09835562591484198,-0.10928225744612495,-0.476700219927866,-0.38875482218335033,-0.7561727846650914,-0.4191897092403732,-0.7866076717221142,-0.5133798667363623,-0.8807978292181033,-0.17639971661632073,-0.5438176790980618,-0.19980052,-0.5672184836170713,-0.36394446245253925,-0.7313624249342803,-0.2967579397368831,-0.6641759022186241,-0.09982395645404338,-0.4672419189357844
E01026397,E01034707,West Lindsey 009F,West Lindsey,E01026397,1,2018,0.157151345801241,0.0452403550355829,0.4565162391907609,53.94856755009383,63.32578419216711,0.0,0.0,0.0,0.0452403550355829,-0.11191099076565808,0.5017565942263438,0.34460524842510276,-0.055620430708429244,-0.21277177650967022,-0.35558429493798327,-0.5127356407392243,-0.42630057341673055,-0.5834519192179716,-0.5103954355162827,-0.6675467813175238,-0.2703961799051246,-0.42754752570636556,-0.32772416,-0.4848755045651265,-0.34657269381708133,-0.5037240396183224,-0.27844763772048714,-0.4355989835217281,-0.1954587214170798,-0.3526100672183208
E01026397,E01034707,West Lindsey 009F,West Lindsey,E01026397,1,2019,0.367417962481741,0.157151345801241,0.11191099076565808,53.94856755009383,63.32578419216711,0.0,0.0,0.0,0.157151345801241,-0.21026661668050003,0.26906233656689904,-0.09835562591484198,-0.10928225744612495,-0.476700219927866,-0.38875482218335033,-0.7561727846650914,-0.4191897092403732,-0.7866076717221142,-0.5133798667363623,-0.8807978292181033,-0.17639971661632073,-0.5438176790980618,-0.19980052,-0.5672184836170713,-0.36394446245253925,-0.7313624249342803,-0.2967579397368831,-0.6641759022186241,-0.09982395645404338,-0.4672419189357844
E01026398,E01026398,West Lindsey 009C,West Lindsey,E01026398,1,2018,0.109455734013104,0.0025434186334702,0.22984341566024122,54.348003138530174,62.77585328925545,0.0,0.0,0.0,0.0025434186334702,-0.1069123153796338,0.23238683429371143,0.12293110028060743,-0.09187340115536484,-0.20132913516846884,-0.08231955651637994,-0.19177529052948394,-0.22093117799457612,-0.3303869120076801,-0.22883592034052624,-0.33829165435363023,-0.09311684267589829,-0.2025725766890023,-0.10009949,-0.20955522310593083,0.04780789550092589,-0.061647838512178116,-0.22162245781595294,-0.33107819182905696,-0.01943196549628698,-0.128887699509391
E01026398,E01026398,West Lindsey 009C,West Lindsey,E01026398,1,2019,0.441559620932904,0.109455734013104,0.1069123153796338,54.348003138530174,62.77585328925545,0.0,0.0,0.0,0.109455734013104,-0.33210388691980003,0.2163680493927378,-0.22519157154016622,-0.09273668665629302,-0.534296307589197,-0.08285318790707118,-0.5244128088399752,-0.22093117799457612,-0.6624907989274802,-0.23133579652349107,-0.672895417456395,-0.09311684267589829,-0.5346764636088023,-0.10009949,-0.5416591100257309,0.04780789550092589,-0.3937517254319781,-0.29434734274589686,-0.7359069636788009,-0.01938136775580926,-0.46094098868871325
E01026400,E01026400,West Lindsey 009D,West Lindsey,E01026400,1,2018,0.0794930482090331,-0.204422145645852,-0.045454594840921014,80.37584310449779,75.90440123681617,0.0,0.0,0.0,-0.204422145645852,-0.2839151938548851,-0.24987674048677302,-0.32936978869580613,-0.6024031059843833,-0.6818961541934164,-0.653869015877949,-0.7333620640869821,-0.3343205136542735,-0.4138135618633066,-0.426594471730171,-0.5060875199392041,-0.12405028662799024,-0.20354333483702333,-0.18117267,-0.2606657171429015,-0.33915672524824564,-0.4186497734572787,-0.025865877953113323,-0.10535892616214641,-0.15637525850171077,-0.23586830671074388
E01026400,E01026400,West Lindsey 009D,West Lindsey,E01026400,1,2019,0.100185738041513,0.0794930482090331,0.2839151938548851,80.37584310449779,75.90440123681617,0.0,0.0,0.0,0.0794930482090331,-0.020692689832479905,0.3634082420639182,0.2632225040224052,-0.6008146606626754,-0.7010003987041884,-0.6528871341190772,-0.7530728721605902,-0.3343205136542735,-0.4345062516957865,-0.42631259595241044,-0.5264983339939234,-0.12405028662799024,-0.22423602466950324,-0.18117267,-0.2813584069753814,-0.33915672524824564,-0.4393424632897586,-0.0767292425691742,-0.1769149806106872,-0.1564683583441898,-0.2566540963857028
E01026393,E01026393,West Lindsey 010A,West Lindsey,E01026393,1,2018,0.192877065186277,0.147876618674059,0.0494153636691235,32.14563298637606,78.87200025320756,0.0,0.0,0.0,0.147876618674059,-0.04500044651221802,0.1972919823431825,0.004414917156905479,-0.5441830461549915,-0.7370601113412685,-0.541722302930669,-0.734599368116946,-0.30522894010676566,-0.49810600529304266,-0.3502492041175402,-0.5431262693038172,-0.15778085444978793,-0.35065791963606496,-0.07623099,-0.269108053092733,-0.31079619806529835,-0.5036732632515754,-0.08656843031118447,-0.27944549549746145,-0.028852865762519747,-0.22172993094879676
E01026393,E01026393,West Lindsey 010A,West Lindsey,E01026393,1,2019,0.514441291749248,0.192877065186277,0.04500044651221802,32.14563298637606,78.87200025320756,0.0,0.0,0.0,0.192877065186277,-0.321564226562971,0.23787751169849503,-0.276563780050753,-0.5504677646017486,-1.0649090563509966,-0.5456071394549011,-1.0600484312041492,-0.29451582832641265,-0.8089571200756607,-0.3474984060271912,-0.8619396977764392,-0.1548202223667367,-0.6692615141159848,-0.060494974,-0.5749362660048098,-0.30456395131323044,-0.8190052430624785,0.01489206219525961,-0.4995492295539884,-0.028484514211841866,-0.5429258059610899
E01026394,E01026394,West Lindsey 010B,West Lindsey,E01026394,1,2018,0.156573267618199,-0.0614974717784921,0.3538779386331309,50.314150871326554,71.03957132724808,0.0,0.0,0.0,-0.0614974717784921,-0.2180707393966911,0.2923804668546388,0.1358071992364398,-0.44379908080436004,-0.600372348422559,-0.40665175878425364,-0.5632250264024526,-0.44430447633072667,-0.6008777439489257,-0.4254329219773458,-0.5820061895955448,-0.335377357979887,-0.491950625598086,-0.321724,-0.47829726521112503,-0.36143851289729584,-0.5180117805154949,-0.2551543178499201,-0.4117275854681191,-0.23626720417459504,-0.392840471792794
E01026394,E01026394,West Lindsey 010B,West Lindsey,E01026394,1,2019,0.438620488270255,0.156573267618199,0.2180707393966911,50.314150871326554,71.03957132724808,0.0,0.0,0.0,0.156573267618199,-0.282047220652056,0.3746440070148901,-0.06397648125536493,-0.446492531567256,-0.885113019837511,-0.40831668872321036,-0.8469371769934654,-0.4199137587890768,-0.8585342470593318,-0.41726746322691677,-0.8558879514971718,-0.27342013157780237,-0.7120406198480573,-0.27332658,-0.711947064026328,-0.31487433077826754,-0.7534948190485226,-0.26151927472298425,-0.7001397629932393,-0.18505695598400587,-0.6236774442542609
E01026395,E01026395,West Lindsey 010C,West Lindsey,E01026395,1,2018,0.159968303832288,0.059486292807401,0.26266667932438703,33.868461463304286,78.64279282418171,0.0,0.0,0.0,0.059486292807401,-0.10048201102488699,0.32215297213178806,0.16218466829950007,-0.4365926175938857,-0.5965609214261737,-0.41303063371335447,-0.5729989375456425,-0.22099034985621047,-0.38095865368849846,-0.3137300651748783,-0.4736983690071663,0.08650894226726591,-0.07345936156502209,-0.03523334,-0.19520164498972437,-0.16319620273024998,-0.323164506562538,-0.06391334020997058,-0.22388164404225858,0.16863933357149186,0.008671029739203862
E01026395,E01026395,West Lindsey 010C,West Lindsey,E01026395,1,2019,0.362290716469954,0.159968303832288,0.10048201102488699,33.868461463304286,78.64279282418171,0.0,0.0,0.0,0.159968303832288,-0.20232241263766598,0.26045031485717496,-0.10184040161277902,-0.4511994082695905,-0.8134901247395445,-0.42205967684385015,-0.7843503933138041,-0.19432025652663845,-0.5566109729965925,-0.29675535095276717,-0.6590460674227212,0.0894695743503171,-0.2728211421196369,-0.0059060543,-0.36819677075437757,-0.1131315902834588,-0.4754223067534128,0.005796744281683048,-0.35649397218827095,0.16237754992259623,-0.19991316654735775
E01026405,E01026405,West Lindsey 010D,West Lindsey,E01026405,1,2018,0.0915552720017713,-0.052558290600349,0.04345009787109699,42.14083302907776,77.67391737466546,0.0,0.0,0.0,-0.052558290600349,-0.1441135626021203,-0.009108192729252007,-0.1006634647310233,-0.5631271511009126,-0.6546824231026839,-0.6621406481544795,-0.7536959201562508,-0.32126281563379505,-0.4128180876355664,-0.3823020150481851,-0.47385728704995644,-0.2098678877918287,-0.3014231597936,-0.16307686,-0.2546321346946042,-0.3773506089084463,-0.46890588091021757,0.004092362199659466,-0.08746290980211183,-0.10868327604237496,-0.20023854804414626
E01026405,E01026405,West Lindsey 010D,West Lindsey,E01026405,1,2019,0.24391026599075,0.0915552720017713,0.1441135626021203,42.14083302907776,77.67391737466546,0.0,0.0,0.0,0.0915552720017713,-0.1523549939889787,0.2356688346038916,-0.0082414313868584,-0.5696190580678924,-0.8135293240586423,-0.6661535562124775,-0.9100638222032276,-0.3451939565069207,-0.5891042224976707,-0.400135567574475,-0.644045833565225,-0.24491145581801718,-0.48882172180876715,-0.20211956,-0.4460298250403563,-0.522075976117965,-0.7659862421087149,-0.12115294300058549,-0.3650632089913355,-0.1154711932915298,-0.3593814592822798
E01026406,E01026406,West Lindsey 010E,West Lindsey,E01026406,1,2018,0.0527889320467351,-0.167687386203996,0.03474613034351498,37.63217192542504,78.0295841342272,0.0,0.0,0.0,-0.167687386203996,-0.2204763182507311,-0.13294125586048103,-0.18573018790721613,-0.6587878393257831,-0.7115767713725182,-0.7134693888524869,-0.766258320899222,-0.42352657787872383,-0.4763155099254589,-0.4571239747375009,-0.509912906784236,-0.3608307340779767,-0.4136196661247118,-0.28415218,-0.33694111200317123,-0.44790242234055083,-0.500691354387286,-0.29660566787468917,-0.3493945999214243,-0.20499176914347275,-0.25778070119020785
E01026406,E01026406,West Lindsey 010E,West Lindsey,E01026406,1,2019,0.438617867789258,0.0527889320467351,0.2204763182507311,37.63217192542504,78.0295841342272,0.0,0.0,0.0,0.0527889320467351,-0.38582893574252286,0.2732652502974662,-0.1653526174917918,-0.6560943885628874,-1.0947122563521454,-0.7118044589135303,-1.1504223267027882,-0.42352657787872383,-0.8621444456679819,-0.45689812170877503,-0.895515989498033,-0.3608307340779767,-0.7994486018672347,-0.28415218,-0.7227700477456942,-0.4428202407447488,-0.8814381085340068,-0.2867225169736473,-0.7253403847629053,-0.20635347413164853,-0.6449713419209065
E01026367,E01026367,West Lindsey 001A,West Lindsey,E01026367,1,2018,0.637065013935105,0.168389998391306,-0.244053721997162,93.59205667016307,82.27883336053374,0.0,0.0,0.0,0.168389998391306,-0.468675015543799,-0.07566372360585599,-0.712728737540961,0.013593146148394825,-0.6234718677867102,0.08973100012787324,-0.5473340138072317,0.5548006299414704,-0.08226438399363456,0.5330497017244797,-0.10401531221062521,0.5565322206765558,-0.08053279325854912,0.5622805,-0.07478453784181271,0.5852463821612186,-0.05181863177388635,0.7146979187621089,0.07763290482700391,0.6852388638285456,0.048173849893440646
E01026367,E01026367,West Lindsey 001A,West Lindsey,E01026367,1,2019,0.545708787162235,0.637065013935105,0.468675015543799,93.59205667016307,82.27883336053374,0.0,0.0,0.0,0.637065013935105,0.09135622677286992,1.105740029478904,0.5600312423166689,0.009345781483828225,-0.5363630056784068,0.08710553368567236,-0.45860325347656267,0.5548006299414704,0.00909184277923536,0.5330497017244797,-0.01265908543775529,0.5565322206765558,0.010823433514320802,0.5622805,0.016571688931057205,0.5852463821612186,0.03953759499898357,0.6488579700071663,0.10314918284493124,0.685487804711696,0.13977901754946098
E01026368,E01026368,West Lindsey 001B,West Lindsey,E01026368,1,2018,-0.73902410587495,-0.622802032118588,-0.18502874236709,93.94351537328899,82.39135418612028,0.0,0.0,0.0,-0.622802032118588,0.11622207375636207,-0.807830774485678,-0.06880666861072793,-0.761994108254197,-0.022970002379246957,-0.6298397197348132,0.10918438614013681,-0.5629905651748497,0.17603354070010035,-0.5704164708647377,0.16860763501021236,-0.42565072298747053,0.3133733828874795,-0.45509976,0.2839243443888966,-0.49671022596936587,0.24231387990558417,-0.3935681635172399,0.34545594235771016,-0.40231439852922024,0.3367097073457298
E01026368,E01026368,West Lindsey 001B,West Lindsey,E01026368,1,2019,-0.43701568540848,-0.73902410587495,-0.11622207375636207,93.94351537328899,82.39135418612028,0.0,0.0,0.0,-0.73902410587495,-0.30200842046647003,-0.8552461796313121,-0.4182304942228321,-0.7733549454464119,-0.3363392600379319,-0.6368623088363099,-0.19984662342782988,-0.5627749706335932,-0.12575928522511315,-0.5570614985658374,-0.1200458131573574,-0.4291548680865336,0.007860817321946434,-0.45543563,-0.01841994825088278,-0.4881811433515008,-0.0511654579430208,-0.42004387306663615,0.01697181234184386,-0.4036880758484316,0.03332760956004843
E01026387,E01026387,West Lindsey 001C,West Lindsey,E01026387,1,2018,-0.553108349563035,-0.594593063262474,0.3052541731049381,92.30495292902086,83.66273909815956,0.0,0.0,0.0,-0.594593063262474,-0.04148471369943896,-0.2893388901575359,0.2637694594054991,-0.4748219387653889,0.07828641079764609,-0.5447646670499346,0.008343682513100359,-0.7335838491344173,-0.18047549957138231,-0.8026094544726011,-0.24950110490956612,-0.690649652160879,-0.13754130259784403,-0.81886894,-0.2657605855451498,-0.5484879529960642,0.004620396566970775,-0.8082459440290399,-0.2551375944660049,-0.6273522908884624,-0.07424394132542744
E01026387,E01026387,West Lindsey 001C,West Lindsey,E01026387,1,2019,-0.283245265674588,-0.553108349563035,0.04148471369943896,92.30495292902086,83.66273909815956,0.0,0.0,0.0,-0.553108349563035,-0.269863083888447,-0.511623635863596,-0.22837837018900803,-0.4794146176303269,-0.19616935195573887,-0.547603586048412,-0.26435832037382395,-0.7358799881183238,-0.45263472244373576,-0.8026094544726011,-0.5193641887980132,-0.690649652160879,-0.407404386486291,-0.81886894,-0.5356236694335967,-0.5484879529960642,-0.2652426873214762,-0.7495099258851339,-0.46626466021054586,-0.6270831109091209,-0.3438378452345329
E01026416,E01026416,West Lindsey 001D,West Lindsey,E01026416,1,2018,0.229763512873784,0.16107867530168,0.269293988194939,91.9677837815241,83.55657142648523,0.0,0.0,0.0,0.16107867530168,-0.068684837572104,0.43037266349661896,0.20060915062283496,-0.2395523367828671,-0.4693158496566511,-0.19814508970218198,-0.42790860257596597,0.017053420844782872,-0.21271009202900112,-0.1208510487697899,-0.3506145616435739,0.04443985078754831,-0.18532366208623569,-0.010323815,-0.24008732792152493,-0.05536474555888407,-0.2851282584326681,0.034439150036220785,-0.19532436283756321,0.16245169754717967,-0.06731181532660432
E01026416,E01026416,West Lindsey 001D,West Lindsey,E01026416,1,2019,0.181730310124528,0.229763512873784,0.068684837572104,91.9677837815241,83.55657142648523,0.0,0.0,0.0,0.229763512873784,0.04803320274925599,0.298448350445888,0.11671804032136002,-0.2395523367828671,-0.42128264690739514,-0.19814508970218198,-0.37987539982671,0.017053420844782872,-0.16467688927974514,-0.1208510487697899,-0.3025813588943179,0.04443985078754831,-0.1372904593369797,-0.010323815,-0.19205412517226894,-0.05536474555888407,-0.23709505568341208,0.034439150036220785,-0.14729116008830723,0.16245169754717967,-0.019278612577348336
E01032683,E01032683,West Lindsey 001G,West Lindsey,E01032683,1,2018,-0.224159001211777,-0.90495184623111,-0.26458851052797505,94.11764706000001,82.35294118,0.0,0.0,0.0,-0.90495184623111,-0.680792845019333,-1.169540356759085,-0.945381355547308,-0.7639281249019274,-0.5397691236901504,-0.5517972695316329,-0.3276382683198559,-0.6946268769524495,-0.4704678757406725,-0.734010048948312,-0.509851047736535,-0.6535807906021863,-0.4294217893904093,-0.6692329,-0.44507390369926425,-0.5568218028851949,-0.3326628016734179,-0.7344317546024488,-0.5102727533906718,-0.5542252337141241,-0.3300662325023471
E01032683,E01032683,West Lindsey 001G,West Lindsey,E01032683,1,2019,-0.135634684632336,-0.224159001211777,0.680792845019333,94.11764706000001,82.35294118,0.0,0.0,0.0,-0.224159001211777,-0.08852431657944101,0.456633843807556,0.592268528439892,-0.7552607384726084,-0.6196260538402725,-0.5464396103690929,-0.410804925736757,-0.692312215786666,-0.55667753115433,-0.7294597407083111,-0.5938250560759751,-0.6535807906021863,-0.5179461059698504,-0.6692329,-0.5335982202787053,-0.5553094338760236,-0.41967474924368764,-0.7089213001549416,-0.5732866155226056,-0.5547332350285205,-0.4190985503961845
E01026380,E01026380,West Lindsey 002A,West Lindsey,E01026380,1,2018,0.541542676068239,0.420004119200206,0.280409306067589,36.33916911214863,47.4767846428992,0.0,0.0,0.0,0.420004119200206,-0.121538556868033,0.700413425267795,0.15887074919955602,-0.06464367995872994,-0.6061863560269689,-0.13687349637916904,-0.678416172447408,-0.09574399525899695,-0.6372866713272359,-0.1492343773450959,-0.690777053413335,0.05858195755259502,-0.482960718515644,0.1163425,-0.42520017621605855,-0.030777498276593908,-0.572320174344833,0.11339760076733861,-0.4281450753009004,0.16873609783412538,-0.3728065782341137
E01026380,E01026380,West Lindsey 002A,West Lindsey,E01026380,1,2019,0.887142993306853,0.541542676068239,0.121538556868033,36.33916911214863,47.4767846428992,0.0,0.0,0.0,0.541542676068239,-0.34560031723861395,0.6630812329362721,-0.2240617603705809,-0.06464367995872994,-0.9517866732655829,-0.13687349637916904,-1.024016489686022,-0.09574399525899695,-0.9828869885658499,-0.1492343773450959,-1.0363773706519488,0.05858195755259502,-0.828561035754258,0.1163425,-0.7708004934546725,-0.030777498276593908,-0.9179204915834469,0.11339760076733861,-0.7737453925395144,0.16873609783412538,-0.7184068954727276
E01026401,E01026401,West Lindsey 002B,West Lindsey,E01026401,1,2018,0.0349448859787578,-0.127344426697278,-0.005760638762805997,46.198537844,59.654864296999996,0.0,0.0,0.0,-0.127344426697278,-0.1622893126760358,-0.133105065460084,-0.1680499514388418,-0.6351657961044226,-0.6701106820831804,-0.6306808452270333,-0.665625731205791,-0.33966555824988587,-0.37461044422864365,-0.3500918134027976,-0.3850366993815554,-0.2765330406506265,-0.3114779266293843,-0.23485588,-0.26980076135164444,-0.3163159141214934,-0.3512608001002512,-0.14240854893470362,-0.17735343491346142,-0.19381691138451465,-0.22876179736327246
E01026401,E01026401,West Lindsey 002B,West Lindsey,E01026401,1,2019,0.321380656382696,0.0349448859787578,0.1622893126760358,46.198537844,59.654864296999996,0.0,0.0,0.0,0.0349448859787578,-0.2864357704039382,0.1972341986547936,-0.12414645772790237,-0.6307457743396703,-0.9521264307223662,-0.6279486525066942,-0.9493293088893902,-0.33966555824988587,-0.6610462146325818,-0.3486170621584922,-0.6699977185411882,-0.2765330406506265,-0.5979136970333225,-0.23485588,-0.5562365317555826,-0.3163159141214934,-0.6376965705041894,-0.14227782789523274,-0.4636584842779287,-0.19407597181576067,-0.5154566281984566
E01026402,E01026402,West Lindsey 002C,West Lindsey,E01026402,1,2018,0.0466354540113273,-0.184177149552664,0.305958373231061,44.66125229277778,55.638342361111114,0.0,0.0,0.0,-0.184177149552664,-0.2308126035639913,0.121781223678397,0.0751457696670697,-0.7058369586011042,-0.7524724126124315,-0.5339258542577994,-0.5805613082691267,-0.4950073527159504,-0.5416428067272777,-0.5485545832476513,-0.5951900372589786,-0.4077160914748018,-0.4543515454861291,-0.46129185,-0.507927303624517,-0.46355408716827834,-0.5101895411796057,-0.42462518656288406,-0.47126064057421135,-0.34290010989227027,-0.38953556390359756
E01026402,E01026402,West Lindsey 002C,West Lindsey,E01026402,1,2019,0.432197706015579,0.0466354540113273,0.2308126035639913,44.66125229277778,55.638342361111114,0.0,0.0,0.0,0.0466354540113273,-0.3855622520042517,0.2774480575753186,-0.1547496484402604,-0.7062168042215125,-1.1384145102370915,-0.5341606520697035,-0.9663583580852826,-0.4950073527159504,-0.9272050587315295,-0.5485545832476513,-0.9807522892632303,-0.4077160914748018,-0.8399137974903808,-0.46129185,-0.8934895556287688,-0.46582702276647886,-0.8980247287820579,-0.4152294655757781,-0.847427171591357,-0.3412677492344701,-0.7734654552500491
E01026403,E01026403,West Lindsey 002D,West Lindsey,E01026403,1,2018,0.903235932789199,0.402993926980295,-0.21748131883920796,37.67403388317391,52.55452397391304,0.0,0.0,0.0,0.402993926980295,-0.500242005808904,0.18551260814108705,-0.717723324648112,-0.02848557421980745,-0.9317215070090065,-0.11307383994940558,-1.0163097727386046,0.02613073482120929,-0.8771051979679897,-0.03290272866371358,-0.9361386614529126,0.06733836315342905,-0.83589756963577,0.24326807,-0.659967860184066,-0.03662107966787309,-0.9398570124570721,0.36189188570453173,-0.5413440470846673,0.24609256640538751,-0.6571433663838115
E01026403,E01026403,West Lindsey 002D,West Lindsey,E01026403,1,2019,0.63942110789834,0.903235932789199,0.500242005808904,37.67403388317391,52.55452397391304,0.0,0.0,0.0,0.903235932789199,0.26381482489085906,1.4034779385981029,0.7640568306997629,-0.02848557421980745,-0.6679066821181474,-0.11307383994940558,-0.7524949478477455,0.02613073482120929,-0.6132903730771306,-0.03290272866371358,-0.6723238365620535,0.06733836315342905,-0.5720827447449109,0.24326807,-0.3961530352932069,-0.03662107966787309,-0.676042187566213,0.36189188570453173,-0.2775292221938082,0.24609256640538751,-0.39332854149295243
E01026407,E01026407,West Lindsey 002E,West Lindsey,E01026407,1,2018,0.401996795448575,0.212302958113086,0.348605902456645,52.838264073523035,55.86532098292683,0.0,0.0,0.0,0.212302958113086,-0.18969383733548897,0.560908860569731,0.15891206512115602,-0.008642610719604552,-0.4106394061681795,-0.03809600369901195,-0.4400927991475869,-0.1908774282501453,-0.5928742236987203,-0.2555304823742242,-0.6575272778227992,-0.06355284988163203,-0.465549645330207,-0.059648428,-0.4616452235608434,-0.10921770105419337,-0.5112144965027683,-0.03566445554913444,-0.4376612509977094,0.007631235642231039,-0.3943655598063439
E01026407,E01026407,West Lindsey 002E,West Lindsey,E01026407,1,2019,0.344150873288843,0.401996795448575,0.18969383733548897,52.838264073523035,55.86532098292683,0.0,0.0,0.0,0.401996795448575,0.057845922159732,0.591690632784064,0.247539759495221,-0.008504485039455958,-0.3526553583282989,-0.03801062267650135,-0.3821614959653443,-0.1908774282501453,-0.5350283015389883,-0.2555304823742242,-0.5996813556630671,-0.06355284988163203,-0.407703723170475,-0.059648428,-0.4037993014011114,-0.10921770105419337,-0.45336857434303635,-0.03566445554913444,-0.3798153288379774,0.007623140003754601,-0.3365277332850884
E01026408,E01026408,West Lindsey 002F,West Lindsey,E01026408,1,2018,1.06276709810751,0.7358986046735,-0.06509753532924101,36.38397073502882,48.91733491056196,0.0,0.0,0.0,0.7358986046735,-0.3268684934340099,0.670801069344259,-0.39196602876325093,0.23892227131190297,-0.8238448267956069,0.16445665830672176,-0.8983104398007882,0.3167424553299472,-0.7460246427775628,0.35165790509051914,-0.7111091930169908,0.6467978623325762,-0.4159692357749337,0.68395394,-0.3788131572391322,0.29090159653901443,-0.7718655015684954,0.581860170553302,-0.48090692755420794,0.851036333488731,-0.21173076461877893
E01026408,E01026408,West Lindsey 002F,West Lindsey,E01026408,1,2019,1.44546691430216,1.06276709810751,0.3268684934340099,36.38397073502882,48.91733491056196,0.0,0.0,0.0,1.06276709810751,-0.38269981619465,1.38963559154152,-0.055831322760639956,0.24002727675309105,-1.2054396375490688,0.1651397064868065,-1.2803272078153534,0.3205415290922087,-1.1249253852099512,0.35165790509051914,-1.0938090092116408,0.6467978623325762,-0.7986690519695837,0.68395394,-0.7615129734337822,0.2977244895194256,-1.1477424247827344,0.5917173782733829,-0.853749536028777,0.8505105615712585,-0.5949563527309014
E01026389,E01026389,West Lindsey 003A,West Lindsey,E01026389,1,2018,0.961106599031784,0.900090770038921,0.33196232671895,90.00703333267106,87.06019201118652,0.0,0.0,0.0,0.900090770038921,-0.06101582899286295,1.2320530967578711,0.27094649772608714,0.43005374619960807,-0.5310528528321758,0.3014243566011313,-0.6596822424306527,0.4269468289059364,-0.5341597701258476,0.4548475716864054,-0.5062590273453786,0.5558463531353057,-0.40526024589647824,0.4828819,-0.4782246953834075,0.5944825373966627,-0.3666240616351213,0.6087068133625331,-0.3523997856692509,0.5779349147583686,-0.3831716842734154
E01026389,E01026389,West Lindsey 003A,West Lindsey,E01026389,1,2019,1.28188022830677,0.961106599031784,0.06101582899286295,90.00703333267106,87.06019201118652,0.0,0.0,0.0,0.961106599031784,-0.3207736292749861,1.0221224280246468,-0.25975780028212325,0.43005374619960807,-0.8518264821071619,0.3014243566011313,-0.9804558717056387,0.4269468289059364,-0.8549333994008337,0.4548475716864054,-0.8270326566203647,0.5558463531353057,-0.7260338751714643,0.4828819,-0.7989983246583936,0.5944825373966627,-0.6873976909101074,0.6087068133625331,-0.673173414944237,0.5779349147583686,-0.7039453135484015
E01026390,E01026390,West Lindsey 003B,West Lindsey,E01026390,1,2018,0.653382262133391,0.251142872737386,0.15721045376152498,89.88818356120365,86.82446161466414,0.0,0.0,0.0,0.251142872737386,-0.402239389396005,0.408353326498911,-0.24502893563448003,-0.18260000137929444,-0.8359822635126855,-0.0999355200478139,-0.7533177821812049,0.21166550061340336,-0.4417167615199876,0.12857848864742433,-0.5248037734859667,0.2358166131373653,-0.4175656489960257,0.19208735,-0.4612949098575426,0.27095876231105603,-0.382423499822335,0.21027042864565879,-0.4431118334877322,0.2886696209931997,-0.3647126411401913
E01026390,E01026390,West Lindsey 003B,West Lindsey,E01026390,1,2019,0.874073139780769,0.653382262133391,0.402239389396005,89.88818356120365,86.82446161466414,0.0,0.0,0.0,0.653382262133391,-0.22069087764737794,1.0556216515293961,0.18154851174862718,-0.18339422404014838,-1.0574673638209173,-0.10042646092724984,-0.9744996007080188,0.21166550061340336,-0.6624076391673656,0.12857848864742433,-0.7454946511333447,0.22282777878648424,-0.6512453609942848,0.16251798,-0.7115551600396725,0.21322002969616616,-0.6608531100846028,0.17912964745099977,-0.6949434923297692,0.28290090432323456,-0.5911722354575344
E01026391,E01026391,West Lindsey 003C,West Lindsey,E01026391,1,2018,-0.0805033280879569,0.100926047349444,0.400401800434171,87.95999457555756,86.08649758504495,0.0,0.0,0.0,0.100926047349444,0.1814293754374009,0.501327847783615,0.581831175871572,-0.6584609290658845,-0.5779576009779276,-0.5537596247726834,-0.47325629668472646,-0.4847671603516738,-0.40426383226371687,-0.509095540818489,-0.42859221273053205,-0.38808870852359356,-0.30758538043563666,-0.35434037,-0.2738370463818002,-0.44016715348085955,-0.35966382539290265,-0.3245571916476029,-0.24405386355964598,-0.31148832985620767,-0.23098500176825076
E01026391,E01026391,West Lindsey 003C,West Lindsey,E01026391,1,2019,-0.0901079732335652,-0.0805033280879569,-0.1814293754374009,87.95999457555756,86.08649758504495,0.0,0.0,0.0,-0.0805033280879569,0.009604645145608298,-0.2619327035253578,-0.1718247302917926,-0.6602565629078152,-0.57014858967425,-0.5548695780653211,-0.4647616048317559,-0.4826941358033683,-0.39258616256980305,-0.509095540818489,-0.4189875675849237,-0.38808870852359356,-0.29798073529002833,-0.35434037,-0.26423240123619185,-0.44016715348085955,-0.3500591802472943,-0.3245571916476029,-0.23444921841403768,-0.2920042650601865,-0.2018962918266213
E01026392,E01026392,West Lindsey 003D,West Lindsey,E01026392,1,2018,-0.0530966982487166,-0.129256950900823,0.304538104313593,90.12736390058137,86.93902212141106,0.0,0.0,0.0,-0.129256950900823,-0.07616025265210641,0.17528115341277,0.2283778516614866,-0.6043236264385143,-0.5512269281897977,-0.5208639041632143,-0.46776720591449766,-0.5501970477379089,-0.4971003494891923,-0.5876869153489016,-0.5345902171001851,-0.43973336470376645,-0.38663666645504985,-0.43504247,-0.38194577244487166,-0.45749861283233495,-0.40440191458361835,-0.502105448762407,-0.44900875051369044,-0.39982536438622285,-0.34672866613750625
E01026392,E01026392,West Lindsey 003D,West Lindsey,E01026392,1,2019,0.039897962652608,-0.0530966982487166,0.07616025265210641,90.12736390058137,86.93902212141106,0.0,0.0,0.0,-0.0530966982487166,-0.0929946609013246,0.023063554403389808,-0.01683440824921819,-0.6056012889798881,-0.6454992516324961,-0.5216536786214373,-0.5615516412740453,-0.5501970477379089,-0.5900950103905169,-0.5876869153489016,-0.6275848780015096,-0.43973336470376645,-0.4796313273563744,-0.43504247,-0.47494043334619623,-0.45749861283233495,-0.4973965754849429,-0.45594800048476897,-0.49584596313737694,-0.39975047973031574,-0.4396484423829237
E01026415,E01026415,West Lindsey 003E,West Lindsey,E01026415,1,2018,0.0701335933689116,0.0743375002534509,0.31888346472752394,70.54942247010801,77.41186485794779,0.0,0.0,0.0,0.0743375002534509,0.004203906884539296,0.3932209649809748,0.3230873716120632,0.16405326801261025,0.09391967464369864,-0.002160631377008934,-0.07229422474592054,-0.31683223587492504,-0.38696582924383666,-0.35056862586710424,-0.42070221923601586,-0.1623035393397005,-0.2324371327086121,-0.19245982,-0.2625934150699614,-0.060535818900623595,-0.1306694122695352,-0.19034771357391278,-0.2604813069428244,-0.13879276208843636,-0.20892635545734795
E01026415,E01026415,West Lindsey 003E,West Lindsey,E01026415,1,2019,0.402001179719357,0.0701335933689116,-0.004203906884539296,70.54942247010801,77.41186485794779,0.0,0.0,0.0,0.0701335933689116,-0.3318675863504454,0.06592968648437231,-0.3360714932349847,0.16270654263116224,-0.23929463708819476,-0.00299309634648727,-0.40499427606584426,-0.31683223587492504,-0.718833415594282,-0.3538906925912737,-0.7558918723106307,-0.1623035393397005,-0.5643047190590575,-0.19245982,-0.5944610014204068,-0.060535818900623595,-0.4625369986199806,-0.26544318910801723,-0.6674443688273742,-0.1387138296132911,-0.540715009332648
E01026378,E01026378,West Lindsey 004A,West Lindsey,E01026378,1,2018,0.684477757659837,0.450445048689938,-0.271900654041688,36.15856960215632,47.06783734414634,0.0,0.0,0.0,0.450445048689938,-0.23403270896989897,0.17854439464825,-0.505933363011587,0.662021026100023,-0.02245673155981398,0.5383923061786983,-0.14608545148113872,0.4473480779672755,-0.2371296796925615,0.42128497702816037,-0.2631927806316766,0.5313459340409096,-0.1531318236189274,0.6233687,-0.06110907718269465,0.595451323603147,-0.08902643405668997,0.4706335966806879,-0.2138441609791491,0.6531039820692347,-0.03137377559060228
E01026378,E01026378,West Lindsey 004A,West Lindsey,E01026378,1,2019,1.26821809362572,0.684477757659837,0.23403270896989897,36.15856960215632,47.06783734414634,0.0,0.0,0.0,0.684477757659837,-0.5837403359658829,0.9185104666297359,-0.349707626995984,0.662021026100023,-0.6061970675256969,0.5383923061786983,-0.7298257874470216,0.4473480779672755,-0.8208700156584444,0.42128497702816037,-0.8469331165975595,0.5313459340409096,-0.7368721595848103,0.6233687,-0.6448494131485776,0.595451323603147,-0.6727667700225729,0.4706335966806879,-0.7975844969450321,0.6531039820692347,-0.6151141115564852
E01026379,E01026379,West Lindsey 004B,West Lindsey,E01026379,1,2018,0.867151829743701,0.753940247284196,0.33170217335168495,36.2185739729531,46.93952741240938,0.0,0.0,0.0,0.753940247284196,-0.11321158245950502,1.0856424206358808,0.21849059089217981,0.5752616319030817,-0.2918901978406193,0.39216682056396435,-0.47498500917973663,0.20229303958587372,-0.6648587901578272,0.1950513771652203,-0.6721004525784806,0.3694956684842836,-0.49765616125941736,0.3838929,-0.48325893595250224,0.4316071634764802,-0.43554466626722077,0.3227290590372143,-0.5444227707064866,0.45342622071462124,-0.41372560902907973
E01026379,E01026379,West Lindsey 004B,West Lindsey,E01026379,1,2019,0.951312106848994,0.867151829743701,0.11321158245950502,36.2185739729531,46.93952741240938,0.0,0.0,0.0,0.867151829743701,-0.08416027710529306,0.980363412203206,0.029051305354211965,0.5747781920225619,-0.37653391482643217,0.3918679869851772,-0.5594441198638168,0.20229303958587372,-0.7490190672631203,0.1950513771652203,-0.7562607296837738,0.3694956684842836,-0.5818164383647104,0.39205813,-0.5592539727700145,0.4316071634764802,-0.5197049433725138,0.34390922426690324,-0.6074028825820907,0.4534545554492887,-0.49785755139970533
E01026381,E01026381,West Lindsey 004C,West Lindsey,E01026381,1,2018,1.34845108423624,0.599189370753857,-0.7227769685413731,36.69900698908818,48.56445731634674,0.0,0.0,0.0,0.599189370753857,-0.749261713482383,-0.12358759778751605,-1.472038682023756,0.7482077140194723,-0.6002433702167678,0.7211148625834197,-0.6273362216528203,0.7581331687526315,-0.5903179154836086,0.7480624067849712,-0.6003886774512689,0.9754130196011416,-0.3730380646350985,1.0172286,-0.33122248087320294,0.8996613766499758,-0.44878970758626424,0.997124354081664,-0.35132673015457605,0.9757681520745528,-0.37268293216168724
E01026381,E01026381,West Lindsey 004C,West Lindsey,E01026381,1,2019,1.42044564588284,1.34845108423624,0.749261713482383,36.69900698908818,48.56445731634674,0.0,0.0,0.0,1.34845108423624,-0.07199456164660001,2.097712797718623,0.6772671518357831,0.7482077140194723,-0.6722379318633678,0.7211148625834197,-0.6993307832994203,0.7581331687526315,-0.6623124771302086,0.7480624067849712,-0.6723832390978689,0.9754130196011416,-0.4450326262816985,1.0172286,-0.40321704251980295,0.8996613766499758,-0.5207842692328642,0.997124354081664,-0.42332129180117606,0.9757681520745528,-0.44467749380828725
E01026382,E01026382,West Lindsey 004D,West Lindsey,E01026382,1,2018,1.60633583544833,1.12590242829512,-0.1975057196394301,38.972505274595406,47.27077691221302,0.0,0.0,0.0,1.12590242829512,-0.4804334071532099,0.9283967086556899,-0.67793912679264,0.5451621055678701,-1.0611737298804598,0.4238175833675528,-1.182518252080777,0.9543299073598551,-0.6520059280884748,0.8147961450348875,-0.7915396904134424,1.1381633469359875,-0.4681724885123424,1.1332921,-0.4730437564764671,0.8215555694479315,-0.7847802660003984,0.8748020381200992,-0.7315337973282308,1.266133302256106,-0.3402025331922238
E01026382,E01026382,West Lindsey 004D,West Lindsey,E01026382,1,2019,2.07647700798778,1.60633583544833,0.4804334071532099,38.972505274595406,47.27077691221302,0.0,0.0,0.0,1.60633583544833,-0.47014117253945,2.08676924260154,0.010292234613760165,0.5463707052691695,-1.5301063027186104,0.4245646673145206,-1.6519123406732592,0.9679975743814894,-1.1084794336062904,0.8172310959662188,-1.259245912021561,1.157875949423524,-0.9186010585642559,1.1413002,-0.9351768065717643,0.8677539242390213,-1.2087230837487586,0.929284245238707,-1.1471927627490728,1.2644413844296973,-0.8120356235580826
E01026383,E01026383,West Lindsey 004E,West Lindsey,E01026383,1,2018,2.03239690689147,2.29543132384635,1.05268758173081,35.64941656096204,44.179481052310216,0.0,0.0,0.0,2.29543132384635,0.26303441695488017,3.34811890557716,1.31572199868569,1.49010702655166,-0.5422898803398097,1.5698189467527657,-0.4625779601387041,1.241268317629136,-0.7911285892623339,1.237383970741332,-0.7950129361501377,1.396594947918614,-0.6358019589728559,1.3145238,-0.7178730907827662,1.2372000604496456,-0.7951968464418242,1.3462918270606303,-0.6861050798308395,1.3338561182775375,-0.6985407886139323
E01026383,E01026383,West Lindsey 004E,West Lindsey,E01026383,1,2019,1.89911251854507,2.03239690689147,-0.26303441695488017,35.64941656096204,44.179481052310216,0.0,0.0,0.0,2.03239690689147,0.13328438834639988,1.7693624899365896,-0.12975002860848028,1.4912810948329223,-0.40783142371214764,1.5705446854441056,-0.32856783310096427,1.241268317629136,-0.657844200915934,1.2416764901478046,-0.6574360283972653,1.396594947918614,-0.502517570626456,1.3312278,-0.5678847391566422,1.2372000604496456,-0.6619124580954243,1.3462918270606303,-0.5528206914844396,1.3337873053504878,-0.5653252131945821
E01026384,E01026384,West Lindsey 004F,West Lindsey,E01026384,1,2018,1.91950673870142,2.20945246061718,1.18103342830368,35.98574556338999,45.09945989319707,0.0,0.0,0.0,2.20945246061718,0.2899457219157602,3.3904858889208604,1.4709791502194405,1.304264450602576,-0.615242288098844,1.1047932070764668,-0.8147135316249532,1.0616500369380961,-0.8578567017633238,0.8938222730545479,-1.0256844656468722,1.049373253672833,-0.8701334850285869,1.0610559,-0.8584508400350381,1.0918062172052443,-0.8277005214961757,0.9558654625736386,-0.9636412761277814,1.1309273865287448,-0.7885793521726752
E01026384,E01026384,West Lindsey 004F,West Lindsey,E01026384,1,2019,2.06565125231932,1.91950673870142,-0.2899457219157602,35.98574556338999,45.09945989319707,0.0,0.0,0.0,1.91950673870142,-0.14614451361790004,1.6295610167856598,-0.4360902355336602,1.297254572335039,-0.768396679984281,1.100460120184054,-0.965191132135266,1.0585695488229008,-1.0070817034964192,0.8840439620633613,-1.1816072902559587,1.049373253672833,-1.016277998646487,1.0679497,-0.997701599647506,1.0918062172052443,-0.9738450351140757,1.050999329835391,-1.014651922483929,1.1307450173107245,-0.9349062350085955
E01026385,E01026385,West Lindsey 005A,West Lindsey,E01026385,1,2018,0.0478339991511075,0.154411271873721,0.003849585072181999,83.92062320688208,72.92386225351474,0.0,0.0,0.0,0.154411271873721,0.1065772727226135,0.158260856945903,0.1104268577947955,-0.2242266327167199,-0.27206063186782736,-0.22814317537016648,-0.27597717452127396,-0.08001371095876554,-0.12784771010987303,-0.12935943522879498,-0.17719343437990248,-0.0889211400517259,-0.1367551392028334,-0.0065837624,-0.05441776150625629,-0.16902110472202886,-0.21685510387313636,-0.053267211452466635,-0.10110121060357413,0.006642718561053751,-0.041191280590053746
E01026385,E01026385,West Lindsey 005A,West Lindsey,E01026385,1,2019,0.235722672492334,0.0478339991511075,-0.1065772727226135,83.92062320688208,72.92386225351474,0.0,0.0,0.0,0.0478339991511075,-0.1878886733412265,-0.058743273571506,-0.29446594606384,-0.22681648921950437,-0.4625391617118384,-0.22974406954224014,-0.46546674203457417,-0.10321695520353,-0.338939627695864,-0.13194661676641373,-0.36766928925874776,-0.0889211400517259,-0.3246438125440599,-0.0065837624,-0.2423064348474828,-0.16902110472202886,-0.40474377721436283,-0.053267211452466635,-0.28898988394480063,0.006794511782486939,-0.22892816070984706
E01026386,E01026386,West Lindsey 005B,West Lindsey,E01026386,1,2018,0.835252478213207,0.584219000391449,0.26186339892902705,79.16026575233118,86.16777093212218,0.0,0.0,0.0,0.584219000391449,-0.251033477821758,0.846082399320476,0.010829921107268992,-0.05512927426934081,-0.8903817524825478,-0.07688776115014297,-0.91214023936335,0.16737331233978858,-0.6678791658734184,0.204103339742383,-0.631149138470824,0.23926065629640644,-0.5959918219168006,0.29258952,-0.5426629627655905,0.13339669739462795,-0.701855780818579,0.28391034179522434,-0.5513421364179827,0.3614125822848119,-0.47383989592839515
E01026386,E01026386,West Lindsey 005B,West Lindsey,E01026386,1,2019,0.695496644905649,0.835252478213207,0.251033477821758,79.16026575233118,86.16777093212218,0.0,0.0,0.0,0.835252478213207,0.13975583330755803,1.0862859560349651,0.39078931112931614,-0.05692490811127141,-0.7524215530169204,-0.07799771444278072,-0.7734943593484297,0.16737331233978858,-0.5281233325658604,0.204103339742383,-0.49139330516326596,0.23926065629640644,-0.4562359886092425,0.29258952,-0.4029071294580324,0.13339669739462795,-0.5620999475110211,0.2832600964723729,-0.4122365484332761,0.36151782558500556,-0.33397881932064344
E01026399,E01026399,West Lindsey 005C,West Lindsey,E01026399,1,2018,0.252143289580649,0.0888610474324018,-0.0853546332404602,81.4207963318158,83.97643495328289,0.0,0.0,0.0,0.0888610474324018,-0.16328224214824721,0.003506414191941587,-0.24863687538870743,-0.5558892067611916,-0.8080324963418406,-0.4946768234243756,-0.7468201130050246,-0.1677606412973088,-0.41990393087795785,-0.2158521448234311,-0.4679954344040801,-0.0443072826040215,-0.2964505721846705,-0.005058677,-0.2572019665163814,-0.25839559066066353,-0.5105388802413126,0.01905876644732757,-0.23308452313332145,0.06351915048203467,-0.18862413909861436
E01026399,E01026399,West Lindsey 005C,West Lindsey,E01026399,1,2019,0.335587865765656,0.252143289580649,0.16328224214824721,81.4207963318158,83.97643495328289,0.0,0.0,0.0,0.252143289580649,-0.083444576185007,0.41542553172889624,0.07983766596324021,-0.5590660974046073,-0.8946539631702634,-0.4966405869421193,-0.8322284527077753,-0.1677606412973088,-0.5033485070629649,-0.21838871969661136,-0.5539765854622674,-0.0443072826040215,-0.3798951483696775,-0.005058677,-0.3406465427013884,-0.25839559066066353,-0.5939834564263196,0.05008447188738198,-0.28550339387827406,0.06370535016699272,-0.2718825155986633
E01026411,E01026411,West Lindsey 005D,West Lindsey,E01026411,1,2018,0.196674134582384,-0.0043786420598063,0.23621335004019672,81.31707569270766,87.45971001951811,0.0,0.0,0.0,-0.0043786420598063,-0.2010527766421903,0.23183470798039044,0.035160573398006434,-0.36045272131980316,-0.5571268559021871,-0.4579004919705465,-0.6545746265529305,-0.39708035207054226,-0.5937544866529263,-0.4113135515933375,-0.6079876861757215,-0.28953211734859646,-0.48620625193098044,-0.2683308,-0.46500494703660766,-0.3319648946018003,-0.5286390291841843,-0.19746806857712698,-0.394142203159511,-0.24938002021450986,-0.44605415479689386
E01026411,E01026411,West Lindsey 005D,West Lindsey,E01026411,1,2019,0.289380397136313,0.196674134582384,0.2010527766421903,81.31707569270766,87.45971001951811,0.0,0.0,0.0,0.196674134582384,-0.09270626255392897,0.39772691122457426,0.10834651408826129,-0.3615231953409541,-0.650903592477267,-0.4585621948950036,-0.7479425920313165,-0.39708035207054226,-0.6864607492068553,-0.4113135515933375,-0.7006939487296504,-0.28953211734859646,-0.5789125144849094,-0.2683308,-0.5577112095905365,-0.3319648946018003,-0.6213452917381133,-0.2173859501017364,-0.5067663472380494,-0.2545703278222804,-0.5439507249585933
E01026374,E01026374,West Lindsey 006A,West Lindsey,E01026374,1,2018,1.14309103873362,0.697074588476206,0.12119902755023293,36.27153030288928,46.68099050271167,0.0,0.0,0.0,0.697074588476206,-0.446016450257414,0.8182736160264389,-0.32481742270718106,0.5959099880864338,-0.5471810506471861,0.7724367733995662,-0.37065426533405377,0.4256609741905358,-0.7174300645430842,0.39109131814503983,-0.7519997205885801,0.6646381939798118,-0.4784528447538081,0.58630955,-0.556781486540932,0.575437790414577,-0.567653248319043,0.4338850640762115,-0.7092059746574084,0.7188905768102628,-0.42420046192335714
E01026374,E01026374,West Lindsey 006A,West Lindsey,E01026374,1,2019,1.4333308534531,1.14309103873362,0.446016450257414,36.27153030288928,46.68099050271167,0.0,0.0,0.0,1.14309103873362,-0.29023981471948,1.589107488991034,0.15577663553793397,0.5959099880864338,-0.8374208653666662,0.7724367733995662,-0.6608940800535338,0.4256609741905358,-1.0076698792625642,0.39109131814503983,-1.04223953530806,0.6646381939798118,-0.7686926594732881,0.58630955,-0.847021301260412,0.575437790414577,-0.857893063038523,0.4338850640762115,-0.9994457893768884,0.7188905768102628,-0.7144402766428372
E01026375,E01026375,West Lindsey 006B,West Lindsey,E01026375,1,2018,1.99276163387391,1.42166043047604,0.4853912338799171,36.70546352701011,46.37326822193548,0.0,0.0,0.0,1.42166043047604,-0.57110120339787,1.9070516643559572,-0.08570996951795284,0.29872548520508163,-1.6940361486688285,0.37080694347040033,-1.6219546904035096,0.8188972160284872,-1.1738644178454227,0.8074076053395728,-1.1853540285343374,0.9085347083664663,-1.0842269255074437,0.9253256,-1.067436061383218,0.727765862771754,-1.264995771102156,1.01024092381467,-0.9825207100592401,0.9599809158171909,-1.0327807180567192
E01026375,E01026375,West Lindsey 006B,West Lindsey,E01026375,1,2019,2.17754775295849,1.99276163387391,0.57110120339787,36.70546352701011,46.37326822193548,0.0,0.0,0.0,1.99276163387391,-0.18478611908457987,2.56386283727178,0.3863150843132903,0.29872548520508163,-1.8788222677534083,0.37080694347040033,-1.8067408094880895,0.8188972160284872,-1.3586505369300026,0.8074076053395728,-1.3701401476189172,0.9085347083664663,-1.2690130445920236,0.9253256,-1.2522221804677978,0.727765862771754,-1.4497818901867359,1.01024092381467,-1.16730682914382,0.9599809158171909,-1.217566837141299
E01026376,E01026376,West Lindsey 006C,West Lindsey,E01026376,1,2018,1.06110278493446,0.692461294624502,-0.38805017892037796,36.68045205390756,47.073347668151264,0.0,0.0,0.0,0.692461294624502,-0.3686414903099581,0.30441111570412405,-0.756691669230336,0.6145883212911742,-0.44651446364328584,0.6470826976406647,-0.41402008729379536,1.0161067673065498,-0.04499601762791028,0.7635864792949291,-0.297516305639531,1.1502101479566416,0.08910736302218147,1.0644212,0.0033183919759403047,1.0299880203012526,-0.031114764633207503,0.9797073949203223,-0.08139539001413776,1.1743721477705196,0.11326936283605948
E01026376,E01026376,West Lindsey 006C,West Lindsey,E01026376,1,2019,1.5503173895791,1.06110278493446,0.3686414903099581,36.68045205390756,47.073347668151264,0.0,0.0,0.0,1.06110278493446,-0.48921460464463995,1.4297442752444183,-0.12057311433468176,0.5861689626006183,-0.9641484269784817,0.6295155522591093,-0.9208018373199908,0.9836556082755282,-0.5666617813035718,0.7460053508548398,-0.8043120387242603,1.1502101479566416,-0.4001072416224585,1.0645853,-0.4857320614769882,1.0183597870949797,-0.5319576024841204,0.9597059440631448,-0.5906114455159552,1.1760378253870465,-0.37427956419205355
E01026377,E01026377,West Lindsey 006D,West Lindsey,E01026377,1,2018,1.19280483180829,1.00689010106667,0.43415335610098893,36.56623978519009,47.774980343183024,0.0,0.0,0.0,1.00689010106667,-0.18591473074162002,1.441043457167659,0.24823862535936891,0.2894987824404762,-0.9033060493678138,0.25138009926868377,-0.9414247325396062,0.20153458440484612,-0.9912702474034438,0.16271509131965187,-1.0300897404886382,0.36157047738765735,-0.8312343544206326,0.39211214,-0.800692695921144,0.31126232206090226,-0.8815425097473877,0.3247986459530341,-0.8680061858552559,0.46054238204365316,-0.7322624497646368
E01026377,E01026377,West Lindsey 006D,West Lindsey,E01026377,1,2019,1.19627841178177,1.19280483180829,0.18591473074162002,36.56623978519009,47.774980343183024,0.0,0.0,0.0,1.19280483180829,-0.0034735799734799677,1.37871956254991,0.18244115076814005,0.2887736226196965,-0.9075047891620734,0.25093184890050313,-0.9453465628812668,0.20153458440484612,-0.9947438273769238,0.16514613929272473,-1.0311322724890453,0.36157047738765735,-0.8347079343941126,0.39211214,-0.804166275894624,0.3223564990405863,-0.8739219127411837,0.2733977707094116,-0.9228806410723583,0.4604791817907248,-0.7357992299910452
E01026388,E01026388,West Lindsey 007A,West Lindsey,E01026388,1,2018,0.130032792622232,0.158052982724799,0.1342761714078029,81.00528294443262,67.00664425531662,0.0,0.0,0.0,0.158052982724799,0.02802019010256701,0.2923291541326019,0.1622963615103699,-0.5712106664350833,-0.7012434590573153,-0.4234671249753761,-0.5534999175976081,-0.2119803999003943,-0.3420131925226263,-0.2865693085760293,-0.4166021011982613,-0.1963945416009582,-0.3264273342231902,-0.0631399,-0.1931726931873794,-0.24029531756413333,-0.37032811018636536,-0.06366361709669582,-0.19369640971892782,0.006289196532007449,-0.12374359609022455
E01026388,E01026388,West Lindsey 007A,West Lindsey,E01026388,1,2019,0.389450841861512,0.130032792622232,-0.02802019010256701,81.00528294443262,67.00664425531662,0.0,0.0,0.0,0.130032792622232,-0.25941804923928,0.10201260251966499,-0.28743823934184703,-0.5719012948358257,-0.9613521366973378,-0.42389403008792914,-0.8133448719494412,-0.21776920585294524,-0.6072200477144573,-0.2865693085760293,-0.6760201504375414,-0.1963945416009582,-0.5858453834624702,-0.0631399,-0.4525907424266594,-0.24029531756413333,-0.6297461594256454,-0.06366361709669582,-0.45311445895820784,0.006329674724389625,-0.3831211671371224
E01026404,E01026404,West Lindsey 007B,West Lindsey,E01026404,1,2018,0.211462232992963,0.231676565335542,0.21210935685589,74.96952122844368,68.18208594778551,0.0,0.0,0.0,0.231676565335542,0.020214332342579022,0.443785922191432,0.232323689198469,-0.3523329979525529,-0.5637952309455159,-0.3522153162528108,-0.5636775492457737,-0.17629917008491855,-0.38776140307788154,-0.18150732102435532,-0.3929695540173183,-0.13261642997012713,-0.3440786629630901,-0.02431269,-0.23577492289336124,-0.22554218611005353,-0.4370044191030165,0.06327560230029448,-0.14818663069266852,-0.013050439497818728,-0.22451267249078172
E01026404,E01026404,West Lindsey 007B,West Lindsey,E01026404,1,2019,0.64937176800992,0.211462232992963,-0.020214332342579022,74.96952122844368,68.18208594778551,0.0,0.0,0.0,0.211462232992963,-0.43790953501695706,0.19124790065038397,-0.45812386735953603,-0.35540629433585724,-1.0047780623457774,-0.35411504400367155,-1.0034868120135916,-0.17629917008491855,-0.8256709380948386,-0.18150732102435532,-0.8308790890342753,-0.13261642997012713,-0.7819881979800472,-0.02431269,-0.6736844579103183,-0.22554218611005353,-0.8749139541199735,0.06327560230029448,-0.5860961657096255,-0.012870311541718,-0.662242079551638
E01026409,E01026409,West Lindsey 007C,West Lindsey,E01026409,1,2018,-0.140534653161011,-0.266936006051698,0.12203662065601201,57.93682320365913,60.62383920468498,0.0,0.0,0.0,-0.266936006051698,-0.126401352890687,-0.14489938539568598,-0.004364732234674984,-0.5156511911813981,-0.37511653802038714,-0.422554766315163,-0.282020113154152,-0.6633436064022026,-0.5228089532411916,-0.6729359855397571,-0.5324013323787461,-0.6465846637769338,-0.5060500106159228,-0.6565097,-0.5159750442762754,-0.5730986211742768,-0.4325639680132658,-0.7271541735964643,-0.5866195204354533,-0.5257819519647439,-0.3852472988037329
E01026409,E01026409,West Lindsey 007C,West Lindsey,E01026409,1,2019,0.230543918927533,-0.140534653161011,0.126401352890687,57.93682320365913,60.62383920468498,0.0,0.0,0.0,-0.140534653161011,-0.371078572088544,-0.014133300270324,-0.244677219197857,-0.5156511911813981,-0.7461951101089311,-0.422554766315163,-0.653098685242696,-0.6633436064022026,-0.8938875253297356,-0.6729359855397571,-0.9034799044672901,-0.6465846637769338,-0.8771285827044668,-0.6565097,-0.8870536163648194,-0.5730986211742768,-0.8036425401018098,-0.7271541735964643,-0.9576980925239973,-0.5257819519647439,-0.7563258708922769
E01026410,E01026410,West Lindsey 007D,West Lindsey,E01026410,1,2018,0.209793891547244,0.284765950411798,0.43237970378757695,70.63145453055694,62.8891814823154,0.0,0.0,0.0,0.284765950411798,0.07497205886455396,0.7171456541993749,0.5073517626521309,-0.1946071991462185,-0.40440109069346253,-0.1460927834248083,-0.3558866749720523,-0.2636028550881133,-0.47339674663535736,-0.21106705149075825,-0.42086094303800226,-0.3259235409296863,-0.5357174324769303,-0.2997971,-0.5095909794550352,-0.2585046272966376,-0.46829851884388163,-0.28572359895695376,-0.4955174905041978,-0.22565684932484817,-0.4354507408720922
E01026410,E01026410,West Lindsey 007D,West Lindsey,E01026410,1,2019,0.609524511889567,0.209793891547244,-0.07497205886455396,70.63145453055694,62.8891814823154,0.0,0.0,0.0,0.209793891547244,-0.399730620342323,0.13482183268269005,-0.474702679206877,-0.1946071991462185,-0.8041317110357855,-0.1460927834248083,-0.7556172953143754,-0.2636028550881133,-0.8731273669776803,-0.21106705149075825,-0.8205915633803252,-0.3259235409296863,-0.9354480528192533,-0.2997971,-0.9093215997973582,-0.2585046272966376,-0.8680291391862046,-0.28572359895695376,-0.8952481108465208,-0.22565684932484817,-0.8351813612144152
E01026372,E01026372,West Lindsey 008A,West Lindsey,E01026372,1,2018,0.123443006441117,-0.0263841474127977,0.03979101436203761,81.2566943567969,72.43737894084202,0.0,0.0,0.0,-0.0263841474127977,-0.1498271538539147,0.013406866949239909,-0.11003613949187709,-0.45597943920134093,-0.5794224456424579,-0.4435397948672094,-0.5669828013083265,-0.31279895211863273,-0.43624195855974973,-0.37688887115252495,-0.500331877593642,-0.18875248895760588,-0.3121954953987229,-0.15205862,-0.2755016227216727,-0.3096006211682208,-0.4330436276093378,-0.048869907647508044,-0.17231291408862504,-0.09031851240337693,-0.21376151884449393
E01026372,E01026372,West Lindsey 008A,West Lindsey,E01026372,1,2019,0.245498397750412,0.123443006441117,0.1498271538539147,81.2566943567969,72.43737894084202,0.0,0.0,0.0,0.123443006441117,-0.12205539130929499,0.2732701602950317,0.027771762544619716,-0.4681344990544097,-0.7136328968048217,-0.451053324848142,-0.696551722598554,-0.31583190250177834,-0.5613303002521903,-0.38214027097452813,-0.6276386687249401,-0.18875248895760588,-0.43425088670801787,-0.15205862,-0.3975570140309677,-0.3096006211682208,-0.5550990189186328,0.07473461433952726,-0.17076378341088472,-0.08813384664887877,-0.33363224439929073
E01026366,E01026366,West Lindsey 011A,West Lindsey,E01026366,1,2018,-0.0852108673918404,-0.0191771707194995,0.42759319403386054,81.71931181511475,90.54928853511065,0.0,0.0,0.0,-0.0191771707194995,0.06603369667234091,0.40841602331436105,0.49362689070620147,-0.4245879099633214,-0.339377042571481,-0.2781239272199264,-0.192913059828086,-0.39775729384155273,-0.3125464264497123,-0.42267519892525335,-0.33746433153341293,-0.27473907375481266,-0.18952820636297224,-0.27105844,-0.18584757281659464,-0.25432972876283055,-0.16911886137099014,-0.26150497794410077,-0.17629411055226035,-0.15732793027446154,-0.07211706288262114
E01026366,E01026366,West Lindsey 011A,West Lindsey,E01026366,1,2019,-0.190248090377188,-0.0852108673918404,-0.06603369667234091,81.71931181511475,90.54928853511065,0.0,0.0,0.0,-0.0852108673918404,0.10503722298534761,-0.1512445640641813,0.039003526313006714,-0.4378825066776154,-0.2476344163004274,-0.28634185063657147,-0.09609376025938346,-0.39775729384155273,-0.20750920346436472,-0.42267519892525335,-0.23242710854806534,-0.27473907375481266,-0.08449098337762465,-0.27105844,-0.08081034983124705,-0.25432972876283055,-0.06408163838564254,-0.30723617302790734,-0.11698808265071933,-0.15654872507110448,0.03369936530608353
E01026369,E01026369,West Lindsey 011B,West Lindsey,E01026369,1,2018,1.09065068941425,0.783038753866521,0.160836484913642,32.040537734561156,77.73473370456115,0.0,0.0,0.0,0.783038753866521,-0.30761193554772903,0.943875238780163,-0.14677545063408703,-0.1723157018654086,-1.2629663912796587,-0.2088214405653999,-1.29947212997965,0.3234862503097057,-0.7671644391045443,0.247411382512441,-0.843239306901809,0.4851349959581986,-0.6055156934560515,0.51325667,-0.5773940203697554,0.1698710062285697,-0.9207796831856803,0.5674975474139902,-0.5231531420002599,0.6259376689934295,-0.4647130204208205
E01026369,E01026369,West Lindsey 011B,West Lindsey,E01026369,1,2019,1.25770115295683,1.09065068941425,0.30761193554772903,32.040537734561156,77.73473370456115,0.0,0.0,0.0,1.09065068941425,-0.16705046354258002,1.398262624961979,0.1405614720051489,-0.1663762976190227,-1.4240774505758527,-0.2051500565974442,-1.4628512095542743,0.24791736824744134,-1.0097837847093887,0.2443343541420061,-1.013366798814824,0.26158148780601187,-0.9961196651508182,0.2897057,-0.9679954592350588,0.05490545940789998,-1.2027956935489301,0.4700898549453745,-0.7876112980114556,0.3573657907235622,-0.9003353622332678
E01026370,E01026370,West Lindsey 011C,West Lindsey,E01026370,1,2018,0.243378283729583,-0.122819878251096,-0.030245660862907295,32.64460505847156,77.48744010112165,0.0,0.0,0.0,-0.122819878251096,-0.366198161980679,-0.15306553911400328,-0.39644382284358626,-0.4185399682015698,-0.6619182519311528,-0.4206793680941885,-0.6640576518237715,-0.33353677389655706,-0.57691505762614,-0.37009245573540966,-0.6134707394649926,-0.1522764451479969,-0.3956547288775799,-0.12919484,-0.3725731245184243,-0.2790565495967527,-0.5224348333263357,-0.07923994781801774,-0.3226182315476007,-0.022507333160961776,-0.2658856168905448
E01026370,E01026370,West Lindsey 011C,West Lindsey,E01026370,1,2019,0.52843042943102,0.243378283729583,0.366198161980679,32.64460505847156,77.48744010112165,0.0,0.0,0.0,0.243378283729583,-0.285052145701437,0.609576445710262,0.081146016279242,-0.4185399682015698,-0.9469703976325898,-0.4206793680941885,-0.9491097975252085,-0.33353677389655706,-0.8619672033275771,-0.37009245573540966,-0.8985228851664298,-0.1522764451479969,-0.6807068745790169,-0.12919484,-0.6576252702198613,-0.2790565495967527,-0.8074869790277728,-0.07923994781801774,-0.6076703772490377,-0.022507333160961776,-0.5509377625919818
E01026371,E01026371,West Lindsey 011D,West Lindsey,E01026371,1,2018,-0.0289866370971486,0.135177016977306,0.348755553605988,30.536061982542115,78.39970225786371,0.0,0.0,0.0,0.135177016977306,0.1641636540744546,0.483932570583294,0.5129192076804425,-0.5269495470971863,-0.49796291000003773,-0.4986160330062275,-0.4696293959090789,-0.41090991190819887,-0.38192327481105026,-0.4520467439323356,-0.423060106835187,-0.2517589406989434,-0.22277230360179479,-0.2371345,-0.20814786424085646,-0.28339962325366475,-0.25441298615651614,-0.20055302853970758,-0.17156639144255897,-0.14097681292455816,-0.11199017582740955
E01026371,E01026371,West Lindsey 011D,West Lindsey,E01026371,1,2019,0.250289935233881,-0.0289866370971486,-0.1641636540744546,30.536061982542115,78.39970225786371,0.0,0.0,0.0,-0.0289866370971486,-0.2792765723310296,-0.1931502911716032,-0.4434402264054842,-0.5269495470971863,-0.7772394823310673,-0.4986160330062275,-0.7489059682401085,-0.41090991190819887,-0.6611998471420799,-0.4520467439323356,-0.7023366791662167,-0.2517589406989434,-0.5020488759328243,-0.2371345,-0.48742443657188605,-0.28339962325366475,-0.5336895584875457,-0.20055302853970758,-0.45084296377358857,-0.14097681292455816,-0.39126674815843915
E01026373,E01026373,West Lindsey 011E,West Lindsey,E01026373,1,2018,0.483994006308624,0.210136593845322,0.13033893646713068,40.18357750005778,79.24026588085333,0.0,0.0,0.0,0.210136593845322,-0.273857412463302,0.3404755303124527,-0.1435184759961713,-0.1044686674705964,-0.5884626737792203,-0.19670610227023178,-0.6807001085788558,-0.11724598482116917,-0.6012399911297932,-0.13575043205260232,-0.6197444383612263,-0.06038193957107633,-0.5443759458797003,-0.03892958,-0.5229235879507749,-0.22065592811323467,-0.7046499344218586,-0.12538257124201446,-0.6093765775506385,0.08337629322375417,-0.4006177130848698
E01026373,E01026373,West Lindsey 011E,West Lindsey,E01026373,1,2019,0.735029375185902,0.483994006308624,0.273857412463302,40.18357750005778,79.24026588085333,0.0,0.0,0.0,0.483994006308624,-0.25103536887727795,0.757851418771926,0.02282204358602402,-0.1039852275900766,-0.8390146027759785,-0.19640726869144468,-0.9314366438773466,-0.11724598482116917,-0.8522753600070712,-0.13575043205260232,-0.8707798072385042,-0.06038193957107633,-0.7954113147569782,-0.03892958,-0.7739589568280528,-0.22065592811323467,-0.9556853032991366,-0.12538257124201446,-0.8604119464279164,0.08334795848908665,-0.6516814166968153
