LSOA11CD,LSOA21CD,LSOA21NM,LAD22NM,lsoa11,is_lincolnshire,year,actual_samhi,lag_1,delta_1,qof_mh002_pct,qof_mh021_pct,qof_mh_pca_pct,qof_dep_pca_pct,qof_dep004_pct,pred_ar_baseline_persistence,err_ar_baseline_persistence,pred_ar_baseline_momentum_drift,err_ar_baseline_momentum_drift,pred_multimodal_ridge,err_multimodal_ridge,pred_multimodal_elasticnet,err_multimodal_elasticnet,pred_multimodal_random_forest,err_multimodal_random_forest,pred_multimodal_extra-trees,err_multimodal_extra-trees,pred_multimodal_lightgbm,err_multimodal_lightgbm,pred_multimodal_xgboost,err_multimodal_xgboost,pred_multimodal_catboost,err_multimodal_catboost,pred_explainable_boosting_machine_(ebm),err_explainable_boosting_machine_(ebm),pred_stacking_ensemble_(super_learner),err_stacking_ensemble_(super_learner)
E01026007,E01026007,Boston 001A,Boston,E01026007,1,2020,0.209190521866846,0.182767282102185,0.369964221676434,38.634714938076925,65.47900367165622,0.0,0.0,0.0,0.182767282102185,-0.02642323976466099,0.552731503778619,0.343540981911773,-0.48718803936914223,-0.6963785612359883,-0.3427130522570264,-0.5519035741238725,-0.16468329359464132,-0.37387381546148735,-0.25535020458667,-0.464540726453516,-0.2161113358937753,-0.4253018577606213,-0.21635614,-0.42554666522221557,-0.1838092305472503,-0.3929997524140963,-0.23471060194138563,-0.44390112380823166,-0.17229970322056978,-0.3814902250874158
E01026007,E01026007,Boston 001A,Boston,E01026007,1,2021,0.279106113573203,0.209190521866846,0.02642323976466099,38.634714938076925,65.47900367165622,0.0,0.0,0.0,0.209190521866846,-0.06991559170635697,0.235613761631507,-0.043492351941695984,-0.49063764174705393,-0.7697437553202569,-0.3449756943771606,-0.6240818079503636,-0.1657994591203138,-0.44490557269351677,-0.2624455951575435,-0.5415517087307464,-0.2161113358937753,-0.49521744946697827,-0.21635614,-0.49546225692857254,-0.1838092305472503,-0.46291534412045326,-0.2418899051033867,-0.5209960186765896,-0.17190962831251203,-0.451015741885715
E01026007,E01026007,Boston 001A,Boston,E01026007,1,2022,0.770657473144537,0.279106113573203,0.06991559170635697,38.634714938076925,65.47900367165622,0.0,0.0,0.0,0.279106113573203,-0.49155135957133406,0.34902170527955995,-0.4216357678649771,-0.48531418128731363,-1.2559716544318507,-0.3414839627102869,-1.112141435854824,-0.16468329359464132,-0.9353407667391783,-0.2574856840454154,-1.0281431571899524,-0.2105915299335472,-0.9812490030780843,-0.21635614,-0.9870136164999066,-0.1838092305472503,-0.9544667036917873,-0.2297822636766418,-1.0004397368211788,-0.17408246263211338,-0.9447399357766504
E01026008,E01026008,Boston 001B,Boston,E01026008,1,2020,0.515195008799564,0.765157989397317,0.6804660222479844,40.016241140253946,64.37382875253945,0.0,0.0,0.0,0.765157989397317,0.24996298059775302,1.4456240116453014,0.9304290028457374,0.1886519114098661,-0.32654309738969794,0.20931886942733788,-0.30587613937222613,-0.0390105533294119,-0.554205562128976,-0.055410567063664366,-0.5706055758632284,0.04289206242230612,-0.4723029463772579,0.010635121,-0.504559888005387,0.047872608908621044,-0.467322399890943,-0.022919799255079778,-0.5381148080546438,-0.025515422900959824,-0.5407104317005239
E01026008,E01026008,Boston 001B,Boston,E01026008,1,2021,0.262744298578305,0.515195008799564,-0.24996298059775302,40.016241140253946,64.37382875253945,0.0,0.0,0.0,0.515195008799564,0.25245071022125903,0.265232028201811,0.0024877296235060187,0.18486160756253106,-0.07788269101577394,0.20683275648052382,-0.05591154209778118,-0.04057830993097331,-0.30332260850927834,-0.05980686509950074,-0.32255116367780573,0.04289206242230612,-0.2198522361559989,0.010635121,-0.25210917778412795,0.048358089375278045,-0.21438620920302695,-0.022919799255079778,-0.28566409783338476,-0.025086822076056906,-0.2878311206543619
E01026008,E01026008,Boston 001B,Boston,E01026008,1,2022,0.911751258836643,0.262744298578305,-0.25245071022125903,40.016241140253946,64.37382875253945,0.0,0.0,0.0,0.262744298578305,-0.6490069602583379,0.010293588357045969,-0.901457670479597,0.18699099174642725,-0.7247602670902158,0.2082294491472733,-0.7035218096893697,-0.0390105533294119,-0.9507618121660549,-0.055410567063664366,-0.9671618259003073,0.04289206242230612,-0.8688591964143368,0.010635121,-0.9011161380424659,0.048358089375278045,-0.8633931694613649,-0.022919799255079778,-0.9346710580917228,-0.025327609056339444,-0.9370788678929824
E01026009,E01026009,Boston 001C,Boston,E01026009,1,2020,0.63673156555769,0.823188432751918,0.588158502856117,32.645488582999995,67.3442549010242,0.0,0.0,0.0,0.823188432751918,0.18645686719422805,1.411346935608035,0.7746153700503451,-0.2728902737283311,-0.909621839286021,-0.05982694698551219,-0.6965585125432021,-0.09321108583670677,-0.7299426513943967,-0.10274274187614854,-0.7394743074338385,-0.08087505189197128,-0.7176066174496613,-0.09824377,-0.734975338541241,-0.18532203736599867,-0.8220536029236887,-0.07107878047706057,-0.7078103460347505,-0.07108917232928727,-0.7078207378869772
E01026009,E01026009,Boston 001C,Boston,E01026009,1,2021,0.718583293472933,0.63673156555769,-0.18645686719422805,32.645488582999995,67.3442549010242,0.0,0.0,0.0,0.63673156555769,-0.08185172791524309,0.4502746983634619,-0.26830859510947114,-0.2728902737283311,-0.9914735672012641,-0.05982694698551219,-0.7784102404584452,-0.09321108583670677,-0.8117943793096398,-0.10274274187614854,-0.8213260353490816,-0.08087505189197128,-0.7994583453649043,-0.09824377,-0.8168270664564841,-0.18532203736599867,-0.9039053308389318,-0.07107878047706057,-0.7896620739499935,-0.07108917232928727,-0.7896724658022203
E01026009,E01026009,Boston 001C,Boston,E01026009,1,2022,0.717822189311475,0.718583293472933,0.08185172791524309,32.645488582999995,67.3442549010242,0.0,0.0,0.0,0.718583293472933,0.0007611041614580261,0.8004350213881761,0.08261283207670111,-0.2728902737283311,-0.9907124630398061,-0.05982694698551219,-0.7776491362969872,-0.09321108583670677,-0.8110332751481818,-0.10274274187614854,-0.8205649311876235,-0.08087505189197128,-0.7986972412034463,-0.09824377,-0.816065962295026,-0.18532203736599867,-0.9031442266774736,-0.07107878047706057,-0.7889009697885356,-0.07108917232928727,-0.7889113616407623
E01026023,E01026023,Boston 001D,Boston,E01026023,1,2020,1.39314782866336,1.20340263431006,0.005344152372309896,27.180667134044196,70.8167399034897,0.0,0.0,0.0,1.20340263431006,-0.18974519435330017,1.2087467866823698,-0.18440104198099028,-0.21742743659359348,-1.6105752652569536,-0.009039389096906159,-1.4021872177602663,0.4077805417177537,-0.9853672869456064,0.38019038234000885,-1.0129574463233513,0.2959145893554261,-1.097233239307934,0.3533165,-1.0398313427815546,0.09616026043707569,-1.2969875682262844,0.32514871507273235,-1.0679991135906277,0.3825211891294442,-1.0106266395339158
E01026023,E01026023,Boston 001D,Boston,E01026023,1,2021,0.704392094522088,1.39314782866336,0.18974519435330017,27.180667134044196,70.8167399034897,0.0,0.0,0.0,1.39314782866336,0.6887557341412721,1.5828930230166602,0.8785009284945723,-0.21742743659359348,-0.9218195311156814,-0.009039389096906159,-0.7134314836189941,0.4077805417177537,-0.29661155280433427,0.38019038234000885,-0.3242017121820791,0.2959145893554261,-0.40847750516666187,0.3533165,-0.35107560864028253,0.09616026043707569,-0.6082318340850122,0.32514871507273235,-0.3792433794493556,0.3825211891294442,-0.32187090539264374
E01026023,E01026023,Boston 001D,Boston,E01026023,1,2022,0.731016705156051,0.704392094522088,-0.6887557341412721,27.180667134044196,70.8167399034897,0.0,0.0,0.0,0.704392094522088,-0.02662461063396304,0.01563636038081584,-0.7153803447752352,-0.21742743659359348,-0.9484441417496445,-0.009039389096906159,-0.7400560942529572,0.4077805417177537,-0.3232361634382973,0.38019038234000885,-0.35082632281604215,0.2959145893554261,-0.4351021158006249,0.3533165,-0.3777002192742456,0.09616026043707569,-0.6348564447189753,0.32514871507273235,-0.40586799008331864,0.3825211891294442,-0.3484955160266068
E01026024,E01026024,Boston 001E,Boston,E01026024,1,2020,0.837804721216844,0.57580803655164,0.33083742578406405,29.427957512491624,69.32699262984517,0.0,0.0,0.0,0.57580803655164,-0.261996684665204,0.9066454623357041,0.06884074111886007,0.12917244617725085,-0.7086322750395931,0.015336515210896129,-0.8224682060059478,0.09827131204075137,-0.7395334091760927,0.0573777542803042,-0.7804269669365398,0.08332843251450078,-0.7544762887023433,0.077402085,-0.7604026361510023,-0.015213267842719494,-0.8530179890595635,0.14095391011852945,-0.6968508110983146,0.047515292816891486,-0.7902894283999525
E01026024,E01026024,Boston 001E,Boston,E01026024,1,2021,0.694949543564598,0.837804721216844,0.261996684665204,29.427957512491624,69.32699262984517,0.0,0.0,0.0,0.837804721216844,0.14285517765224598,1.099801405882048,0.40485186231744996,0.12917244617725085,-0.5657770973873472,0.015336515210896129,-0.6796130283537019,0.09827131204075137,-0.5966782315238467,0.0573777542803042,-0.6375717892842938,0.08332843251450078,-0.6116211110500973,0.077402085,-0.6175474584987564,-0.015213267842719494,-0.7101628114073175,0.14095391011852945,-0.5539956334460686,0.047515292816891486,-0.6474342507477066
E01026024,E01026024,Boston 001E,Boston,E01026024,1,2022,0.923085417241151,0.694949543564598,-0.14285517765224598,29.427957512491624,69.32699262984517,0.0,0.0,0.0,0.694949543564598,-0.22813587367655297,0.5520943659123521,-0.37099105132879895,0.12917244617725085,-0.7939129710639001,0.015336515210896129,-0.9077489020302549,0.09827131204075137,-0.8248141052003997,0.0573777542803042,-0.8657076629608468,0.08332843251450078,-0.8397569847266502,0.077402085,-0.8456833321753093,-0.015213267842719494,-0.9382986850838705,0.14095391011852945,-0.7821315071226216,0.047515292816891486,-0.8755701244242595
E01026010,E01026010,Boston 002A,Boston,E01026010,1,2020,0.928020751902342,0.853974209871001,0.8646983664642444,38.72957418708794,59.33812802856737,0.0,0.0,0.0,0.853974209871001,-0.07404654203134098,1.7186725763352455,0.7906518244329035,0.5339592033963674,-0.39406154850597463,0.7757859456078818,-0.15223480629446018,0.7994904053624021,-0.1285303465399399,0.4608654978820308,-0.4671552540203112,0.7446579471051249,-0.18336280479721712,0.7559254,-0.17209533495593088,0.6082808674133,-0.319739884489042,0.43411703824409903,-0.493903713658243,0.7327547758362866,-0.19526597606605545
E01026010,E01026010,Boston 002A,Boston,E01026010,1,2021,1.28197265568727,0.928020751902342,0.07404654203134098,38.72957418708794,59.33812802856737,0.0,0.0,0.0,0.928020751902342,-0.3539519037849279,1.002067293933683,-0.27990536175358693,0.5339592033963674,-0.7480134522909025,0.7757859456078818,-0.5061867100793881,0.7994904053624021,-0.4824822503248678,0.4608654978820308,-0.8211071578052391,0.7446579471051249,-0.537314708582145,0.7559254,-0.5260472387408588,0.6082808674133,-0.6736917882739699,0.43411703824409903,-0.8478556174431708,0.7327547758362866,-0.5492178798509834
E01026010,E01026010,Boston 002A,Boston,E01026010,1,2022,1.26651825814216,1.28197265568727,0.3539519037849279,38.72957418708794,59.33812802856737,0.0,0.0,0.0,1.28197265568727,0.015454397545110021,1.6359245594721978,0.36940630133003793,0.5362589383149752,-0.7302593198271847,0.7772943736879713,-0.48922388445418863,0.7704567291883063,-0.4960615289538536,0.43002520538716027,-0.8364930527549996,0.7273307450900668,-0.5391875130520931,0.7258863,-0.5406319728371367,0.6082808674133,-0.6582373907288599,0.34657094906284913,-0.9199473090793108,0.7297246785687059,-0.536793579573454
E01026011,E01034679,Boston 002F,Boston,E01026011,1,2020,0.293354804002235,0.381343057624186,0.4416638743114332,38.767414764742476,60.203605999594906,0.0,0.0,0.0,0.381343057624186,0.08798825362195101,0.8230069319356192,0.5296521279333842,-0.08954031241040679,-0.3828951164126418,0.004786984188271504,-0.2885678198139635,-0.0678407859781242,-0.3611955899803592,-0.16290295044844094,-0.45625775445067596,-0.03515368040762512,-0.32850848440986014,-0.04667599,-0.3400307952692009,0.0037964423904051497,-0.28955836161182985,-0.027395107804902712,-0.32074991180713774,-0.04426001564420144,-0.33761481964643647
E01026011,E01034679,Boston 002F,Boston,E01026011,1,2021,0.738637925997887,0.293354804002235,-0.08798825362195101,38.767414764742476,60.203605999594906,0.0,0.0,0.0,0.293354804002235,-0.445283121995652,0.205366550380284,-0.5332713756176031,-0.0902643030329315,-0.8289022290308186,0.004312108681576693,-0.7343258173163103,-0.07280318017741663,-0.8114411061753036,-0.17072518664703554,-0.9093631126449225,-0.03515368040762512,-0.7737916064055121,-0.04667599,-0.7853139172648529,0.0037964423904051497,-0.7348414836074819,-0.046632688941753084,-0.7852706149396401,-0.04417814807090539,-0.7828160740687924
E01026011,E01034679,Boston 002F,Boston,E01026011,1,2022,0.625194314142683,0.738637925997887,0.445283121995652,38.767414764742476,60.203605999594906,0.0,0.0,0.0,0.738637925997887,0.11344361185520402,1.1839210479935391,0.5587267338508561,-0.0902643030329315,-0.7154586171756145,0.004312108681576693,-0.6208822054611063,-0.07280318017741663,-0.6979974943200996,-0.17072518664703554,-0.7959195007897185,-0.03515368040762512,-0.6603479945503081,-0.04667599,-0.6718703054096489,0.0037964423904051497,-0.6213978717522779,-0.046632688941753084,-0.6718270030844361,-0.04417814807090539,-0.6693724622135884
E01026011,E01034680,Boston 002G,Boston,E01026011,1,2020,0.293354804002235,0.381343057624186,0.4416638743114332,38.767414764742476,60.203605999594906,0.0,0.0,0.0,0.381343057624186,0.08798825362195101,0.8230069319356192,0.5296521279333842,-0.08954031241040679,-0.3828951164126418,0.004786984188271504,-0.2885678198139635,-0.0678407859781242,-0.3611955899803592,-0.16290295044844094,-0.45625775445067596,-0.03515368040762512,-0.32850848440986014,-0.04667599,-0.3400307952692009,0.0037964423904051497,-0.28955836161182985,-0.027395107804902712,-0.32074991180713774,-0.04426001564420144,-0.33761481964643647
E01026011,E01034680,Boston 002G,Boston,E01026011,1,2021,0.738637925997887,0.293354804002235,-0.08798825362195101,38.767414764742476,60.203605999594906,0.0,0.0,0.0,0.293354804002235,-0.445283121995652,0.205366550380284,-0.5332713756176031,-0.0902643030329315,-0.8289022290308186,0.004312108681576693,-0.7343258173163103,-0.07280318017741663,-0.8114411061753036,-0.17072518664703554,-0.9093631126449225,-0.03515368040762512,-0.7737916064055121,-0.04667599,-0.7853139172648529,0.0037964423904051497,-0.7348414836074819,-0.046632688941753084,-0.7852706149396401,-0.04417814807090539,-0.7828160740687924
E01026011,E01034680,Boston 002G,Boston,E01026011,1,2022,0.625194314142683,0.738637925997887,0.445283121995652,38.767414764742476,60.203605999594906,0.0,0.0,0.0,0.738637925997887,0.11344361185520402,1.1839210479935391,0.5587267338508561,-0.0902643030329315,-0.7154586171756145,0.004312108681576693,-0.6208822054611063,-0.07280318017741663,-0.6979974943200996,-0.17072518664703554,-0.7959195007897185,-0.03515368040762512,-0.6603479945503081,-0.04667599,-0.6718703054096489,0.0037964423904051497,-0.6213978717522779,-0.046632688941753084,-0.6718270030844361,-0.04417814807090539,-0.6693724622135884
E01026030,E01026030,Boston 002C,Boston,E01026030,1,2020,0.849989482127519,1.03694266262879,0.4547461081261811,35.11173970097854,58.199119258693095,0.0,0.0,0.0,1.03694266262879,0.18695318050127108,1.4916887707549713,0.6416992886274523,0.5128989791738086,-0.33709050295371046,0.5277969148097847,-0.32219256731773427,0.5269027897152845,-0.32308669241223453,0.5128000790956054,-0.3371894030319136,0.6218837881279596,-0.22810569399955938,0.5583456,-0.29164386626371896,0.5955760239093867,-0.2544134582181323,0.6494172061625235,-0.2005722759649955,0.43427119706875306,-0.41571828505876596
E01026030,E01026030,Boston 002C,Boston,E01026030,1,2021,1.7071024079041,0.849989482127519,-0.18695318050127108,35.11173970097854,58.199119258693095,0.0,0.0,0.0,0.849989482127519,-0.8571129257765809,0.6630363016262479,-1.044066106277852,0.5111102964593359,-1.195992111444764,0.5266236929697152,-1.1804787149343847,0.5269027897152845,-1.1801996181888155,0.5128000790956054,-1.1943023288084946,0.6218837881279596,-1.0852186197761404,0.5534943,-1.1536081332878585,0.5955760239093867,-1.1115263839947134,0.7007981880748145,-1.0063042198292855,0.4344734581321904,-1.2726289497719097
E01026030,E01026030,Boston 002C,Boston,E01026030,1,2022,1.56811141934097,1.7071024079041,0.8571129257765809,35.11173970097854,58.199119258693095,0.0,0.0,0.0,1.7071024079041,0.13899098856312997,2.5642153336806808,0.9961039143397108,0.5075329310303904,-1.0605784883105795,0.5242772492895761,-1.0438341700513938,0.5273395803965587,-1.0407718389444112,0.5077581431815903,-1.0603532761593797,0.6218837881279596,-0.9462276312130103,0.56395423,-1.00415718521774,0.5933190483969963,-0.9747923709439736,0.6999892458217902,-0.8681221735191798,0.4348779802590651,-1.1332334390819048
E01026032,E01026032,Boston 002D,Boston,E01026032,1,2020,-0.186139856791681,-0.0918482941204675,0.1439408023870025,38.00401405134407,59.63715604232887,0.0,0.0,0.0,-0.0918482941204675,0.0942915626712135,0.052092508266535,0.238232365058216,-0.3109839660737466,-0.12484410928206563,-0.15248961109331546,0.03365024569836553,-0.19382543609008376,-0.007685579298402773,-0.19795403897330383,-0.011814182181622834,-0.131274311371782,0.05486554541989899,-0.19994648,-0.013806621217542947,-0.14487973346835611,0.04126012332332488,-0.13584529529559708,0.05029456149608391,-0.16007900740408393,0.026060849387597063
E01026032,E01026032,Boston 002D,Boston,E01026032,1,2021,0.396160131591681,-0.186139856791681,-0.0942915626712135,38.00401405134407,59.63715604232887,0.0,0.0,0.0,-0.186139856791681,-0.5822999883833619,-0.2804314194628945,-0.6765915510545755,-0.3099192739817986,-0.7060794055734796,-0.1517912647599407,-0.5479513963516217,-0.1914753901121909,-0.5876355217038719,-0.1940392555769131,-0.5901993871685941,-0.131274311371782,-0.527434442963463,-0.20832692,-0.6044870524586472,-0.14003645622511676,-0.5361965878167978,-0.1305328827081466,-0.5266930142998276,-0.16019940089422519,-0.5563595324859062
E01026032,E01026032,Boston 002D,Boston,E01026032,1,2022,0.659775355498692,0.396160131591681,0.5822999883833619,38.00401405134407,59.63715604232887,0.0,0.0,0.0,0.396160131591681,-0.26361522390701103,0.9784601199750429,0.31868476447635086,-0.31047291386961157,-0.9702482693683037,-0.15215440485329557,-0.8119297603519876,-0.19382543609008376,-0.8536007915887758,-0.19503618915410362,-0.8548115446527956,-0.131274311371782,-0.7910496668704741,-0.20832692,-0.8681022763656583,-0.14003645622511676,-0.7998118117238088,-0.13584529529559708,-0.7956206507942891,-0.1601367962793517,-0.8199121517780438
E01026037,E01026037,Boston 002E,Boston,E01026037,1,2020,0.669495541806803,0.887949271700815,0.769413702361649,45.13263629446355,61.90867939201703,0.0,0.0,0.0,0.887949271700815,0.2184537298940119,1.657362974062464,0.987867432255661,0.4425107024043936,-0.22698483940240943,0.44553606983776395,-0.2239594719690391,0.08473741606204532,-0.5847581257447577,0.027471453438527808,-0.6420240883682752,0.055209793681048135,-0.6142857481257549,0.079635,-0.5898605400878051,0.13956960501181637,-0.5299259367949867,0.04029325500466746,-0.6292022868021356,0.03222709091293008,-0.637268450893873
E01026037,E01026037,Boston 002E,Boston,E01026037,1,2021,1.16204638416296,0.669495541806803,-0.2184537298940119,45.13263629446355,61.90867939201703,0.0,0.0,0.0,0.669495541806803,-0.492550842356157,0.45104181191279114,-0.7110045722501689,0.44144601031244557,-0.7206003738505145,0.4448377235043892,-0.7172086606585708,0.08473741606204532,-1.0773089681009147,0.027471453438527808,-1.1345749307244322,0.055209793681048135,-1.106836590481912,0.079635,-1.082411382443962,0.13956960501181637,-1.0224767791511438,0.04029325500466746,-1.1217531291582925,0.03234748440307135,-1.1296988997598887
E01026037,E01026037,Boston 002E,Boston,E01026037,1,2022,1.46451517780169,1.16204638416296,0.492550842356157,45.13263629446355,61.90867939201703,0.0,0.0,0.0,1.16204638416296,-0.30246879363873,1.6545972265191171,0.19008204871742707,0.4408923704246326,-1.0236228073770575,0.4444745834110344,-1.0200405943906556,0.08473741606204532,-1.3797777617396447,0.027471453438527808,-1.4370437243631622,0.055209793681048135,-1.409305384120642,0.079635,-1.384880176082692,0.13956960501181637,-1.3249455727898738,0.04029325500466746,-1.4242219227970225,0.032410089017944815,-1.4321050887837452
E01026006,E01034681,Boston 003E,Boston,E01026006,1,2020,0.302920800405521,0.40798565934505,0.26861744563032697,41.4957018318101,59.71701423104788,0.0,0.0,0.0,0.40798565934505,0.105064858939529,0.6766031049753769,0.3736823045698559,0.131547474547124,-0.17137332585839699,0.26485172472728874,-0.038069075678232256,0.17416412316266727,-0.12875667724285372,0.10921488932050029,-0.19370591108502072,0.20910328096771047,-0.09381751943781053,0.16706407,-0.13585672970392187,0.18552494589695104,-0.11739585450856996,0.2583614339649182,-0.04455936644060282,0.14845179974562148,-0.15446900065989952
E01026006,E01034681,Boston 003E,Boston,E01026006,1,2021,0.543013599654348,0.302920800405521,-0.105064858939529,41.4957018318101,59.71701423104788,0.0,0.0,0.0,0.302920800405521,-0.24009279924882704,0.197855941465992,-0.34515765818835603,0.13090865929195517,-0.41210494036239287,0.26443271692726383,-0.2785808827270842,0.17416412316266727,-0.36884947649168076,0.10921488932050029,-0.43379871033384776,0.20910328096771047,-0.33391031868663756,0.16706407,-0.3759495289527489,0.18552494589695104,-0.357488653757397,0.25848109278703846,-0.2845325068673096,0.14852403583970622,-0.39448956381464184
E01026006,E01034681,Boston 003E,Boston,E01026006,1,2022,0.842870994489105,0.543013599654348,0.24009279924882704,41.4957018318101,59.71701423104788,0.0,0.0,0.0,0.543013599654348,-0.29985739483475693,0.783106398903175,-0.05976459558592995,0.13606176901698364,-0.7068092254721213,0.26781271318079763,-0.5750582813083074,0.17186175982435523,-0.6710092346647497,0.10921488932050029,-0.7336561051686047,0.20910328096771047,-0.6337677135213945,0.17160325,-0.6712677469657972,0.18552494589695104,-0.657346048592154,0.18717067250899547,-0.6557003219801095,0.14406890480748838,-0.6988020896816166
E01026006,E01034682,Boston 003F,Boston,E01026006,1,2020,0.302920800405521,0.40798565934505,0.26861744563032697,41.4957018318101,59.71701423104788,0.0,0.0,0.0,0.40798565934505,0.105064858939529,0.6766031049753769,0.3736823045698559,0.131547474547124,-0.17137332585839699,0.26485172472728874,-0.038069075678232256,0.17416412316266727,-0.12875667724285372,0.10921488932050029,-0.19370591108502072,0.20910328096771047,-0.09381751943781053,0.16706407,-0.13585672970392187,0.18552494589695104,-0.11739585450856996,0.2583614339649182,-0.04455936644060282,0.14845179974562148,-0.15446900065989952
E01026006,E01034682,Boston 003F,Boston,E01026006,1,2021,0.543013599654348,0.302920800405521,-0.105064858939529,41.4957018318101,59.71701423104788,0.0,0.0,0.0,0.302920800405521,-0.24009279924882704,0.197855941465992,-0.34515765818835603,0.13090865929195517,-0.41210494036239287,0.26443271692726383,-0.2785808827270842,0.17416412316266727,-0.36884947649168076,0.10921488932050029,-0.43379871033384776,0.20910328096771047,-0.33391031868663756,0.16706407,-0.3759495289527489,0.18552494589695104,-0.357488653757397,0.25848109278703846,-0.2845325068673096,0.14852403583970622,-0.39448956381464184
E01026006,E01034682,Boston 003F,Boston,E01026006,1,2022,0.842870994489105,0.543013599654348,0.24009279924882704,41.4957018318101,59.71701423104788,0.0,0.0,0.0,0.543013599654348,-0.29985739483475693,0.783106398903175,-0.05976459558592995,0.13606176901698364,-0.7068092254721213,0.26781271318079763,-0.5750582813083074,0.17186175982435523,-0.6710092346647497,0.10921488932050029,-0.7336561051686047,0.20910328096771047,-0.6337677135213945,0.17160325,-0.6712677469657972,0.18552494589695104,-0.657346048592154,0.18717067250899547,-0.6557003219801095,0.14406890480748838,-0.6988020896816166
E01026021,E01026021,Boston 003B,Boston,E01026021,1,2020,1.08495604102768,0.740800622550787,0.45457429345690703,53.34525514913951,65.09282563312394,0.0,0.0,0.0,0.740800622550787,-0.3441554184768929,1.195374916007694,0.11041887498001413,0.38254195539572106,-0.702414085631959,0.20218753078290597,-0.882768510244774,0.9079507784169545,-0.17700526261072547,0.9289931079256879,-0.15596293310199205,0.977312037340792,-0.10764400368688798,1.0047314,-0.08022462432540944,0.7662164873065115,-0.31873955372116847,1.0218559566193348,-0.06310008440834514,0.9845168874082249,-0.1004391536194551
E01026021,E01026021,Boston 003B,Boston,E01026021,1,2021,2.28032628486816,1.08495604102768,0.3441554184768929,53.34525514913951,65.09282563312394,0.0,0.0,0.0,1.08495604102768,-1.1953702438404799,1.4291114595045729,-0.851214825363587,0.38164761403848474,-1.898678670829675,0.20160091986287115,-2.0787253650052886,0.9079507784169545,-1.3723755064512053,0.9289931079256879,-1.351333176942472,0.9810920914661723,-1.2992341934019875,1.0047314,-1.2755948681658893,0.7662164873065115,-1.5141097975616482,1.0218559566193348,-1.258470328248825,0.9846180179399435,-1.2957082669282163
E01026021,E01026021,Boston 003B,Boston,E01026021,1,2022,2.65566662896974,2.28032628486816,1.1953702438404799,53.34525514913951,65.09282563312394,0.0,0.0,0.0,2.28032628486816,-0.3753403441015801,3.4756965287086397,0.8200298997388997,0.38028480816079124,-2.2753818208089487,0.20070703655615146,-2.4549595924135885,0.9079507784169545,-1.7477158505527854,0.9289931079256879,-1.726673521044052,0.9810920914661723,-1.6745745375035677,1.0047314,-1.6509352122674694,0.7662164873065115,-1.8894501416632283,1.0182653378897104,-1.6374012910800295,0.9847721216073244,-1.6708945073624155
E01026025,E01026025,Boston 003C,Boston,E01026025,1,2020,0.16257326635105,0.251518839217717,0.5057665857602189,46.85483407699729,60.905770466632895,0.0,0.0,0.0,0.251518839217717,0.08894557286666702,0.7572854249779359,0.594712158626886,0.24534334479127629,0.0827700784402263,0.28161514387626974,0.11904187752521975,-0.036387368256193514,-0.1989606346072435,-0.05076569874309138,-0.21333896509414135,-0.05791468183036513,-0.22048794818141512,0.0012127674,-0.16136049890929297,0.07653089179298814,-0.08604237455806185,-0.03862123633683174,-0.20119450268788172,-0.11429048181544693,-0.27686374816649695
E01026025,E01026025,Boston 003C,Boston,E01026025,1,2021,0.627837503435243,0.16257326635105,-0.08894557286666702,46.85483407699729,60.905770466632895,0.0,0.0,0.0,0.16257326635105,-0.46526423708419307,0.07362769348438297,-0.5542098099508601,0.24768566739356201,-0.380151836041681,0.28315150580969417,-0.34468599762554886,-0.03758020909304831,-0.6654177125282913,-0.05076569874309138,-0.6786032021783344,-0.05791468183036513,-0.6857521852656081,0.0012127674,-0.626624735993486,0.07653089179298814,-0.5513066116422549,-0.035646803164180334,-0.6634843065994234,-0.1164981338054239,-0.7443356372406669
E01026025,E01026025,Boston 003C,Boston,E01026025,1,2022,0.717704899025005,0.627837503435243,0.46526423708419307,46.85483407699729,60.905770466632895,0.0,0.0,0.0,0.627837503435243,-0.08986739558976198,1.093101740519436,0.3753968414944311,0.24517299405656467,-0.47253190496844033,0.28150340846292976,-0.43620149056207524,-0.036387368256193514,-0.7540922672811985,-0.05076569874309138,-0.7684705977680963,-0.05791468183036513,-0.7756195808553701,0.0012127674,-0.716492131583248,0.07653089179298814,-0.6411740072320169,-0.03862123633683174,-0.7563261353618368,-0.11427121885702436,-0.8319761178820294
E01026036,E01026036,Boston 003D,Boston,E01026036,1,2020,0.64774346437331,0.212198282808231,0.20654495921313099,51.13080035475795,64.45971377238959,0.0,0.0,0.0,0.212198282808231,-0.435545181565079,0.418743242021362,-0.229000222351948,0.11654677892885885,-0.5311966854444511,0.05437638997624694,-0.593367074397063,-0.024991728099196763,-0.6727351924725068,-0.09946954566125452,-0.7472130100345645,0.028798989693221033,-0.618944474680089,-0.0008157243,-0.6485591886870348,0.07147547847209094,-0.5762679859012191,0.004303528756188009,-0.643439935617122,-0.00645478361332712,-0.6541982479866371
E01026036,E01026036,Boston 003D,Boston,E01026036,1,2021,0.737463769607328,0.64774346437331,0.435545181565079,51.13080035475795,64.45971377238959,0.0,0.0,0.0,0.64774346437331,-0.08972030523401797,1.083288645938389,0.34582487633106107,0.10773112840752909,-0.6297326411997989,0.048594082335904065,-0.688869687271424,-0.0810068334949048,-0.8184706031022327,-0.14219249207574214,-0.8796562616830701,0.02263323321992446,-0.7148305363874035,-0.01194404,-0.7494078093320952,0.049831601707605186,-0.6876321678997228,-0.015224144615056528,-0.7526879142223845,-0.00602168636387722,-0.7434854559712052
E01026036,E01026036,Boston 003D,Boston,E01026036,1,2022,0.967357542609867,0.737463769607328,0.08972030523401797,51.13080035475795,64.45971377238959,0.0,0.0,0.0,0.737463769607328,-0.229893773002539,0.8271840748413459,-0.14017346776852102,0.09256991301818891,-0.874787629591678,0.038649630548647715,-0.9287079120612193,-0.11815594525189167,-1.0855134878617587,-0.19468991344275954,-1.1620474560526266,0.14757257197147822,-0.8197849706383887,0.060758725,-0.906598817801174,0.18398833170590936,-0.7833692109039576,-0.07118655636314931,-1.0385440989730164,0.07876756936445505,-0.8885899732454119
E01026012,E01026012,Boston 004A,Boston,E01026012,1,2020,0.495929329881876,1.38069070829999,1.091722715247538,46.00722648793602,60.99414960778577,0.0,0.0,0.0,1.38069070829999,0.884761378418114,2.472413423547528,1.9764840936656523,0.5093786138355524,0.013449283953676394,0.6751012967098464,0.17917196682797043,0.2867623497046587,-0.2091669801772173,0.2073262611012555,-0.2886030687806205,0.4140105148960789,-0.08191881498579712,0.3210583,-0.17487102676412392,0.5290804025680793,0.03315107268620332,0.3433915094512738,-0.1525378204306022,0.2776644650567722,-0.21826486482510377
E01026012,E01026012,Boston 004A,Boston,E01026012,1,2021,1.26257151127389,0.495929329881876,-0.884761378418114,46.00722648793602,60.99414960778577,0.0,0.0,0.0,0.495929329881876,-0.766642181392014,-0.388832048536238,-1.651403559810128,0.5101451921417551,-0.7524263191321349,0.6756041060698763,-0.5869674052040137,0.29768777715820044,-0.9648837341156895,0.21083786947779073,-1.0517336417960992,0.4140105148960789,-0.8485609963778111,0.32834187,-0.9342296397738747,0.5393804355635667,-0.7231910757103233,0.3564082581259495,-0.9061632531479404,0.2775777817438706,-0.9849937295300194
E01026012,E01026012,Boston 004A,Boston,E01026012,1,2022,1.09824843589454,1.26257151127389,0.766642181392014,46.00722648793602,60.99414960778577,0.0,0.0,0.0,1.26257151127389,0.1643230753793501,2.029213692665904,0.9309652567713642,0.48770148284349035,-0.6105469530510496,0.6608829653623367,-0.4373654705322032,0.46590373755010933,-0.6323446983444305,0.24537757072198024,-0.8528708651725596,0.6164920403371702,-0.4817563955573697,0.5163813,-0.581867112556985,0.6270801881854043,-0.47116824770913557,0.3506606136693074,-0.7475878222252326,0.5866232638281171,-0.5116251720664228
E01026015,E01026015,Boston 004B,Boston,E01026015,1,2020,0.0976785392566882,-0.142536697955281,0.277175607350235,44.99635525109828,60.6461491195229,0.0,0.0,0.0,-0.142536697955281,-0.2402152372119692,0.134638909394954,0.036960370138265794,-0.3398255737579405,-0.43750411301462866,-0.2129361732874159,-0.3106147125441041,-0.3353081254729106,-0.4329866647295988,-0.4558375495870413,-0.5535160888437295,-0.3884885159483511,-0.4861670552050393,-0.41208288,-0.5097614199920856,-0.30220999720658415,-0.3998885364632723,-0.4597526180918782,-0.5574311573485664,-0.41963567903240095,-0.5173142182890892
E01026015,E01026015,Boston 004B,Boston,E01026015,1,2021,0.673145675870246,0.0976785392566882,0.2402152372119692,44.99635525109828,60.6461491195229,0.0,0.0,0.0,0.0976785392566882,-0.5754671366135578,0.33789377646865737,-0.3352518994015886,-0.3428918869827509,-1.016037562852997,-0.21494741072753518,-0.8880930865977812,-0.3361763325936429,-1.0093220084638888,-0.43264330494031406,-1.10578898081056,-0.3728579861143303,-1.0460036619845763,-0.40164474,-1.0747904123986425,-0.3051784738883979,-0.9783241497586439,-0.4462157962268737,-1.1193614720971197,-0.4125135375416513,-1.0856592134118972
E01026015,E01026015,Boston 004B,Boston,E01026015,1,2022,0.334800949924095,0.673145675870246,0.5754671366135578,44.99635525109828,60.6461491195229,0.0,0.0,0.0,0.673145675870246,0.338344725946151,1.2486128124838038,0.9138118625597089,-0.34957815332018455,-0.6843791032442795,-0.21933302570112853,-0.5541339756252235,-0.3575423903012582,-0.6923433402253532,-0.4214836764746654,-0.7562846263987604,-0.35284696395605275,-0.6876479138801477,-0.38427913,-0.7190800818134382,-0.30124711642884794,-0.6360480663529429,-0.4073928633314474,-0.7421938132555423,-0.4145974494228174,-0.7493983993469124
E01026026,E01026026,Boston 004C,Boston,E01026026,1,2020,0.642359803109872,0.610743796434142,0.34300622780434,42.40226706684465,59.66862721128641,0.0,0.0,0.0,0.610743796434142,-0.031616006675729946,0.953750024238482,0.31139022112861003,0.27310662073034625,-0.3692531823795257,0.39734769779037804,-0.2450121053194939,0.28693481171874946,-0.3554249913911225,0.2236553797434109,-0.4187044233664611,0.3450309499059727,-0.29732885320389923,0.31862265,-0.32373715439389905,0.42857176565229277,-0.21378803745757918,0.1935427665140155,-0.4488170365958565,0.25326216746535657,-0.3890976356445154
E01026026,E01026026,Boston 004C,Boston,E01026026,1,2021,1.14774351707017,0.642359803109872,0.031616006675729946,42.40226706684465,59.66862721128641,0.0,0.0,0.0,0.642359803109872,-0.505383713960298,0.6739758097856019,-0.4737677072845681,0.278131967404341,-0.869611549665829,0.40064389248390686,-0.7470996245862631,0.27820943041605145,-0.8695340866541186,0.22187180193534217,-0.9258717151348278,0.33758448368194854,-0.8101590333882214,0.31739515,-0.8303483664087015,0.42394447074989255,-0.7237990463202775,0.23392231528696064,-0.9138212017832094,0.2538537524952844,-0.8938897645748856
E01026026,E01026026,Boston 004C,Boston,E01026026,1,2022,1.07481677921851,1.14774351707017,0.505383713960298,42.40226706684465,59.66862721128641,0.0,0.0,0.0,1.14774351707017,0.07292673785166004,1.653127231030468,0.5783104518119582,0.28034652695559287,-0.794470252262917,0.4020964528573263,-0.6727203263611836,0.2793001249841559,-0.795516654234354,0.20164373500730637,-0.8731730442112036,0.3376835167064992,-0.7371332625120107,0.31663018,-0.7581865945680888,0.4187460939472512,-0.6560706852712588,0.2013173475528376,-0.8734994316656723,0.2513096997013764,-0.8235070795171335
E01026027,E01026027,Boston 004D,Boston,E01026027,1,2020,0.174677602582111,0.393278015634333,0.6656023954676791,45.85786631899026,60.38984645865629,0.0,0.0,0.0,0.393278015634333,0.218600413052222,1.058880411102012,0.884202808519901,-0.2252251317999281,-0.3999027343820391,-0.0963326949314402,-0.2710102975135512,-0.30027393922185297,-0.474951541803964,-0.3357445936978996,-0.5104221962800106,-0.2462734209182848,-0.4209510235003958,-0.2646842,-0.43936180286897625,-0.2793152714863077,-0.4539928740684187,-0.19761813016028873,-0.37229573274239974,-0.2934845954789328,-0.4681621980610438
E01026027,E01026027,Boston 004D,Boston,E01026027,1,2021,0.236307474553188,0.174677602582111,-0.218600413052222,45.85786631899026,60.38984645865629,0.0,0.0,0.0,0.174677602582111,-0.061629871971077,-0.043922810470110984,-0.280230285023299,-0.22416043970798005,-0.46046791426116807,-0.09563434859806547,-0.3319418231512535,-0.38307283869863423,-0.6193803132518223,-0.3390894714417381,-0.5753969459949262,-0.2837187132168383,-0.5200261877700263,-0.2941516,-0.5304590787287556,-0.38129266506832565,-0.6176001396215136,-0.2575210052949158,-0.4938284798481038,-0.30977771738902626,-0.5460851919422143
E01026027,E01026027,Boston 004D,Boston,E01026027,1,2022,0.576258005437366,0.236307474553188,0.061629871971077,45.85786631899026,60.38984645865629,0.0,0.0,0.0,0.236307474553188,-0.33995053088417804,0.297937346524265,-0.27832065891310104,-0.22416043970798005,-0.8004184451453461,-0.09563434859806547,-0.6718923540354316,-0.38307283869863423,-0.9593308441360002,-0.3390894714417381,-0.9153474768791041,-0.2837187132168383,-0.8599767186542043,-0.2941516,-0.8704096096129337,-0.38129266506832565,-0.9575506705056918,-0.2575210052949158,-0.8337790107322818,-0.30977771738902626,-0.8860357228263923
E01026028,E01026028,Boston 004E,Boston,E01026028,1,2020,0.909721508016324,0.744066522134043,0.305519564391882,49.00511908149438,62.202585795946206,0.0,0.0,0.0,0.744066522134043,-0.165654985882281,1.049586086525925,0.139864578509601,0.2980194160638583,-0.6117020919524657,0.3324657870400046,-0.5772557209763194,0.354390499770087,-0.555331008246237,0.2915793034238754,-0.6181422045924486,0.2843965076202534,-0.6253250003960706,0.31880957,-0.5909119391343355,0.446122634520261,-0.463598873496063,0.37016181279391197,-0.539559695222412,0.28320176810935793,-0.6265197399069661
E01026028,E01026028,Boston 004E,Boston,E01026028,1,2021,0.889327983536554,0.909721508016324,0.165654985882281,49.00511908149438,62.202585795946206,0.0,0.0,0.0,0.909721508016324,0.020393524479770053,1.075376493898605,0.18604851036205106,0.29755095154340117,-0.5917770319931528,0.3321585146533198,-0.5571694688832342,0.354390499770087,-0.5349374837664669,0.2903225597712197,-0.5990054237653343,0.2843965076202534,-0.6049314759163005,0.31880957,-0.5705184146545654,0.446122634520261,-0.44320534901629294,0.37016181279391197,-0.519166170742642,0.28325474124502015,-0.6060732422915338
E01026028,E01026028,Boston 004E,Boston,E01026028,1,2022,1.12784020375247,0.889327983536554,-0.020393524479770053,49.00511908149438,62.202585795946206,0.0,0.0,0.0,0.889327983536554,-0.238512220215916,0.8689344590567839,-0.25890574469568606,0.29606038261467393,-0.831779821137796,0.33118082978659513,-0.7966593739658748,0.35169331667390946,-0.7761468870785605,0.2903225597712197,-0.8375176439812503,0.2843965076202534,-0.8434436961322165,0.31880957,-0.8090306348704814,0.446122634520261,-0.6817175692322089,0.38539250280787957,-0.7424477009445904,0.28342329213121786,-0.8444169116212521
E01026039,E01026039,Boston 009D,Boston,E01026039,1,2020,0.909456197189157,0.181084066688913,0.061389521352613,52.50118072456605,65.28892454866478,0.0,0.0,0.0,0.181084066688913,-0.7283721305002441,0.242473588041526,-0.6669826091476311,-0.2698374962830857,-1.1792936934722427,-0.18821249257844355,-1.0976686897676007,-0.3006600957597718,-1.2101162929489289,-0.3622683786223938,-1.2717245758115507,-0.24547663775869114,-1.1549328349478483,-0.26752278,-1.176978979276483,-0.11155440876438733,-1.0210106059535444,-0.2725891731543992,-1.1820453703435563,-0.1874633506624108,-1.0969195478515679
E01026039,E01026039,Boston 009D,Boston,E01026039,1,2021,0.513509880039854,0.909456197189157,0.7283721305002441,52.50118072456605,65.28892454866478,0.0,0.0,0.0,0.909456197189157,0.39594631714930306,1.6378283276894012,1.1243184476495474,-0.2832100289579531,-0.7967199089978071,-0.19698372252563026,-0.7104936025654842,-0.17731891654033735,-0.6908287965801914,-0.33592710441663115,-0.8494369844564851,-0.17742842953869084,-0.6909383095785449,-0.18655817,-0.7000680521465968,-0.08165098245701338,-0.5951608624968674,-0.15876585167682628,-0.6722757317166803,-0.09208224892807498,-0.6055921289679289
E01026039,E01026039,Boston 009D,Boston,E01026039,1,2022,0.915807502703032,0.513509880039854,-0.39594631714930306,52.50118072456605,65.28892454866478,0.0,0.0,0.0,0.513509880039854,-0.40229762266317803,0.11756356289055092,-0.7982439398124811,-0.2832100289579531,-1.199017531660985,-0.19698372252563026,-1.1127912252286623,-0.17731891654033735,-1.0931264192433694,-0.33592710441663115,-1.2517346071196631,-0.17742842953869084,-1.0932359322417229,-0.18655817,-1.102365674809775,-0.08165098245701338,-0.9974584851600454,-0.15876585167682628,-1.0745733543798583,-0.09208224892807498,-1.007889751631107
E01026016,E01026016,Boston 006A,Boston,E01026016,1,2020,0.619908956543889,0.41412803992828,0.22543668355923202,64.07454442663864,75.25558692515119,0.0,0.0,0.0,0.41412803992828,-0.205780916615609,0.639564723487512,0.019655766943623032,0.277048188197129,-0.34286076834676,0.1762120630211374,-0.4436968935227516,0.12965253866046897,-0.49025641788342,0.0664478554979311,-0.5534611010459579,0.09004820667059607,-0.5298607498732929,0.11335322,-0.5065557339353227,0.07744333495093822,-0.5424656215929508,0.13075876842359763,-0.4891501881202914,0.08539335191459325,-0.5345156046292957
E01026016,E01026016,Boston 006A,Boston,E01026016,1,2021,0.848922775976653,0.619908956543889,0.205780916615609,64.07454442663864,75.25558692515119,0.0,0.0,0.0,0.619908956543889,-0.229013819432764,0.8256898731594979,-0.023232902817155066,0.2762816098909265,-0.5726411660857265,0.17570925366110762,-0.6732135223155453,0.12877677341480448,-0.7201460025618485,0.0664478554979311,-0.7824749204787219,0.09004820667059607,-0.7588745693060569,0.11335322,-0.7355695533680867,0.07744333495093822,-0.7714794410257148,0.13075876842359763,-0.7181640075530553,0.08548003522749495,-0.7634427407491581
E01026016,E01026016,Boston 006A,Boston,E01026016,1,2022,1.04850101551059,0.848922775976653,0.229013819432764,64.07454442663864,75.25558692515119,0.0,0.0,0.0,0.848922775976653,-0.19957823953393705,1.077936595409417,0.029435579898827058,0.27679266209506154,-0.7717083534155285,0.1760444599011275,-0.8724565556094626,0.12877677341480448,-0.9197242420957856,0.0664478554979311,-0.982053160012659,0.09004820667059607,-0.958452808839994,0.11335322,-0.9351477929020238,0.07744333495093822,-0.9710576805596518,0.13075876842359763,-0.9177422470869925,0.08542224635222714,-0.9630787691583629
E01026033,E01026033,Boston 006B,Boston,E01026033,1,2020,0.710283490895318,0.420345756487472,0.187176412168109,62.808285922351544,72.62612205263378,0.0,0.0,0.0,0.420345756487472,-0.2899377344078459,0.6075221686555811,-0.10276132223973689,0.012544989030317547,-0.6977385018650004,0.018601471274303866,-0.691682019621014,-0.012083877278989191,-0.7223673681743071,-0.03758661987421951,-0.7478701107695375,-0.02078707077872401,-0.7310705616740419,0.033456393,-0.6768270983090867,-0.06253596025276636,-0.7728194511480844,0.0855351133343832,-0.6247483775609347,-0.04768017800216762,-0.7579636688974856
E01026033,E01026033,Boston 006B,Boston,E01026033,1,2021,1.05224446945148,0.710283490895318,0.2899377344078459,62.808285922351544,72.62612205263378,0.0,0.0,0.0,0.710283490895318,-0.34196097855616214,1.000221225303164,-0.05202324414831616,0.0107137186321669,-1.0415307508193132,0.0174003155808993,-1.0348441538705808,-0.014480062206800894,-1.066724531658281,-0.03859184463672006,-1.0908363140882003,-0.02078707077872401,-1.0730315402302042,0.033456393,-1.0187880768652489,-0.06253596025276636,-1.1147804297042465,0.06259457997538798,-0.9896498894760921,-0.047473101199124644,-1.0997175706506048
E01026033,E01026033,Boston 006B,Boston,E01026033,1,2022,0.651363020651434,1.05224446945148,0.34196097855616214,62.808285922351544,72.62612205263378,0.0,0.0,0.0,1.05224446945148,0.40088144880004606,1.3942054480076422,0.7428424273562082,0.0142059086937565,-0.6371571119576775,0.019690891554368484,-0.6316721290970655,-0.012083877278989191,-0.6634468979304232,-0.03452428826531222,-0.6858873089167462,-0.02078707077872401,-0.672150091430158,0.033456393,-0.6179066280652028,-0.06253596025276636,-0.7138989809042005,0.0855351133343832,-0.5658279073170508,-0.04786799184678803,-0.6992310124982221
E01026034,E01026034,Boston 006C,Boston,E01026034,1,2020,0.762624740441926,0.854452149721905,0.5266312232984129,67.17437374394773,75.73544445361141,0.0,0.0,0.0,0.854452149721905,0.09182740927997901,1.381083373020318,0.6184586325783921,-0.008058052520303616,-0.7706827929622295,0.08764181299721034,-0.6749829274447157,0.29941759035686216,-0.4632071500850638,0.11120680511255583,-0.6514179353293701,0.19365087700949685,-0.5689738634324291,0.23742199,-0.525202751001008,0.1963762611609404,-0.5662484792809855,0.20472396047827812,-0.5579007799636478,0.19153223276142947,-0.5710925076804965
E01026034,E01026034,Boston 006C,Boston,E01026034,1,2021,0.840904348975438,0.762624740441926,-0.09182740927997901,67.17437374394773,75.73544445361141,0.0,0.0,0.0,0.762624740441926,-0.07827960853351201,0.670797331161947,-0.17010701781349102,-0.00856910472443867,-0.8494734536998767,0.08730660675719047,-0.7535977422182475,0.29941759035686216,-0.5414867586185759,0.10706397796615816,-0.7338403710092798,0.19365087700949685,-0.6472534719659411,0.23742199,-0.60348235953452,0.1963762611609404,-0.6445280878144976,0.20472396047827812,-0.6361803884971599,0.19159002163669728,-0.6493143273387407
E01026034,E01026034,Boston 006C,Boston,E01026034,1,2022,1.04896595588402,0.840904348975438,0.07827960853351201,67.17437374394773,75.73544445361141,0.0,0.0,0.0,0.840904348975438,-0.2080616069085821,0.91918395750895,-0.1297819983750701,-0.007547000316168534,-1.0565129562001887,0.08797701923723024,-0.9609889366467899,0.29941759035686216,-0.749548365527158,0.11120680511255583,-0.9377591507714642,0.19365087700949685,-0.8553150788745232,0.23742199,-0.8115439664431021,0.1963762611609404,-0.8525896947230797,0.20472396047827812,-0.844241995405742,0.19147444388616167,-0.8574915119978584
E01026017,E01026017,Boston 007A,Boston,E01026017,1,2020,0.779253440286485,0.838673816789069,0.4340813601925301,63.42876905915919,74.42270140077797,0.0,0.0,0.0,0.838673816789069,0.05942037650258403,1.2727551769815992,0.4935017366951142,0.11923222343757478,-0.6600212168489102,0.18797420791446456,-0.5912792323720204,-0.23418573418348992,-1.013439174469975,-0.22094714846267213,-1.0002005887491572,-0.17954400424331063,-0.9587974445297957,-0.21536511,-0.9946185521143354,-0.11804389729373996,-0.897297337580225,-0.2579061527193941,-1.037159593005879,-0.30047933294229656,-1.0797327732287816
E01026017,E01026017,Boston 007A,Boston,E01026017,1,2021,0.804245073649804,0.779253440286485,-0.05942037650258403,63.42876905915919,74.42270140077797,0.0,0.0,0.0,0.779253440286485,-0.024991633363319,0.719833063783901,-0.08441200986590303,0.11923222343757478,-0.6850128502122292,0.18797420791446456,-0.6162708657353395,-0.23418573418348992,-1.038430807833294,-0.22094714846267213,-1.025192222112476,-0.17954400424331063,-0.9837890778931146,-0.21536511,-1.0196101854776543,-0.11804389729373996,-0.922288970943544,-0.2579061527193941,-1.0621512263691981,-0.30047933294229656,-1.1047244065921005
E01026017,E01026017,Boston 007A,Boston,E01026017,1,2022,1.11582748673033,0.804245073649804,0.024991633363319,63.42876905915919,74.42270140077797,0.0,0.0,0.0,0.804245073649804,-0.3115824130805259,0.829236707013123,-0.2865907797172069,0.11923222343757478,-0.9965952632927552,0.18797420791446456,-0.9278532788158653,-0.23418573418348992,-1.3500132209138198,-0.22094714846267213,-1.336774635193002,-0.17954400424331063,-1.2953714909736407,-0.21536511,-1.3311925985581803,-0.11804389729373996,-1.2338713840240698,-0.2579061527193941,-1.373733639449724,-0.30047933294229656,-1.4163068196726265
E01026018,E01026018,Boston 007B,Boston,E01026018,1,2020,0.518743359312058,0.657950499867917,0.6998273059815455,57.28672888054896,69.26628812478137,0.0,0.0,0.0,0.657950499867917,0.13920714055585903,1.3577778058494625,0.8390344465374046,0.03377552511331069,-0.4849678341987473,-0.08412443513000994,-0.602867794442068,-0.12756795509896507,-0.6463113144110231,-0.12481362862663192,-0.6435569879386899,-0.15716082730605568,-0.6759041866181137,-0.13081227,-0.6495556317415242,-0.0948786078197594,-0.6136219671318174,-0.10714910238294094,-0.6258924616949989,-0.13967557896100918,-0.6584189382730672
E01026018,E01026018,Boston 007B,Boston,E01026018,1,2021,0.879873469356857,0.518743359312058,-0.13920714055585903,57.28672888054896,69.26628812478137,0.0,0.0,0.0,0.518743359312058,-0.361130110044799,0.3795362187561989,-0.500337250600658,0.03684183833812112,-0.8430316310187358,-0.08211319768989067,-0.9619866670467476,-0.1225290175623451,-1.002402486919202,-0.12481362862663192,-1.004687097983489,-0.15716082730605568,-1.0370342966629127,-0.13081227,-1.010685741786323,-0.0948786078197594,-0.9747520771766164,-0.10190238875474701,-0.981775858111604,-0.14002231221261602,-1.019895781569473
E01026018,E01026018,Boston 007B,Boston,E01026018,1,2022,1.25138530161008,0.879873469356857,0.361130110044799,57.28672888054896,69.26628812478137,0.0,0.0,0.0,0.879873469356857,-0.37151183225322304,1.241003579401656,-0.010381722208423927,0.03769359201167951,-1.2136917095984006,-0.08155452062319088,-1.332939822233271,-0.1221025868344594,-1.3734878884445394,-0.12481362862663192,-1.376198930236712,-0.15716082730605568,-1.4085461289161356,-0.13081227,-1.3821975740395462,-0.0948786078197594,-1.3462639094298394,-0.10190238875474701,-1.353287690364827,-0.14011862700472905,-1.391503928614809
E01026019,E01026019,Boston 007C,Boston,E01026019,1,2020,0.543855929584882,0.361125381463806,0.2983033966021397,59.61117775876751,70.27088160258366,0.0,0.0,0.0,0.361125381463806,-0.18273054812107603,0.6594287780659458,0.11557284848106375,0.036475522918485145,-0.5073804066663969,0.08149237100264153,-0.46236355858224054,0.03142534935051623,-0.5124305802343658,-0.023685097011807467,-0.5675410265966895,0.013341277419291076,-0.530514652165591,0.013608871,-0.5302470585570548,0.1598204938172547,-0.38403543576762733,0.05441292494366315,-0.4894430046412189,-0.07325853791183358,-0.6171144674967156
E01026019,E01026019,Boston 007C,Boston,E01026019,1,2021,0.97369075379094,0.543855929584882,0.18273054812107603,59.61117775876751,70.27088160258366,0.0,0.0,0.0,0.543855929584882,-0.4298348242060579,0.7265864777059581,-0.24710427608498187,0.04013806371478644,-0.9335526900761535,0.08389468238945064,-0.8897960714014893,0.03142534935051623,-0.9422654044404237,-0.024458343857347332,-0.9981490976482873,0.013341277419291076,-0.9603494763716489,0.013608871,-0.9600818827631127,0.1598204938172547,-0.8138702599736852,0.018278793636489772,-0.9554119601544502,-0.0736726915179196,-1.0473634453088596
E01026019,E01026019,Boston 007C,Boston,E01026019,1,2022,0.966095923885559,0.97369075379094,0.4298348242060579,59.61117775876751,70.27088160258366,0.0,0.0,0.0,0.97369075379094,0.007594829905380962,1.403525577996998,0.43742965411143897,0.03979736224536305,-0.926298561640196,0.08367121156277071,-0.8824247123227883,0.03142534935051623,-0.9346705745350428,-0.024458343857347332,-0.9905542677429063,0.013341277419291076,-0.952754646466268,0.013608871,-0.9524870528577317,0.1598204938172547,-0.8062754300683043,0.018278793636489772,-0.9478171302490692,-0.07363416560107433,-1.0397300894866333
E01026020,E01026020,Boston 007D,Boston,E01026020,1,2020,0.25522644014562,0.598663072028738,0.5632549916972424,59.70571465406368,70.50819431820287,0.0,0.0,0.0,0.598663072028738,0.343436631883118,1.1619180637259805,0.9066916235803605,-0.24238679032159816,-0.49761323046721817,-0.2346419512055307,-0.4898683913511507,0.02880326783877605,-0.22642317230684397,-0.06352707319007829,-0.3187535133356983,0.07321824330316298,-0.18200819684245703,0.09468451,-0.16054192872250905,-0.03293850378326768,-0.2881649439288877,0.20776017222900284,-0.04746626791661718,0.18010657305565494,-0.07511986708996507
E01026020,E01026020,Boston 007D,Boston,E01026020,1,2021,0.828378321906672,0.25522644014562,-0.343436631883118,59.70571465406368,70.50819431820287,0.0,0.0,0.0,0.25522644014562,-0.573151881761052,-0.088210191737498,-0.91658851364417,-0.24238679032159816,-1.0707651122282702,-0.2346419512055307,-1.0630202731122027,0.02880326783877605,-0.799575054067896,-0.06352707319007829,-0.8919053950967504,0.07321824330316298,-0.7551600786035091,0.09468451,-0.7336938104835611,-0.03293850378326768,-0.8613168256899397,0.20776017222900284,-0.6206181496776693,0.18010657305565494,-0.6482717488510171
E01026020,E01026020,Boston 007D,Boston,E01026020,1,2022,0.668559018366786,0.828378321906672,0.573151881761052,59.70571465406368,70.50819431820287,0.0,0.0,0.0,0.828378321906672,0.15981930353988605,1.4015302036677242,0.7329711853009382,-0.24238679032159816,-0.9109458086883842,-0.2346419512055307,-0.9032009695723167,0.02880326783877605,-0.6397557505280099,-0.06352707319007829,-0.7320860915568643,0.07321824330316298,-0.595340775063623,0.09468451,-0.573874506943675,-0.03293850378326768,-0.7014975221500537,0.20776017222900284,-0.46079884613778316,0.18010657305565494,-0.4884524453111311
E01026041,E01026041,Boston 007E,Boston,E01026041,1,2020,0.877738227286092,1.52171761840908,0.881336170425884,53.08093472483926,65.19311249928853,0.0,0.0,0.0,1.52171761840908,0.643979391122988,2.403053788834964,1.5253155615488718,0.3089923231377709,-0.568745904148321,0.48489848365819355,-0.3928397436278984,0.3502298687939074,-0.5275083584921846,0.2791964110566887,-0.5985418162294033,0.35573025481997556,-0.5220079724661164,0.3927826,-0.48495562855219,0.49639910146255095,-0.381339125823541,0.49311238062938706,-0.3846258466567049,0.2608660274780612,-0.6168721998080308
E01026041,E01026041,Boston 007E,Boston,E01026041,1,2021,0.868455270261735,0.877738227286092,-0.643979391122988,53.08093472483926,65.19311249928853,0.0,0.0,0.0,0.877738227286092,0.009282957024356997,0.233758836163104,-0.634696434098631,0.30699070200490863,-0.5614645682568263,0.48358559255144906,-0.3848696777102859,0.3402991646379071,-0.5281561056238279,0.2791964110566887,-0.5892588592050463,0.35573025481997556,-0.5127250154417594,0.39227143,-0.47618384096142674,0.49639910146255095,-0.372056168799184,0.4934900834303625,-0.3749651868313725,0.2610923672395268,-0.6073629030222082
E01026041,E01026041,Boston 007E,Boston,E01026041,1,2022,1.54975109702668,0.868455270261735,-0.009282957024356997,53.08093472483926,65.19311249928853,0.0,0.0,0.0,0.868455270261735,-0.6812958267649449,0.859172313237378,-0.6905787837893019,0.3049890808720463,-1.2447620161546336,0.4822727014447046,-1.0674783955819753,0.3443700239597989,-1.205381073066881,0.2792396390047478,-1.270511458021932,0.35573025481997556,-1.1940208422067045,0.39636293,-1.1533881664904098,0.49126719946977354,-1.0584838975569064,0.4866254670352978,-1.063125629991382,0.26131870700099236,-1.2884323900256875
E01026013,E01026013,Boston 008A,Boston,E01026013,1,2020,0.215499369314276,0.0788120321592077,0.6335004676234057,47.03685961695283,62.19598789158391,0.0,0.0,0.0,0.0788120321592077,-0.13668733715506828,0.7123124997826135,0.49681313046833747,-0.21608110323764396,-0.43158047255191995,-0.11381429372484991,-0.3293136630391259,-0.3402024477935662,-0.5557018171078422,-0.42151934551490605,-0.637018714829182,-0.3028536360629947,-0.5183530053772707,-0.27493635,-0.49043571751412035,-0.22063053999394006,-0.43612990930821605,-0.28332976796286574,-0.49882913727714173,-0.28780285016070295,-0.503302219474979
E01026013,E01026013,Boston 008A,Boston,E01026013,1,2021,0.464768301681928,0.215499369314276,0.13668733715506828,47.03685961695283,62.19598789158391,0.0,0.0,0.0,0.215499369314276,-0.24926893236765202,0.35218670646934425,-0.11258159521258376,-0.23115714325962822,-0.6959254449415562,-0.12370287780543626,-0.5884711794873643,-0.3658634413497135,-0.8306317430316414,-0.46064320313507123,-0.9254115048169993,-0.2935640085679089,-0.7583323102498369,-0.27909258,-0.7438608817619603,-0.3341769396617969,-0.7989452413437249,-0.3985659883269096,-0.8633342900088377,-0.25296353353452383,-0.7177318352164519
E01026013,E01026013,Boston 008A,Boston,E01026013,1,2022,0.0925314712091102,0.464768301681928,0.24926893236765202,47.03685961695283,62.19598789158391,0.0,0.0,0.0,0.464768301681928,0.3722368304728178,0.71403723404958,0.6215057628404698,-0.2524509850985891,-0.3449824563076993,-0.13766980447293112,-0.23020127568204132,-0.32885120066421397,-0.4213826718733242,-0.3884776640323017,-0.4810091352414119,-0.25427924189244716,-0.34681071310155737,-0.2490188,-0.3415502744479789,-0.1280601489931465,-0.2205916202022567,-0.35747102179633483,-0.45000249300544504,-0.243345413176036,-0.3358768843851462
E01026014,E01026014,Boston 008B,Boston,E01026014,1,2020,0.0649035017789702,0.19604388428872,0.307960420895907,44.546325234757774,60.669355196872566,0.0,0.0,0.0,0.19604388428872,0.1311403825097498,0.504004305184627,0.4391008034056568,-0.18591061592031316,-0.25081411769928336,-0.2343419244260003,-0.2992454262049705,-0.1514350400821253,-0.2163385418610955,-0.2498937421089311,-0.3147972438879013,-0.12524718454179223,-0.19015068632076243,-0.09159957,-0.15650307050360246,-0.11884051147413568,-0.18374401325310588,-0.09187366763251192,-0.15677716941148212,-0.05039385760100359,-0.11529735937997379
E01026014,E01026014,Boston 008B,Boston,E01026014,1,2021,0.536361639269075,0.0649035017789702,-0.1311403825097498,44.546325234757774,60.669355196872566,0.0,0.0,0.0,0.0649035017789702,-0.4714581374901048,-0.0662368807307796,-0.6025985199998546,-0.17662650087852622,-0.7129881401476013,-0.2282523443989725,-0.7646139836680474,-0.1307034981300507,-0.6670651373991257,-0.22970434486642166,-0.7660659841354966,-0.11617919023626332,-0.6525408295053383,-0.09388557,-0.6302472100336166,-0.11884051147413568,-0.6552021507432106,-0.06704029034951256,-0.6034019296185875,-0.04576766402805324,-0.5821293032971282
E01026014,E01026014,Boston 008B,Boston,E01026014,1,2022,0.725972059302271,0.536361639269075,0.4714581374901048,44.546325234757774,60.669355196872566,0.0,0.0,0.0,0.536361639269075,-0.18961042003319606,1.0078197767591797,0.2818477174569086,-0.17713755308266127,-0.9031096123849323,-0.22858755063899241,-0.9545596099412634,-0.1307034981300507,-0.8566755574323217,-0.22970434486642166,-0.9556764041686927,-0.11617919023626332,-0.8421512495385344,-0.09388557,-0.8198576300668127,-0.11884051147413568,-0.8448125707764067,-0.06704029034951256,-0.7930123496517836,-0.045709875152785434,-0.7716819344550565
E01026022,E01026022,Boston 008C,Boston,E01026022,1,2020,0.125066638930064,0.319790166326186,0.7165221389877641,50.59545439320491,63.99564337402369,0.0,0.0,0.0,0.319790166326186,0.194723527396122,1.03631230531395,0.911245666383886,-0.4616191509876054,-0.5866857899176694,-0.39102765753634583,-0.5160942964664098,-0.2846224778623725,-0.40968911679243647,-0.36313955394647446,-0.48820619287653844,-0.3397022820821227,-0.4647689210121867,-0.3363006,-0.46136725042603566,-0.3318591930601689,-0.45692583199023296,-0.46296403452676044,-0.5880306734568245,-0.266463730434224,-0.391530369364288
E01026022,E01026022,Boston 008C,Boston,E01026022,1,2021,0.401811727362478,0.125066638930064,-0.194723527396122,50.59545439320491,63.99564337402369,0.0,0.0,0.0,0.125066638930064,-0.27674508843241397,-0.069656888466058,-0.471468615828536,-0.4616191509876054,-0.8634308783500835,-0.39102765753634583,-0.7928393848988238,-0.2846224778623725,-0.6864342052248504,-0.36313955394647446,-0.7649512813089525,-0.3397022820821227,-0.7415140094446007,-0.3363006,-0.7381123388584496,-0.3318591930601689,-0.7336709204226469,-0.46296403452676044,-0.8647757618892384,-0.266463730434224,-0.668275457796702
E01026022,E01026022,Boston 008C,Boston,E01026022,1,2022,-0.005831558190282,0.401811727362478,0.27674508843241397,50.59545439320491,63.99564337402369,0.0,0.0,0.0,0.401811727362478,0.40764328555276,0.678556815794892,0.684388373985174,-0.4572752072524574,-0.4514436490621754,-0.3881784044961768,-0.38234684630589477,-0.2691824811664973,-0.26335092297621526,-0.36541446901983227,-0.35958291082955024,-0.34671265614035685,-0.3408810979500748,-0.3365207,-0.3306891434565228,-0.33604137636711734,-0.3302098181768353,-0.4046536717929411,-0.39882211360265907,-0.2653811956672275,-0.2595496374769455
E01026038,E01026038,Boston 008D,Boston,E01026038,1,2020,0.269500901522154,0.0157568054835776,0.1332840339040646,47.90388700547018,62.65495637354352,0.0,0.0,0.0,0.0157568054835776,-0.2537440960385764,0.1490408393876422,-0.1204600621345118,-0.32426072992467464,-0.5937616314468286,-0.2196366122902975,-0.4891375138124515,-0.3587541836108882,-0.6282550851330422,-0.37986113168986774,-0.6493620332120218,-0.3082561800417204,-0.5777570815638744,-0.30725715,-0.5767580471653883,-0.17279746709666538,-0.4422983686188194,-0.38637480824103876,-0.6558757097631928,-0.3319073218444051,-0.6014082233665591
E01026038,E01026038,Boston 008D,Boston,E01026038,1,2021,0.369449066667294,0.269500901522154,0.2537440960385764,47.90388700547018,62.65495637354352,0.0,0.0,0.0,0.269500901522154,-0.09994816514513999,0.5232449975607304,0.1537959308934364,-0.32702892936373956,-0.6964779960310336,-0.2214523127570718,-0.5909013794243658,-0.36409654984077583,-0.7335456165080698,-0.358945245827913,-0.728394312495207,-0.3082561800417204,-0.6777052467090143,-0.30725715,-0.6767062123105283,-0.17056127599501658,-0.5400103426623106,-0.3740519511693419,-0.7435010178366359,-0.3346629998546137,-0.7041120665219076
E01026038,E01026038,Boston 008D,Boston,E01026038,1,2022,0.520038171735271,0.369449066667294,0.09994816514513999,47.90388700547018,62.65495637354352,0.0,0.0,0.0,0.369449066667294,-0.150589105067977,0.469397231812434,-0.050640939922837025,-0.31970384777113703,-0.839742019506408,-0.2166476899834536,-0.7366858617187246,-0.38653005539312973,-0.9065682271284008,-0.41367520832738625,-0.9337133800626572,-0.31138819642790416,-0.8314263681631752,-0.32789773,-0.8479358992247424,-0.18304299393036372,-0.7030811656656347,-0.40244188047011065,-0.9224800522053817,-0.3313544539547838,-0.8513926256900548
E01026040,E01026040,Boston 008E,Boston,E01026040,1,2020,0.249769013994728,0.384172353156243,0.743817069528734,49.864214036181465,64.22347348994718,0.0,0.0,0.0,0.384172353156243,0.13440333916151498,1.1279894226849771,0.8782204086902492,-0.18459240199711924,-0.43436141599184724,-0.15084951264259547,-0.40061852663732345,-0.16958799085363854,-0.4193570048483666,-0.36336819429767175,-0.6131372082923998,-0.2736499540929102,-0.5234189680876382,-0.20386274,-0.4536317555842742,-0.1818913406177584,-0.4316603546124864,-0.23764897139814703,-0.48741798539287506,-0.21819184483265672,-0.4679608588273847
E01026040,E01026040,Boston 008E,Boston,E01026040,1,2021,1.25607266461705,0.249769013994728,-0.13440333916151498,49.864214036181465,64.22347348994718,0.0,0.0,0.0,0.249769013994728,-1.006303650622322,0.11536567483321303,-1.1407069897838369,-0.18459240199711924,-1.4406650666141692,-0.15084951264259547,-1.4069221772596454,-0.16958799085363854,-1.4256606554706885,-0.36336819429767175,-1.6194408589147216,-0.2736499540929102,-1.5297226187099602,-0.20386274,-1.4599354062065961,-0.1818913406177584,-1.4379640052348084,-0.23764897139814703,-1.493721636015197,-0.21819184483265672,-1.4742645094497067
E01026040,E01026040,Boston 008E,Boston,E01026040,1,2022,1.54420286020275,1.25607266461705,1.006303650622322,49.864214036181465,64.22347348994718,0.0,0.0,0.0,1.25607266461705,-0.2881301955857001,2.262376315239372,0.7181734550366221,-0.18459240199711924,-1.7287952621998692,-0.15084951264259547,-1.6950523728453455,-0.16958799085363854,-1.7137908510563886,-0.36336819429767175,-1.9075710545004219,-0.2736499540929102,-1.8178528142956603,-0.20386274,-1.7480656017922962,-0.1818913406177584,-1.7260942008205085,-0.23764897139814703,-1.781851831600897,-0.21819184483265672,-1.7623947050354067
E01026029,E01034683,Boston 009E,Boston,E01026029,1,2020,0.168716775723949,0.646925583133603,0.5979001054566182,46.84330841354701,61.396458598593064,0.0,0.0,0.0,0.646925583133603,0.47820880740965405,1.2448256885902214,1.0761089128662724,0.029437016358043473,-0.13927975936590553,-0.1322804578412233,-0.3009972335651723,-0.10761011152394204,-0.276326887247891,-0.23504747988061608,-0.4037642556045651,-0.16742274008785119,-0.3361395158118002,-0.15456618,-0.3232829594102054,-0.19084481740078274,-0.35956159312473174,-0.09750936584088807,-0.26622614156483704,-0.19025544818270976,-0.3589722239066587
E01026029,E01034683,Boston 009E,Boston,E01026029,1,2021,0.543857617652634,0.168716775723949,-0.47820880740965405,46.84330841354701,61.396458598593064,0.0,0.0,0.0,0.168716775723949,-0.37514084192868496,-0.30949203168570505,-0.853349649338339,0.023432152959456512,-0.5204254646931774,-0.13621913116145687,-0.6800767488140909,-0.10608323405909494,-0.6499408517117289,-0.2398714046891825,-0.7837290223418165,-0.16742274008785119,-0.7112803577404851,-0.15088746,-0.6947450771691592,-0.19084481740078274,-0.7347024350534167,-0.10008347192311677,-0.6439410895757507,-0.18957642889831292,-0.7334340465509469
E01026029,E01034683,Boston 009E,Boston,E01026029,1,2022,0.715854420767058,0.543857617652634,0.37514084192868496,46.84330841354701,61.396458598593064,0.0,0.0,0.0,0.543857617652634,-0.171996803114424,0.918998459581319,0.20314403881426102,0.024198731265659093,-0.6916556895013989,-0.13571632180142704,-0.851570742568485,-0.10608323405909494,-0.8219376548261529,-0.23814866220799863,-0.9540030829750565,-0.16742274008785119,-0.8832771608549091,-0.1522802,-0.8681346173145662,-0.19084481740078274,-0.9066992381678407,-0.10144230653334409,-0.817296727300402,-0.18966311221121465,-0.9055175329782726
E01026029,E01034684,Boston 009F,Boston,E01026029,1,2020,0.168716775723949,0.646925583133603,0.5979001054566182,46.84330841354701,61.396458598593064,0.0,0.0,0.0,0.646925583133603,0.47820880740965405,1.2448256885902214,1.0761089128662724,0.029437016358043473,-0.13927975936590553,-0.1322804578412233,-0.3009972335651723,-0.10761011152394204,-0.276326887247891,-0.23504747988061608,-0.4037642556045651,-0.16742274008785119,-0.3361395158118002,-0.15456618,-0.3232829594102054,-0.19084481740078274,-0.35956159312473174,-0.09750936584088807,-0.26622614156483704,-0.19025544818270976,-0.3589722239066587
E01026029,E01034684,Boston 009F,Boston,E01026029,1,2021,0.543857617652634,0.168716775723949,-0.47820880740965405,46.84330841354701,61.396458598593064,0.0,0.0,0.0,0.168716775723949,-0.37514084192868496,-0.30949203168570505,-0.853349649338339,0.023432152959456512,-0.5204254646931774,-0.13621913116145687,-0.6800767488140909,-0.10608323405909494,-0.6499408517117289,-0.2398714046891825,-0.7837290223418165,-0.16742274008785119,-0.7112803577404851,-0.15088746,-0.6947450771691592,-0.19084481740078274,-0.7347024350534167,-0.10008347192311677,-0.6439410895757507,-0.18957642889831292,-0.7334340465509469
E01026029,E01034684,Boston 009F,Boston,E01026029,1,2022,0.715854420767058,0.543857617652634,0.37514084192868496,46.84330841354701,61.396458598593064,0.0,0.0,0.0,0.543857617652634,-0.171996803114424,0.918998459581319,0.20314403881426102,0.024198731265659093,-0.6916556895013989,-0.13571632180142704,-0.851570742568485,-0.10608323405909494,-0.8219376548261529,-0.23814866220799863,-0.9540030829750565,-0.16742274008785119,-0.8832771608549091,-0.1522802,-0.8681346173145662,-0.19084481740078274,-0.9066992381678407,-0.10144230653334409,-0.817296727300402,-0.18966311221121465,-0.9055175329782726
E01026031,E01026031,Boston 009B,Boston,E01026031,1,2020,0.866957367481624,0.719157548672549,0.309646723400844,38.79444653882733,59.16978990171622,0.0,0.0,0.0,0.719157548672549,-0.147799818809075,1.028804272073393,0.16184690459176898,0.39869124733615185,-0.46826612014547214,0.29314785628090717,-0.5738095112007169,0.3765141288725769,-0.4904432386090471,0.26694237463283266,-0.6000149928487913,0.36479104078488933,-0.5021663266967347,0.36287305,-0.5040843198913683,0.3536513129226364,-0.5133060545589876,0.31965641292037467,-0.5473009545612493,0.3107480144612699,-0.5562093530203541
E01026031,E01026031,Boston 009B,Boston,E01026031,1,2021,1.47879494579122,0.866957367481624,0.147799818809075,38.79444653882733,59.16978990171622,0.0,0.0,0.0,0.866957367481624,-0.611837578309596,1.014757186290699,-0.46403775950052095,0.39869124733615185,-1.080103698455068,0.29314785628090717,-1.1856470895103128,0.3765141288725769,-1.102280816918643,0.26694237463283266,-1.2118525711583872,0.36479104078488933,-1.1140039050063306,0.36287305,-1.1159218982009642,0.3536513129226364,-1.1251436328685835,0.31965641292037467,-1.1591385328708452,0.3107480144612699,-1.16804693132995
E01026031,E01026031,Boston 009B,Boston,E01026031,1,2022,1.74778983417582,1.47879494579122,0.611837578309596,38.79444653882733,59.16978990171622,0.0,0.0,0.0,1.47879494579122,-0.26899488838460006,2.090632524100816,0.3428426899249959,0.4003521669995908,-1.3474376671762291,0.29423727656097176,-1.4535525576148483,0.3503391841694269,-1.3974506500063932,0.26223607256213544,-1.4855537616136845,0.34850384844240834,-1.3992859857334117,0.3509575,-1.3968323213202902,0.3536513129226364,-1.3941385212531836,0.22870694808122893,-1.519082886094591,0.3050689473612116,-1.4427208868146084
E01026035,E01026035,Boston 009C,Boston,E01026035,1,2020,-0.248599229389372,-0.185439285634057,0.239459643676708,39.675359637583206,60.113658309006155,0.0,0.0,0.0,-0.185439285634057,0.063159943755315,0.054020358042650984,0.302619587432023,-0.37035274923727957,-0.12175351984790755,-0.30125207040215285,-0.05265284101278084,-0.37452407525215436,-0.12592484586278235,-0.3793610043035847,-0.1307617749142127,-0.3817651143044318,-0.13316588491505976,-0.3859378,-0.13733858055478082,-0.3030569771331208,-0.054457747743748786,-0.4524421619479262,-0.20384293255855418,-0.32978911959541446,-0.08118989020604245
E01026035,E01026035,Boston 009C,Boston,E01026035,1,2021,0.196432571788398,-0.248599229389372,-0.063159943755315,39.675359637583206,60.113658309006155,0.0,0.0,0.0,-0.248599229389372,-0.44503180117777,-0.31175917314468704,-0.508191744933085,-0.37035274923727957,-0.5667853210256776,-0.30125207040215285,-0.49768464219055086,-0.37452407525215436,-0.5709566470405524,-0.3793610043035847,-0.5757935760919828,-0.3817651143044318,-0.5781976860928297,-0.3859378,-0.5823703817325508,-0.3030569771331208,-0.4994895489215188,-0.4524421619479262,-0.6488747337363242,-0.32978911959541446,-0.5262216913838125
E01026035,E01026035,Boston 009C,Boston,E01026035,1,2022,0.377004312723357,0.196432571788398,0.44503180117777,39.675359637583206,60.113658309006155,0.0,0.0,0.0,0.196432571788398,-0.18057174093495898,0.641464372966168,0.264460060242811,-0.37035274923727957,-0.7473570619606366,-0.30125207040215285,-0.6782563831255098,-0.37452407525215436,-0.7515283879755114,-0.3793610043035847,-0.7563653170269418,-0.3817651143044318,-0.7587694270277887,-0.3859378,-0.7629421226675098,-0.3030569771331208,-0.6800612898564777,-0.4524421619479262,-0.8294464746712832,-0.32978911959541446,-0.7067934323187715
E01026055,E01026055,East Lindsey 013C,East Lindsey,E01026055,1,2020,0.426070558552913,0.782981878717602,0.49963193277863205,38.05692690441089,48.92370867744225,0.0,0.0,0.0,0.782981878717602,0.35691132016468907,1.2826138114962342,0.8565432529433212,0.2395438408910444,-0.18652671766186857,0.08861828989772921,-0.33745226865518374,0.03825427115950391,-0.38781628739340906,0.006578791549873153,-0.4194917670030398,0.02137733025881159,-0.40469322829410137,0.039529886,-0.38654067245619705,-0.028231834644951465,-0.4543023931978645,0.07287055185509525,-0.3532000066978177,0.022357131369336924,-0.40371342718357606
E01026055,E01026055,East Lindsey 013C,East Lindsey,E01026055,1,2021,0.834905741070061,0.426070558552913,-0.35691132016468907,38.05692690441089,48.92370867744225,0.0,0.0,0.0,0.426070558552913,-0.408835182517148,0.06915923838822391,-0.7657465026818371,0.2395438408910444,-0.5953619001790166,0.08861828989772921,-0.7462874511723318,0.03825427115950391,-0.7966514699105571,0.006578791549873153,-0.8283269495201878,0.02137733025881159,-0.8135284108112494,0.039529886,-0.7953758549733451,-0.028231834644951465,-0.8631375757150125,0.07287055185509525,-0.7620351892149657,0.022357131369336924,-0.8125486097007241
E01026055,E01026055,East Lindsey 013C,East Lindsey,E01026055,1,2022,0.674518912807399,0.834905741070061,0.408835182517148,38.05692690441089,48.92370867744225,0.0,0.0,0.0,0.834905741070061,0.16038682826266204,1.243740923587209,0.56922201077981,0.2395438408910444,-0.43497507191635454,0.08861828989772921,-0.5859006229096697,0.03825427115950391,-0.6362646416478951,0.006578791549873153,-0.6679401212575258,0.02137733025881159,-0.6531415825485873,0.039529886,-0.634989026710683,-0.028231834644951465,-0.7027507474523504,0.07287055185509525,-0.6016483609523037,0.022357131369336924,-0.652161781438062
E01026059,E01026059,East Lindsey 013D,East Lindsey,E01026059,1,2020,1.20334519323254,0.766648739044654,0.07404255974795304,41.84469764901349,51.907778330564916,0.0,0.0,0.0,0.766648739044654,-0.43669645418788605,0.8406912987926071,-0.362653894439933,0.2343247120634962,-0.9690204811690439,0.20046864616923477,-1.0028765470633054,0.2482294159682453,-0.9551157772642948,0.21305128203466508,-0.990293911197875,0.20692812302815303,-0.9964170702043871,0.23026425,-0.9730809467687644,0.12393962760199789,-1.0794055656305421,0.2649425213077338,-0.9384026719248062,0.27724822742449373,-0.9260969658080463
E01026059,E01026059,East Lindsey 013D,East Lindsey,E01026059,1,2021,1.34125111897751,1.20334519323254,0.43669645418788605,41.84469764901349,51.907778330564916,0.0,0.0,0.0,1.20334519323254,-0.13790592574496996,1.6400416474204262,0.2987905284429162,0.2343247120634962,-1.106926406914014,0.20046864616923477,-1.1407824728082754,0.2482294159682453,-1.0930217030092648,0.21305128203466508,-1.128199836942845,0.20692812302815303,-1.134322995949357,0.23026425,-1.1109868725137344,0.12393962760199789,-1.217311491375512,0.2649425213077338,-1.0763085976697762,0.27724822742449373,-1.0640028915530162
E01026059,E01026059,East Lindsey 013D,East Lindsey,E01026059,1,2022,1.0937284039928,1.34125111897751,0.13790592574496996,41.84469764901349,51.907778330564916,0.0,0.0,0.0,1.34125111897751,0.24752271498471012,1.47915704472248,0.3854286407296801,0.2343247120634962,-0.8594036919293038,0.20046864616923477,-0.8932597578235651,0.2482294159682453,-0.8454989880245546,0.21305128203466508,-0.8806771219581349,0.20692812302815303,-0.8868002809646469,0.23026425,-0.8634641575290243,0.12393962760199789,-0.969788776390802,0.2649425213077338,-0.828785882685066,0.27724822742449373,-0.8164801765683062
E01026100,E01026100,East Lindsey 013E,East Lindsey,E01026100,1,2020,0.850455721675981,0.412842448934307,0.217580026634974,41.96722669727368,52.349928867863156,0.0,0.0,0.0,0.412842448934307,-0.43761327274167405,0.630422475569281,-0.22003324610670005,0.012224089983532402,-0.8382316316924486,0.036115051211465264,-0.8143406704645157,0.02107949549596143,-0.8293762261800196,-0.041602223830599805,-0.8920579455065809,0.09598538944638654,-0.7544703322295945,0.085258596,-0.7651971260305533,0.15910565890576964,-0.6913500627702114,0.17806235489563133,-0.6723933667803497,0.041211234120990745,-0.8092444875549903
E01026100,E01026100,East Lindsey 013E,East Lindsey,E01026100,1,2021,1.17352678592691,0.850455721675981,0.43761327274167405,41.96722669727368,52.349928867863156,0.0,0.0,0.0,0.850455721675981,-0.323071064250929,1.288068994417655,0.11454220849074503,0.011755625463075278,-1.1617711604638348,0.03580777882478039,-1.1377190071021297,0.02539336139220218,-1.148133424534708,-0.03938425449273071,-1.2129110404196408,0.07481848089316491,-1.0987083050337452,0.08300781,-1.09051897342691,0.17696736522085582,-0.9965594207060542,0.11857372759594664,-1.0549530583309634,0.03574799773220136,-1.1377787881947088
E01026100,E01026100,East Lindsey 013E,East Lindsey,E01026100,1,2022,1.31214769657372,1.17352678592691,0.323071064250929,41.96722669727368,52.349928867863156,0.0,0.0,0.0,1.17352678592691,-0.13862091064680993,1.4965978501778392,0.1844501536041192,0.012224089983532402,-1.2999236065901876,0.036115051211465264,-1.2760326453622548,0.02107949549596143,-1.2910682010777585,-0.041602223830599805,-1.3537499204043197,0.09598538944638654,-1.2161623071273335,0.085258596,-1.2268891009282923,0.15910565890576964,-1.1530420376679504,0.17806235489563133,-1.1340853416780887,0.041211234120990745,-1.2709364624527293
E01026101,E01026101,East Lindsey 013F,East Lindsey,E01026101,1,2020,1.85824496387201,2.00352155483667,0.8416189627339501,42.04646299670058,52.37816789083575,0.0,0.0,0.0,2.00352155483667,0.14527659096466006,2.84514051757062,0.9868955536986099,0.9970062560492357,-0.8612387078227743,0.8809172398489186,-0.9773277240230914,1.2446727394425487,-0.6135722244294612,1.1467575368940464,-0.7114874269779636,1.4867296536290358,-0.37151531024297424,1.4716364,-0.3866085493441169,1.1097318844988608,-0.7485130793731491,1.2944933400838987,-0.5637516237881113,1.422341715884694,-0.43590324798731594
E01026101,E01026101,East Lindsey 013F,East Lindsey,E01026101,1,2021,2.18554995149741,1.85824496387201,-0.14527659096466006,42.04646299670058,52.37816789083575,0.0,0.0,0.0,1.85824496387201,-0.32730498762540017,1.71296837290735,-0.4725815785900602,0.9904477527628357,-1.1951021987345745,0.8766154264353301,-1.30893452506208,1.0748623286551986,-1.1106876228422116,1.1234134000744889,-1.0621365514229213,1.1617644655518555,-1.0237854859455546,1.1889621,-0.9965878495610698,1.0815875474150887,-1.1039624040823215,1.3753809127847052,-0.810169038712705,1.0727948942252161,-1.112755057272194
E01026101,E01026101,East Lindsey 013F,East Lindsey,E01026101,1,2022,2.1379582510682,2.18554995149741,0.32730498762540017,42.04646299670058,52.37816789083575,0.0,0.0,0.0,2.18554995149741,0.04759170042921035,2.5128549391228105,0.37489668805461074,0.9871685011196356,-1.1507897499485642,0.8744645197285359,-1.263493731339664,1.0812344940323784,-1.0567237570358214,1.126239611553055,-1.0117186395151447,1.1400365564798667,-0.9979216945883331,1.1710145,-0.9669437037201773,1.08944516445113,-1.0485130866170698,1.2640049095105135,-0.8739533415576863,1.073013787970086,-1.0649444630981137
E01026092,E01026092,East Lindsey 014A,East Lindsey,E01026092,1,2020,1.9715821816332,2.56114103607098,0.94715976814212,24.581027867823344,38.31527912810095,0.0,0.0,0.0,2.56114103607098,0.5895588544377801,3.5083008042131,1.5367186225798999,1.2424947063479261,-0.7290874752852738,1.0887487669320133,-0.8828334147011867,1.8499124439601098,-0.1216697376730902,1.8354726049771917,-0.1361095766560083,1.8276017369702477,-0.14398044466295223,1.8039776,-0.16760457295247488,1.6861161748150797,-0.2854660068181203,1.9016332810604926,-0.06994890057270742,1.7233879946296469,-0.2481941870035531
E01026092,E01026092,East Lindsey 014A,East Lindsey,E01026092,1,2021,2.61650415401046,1.9715821816332,-0.5895588544377801,24.581027867823344,38.31527912810095,0.0,0.0,0.0,1.9715821816332,-0.6449219723772599,1.3820233271954199,-1.23448082681504,1.2449647920012457,-1.3715393620092142,1.0903689304254427,-1.5261352235850172,1.8499124439601098,-0.7665917100503501,1.8341478113691172,-0.7823563426413427,1.8276017369702477,-0.7889024170402121,1.8056159,-0.8108882520634384,1.6861161748150797,-0.9303879791953802,1.893889073357524,-0.7226150806529359,1.7231086817325192,-0.8933954722779407
E01026092,E01026092,East Lindsey 014A,East Lindsey,E01026092,1,2022,2.42223611079165,2.61650415401046,0.6449219723772599,24.581027867823344,38.31527912810095,0.0,0.0,0.0,2.61650415401046,0.19426804321880997,3.26142612638772,0.8391900155960701,1.2449647920012457,-1.1772713187904043,1.0903689304254427,-1.3318671803662072,1.8499124439601098,-0.5723236668315401,1.8341478113691172,-0.5880882994225327,1.8276017369702477,-0.5946343738214022,1.8056159,-0.6166202088446284,1.6861161748150797,-0.7361199359765702,1.893889073357524,-0.5283470374341259,1.7231086817325192,-0.6991274290591307
E01026093,E01026093,East Lindsey 014B,East Lindsey,E01026093,1,2020,2.28216886327586,2.41418165196057,0.5234459073323301,23.983385212777506,38.36444344012714,0.0,0.0,0.0,2.41418165196057,0.13201278868471,2.9376275592929,0.6554586960170399,1.711479148375035,-0.5706897149008252,1.6132458817191129,-0.6689229815567472,1.7058503863721322,-0.576318476903728,1.615800029555016,-0.6663688337208442,1.711025540580276,-0.5711433226955842,1.7168097,-0.5653591136725886,1.7318128905229457,-0.5503559727529144,1.6725090652340362,-0.6096597980418239,1.5405382760546367,-0.7416305872212234
E01026093,E01026093,East Lindsey 014B,East Lindsey,E01026093,1,2021,2.87784730043926,2.28216886327586,-0.13201278868471,23.983385212777506,38.36444344012714,0.0,0.0,0.0,2.28216886327586,-0.5956784371634001,2.15015607459115,-0.7276912258481101,1.7123309020485935,-1.1655163983906667,1.6138045587858127,-1.2640427416534474,1.7058503863721322,-1.171996914067128,1.615800029555016,-1.2620472708842443,1.711025540580276,-1.1668217598589843,1.7168097,-1.1610375508359887,1.7318128905229457,-1.1460344099163144,1.6725090652340362,-1.205338235205224,1.5404419612625238,-1.3374053391767364
E01026093,E01026093,East Lindsey 014B,East Lindsey,E01026093,1,2022,3.05637846500307,2.87784730043926,0.5956784371634001,23.983385212777506,38.36444344012714,0.0,0.0,0.0,2.87784730043926,-0.17853116456380969,3.4735257376026603,0.4171472725995904,1.7183357654471805,-1.3380426995558894,1.6177432321060463,-1.4386352328970236,1.7044995858702388,-1.3518788791328311,1.615800029555016,-1.440578435448054,1.711025540580276,-1.345352924422794,1.6737778,-1.3826006463232603,1.7318128905229457,-1.3245655744801241,1.6721445309424516,-1.3842339340606182,1.5212681529068484,-1.5351103120962215
E01026095,E01026095,East Lindsey 014C,East Lindsey,E01026095,1,2020,2.97795037069339,4.13372248788648,1.99167991914925,23.73301166688978,38.29298433998008,0.0,0.0,0.0,4.13372248788648,1.1557721171930901,6.125402407035731,3.1474520363423406,1.3104113617506106,-1.6675390089427795,0.9901095608524015,-1.9878408098409885,2.120225326289354,-0.8577250444040363,2.341072385247627,-0.6368779854457629,2.382343236057016,-0.5956071346363743,2.403072,-0.5748782519342348,2.1388714876126347,-0.8390788830807554,2.4515609037636295,-0.5263894669297606,2.3569634437346543,-0.6209869269587358
E01026095,E01026095,East Lindsey 014C,East Lindsey,E01026095,1,2021,3.42372238294777,2.97795037069339,-1.1557721171930901,23.73301166688978,38.29298433998008,0.0,0.0,0.0,2.97795037069339,-0.44577201225438,1.8221782535003,-1.6015441294474702,1.308537503668782,-2.115184879278988,0.988880471305662,-2.434841911642108,2.1425950261850337,-1.2811273567627364,2.341072385247627,-1.082649997700143,2.382343236057016,-1.0413791468907543,2.4474053,-0.9763170446604166,2.1388714876126347,-1.2848508953351354,2.451948894130355,-0.9717734888174152,2.3701902526195897,-1.0535321303281804
E01026095,E01026095,East Lindsey 014C,East Lindsey,E01026095,1,2022,3.84177292509541,3.42372238294777,0.44577201225438,23.73301166688978,38.29298433998008,0.0,0.0,0.0,3.42372238294777,-0.4180505421476397,3.86949439520215,0.02772147010674031,1.309176318923951,-2.5325966061714587,0.9892994791056868,-2.852473445989723,2.1420029050174603,-1.6997700200779495,2.341072385247627,-1.5007005398477826,2.382343236057016,-1.459429689038394,2.4474053,-1.3943675868080563,2.1388714876126347,-1.7029014374827751,2.451948894130355,-1.389824030965055,2.370118016525505,-1.4716549085699047
E01026114,E01026114,East Lindsey 014D,East Lindsey,E01026114,1,2020,1.99263060615272,1.83669964853998,0.68915855016302,22.38717729981723,38.369529278469976,0.0,0.0,0.0,1.83669964853998,-0.1559309576127399,2.525858198703,0.5332275925502803,1.3447566183529813,-0.6478739877997386,1.151678507809816,-0.840952098342904,1.5173201100657894,-0.47531049608693055,1.448623998533129,-0.5440066076195909,1.5267168666930777,-0.4659137394596422,1.4895416,-0.5030889563342995,1.5398146289610959,-0.45281597719162403,1.374112703227996,-0.6185179029247239,1.3644655697313226,-0.6281650364213973
E01026114,E01026114,East Lindsey 014D,East Lindsey,E01026114,1,2021,2.35143327404094,1.99263060615272,0.1559309576127399,22.38717729981723,38.369529278469976,0.0,0.0,0.0,1.99263060615272,-0.3588026678882199,2.14856156376546,-0.2028717102754798,1.343393812475288,-1.0080394615656518,1.1507846245030964,-1.2006486495378434,1.5173201100657894,-0.8341131639751505,1.448623998533129,-0.9028092755078108,1.5267168666930777,-0.8247164073478621,1.4895416,-0.8618916242225194,1.5398146289610959,-0.8116186450798439,1.374112703227996,-0.9773205708129438,1.3646196733987033,-0.9868136006422366
E01026114,E01026114,East Lindsey 014D,East Lindsey,E01026114,1,2022,2.62701907205192,2.35143327404094,0.3588026678882199,22.38717729981723,38.369529278469976,0.0,0.0,0.0,2.35143327404094,-0.2755857980109804,2.7102359419291595,0.08321686987723931,1.3490153867207735,-1.2780036853311467,1.154471893143315,-1.472547178908605,1.5173201100657894,-1.1096989619861308,1.4481999710510238,-1.1788191010008964,1.5267168666930777,-1.1003022053588425,1.4895416,-1.1374774222334998,1.5398146289610959,-1.0872044430908243,1.374112703227996,-1.2529063688239241,1.3639839957707574,-1.2630350762811628
E01026083,E01026083,East Lindsey 015A,East Lindsey,E01026083,1,2020,2.69032716574292,2.90330259906404,0.3807859776179203,22.834044945954748,38.41955634897351,0.0,0.0,0.0,2.90330259906404,0.21297543332112,3.2840885766819605,0.5937614109390403,1.278209369119253,-1.412117796623667,1.3653538097477576,-1.3249733559951626,1.9800871991338271,-0.710239966609093,1.9225698519283931,-0.767757313814527,1.9385629433982918,-0.7517642223446284,1.9890236,-0.7013035994968875,1.72846111816061,-0.9618660475823102,1.950799150474976,-0.7395280152679442,1.923325533655088,-0.7670016320878321
E01026083,E01026083,East Lindsey 015A,East Lindsey,E01026083,1,2021,3.10205335813375,2.69032716574292,-0.21297543332112,22.834044945954748,38.41955634897351,0.0,0.0,0.0,2.69032716574292,-0.41172619239082975,2.4773517324218,-0.6247016257119498,1.2751856435781206,-1.8268677145556294,1.3633705061609733,-1.7386828519727766,1.9751081757188258,-1.1269451824149241,1.9225698519283931,-1.1794835062053568,1.9385629433982918,-1.1634904147354581,1.9890236,-1.1130297918877172,1.72846111816061,-1.37359223997314,1.9568868096395307,-1.1451665484942193,1.9236674511670893,-1.1783859069666607
E01026083,E01026083,East Lindsey 015A,East Lindsey,E01026083,1,2022,3.65251987408393,3.10205335813375,0.41172619239082975,22.834044945954748,38.41955634897351,0.0,0.0,0.0,3.10205335813375,-0.55046651595018,3.5137795505245797,-0.1387403235593503,1.2756966957822558,-2.376823178301674,1.3637057124009933,-2.2888141616829367,1.9792724356184677,-1.6732474384654623,1.9225698519283931,-1.7299500221555368,1.9385629433982918,-1.7139569306856381,1.9890236,-1.6634963078378973,1.72846111816061,-1.92405875592332,1.9581089751031173,-1.6944108989808127,1.9236096622918215,-1.7289102117921085
E01026094,E01026094,East Lindsey 015B,East Lindsey,E01026094,1,2020,2.06309499549582,1.88555028124179,0.6529759212786899,23.621336925941172,38.29515497498962,0.0,0.0,0.0,1.88555028124179,-0.17754471425403007,2.5385262025204796,0.4754312070246596,1.0587746886300766,-1.0043203068657434,1.0223707211033926,-1.0407242743924274,1.3004900081686508,-0.7626049873271692,1.2003082127790394,-0.8627867827167806,1.299631225565884,-0.763463769929936,1.3151962,-0.74789883899405,1.430768527390908,-0.6323264681049119,1.4328265425852509,-0.6302684529105691,1.0431067226984225,-1.0199882727973975
E01026094,E01026094,East Lindsey 015B,East Lindsey,E01026094,1,2021,2.28516219500728,2.06309499549582,0.17754471425403007,23.621336925941172,38.29515497498962,0.0,0.0,0.0,2.06309499549582,-0.2220671995114598,2.24063970974985,-0.04452248525742997,1.0501719765271365,-1.2349902184801433,1.0167280827297247,-1.268434112277555,1.2321973362160126,-1.0529648587912672,1.1509781657201141,-1.1341840292871657,1.2877687817246877,-0.9973934132825921,1.2894231,-0.9957390869063887,1.3571843929036733,-0.9279778021036065,1.38158339101232,-0.9035788039949597,1.043648284462488,-1.2415139105447919
E01026094,E01026094,East Lindsey 015B,East Lindsey,E01026094,1,2022,2.57522745001482,2.28516219500728,0.2220671995114598,23.621336925941172,38.29515497498962,0.0,0.0,0.0,2.28516219500728,-0.2900652550075402,2.5072293945187396,-0.0679980554960804,1.0569434182319262,-1.5182840317828938,1.0211695654099882,-1.5540578846048319,1.2917450180353292,-1.2834824319794909,1.1966892121471395,-1.3785382378676805,1.2969884452086975,-1.2782390048061225,1.3197879,-1.255439590098133,1.4163991068338655,-1.1588283431809545,1.4239943719302894,-1.1512330780845306,1.0433137995014654,-1.5319136505133546
E01026096,E01026096,East Lindsey 015C,East Lindsey,E01026096,1,2020,1.05037676695617,0.990955372559378,0.5728048144604541,24.807193165812418,38.185577820402905,0.0,0.0,0.0,0.990955372559378,-0.05942139439679206,1.563760187019832,0.513383420063662,0.13064444617206727,-0.9197323207841028,-0.015472095384394244,-1.0658488623405644,0.21370979676696691,-0.8366669701892032,0.1961831350482632,-0.8541936319079069,0.3326870363216767,-0.7176897306344934,0.3398012,-0.7105755746725397,0.20775300012666542,-0.8426237668295047,0.5118044055312125,-0.5385723614249576,0.3602502354305477,-0.6901265315256224
E01026096,E01026096,East Lindsey 015C,East Lindsey,E01026096,1,2021,1.11766844933573,1.05037676695617,0.05942139439679206,24.807193165812418,38.185577820402905,0.0,0.0,0.0,1.05037676695617,-0.06729168237955996,1.1097981613529622,-0.007870287982767898,0.12868541272288286,-0.9889830366128471,-0.016757052637803777,-1.1344255019735339,0.22564680047205948,-0.8920216488636705,0.1961831350482632,-0.9214853142874668,0.3326870363216767,-0.7849814130140533,0.3398012,-0.7778672570520997,0.20797315332129784,-0.9096952960144322,0.49117587779043864,-0.6264925715452914,0.3604717594524076,-0.7571966898833224
E01026096,E01026096,East Lindsey 015C,East Lindsey,E01026096,1,2022,1.30694409464577,1.11766844933573,0.06729168237955996,24.807193165812418,38.185577820402905,0.0,0.0,0.0,1.11766844933573,-0.18927564531003993,1.18496013171529,-0.12198396293047997,0.12676896695737638,-1.1801751276883936,-0.018014076037878315,-1.3249581706836484,0.2250394520214429,-1.081904642624327,0.194687143725615,-1.112256950920155,0.3326870363216767,-0.9742570583240933,0.3350817,-0.971862398135455,0.2003736821444982,-1.1065704125012719,0.4800818260106184,-0.8268622686351517,0.3606884677346619,-0.9462556269111081
E01026097,E01026097,East Lindsey 015D,East Lindsey,E01026097,1,2020,1.54253168678054,1.86693836124671,0.43396498040866005,24.3069477595176,38.24920982476532,0.0,0.0,0.0,1.86693836124671,0.32440667446617,2.30090334165537,0.75837165487483,1.2691407798029433,-0.2733909069775968,1.1445039535210009,-0.3980277332595392,1.0273902048622772,-0.5151414819182629,0.8877913322036619,-0.6547403545768782,1.1169090961612724,-0.42562259061926766,1.0915843,-0.45094736194380913,1.2784124174463543,-0.26411926933418584,1.0676909835111152,-0.47484070326942485,0.884638117226729,-0.6578935695538111
E01026097,E01026097,East Lindsey 015D,East Lindsey,E01026097,1,2021,2.29023689451926,1.54253168678054,-0.32440667446617,24.3069477595176,38.24920982476532,0.0,0.0,0.0,1.54253168678054,-0.7477052077387201,1.21812501231437,-1.07211188220489,1.2685871399151303,-1.0216497546041299,1.1441408134276458,-1.1460960810916143,1.0273902048622772,-1.262846689656983,0.8877913322036619,-1.4024455623155982,1.1169090961612724,-1.1733277983579877,1.0915843,-1.1986525696825292,1.2609970528256933,-1.0292398416935669,1.0546742348364395,-1.2355626596828206,0.8847007218416025,-1.4055361726776576
E01026097,E01026097,East Lindsey 015D,East Lindsey,E01026097,1,2022,1.7840151823605,2.29023689451926,0.7477052077387201,24.3069477595176,38.24920982476532,0.0,0.0,0.0,2.29023689451926,0.5062217121587602,3.03794210225798,1.25392691989748,1.2696944196907562,-0.5143207626697437,1.1448670936143557,-0.6391480887461443,1.045286216094138,-0.7387289662663619,0.8958133097942148,-0.8882018725662851,1.1169090961612724,-0.6671060861992275,1.0915843,-0.692430857523769,1.2790360647656103,-0.5049791175948897,1.0777804684044545,-0.7062347139560454,0.8845755126118557,-0.8994396697486442
E01026051,E01026051,East Lindsey 016A,East Lindsey,E01026051,1,2020,0.414006672594957,0.250708507663204,0.14696300985891303,49.829135192413716,58.87605660755162,0.0,0.0,0.0,0.250708507663204,-0.16329816493175298,0.39767151752211705,-0.016335155072839946,-0.2979721715406119,-0.7119788441355689,-0.19114105636790377,-0.6051477289628607,-0.09436596171826656,-0.5083726343132235,-0.21453283741027704,-0.628539510005234,-0.1153139141947139,-0.5293205867896709,-0.11386597,-0.5278726441602035,-0.16255129749270425,-0.5765579700876613,-0.20765654394590033,-0.6216632165408573,-0.07689297461548256,-0.49089964721043955
E01026051,E01026051,East Lindsey 016A,East Lindsey,E01026051,1,2021,0.912570738842816,0.414006672594957,0.16329816493175298,49.829135192413716,58.87605660755162,0.0,0.0,0.0,0.414006672594957,-0.49856406624785904,0.57730483752671,-0.335265901316106,-0.3138999652361546,-1.2264707040789706,-0.20158831751519,-1.114159056358006,-0.09197683148192659,-1.0045475703247426,-0.22783290980139456,-1.1404036486442106,-0.08627085139585827,-0.9988415902386742,-0.11134757,-1.023918309858174,-0.16255129749270425,-1.0751220363355203,-0.1619874134309989,-1.074558152273815,-0.07214940713819726,-0.9847201459810133
E01026051,E01026051,East Lindsey 016A,East Lindsey,E01026051,1,2022,0.586966059136503,0.912570738842816,0.49856406624785904,49.829135192413716,58.87605660755162,0.0,0.0,0.0,0.912570738842816,0.325604679706313,1.4111348050906751,0.8241687459541721,-0.3093856707662949,-0.8963517299027979,-0.19862732906168104,-0.785593388198184,-0.09330246759188764,-0.6802685267283907,-0.2235128683723516,-0.8104789275088546,-0.08463082963099208,-0.6715968887674951,-0.11134757,-0.698313630151861,-0.16255129749270425,-0.7495173566292073,-0.15407253540553295,-0.7410385945420359,-0.07265987553639626,-0.6596259346728993
E01026052,E01026052,East Lindsey 016B,East Lindsey,E01026052,1,2020,1.28267336775852,0.9778793405089,0.8782439531697324,49.518605422412755,58.57245738447141,0.0,0.0,0.0,0.9778793405089,-0.30479402724962,1.8561232936786323,0.5734499259201122,-0.30020509876341184,-1.5828784665219318,-0.08242882643688243,-1.3651021941954025,-0.020484317753876838,-1.303157685512397,-0.12923879414138592,-1.411912161899906,-0.059071484227011126,-1.341744851985531,-0.040989123,-1.3236624910433368,-0.08356512594704404,-1.366238493705564,-0.09138234745849112,-1.3740557152170112,0.011041887426310053,-1.27163148033221
E01026052,E01026052,East Lindsey 016B,East Lindsey,E01026052,1,2021,1.43754230528971,1.28267336775852,0.30479402724962,49.518605422412755,58.57245738447141,0.0,0.0,0.0,1.28267336775852,-0.15486893753119002,1.5874673950081402,0.1499250897184301,-0.2962444441813652,-1.7337867494710753,-0.07983097807672837,-1.5173732833664384,-0.020537314685453067,-1.458079619975163,-0.12923879414138592,-1.566781099431096,-0.059071484227011126,-1.496613789516721,-0.040989123,-1.4785314285745268,-0.08356512594704404,-1.521107431236754,-0.07684007693602132,-1.5143823822257314,0.010594023642984507,-1.4269482816467256
E01026052,E01026052,East Lindsey 016B,East Lindsey,E01026052,1,2022,1.142378764977,1.43754230528971,0.15486893753119002,49.518605422412755,58.57245738447141,0.0,0.0,0.0,1.43754230528971,0.29516354031270997,1.5924112428209,0.4500324778439,-0.3068913651008456,-1.4492701300778457,-0.08681444141047581,-1.229193206387476,-0.016774346601431626,-1.1591531115784317,-0.12962670740764173,-1.272005472384642,-0.04423963919545615,-1.1866184041724561,-0.04053907,-1.1829178359408596,-0.08401050029567517,-1.2263892652726753,-0.08853485318814586,-1.2309136181651459,0.02614612950134962,-1.1162326354756504
E01026053,E01026053,East Lindsey 016C,East Lindsey,E01026053,1,2020,0.184084736820387,0.12844449372859,0.416554558130672,52.420749213731774,61.20198736023907,0.0,0.0,0.0,0.12844449372859,-0.05564024309179702,0.544999051859262,0.360914315038875,-0.5805487539782974,-0.7646334907986845,-0.474845900016302,-0.658930636836689,-0.2623960372157272,-0.4464807740361142,-0.3401201857611573,-0.5242049225815444,-0.2620387132574573,-0.4461234500778443,-0.2848764,-0.46896114301316655,-0.2817467587025223,-0.4658314955229093,-0.2927426328876331,-0.4768273697080201,-0.1991617391243564,-0.38324647594474337
E01026053,E01026053,East Lindsey 016C,East Lindsey,E01026053,1,2021,0.613652840240899,0.184084736820387,0.05564024309179702,52.420749213731774,61.20198736023907,0.0,0.0,0.0,0.184084736820387,-0.42956810342051194,0.23972497991218403,-0.37392786032871494,-0.5805487539782974,-1.1942015942191964,-0.474845900016302,-1.0884987402572008,-0.2623960372157272,-0.8760488774566262,-0.3401201857611573,-0.9537730260020563,-0.2620387132574573,-0.8756915534983563,-0.2848764,-0.8985292464336785,-0.2817467587025223,-0.8953995989434212,-0.2927426328876331,-0.906395473128532,-0.1991617391243564,-0.8128145793652554
E01026053,E01026053,East Lindsey 016C,East Lindsey,E01026053,1,2022,0.456063962731012,0.613652840240899,0.42956810342051194,52.420749213731774,61.20198736023907,0.0,0.0,0.0,0.613652840240899,0.15758887750988693,1.0432209436614108,0.5871569809303988,-0.5771843269677415,-1.0332482896987534,-0.47263912560283783,-0.9287030883338498,-0.2623960372157272,-0.7184599999467391,-0.3383344245441507,-0.7943983872751628,-0.2620387132574573,-0.7181026759884693,-0.2848764,-0.7409403689237916,-0.2817467587025223,-0.7378107214335343,-0.2927426328876331,-0.7488065956186452,-0.19954218255320283,-0.6556061452842148
E01026054,E01026054,East Lindsey 016D,East Lindsey,E01026054,1,2020,1.04318341485044,1.30122045376076,0.5633122826819379,49.18760345800061,58.396558779713594,0.0,0.0,0.0,1.30122045376076,0.2580370389103199,1.8645327364426978,0.8213493215922578,0.30145439121917916,-0.7417290236312608,0.18050873431788733,-0.8626746805325527,0.41463442459158967,-0.6285489902588504,0.322552340937605,-0.720631073912835,0.42927756503350717,-0.6139058498169327,0.4419104,-0.6012730287649297,0.3049334978594556,-0.7382499169909844,0.5353992453615561,-0.5077841694888838,0.37053661927354065,-0.6726467955768993
E01026054,E01026054,East Lindsey 016D,East Lindsey,E01026054,1,2021,1.29519629797309,1.04318341485044,-0.2580370389103199,49.18760345800061,58.396558779713594,0.0,0.0,0.0,1.04318341485044,-0.25201288312265,0.78514637594012,-0.51004992203297,0.29711044748403115,-0.9980858504890588,0.1776594812777184,-1.1175368166953716,0.41463442459158967,-0.8805618733815004,0.322552340937605,-0.972643957035485,0.42927756503350717,-0.8659187329395828,0.4419104,-0.8532859118875797,0.3049334978594556,-0.9902628001136344,0.5383764602372296,-0.7568198377358604,0.37102782471331697,-0.924168473259773
E01026054,E01026054,East Lindsey 016D,East Lindsey,E01026054,1,2022,1.22567559225164,1.29519629797309,0.25201288312265,49.18760345800061,58.396558779713594,0.0,0.0,0.0,1.29519629797309,0.06952070572144997,1.54720918109574,0.3215335888441,0.29391637120818703,-0.931759221043453,0.17556444227759416,-1.0501111499740459,0.41463442459158967,-0.8110411676600504,0.3197777776153522,-0.9058978146362878,0.42927756503350717,-0.7963980272181328,0.4419104,-0.7837652061661298,0.3049334978594556,-0.9207420943921845,0.5383764602372296,-0.6872991320144104,0.37138900518374085,-0.8542865870678992
E01026118,E01026118,East Lindsey 016E,East Lindsey,E01026118,1,2020,0.566454286041191,0.345468590058682,0.5488208058864801,70.46248841242226,77.80082067445336,0.0,0.0,0.0,0.345468590058682,-0.22098569598250895,0.8942893959451621,0.32783510990397113,-0.4514226583366019,-1.0178769443777929,-0.3070078278920375,-0.8734621139332285,-0.401437062770702,-0.967891348811893,-0.5490187688456419,-1.115473054886833,-0.40404622390461753,-0.9705005099458085,-0.3652155,-0.9316697961711196,-0.35078203482952114,-0.9172363208707122,-0.4887500118269536,-1.0552042978681446,-0.3461188335101488,-0.9125731195513398
E01026118,E01026118,East Lindsey 016E,East Lindsey,E01026118,1,2021,0.4673719506638,0.566454286041191,0.22098569598250895,70.46248841242226,77.80082067445336,0.0,0.0,0.0,0.566454286041191,0.09908233537739097,0.7874399820236999,0.3200680313598999,-0.4514226583366019,-0.9187946090004019,-0.3070078278920375,-0.7743797785558375,-0.401437062770702,-0.868809013434502,-0.5490187688456419,-1.016390719509442,-0.40404622390461753,-0.8714181745684175,-0.3652155,-0.8325874607937286,-0.35078203482952114,-0.8181539854933211,-0.4887500118269536,-0.9561219624907535,-0.3461188335101488,-0.8134907841739488
E01026118,E01026118,East Lindsey 016E,East Lindsey,E01026118,1,2022,0.516397277615847,0.4673719506638,-0.09908233537739097,70.46248841242226,77.80082067445336,0.0,0.0,0.0,0.4673719506638,-0.04902532695204698,0.368289615286409,-0.14810766232943795,-0.4514226583366019,-0.9678199359524489,-0.3070078278920375,-0.8234051055078845,-0.401437062770702,-0.917834340386549,-0.5490187688456419,-1.0654160464614888,-0.40404622390461753,-0.9204435015204645,-0.3652155,-0.8816127877457756,-0.35078203482952114,-0.8671793124453682,-0.4887500118269536,-1.0051472894428006,-0.3461188335101488,-0.8625161111259958
E01026119,E01026119,East Lindsey 016F,East Lindsey,E01026119,1,2020,0.876709400254363,0.645979804508354,0.7284859834681271,69.96660004603935,77.40173866264328,0.0,0.0,0.0,0.645979804508354,-0.23072959574600893,1.3744657879764812,0.4977563877221183,-0.23414695755113818,-1.110856357805501,-0.1582198315079211,-1.034929231762284,-0.256869660354714,-1.133579060609077,-0.38949706804125594,-1.266206468295619,-0.25211445986065806,-1.1288238601150211,-0.27286872,-1.1495781229315938,-0.22482655460985274,-1.1015359548642156,-0.3095694928797781,-1.186278893134141,-0.26937184492854427,-1.1460812451829072
E01026119,E01026119,East Lindsey 016F,East Lindsey,E01026119,1,2021,0.962739452235069,0.876709400254363,0.23072959574600893,69.96660004603935,77.40173866264328,0.0,0.0,0.0,0.876709400254363,-0.08603005198070601,1.1074389960003719,0.14469954376530292,-0.23491353585734082,-1.1976529880924098,-0.15872264086795093,-1.12146209310302,-0.256869660354714,-1.219609112589783,-0.38949706804125594,-1.352236520276325,-0.25211445986065806,-1.2148539120957271,-0.27286872,-1.2356081749122998,-0.22482655460985274,-1.1875660068449216,-0.3095694928797781,-1.272308945114847,-0.26928516161564253,-1.2320246138507116
E01026119,E01026119,East Lindsey 016F,East Lindsey,E01026119,1,2022,0.883566583081198,0.962739452235069,0.08603005198070601,69.96660004603935,77.40173866264328,0.0,0.0,0.0,0.962739452235069,0.079172869153871,1.048769504215775,0.16520292113457702,-0.23568011416354345,-1.1192466972447415,-0.1592254502279807,-1.0427920333091787,-0.256869660354714,-1.1404362434359119,-0.38949706804125594,-1.2730636511224538,-0.25211445986065806,-1.135681042941856,-0.2737835,-1.1573500880441192,-0.22482655460985274,-1.1083931376910507,-0.3095694928797781,-1.1931360759609762,-0.2691984783027409,-1.1527650613839389
E01026120,E01026120,East Lindsey 016G,East Lindsey,E01026120,1,2020,0.804878109879109,0.643772029789417,-0.0019106282020628917,67.90277157880118,74.97779743610892,0.0,0.0,0.0,0.643772029789417,-0.16110608008969196,0.6418614015873542,-0.16301670829175485,0.2556745243811634,-0.5492035854979456,0.23499950303511488,-0.5698786068439942,0.37615581405338305,-0.42872229582572596,0.09062659904052937,-0.7142515108385796,0.2799043468897574,-0.5249737629893516,0.28315863,-0.5217194797464338,0.3180858687540986,-0.4867922411250104,0.06639238353947917,-0.7384857263396298,0.2581541656309717,-0.5467239442481373
E01026120,E01026120,East Lindsey 016G,East Lindsey,E01026120,1,2021,1.0207776502723,0.804878109879109,0.16110608008969196,67.90277157880118,74.97779743610892,0.0,0.0,0.0,0.804878109879109,-0.21589954039319104,0.965984189968801,-0.054793460303499075,0.2556745243811634,-0.7651031258911367,0.23499950303511488,-0.7857781472371852,0.37615581405338305,-0.644621836218917,0.09062659904052937,-0.9301510512317707,0.2799043468897574,-0.7408733033825426,0.28315863,-0.7376190201396249,0.3180858687540986,-0.7026917815182014,0.06639238353947917,-0.9543852667328209,0.2581541656309717,-0.7626234846413283
E01026120,E01026120,East Lindsey 016G,East Lindsey,E01026120,1,2022,0.785291722374691,1.0207776502723,0.21589954039319104,67.90277157880118,74.97779743610892,0.0,0.0,0.0,1.0207776502723,0.23548592789760903,1.2366771906654912,0.4513854682908002,0.25141575601337124,-0.5338759663613197,0.2322061177016159,-0.5530856046730751,0.3685984137294705,-0.41669330864522053,0.06284389660138168,-0.7224478257733093,0.2799043468897574,-0.5053873754849336,0.28315863,-0.5021330922420159,0.3180858687540986,-0.4672058536205924,0.08137166183597237,-0.7039200605387187,0.25863573959153685,-0.5266559827831542
E01026056,E01026056,East Lindsey 017A,East Lindsey,E01026056,1,2020,0.985035510675036,1.64770974886754,1.084717443268403,27.625809680363055,39.222164724911536,0.0,0.0,0.0,1.64770974886754,0.662674238192504,2.732427192135943,1.7473916814609072,0.2862902163716502,-0.6987452943033858,0.3255898719413428,-0.6594456387336932,0.3390639935227332,-0.6459715171523028,0.24943790466546076,-0.7355976060095752,0.3023493495007805,-0.6826861611742555,0.29494518,-0.6900903302589289,0.31080219762303485,-0.6742333130520012,0.28316046368471864,-0.7018750469903174,0.24132453459237393,-0.7437109760826621
E01026056,E01026056,East Lindsey 017A,East Lindsey,E01026056,1,2021,1.07443663203051,0.985035510675036,-0.662674238192504,27.625809680363055,39.222164724911536,0.0,0.0,0.0,0.985035510675036,-0.08940112135547407,0.322361272482532,-0.7520753595479781,0.2862902163716502,-0.7881464156588599,0.3255898719413428,-0.7488467600891673,0.3390639935227332,-0.7353726385077769,0.24943790466546076,-0.8249987273650493,0.3023493495007805,-0.7720872825297296,0.29494518,-0.7794914516144029,0.31080219762303485,-0.7636344344074752,0.28316046368471864,-0.7912761683457914,0.24132453459237393,-0.8331120974381362
E01026056,E01026056,East Lindsey 017A,East Lindsey,E01026056,1,2022,1.7968206145808,1.07443663203051,0.08940112135547407,27.625809680363055,39.222164724911536,0.0,0.0,0.0,1.07443663203051,-0.7223839825502898,1.1638377533859843,-0.6329828611948156,0.2874400838309541,-1.5093805307498458,0.3263440859813874,-1.4704765285994124,0.3390639935227332,-1.4577566210580666,0.24943790466546076,-1.5473827099153392,0.3023493495007805,-1.4944712650800194,0.29494518,-1.5018754341646927,0.31080219762303485,-1.486018416957765,0.2935668265672909,-1.503253788013509,0.24119450962302133,-1.5556261049577786
E01026110,E01026110,East Lindsey 017B,East Lindsey,E01026110,1,2020,0.969459109097495,0.4527282479861,0.24152539004693402,27.791325962926827,38.306988940111495,0.0,0.0,0.0,0.4527282479861,-0.516730861111395,0.694253638033034,-0.275205471064461,0.12998792725618036,-0.8394711818413146,0.2585756635131428,-0.7108834455843522,0.02219697143398566,-0.9472621376635093,-0.021904959635517005,-0.991364068733012,0.04725901472585507,-0.92220009437164,0.057207808,-0.9122513011989736,0.2502251952276848,-0.7192339138698102,0.029152739086620028,-0.9403063700108749,-0.12007360174862824,-1.0895327108461232
E01026110,E01026110,East Lindsey 017B,East Lindsey,E01026110,1,2021,1.01505310140846,0.969459109097495,0.516730861111395,27.791325962926827,38.306988940111495,0.0,0.0,0.0,0.969459109097495,-0.04559399231096506,1.48618997020889,0.47113686880043004,0.12998792725618036,-0.8850651741522797,0.2585756635131428,-0.7564774378953172,0.02219697143398566,-0.9928561299744744,-0.021904959635517005,-1.036958061043977,0.04725901472585507,-0.967794086682605,0.057207808,-0.9578452935099386,0.2502251952276848,-0.7648279061807752,0.029152739086620028,-0.9859003623218401,-0.12007360174862824,-1.1351267031570882
E01026110,E01026110,East Lindsey 017B,East Lindsey,E01026110,1,2022,1.24565300661576,1.01505310140846,0.04559399231096506,27.791325962926827,38.306988940111495,0.0,0.0,0.0,1.01505310140846,-0.2305999052073,1.060647093719425,-0.18500591289633506,0.12998792725618036,-1.1156650793595797,0.2585756635131428,-0.9870773431026172,0.02219697143398566,-1.2234560351817745,-0.021904959635517005,-1.267557966251277,0.04725901472585507,-1.198393991889905,0.057207808,-1.1884451987172386,0.2502251952276848,-0.9954278113880752,0.029152739086620028,-1.21650026752914,-0.12007360174862824,-1.3657266083643882
E01026106,E01026106,East Lindsey 001F,East Lindsey,E01026106,1,2020,0.391481439342042,0.440958136717501,0.28913683832209003,44.709209796879364,77.45519602014956,0.0,0.0,0.0,0.440958136717501,0.04947669737545901,0.7300949750395911,0.3386135356975491,-0.4426382394214132,-0.8341196787634553,-0.4053144438030061,-0.7967958831450481,-0.1497249407860202,-0.5412063801280622,-0.4433435456451896,-0.8348249849872316,-0.18317944473588257,-0.5746608840779246,-0.18146214,-0.5729435782332621,-0.441027956637837,-0.832509395979879,-0.24325529189902811,-0.6347367312410701,-0.14847393433764164,-0.5399553736796836
E01026106,E01026106,East Lindsey 001F,East Lindsey,E01026106,1,2021,0.195523705330561,0.391481439342042,-0.04947669737545901,44.709209796879364,77.45519602014956,0.0,0.0,0.0,0.391481439342042,0.195957734011481,0.342004741966583,0.146481036636022,-0.4655078255564572,-0.6610315308870182,-0.4203149230438955,-0.6158386283744565,-0.20799936904586705,-0.40352307437642804,-0.3658692267400533,-0.5613929320706142,-0.19774127293290603,-0.393264978263467,-0.21451044,-0.410034146156977,-0.20678714010089444,-0.40231084543145545,-0.12382207217766228,-0.31934577750822324,-0.19581770758352232,-0.3913414129140833
E01026106,E01026106,East Lindsey 001F,East Lindsey,E01026106,1,2022,0.770124520755835,0.195523705330561,-0.195957734011481,44.709209796879364,77.45519602014956,0.0,0.0,0.0,0.195523705330561,-0.5746008154252741,-0.0004340286809200178,-0.7705585494367551,-0.4655078255564572,-1.2356323463122922,-0.4203149230438955,-1.1904394437997305,-0.20799936904586705,-0.9781238898017021,-0.3658692267400533,-1.1359937474958883,-0.19774127293290603,-0.967865793688741,-0.21451044,-0.9846349615822511,-0.20678714010089444,-0.9769116608567294,-0.12382207217766228,-0.8939465929334973,-0.19581770758352232,-0.9659422283393574
E01026045,E01026045,East Lindsey 001A,East Lindsey,E01026045,1,2020,0.526427770017395,0.712880983533108,0.11524335958266707,62.422162821688396,70.64153620224363,0.0,0.0,0.0,0.712880983533108,0.18645321351571298,0.8281243431157751,0.30169657309838005,0.26801270449467135,-0.2584150655227237,0.15041832476906022,-0.3760094452483348,0.2768796579087389,-0.24954811210865613,0.200023088045677,-0.326404681971718,0.3015549927237644,-0.22487277729363064,0.29601172,-0.23041605388999942,0.2951543244672848,-0.23127344555011026,0.3496649588786921,-0.17676281113870296,0.26019369436894413,-0.2662340756484509
E01026045,E01026045,East Lindsey 001A,East Lindsey,E01026045,1,2021,0.643113411386072,0.526427770017395,-0.18645321351571298,62.422162821688396,70.64153620224363,0.0,0.0,0.0,0.526427770017395,-0.11668564136867698,0.33997455650168207,-0.30313885488438996,0.2675442399742141,-0.3755691714118579,0.1501110523823753,-0.4930023590036967,0.2768796579087389,-0.3662337534773331,0.200023088045677,-0.443090323340395,0.3015549927237644,-0.34155841866230763,0.29601172,-0.3471016952586764,0.2951543244672848,-0.34795908691878724,0.3496649588786921,-0.29344845250737994,0.26024666750460634,-0.3828667438814657
E01026045,E01026045,East Lindsey 001A,East Lindsey,E01026045,1,2022,0.846216839284028,0.643113411386072,0.11668564136867698,62.422162821688396,70.64153620224363,0.0,0.0,0.0,0.643113411386072,-0.203103427897956,0.759799052754749,-0.086417786529279,0.26801270449467135,-0.5782041347893567,0.15041832476906022,-0.6957985145149678,0.2768796579087389,-0.5693371813752891,0.200023088045677,-0.646193751238351,0.3015549927237644,-0.5446618465602636,0.29601172,-0.5502051231566324,0.2951543244672848,-0.5510625148167432,0.3496649588786921,-0.49655188040533593,0.26019369436894413,-0.5860231449150839
E01026061,E01026061,East Lindsey 001B,East Lindsey,E01026061,1,2020,-0.132724834859971,-0.240704581295949,0.10600543952651001,43.97995867160875,77.33504920419563,0.0,0.0,0.0,-0.240704581295949,-0.10797974643597799,-0.13469914176943898,-0.001974306909467982,-0.6221943821557963,-0.48946954729582526,-0.44385899026771836,-0.31113415540774736,-0.3982015440352146,-0.26547670917524363,-0.43103841304632484,-0.29831357818635384,-0.3974131051325954,-0.2646882702726244,-0.41728127,-0.28455643516718965,-0.33303013386169633,-0.20030529900172533,-0.4666745137438493,-0.3339496788838783,-0.34274252229455504,-0.21001768743458404
E01026061,E01026061,East Lindsey 001B,East Lindsey,E01026061,1,2021,0.25690216707266,-0.132724834859971,0.10797974643597799,43.97995867160875,77.33504920419563,0.0,0.0,0.0,-0.132724834859971,-0.389627001932631,-0.024745088423993006,-0.28164725549665304,-0.6221943821557963,-0.8790965492284563,-0.44385899026771836,-0.7007611573403784,-0.3982015440352146,-0.6551037111078746,-0.43103841304632484,-0.6879405801189848,-0.3974131051325954,-0.6543152722052554,-0.41728127,-0.6741834370998206,-0.33303013386169633,-0.5899323009343563,-0.4666745137438493,-0.7235766808165093,-0.34274252229455504,-0.599644689367215
E01026061,E01026061,East Lindsey 001B,East Lindsey,E01026061,1,2022,0.599783502650793,0.25690216707266,0.389627001932631,43.97995867160875,77.33504920419563,0.0,0.0,0.0,0.25690216707266,-0.34288133557813305,0.646529169005291,0.04674566635449795,-0.6238553018192352,-1.2236388044700282,-0.4449484105477829,-1.044731913198576,-0.3996348032890012,-0.9994183059397943,-0.4322173674385948,-1.032000870089388,-0.3997093988828226,-0.9994929015336156,-0.41891214,-1.0186956451659754,-0.323004813888776,-0.922788316539569,-0.4224604564183792,-1.0222439590691723,-0.34255470844993463,-0.9423382111007277
E01026062,E01026062,East Lindsey 001C,East Lindsey,E01026062,1,2020,0.224408284335102,-0.155899628121253,0.034777278892894004,43.49379128957309,77.27424907186287,0.0,0.0,0.0,-0.155899628121253,-0.380307912456355,-0.12112234922835899,-0.345530633563461,-0.0018226365771093767,-0.22623092091221136,-0.02331645662708895,-0.24772474096219094,-0.20951188544287974,-0.43392016977798176,-0.2615719755151545,-0.4859802598502565,-0.14983183911396175,-0.37424012344906377,-0.12236607,-0.34677435508247745,-0.058779266089163895,-0.2831875504242659,-0.09777396072825413,-0.32218224506335613,-0.14765915550366812,-0.3720674398387701
E01026062,E01026062,East Lindsey 001C,East Lindsey,E01026062,1,2021,0.0121276561016841,0.224408284335102,0.380307912456355,43.49379128957309,77.27424907186287,0.0,0.0,0.0,0.224408284335102,0.2122806282334179,0.6047161967914569,0.5925885406897728,-0.0018226365771093767,-0.013950292678793476,-0.02331645662708895,-0.03544411272877305,-0.20951188544287974,-0.22163954154456383,-0.2615719755151545,-0.2736996316168386,-0.14983183911396175,-0.16195949521564584,-0.12236607,-0.13449372684905958,-0.058779266089163895,-0.07090692219084799,-0.09777396072825413,-0.10990161682993824,-0.14765915550366812,-0.1597868116053522
E01026062,E01026062,East Lindsey 001C,East Lindsey,E01026062,1,2022,0.398773352706718,0.0121276561016841,-0.2122806282334179,43.49379128957309,77.27424907186287,0.0,0.0,0.0,0.0121276561016841,-0.3866456966050339,-0.2001529721317338,-0.5989263248384518,-0.0018226365771093767,-0.40059598928382734,-0.02331645662708895,-0.4220898093338069,-0.20951188544287974,-0.6082852381495978,-0.2615719755151545,-0.6603453282218725,-0.14983183911396175,-0.5486051918206798,-0.12236607,-0.5211394234540935,-0.058779266089163895,-0.4575526187958819,-0.09777396072825413,-0.4965473134349721,-0.14765915550366812,-0.5464325082103861
E01026063,E01026063,East Lindsey 001D,East Lindsey,E01026063,1,2020,-0.0121228030863824,-0.0605354105373551,0.027759743225775804,43.6967213057696,77.33916916118102,0.0,0.0,0.0,-0.0605354105373551,-0.0484126074509727,-0.0327756673115793,-0.0206528642251969,-0.35783799589542864,-0.3457151928090462,-0.32818065005312314,-0.3160578469667407,-0.302116317901225,-0.2899935148148426,-0.3736081494703698,-0.3614853463839874,-0.3106925899039417,-0.2985697868175593,-0.29702353,-0.28490073168839786,-0.24883367145863422,-0.23671086837225183,-0.22594361959630666,-0.21382081650992427,-0.32337984694960153,-0.3112570438632191
E01026063,E01026063,East Lindsey 001D,East Lindsey,E01026063,1,2021,0.281680350192825,-0.0121228030863824,0.0484126074509727,43.6967213057696,77.33916916118102,0.0,0.0,0.0,-0.0121228030863824,-0.2938031532792074,0.0362898043645903,-0.24539054582823472,-0.35064067735385984,-0.6323210275466848,-0.32345982883950986,-0.6051401790323349,-0.36348889645972,-0.6451692466525449,-0.40400909756009223,-0.6856894477529172,-0.35020586065235704,-0.631886210845182,-0.34898078,-0.6306611346090237,-0.2592980100093011,-0.5409783602021261,-0.33427754182189234,-0.6159578920147173,-0.3632604704872652,-0.6449408206800902
E01026063,E01026063,East Lindsey 001D,East Lindsey,E01026063,1,2022,0.485324663210068,0.281680350192825,0.2938031532792074,43.6967213057696,77.33916916118102,0.0,0.0,0.0,0.281680350192825,-0.203644313017243,0.5754835034720325,0.09015884026196447,-0.35183313249684167,-0.8371577957069096,-0.32424197673288957,-0.8095666399429575,-0.29864560602200024,-0.7839702692320683,-0.39857152714789823,-0.8838961903579663,-0.32228407579311413,-0.8076087390031821,-0.3177104,-0.8030350628377536,-0.2592980100093011,-0.744622673219369,-0.29130602882150136,-0.7766306920315693,-0.32248512602722545,-0.8078097892372935
E01026080,E01026080,East Lindsey 001E,East Lindsey,E01026080,1,2020,0.243411694734924,-0.105309913337105,0.059038322913524,46.007621919037426,75.33668727060426,0.0,0.0,0.0,-0.105309913337105,-0.348721608072029,-0.046271590423581005,-0.289683285158505,0.025347041114064703,-0.2180646536208593,-0.10559490389667958,-0.34900659863160355,-0.23259055465906328,-0.4760022493939873,-0.26757165164445423,-0.5109833463793783,-0.2109055427966253,-0.4543172375315493,-0.21336047,-0.4567721682485272,-0.23598077238422932,-0.4793924671191533,-0.22870456034910336,-0.4721162550840273,-0.20664763694541124,-0.45005933168033524
E01026080,E01026080,East Lindsey 001E,East Lindsey,E01026080,1,2021,0.0776566928161181,0.243411694734924,0.348721608072029,46.007621919037426,75.33668727060426,0.0,0.0,0.0,0.243411694734924,0.16575500191880588,0.592133302806953,0.5144766099908349,0.025432216481420564,-0.05222447633469754,-0.1055390361900096,-0.18319572900612768,-0.23259055465906328,-0.3102472474751814,-0.26757165164445423,-0.3452283444605723,-0.2109055427966253,-0.2885622356127434,-0.21336047,-0.2910171663297213,-0.23598077238422932,-0.3136374652003474,-0.22870456034910336,-0.30636125316522145,-0.2066572684246225,-0.2843139612407406
E01026080,E01026080,East Lindsey 001E,East Lindsey,E01026080,1,2022,0.106730481419665,0.0776566928161181,-0.16575500191880588,46.007621919037426,75.33668727060426,0.0,0.0,0.0,0.0776566928161181,-0.029073788603546896,-0.08809830910268777,-0.19482879052235277,0.025432216481420564,-0.08129826493824444,-0.1055390361900096,-0.2122695176096746,-0.23259055465906328,-0.33932103607872827,-0.26757165164445423,-0.37430213306411925,-0.2109055427966253,-0.3176360242162903,-0.21336047,-0.3200909549332682,-0.23598077238422932,-0.34271125380389433,-0.22870456034910336,-0.33543504176876837,-0.2066572684246225,-0.3133877498442875
E01026111,E01026111,East Lindsey 017C,East Lindsey,E01026111,1,2020,1.57877497847702,0.981212130084061,0.35888030185961006,28.657502558755915,59.28091572932896,0.0,0.0,0.0,0.981212130084061,-0.5975628483929589,1.3400924319436711,-0.23868254653334886,0.09745959764100076,-1.481315380836019,0.2526818106623509,-1.326093167814669,0.16853172630160643,-1.4102432521754136,0.13078697740491133,-1.4479880010721087,0.12393548475092707,-1.454839493726093,0.12411873,-1.4546562480511853,0.08829374406486243,-1.4904812344121576,0.14801410855237926,-1.4307608699246408,0.04062505613646739,-1.5381499223405526
E01026111,E01026111,East Lindsey 017C,East Lindsey,E01026111,1,2021,0.968232328179289,1.57877497847702,0.5975628483929589,28.657502558755915,59.28091572932896,0.0,0.0,0.0,1.57877497847702,0.610542650297731,2.176337826869979,1.2081054986906898,0.09745959764100076,-0.8707727305382882,0.2526818106623509,-0.7155505175169381,0.16853172630160643,-0.7997006018776825,0.13078697740491133,-0.8374453507743777,0.12393548475092707,-0.8442968434283619,0.12411873,-0.8441135977534543,0.08829374406486243,-0.8799385841144265,0.14801410855237926,-0.8202182196269097,0.04062505613646739,-0.9276072720428216
E01026111,E01026111,East Lindsey 017C,East Lindsey,E01026111,1,2022,1.07531989227077,0.968232328179289,-0.610542650297731,28.657502558755915,59.28091572932896,0.0,0.0,0.0,0.968232328179289,-0.10708756409148112,0.3576896778815579,-0.7176302143892122,0.09745959764100076,-0.9778602946297693,0.2526818106623509,-0.8226380816084191,0.16853172630160643,-0.9067881659691637,0.13078697740491133,-0.9445329148658588,0.12393548475092707,-0.951384407519843,0.12411873,-0.9512011618449354,0.08829374406486243,-0.9870261482059076,0.14801410855237926,-0.9273057837183908,0.04062505613646739,-1.0346948361343027
E01026107,E01026107,East Lindsey 001G,East Lindsey,E01026107,1,2020,-0.381325031822632,-0.223696013196426,0.06039395452331997,47.26343127923894,77.71345016261947,0.0,0.0,0.0,-0.223696013196426,0.15762901862620599,-0.16330205867310604,0.21802297314952596,-0.21033725482851706,0.17098777699411494,-0.2711135977859743,0.11021143403665767,-0.4402672504207924,-0.0589422185981604,-0.38435814516091266,-0.0030331133382806574,-0.3213481355132556,0.059976896309376415,-0.35777894,0.02354609519810502,-0.2563633118414054,0.12496171998122663,-0.27342150513277724,0.10790352668985476,-0.31952986427922303,0.06179516754340897
E01026107,E01026107,East Lindsey 001G,East Lindsey,E01026107,1,2021,0.0731136164532545,-0.381325031822632,-0.15762901862620599,47.26343127923894,77.71345016261947,0.0,0.0,0.0,-0.381325031822632,-0.4544386482758865,-0.5389540504488379,-0.6120676669020925,-0.20795234454255346,-0.28106596099580794,-0.2695493019992149,-0.3426629184524694,-0.4432013935578243,-0.5163150100110788,-0.38435814516091266,-0.45747176161416714,-0.3213481355132556,-0.39446175196651007,-0.35777894,-0.43089255307778146,-0.2563633118414054,-0.32947692829465985,-0.27342150513277724,-0.3465351215860317,-0.31979954569713953,-0.392913162150394
E01026107,E01026107,East Lindsey 001G,East Lindsey,E01026107,1,2022,0.403721978192518,0.0731136164532545,0.4544386482758865,47.26343127923894,77.71345016261947,0.0,0.0,0.0,0.0731136164532545,-0.3306083617392635,0.527552264729141,0.12383028653662298,-0.20871892284875604,-0.612440901041274,-0.2700521113592448,-0.6737740895517628,-0.4432013935578243,-0.8469233717503423,-0.38435814516091266,-0.7880801233534307,-0.3213481355132556,-0.7250701137057736,-0.35777894,-0.761500914817045,-0.2563633118414054,-0.6600852900339234,-0.27342150513277724,-0.6771434833252952,-0.3197128623842378,-0.7234348405767558
E01026058,E01026058,East Lindsey 002A,East Lindsey,E01026058,1,2020,0.372015670732994,0.473133167600095,0.00023183029928097731,74.7452388863402,71.88582422070341,0.0,0.0,0.0,0.473133167600095,0.10111749686710098,0.47336499789937597,0.10134932716638195,-0.24244045710382145,-0.6144561278368155,-0.28620826522833753,-0.6582239359613316,-0.025061006949132002,-0.397076677682126,-0.1123153831093294,-0.48433105384232344,-0.07301290789220193,-0.44502857862519596,-0.051015932,-0.4230316028459262,-0.15717402007790937,-0.5291896908109034,-0.03429755466276054,-0.40631322539575454,-0.08090035894159693,-0.45291602967459094
E01026058,E01026058,East Lindsey 002A,East Lindsey,E01026058,1,2021,0.718567260425119,0.372015670732994,-0.10111749686710098,74.7452388863402,71.88582422070341,0.0,0.0,0.0,0.372015670732994,-0.34655158969212496,0.27089817386589304,-0.44766908655922594,-0.2572183833400603,-0.9757856437651793,-0.2959013123355789,-1.014468572760698,-0.013159794208996456,-0.7317270546341155,-0.12057870899985365,-0.8391459694249727,-0.07301290789220193,-0.7915801683173209,-0.051015932,-0.7695831925380512,-0.15717402007790937,-0.8757412805030284,-0.028234537165840123,-0.7468017975909591,-0.07922929729843603,-0.7977965577235551
E01026058,E01026058,East Lindsey 002A,East Lindsey,E01026058,1,2022,1.0262599287657,0.718567260425119,0.34655158969212496,74.7452388863402,71.88582422070341,0.0,0.0,0.0,0.718567260425119,-0.30769266834058095,1.065118850117244,0.03885892135154401,-0.26054022266693816,-1.2868001514326382,-0.2980801528957081,-1.3243400816614082,-0.013159794208996456,-1.0394197229746964,-0.12938760920661274,-1.1556475379723126,-0.07301290789220193,-1.0992728366579019,-0.051015932,-1.0772758608786321,-0.15717402007790937,-1.1834339488436094,-0.028234537165840123,-1.05449446593154,-0.07885366960919526,-1.1051135983748952
E01026112,E01026112,East Lindsey 017D,East Lindsey,E01026112,1,2020,1.79364773858964,1.56140812396214,0.07802888714687994,26.770914749226005,38.24969922366099,0.0,0.0,0.0,1.56140812396214,-0.2322396146275001,1.63943701110902,-0.15421072748062015,1.0336376888252967,-0.7600100497643434,1.052649357565519,-0.7409983810241212,0.9507960096711012,-0.8428517289185389,0.9324852576771872,-0.861162480912453,0.9231827955595381,-0.870464943030102,0.9195756,-0.8740721665757851,0.9007237594994806,-0.8929239790901595,0.9691715222605372,-0.824476216329103,0.8323337274545224,-0.9613140111351177
E01026112,E01026112,East Lindsey 017D,East Lindsey,E01026112,1,2021,2.30911243740266,1.79364773858964,0.2322396146275001,26.770914749226005,38.24969922366099,0.0,0.0,0.0,1.79364773858964,-0.51546469881302,2.02588735321714,-0.28322508418552017,1.0336376888252967,-1.2754747485773634,1.052649357565519,-1.2564630798371412,0.9507960096711012,-1.358316427731559,0.9324852576771872,-1.376627179725473,0.9231827955595381,-1.3859296418431222,0.9195756,-1.3895368653888052,0.9007237594994806,-1.4083886779031796,0.9691715222605372,-1.3399409151421229,0.8323337274545224,-1.4767787099481378
E01026112,E01026112,East Lindsey 017D,East Lindsey,E01026112,1,2022,2.27277640598508,2.30911243740266,0.51546469881302,26.770914749226005,38.24969922366099,0.0,0.0,0.0,2.30911243740266,0.03633603141758002,2.82457713621568,0.5518007302306001,1.0336376888252967,-1.2391387171597834,1.052649357565519,-1.2201270484195612,0.9507960096711012,-1.321980396313979,0.9324852576771872,-1.340291148307893,0.9231827955595381,-1.3495936104255422,0.9195756,-1.3532008339712251,0.9007237594994806,-1.3720526464855995,0.9691715222605372,-1.3036048837245429,0.8323337274545224,-1.4404426785305577
E01026076,E01026076,East Lindsey 002B,East Lindsey,E01026076,1,2020,0.483983480304016,0.403589474348764,0.067433511951076,65.00210973854111,74.40143109525293,0.0,0.0,0.0,0.403589474348764,-0.08039400595525198,0.47102298629984,-0.012960494004175982,-0.25860230503915993,-0.7425857853431759,-0.24972023315879657,-0.7337037134628126,-0.2420387361743473,-0.7260222164783633,-0.2687962709136222,-0.7527797512176382,-0.2545473393048193,-0.7385308196088354,-0.24216703,-0.7261505061085356,-0.2991659696930074,-0.7831494499970234,-0.20867185393022816,-0.6926553342342442,-0.28941397979259575,-0.7733974600966118
E01026076,E01026076,East Lindsey 002B,East Lindsey,E01026076,1,2021,0.589491672421672,0.483983480304016,0.08039400595525198,65.00210973854111,74.40143109525293,0.0,0.0,0.0,0.483983480304016,-0.105508192117656,0.564377486259268,-0.025114186162404017,-0.25860230503915993,-0.8480939774608319,-0.24972023315879657,-0.8392119055804685,-0.2420387361743473,-0.8315304085960193,-0.2687962709136222,-0.8582879433352941,-0.2545473393048193,-0.8440390117264913,-0.24216703,-0.8316586982261917,-0.2991659696930074,-0.8886576421146795,-0.20867185393022816,-0.7981635263519001,-0.28941397979259575,-0.8789056522142678
E01026076,E01026076,East Lindsey 002B,East Lindsey,E01026076,1,2022,0.703536407265347,0.589491672421672,0.105508192117656,65.00210973854111,74.40143109525293,0.0,0.0,0.0,0.589491672421672,-0.11404473484367506,0.694999864539328,-0.008536542726019003,-0.25860230503915993,-0.962138712304507,-0.24972023315879657,-0.9532566404241436,-0.2420387361743473,-0.9455751434396944,-0.2687962709136222,-0.9723326781789692,-0.2545473393048193,-0.9580837465701664,-0.24216703,-0.9457034330698667,-0.2991659696930074,-1.0027023769583545,-0.20867185393022816,-0.9122082611955752,-0.28941397979259575,-0.9929503870579428
E01026057,E01026057,East Lindsey 018A,East Lindsey,E01026057,1,2020,0.274780080133354,0.267386911598889,0.400510785510741,44.27787936616856,55.34374866111514,0.0,0.0,0.0,0.267386911598889,-0.007393168534464978,0.66789769710963,0.393117616976276,-0.0912346065642571,-0.36601468669761106,-0.07494292741448114,-0.34972300754783514,-0.5098156040290797,-0.7845956841624336,-0.4303899542516341,-0.705170034384988,-0.472643020805019,-0.7474231009383729,-0.49074048,-0.7655205581721418,-0.3259637163584952,-0.6007437964918492,-0.5047380315241855,-0.7795181116575395,-0.4665776019751531,-0.741357682108507
E01026057,E01026057,East Lindsey 018A,East Lindsey,E01026057,1,2021,0.486152976731893,0.274780080133354,0.007393168534464978,44.27787936616856,55.34374866111514,0.0,0.0,0.0,0.274780080133354,-0.21137289659853903,0.28217324866781895,-0.20397972806407405,-0.0912346065642571,-0.5773875832961501,-0.07494292741448114,-0.5610959041463741,-0.5098156040290797,-0.9959685807609726,-0.4303899542516341,-0.9165429309835271,-0.472643020805019,-0.958795997536912,-0.49074048,-0.9768934547706809,-0.3259637163584952,-0.8121166930903883,-0.5047380315241855,-0.9908910082560785,-0.4665776019751531,-0.9527305787070461
E01026057,E01026057,East Lindsey 018A,East Lindsey,E01026057,1,2022,0.648768209463476,0.486152976731893,0.21137289659853903,44.27787936616856,55.34374866111514,0.0,0.0,0.0,0.486152976731893,-0.16261523273158301,0.697525873330432,0.048757663866956014,-0.0912346065642571,-0.7400028160277331,-0.07494292741448114,-0.7237111368779572,-0.5098156040290797,-1.1585838134925557,-0.4303899542516341,-1.0791581637151102,-0.472643020805019,-1.121411230268495,-0.49074048,-1.1395086875022638,-0.3259637163584952,-0.9747319258219712,-0.5047380315241855,-1.1535062409876615,-0.4665776019751531,-1.1153458114386292
E01026079,E01026079,East Lindsey 002C,East Lindsey,E01026079,1,2020,0.731902579459968,0.327730472939842,-0.12310349716075103,86.57870398712906,80.70680659506604,0.0,0.0,0.0,0.327730472939842,-0.404172106520126,0.20462697577909095,-0.527275603680877,0.12796434489422973,-0.6039382345657383,0.0680073038198986,-0.6638952756400693,-0.2323583330790566,-0.9642609125390246,-0.2681026007812575,-1.0000051802412255,-0.1953140197541656,-0.9272165992141336,-0.25720733,-0.9891099135015634,-0.1595975735022684,-0.8915001529622364,-0.17781855236277505,-0.909721131822743,-0.26827060264590974,-1.0001731821058777
E01026079,E01026079,East Lindsey 002C,East Lindsey,E01026079,1,2021,1.02319009063201,0.731902579459968,0.404172106520126,86.57870398712906,80.70680659506604,0.0,0.0,0.0,0.731902579459968,-0.291287511172042,1.1360746859800939,0.11288459534808393,0.12796434489422973,-0.8952257457377802,0.0680073038198986,-0.9551827868121113,-0.2323583330790566,-1.2555484237110666,-0.2681026007812575,-1.2912926914132674,-0.1953140197541656,-1.2185041103861756,-0.25720733,-1.2803974246736054,-0.1595975735022684,-1.1827876641342783,-0.17781855236277505,-1.201008642994785,-0.26827060264590974,-1.2914606932779198
E01026079,E01026079,East Lindsey 002C,East Lindsey,E01026079,1,2022,1.04131544850402,1.02319009063201,0.291287511172042,86.57870398712906,80.70680659506604,0.0,0.0,0.0,1.02319009063201,-0.018125357872009973,1.314477601804052,0.27316215330003213,0.12796434489422973,-0.9133511036097902,0.0680073038198986,-0.9733081446841213,-0.2323583330790566,-1.2736737815830765,-0.2681026007812575,-1.3094180492852774,-0.1953140197541656,-1.2366294682581855,-0.25720733,-1.2985227825456154,-0.1595975735022684,-1.2009130220062882,-0.17781855236277505,-1.219134000866795,-0.26827060264590974,-1.3095860511499295
E01026075,E01026075,East Lindsey 018B,East Lindsey,E01026075,1,2020,0.602775032616113,0.260202998131666,0.24863653553643839,49.06683559383498,57.484016354495054,0.0,0.0,0.0,0.260202998131666,-0.342572034484447,0.5088395336681044,-0.09393549894800857,-0.10685702095217824,-0.7096320535682912,0.0005774071355891669,-0.6021976254805238,-0.34047801486148915,-0.9432530474776022,-0.30443014894172643,-0.9072051815578395,-0.26827118535183864,-0.8710462179679517,-0.31177202,-0.9145470512871487,-0.221218639164722,-0.8239936717808349,-0.3201500298974394,-0.9229250625135523,-0.3554652546198813,-0.9582402872359943
E01026075,E01026075,East Lindsey 018B,East Lindsey,E01026075,1,2021,1.0935692894624,0.602775032616113,0.342572034484447,49.06683559383498,57.484016354495054,0.0,0.0,0.0,0.602775032616113,-0.4907942568462871,0.9453470671005599,-0.14822222236184013,-0.10685702095217824,-1.2004263104145783,0.0005774071355891669,-1.092991882326811,-0.34047801486148915,-1.4340473043238893,-0.30443014894172643,-1.3979994384041265,-0.26827118535183864,-1.3618404748142388,-0.31177202,-1.4053413081334358,-0.221218639164722,-1.314787928627122,-0.3201500298974394,-1.4137193193598394,-0.3554652546198813,-1.4490345440822814
E01026075,E01026075,East Lindsey 018B,East Lindsey,E01026075,1,2022,0.90282115708092,1.0935692894624,0.4907942568462871,49.06683559383498,57.484016354495054,0.0,0.0,0.0,1.0935692894624,0.19074813238148003,1.5843635463086871,0.6815423892277671,-0.10685702095217824,-1.0096781780330983,0.0005774071355891669,-0.9022437499453309,-0.34047801486148915,-1.2432991719424091,-0.30443014894172643,-1.2072513060226464,-0.26827118535183864,-1.1710923424327586,-0.31177202,-1.214593175751956,-0.221218639164722,-1.124039796245642,-0.3201500298974394,-1.2229711869783595,-0.3554652546198813,-1.2582864117008015
E01026077,E01026077,East Lindsey 003A,East Lindsey,E01026077,1,2020,1.44963374327538,1.9215440263244,0.6613887715365898,60.97512189446001,61.39032468429282,0.0,0.0,0.0,1.9215440263244,0.47191028304901983,2.5829327978609897,1.1332990545856096,0.35869910517177256,-1.0909346381036076,0.16973072342989412,-1.279903019845486,1.117542994035449,-0.332090749239931,1.214752927195946,-0.234880816079434,1.280905597731993,-0.1687281455433871,1.2418581,-0.2077756185424089,1.0332154021865088,-0.4164183410888713,1.3795445883132131,-0.07008915496216694,1.1695245338151588,-0.28010920946022133
E01026077,E01026077,East Lindsey 003A,East Lindsey,E01026077,1,2021,1.84712571949407,1.44963374327538,-0.47191028304901983,60.97512189446001,61.39032468429282,0.0,0.0,0.0,1.44963374327538,-0.3974919762186899,0.9777234602263603,-0.8694022592677098,0.35869910517177256,-1.4884266143222975,0.16973072342989412,-1.6773949960641759,1.117542994035449,-0.7295827254586209,1.214752927195946,-0.6323727922981239,1.280905597731993,-0.566220121762077,1.2418581,-0.6052675947610988,1.0332154021865088,-0.8139103173075612,1.3795445883132131,-0.46758113118085687,1.1695245338151588,-0.6776011856789113
E01026077,E01026077,East Lindsey 003A,East Lindsey,E01026077,1,2022,2.04546690542176,1.84712571949407,0.3974919762186899,60.97512189446001,61.39032468429282,0.0,0.0,0.0,1.84712571949407,-0.19834118592769,2.24461769571276,0.19915079029100013,0.35869910517177256,-1.6867678002499875,0.16973072342989412,-1.8757361819918659,1.117542994035449,-0.9279239113863109,1.214752927195946,-0.8307139782258139,1.280905597731993,-0.764561307689767,1.2418581,-0.8036087806887888,1.0332154021865088,-1.0122515032352513,1.3795445883132131,-0.6659223171085469,1.1695245338151588,-0.8759423716066013
E01026098,E01026098,East Lindsey 018C,East Lindsey,E01026098,1,2020,0.662985403292803,0.98984864821216,0.724027282502422,40.40169157627444,54.64230456295089,0.0,0.0,0.0,0.98984864821216,0.32686324491935703,1.713875930714582,1.050890527421779,-0.10995539065097,-0.772940793943773,-0.1469629673355773,-0.8099483706283803,-0.04139272549349795,-0.7043781287863009,-0.15586247372657624,-0.8188478770193792,-0.115049984640275,-0.7780353879330779,-0.10062084,-0.7636062467628996,-0.0019256928426107656,-0.6649110961354138,-0.05334595324437044,-0.7163313565371734,0.004143020261182566,-0.6588423830316205
E01026098,E01026098,East Lindsey 018C,East Lindsey,E01026098,1,2021,0.624677237126345,0.662985403292803,-0.32686324491935703,40.40169157627444,54.64230456295089,0.0,0.0,0.0,0.662985403292803,0.038308166166457935,0.33612215837344595,-0.2885550787528991,-0.11502332500864267,-0.7397005621349877,-0.15028709588244105,-0.7749643330087861,-0.029455929793531687,-0.6541331669198768,-0.15840325932486385,-0.7830804964512089,-0.115049984640275,-0.73972722176662,-0.09221768,-0.7168949134678787,-0.0019256928426107656,-0.6266029299689558,-0.048042021458592515,-0.6727192585849375,0.004716093274255036,-0.61996114385209
E01026098,E01026098,East Lindsey 018C,East Lindsey,E01026098,1,2022,1.01729776064263,0.624677237126345,-0.038308166166457935,40.40169157627444,54.64230456295089,0.0,0.0,0.0,0.624677237126345,-0.39262052351628485,0.5863690709598871,-0.4309286896827428,-0.11638613088633622,-1.1336838915289662,-0.15118097918916068,-1.1684787398317906,-0.029455929793531687,-1.0467536904361616,-0.15840325932486385,-1.1757010199674938,-0.115049984640275,-1.132347745282905,-0.09221768,-1.1095154369841635,-0.0019256928426107656,-1.0192234534852407,-0.047404200826903525,-1.0647019614695334,0.004870196941635853,-1.012427563700994
E01026078,E01026078,East Lindsey 003B,East Lindsey,E01026078,1,2020,1.60670013598127,1.94565160527444,-0.028591840153689985,60.97992682004785,61.16152171898565,0.0,0.0,0.0,1.94565160527444,0.3389514692931699,1.91705976512075,0.3103596291394799,0.7875253752645386,-0.8191747607167315,0.6000302022738909,-1.006669933707379,1.310149797710186,-0.2965503382710841,1.4632327147349198,-0.14346742124635026,1.4766729621078134,-0.13002717387345664,1.3909119,-0.2157881992213213,0.9790385498930821,-0.6276615860881879,1.4989859203313345,-0.10771421564993555,1.3457224852607181,-0.2609776507205519
E01026078,E01026078,East Lindsey 003B,East Lindsey,E01026078,1,2021,2.11394721070096,1.60670013598127,-0.3389514692931699,60.97992682004785,61.16152171898565,0.0,0.0,0.0,1.60670013598127,-0.5072470747196898,1.2677486666881002,-0.8461985440128597,0.7858218679174216,-1.3281253427835382,0.5989128481404914,-1.5150343625604683,1.4470994443169396,-0.6668477663840202,1.4695176992170453,-0.6444295114839145,1.5823106906406432,-0.5316365200603166,1.6431847,-0.47076254883572544,1.2021149600944419,-0.911832250606518,1.654209562904762,-0.45973764779619786,1.5673251713274283,-0.5466220393735315
E01026078,E01026078,East Lindsey 003B,East Lindsey,E01026078,1,2022,2.06980536372449,2.11394721070096,0.5072470747196898,60.97992682004785,61.16152171898565,0.0,0.0,0.0,2.11394721070096,0.04414184697646961,2.62119428542065,0.5513889216961596,0.7849701142438632,-1.284835249480627,0.5983541710737916,-1.4714511926506986,1.46012547289161,-0.6096798908328802,1.4695176992170453,-0.6002876645074449,1.5823106906406432,-0.487494673083847,1.6431847,-0.4266207018592558,1.2428182698422294,-0.8269870938822608,1.6876557262723502,-0.38214963745214003,1.5596798081179082,-0.510125555606582
E01026102,E01026102,East Lindsey 018D,East Lindsey,E01026102,1,2020,0.97985337644601,0.740516639982465,0.41563475258949295,38.96479199592527,48.650053257340296,0.0,0.0,0.0,0.740516639982465,-0.23933673646354503,1.156151392571958,0.17629801612594798,-0.017694415899218663,-0.9975477923452287,0.03568062062466899,-0.944172755821341,-0.16071428065896404,-1.140567657104974,-0.16796639890121393,-1.147819775347224,-0.18022860693078172,-1.1600819833767917,-0.17355141,-1.1534047868826403,-0.146688567719939,-1.126541944165949,-0.1398638256540602,-1.11971720210007,-0.24171943038345245,-1.2215728068294625
E01026102,E01026102,East Lindsey 018D,East Lindsey,E01026102,1,2021,1.07842689763379,0.97985337644601,0.23933673646354503,38.96479199592527,48.650053257340296,0.0,0.0,0.0,0.97985337644601,-0.09857352118778007,1.219190112909555,0.14076321527576496,-0.017694415899218663,-1.0961213135330088,0.03568062062466899,-1.0427462770091211,-0.16071428065896404,-1.2391411782927542,-0.16796639890121393,-1.246393296535004,-0.18022860693078172,-1.2586555045645718,-0.17355141,-1.2519783080704203,-0.146688567719939,-1.225115465353729,-0.1398638256540602,-1.2182907232878502,-0.24171943038345245,-1.3201463280172425
E01026102,E01026102,East Lindsey 018D,East Lindsey,E01026102,1,2022,1.42092825826992,1.07842689763379,0.09857352118778007,38.96479199592527,48.650053257340296,0.0,0.0,0.0,1.07842689763379,-0.34250136063613,1.1770004188215701,-0.24392783944834995,-0.017694415899218663,-1.4386226741691388,0.03568062062466899,-1.3852476376452512,-0.16071428065896404,-1.5816425389288842,-0.16796639890121393,-1.588894657171134,-0.18022860693078172,-1.6011568652007018,-0.17355141,-1.5944796687065503,-0.146688567719939,-1.567616825989859,-0.1398638256540602,-1.5607920839239804,-0.24171943038345245,-1.6626476886533725
E01026087,E01026087,East Lindsey 003C,East Lindsey,E01026087,1,2020,1.16669613066071,1.72943733575681,0.14516487889897012,61.683331387577724,61.49224405992962,0.0,0.0,0.0,1.72943733575681,0.5627412050961,1.8746022146557801,0.7079060839950702,0.5402174016509664,-0.6264787290097436,0.5061391261177782,-0.6605570045429318,1.0073260082212576,-0.15937012243945237,0.8739426476817944,-0.29275348297891557,1.0032459634775688,-0.1634501671831412,1.0891109,-0.07758527937286819,0.8961896954126255,-0.2705064352480845,1.1015792453801614,-0.0651168852805486,1.0071190547362068,-0.1595770759245032
E01026087,E01026087,East Lindsey 003C,East Lindsey,E01026087,1,2021,2.02646915071509,1.16669613066071,-0.5627412050961,61.683331387577724,61.49224405992962,0.0,0.0,0.0,1.16669613066071,-0.8597730200543798,0.60395492556461,-1.4225142251504799,0.5402174016509664,-1.4862517490641234,0.5061391261177782,-1.5203300245973117,1.0073260082212576,-1.0191431424938322,0.8739426476817944,-1.1525265030332954,1.0032459634775688,-1.023223187237521,1.0891109,-0.937358299427248,0.8961896954126255,-1.1302794553024644,1.1015792453801614,-0.9248899053349284,1.0071190547362068,-1.019350095978883
E01026087,E01026087,East Lindsey 003C,East Lindsey,E01026087,1,2022,1.95745862873095,2.02646915071509,0.8597730200543798,61.683331387577724,61.49224405992962,0.0,0.0,0.0,2.02646915071509,0.06901052198413993,2.88624217076947,0.92878354203852,0.5441354685493353,-1.4133231601816147,0.5087090406245973,-1.4487495881063526,0.9743273792249615,-0.9831312495059884,0.8232304449778685,-1.1342281837530814,0.9707719217598122,-0.9866867069711377,0.9615244,-0.9959342017938466,0.8961896954126255,-1.0612689333183245,1.037656597899939,-0.9198020308310109,0.8870574652977634,-1.0704011634331865
E01026088,E01026088,East Lindsey 003D,East Lindsey,E01026088,1,2020,0.917119780704634,1.11725454008547,-0.3100121281042898,60.77842499463874,61.14618435473988,0.0,0.0,0.0,1.11725454008547,0.20013475938083614,0.8072424119811803,-0.10987736872345366,0.1697218909325633,-0.7473978897720707,0.13230558285112987,-0.7848141978535041,0.27476787481514864,-0.6423519058894853,0.549104529308737,-0.36801525139589697,0.49624078689529727,-0.4208789938093367,0.53346485,-0.3836549317094252,0.2211198591016372,-0.6959999216029967,0.865535968424104,-0.051583812280529995,0.5526552190672711,-0.36446456163736285
E01026088,E01026088,East Lindsey 003D,East Lindsey,E01026088,1,2021,1.12154696000812,0.917119780704634,-0.20013475938083614,60.77842499463874,61.14618435473988,0.0,0.0,0.0,0.917119780704634,-0.20442717930348608,0.7169850213237978,-0.4045619386843222,0.16840167273854773,-0.9531452872695723,0.13143963339774517,-0.9901073266103748,0.5050202888305665,-0.6165266711775536,0.560827725155351,-0.5607192348527691,0.7277186811268349,-0.39382827888128513,0.7684922,-0.35305473817584465,0.3534777000296379,-0.7680692599784822,0.8312966154292566,-0.29025034457886345,0.7238160878033968,-0.39773087220472325
E01026088,E01026088,East Lindsey 003D,East Lindsey,E01026088,1,2022,1.38097961767462,1.12154696000812,0.20442717930348608,60.77842499463874,61.14618435473988,0.0,0.0,0.0,1.12154696000812,-0.25943265766650003,1.3259741393116062,-0.05500547836301384,0.17036070618773208,-1.210618911486888,0.1327245906511547,-1.2482550270234654,0.31335243674670193,-1.067627180927918,0.5499353776504472,-0.8310442400241729,0.5141204934823846,-0.8668591241922354,0.5613862,-0.819593390066893,0.30469627341549144,-1.0762833442591286,0.8840271938003055,-0.4969524238743146,0.5380200436681949,-0.8429595740064252
E01026090,E01026090,East Lindsey 003E,East Lindsey,E01026090,1,2020,0.904178572773719,1.01301972962045,0.01443876388918297,58.968239629795924,60.67130676525902,0.0,0.0,0.0,1.01301972962045,0.1088411568467309,1.027458493509633,0.12327992073591387,0.4898579352823525,-0.41432063749136655,0.43127955852458444,-0.4728990142491346,0.79175591056419,-0.11242266220952901,0.6104190835957412,-0.2937594891779779,0.807624956564859,-0.09655361620886005,0.8493299,-0.054848683953070854,0.7537599204235892,-0.15041865235012986,0.8045315637423126,-0.09964700903140644,0.7399117399787845,-0.1642668327949346
E01026090,E01026090,East Lindsey 003E,East Lindsey,E01026090,1,2021,1.12834888413543,0.904178572773719,-0.1088411568467309,58.968239629795924,60.67130676525902,0.0,0.0,0.0,0.904178572773719,-0.22417031136171106,0.7953374159269881,-0.33301146820844196,0.4898579352823525,-0.6384909488530777,0.43127955852458444,-0.6970693256108457,0.79175591056419,-0.3365929735712401,0.6104190835957412,-0.517929800539689,0.807624956564859,-0.3207239275705711,0.8493299,-0.2790189953147819,0.7537599204235892,-0.3745889637118409,0.8045315637423126,-0.3238173203931175,0.7399117399787845,-0.38843714415664565
E01026090,E01026090,East Lindsey 003E,East Lindsey,E01026090,1,2022,1.1698482729383,1.12834888413543,0.22417031136171106,58.968239629795924,60.67130676525902,0.0,0.0,0.0,1.12834888413543,-0.04149938880286985,1.3525191954971412,0.1826709225588412,0.49139109189475766,-0.6784571810435422,0.4322851772446441,-0.7375630956936559,0.770665143769631,-0.39918312916866894,0.6085717754376353,-0.5612764975006647,0.7958560213518846,-0.37399225158641536,0.78174645,-0.38810182585196573,0.7537599204235892,-0.41608835251471077,0.7083184664080812,-0.4615298065302188,0.7342905508877063,-0.4355577220505936
E01026091,E01026091,East Lindsey 003F,East Lindsey,E01026091,1,2020,0.498211325410296,1.01520643466565,0.29355503820638795,60.64413527175974,62.02370527597293,0.0,0.0,0.0,1.01520643466565,0.516995109255354,1.308761472872038,0.810550147461742,0.0999467952845278,-0.39826453012576823,0.0019920738245420427,-0.496219251585754,0.12929053960127626,-0.36892078580901977,-0.0028333987930723985,-0.5010447242033684,0.20846151457275439,-0.2897498108375416,0.2101528,-0.288058520558764,0.04042324957149575,-0.45778807583880027,0.17304738063201688,-0.32516394477827915,0.21675656051787626,-0.2814547648924197
E01026091,E01026091,East Lindsey 003F,East Lindsey,E01026091,1,2021,0.745133273165535,0.498211325410296,-0.516995109255354,60.64413527175974,62.02370527597293,0.0,0.0,0.0,0.498211325410296,-0.246921947755239,-0.018783783845057966,-0.763917057010593,0.0694114260874579,-0.6757218470780771,-0.0180364990166456,-0.7631697721821806,0.12241802911735858,-0.6227152440481765,0.06558140478883658,-0.6795518683766985,0.2311528270538177,-0.5139804461117173,0.3384277,-0.40670558051378636,0.11441512295472246,-0.6307181502108126,0.24658136930093275,-0.49855190386460224,0.25148434379638596,-0.49364892936914906
E01026091,E01026091,East Lindsey 003F,East Lindsey,E01026091,1,2022,1.10150200829012,0.745133273165535,0.246921947755239,60.64413527175974,62.02370527597293,0.0,0.0,0.0,0.745133273165535,-0.3563687351245849,0.992055220920774,-0.10944678736934588,0.0694114260874579,-1.032090582202662,-0.0180364990166456,-1.1195385073067654,0.12241802911735858,-0.9790839791727614,0.06558140478883658,-1.0359206035012833,0.2311528270538177,-0.8703491812363022,0.3384277,-0.7630743156383712,0.11441512295472246,-0.9870868853353975,0.24658136930093275,-0.8549206389891871,0.25148434379638596,-0.850017664493734
E01026108,E01026108,East Lindsey 003G,East Lindsey,E01026108,1,2020,1.44428679042107,1.302343761072,-0.023443067187560063,61.138827137990994,61.26200276980408,0.0,0.0,0.0,1.302343761072,-0.14194302934907022,1.2789006938844398,-0.16538609653663028,0.6968054619439604,-0.7474813284771097,0.7368772523942445,-0.7074095380268256,1.0460550535192326,-0.39823173690183755,0.8960602624043777,-0.5482265280166924,1.0394586437417666,-0.40482814667930356,1.0650873,-0.37919947200065995,1.0866195737111104,-0.3576672167099597,1.1305095924905582,-0.31377719793051195,0.9551136959391241,-0.489173094481946
E01026108,E01026108,East Lindsey 003G,East Lindsey,E01026108,1,2021,1.58914023664356,1.44428679042107,0.14194302934907022,61.138827137990994,61.26200276980408,0.0,0.0,0.0,1.44428679042107,-0.14485344622248997,1.5862298197701403,-0.002910416873419752,0.6990200214952124,-0.8901202151483477,0.738329812767664,-0.8508104238758961,1.022503922729856,-0.5666363139137041,0.8885010128997781,-0.700639223743782,1.0314484205648715,-0.5576918160786886,1.0439662,-0.5451740625178887,1.0866195737111104,-0.5025206629324497,1.044658917158763,-0.544481319484797,0.9549766133064759,-0.6341636233370842
E01026108,E01026108,East Lindsey 003G,East Lindsey,E01026108,1,2022,1.55192481368944,1.58914023664356,0.14485344622248997,61.138827137990994,61.26200276980408,0.0,0.0,0.0,1.58914023664356,0.03721542295412017,1.73399368286605,0.18206886917661014,0.6968054619439604,-0.8551193517454795,0.7368772523942445,-0.8150475612951954,1.0460550535192326,-0.5058697601702073,0.8960602624043777,-0.6558645512850622,1.0394586437417666,-0.5124661699476734,1.0650873,-0.48683749526902975,1.0866195737111104,-0.4653052399783295,1.1305095924905582,-0.42141522119888175,0.9551136959391241,-0.5968111177503158
E01026081,E01026081,East Lindsey 004A,East Lindsey,E01026081,1,2020,0.977383637564808,1.03095765196761,-0.029571962266329965,60.16778262386134,60.97630677001612,0.0,0.0,0.0,1.03095765196761,0.05357401440280207,1.00138568970128,0.024002052136472107,0.5185697972660621,-0.45881384029874583,0.4740609819408311,-0.5033226556239768,0.73790753311347,-0.23947610445133793,0.6756856687430834,-0.3016979688217245,0.8761555793117185,-0.10122805825308945,0.83713835,-0.14024528278651816,0.7648135772344447,-0.2125700603303633,0.944097744864736,-0.033285892700071984,0.760775023068587,-0.21660861449622093
E01026081,E01026081,East Lindsey 004A,East Lindsey,E01026081,1,2021,1.06325345691274,0.977383637564808,-0.05357401440280207,60.16778262386134,60.97630677001612,0.0,0.0,0.0,0.977383637564808,-0.08586981934793214,0.9238096231620059,-0.13944383375073421,0.5212528213377712,-0.5420006355749689,0.4758208147009355,-0.5874326422118046,0.6850960590847823,-0.37815739782795776,0.6740763327115311,-0.389177124201209,0.859436133469821,-0.20381732344291914,0.7870322,-0.2762212699277242,0.6303236703200181,-0.43292978659272197,0.8225298541087065,-0.2407236028040336,0.7808848519205359,-0.2823686049922042
E01026081,E01026081,East Lindsey 004A,East Lindsey,E01026081,1,2022,1.55933366002518,1.06325345691274,0.08586981934793214,60.16778262386134,60.97630677001612,0.0,0.0,0.0,1.06325345691274,-0.49608020311243983,1.1491232762606722,-0.4102103837645077,0.519208612521231,-1.040125047503949,0.47447998974085603,-1.084853670284324,0.7345120973484868,-0.8248215626766932,0.6756856687430834,-0.8836479912820965,0.8973224878649401,-0.6620111721602399,0.8464028,-0.7129308361001616,0.7475794993539729,-0.811754160671207,0.9338461429026644,-0.6254875171225155,0.7607027869745022,-0.7986308730506777
E01026089,E01026089,East Lindsey 004C,East Lindsey,E01026089,1,2020,0.763715267825578,0.898256631132102,0.25681475830172795,59.614635077572665,60.93824378242733,0.0,0.0,0.0,0.898256631132102,0.134541363306524,1.15507138943383,0.39135612160825206,0.17001881913566053,-0.5936964486899174,0.14471547679374372,-0.6189997910318342,0.39847864668386646,-0.3652366211417115,0.2172048515757677,-0.5465104162498102,0.6403976017527849,-0.12331766607279304,0.5180405,-0.24567478959605527,0.41735983332983195,-0.346355434495746,0.4238292819964919,-0.3398859858290861,0.6038603057229729,-0.15985496210260508
E01026089,E01026089,East Lindsey 004C,East Lindsey,E01026089,1,2021,0.877082983938302,0.763715267825578,-0.134541363306524,59.614635077572665,60.93824378242733,0.0,0.0,0.0,0.763715267825578,-0.113367716112724,0.629173904519054,-0.247909079419248,0.16614333992096963,-0.7109396440173323,0.14217349614025965,-0.7349094877980423,0.4886110411473487,-0.38847194279095326,0.29018345516989713,-0.5868995287684049,0.6433542990904849,-0.23372868484781706,0.53506696,-0.3420160216961755,0.49134310397168046,-0.3857398799666215,0.37495396933853964,-0.5021290145997623,0.6036953519383167,-0.2733876319999853
E01026089,E01026089,East Lindsey 004C,East Lindsey,E01026089,1,2022,1.26064286746495,0.877082983938302,0.113367716112724,59.614635077572665,60.93824378242733,0.0,0.0,0.0,0.877082983938302,-0.38355988352664794,0.990450700051026,-0.27019216741392393,0.1688263639926787,-1.091816503472271,0.143933328900364,-1.116709538564586,0.47470184730615483,-0.7859410201587951,0.2536000059680723,-1.0070428614968776,0.6664595140944866,-0.5941833533704634,0.54363763,-0.7170052341412805,0.4670100287191995,-0.7936328387457504,0.4852566238609426,-0.7753862436040073,0.6194946071161959,-0.641148260348754
E01032986,E01032986,East Lindsey 004D,East Lindsey,E01032986,1,2020,0.83858233237675,1.68129600268945,0.34064412960657986,61.61489607595323,61.2880047396133,0.0,0.0,0.0,1.68129600268945,0.8427136703127,2.02194013229603,1.1833577999192801,0.5714618784157021,-0.2671204539610479,0.5462612069725905,-0.29232112540415944,0.9779340749746338,0.13935174259788385,0.919617093563608,0.08103476118685804,1.0860436607791508,0.24746132840240087,1.0957828,0.25720042442866997,0.9515680648664779,0.11298573248972799,1.2340127119982833,0.3954303796215334,0.9030007885981911,0.06441845622144116
E01032986,E01032986,East Lindsey 004D,East Lindsey,E01032986,1,2021,1.72355453526662,0.83858233237675,-0.8427136703127,61.61489607595323,61.2880047396133,0.0,0.0,0.0,0.83858233237675,-0.88497220288987,-0.004131337935949997,-1.72768587320257,0.5668198208948086,-1.1567347143718112,0.5432164169590765,-1.1803381183075434,0.9355942082077744,-0.7879603270588456,0.9050015019653191,-0.8185530333013008,1.0860436607791508,-0.6375108744874691,1.1006548,-0.6228996947972596,0.9188272132209719,-0.804727322045648,1.2131390655273828,-0.5104154697392371,0.9053398171135683,-0.8182147181530517
E01032986,E01032986,East Lindsey 004D,East Lindsey,E01032986,1,2022,1.50562452785417,1.72355453526662,0.88497220288987,61.61489607595323,61.2880047396133,0.0,0.0,0.0,1.72355453526662,0.21793000741244994,2.60852673815649,1.10290221030232,0.5681400390888243,-0.9374844887653457,0.5440823664124612,-0.9615421614417088,0.9718730486649246,-0.5337514791892454,0.9120655148772827,-0.5935590129768873,1.0860436607791508,-0.4195808670750192,1.1097075,-0.3959170531456129,0.9338922997934339,-0.5717322280607361,1.228101195845696,-0.277523332008474,0.9064651616676491,-0.5991593661865209
E01032987,E01032987,East Lindsey 004E,East Lindsey,E01032987,1,2020,1.03838474963689,0.925414017013059,-0.15687003185692106,61.619841552513854,61.212741233614956,0.0,0.0,0.0,0.925414017013059,-0.11297073262383106,0.768543985156138,-0.2698407644807521,0.46912009340080685,-0.5692646562360832,0.3270226821537989,-0.7113620674830912,0.28144569737867997,-0.7569390522582101,0.32856112479637906,-0.709823624840511,0.5143225772904566,-0.5240621723464335,0.4465422,-0.591842546210529,0.40809268231290985,-0.6302920673239802,0.5369512816615961,-0.501433467975294,0.26214540937955433,-0.7762393402573358
E01032987,E01032987,East Lindsey 004E,East Lindsey,E01032987,1,2021,1.13734639582462,1.03838474963689,0.11297073262383106,61.619841552513854,61.212741233614956,0.0,0.0,0.0,1.03838474963689,-0.09896164618772985,1.1513554822607213,0.014009086436101326,0.46797022594150295,-0.669376169883117,0.3262684681137542,-0.8110779277108657,0.28144569737867997,-0.85590069844594,0.32856112479637906,-0.8087852710282408,0.5038575965963773,-0.6334887992282426,0.4334817,-0.7038647025567977,0.4087544424548352,-0.7285919533697847,0.5097230904314374,-0.6276233053931826,0.24316836187665294,-0.894178033947967
E01032987,E01032987,East Lindsey 004E,East Lindsey,E01032987,1,2022,1.43858624066664,1.13734639582462,0.09896164618772985,61.619841552513854,61.212741233614956,0.0,0.0,0.0,1.13734639582462,-0.30123984484202015,1.2363080420123498,-0.2022781986542903,0.46912009340080685,-0.9694661472658332,0.3270226821537989,-1.1115635585128412,0.28144569737867997,-1.15714054328796,0.32856112479637906,-1.110025115870261,0.5143225772904566,-0.9242636633761835,0.4465422,-0.992044037240279,0.40809268231290985,-1.0304935583537302,0.5369512816615961,-0.901634959005044,0.26214540937955433,-1.1764408312870858
E01026072,E01026072,East Lindsey 005A,East Lindsey,E01026072,1,2020,2.03952186239666,2.45159437878429,0.4716825977546102,65.25079630859663,72.85109685295109,0.0,0.0,0.0,2.45159437878429,0.4120725163876302,2.9232769765389004,0.8837551141422404,1.4970073484763118,-0.5425145139203482,1.2119139853146055,-0.8276078770820545,1.4954947723050416,-0.5440270900916184,1.4315551209300195,-0.6079667414666405,1.5436448330026837,-0.49587702939397627,1.60424,-0.43528192175334945,1.316850006956923,-0.7226718554397371,1.5489908123248617,-0.4905310500717983,1.3835406187807198,-0.6559812436159402
E01026072,E01026072,East Lindsey 005A,East Lindsey,E01026072,1,2021,2.36876899747532,2.03952186239666,-0.4120725163876302,65.25079630859663,72.85109685295109,0.0,0.0,0.0,2.03952186239666,-0.3292471350786599,1.6274493460090298,-0.7413196514662901,1.5043750177525923,-0.8643939797227276,1.2167465419415586,-1.1520224555337613,1.4856469411571678,-0.8831220563181521,1.4306577350838974,-0.9381112623914225,1.5472404018568944,-0.8215285956184255,1.6079222,-0.7608468010870753,1.325510166697313,-1.0432588307780069,1.5016029638516764,-0.8671660336236435,1.3960029634818725,-0.9727660339934474
E01026072,E01026072,East Lindsey 005A,East Lindsey,E01026072,1,2022,2.87317326355116,2.36876899747532,0.3292471350786599,65.25079630859663,72.85109685295109,0.0,0.0,0.0,2.36876899747532,-0.5044042660758401,2.6980161325539798,-0.17515713099718022,1.5016494059972052,-1.3715238575539548,1.2149587753281192,-1.6582144882230407,1.4905948859624436,-1.3825783775887164,1.4315551209300195,-1.4416181426211405,1.5472404018568944,-1.3259328616942656,1.6009736,-1.2721996574415408,1.325510166697313,-1.547663096853847,1.528753755904002,-1.344419507647158,1.379887596771165,-1.493285666779995
E01026073,E01026073,East Lindsey 005B,East Lindsey,E01026073,1,2020,1.91437226528405,2.23020997114621,0.39575815571337003,65.12538967773786,72.77789214909224,0.0,0.0,0.0,2.23020997114621,0.31583770586216,2.62596812685958,0.71159586157553,1.8045918819917504,-0.10978038329229967,1.588814828425002,-0.3255574368590479,1.4346120017251167,-0.4797602635589333,1.2825713344088796,-0.6318009308751704,1.4599363801141927,-0.45443588516985733,1.4986303,-0.4157419800209885,1.3785556103141123,-0.5358166549699377,1.420817950452099,-0.493554314831951,1.3558879431892619,-0.5584843220947882
E01026073,E01026073,East Lindsey 005B,East Lindsey,E01026073,1,2021,2.21771378412933,1.91437226528405,-0.31583770586216,65.12538967773786,72.77789214909224,0.0,0.0,0.0,1.91437226528405,-0.30334151884528016,1.59853455942189,-0.6191792247074401,1.8050177588285294,-0.41269602530080074,1.5890941669583518,-0.6286196171709784,1.4387396922289952,-0.778974091900335,1.2851047788126146,-0.9326090053167155,1.4599363801141927,-0.7577774040151375,1.476934,-0.74077982798309,1.3785556103141123,-0.8391581738152178,1.420817950452099,-0.7968958336772312,1.343490565428084,-0.8742232187012462
E01026073,E01026073,East Lindsey 005B,East Lindsey,E01026073,1,2022,2.29309907445505,2.21771378412933,0.30334151884528016,65.12538967773786,72.77789214909224,0.0,0.0,0.0,2.21771378412933,-0.07538529032571972,2.5210553029746103,0.22795622851956043,1.804208592838649,-0.4888904816164008,1.588563423744987,-0.7045356507100629,1.4346120017251167,-0.8584870727299332,1.2825713344088796,-1.0105277400461703,1.4599363801141927,-0.8331626943408572,1.4986303,-0.7944687891919884,1.3785556103141123,-0.9145434641409376,1.4208086034326879,-0.872290471022362,1.3576072782847528,-0.9354917961702971
E01026074,E01026074,East Lindsey 005C,East Lindsey,E01026074,1,2020,1.75821293946595,1.61705198513451,-0.06609435958866006,65.23999530956056,72.87159786315672,0.0,0.0,0.0,1.61705198513451,-0.14116095433144005,1.55095762554585,-0.2072553139201001,1.4573004722003968,-0.3009124672655532,1.260878304672486,-0.49733463479346396,1.4000410956629807,-0.3581718438029693,1.3117726421436067,-0.44644029732234336,1.3282380212075384,-0.4299749182584116,1.4000183,-0.3581946050772171,1.3104965158870436,-0.4477164235789064,1.3799292479551133,-0.37828369151083674,1.1635846743445362,-0.5946282651214139
E01026074,E01026074,East Lindsey 005C,East Lindsey,E01026074,1,2021,1.69777933341194,1.75821293946595,0.14116095433144005,65.23999530956056,72.87159786315672,0.0,0.0,0.0,1.75821293946595,0.06043360605401005,1.89937389379739,0.2015945603854501,1.463220160231628,-0.23455917318031205,1.2647611102860497,-0.43301822312589033,1.4000410956629807,-0.29773823774895924,1.312249252677097,-0.38553008073484296,1.32239544888316,-0.37538388452878,1.4000183,-0.2977609990232071,1.3104965158870436,-0.38728281752489635,1.379743370649486,-0.31803596276245405,1.1629152865393506,-0.5348640468725894
E01026074,E01026074,East Lindsey 005C,East Lindsey,E01026074,1,2022,1.85760030521181,1.69777933341194,-0.06043360605401005,65.23999530956056,72.87159786315672,0.0,0.0,0.0,1.69777933341194,-0.15982097179986998,1.63734572735793,-0.22025457785388003,1.4638589754867968,-0.3937413297250132,1.2651801180860744,-0.5924201871257355,1.4000410956629807,-0.4575592095488292,1.312249252677097,-0.5453510525347129,1.32239544888316,-0.53520485632865,1.4000183,-0.45758197082307706,1.3104965158870436,-0.5471037893247663,1.379743370649486,-0.47785693456232403,1.1628430504452658,-0.6947572547665442
E01026099,E01026099,East Lindsey 005D,East Lindsey,E01026099,1,2020,0.870312708924059,0.698281480807877,0.293078315262164,78.36038044406084,76.4374082143985,0.0,0.0,0.0,0.698281480807877,-0.172031228116182,0.991359796070041,0.121047087145982,0.7156663758316226,-0.15464633309243636,0.5026549399810062,-0.3676577689430528,0.11522293782118534,-0.7550897711028737,0.13119103076306543,-0.7391216781609935,0.10809892216424229,-0.7622137867598167,0.091848835,-0.778463873574976,0.15527183718725474,-0.7150408717368042,0.10315246709275921,-0.7671602418312997,0.009174168335336852,-0.8611385405887222
E01026099,E01026099,East Lindsey 005D,East Lindsey,E01026099,1,2021,1.0614042974415,0.870312708924059,0.172031228116182,78.36038044406084,76.4374082143985,0.0,0.0,0.0,0.870312708924059,-0.19109158851744112,1.042343937040241,-0.019060360401259135,0.7163477787704695,-0.3450565186710306,0.503101881634366,-0.5583024158071341,0.1091964585077109,-0.9522078389337892,0.12773167865150095,-0.9336726187899992,0.10809892216424229,-0.9533053752772578,0.091848835,-0.9695554620924172,0.15527183718725474,-0.9061324602542453,0.10315246709275921,-0.9582518303487408,0.009097116501646449,-1.0523071809398536
E01026099,E01026099,East Lindsey 005D,East Lindsey,E01026099,1,2022,0.830783475141515,1.0614042974415,0.19109158851744112,78.36038044406084,76.4374082143985,0.0,0.0,0.0,1.0614042974415,0.23062082229998515,1.2524958859589412,0.4217124108174263,0.7154960250969113,-0.11528745004460361,0.5025432045676662,-0.32824027057384875,0.11522293782118534,-0.7155605373203296,0.13119103076306543,-0.6995924443784496,0.10809892216424229,-0.7226845529772726,0.091848835,-0.738934639792432,0.15527183718725474,-0.6755116379542603,0.10315246709275921,-0.7276310080487558,0.00919343129375945,-0.8215900438477555
E01026103,E01026103,East Lindsey 006A,East Lindsey,E01026103,1,2020,1.77590062401745,1.77963007798479,-0.1102634974627501,64.96462323285272,72.73865268590114,0.0,0.0,0.0,1.77963007798479,0.003729453967340035,1.66936658052204,-0.10653404349541007,1.0307717496498199,-0.7451288743676301,0.899290420019675,-0.876610203997775,1.1775957150421874,-0.5983049089752626,1.160258509694057,-0.615642114323393,1.2328502022240482,-0.5430504217934018,1.2714732,-0.5044274546906677,1.0698497470012338,-0.7060508770162162,1.2896158009299503,-0.48628482308749965,1.165626861214629,-0.610273762802821
E01026103,E01026103,East Lindsey 006A,East Lindsey,E01026103,1,2021,1.83009702260233,1.77590062401745,-0.003729453967340035,64.96462323285272,72.73865268590114,0.0,0.0,0.0,1.77590062401745,-0.05419639858488012,1.77217117005011,-0.05792585255222016,1.0311550388029211,-0.798941983799409,0.8995418246996898,-0.9305551979026403,1.199157706424396,-0.6309393161779342,1.1633378575324183,-0.6667591650699118,1.2328502022240482,-0.5972468203782819,1.2714732,-0.5586238532755479,1.0698497470012338,-0.7602472756010963,1.2896158009299503,-0.5404812216723798,1.165583519558178,-0.664513503044152
E01026103,E01026103,East Lindsey 006A,East Lindsey,E01026103,1,2022,2.32301095185871,1.83009702260233,0.05419639858488012,64.96462323285272,72.73865268590114,0.0,0.0,0.0,1.83009702260233,-0.49291392925638,1.8842934211872102,-0.4387175306714999,1.032304906262225,-1.2907060455964852,0.9002960387397345,-1.4227149131189756,1.222596429010385,-1.100414522848325,1.186732955103714,-1.136277996754996,1.2439642619322913,-1.0790466899264188,1.2714732,-1.0515377825319279,1.094563745216668,-1.228447206642042,1.3173762171310186,-1.0056347347276915,1.1655794056524473,-1.1574315462062628
E01026104,E01026104,East Lindsey 006B,East Lindsey,E01026104,1,2020,1.13541915981441,0.962651004089791,0.21565157981705696,65.14977333567091,72.80697517464189,0.0,0.0,0.0,0.962651004089791,-0.17276815572461912,1.178302583906848,0.04288342409243784,0.6989431564246696,-0.43647600338974046,0.7467801929184099,-0.3886389668960002,0.6162992271457477,-0.5191199326686624,0.5238323049914897,-0.6115868548229204,0.7343257212398479,-0.40109343857456226,0.70622516,-0.4291940030303525,0.6421760175727322,-0.49324314224167787,0.7220125792581519,-0.41340658055625823,0.7030883764806412,-0.43233078333376895
E01026104,E01026104,East Lindsey 006B,East Lindsey,E01026104,1,2021,1.35712400365856,1.13541915981441,0.17276815572461912,65.14977333567091,72.80697517464189,0.0,0.0,0.0,1.13541915981441,-0.2217048438441498,1.3081873155390293,-0.04893668811953056,0.6999226731492617,-0.6572013305092982,0.7474226715451148,-0.6097013321134451,0.5912329482207735,-0.7658910554377863,0.5188252017397317,-0.8382988019188282,0.7343257212398479,-0.622798282418712,0.65760154,-0.6995224683382779,0.6144433643761777,-0.7426806392823821,0.6760761445991997,-0.6810478590593602,0.6967031982854917,-0.6604208053730682
E01026104,E01026104,East Lindsey 006B,East Lindsey,E01026104,1,2022,1.31150885286632,1.35712400365856,0.2217048438441498,65.14977333567091,72.80697517464189,0.0,0.0,0.0,1.35712400365856,0.04561515079223999,1.5788288475027097,0.2673199946363898,0.6999226731492617,-0.6115861797170582,0.7474226715451148,-0.5640861813212051,0.5912329482207735,-0.7202759046455464,0.5188252017397317,-0.7926836511265882,0.7343257212398479,-0.5771831316264721,0.65760154,-0.6539073175460379,0.6144433643761777,-0.6970654884901422,0.6760761445991997,-0.6354327082671202,0.6967031982854917,-0.6148056545808283
E01026109,E01026109,East Lindsey 006C,East Lindsey,E01026109,1,2020,1.8721727609318,1.24295014137977,-0.17443994480288016,65.41161479887556,72.94740051634182,0.0,0.0,0.0,1.24295014137977,-0.6292226195520301,1.0685101965768897,-0.8036625643549102,1.2098364771022212,-0.6623362838295788,1.1559432775563678,-0.7162294833754321,1.0801230850950567,-0.7920496758367432,0.9525320312239853,-0.9196407297078146,1.054558479524265,-0.8176142814075349,1.0450755,-0.827097225157569,1.179165007138307,-0.6930077537934929,1.0301735364778577,-0.8419992244539423,0.9128131198612226,-0.9593596410705774
E01026109,E01026109,East Lindsey 006C,East Lindsey,E01026109,1,2021,1.78337933623256,1.8721727609318,0.6292226195520301,65.41161479887556,72.94740051634182,0.0,0.0,0.0,1.8721727609318,0.0887934246992399,2.50139538048383,0.7180160442512697,1.2065146377753433,-0.5768646984572168,1.1537644369962385,-0.6296148992363215,1.1085784265995136,-0.6748009096330465,0.9525320312239853,-0.8308473050085747,1.0808026467588439,-0.7025766894737162,1.0472343,-0.736145039433854,1.179165007138307,-0.604214329094253,1.0572347926057197,-0.7261445436268403,0.9156949404739773,-0.8676843957585828
E01026109,E01026109,East Lindsey 006C,East Lindsey,E01026109,1,2022,1.93789595821266,1.78337933623256,-0.0887934246992399,65.41161479887556,72.94740051634182,0.0,0.0,0.0,1.78337933623256,-0.15451662198009997,1.6945859115333202,-0.24331004667933986,1.2058332348364966,-0.7320627233761634,1.1533174953428786,-0.7845784628697814,1.1085784265995136,-0.8293175316131465,0.9525320312239853,-0.9853639269886747,1.0719986125703131,-0.8658973456423469,1.0472343,-0.890661661413954,1.179165007138307,-0.758730951074353,1.0572347926057197,-0.8806611656069403,0.9157719923076677,-1.0221239659049923
E01026071,E01026071,East Lindsey 007A,East Lindsey,E01026071,1,2020,0.436702927611378,0.0672087435477403,-0.1619149012515067,67.25565854646602,71.05629113843203,0.0,0.0,0.0,0.0672087435477403,-0.3694941840636377,-0.0947061577037664,-0.5314090853151444,-0.23784322749696796,-0.674546155108346,-0.15390781456289024,-0.5906107421742682,-0.18097957089659944,-0.6176824985079774,-0.19977157465661838,-0.6364745022679964,-0.19030843678208614,-0.6270113643934642,-0.17852439,-0.6152273174743923,-0.23895785300868772,-0.6756607806200657,-0.17887093005836233,-0.6155738576697404,-0.17482875050257476,-0.6115316781139528
E01026071,E01026071,East Lindsey 007A,East Lindsey,E01026071,1,2021,0.277326734074014,0.436702927611378,0.3694941840636377,67.25565854646602,71.05629113843203,0.0,0.0,0.0,0.436702927611378,0.15937619353736404,0.8061971116750157,0.5288703776010018,-0.23784322749696796,-0.5151699615709819,-0.15390781456289024,-0.43123454863690425,-0.18097957089659944,-0.4583063049706134,-0.19977157465661838,-0.47709830873063236,-0.19030843678208614,-0.4676351708561001,-0.17852439,-0.4558511239370282,-0.23895785300868772,-0.5162845870827018,-0.17887093005836233,-0.4561976641323763,-0.17482875050257476,-0.4521554845765887
E01026071,E01026071,East Lindsey 007A,East Lindsey,E01026071,1,2022,0.842644095743882,0.277326734074014,-0.15937619353736404,67.25565854646602,71.05629113843203,0.0,0.0,0.0,0.277326734074014,-0.565317361669868,0.11795054053664994,-0.724693555207232,-0.23784322749696796,-1.0804873232408498,-0.15390781456289024,-0.9965519103067723,-0.18097957089659944,-1.0236236666404814,-0.19977157465661838,-1.0424156704005003,-0.19030843678208614,-1.032952532525968,-0.17852439,-1.0211684856068963,-0.23895785300868772,-1.0816019487525697,-0.17887093005836233,-1.0215150258022443,-0.17482875050257476,-1.0174728462464568
E01026082,E01026082,East Lindsey 007B,East Lindsey,E01026082,1,2020,0.327705316799913,0.377327348156897,0.44494691328611413,74.01822008524364,81.6758362952652,0.0,0.0,0.0,0.377327348156897,0.04962203135698401,0.8222742614430112,0.4945689446430982,0.17037312396927862,-0.15733219283063438,0.09345850443585063,-0.23424681236406236,-0.08473853575246756,-0.4124438525523806,-0.06661999054292704,-0.39432530734284005,-0.04957483091135217,-0.37728014771126517,-0.09817094,-0.4258762603581291,0.0054296847946533056,-0.32227563200525966,-0.038190158656044935,-0.3658954754559579,-0.08966747465808686,-0.4173727914579999
E01026082,E01026082,East Lindsey 007B,East Lindsey,E01026082,1,2021,0.503963569698757,0.327705316799913,-0.04962203135698401,74.01822008524364,81.6758362952652,0.0,0.0,0.0,0.327705316799913,-0.176258252898844,0.278083285442929,-0.225880284255828,0.16837150283641644,-0.33559206686234055,0.09214561332910609,-0.4118179563696509,-0.08555840303202142,-0.5895219727307784,-0.07063679419102864,-0.5746003638897856,-0.04957483091135217,-0.5535384006101092,-0.09817094,-0.6021345132569731,0.0054296847946533056,-0.49853388490410366,-0.038190158656044935,-0.5421537283548019,-0.08944113489662128,-0.5934047045953783
E01026082,E01026082,East Lindsey 007B,East Lindsey,E01026082,1,2022,0.642268127601238,0.503963569698757,0.176258252898844,74.01822008524364,81.6758362952652,0.0,0.0,0.0,0.503963569698757,-0.13830455790248097,0.680221822597601,0.03795369499636303,0.16973430871410977,-0.4725338188871282,0.09303949663582578,-0.5492286309654122,-0.08555840303202142,-0.7278265306332594,-0.07063679419102864,-0.7129049217922666,-0.04957483091135217,-0.6918429585125901,-0.09817094,-0.7404390711594541,0.0054296847946533056,-0.6368384428065846,-0.038190158656044935,-0.6804582862572829,-0.08959523856400209,-0.7318633661652401
E01026121,E01026121,East Lindsey 007C,East Lindsey,E01026121,1,2020,0.432516408793423,0.0299443804646725,-0.2328804912160345,74.24892762067678,82.34122445994475,0.0,0.0,0.0,0.0299443804646725,-0.4025720283287505,-0.20293611075136198,-0.635452519544785,-0.0529572118910822,-0.4854736206845052,0.022993408527172923,-0.4095230002662501,-0.4127004044934141,-0.8452168132868372,-0.32395769920541884,-0.7564741079988418,-0.3889598750520892,-0.8214762838455122,-0.38138404,-0.8139004536790584,-0.29903738922527684,-0.7315537980186999,-0.4824866485257749,-0.9150030573191978,-0.42379841999574974,-0.8563148287891728
E01026121,E01026121,East Lindsey 007C,East Lindsey,E01026121,1,2021,0.695690006035677,0.432516408793423,0.4025720283287505,74.24892762067678,82.34122445994475,0.0,0.0,0.0,0.432516408793423,-0.263173597242254,0.8350884371221735,0.13939843108649652,-0.0529572118910822,-0.7486472179267591,0.022993408527172923,-0.6726965975085041,-0.4127004044934141,-1.1083904105290912,-0.32395769920541884,-1.0196477052410957,-0.3889598750520892,-1.084649881087766,-0.38138404,-1.0770740509213124,-0.29903738922527684,-0.9947273952609539,-0.4824866485257749,-1.1781766545614518,-0.42379841999574974,-1.1194884260314266
E01026121,E01026121,East Lindsey 007C,East Lindsey,E01026121,1,2022,0.689729875311025,0.695690006035677,0.263173597242254,74.24892762067678,82.34122445994475,0.0,0.0,0.0,0.695690006035677,0.0059601307246519575,0.958863603277931,0.26913372796690593,-0.0529572118910822,-0.7426870872021072,0.022993408527172923,-0.6667364667838521,-0.4127004044934141,-1.1024302798044392,-0.32395769920541884,-1.0136875745164438,-0.3889598750520892,-1.078689750363114,-0.38138404,-1.0711139201966604,-0.29903738922527684,-0.9887672645363019,-0.4824866485257749,-1.1722165238367999,-0.42379841999574974,-1.1135282953067747
E01026042,E01026042,East Lindsey 008A,East Lindsey,E01026042,1,2020,0.731619578898213,0.729502046136481,-0.3248885364320391,65.57017103985186,71.88917138893447,0.0,0.0,0.0,0.729502046136481,-0.0021175327617320994,0.4046135097044419,-0.3270060691937712,0.3177864475990569,-0.41383313129915617,0.33452142698139486,-0.3970981519168182,0.5884952264922464,-0.14312435240596666,0.4005968748548746,-0.33102270404333844,0.5827926476222349,-0.14882693127597812,0.56669086,-0.16492871671941056,0.5227735248696863,-0.20884605402852674,0.4496347159214531,-0.28198486297675995,0.5584403116589692,-0.17317926723924382
E01026042,E01026042,East Lindsey 008A,East Lindsey,E01026042,1,2021,0.816626882132914,0.731619578898213,0.0021175327617320994,65.57017103985186,71.88917138893447,0.0,0.0,0.0,0.731619578898213,-0.08500730323470096,0.7337371116599452,-0.08288977047296886,0.31829749980319194,-0.49832938232972207,0.3348566332214148,-0.4817702489114992,0.575733130018582,-0.24089375211433206,0.39839205377706094,-0.41823482835585307,0.5827926476222349,-0.23383423451067908,0.5664987,-0.2501281853288674,0.5227735248696863,-0.2938533572632277,0.42366827940972496,-0.39295860272318905,0.5523693154172041,-0.2642575667157099
E01026042,E01026042,East Lindsey 008A,East Lindsey,E01026042,1,2022,1.15462274549064,0.816626882132914,0.08500730323470096,65.57017103985186,71.88917138893447,0.0,0.0,0.0,0.816626882132914,-0.3379958633577259,0.901634185367615,-0.25298856012302495,0.31829749980319194,-0.8363252456874479,0.3348566332214148,-0.8197661122692251,0.575733130018582,-0.578889615472058,0.39839205377706094,-0.756230691713579,0.5827926476222349,-0.571830097868405,0.5664987,-0.5881240486865933,0.5227735248696863,-0.6318492206209536,0.42366827940972496,-0.730954466080915,0.5523693154172041,-0.6022534300734358
E01026043,E01026043,East Lindsey 008B,East Lindsey,E01026043,1,2020,0.450949466470259,0.735383818001782,0.320086885854737,65.52036376349253,71.84512814621891,0.0,0.0,0.0,0.735383818001782,0.28443435153152297,1.055470703856519,0.60452123738626,0.09383962386353928,-0.35710984260671974,0.20014074028196827,-0.25080872618829075,0.20980774088051618,-0.24114172558974284,0.021591682879621234,-0.4293577835906378,0.21623391023723673,-0.2347155562330223,0.24212937,-0.20882009590007622,0.3867997095973537,-0.0641497568729053,0.22762781210477973,-0.2233216543654793,0.17066739539142955,-0.28028207107882946
E01026043,E01026043,East Lindsey 008B,East Lindsey,E01026043,1,2021,0.887319241395488,0.450949466470259,-0.28443435153152297,65.52036376349253,71.84512814621891,0.0,0.0,0.0,0.450949466470259,-0.436369774925229,0.16651511493873605,-0.720804126456752,0.09383962386353928,-0.7934796175319487,0.20014074028196827,-0.6871785011135197,0.20980774088051618,-0.6775115005149719,0.021591682879621234,-0.8657275585158668,0.21623391023723673,-0.6710853311582513,0.24212937,-0.6451898708253052,0.3867997095973537,-0.5005195317981344,0.22762781210477973,-0.6596914292907083,0.17066739539142955,-0.7166518460040585
E01026043,E01026043,East Lindsey 008B,East Lindsey,E01026043,1,2022,1.01955291839322,0.887319241395488,0.436369774925229,65.52036376349253,71.84512814621891,0.0,0.0,0.0,0.887319241395488,-0.13223367699773192,1.3236890163207171,0.3041360979274972,0.09383962386353928,-0.9257132945296807,0.20014074028196827,-0.8194121781112517,0.20980774088051618,-0.8097451775127038,0.021591682879621234,-0.9979612355135987,0.21623391023723673,-0.8033190081559832,0.24212937,-0.7774235478230371,0.3867997095973537,-0.6327532087958663,0.22762781210477973,-0.7919251062884403,0.17066739539142955,-0.8488855230017904
E01026044,E01026044,East Lindsey 008C,East Lindsey,E01026044,1,2020,0.645518177618575,0.541764019159603,0.43368967605655506,65.04334775885008,71.73287582745269,0.0,0.0,0.0,0.541764019159603,-0.10375415845897196,0.9754536952161581,0.3299355175975831,0.25612192864380495,-0.38939624897477004,0.24885659577460634,-0.39666158184396866,0.06337055369744278,-0.5821476239211322,0.07117294180246343,-0.5743452358161115,0.09759815014363908,-0.547920027474936,0.09442926,-0.551088915636134,0.0973917279742226,-0.5481264496443524,0.07571404449233671,-0.5698041331262382,0.04067652182085618,-0.6048416557977188
E01026044,E01026044,East Lindsey 008C,East Lindsey,E01026044,1,2021,0.870232747444083,0.645518177618575,0.10375415845897196,65.04334775885008,71.73287582745269,0.0,0.0,0.0,0.645518177618575,-0.22471456982550797,0.749272336077547,-0.12096041136653601,0.2601251709095295,-0.6101075765345534,0.25148237798809536,-0.6187503694559876,0.09685550974057429,-0.7733772377035086,0.07117294180246343,-0.7990598056416195,0.1069140464248473,-0.7633187010192357,0.111634485,-0.758598262020518,0.0973917279742226,-0.7728410194698604,0.07842362763085725,-0.7918091198132258,0.08240059323568168,-0.7878321542084012
E01026044,E01026044,East Lindsey 008C,East Lindsey,E01026044,1,2022,1.33133007297547,0.870232747444083,0.22471456982550797,65.04334775885008,71.73287582745269,0.0,0.0,0.0,0.870232747444083,-0.46109732553138705,1.094947317269591,-0.23638275570587908,0.25756990988885425,-1.0737601630866158,0.24980634678799596,-1.081523726187474,0.08650199961500937,-1.2448280733604606,0.07117294180246343,-1.2601571311730067,0.09759815014363908,-1.2337319228318309,0.09442926,-1.236900810993029,0.0973917279742226,-1.2339383450012473,0.07842362763085725,-1.2529064453446128,0.04051278667426404,-1.290817286301206
E01026113,E01026113,East Lindsey 008D,East Lindsey,E01026113,1,2020,0.696089434201953,0.675018640656526,0.30294844321672393,46.12063194645252,56.64063644641003,0.0,0.0,0.0,0.675018640656526,-0.02107079354542707,0.9779670838732499,0.2818776496712969,0.524260516600267,-0.17182891760168606,0.45734609977653395,-0.23874333442541906,0.15085742749891318,-0.5452320067030398,0.1653238821925042,-0.5307655520094487,0.25523338234308013,-0.4408560518588729,0.20063305,-0.49545638519072255,0.3180713460832327,-0.37801808811872034,0.22820028751143878,-0.46788914669051423,0.16853920927406982,-0.5275502249278832
E01026113,E01026113,East Lindsey 008D,East Lindsey,E01026113,1,2021,0.84482071413935,0.696089434201953,0.02107079354542707,46.12063194645252,56.64063644641003,0.0,0.0,0.0,0.696089434201953,-0.148731279937397,0.7171602277473801,-0.12766048639196992,0.524260516600267,-0.32056019753908305,0.45734609977653395,-0.38747461436281605,0.15085742749891318,-0.6939632866404368,0.1653238821925042,-0.6794968319468457,0.25523338234308013,-0.5895873317962699,0.20063305,-0.6441876651281195,0.3180713460832327,-0.5267493680561173,0.22820028751143878,-0.6166204266279112,0.16853920927406982,-0.6762815048652802
E01026113,E01026113,East Lindsey 008D,East Lindsey,E01026113,1,2022,1.03575502853681,0.84482071413935,0.148731279937397,46.12063194645252,56.64063644641003,0.0,0.0,0.0,0.84482071413935,-0.19093431439746,0.993551994076747,-0.042203034460063016,0.524260516600267,-0.511494511936543,0.45734609977653395,-0.578408928760276,0.15085742749891318,-0.8848976010378968,0.1653238821925042,-0.8704311463443057,0.25523338234308013,-0.7805216461937299,0.20063305,-0.8351219795255795,0.3180713460832327,-0.7176836824535773,0.22820028751143878,-0.8075547410253712,0.16853920927406982,-0.8672158192627402
E01026117,E01026117,East Lindsey 008E,East Lindsey,E01026117,1,2020,0.367383506099178,0.858235475570528,0.388774895007072,65.77412451001005,70.13929837404126,0.0,0.0,0.0,0.858235475570528,0.49085196947135,1.2470103705776001,0.8796268644784221,0.32044552520080666,-0.04693798089837137,0.24912861426104024,-0.11825489183813778,0.2593248818508049,-0.10805862424837315,0.25099423232869866,-0.11638927377047936,0.2630280585014858,-0.10435544759769222,0.25837246,-0.10901105026383562,0.2302331170042291,-0.13715038909494892,0.24887082287370443,-0.11851268322547359,0.15718449137441434,-0.21019901472476368
E01026117,E01026117,East Lindsey 008E,East Lindsey,E01026117,1,2021,0.814529299905226,0.367383506099178,-0.49085196947135,65.77412451001005,70.13929837404126,0.0,0.0,0.0,0.367383506099178,-0.447145793806048,-0.12346846337217199,-0.937997763277398,0.31976412226195977,-0.4947651776432663,0.24868167260768034,-0.5658476272975457,0.2593248818508049,-0.5552044180544211,0.25099423232869866,-0.5635350675765274,0.2630280585014858,-0.5515012414037402,0.25837246,-0.5561568440698836,0.2302331170042291,-0.5842961829009969,0.24887082287370443,-0.5656584770315216,0.15726154320810473,-0.6572677566971213
E01026117,E01026117,East Lindsey 008E,East Lindsey,E01026117,1,2022,1.35242808704012,0.814529299905226,0.447145793806048,65.77412451001005,70.13929837404126,0.0,0.0,0.0,0.814529299905226,-0.5378987871348939,1.2616750937112742,-0.09075299332884579,0.31959377152724816,-1.0328343155128719,0.24856993719434037,-1.1038581498457796,0.2593248818508049,-1.093103205189315,0.25099423232869866,-1.1014338547114213,0.2630280585014858,-1.089400028538634,0.25837246,-1.0940556312047776,0.2302331170042291,-1.1221949700358909,0.24887082287370443,-1.1035572641664155,0.15728080616652737,-1.1951472808735926
E01026060,E01026060,East Lindsey 009A,East Lindsey,E01026060,1,2020,0.669077691269483,1.07017882540012,0.6487261850906161,42.027324666902054,51.17444895470006,0.0,0.0,0.0,1.07017882540012,0.4011011341306371,1.7189050104907362,1.049827319221253,0.14398657309068214,-0.5250911181788009,0.03210142216390575,-0.6369762691055773,0.054598401170979256,-0.6144792900985038,-0.0026938771498701605,-0.6717715684193531,0.002551944105045425,-0.6665257471644376,0.06210956,-0.6069681314950842,-0.051961550476960716,-0.7210392417464437,0.07382767896042752,-0.5952500123090555,-0.0478300148672907,-0.7169077061367737
E01026060,E01026060,East Lindsey 009A,East Lindsey,E01026060,1,2021,1.23396067072296,0.669077691269483,-0.4011011341306371,42.027324666902054,51.17444895470006,0.0,0.0,0.0,0.669077691269483,-0.564882979453477,0.26797655713884594,-0.9659841135841141,0.14398657309068214,-1.0899740976322778,0.03210142216390575,-1.2018592485590542,0.054598401170979256,-1.1793622695519808,-0.0026938771498701605,-1.2366545478728301,0.002551944105045425,-1.2314087266179146,0.06210956,-1.1718511109485612,-0.051961550476960716,-1.2859222211999208,0.07382767896042752,-1.1601329917625325,-0.0478300148672907,-1.2817906855902508
E01026060,E01026060,East Lindsey 009A,East Lindsey,E01026060,1,2022,1.18677447853019,1.23396067072296,0.564882979453477,42.027324666902054,51.17444895470006,0.0,0.0,0.0,1.23396067072296,0.04718619219277009,1.7988436501764369,0.612069171646247,0.14398657309068214,-1.0427879054395077,0.03210142216390575,-1.1546730563662841,0.054598401170979256,-1.1321760773592107,-0.0026938771498701605,-1.18946835568006,0.002551944105045425,-1.1842225344251445,0.06210956,-1.124664918755791,-0.051961550476960716,-1.2387360290071507,0.07382767896042752,-1.1129467995697624,-0.0478300148672907,-1.2346044933974807
E01026068,E01026068,East Lindsey 009B,East Lindsey,E01026068,1,2020,0.501490292893636,0.563492894861909,0.476895361900924,48.864941360299085,57.085901718547994,0.0,0.0,0.0,0.563492894861909,0.06200260196827301,1.040388256762833,0.5388979638691971,0.172761546012908,-0.328728746880728,0.12362917141111038,-0.3778611214825256,0.048500465411403286,-0.4529898274822327,0.04390290869824159,-0.4575873841953944,0.09542214595018736,-0.4060681469434486,0.08075446,-0.42073583398936965,0.12720104477017435,-0.37428924812346165,0.04641325148497649,-0.4550770414086595,0.05946360481445909,-0.4420266880791769
E01026068,E01026068,East Lindsey 009B,East Lindsey,E01026068,1,2021,0.778552173358212,0.501490292893636,-0.06200260196827301,48.864941360299085,57.085901718547994,0.0,0.0,0.0,0.501490292893636,-0.277061880464576,0.439487690925363,-0.33906448243284903,0.172207906125095,-0.606344267233117,0.12326603131775554,-0.6552861420404565,0.048500465411403286,-0.7300517079468087,0.04390290869824159,-0.7346492646599705,0.09542214595018736,-0.6831300274080246,0.08075446,-0.6977977144539457,0.12720104477017435,-0.6513511285880377,0.04641325148497649,-0.7321389218732355,0.059526209429332566,-0.7190259639288794
E01026068,E01026068,East Lindsey 009B,East Lindsey,E01026068,1,2022,0.857450097855586,0.778552173358212,0.277061880464576,48.864941360299085,57.085901718547994,0.0,0.0,0.0,0.778552173358212,-0.07889792449737398,1.055614053822788,0.19816395596720204,0.17263378296187432,-0.6848163148937116,0.12354536985110545,-0.7339047280044806,0.048500465411403286,-0.8089496324441827,0.04390290869824159,-0.8135471891573445,0.09542214595018736,-0.7620279519053986,0.08075446,-0.7766956389513197,0.12720104477017435,-0.7302490530854117,0.04641325148497649,-0.8110368463706095,0.05947805203327605,-0.79797204582231
E01026070,E01026070,East Lindsey 009C,East Lindsey,E01026070,1,2020,0.328565666829427,0.55226286730924,0.14384666492021603,61.26093725617936,62.376636447448824,0.0,0.0,0.0,0.55226286730924,0.223697200479813,0.696109532229456,0.36754386540002904,0.061263134277644044,-0.26730253255178293,-0.05749813885251595,-0.386063805681943,0.07837695534171547,-0.25018871148771155,0.005018412406209484,-0.3235472544232175,0.06320419005652407,-0.26536147677290295,0.085885145,-0.2426805220592816,0.04577967196521015,-0.28278599486421685,0.056807727770247916,-0.2717579390591791,0.0638850129381882,-0.2646806538912388
E01026070,E01026070,East Lindsey 009C,East Lindsey,E01026070,1,2021,0.588041665267514,0.328565666829427,-0.223697200479813,61.26093725617936,62.376636447448824,0.0,0.0,0.0,0.328565666829427,-0.259475998438087,0.104868466349614,-0.4831731989179,0.07518930684032452,-0.5128523584271895,-0.04836376881197432,-0.6364054340794884,0.07837695534171547,-0.5096647099257985,0.014808405014335486,-0.5732332602531786,0.06320419005652407,-0.5248374752109899,0.08249778,-0.5055438822622764,0.04577967196521015,-0.5422619933023038,0.06887415473959725,-0.5191675105279168,0.06231026608714031,-0.5257313991803737
E01026070,E01026070,East Lindsey 009C,East Lindsey,E01026070,1,2022,1.08463974951123,0.588041665267514,0.259475998438087,61.26093725617936,62.376636447448824,0.0,0.0,0.0,0.588041665267514,-0.4965980842437161,0.847517663705601,-0.2371220858056291,0.08264215148396079,-1.0019975980272693,-0.04347534447835108,-1.1281150939895812,0.08039184676599528,-1.004247902745235,0.018496493019578546,-1.0661432564916515,0.06320419005652407,-1.021435559454706,0.08249778,-1.0021419665059925,0.04577967196521015,-1.03886007754602,0.04818340810142452,-1.0364563414098056,0.061467511656151386,-1.0231722378550787
E01026105,E01026105,East Lindsey 009D,East Lindsey,E01026105,1,2020,0.527845371928383,0.508371972471297,0.31136240151168093,57.787328947712204,63.58168952367082,0.0,0.0,0.0,0.508371972471297,-0.019473399457086038,0.8197343739829779,0.2918890020545949,0.16244626762987313,-0.36539910429850986,0.0357645138337683,-0.49208085809461466,0.06747670893486271,-0.4603686629935203,0.06952098961046851,-0.4583243823179145,0.13355452213552954,-0.39429084979285345,0.10371043,-0.4241349440480958,0.11159163974793668,-0.4162537321804463,0.0726103006201819,-0.45523507130820107,0.13191065495746127,-0.39593471697092175
E01026105,E01026105,East Lindsey 009D,East Lindsey,E01026105,1,2021,0.811966409908507,0.527845371928383,0.019473399457086038,57.787328947712204,63.58168952367082,0.0,0.0,0.0,0.527845371928383,-0.284121037980124,0.547318771385469,-0.26464763852303796,0.16261661836458485,-0.6493497915439221,0.03587624924710828,-0.7760901606613987,0.06747670893486271,-0.7444897009736443,0.06952098961046851,-0.7424454202980385,0.13355452213552954,-0.6784118877729775,0.10371043,-0.7082559820282198,0.11159163974793668,-0.7003747701605703,0.0726103006201819,-0.7393561092883251,0.13189139199903865,-0.6800750179094683
E01026105,E01026105,East Lindsey 009D,East Lindsey,E01026105,1,2022,0.979113478151182,0.811966409908507,0.284121037980124,57.787328947712204,63.58168952367082,0.0,0.0,0.0,0.811966409908507,-0.167147068242675,1.0960874478886309,0.11697396973744889,0.16146675090528084,-0.8176467272459012,0.03512203520706353,-0.9439914429441185,0.06747670893486271,-0.9116367692163193,0.06952098961046851,-0.9095924885407135,0.13355452213552954,-0.8455589560156525,0.10371043,-0.8754030502708948,0.11159163974793668,-0.8675218384032453,0.0726103006201819,-0.9065031775310001,0.13202141696839123,-0.8470920611827908
E01026048,E01026048,East Lindsey 010A,East Lindsey,E01026048,1,2020,1.975428579989,3.30420025784873,1.3615805736151503,17.685891946115223,39.3096780031403,0.0,0.0,0.0,3.30420025784873,1.3287716778597303,4.665780831463881,2.6903522514748808,1.3533462760820396,-0.6220823039069603,1.2966210896067336,-0.6788074903822663,1.2789377330628087,-0.6964908469261912,1.2791263417531233,-0.6963022382358766,1.239621040369938,-0.735807539619062,1.2733383,-0.7020902621179061,1.2090565602710397,-0.7663720197179602,1.2888641444069144,-0.6865644355820855,1.072378960626918,-0.9030496193620818
E01026048,E01026048,East Lindsey 010A,East Lindsey,E01026048,1,2021,3.41635929590381,1.975428579989,-1.3287716778597303,17.685891946115223,39.3096780031403,0.0,0.0,0.0,1.975428579989,-1.44093071591481,0.6466569021292696,-2.76970239377454,1.3533462760820396,-2.06301301982177,1.2966210896067336,-2.119738206297076,1.2789377330628087,-2.137421562841001,1.2791263417531233,-2.1372329541506865,1.239621040369938,-2.1767382555338717,1.2733383,-2.143020978032716,1.2090565602710397,-2.20730273563277,1.2888641444069144,-2.1274951514968956,1.072378960626918,-2.3439803352768918
E01026048,E01026048,East Lindsey 010A,East Lindsey,E01026048,1,2022,3.69090020416537,3.41635929590381,1.44093071591481,17.685891946115223,39.3096780031403,0.0,0.0,0.0,3.41635929590381,-0.2745409082615602,4.85729001181862,1.1663898076532497,1.3533462760820396,-2.3375539280833304,1.2966210896067336,-2.3942791145586364,1.2789377330628087,-2.4119624711025613,1.2791263417531233,-2.4117738624122467,1.239621040369938,-2.451279163795432,1.2733383,-2.4175618862942763,1.2090565602710397,-2.4818436438943303,1.2888641444069144,-2.402036059758456,1.072378960626918,-2.618521243538452
E01026049,E01026049,East Lindsey 010B,East Lindsey,E01026049,1,2020,1.87897866336305,1.44983113356652,0.5740538907572429,23.881441485695795,43.568913626433655,0.0,0.0,0.0,1.44983113356652,-0.42914752979653015,2.023885024323763,0.14490636096071285,0.5892670167639305,-1.2897116465991196,0.6139836677859093,-1.264994995577141,0.9259672074253111,-0.953011455937739,0.9379342914577277,-0.9410443719053224,0.8644067542366057,-1.0145719091264445,0.89766973,-0.9813089307924019,0.8131806301887741,-1.065798033174276,0.910107303913978,-0.9688713594490721,0.8585947387967707,-1.0203839245662794
E01026049,E01026049,East Lindsey 010B,East Lindsey,E01026049,1,2021,2.24191224309754,1.87897866336305,0.42914752979653015,23.881441485695795,43.568913626433655,0.0,0.0,0.0,1.87897866336305,-0.3629335797344899,2.3081261931595805,0.06621395006204045,0.5892670167639305,-1.6526452263336096,0.6139836677859093,-1.6279285753116306,0.9259672074253111,-1.3159450356722289,0.9379342914577277,-1.3039779516398124,0.8644067542366057,-1.3775054888609342,0.89766973,-1.3442425105268918,0.8131806301887741,-1.428731612908766,0.910107303913978,-1.331804939183562,0.8585947387967707,-1.3833175043007693
E01026049,E01026049,East Lindsey 010B,East Lindsey,E01026049,1,2022,2.50087899371683,2.24191224309754,0.3629335797344899,23.881441485695795,43.568913626433655,0.0,0.0,0.0,2.24191224309754,-0.25896675061928986,2.60484582283203,0.10396682911520028,0.5892670167639305,-1.9116119769528994,0.6139836677859093,-1.8868953259309205,0.9259672074253111,-1.5749117862915187,0.9379342914577277,-1.5629447022591023,0.8644067542366057,-1.636472239480224,0.89766973,-1.6032092611461817,0.8131806301887741,-1.6876983635280558,0.910107303913978,-1.5907716898028519,0.8585947387967707,-1.6422842549200591
E01026050,E01026050,East Lindsey 010C,East Lindsey,E01026050,1,2020,2.5990417155614,2.52893715772538,1.3102279779728598,18.500552756936273,39.89986654166666,0.0,0.0,0.0,2.52893715772538,-0.07010455783602021,3.8391651356982397,1.2401234201368396,1.1214482989029788,-1.4775934166584213,1.0359090254736603,-1.5631326900877398,1.172939068378491,-1.426102647182909,1.1935259119537363,-1.4055158036076638,1.1547003250378913,-1.4443413905235087,1.1564004,-1.442641273437987,1.078222112825633,-1.520819602735767,1.2087538975371774,-1.3902878180242226,1.0695375636647348,-1.5295041518966652
E01026050,E01026050,East Lindsey 010C,East Lindsey,E01026050,1,2021,2.17437924557104,2.5990417155614,0.07010455783602021,18.500552756936273,39.89986654166666,0.0,0.0,0.0,2.5990417155614,0.42466246999036006,2.6691462733974203,0.49476702782638027,1.1214482989029788,-1.0529309466680612,1.0359090254736603,-1.1384702200973797,1.172939068378491,-1.001440177192549,1.1935259119537363,-0.9808533336173038,1.1547003250378913,-1.0196789205331487,1.1564004,-1.017978803447627,1.078222112825633,-1.096157132745407,1.2087538975371774,-0.9656253480338626,1.0695375636647348,-1.1048416819063052
E01026050,E01026050,East Lindsey 010C,East Lindsey,E01026050,1,2022,2.85406891641736,2.17437924557104,-0.42466246999036006,18.500552756936273,39.89986654166666,0.0,0.0,0.0,2.17437924557104,-0.67968967084632,1.74971677558068,-1.10435214083668,1.1214482989029788,-1.7326206175143812,1.0359090254736603,-1.8181598909436998,1.172939068378491,-1.681129848038869,1.1935259119537363,-1.6605430044636238,1.1547003250378913,-1.6993685913794687,1.1564004,-1.697668474293947,1.078222112825633,-1.775846803591727,1.2087538975371774,-1.6453150188801826,1.0695375636647348,-1.7845313527526252
E01026069,E01026069,East Lindsey 010D,East Lindsey,E01026069,1,2020,2.6800363363073,2.4229919092371,0.45645595324793997,16.98358251035573,38.659885880573114,0.0,0.0,0.0,2.4229919092371,-0.25704442707020014,2.8794478624850397,0.1994115261777396,1.3211822119281624,-1.3588541243791377,1.19315235605101,-1.48688398025629,1.6736660749383914,-1.0063702613689087,1.5751316391101948,-1.1049046971971053,1.641950314993776,-1.0380860213135241,1.6784135,-1.0016228259847293,1.560444360989261,-1.119591975318039,1.635950246572162,-1.044086089735138,1.5531644815937158,-1.1268718547135843
E01026069,E01026069,East Lindsey 010D,East Lindsey,E01026069,1,2021,3.01890324227492,2.6800363363073,0.25704442707020014,16.98358251035573,38.659885880573114,0.0,0.0,0.0,2.6800363363073,-0.3388669059676199,2.9370807633775002,-0.08182247889741978,1.3249725157754975,-1.6939307264994226,1.1956384689978239,-1.8232647732770961,1.6736660749383914,-1.3452371673365286,1.5751316391101948,-1.4437716031647252,1.641950314993776,-1.376952927281144,1.6784135,-1.3404897319523492,1.560444360989261,-1.458458881285659,1.635950246572162,-1.382952995702758,1.5527358807688127,-1.4661673615061073
E01026069,E01026069,East Lindsey 010D,East Lindsey,E01026069,1,2022,3.20682636759678,3.01890324227492,0.3388669059676199,16.98358251035573,38.659885880573114,0.0,0.0,0.0,3.01890324227492,-0.18792312532186006,3.35777014824254,0.15094378064575986,1.3275277767961726,-1.8792985908006075,1.1973145001979235,-2.0095118673988566,1.6736660749383914,-1.5331602926583887,1.5751316391101948,-1.6316947284865853,1.641950314993776,-1.564876052603004,1.6804571,-1.5263692524234402,1.560444360989261,-1.646382006607519,1.6386598297106825,-1.5681665378860976,1.5524469363924738,-1.6543794312043063
E01026064,E01026064,East Lindsey 011A,East Lindsey,E01026064,1,2020,1.21773448117073,1.63927912040472,0.005732108404229885,63.12575973112531,68.61804695970196,0.0,0.0,0.0,1.63927912040472,0.4215446392339899,1.6450112288089498,0.42727674763821977,0.3260671198783029,-0.8916673612924271,0.3691128066761058,-0.8486216744946242,0.8670827352517066,-0.35065174591902337,0.6572847534979874,-0.5604497276727426,0.8622925416339093,-0.3554419395368207,0.97463024,-0.24310424454505863,0.689121422695629,-0.528613058475101,0.6997649597584293,-0.5179695214123007,0.9744364770762364,-0.24329800409449365
E01026064,E01026064,East Lindsey 011A,East Lindsey,E01026064,1,2021,1.25948236409142,1.21773448117073,-0.4215446392339899,63.12575973112531,68.61804695970196,0.0,0.0,0.0,1.21773448117073,-0.04174788292068987,0.7961898419367401,-0.46329252215467975,0.3255134799904899,-0.9339688841009299,0.3687496665827509,-0.890732697508669,0.8637050470056626,-0.39577731708575725,0.6572847534979874,-0.6021976105934325,0.8622925416339093,-0.39718982245751056,0.97463024,-0.2848521274657485,0.689121422695629,-0.5703609413957909,0.6944374914702105,-0.5650448726212094,0.9738054354112251,-0.2856769286801948
E01026064,E01026064,East Lindsey 011A,East Lindsey,E01026064,1,2022,1.31717478778692,1.25948236409142,0.04174788292068987,63.12575973112531,68.61804695970196,0.0,0.0,0.0,1.25948236409142,-0.057692423695500095,1.3012302470121098,-0.015944540774810223,0.3260671198783029,-0.991107667908617,0.3691128066761058,-0.9480619811108142,0.8670827352517066,-0.45009205253521334,0.6572847534979874,-0.6598900342889326,0.8622925416339093,-0.45488224615301065,0.97463024,-0.3425445511612486,0.689121422695629,-0.628053365091291,0.6997649597584293,-0.6174098280284906,0.9744364770762364,-0.3427383107106836
E01026065,E01026065,East Lindsey 011B,East Lindsey,E01026065,1,2020,0.967901526661772,1.62502821652605,1.153421963299023,63.202699429426254,68.69973111954346,0.0,0.0,0.0,1.62502821652605,0.6571266898642779,2.778450179825073,1.810548653163301,-0.09578904019368116,-1.063690566855453,-0.021475512934096108,-0.9893770395958681,0.3484489781665308,-0.6194525484952411,0.13246666666601936,-0.8354348599957526,0.36424966883093185,-0.6036518578308401,0.37755227,-0.5903492557724898,0.2776594542460847,-0.6902420724156872,0.383047467064971,-0.584854059596801,0.37824100882385125,-0.5896605178379207
E01026065,E01026065,East Lindsey 011B,East Lindsey,E01026065,1,2021,1.48158869925074,0.967901526661772,-0.6571266898642779,63.202699429426254,68.69973111954346,0.0,0.0,0.0,0.967901526661772,-0.5136871725889681,0.31077483679749407,-1.170813862453246,-0.09881276573481361,-1.5804014649855538,-0.023458816520880388,-1.5050475157716205,0.3463640510925315,-1.1352246481582087,0.12857745776921908,-1.353011241481521,0.36424966883093185,-1.1173390304198083,0.38441333,-1.097175367503685,0.24179631593371523,-1.2397923833170248,0.3310808775873336,-1.1505078216634064,0.38323250035008916,-1.098356198900651
E01026065,E01026065,East Lindsey 011B,East Lindsey,E01026065,1,2022,1.44106399968707,1.48158869925074,0.5136871725889681,63.202699429426254,68.69973111954346,0.0,0.0,0.0,1.48158869925074,0.04052469956367011,1.9952758718397083,0.5542118721526383,-0.10464727839868886,-1.545711278085759,-0.02728575442777398,-1.468349754114844,0.12834932993509185,-1.312714669751978,0.12917675113931482,-1.3118872485477553,0.3383101422966182,-1.1027538573904518,0.32210755,-1.1189564462050143,0.2018475506969744,-1.2392164489900956,0.352039031019081,-1.089024968667989,0.44290045151828406,-0.9981635481687859
E01026066,E01026066,East Lindsey 011C,East Lindsey,E01026066,1,2020,0.187158729740787,0.484249250389246,0.152783545339514,63.845932243750475,69.39636356044011,0.0,0.0,0.0,0.484249250389246,0.297090520648459,0.63703279572876,0.449874065987973,-0.367333520442645,-0.554492250183432,-0.21594334609865426,-0.40310207583944124,-0.2547972160676438,-0.4419559458084308,-0.19353148120907085,-0.3806902109498579,0.08488276021021657,-0.10227596953057044,-0.014847924,-0.20200665374230192,-0.12088983005418055,-0.3080485597949676,0.14584638353348792,-0.041312346207299094,0.005575561388405727,-0.18158316835238128
E01026066,E01026066,East Lindsey 011C,East Lindsey,E01026066,1,2021,0.732187099705323,0.187158729740787,-0.297090520648459,63.845932243750475,69.39636356044011,0.0,0.0,0.0,0.187158729740787,-0.545028369964536,-0.10993179090767197,-0.842118890612995,-0.3590715098091282,-1.0912586095144512,-0.21052417855166625,-0.9427112782569893,0.10362538141465942,-0.6285617182906637,-0.1574619069397318,-0.8896490066450549,0.1250539923657026,-0.6071331073396204,0.14324896,-0.5889381393295372,-0.005169548373849059,-0.7373566480791721,0.18033663893083035,-0.5518504607744927,0.1808678317370326,-0.5513192679682904
E01026066,E01026066,East Lindsey 011C,East Lindsey,E01026066,1,2022,0.997446547291984,0.732187099705323,0.545028369964536,63.845932243750475,69.39636356044011,0.0,0.0,0.0,0.732187099705323,-0.265259447586661,1.277215469669859,0.279768922377875,-0.3592418605438399,-1.356688407835824,-0.21063591396500622,-1.2080824612569903,0.10362538141465942,-0.8938211658773246,-0.1574619069397318,-1.1549084542317158,0.1250539923657026,-0.8723925549262814,0.14324896,-0.8541975869161982,-0.005169548373849059,-1.002616095665833,0.18033663893083035,-0.8171099083611537,0.1808870946954552,-0.8165594525965288
E01026067,E01026067,East Lindsey 011D,East Lindsey,E01026067,1,2020,1.23124718981485,1.10874828465069,0.08591351699146998,63.19083921796084,68.65057359645738,0.0,0.0,0.0,1.10874828465069,-0.12249890516416007,1.19466180164216,-0.03658538817269008,0.37539363243834856,-0.8558535573765015,0.4088242895071992,-0.8224229003076509,0.6520524017238948,-0.5791947880909553,0.5551691936499465,-0.6760779961649035,0.7435142087803779,-0.48773298103447216,0.7455854,-0.48566180783013935,0.6979386526698365,-0.5333085371450136,0.7726361045574728,-0.45861108525737726,0.6732617803753405,-0.5579854094395096
E01026067,E01026067,East Lindsey 011D,East Lindsey,E01026067,1,2021,1.44920918822473,1.23124718981485,0.12249890516416007,63.19083921796084,68.65057359645738,0.0,0.0,0.0,1.23124718981485,-0.21796199840987995,1.35374609497901,-0.09546309324571989,0.376202798428229,-1.073006389796501,0.40935503272056395,-1.039854155504166,0.6520524017238948,-0.7971567865008352,0.5546357820404669,-0.8945734061842631,0.7478241414323579,-0.7013850467923721,0.7455854,-0.7036238062400193,0.705639274420509,-0.743569913804221,0.7850652767404348,-0.6641439114842952,0.6731702813228331,-0.7760389069018969
E01026067,E01026067,East Lindsey 011D,East Lindsey,E01026067,1,2022,1.66552859129602,1.44920918822473,0.21796199840987995,63.19083921796084,68.65057359645738,0.0,0.0,0.0,1.44920918822473,-0.21631940307129005,1.66717118663461,0.0016425953385899028,0.37539363243834856,-1.2901349588576716,0.4088242895071992,-1.2567043017888209,0.6520524017238948,-1.0134761895721254,0.5551691936499465,-1.1103593976460735,0.7435142087803779,-0.9220143825156422,0.7455854,-0.9199432093113094,0.6979386526698365,-0.9675899386261836,0.7726361045574728,-0.8928924867385473,0.6732617803753405,-0.9922668109206796
E01026084,E01026084,East Lindsey 012A,East Lindsey,E01026084,1,2020,2.01489027874326,1.33674621436353,0.13979171877529994,21.740983013017534,38.268386390818236,0.0,0.0,0.0,1.33674621436353,-0.6781440643797298,1.47653793313883,-0.5383523456044299,0.8448405690539649,-1.170049709689295,0.6971885835672124,-1.3177016951760474,0.7958970666532142,-1.2189932120900457,0.7114860738829022,-1.3034042048603576,0.8872075238639631,-1.127682754879297,0.878585,-1.1363052977785992,1.0108570246664401,-1.0040332540768198,0.8912504123158321,-1.1236398664274279,0.7346905117930338,-1.280199766950226
E01026084,E01026084,East Lindsey 012A,East Lindsey,E01026084,1,2021,1.98567029286183,2.01489027874326,0.6781440643797298,21.740983013017534,38.268386390818236,0.0,0.0,0.0,2.01489027874326,0.029219985881429933,2.6930343431229895,0.7073640502611596,0.8432222370742039,-1.142448055787626,0.6961270971404827,-1.2895431957213472,0.7885832721948222,-1.197087020667008,0.7120027944079441,-1.2736674984538858,0.8872075238639631,-1.0984627689978668,0.878585,-1.1070853118971693,1.0108570246664401,-0.9748132681953898,0.8912504123158321,-1.0944198805459977,0.7348735098980486,-1.2507967829637814
E01026084,E01026084,East Lindsey 012A,East Lindsey,E01026084,1,2022,1.67729060626395,1.98567029286183,-0.029219985881429933,21.740983013017534,38.268386390818236,0.0,0.0,0.0,1.98567029286183,0.30837968659787984,1.9564503069804,0.2791597007164499,0.8426685971863909,-0.8346220090775592,0.6957639570471279,-0.9815266492168222,0.7885832721948222,-0.8887073340691279,0.7125195149329858,-0.9647710913309643,0.8872075238639631,-0.790083082399987,0.8769467,-0.8003439185655858,1.0108570246664401,-0.66643358159751,0.8973248444350104,-0.7799657618289397,0.7349361145129221,-0.942354491751028
E01026085,E01034685,East Lindsey 012E,East Lindsey,E01026085,1,2020,1.72156434964282,1.98392060047817,0.6691312496786299,21.246355910531403,38.2381020224235,0.0,0.0,0.0,1.98392060047817,0.2623562508353501,2.6530518501567997,0.9314875005139798,0.8424765722506117,-0.8790877773922082,0.8649043293235543,-0.8566600203192656,1.1571402976752705,-0.5644240519675494,1.091939461273294,-0.6296248883695259,1.1561665339354916,-0.5653978157073283,1.1726493,-0.5489150853071876,1.1479737140041517,-0.5735906356386682,1.1947150460548377,-0.5268493035879822,1.0435395686957787,-0.6780247809470412
E01026085,E01034685,East Lindsey 012E,East Lindsey,E01026085,1,2021,2.74935585431907,1.72156434964282,-0.2623562508353501,21.246355910531403,38.2381020224235,0.0,0.0,0.0,1.72156434964282,-1.0277915046762502,1.4592080988074698,-1.2901477555116003,0.840645301852461,-1.908710552466609,0.8637031736301497,-1.8856526806889204,1.1571402976752705,-1.5922155566437997,1.091939461273294,-1.6574163930457761,1.1561665339354916,-1.5931893203835785,1.1726493,-1.5767065899834378,1.1479737140041517,-1.6013821403149184,1.1947150460548377,-1.5546408082642325,1.0437466454988216,-1.7056092088202486
E01026085,E01034685,East Lindsey 012E,East Lindsey,E01026085,1,2022,2.32106778180458,2.74935585431907,1.0277915046762502,21.246355910531403,38.2381020224235,0.0,0.0,0.0,2.74935585431907,0.4282880725144902,3.7771473589953204,1.4560795771907404,0.8430727998221025,-1.4779949819824774,0.865295403270244,-1.455772378534336,1.1571402976752705,-1.1639274841293095,1.0947595978491582,-1.2263081839554217,1.1561665339354916,-1.1649012478690883,1.1726493,-1.1484185174689476,1.1479737140041517,-1.1730940678004282,1.1947150460548377,-1.1263527357497423,1.0434721483412996,-1.2775956334632803
E01026085,E01034686,East Lindsey 012F,East Lindsey,E01026085,1,2020,1.72156434964282,1.98392060047817,0.6691312496786299,21.246355910531403,38.2381020224235,0.0,0.0,0.0,1.98392060047817,0.2623562508353501,2.6530518501567997,0.9314875005139798,0.8424765722506117,-0.8790877773922082,0.8649043293235543,-0.8566600203192656,1.1571402976752705,-0.5644240519675494,1.091939461273294,-0.6296248883695259,1.1561665339354916,-0.5653978157073283,1.1726493,-0.5489150853071876,1.1479737140041517,-0.5735906356386682,1.1947150460548377,-0.5268493035879822,1.0435395686957787,-0.6780247809470412
E01026085,E01034686,East Lindsey 012F,East Lindsey,E01026085,1,2021,2.74935585431907,1.72156434964282,-0.2623562508353501,21.246355910531403,38.2381020224235,0.0,0.0,0.0,1.72156434964282,-1.0277915046762502,1.4592080988074698,-1.2901477555116003,0.840645301852461,-1.908710552466609,0.8637031736301497,-1.8856526806889204,1.1571402976752705,-1.5922155566437997,1.091939461273294,-1.6574163930457761,1.1561665339354916,-1.5931893203835785,1.1726493,-1.5767065899834378,1.1479737140041517,-1.6013821403149184,1.1947150460548377,-1.5546408082642325,1.0437466454988216,-1.7056092088202486
E01026085,E01034686,East Lindsey 012F,East Lindsey,E01026085,1,2022,2.32106778180458,2.74935585431907,1.0277915046762502,21.246355910531403,38.2381020224235,0.0,0.0,0.0,2.74935585431907,0.4282880725144902,3.7771473589953204,1.4560795771907404,0.8430727998221025,-1.4779949819824774,0.865295403270244,-1.455772378534336,1.1571402976752705,-1.1639274841293095,1.0947595978491582,-1.2263081839554217,1.1561665339354916,-1.1649012478690883,1.1726493,-1.1484185174689476,1.1479737140041517,-1.1730940678004282,1.1947150460548377,-1.1263527357497423,1.0434721483412996,-1.2775956334632803
E01026115,E01026115,East Lindsey 012C,East Lindsey,E01026115,1,2020,1.83680852772482,1.7326626197884,0.2195271291473302,21.435909000934274,38.56524276446067,0.0,0.0,0.0,1.7326626197884,-0.10414590793641998,1.9521897489357303,0.11538122121091021,1.3123391147059553,-0.5244694130188647,1.2049279840825942,-0.6318805436422259,1.2476977551041573,-0.5891107726206628,1.1669852521012318,-0.6698232756235882,1.226253672094489,-0.6105548556303311,1.1988492,-0.6379593265224275,1.4013039999025483,-0.4355045278222718,1.2186417087803159,-0.6181668189445042,1.0633399669739199,-0.7734685607509002
E01026115,E01026115,East Lindsey 012C,East Lindsey,E01026115,1,2021,2.344409579205,1.83680852772482,0.10414590793641998,21.435909000934274,38.56524276446067,0.0,0.0,0.0,1.83680852772482,-0.5076010514801801,1.94095443566124,-0.4034551435437601,1.3112318349303294,-1.0331777442746708,1.2042017038958843,-1.1402078753091158,1.2476977551041573,-1.096711824100843,1.1669852521012318,-1.1774243271037683,1.226253672094489,-1.1181559071105112,1.1988492,-1.1455603780026076,1.4013039999025483,-0.9431055793024519,1.2182454092166255,-1.1261641699883747,1.0634651762036669,-1.2809444030013333
E01026115,E01026115,East Lindsey 012C,East Lindsey,E01026115,1,2022,2.47993921227756,2.344409579205,0.5076010514801801,21.435909000934274,38.56524276446067,0.0,0.0,0.0,2.344409579205,-0.13552963307255972,2.8520106306851805,0.3720714184076206,1.3139574466857162,-1.1659817655918436,1.2059894705093237,-1.2739497417682362,1.2476977551041573,-1.2322414571734026,1.1669852521012318,-1.312953960176328,1.226253672094489,-1.2536855401830709,1.1988492,-1.2810900110751673,1.4013039999025483,-1.0786352123750116,1.2186417087803159,-1.261297503497244,1.063156968868905,-1.4167822434086548
E01026116,E01026116,East Lindsey 012D,East Lindsey,E01026116,1,2020,1.40432223117951,1.72631202519932,0.730058117744342,22.364326665510326,38.236094767699115,0.0,0.0,0.0,1.72631202519932,0.32198979401981,2.456370142943662,1.052047911764152,0.7122953744436115,-0.6920268567358986,0.6402383983415658,-0.7640838328379442,0.7828728377203142,-0.6214493934591958,0.703980160268387,-0.7003420709111231,0.8693896372704509,-0.5349325939090591,0.8795641,-0.5247581247151241,0.890836630080781,-0.5134856010987291,0.8502773502123585,-0.5540448809671515,0.7750594228009426,-0.6292628083785674
E01026116,E01026116,East Lindsey 012D,East Lindsey,E01026116,1,2021,1.73898861173199,1.40432223117951,-0.32198979401981,22.364326665510326,38.236094767699115,0.0,0.0,0.0,1.40432223117951,-0.3346663805524799,1.0823324371597,-0.6566561745722899,0.7122953744436115,-1.0266932372883786,0.6402383983415658,-1.0987502133904241,0.7828728377203142,-0.9561157740116757,0.703980160268387,-1.0350084514636029,0.8693896372704509,-0.869598974461539,0.8795641,-0.8594245052676039,0.890836630080781,-0.848151981651209,0.8502773502123585,-0.8887112615196314,0.7750594228009426,-0.9639291889310473
E01026116,E01026116,East Lindsey 012D,East Lindsey,E01026116,1,2022,2.01154059179839,1.73898861173199,0.3346663805524799,22.364326665510326,38.236094767699115,0.0,0.0,0.0,1.73898861173199,-0.2725519800664,2.07365499228447,0.06211440048608008,0.7128490143314244,-1.2986915774669656,0.6406015384349207,-1.370939053363469,0.7828728377203142,-1.2286677540780757,0.7022864959013781,-1.3092540958970118,0.8693896372704509,-1.142150954527939,0.8722245,-1.139316082082356,0.8598597124368873,-1.1516808793615025,0.8319280796646035,-1.1796125121337866,0.7760898960648497,-1.2354506957335403
E01026046,E01026046,East Lindsey 013A,East Lindsey,E01026046,1,2020,1.22554863430711,1.0775513983392,0.385337452809976,25.845979552543156,38.33626106009781,0.0,0.0,0.0,1.0775513983392,-0.14799723596791003,1.462888851149176,0.23734021684206597,0.35175391312916243,-0.8737947211779475,0.2885877581784237,-0.9369608761286863,0.5450184394266783,-0.6805301948804318,0.5323542658191054,-0.6931943684880046,0.6166958266701914,-0.6088528076369186,0.602403,-0.6231456492111322,0.6410419092628471,-0.5845067250442629,0.6775350223164501,-0.5480136119906599,0.6071961871525493,-0.6183524471545607
E01026046,E01026046,East Lindsey 013A,East Lindsey,E01026046,1,2021,1.2319909143022,1.22554863430711,0.14799723596791003,25.845979552543156,38.33626106009781,0.0,0.0,0.0,1.22554863430711,-0.006442279995090061,1.37354587027502,0.14155495597281997,0.35102992250663784,-0.8809609917955623,0.28811288267172885,-0.9438780316304712,0.5450184394266783,-0.6869724748755218,0.5323542658191054,-0.6996366484830947,0.6166958266701914,-0.6152950876320087,0.602403,-0.6295879292062223,0.6410419092628471,-0.590949005039353,0.6775350223164501,-0.55445589198575,0.6072780547258454,-0.6247128595763547
E01026046,E01026046,East Lindsey 013A,East Lindsey,E01026046,1,2022,1.50093335881929,1.2319909143022,0.006442279995090061,25.845979552543156,38.33626106009781,0.0,0.0,0.0,1.2319909143022,-0.2689424445170898,1.2384331942972902,-0.26250016452199976,0.3631248246711675,-1.1378085341481223,0.296046097018866,-1.2048872618004238,0.5506679256954262,-0.9502654331238637,0.5349052803208015,-0.9660280784984884,0.654665013248939,-0.8462683455703509,0.6269332,-0.8740001417706449,0.6410419092628471,-0.8598914495564428,0.6721236140379613,-0.8288097447813286,0.6293340056717419,-0.871599353147548
E01026047,E01026047,East Lindsey 013B,East Lindsey,E01026047,1,2020,0.901319527165646,0.768351420169739,0.336009267408106,27.50740099489811,38.49687414261887,0.0,0.0,0.0,0.768351420169739,-0.132968106995907,1.1043606875778451,0.2030411604121991,0.36214003822064156,-0.5391794889450044,0.32909267762460115,-0.5722268495410449,0.30473456208680244,-0.5965849650788435,0.1494219230586684,-0.7518976041069776,0.24794635410936663,-0.6533731730562794,0.27507,-0.6262495155498928,0.3037021868402934,-0.5976173403253526,0.30119542841887353,-0.6001240987467724,0.2823890155913299,-0.6189305115743161
E01026047,E01026047,East Lindsey 013B,East Lindsey,E01026047,1,2021,1.51679803821247,0.901319527165646,0.132968106995907,27.50740099489811,38.49687414261887,0.0,0.0,0.0,0.901319527165646,-0.6154785110468239,1.034287634161553,-0.48251040405091694,0.3627788534758104,-1.1540191847366597,0.32951168542462594,-1.1872863527878441,0.30473456208680244,-1.2120634761256674,0.15205364402689708,-1.3647443941855728,0.22480998917577363,-1.2919880490366964,0.27507,-1.2417280265967168,0.3037021868402934,-1.2130958513721766,0.30119542841887353,-1.2156026097935964,0.2823167794972451,-1.234481258715225
E01026047,E01026047,East Lindsey 013B,East Lindsey,E01026047,1,2022,1.64233977257605,1.51679803821247,0.6154785110468239,27.50740099489811,38.49687414261887,0.0,0.0,0.0,1.51679803821247,-0.12554173436358007,2.132276549259294,0.4899367766832441,0.36818748930290657,-1.2741522832731436,0.3330592847981697,-1.3092804877778803,0.30420419427394557,-1.3381355783021045,0.15631431815385188,-1.4860254544221982,0.22480998917577363,-1.4175297834002765,0.27168283,-1.3706569439112704,0.3037021868402934,-1.3386375857357566,0.2681442058644065,-1.3741955667116434,0.27734213372874505,-1.364997638847305
E01026133,E01034692,Lincoln 008F,Lincoln,E01026133,1,2020,-0.0447516451098273,0.0715611198531958,0.3840090118549848,53.640680003926526,55.43117636044965,0.0,0.0,0.0,0.0715611198531958,0.11631276496302309,0.4555701317081806,0.5003217768180079,-0.004453957946277995,0.040297687163549305,-0.02381121723648355,0.02094042787334375,-0.20597820905261685,-0.16122656394278956,-0.4374645167122703,-0.392712871602443,-0.1677307324228459,-0.1229790873130186,-0.1877871,-0.14303545556289457,-0.06469039119591669,-0.019938746086089386,-0.436613160450908,-0.39186151534108066,-0.23271026848788634,-0.18795862337805905
E01026133,E01034692,Lincoln 008F,Lincoln,E01026133,1,2021,0.144849585839371,-0.0447516451098273,-0.11631276496302309,53.640680003926526,55.43117636044965,0.0,0.0,0.0,-0.0447516451098273,-0.18960123094919829,-0.16106441007285038,-0.30591399591222135,-0.0010895309357222688,-0.14593911677509325,-0.021604442823019376,-0.16645402866239037,-0.22111271241228966,-0.36596229825166066,-0.44023460497406786,-0.5850841908134389,-0.17663948713180186,-0.32148907297117285,-0.2154924,-0.3603419833861392,-0.06469039119591669,-0.20953997703528768,-0.48902125715957906,-0.63387084299895,-0.2921434598347391,-0.4369930456741101
E01026133,E01034692,Lincoln 008F,Lincoln,E01026133,1,2022,0.340280525938843,0.144849585839371,0.18960123094919829,53.640680003926526,55.43117636044965,0.0,0.0,0.0,0.144849585839371,-0.195430940099472,0.33445081678856925,-0.005829709150273754,0.02812562006733222,-0.3121549058715108,-0.00244181943521643,-0.34272234537405943,-0.35333393456237455,-0.6936144605012176,-0.4644974759913744,-0.8047780019302174,-0.2944535400314307,-0.6347340659702737,-0.3083471,-0.6486276319187625,-0.2344576944880143,-0.5747382204268573,-0.3875138802935312,-0.7277944062323742,-0.37777924024923126,-0.7180597661880743
E01026135,E01026135,Lincoln 008B,Lincoln,E01026135,1,2020,0.769818439845569,1.02089690984354,0.707067482087919,69.48897710595871,74.50907876645844,0.0,0.0,0.0,1.02089690984354,0.2510784699979711,1.7279643919314591,0.9581459520858902,0.18472907140982842,-0.5850893684357406,0.10903357072700882,-0.6607848691185602,0.2806533361269603,-0.48916510371860866,0.1814217999047918,-0.5883966399407772,0.24133859779852584,-0.5284798420470431,0.26223993,-0.507578506831653,0.23640153779209042,-0.5334169020534786,0.3116317734498604,-0.45818666639570854,0.21544612833057958,-0.5543723115149894
E01026135,E01026135,Lincoln 008B,Lincoln,E01026135,1,2021,1.15360072291684,0.769818439845569,-0.2510784699979711,69.48897710595871,74.50907876645844,0.0,0.0,0.0,0.769818439845569,-0.38378228307127094,0.5187399698475978,-0.6348607530692421,0.18856196294084132,-0.9650387599759986,0.11154761752715789,-1.042053105389682,0.25306726079387093,-0.900533462122969,0.17270976274575114,-0.9808909601710888,0.24059332178669246,-0.9130074011301474,0.25898656,-0.8946141604263766,0.23640153779209042,-0.9171991851247495,0.30296776640648504,-0.8506329565103549,0.21578758922158495,-0.937813133695255
E01026135,E01026135,Lincoln 008B,Lincoln,E01026135,1,2022,1.23145653799772,1.15360072291684,0.38378228307127094,69.48897710595871,74.50907876645844,0.0,0.0,0.0,1.15360072291684,-0.07785581508088013,1.5373830059881108,0.3059264679903908,0.19605739526815558,-1.0353991427295646,0.1164639757141161,-1.1149925622836039,0.22426041189946735,-1.0071961260982527,0.12540252367278185,-1.1060540143249382,0.19591181675802777,-1.0355447212396922,0.20175155,-1.0297049929261182,0.22184201635715345,-1.0096145216405665,0.1603223246858118,-1.0711342133119082,0.1506552999480281,-1.0808012380496919
E01026136,E01026136,Lincoln 008C,Lincoln,E01026136,1,2020,0.664778865504804,0.888295895581962,0.40231952693901396,71.6819736486022,73.34416164895428,0.0,0.0,0.0,0.888295895581962,0.22351703007715795,1.2906154225209758,0.6258365570161718,-0.04872418234378083,-0.7135030478485849,-0.02155919095668038,-0.6863380564614844,0.28391920162661044,-0.3808596638781936,0.2123566131460767,-0.45242225235872735,0.25019096124935264,-0.4145879042554514,0.26365358,-0.4011252891307501,0.14919814811102527,-0.5155807173937788,0.34190257740041813,-0.3228762881043859,0.24004463845773308,-0.424734227047071
E01026136,E01026136,Lincoln 008C,Lincoln,E01026136,1,2021,1.80073114687605,0.664778865504804,-0.22351703007715795,71.6819736486022,73.34416164895428,0.0,0.0,0.0,0.664778865504804,-1.135952281371246,0.4412618354276461,-1.359469311448404,-0.04872418234378083,-1.8494553292198308,-0.02155919095668038,-1.8222903378327304,0.28391920162661044,-1.5168119452494397,0.2123566131460767,-1.5883745337299733,0.25019096124935264,-1.5505401856266974,0.26365358,-1.5370775705019961,0.14919814811102527,-1.651532998765025,0.34190257740041813,-1.458828569475632,0.24004463845773308,-1.560686508418317
E01026136,E01026136,Lincoln 008C,Lincoln,E01026136,1,2022,1.5662634910752,1.80073114687605,1.135952281371246,71.6819736486022,73.34416164895428,0.0,0.0,0.0,1.80073114687605,0.23446765580085005,2.936683428247296,1.3704199371720958,-0.046637385843562654,-1.6129008769187627,-0.02019043214326588,-1.5864539232184658,0.2416762007251772,-1.3245872903500229,0.20053990719807233,-1.3657235838771278,0.22044529654057834,-1.3458181945346217,0.23214673,-1.3341167660166444,0.14919814811102527,-1.4170653429641749,0.2288315309031736,-1.3374319601720264,0.22162059156112632,-1.3446428995140738
E01026174,E01026174,Lincoln 008D,Lincoln,E01026174,1,2020,0.923462174819336,0.788253005857771,0.09578282642108804,54.49540600630013,57.46087881463367,0.0,0.0,0.0,0.788253005857771,-0.13520916896156498,0.8840358322788591,-0.039426342540476944,0.620254345011579,-0.30320782980775707,0.5143599748753233,-0.40910219994401276,0.624437890633314,-0.299024284186022,0.5670316369832983,-0.35643053783603773,0.596325325753207,-0.32713684906612905,0.618072,-0.305390201495514,0.5351603233836616,-0.3883018514356744,0.6795403049773668,-0.24392186984196917,0.5318416101751594,-0.3916205646441766
E01026174,E01026174,Lincoln 008D,Lincoln,E01026174,1,2021,1.32387919451738,0.923462174819336,0.13520916896156498,54.49540600630013,57.46087881463367,0.0,0.0,0.0,0.923462174819336,-0.400417019698044,1.058671343780901,-0.265207850736479,0.6196581174400881,-0.7042210770772919,0.5139689009286335,-0.8099102935887466,0.624437890633314,-0.699441303884066,0.5670316369832983,-0.7568475575340817,0.596325325753207,-0.727553868764173,0.618072,-0.705807221193558,0.5351603233836616,-0.7887188711337184,0.6742278923899164,-0.6496513021274636,0.5319090305296384,-0.7919701639877416
E01026174,E01026174,Lincoln 008D,Lincoln,E01026174,1,2022,1.43889561123129,1.32387919451738,0.400417019698044,54.49540600630013,57.46087881463367,0.0,0.0,0.0,1.32387919451738,-0.11501641671391005,1.724296214215424,0.28540060298413383,0.6214893878382388,-0.8174062233930512,0.515170056622038,-0.9237255546092521,0.6305165742371811,-0.808379036994109,0.5711320074117578,-0.8677636038195322,0.596325325753207,-0.8425702854780831,0.62279147,-0.8161041421341526,0.5344708879600633,-0.9044247232712268,0.687114375404717,-0.7517812358265731,0.5317019537265956,-0.9071936575046945
E01026130,E01026130,Lincoln 009A,Lincoln,E01026130,1,2020,1.27980915016027,1.41423738340981,0.5837059261126691,81.51767703107296,67.74270213783977,0.0,0.0,0.0,1.41423738340981,0.13442823324954012,1.9979433095224792,0.7181341593622093,-0.021457072851874412,-1.3012662230121443,0.022297349502503006,-1.257511800657767,0.6247349964075465,-0.6550741537527235,0.5147582002007698,-0.7650509499595002,0.6236417795384328,-0.6561673706218372,0.6567336,-0.6230755776772072,0.45893600756067193,-0.8208731425995981,0.6213376991543191,-0.6584714510059508,0.6712240658254287,-0.6085850843348413
E01026130,E01026130,Lincoln 009A,Lincoln,E01026130,1,2021,1.58869548865088,1.27980915016027,-0.13442823324954012,81.51767703107296,67.74270213783977,0.0,0.0,0.0,1.27980915016027,-0.30888633849061,1.1453809169107299,-0.4433145717401501,-0.01949803940269,-1.60819352805357,0.023582306755912538,-1.5651131818949675,0.615684012878124,-0.9730114757727559,0.4963131632231845,-1.0923823254276954,0.6236417795384328,-0.9650537091124471,0.6544021,-0.9342934114528514,0.4547538242537235,-1.1339416643971565,0.6551751259951699,-0.93352036265571,0.6498617093548591,-0.9388337792960209
E01026130,E01026130,Lincoln 009A,Lincoln,E01026130,1,2022,1.29641499378243,1.58869548865088,0.30888633849061,81.51767703107296,67.74270213783977,0.0,0.0,0.0,1.58869548865088,0.29228049486844987,1.89758182714149,0.6011668333590598,-0.021457072851874412,-1.3178720666343045,0.022297349502503006,-1.2741176442799271,0.6247349964075465,-0.6716799973748836,0.5147582002007698,-0.7816567935816603,0.6236417795384328,-0.6727732142439973,0.6567336,-0.6396814212993673,0.45893600756067193,-0.8374789862217582,0.6213376991543191,-0.675077294628111,0.6712240658254287,-0.6251909279570014
E01026158,E01026158,Lincoln 009B,Lincoln,E01026158,1,2020,1.65397419631122,1.2435939649936,0.21681818005996,79.40550310044013,65.6935897899062,0.0,0.0,0.0,1.2435939649936,-0.4103802313176199,1.46041214505356,-0.1935620512576599,0.35102607915672857,-1.3029481171544914,0.2989631070019534,-1.3550110893092666,0.7277185941494969,-0.9262556021617231,0.510576340994343,-1.143397855316877,0.7487032093695056,-0.9052709869417144,0.73308784,-0.9208863586151446,0.5263999959667012,-1.1275742003445188,0.7106453691418508,-0.9433288271693692,0.7163990094112109,-0.9375751869000091
E01026158,E01026158,Lincoln 009B,Lincoln,E01026158,1,2021,1.7269352422237,1.65397419631122,0.4103802313176199,79.40550310044013,65.6935897899062,0.0,0.0,0.0,1.65397419631122,-0.0729610459124801,2.0643544276288397,0.3374191854051396,0.34915222107489996,-1.3777830211488,0.2977340174552138,-1.4292012247684864,0.7336455929835175,-0.9932896492401826,0.5281275136524545,-1.1988077285712455,0.7308472225592549,-0.9960880196644452,0.7219962,-1.0049390540599428,0.5448707508160857,-1.1820644914076144,0.5847234626143744,-1.1422117796093256,0.6977268344563021,-1.029208407767398
E01026158,E01026158,Lincoln 009B,Lincoln,E01026158,1,2022,1.35517148749297,1.7269352422237,0.0729610459124801,79.40550310044013,65.6935897899062,0.0,0.0,0.0,1.7269352422237,0.3717637547307302,1.7998962881361802,0.4447248006432103,0.35102607915672857,-1.0041454083362413,0.2989631070019534,-1.0562083804910165,0.7277185941494969,-0.627452893343473,0.510576340994343,-0.8445951464986269,0.7487032093695056,-0.6064682781234643,0.73308784,-0.6220836497968945,0.5263999959667012,-0.8287714915262687,0.7106453691418508,-0.6445261183511191,0.7163990094112109,-0.638772478081759
E01026159,E01026159,Lincoln 009C,Lincoln,E01026159,1,2020,1.15540086479547,1.20986221365129,0.13101050301744,80.80047615766199,65.98051528439545,0.0,0.0,0.0,1.20986221365129,0.05446134885581988,1.34087271666873,0.18547185187325987,0.5341699272021144,-0.6212309375933557,0.3595831414696722,-0.7958177233257979,0.7838491405594132,-0.37155172423605687,0.7162029567218484,-0.4391979080736217,0.8375460788119703,-0.3178547859834998,0.8333412,-0.32205968351724135,0.742121962847378,-0.41327890194809214,0.8388335734747424,-0.3165672913207277,0.778356133273298,-0.3770447315221721
E01026159,E01026159,Lincoln 009C,Lincoln,E01026159,1,2021,1.99658190642913,1.15540086479547,-0.05446134885581988,80.80047615766199,65.98051528439545,0.0,0.0,0.0,1.15540086479547,-0.8411810416336598,1.1009395159396502,-0.8956423904894797,0.5329348843754547,-1.4636470220536753,0.3587730597229575,-1.6378088467061724,0.774172394757794,-1.2224095116713358,0.709361400439948,-1.287220505989182,0.8375460788119703,-1.1590358276171595,0.8333412,-1.1632407251509012,0.742121962847378,-1.254459943581752,0.8457095260225428,-1.1508723804065872,0.778495789721862,-1.2180861167072679
E01026159,E01026159,Lincoln 009C,Lincoln,E01026159,1,2022,1.98366187964644,1.99658190642913,0.8411810416336598,80.80047615766199,65.98051528439545,0.0,0.0,0.0,1.99658190642913,0.012920026782689886,2.8377629480627897,0.8541010684163497,0.5354049700287742,-1.4482569096176658,0.3603932232163869,-1.6232686564300531,0.7907306934087064,-1.1929311862377336,0.7205017327581008,-1.2631601468883393,0.8375460788119703,-1.1461158008344698,0.8333412,-1.1503206983682113,0.742121962847378,-1.241539916799062,0.8388335734747424,-1.1448283061716977,0.7782164768247342,-1.2054454028217059
E01026160,E01026160,Lincoln 009D,Lincoln,E01026160,1,2020,1.0256040255268,0.688009248294973,-0.05580583953999796,83.08959566716041,67.24724317924023,0.0,0.0,0.0,0.688009248294973,-0.33759477723182696,0.632203408754975,-0.3934006167718249,-0.07781126863028102,-1.103415294157081,0.007874099810866203,-1.0177299257159338,0.39593725011274716,-0.6296667754140528,0.28040408559647173,-0.7451999399303282,0.45236709076159803,-0.573236934765202,0.47252473,-0.5530792931754969,0.329785563468886,-0.695818462057914,0.5218477182889802,-0.5037563072378197,0.4859007863983045,-0.5397032391284955
E01026160,E01026160,Lincoln 009D,Lincoln,E01026160,1,2021,0.995826969704029,1.0256040255268,0.33759477723182696,83.08959566716041,67.24724317924023,0.0,0.0,0.0,1.0256040255268,0.029777055822771015,1.3631988027586268,0.36737183305459786,-0.07781126863028102,-1.07363823833431,0.007874099810866203,-0.9879528698931628,0.39593725011274716,-0.5998897195912818,0.28040408559647173,-0.7154228841075572,0.45236709076159803,-0.543459878942431,0.47252473,-0.5233022373527259,0.329785563468886,-0.666041406235143,0.5218477182889802,-0.4739792514150487,0.4859007863983045,-0.5099261833057245
E01026160,E01026160,Lincoln 009D,Lincoln,E01026160,1,2022,1.29754863730546,0.995826969704029,-0.029777055822771015,83.08959566716041,67.24724317924023,0.0,0.0,0.0,0.995826969704029,-0.30172166760143115,0.9660499138812579,-0.33149872342420217,-0.07781126863028102,-1.375359905935741,0.007874099810866203,-1.289674537494594,0.39593725011274716,-0.9016113871927129,0.28040408559647173,-1.0171445517089883,0.45236709076159803,-0.8451815465438621,0.47252473,-0.825023904954157,0.329785563468886,-0.9677630738365741,0.5218477182889802,-0.7757009190164799,0.4859007863983045,-0.8116478509071556
E01026162,E01026162,Lincoln 009E,Lincoln,E01026162,1,2020,1.16052323522486,0.970710260858569,0.3136928473817241,74.96728788969696,67.6488340091425,0.0,0.0,0.0,0.970710260858569,-0.18981297436629097,1.2844031082402931,0.12387987301543313,0.4748664314740057,-0.6856568037508544,0.3094859597246394,-0.8510372755002207,0.42057136937144723,-0.7399518658534128,0.2673635599801822,-0.8931596752446778,0.411724962694421,-0.748798272530439,0.41675365,-0.7437695855132511,0.3173845805504821,-0.843138654674378,0.45305388813309655,-0.7074693470917635,0.34778255281979775,-0.8127406824050623
E01026162,E01026162,Lincoln 009E,Lincoln,E01026162,1,2021,1.14551579180877,1.16052323522486,0.18981297436629097,74.96728788969696,67.6488340091425,0.0,0.0,0.0,1.16052323522486,0.01500744341609006,1.350336209591151,0.20482041778238114,0.4781456831172058,-0.6673701086915642,0.3116368664314336,-0.8338789253773363,0.4282067861507855,-0.7173090056579845,0.2880090119609423,-0.8575067798478276,0.4162789268252145,-0.7292368649835554,0.4345591,-0.7109566849819877,0.3899400871544084,-0.7555757046543615,0.5113063022170108,-0.6342094895917592,0.3359633139989163,-0.8095524778098536
E01026162,E01026162,Lincoln 009E,Lincoln,E01026162,1,2022,0.759341428262123,1.14551579180877,-0.01500744341609006,74.96728788969696,67.6488340091425,0.0,0.0,0.0,1.14551579180877,0.3861743635466469,1.1305083483926799,0.37116692013055685,0.47750686786203694,-0.2818345604000861,0.3112178586314087,-0.4481235696307143,0.4319755441469606,-0.32736588411516243,0.28392659246014984,-0.4754148358019732,0.4162789268252145,-0.34306250143690853,0.4345591,-0.3247823214353408,0.3759155422441385,-0.38342588601798455,0.4973122008632695,-0.26202922739885354,0.3398084977068778,-0.4195329305552452
E01026163,E01026163,Lincoln 009F,Lincoln,E01026163,1,2020,1.08174801006842,0.687369167481968,0.14846905881942396,79.80268683882487,65.85384683647455,0.0,0.0,0.0,0.687369167481968,-0.39437884258645206,0.8358382263013919,-0.2459097837670281,-0.04220252627235925,-1.1239505363407793,-0.027348002543288202,-1.1090960126117082,0.41368252298405284,-0.6680654870843672,0.31144423841025665,-0.7703037716581633,0.4655991052518491,-0.6161489048165709,0.43221772,-0.6495302928977047,0.22939565072101897,-0.8523523593474011,0.4770224647843655,-0.6047255452840545,0.4213838811951087,-0.6603641288733113
E01026163,E01026163,Lincoln 009F,Lincoln,E01026163,1,2021,1.30766870839572,1.08174801006842,0.39437884258645206,79.80268683882487,65.85384683647455,0.0,0.0,0.0,1.08174801006842,-0.22592069832729988,1.476126852654872,0.16845814425915218,-0.04220252627235925,-1.3498712346680792,-0.027348002543288202,-1.335016710939008,0.41368252298405284,-0.8939861854116671,0.31144423841025665,-0.9962244699854632,0.4655991052518491,-0.8420696031438708,0.43221772,-0.8754509912250046,0.22939565072101897,-1.0782730576747008,0.4770224647843655,-0.8306462436113544,0.4213838811951087,-0.8862848272006112
E01026163,E01026163,Lincoln 009F,Lincoln,E01026163,1,2022,1.54151207169459,1.30766870839572,0.22592069832729988,79.80268683882487,65.85384683647455,0.0,0.0,0.0,1.30766870839572,-0.23384336329887012,1.5335894067230198,-0.007922664971570237,-0.04220252627235925,-1.5837145979669494,-0.027348002543288202,-1.5688600742378782,0.41368252298405284,-1.1278295487105372,0.31144423841025665,-1.2300678332843333,0.4655991052518491,-1.075912966442741,0.43221772,-1.1092943545238747,0.22939565072101897,-1.3121164209735712,0.4770224647843655,-1.0644896069102245,0.4213838811951087,-1.1201281904994813
E01026161,E01026161,Lincoln 010A,Lincoln,E01026161,1,2020,2.71021811462177,2.30577421758577,-0.04861953438141997,73.51382738822385,69.05274927184986,0.0,0.0,0.0,2.30577421758577,-0.40444389703600025,2.25715468320435,-0.4530634314174202,1.1172462805156393,-1.5929718341061307,1.0162165599238395,-1.6940015546979306,1.3350198930324155,-1.3751982215893546,1.436791813440669,-1.2734263011811011,1.4887293449860775,-1.2214887696356926,1.5156229,-1.194595260388982,1.367278566851716,-1.342939547770054,1.6533289839078278,-1.0568891307139423,1.4748114885840042,-1.2354066260377659
E01026161,E01026161,Lincoln 010A,Lincoln,E01026161,1,2021,2.65490843935497,2.71021811462177,0.40444389703600025,73.51382738822385,69.05274927184986,0.0,0.0,0.0,2.71021811462177,0.055309675266800085,3.1146620116577703,0.45975357230280034,1.1160112376889797,-1.5388972016659903,1.0154064781771248,-1.6395019611778452,1.2044591434509129,-1.4504492959040571,1.4204761913610056,-1.2344322479939644,1.0692198565695041,-1.5856885827854659,1.203711,-1.4511974064875384,1.1707667580187646,-1.4841416813362054,1.539891143097735,-1.1150172962572351,1.0046577773593837,-1.6502506619955863
E01026161,E01026161,Lincoln 010A,Lincoln,E01026161,1,2022,2.4508695936073,2.65490843935497,-0.055309675266800085,73.51382738822385,69.05274927184986,0.0,0.0,0.0,2.65490843935497,0.20403884574766984,2.59959876408817,0.14872917048086975,1.1148187825459979,-1.3360508110613023,1.0146243302837452,-1.436245263323555,1.237237619145649,-1.2136319744616513,1.4223238113880496,-1.0285457822192505,1.348100256111755,-1.1027693374955452,1.3923151,-1.0585544443000492,1.2384804624651207,-1.2123891311421795,1.6321661151356373,-0.8187034784716629,1.324398911200541,-1.1264706824067592
E01026170,E01026170,Lincoln 010B,Lincoln,E01026170,1,2020,1.16748317810181,0.805473033766112,0.12967449234899597,61.40248515039342,64.85041069599531,0.0,0.0,0.0,0.805473033766112,-0.362010144335698,0.935147526115108,-0.23233565198670203,0.6704301858531325,-0.4970529922486775,0.6082133281555175,-0.5592698499462925,0.5756387488152194,-0.5918444292865906,0.4621128797581442,-0.7053702983436658,0.6294093938619764,-0.5380737842398337,0.67654943,-0.4909337434399448,0.7062491965475076,-0.4612339815543024,0.5296376993862792,-0.6378454787155308,0.5637047227842952,-0.6037784553175148
E01026170,E01026170,Lincoln 010B,Lincoln,E01026170,1,2021,1.52967222344527,1.16748317810181,0.362010144335698,61.40248515039342,64.85041069599531,0.0,0.0,0.0,1.16748317810181,-0.36218904534345997,1.529493322437508,-0.00017890100776196682,0.6672361095772884,-0.8624361138679816,0.6061182891553933,-0.9235539342898766,0.5758964763142076,-0.9537757471310624,0.486163688560776,-1.043508534884494,0.6294093938619764,-0.9002628295832936,0.6798158,-0.8498563946450686,0.7119081826495147,-0.8177640407957553,0.5799889909275798,-0.9496832325176902,0.560997202170143,-0.968675021275127
E01026170,E01026170,Lincoln 010B,Lincoln,E01026170,1,2022,1.14056040247711,1.52967222344527,0.36218904534345997,61.40248515039342,64.85041069599531,0.0,0.0,0.0,1.52967222344527,0.3891118209681599,1.89186126878873,0.7513008663116199,0.6691525553427948,-0.47140784713431527,0.6073753125554678,-0.5331850899216423,0.5722547834647946,-0.5683056190123155,0.47280571287934625,-0.6677546895977639,0.6294093938619764,-0.5111510086151337,0.6798158,-0.4607445736769087,0.7062491965475076,-0.4343112059296025,0.5457589379357504,-0.5948014645413597,0.5638491949724647,-0.5767112075046454
E01026172,E01026172,Lincoln 010C,Lincoln,E01026172,1,2020,1.01530728555865,1.35736982597042,0.5123129070776401,68.60694028109515,72.82452103798323,0.0,0.0,0.0,1.35736982597042,0.3420625404117701,1.86968273304806,0.8543754474894101,0.439790461688179,-0.5755168238704711,0.4568520487512754,-0.5584552368073746,0.7083193308297382,-0.3069879547289118,0.649263588344848,-0.36604369721380203,0.7489808031297751,-0.2663264824288749,0.73536044,-0.2799468419665785,0.7168503182163531,-0.2984569673422969,0.8707258941817625,-0.14458139137688752,0.6393279272981456,-0.37597935826050444
E01026172,E01026172,Lincoln 010C,Lincoln,E01026172,1,2021,1.80893626192154,1.01530728555865,-0.3420625404117701,68.60694028109515,72.82452103798323,0.0,0.0,0.0,1.01530728555865,-0.7936289763628899,0.6732447451468799,-1.13569151677466,0.4436659409028698,-1.36527032101867,0.4593940294047594,-1.3495422325167805,0.6861828057733065,-1.1227534561482333,0.6273042621230333,-1.1816319997985065,0.7345122646584759,-1.074423997263064,0.6930358,-1.1159004805380255,0.7168503182163531,-1.0920859437051869,0.8866575005558122,-0.9222787613657277,0.599143642421146,-1.2097926195003939
E01026172,E01026172,Lincoln 010C,Lincoln,E01026172,1,2022,1.69990594758154,1.80893626192154,0.7936289763628899,68.60694028109515,72.82452103798323,0.0,0.0,0.0,1.80893626192154,0.10903031433999999,2.6025652382844298,0.9026592907028899,0.4436659409028698,-1.25624000667867,0.4593940294047594,-1.2405119181767805,0.6861828057733065,-1.0137231418082333,0.6273042621230333,-1.0726016854585065,0.7345122646584759,-0.965393682923064,0.6930358,-1.0068701661980255,0.7168503182163531,-0.9830556293651868,0.8866575005558122,-0.8132484470257277,0.599143642421146,-1.1007623051603939
E01026173,E01026173,Lincoln 010D,Lincoln,E01026173,1,2020,2.21751755296939,2.4854009937222,1.2437155769641999,68.66258036857738,73.18365242534524,0.0,0.0,0.0,2.4854009937222,0.2678834407528101,3.7291165706864,1.51159901771701,1.4061057201766833,-0.8114118327927065,1.4458762987110207,-0.771641254258369,1.1652145676537085,-1.0523029853156813,1.1472623719083983,-1.0702551810609915,1.2123204192945873,-1.0051971336748025,1.1901369,-1.0273806434845265,1.2104988678729522,-1.0070186850964375,1.342733561942247,-0.8747839910271429,1.0905318302906883,-1.1269857226787015
E01026173,E01026173,Lincoln 010D,Lincoln,E01026173,1,2021,2.27274871849201,2.21751755296939,-0.2678834407528101,68.66258036857738,73.18365242534524,0.0,0.0,0.0,2.21751755296939,-0.055231165522620085,1.9496341122165797,-0.3231146062754302,1.4061057201766833,-0.8666429983153265,1.4458762987110207,-0.8268724197809891,1.1652145676537085,-1.1075341508383014,1.1472623719083983,-1.1254863465836116,1.2123204192945873,-1.0604282991974225,1.1901369,-1.0826118090071466,1.2104988678729522,-1.0622498506190576,1.342733561942247,-0.930015156549763,1.0905318302906883,-1.1822168882013215
E01026173,E01026173,Lincoln 010D,Lincoln,E01026173,1,2022,1.87795937402591,2.27274871849201,0.055231165522620085,68.66258036857738,73.18365242534524,0.0,0.0,0.0,2.27274871849201,0.3947893444660999,2.32797988401463,0.45002050998872,1.4061057201766833,-0.4718536538492266,1.4458762987110207,-0.4320830753148892,1.1652145676537085,-0.7127448063722015,1.1472623719083983,-0.7306970021175117,1.2123204192945873,-0.6656389547313226,1.1901369,-0.6878224645410467,1.2104988678729522,-0.6674605061529577,1.342733561942247,-0.535225812083663,1.0905318302906883,-0.7874275437352216
E01026175,E01026175,Lincoln 010E,Lincoln,E01026175,1,2020,1.63314873575272,1.68539331065521,0.920039008784376,57.31107975613164,59.60769717803543,0.0,0.0,0.0,1.68539331065521,0.052244574902490015,2.605432319439586,0.972283583686866,0.9103954007011601,-0.7227533350515598,0.9871305801226172,-0.6460181556301027,1.1442694175301087,-0.4888793182226112,1.027848825323551,-0.605299910429169,1.1235155852507692,-0.5096331505019507,1.1015148,-0.5316339194685402,1.1258552345957893,-0.5072935011569306,1.1291311876507122,-0.5040175481020077,1.0624446902524038,-0.5707040455003161
E01026175,E01026175,Lincoln 010E,Lincoln,E01026175,1,2021,1.43097025263339,1.63314873575272,-0.052244574902490015,57.31107975613164,59.60769717803543,0.0,0.0,0.0,1.63314873575272,0.20217848311932984,1.58090416085023,0.14993390821683983,0.9087344810377211,-0.5222357715956689,0.9860411598425526,-0.4449290927908375,1.1442694175301087,-0.28670083510328137,1.0265887256787989,-0.4043815269545912,1.1235155852507692,-0.30745466738262084,1.1015148,-0.3294554363492104,1.1258552345957893,-0.30511501803760077,1.1308116524382241,-0.30015860019516594,1.0626325040970244,-0.3683377485363657
E01026175,E01026175,Lincoln 010E,Lincoln,E01026175,1,2022,1.77736847804819,1.43097025263339,-0.20217848311932984,57.31107975613164,59.60769717803543,0.0,0.0,0.0,1.43097025263339,-0.3463982254147999,1.2287917695140602,-0.5485767085341298,0.9083086042009418,-0.8690598738472481,0.9857618213092026,-0.7916066567389873,1.1442694175301087,-0.6330990605180813,1.0265887256787989,-0.7507797523693911,1.1235155852507692,-0.6538528927974208,1.1015148,-0.6758536617640103,1.1258552345957893,-0.6515132434524007,1.1308116524382241,-0.6465568256099659,1.0626806614930806,-0.7146878165551094
E01026137,E01026137,Lincoln 011A,Lincoln,E01026137,1,2020,0.809869545159465,0.584372296603553,0.14877096243648907,65.70300012495777,70.15527427456925,0.0,0.0,0.0,0.584372296603553,-0.2254972485559119,0.7331432590400422,-0.07672628611942278,0.16128960297063039,-0.6485799421888345,0.02316591534719059,-0.7867036298122744,0.292278808836458,-0.517590736323007,0.19026400651419312,-0.6196055386452719,0.19891406950135132,-0.6109554756581137,0.26761344,-0.5422561044074355,0.08322988339556218,-0.7266396617639028,0.25788642525913885,-0.5519831199003261,0.19983667154199775,-0.6100328736174672
E01026137,E01026137,Lincoln 011A,Lincoln,E01026137,1,2021,0.712574006142185,0.809869545159465,0.2254972485559119,65.70300012495777,70.15527427456925,0.0,0.0,0.0,0.809869545159465,0.09729553901727994,1.0353667937153768,0.32279278757319174,0.16388745167498364,-0.5486865544672014,0.02486988040062496,-0.68770412574156,0.2789111179206163,-0.43366288822156873,0.17880573521382032,-0.5337682709283647,0.19891406950135132,-0.5136599366408336,0.27516988,-0.4374041269441107,0.0718167096797517,-0.6407572964624333,0.2963336278675359,-0.4162403782746491,0.21027971175184748,-0.5022942943903376
E01026137,E01026137,Lincoln 011A,Lincoln,E01026137,1,2022,0.974024672998101,0.712574006142185,-0.09729553901727994,65.70300012495777,70.15527427456925,0.0,0.0,0.0,0.712574006142185,-0.261450666855916,0.6152784671249051,-0.35874620587319594,0.16388745167498364,-0.8101372213231174,0.02486988040062496,-0.949154792597476,0.2789111179206163,-0.6951135550774847,0.17880573521382032,-0.7952189377842807,0.19891406950135132,-0.7751106034967497,0.27516988,-0.6988547938000267,0.0718167096797517,-0.9022079633183493,0.2963336278675359,-0.6776910451305651,0.21027971175184748,-0.7637449612462536
E01026138,E01026138,Lincoln 011B,Lincoln,E01026138,1,2020,0.645612560237186,0.551605672601992,0.326490815404262,67.17494152749484,71.61874811441845,0.0,0.0,0.0,0.551605672601992,-0.09400688763519405,0.8780964880062541,0.232483927769068,0.00973913375045092,-0.6358734264867352,-0.012222942377720952,-0.657835502614907,0.05649389564307231,-0.5891186645941138,-0.03910518637769504,-0.684717746614881,0.06285843698072721,-0.5827541232564588,0.0571581,-0.588454458887117,0.0809317253827022,-0.5646808348544838,0.033468890854906314,-0.6121436693822797,0.041102981229046855,-0.6045095790081392
E01026138,E01026138,Lincoln 011B,Lincoln,E01026138,1,2021,0.722167587625845,0.645612560237186,0.09400688763519405,67.17494152749484,71.61874811441845,0.0,0.0,0.0,0.645612560237186,-0.07655502738865894,0.7396194478723801,0.01745186024653511,0.00973913375045092,-0.7124284538753941,-0.012222942377720952,-0.7343905300035659,0.05649389564307231,-0.6656736919827727,-0.03910518637769504,-0.76127277400354,0.06285843698072721,-0.6593091506451177,0.0571581,-0.6650094862757759,0.0809317253827022,-0.6412358622431428,0.033468890854906314,-0.6886986967709386,0.041102981229046855,-0.6810646063967981
E01026138,E01026138,Lincoln 011B,Lincoln,E01026138,1,2022,0.798394294130083,0.722167587625845,0.07655502738865894,67.17494152749484,71.61874811441845,0.0,0.0,0.0,0.722167587625845,-0.07622670650423802,0.7987226150145039,0.00032832088442091845,0.00973913375045092,-0.7886551603796321,-0.012222942377720952,-0.8106172365078039,0.05649389564307231,-0.7419003984870107,-0.03910518637769504,-0.837499480507778,0.06285843698072721,-0.7355358571493558,0.0571581,-0.741236192780014,0.0809317253827022,-0.7174625687473808,0.033468890854906314,-0.7649254032751767,0.041102981229046855,-0.7572913129010361
E01026139,E01026139,Lincoln 011C,Lincoln,E01026139,1,2020,0.883516724763743,0.272237113907053,0.21094080242792002,59.448682706954145,65.69706642118882,0.0,0.0,0.0,0.272237113907053,-0.61127961085669,0.48317791633497303,-0.40033880842876995,-0.10400913265176658,-0.9875258574155096,-0.1712519000705557,-1.0547686248342987,0.05309708317362812,-0.8304196415901148,-0.07324652969497479,-0.9567632544587178,0.023395996708256456,-0.8601207280554866,0.08090937,-0.8026073533877054,-0.007397937144304437,-0.8909146619080475,0.058383495865070044,-0.8251332288986729,0.05342444973060295,-0.8300922750331401
E01026139,E01026139,Lincoln 011C,Lincoln,E01026139,1,2021,0.687909928834282,0.883516724763743,0.61127961085669,59.448682706954145,65.69706642118882,0.0,0.0,0.0,0.883516724763743,0.19560679592946095,1.494796335620433,0.806886406786151,-0.10400913265176658,-0.7919190614860486,-0.1712519000705557,-0.8591618289048377,0.05309708317362812,-0.6348128456606539,-0.07324652969497479,-0.7611564585292568,0.023395996708256456,-0.6645139321260256,0.08090937,-0.6070005574582444,-0.007397937144304437,-0.6953078659785865,0.058383495865070044,-0.629526432969212,0.05342444973060295,-0.6344854791036791
E01026139,E01026139,Lincoln 011C,Lincoln,E01026139,1,2022,0.839680091037926,0.687909928834282,-0.19560679592946095,59.448682706954145,65.69706642118882,0.0,0.0,0.0,0.687909928834282,-0.15177016220364392,0.4923031329048211,-0.3473769581331049,-0.10247597603936141,-0.9421560670772874,-0.17024628135049605,-1.009926372388422,0.053228848197186915,-0.7864512428407391,-0.09316226412513684,-0.9328423551630628,0.023395996708256456,-0.8162840943296695,0.08090937,-0.7587707196618884,-0.01742325711722477,-0.8571033481551508,0.048994010311805974,-0.79068608072612,0.05325108310479951,-0.7864290079331264
E01026140,E01026140,Lincoln 011D,Lincoln,E01026140,1,2020,1.30586651795471,1.55878745058244,0.5435572629927599,66.97602649667908,71.42486380002977,0.0,0.0,0.0,1.55878745058244,0.25292093262772997,2.1023447135752,0.7964781956204898,0.5537178710753247,-0.7521486468793853,0.5854003759996145,-0.7204661419550955,0.5994511439393801,-0.7064153740153298,0.47666552360989384,-0.8292009943448162,0.7061109551651604,-0.5997555627895496,0.7115734,-0.5942930959996013,0.6461923553855464,-0.6596741625691636,0.6033589788108037,-0.7025075391439063,0.5587877846925176,-0.7470787332621924
E01026140,E01026140,Lincoln 011D,Lincoln,E01026140,1,2021,0.77746446185682,1.30586651795471,-0.25292093262772997,66.97602649667908,71.42486380002977,0.0,0.0,0.0,1.30586651795471,0.5284020560978899,1.05294558532698,0.27548112347015996,0.5537178710753247,-0.2237465907814954,0.5854003759996145,-0.19206408585720558,0.5994511439393801,-0.1780133179174399,0.47666552360989384,-0.3007989382469262,0.7061109551651604,-0.07135350669165963,0.7115734,-0.06589103990171141,0.6461923553855464,-0.13127210647127363,0.6033589788108037,-0.17410548304601636,0.5587877846925176,-0.2186766771643025
E01026140,E01026140,Lincoln 011D,Lincoln,E01026140,1,2022,1.28966041491295,0.77746446185682,-0.5284020560978899,66.97602649667908,71.42486380002977,0.0,0.0,0.0,0.77746446185682,-0.51219595305613,0.24906240575893013,-1.04059800915402,0.5537178710753247,-0.7359425438376254,0.5854003759996145,-0.7042600389133356,0.5994511439393801,-0.6902092709735699,0.47666552360989384,-0.8129948913030562,0.7061109551651604,-0.5835494597477896,0.7115734,-0.5780869929578414,0.6461923553855464,-0.6434680595274036,0.6033589788108037,-0.6863014361021463,0.5587877846925176,-0.7308726302204325
E01026141,E01026141,Lincoln 011E,Lincoln,E01026141,1,2020,0.308295440142007,0.499471164849861,0.04289794321499596,56.489066545579526,60.990702534969174,0.0,0.0,0.0,0.499471164849861,0.191175724707854,0.5423691080648569,0.23407366792284995,0.06552351311471952,-0.24277192702728748,-0.06335109406026998,-0.371646534202277,0.07526073277383342,-0.23303470736817355,0.07579946909354918,-0.23249597104845782,0.19334140832777197,-0.11495403181423502,0.18313286,-0.1251625830577327,0.08648517225066929,-0.2218102678913377,0.2988323439818008,-0.009463096160206186,0.17128801464611462,-0.13700742549589237
E01026141,E01026141,Lincoln 011E,Lincoln,E01026141,1,2021,0.856828495383454,0.308295440142007,-0.191175724707854,56.489066545579526,60.990702534969174,0.0,0.0,0.0,0.308295440142007,-0.5485330552414469,0.117119715434153,-0.739708779949301,0.06279790135933253,-0.7940305940241215,-0.06513886067370933,-0.9219673560571633,0.08195865619138581,-0.7748698391920681,0.11108937657193008,-0.7457391188115239,0.19334140832777197,-0.6634870870556819,0.19478269,-0.6620458061697012,0.09673069908436771,-0.7600977962990862,0.29309268368436997,-0.563735811699084,0.1715962219808763,-0.6852322734025776
E01026141,E01026141,Lincoln 011E,Lincoln,E01026141,1,2022,0.40887857071933,0.856828495383454,0.5485330552414469,56.489066545579526,60.990702534969174,0.0,0.0,0.0,0.856828495383454,0.447949924664124,1.4053615506249009,0.9964829799055709,0.06075369254279231,-0.3481248781765377,-0.06647968563378884,-0.4753582563531188,0.12422314123274908,-0.2846554294865809,0.13101213299668465,-0.2778664377226453,0.2162898546707402,-0.1925887160485898,0.2063416,-0.20253697626170364,0.10129212906328344,-0.30758644165604654,0.3365331944611709,-0.07234537625815907,0.24319474845841457,-0.1656838222609154
E01026142,E01026142,Lincoln 011F,Lincoln,E01026142,1,2020,1.53752911504176,0.666075060677873,-0.304095569138945,63.56504918178514,67.49559684255135,0.0,0.0,0.0,0.666075060677873,-0.871454054363887,0.36197949153892806,-1.175549623502832,0.7324332187830618,-0.8050958962586983,0.5719220460518353,-0.9656070689899248,0.5934349991654292,-0.9440941158763309,0.5208708254787808,-1.0166582895629792,0.6576603578111607,-0.8798687572305993,0.60596913,-0.9315599840488706,0.7151936312237709,-0.8223354838179892,0.6364155448926919,-0.9011135701490681,0.5810201755241453,-0.9565089395176147
E01026142,E01026142,Lincoln 011F,Lincoln,E01026142,1,2021,1.72908277342001,1.53752911504176,0.871454054363887,63.56504918178514,67.49559684255135,0.0,0.0,0.0,1.53752911504176,-0.19155365837825,2.408983169405647,0.6799003959856369,0.7324332187830618,-0.9966495546369483,0.5719220460518353,-1.1571607273681748,0.5934349991654292,-1.135647774254581,0.5208708254787808,-1.2082119479412292,0.6576603578111607,-1.0714224156088492,0.60596913,-1.1231136424271206,0.7151936312237709,-1.013889142196239,0.6364155448926919,-1.092667228527318,0.5810201755241453,-1.1480625978958647
E01026142,E01026142,Lincoln 011F,Lincoln,E01026142,1,2022,1.582471093569,1.72908277342001,0.19155365837825,63.56504918178514,67.49559684255135,0.0,0.0,0.0,1.72908277342001,0.14661167985100998,1.92063643179826,0.33816533822926,0.7332849724566202,-0.8491861211123799,0.572480723118535,-1.0099903704504651,0.5921270394424082,-0.9903440541265919,0.5120987917436925,-1.0703723018253075,0.6576603578111607,-0.9248107357578393,0.60877484,-0.9736962527372435,0.7151936312237709,-0.8672774623452292,0.6573367249155394,-0.9251343686534607,0.5809238607320322,-1.001547232836968
E01026169,E01026169,Lincoln 011G,Lincoln,E01026169,1,2020,1.34334939618021,0.974502623795364,0.493364313553855,61.30094763291574,64.54551344185145,0.0,0.0,0.0,0.974502623795364,-0.3688467723848461,1.467866937349219,0.12451754116900893,0.6045559402041086,-0.7387934559761015,0.5427788044022515,-0.8005705917779586,0.2761368769102834,-1.0672125192699267,0.421274671015706,-0.9220747251645041,0.23775263167150432,-1.1055967645087057,0.3368491,-1.0065003027430153,0.37978399406543084,-0.9635654021147793,0.5250994534073866,-0.8182499427728235,0.18025119151011953,-1.1630982046700906
E01026169,E01026169,Lincoln 011G,Lincoln,E01026169,1,2021,1.17762483373228,1.34334939618021,0.3688467723848461,61.30094763291574,64.54551344185145,0.0,0.0,0.0,1.34334939618021,0.16572456244793,1.7121961685650562,0.5345713348327761,0.6018303284487215,-0.5757945052835586,0.5409910377888122,-0.6366337959434679,0.5297197127200873,-0.6479051210121928,0.4325859095864012,-0.7450389241458789,0.5913489497747444,-0.5862758839575357,0.63476336,-0.5428614737087816,0.5670461040592993,-0.6105787296729808,0.6570930541549242,-0.5205317795773559,0.5362135669368967,-0.6414112667953834
E01026169,E01026169,Lincoln 011G,Lincoln,E01026169,1,2022,1.47183341292509,1.17762483373228,-0.16572456244793,61.30094763291574,64.54551344185145,0.0,0.0,0.0,1.17762483373228,-0.29420857919280996,1.0119002712843501,-0.45993314164073995,0.5849656057122646,-0.8868678072128254,0.5299292318681562,-0.9419041810569339,0.5467863322888653,-0.9250470806362248,0.46323959611808346,-1.0085938168070065,0.5557832547754253,-0.9160501581496647,0.58764744,-0.8841859748757737,0.6439650166048072,-0.8278683963202829,0.6275828779066218,-0.8442505350184683,0.5175335895578456,-0.9542998233672445
E01026171,E01026171,Lincoln 011H,Lincoln,E01026171,1,2020,0.661641203092477,0.743046095246748,0.203755379006618,61.24369849788991,62.75836731525053,0.0,0.0,0.0,0.743046095246748,0.08140489215427105,0.946801474253366,0.28516027116088905,0.0830683207719223,-0.5785728823205547,0.023847769575294636,-0.6377934335171823,0.3435997862781287,-0.3180414168143483,0.2427357729870256,-0.4189054301054514,0.42616462556306733,-0.23547657752940965,0.39161184,-0.2700293587912532,0.3297395048084193,-0.3319016982840577,0.37700087580084235,-0.28464032729163463,0.42816663321221793,-0.23347456988025905
E01026171,E01026171,Lincoln 011H,Lincoln,E01026171,1,2021,0.719458319192406,0.661641203092477,-0.08140489215427105,61.24369849788991,62.75836731525053,0.0,0.0,0.0,0.661641203092477,-0.05781711609992901,0.5802363109382059,-0.13922200825420006,0.0830683207719223,-0.6363899984204837,0.023847769575294636,-0.6956105496171113,0.3435997862781287,-0.3758585329142773,0.2427357729870256,-0.4767225462053804,0.42616462556306733,-0.29329369362933866,0.39161184,-0.32784647489118224,0.3297395048084193,-0.3897188143839867,0.37700087580084235,-0.34245744339156364,0.42816663321221793,-0.29129168598018806
E01026171,E01026171,Lincoln 011H,Lincoln,E01026171,1,2022,0.761692402005795,0.719458319192406,0.05781711609992901,61.24369849788991,62.75836731525053,0.0,0.0,0.0,0.719458319192406,-0.04223408281338903,0.777275435292335,0.015583033286539982,0.0830683207719223,-0.6786240812338727,0.023847769575294636,-0.7378446324305004,0.3435997862781287,-0.4180926157276663,0.2427357729870256,-0.5189566290187695,0.42616462556306733,-0.3355277764427277,0.39161184,-0.37008055770457127,0.3297395048084193,-0.43195289719737573,0.37700087580084235,-0.38469152620495267,0.42816663321221793,-0.3335257687935771
E01026149,E01026149,Lincoln 001A,Lincoln,E01026149,1,2020,1.82749296769334,1.11605843715085,0.10622232070312987,61.86522344171743,63.14109155548698,0.0,0.0,0.0,1.11605843715085,-0.7114345305424901,1.2222807578539798,-0.6052122098393602,0.9969273032340783,-0.8305656644592617,1.0538650192115584,-0.7736279484817816,1.00076398613917,-0.8267289815541701,0.8963147698799101,-0.9311781978134299,1.0148615670993364,-0.8126314005940036,1.0022678,-0.825225130168926,1.11870326166214,-0.7087897060312001,0.9451761971495585,-0.8823167705437815,0.8614989727753293,-0.9659939949180107
E01026149,E01026149,Lincoln 001A,Lincoln,E01026149,1,2021,1.07472791756512,1.82749296769334,0.7114345305424901,61.86522344171743,63.14109155548698,0.0,0.0,0.0,1.82749296769334,0.7527650501282199,2.53892749823583,1.46419958067071,0.9979494076423484,-0.07677850992277169,1.0545354316915982,-0.020192485873521848,0.9639030656025704,-0.11082485196254965,0.8900327052735738,-0.18469521229154628,1.0148615670993364,-0.0598663504657837,0.98971885,-0.08500906313778245,1.11870326166214,0.043975344097019864,0.9448784212091553,-0.12984949635596477,0.8614967308516392,-0.21323118671348085
E01026149,E01026149,Lincoln 001A,Lincoln,E01026149,1,2022,1.35413375570083,1.07472791756512,-0.7527650501282199,61.86522344171743,63.14109155548698,0.0,0.0,0.0,1.07472791756512,-0.27940583813570985,0.32196286743690017,-1.0321708882639298,0.995394146621673,-0.3587396090791569,1.0528594004914988,-0.3012743552093311,1.007006739158182,-0.3471270165426479,0.9028113654177145,-0.4513223902831155,1.027390047405738,-0.3267437082950919,1.0249423,-0.32919147683883043,1.11870326166214,-0.23543049403868999,1.0518105934043556,-0.3023231622964744,0.8616723394011327,-0.4924614162996972
E01026150,E01026150,Lincoln 001B,Lincoln,E01026150,1,2020,2.67774964343979,1.63042701296301,0.056503588095550006,60.62702875951191,63.676147957605004,0.0,0.0,0.0,1.63042701296301,-1.0473226304767798,1.68693060105856,-0.9908190423812298,1.3857151228753328,-1.292034520564457,1.329273282748077,-1.3484763606917127,1.365965308151097,-1.3117843352886929,1.3415229137659805,-1.3362267296738093,1.3499037422413989,-1.327845901198391,1.3689451,-1.308804521674653,1.3342890700186325,-1.3434605734211573,1.487829507752025,-1.189920135687765,1.2111329267619548,-1.466616716677835
E01026150,E01026150,Lincoln 001B,Lincoln,E01026150,1,2021,2.20402187775939,2.67774964343979,1.0473226304767798,60.62702875951191,63.676147957605004,0.0,0.0,0.0,2.67774964343979,0.47372776568039976,3.7250722739165694,1.5210503961571793,1.386652051916247,-0.817369825843143,1.3298878275214467,-0.8741340502379433,1.3689469337368274,-0.8350749440225627,1.3415229137659805,-0.8624989639934095,1.3662883910414994,-0.8377334867178907,1.3737221,-0.8302998013433744,1.3342890700186325,-0.8697328077407576,1.4810912404030563,-0.7229306373563338,1.2256534741983685,-0.9783684035610216
E01026150,E01026150,Lincoln 001B,Lincoln,E01026150,1,2022,2.3443780827782,2.20402187775939,-0.47372776568039976,60.62702875951191,63.676147957605004,0.0,0.0,0.0,2.20402187775939,-0.14035620501881008,1.7302941120789903,-0.6140839706992098,1.38290433575259,-0.9614737470256101,1.3274296484279677,-1.0169484343502324,1.363483793799094,-0.9808942889791061,1.339962755881173,-1.004415326897027,1.3499037422413989,-0.9944743405368013,1.3684528,-0.9759252953789082,1.3304590802386478,-1.0139190025395524,1.590389089537508,-0.7539889932406922,1.2114507655759277,-1.1329273172022725
E01026166,E01026166,Lincoln 001C,Lincoln,E01026166,1,2020,1.4963617851246,1.34028987396952,0.11236808058934988,59.75980661860742,65.50463674531167,0.0,0.0,0.0,1.34028987396952,-0.15607191115508012,1.4526579545588698,-0.04370383056573024,1.0671775313057017,-0.42918425381889835,0.8604543529766673,-0.6359074321479328,0.8270157564751573,-0.6693460286494427,0.7665908136130635,-0.7297709715115366,0.8394852296975095,-0.6568765554270906,0.8726749,-0.6236869027126433,0.9531036324249451,-0.5432581526996549,0.8512559431737736,-0.6451058419508264,0.6379295187917825,-0.8584322663328176
E01026166,E01026166,Lincoln 001C,Lincoln,E01026166,1,2021,1.91555694757433,1.4963617851246,0.15607191115508012,59.75980661860742,65.50463674531167,0.0,0.0,0.0,1.4963617851246,-0.4191951624497299,1.6524336962796802,-0.26312325129464975,1.0671775313057017,-0.8483794162686282,0.8604543529766673,-1.0551025945976626,0.8270157564751573,-1.0885411910991727,0.7665908136130635,-1.1489661339612665,0.8394852296975095,-1.0760717178768204,0.8726749,-1.0428820651623731,0.9531036324249451,-0.9624533151493848,0.8512559431737736,-1.0643010044005563,0.6379295187917825,-1.2776274287825475
E01026166,E01026166,Lincoln 001C,Lincoln,E01026166,1,2022,1.63642326801543,1.91555694757433,0.4191951624497299,59.75980661860742,65.50463674531167,0.0,0.0,0.0,1.91555694757433,0.2791336795588999,2.33475211002406,0.69832884200863,1.0745026128983044,-0.5619206551171256,0.8652589757502855,-0.7711642922651445,0.7622100556421423,-0.8742132123732878,0.7131292629340953,-0.9232940050813347,0.8121793957041222,-0.8242438723113078,0.81180316,-0.8246201059174991,0.9432779607199036,-0.6931453072955265,0.7670600600863168,-0.8693632079291133,0.6446440374089286,-0.9917792306065014
E01026168,E01026168,Lincoln 001D,Lincoln,E01026168,1,2020,1.65841002414728,1.60451369908617,-0.07833718258813005,59.63404438805045,65.19759477906537,0.0,0.0,0.0,1.60451369908617,-0.05389632506110997,1.5261765164980399,-0.13223350764924002,1.191968039193162,-0.4664419849541179,1.1097144401490306,-0.5486955839982492,1.329157618664311,-0.32925240548296886,1.2514990689979124,-0.4069109551493675,1.3782351018593746,-0.2801749222879053,1.3689911,-0.2894188875963766,1.1735670342905316,-0.48484298985674834,1.4572429940772065,-0.20116703007007342,1.3231756161202386,-0.3352344080270413
E01026168,E01026168,Lincoln 001D,Lincoln,E01026168,1,2021,1.49010195058875,1.65841002414728,0.05389632506110997,59.63404438805045,65.19759477906537,0.0,0.0,0.0,1.65841002414728,0.16830807355852984,1.7123063492083899,0.2222043986196398,1.1948640016832608,-0.29523794890548927,1.1116139421758098,-0.3784880084129403,1.277228032721682,-0.212873917867068,1.2069820972442271,-0.28311985334452294,1.3508907316493473,-0.1392112189394028,1.3147652,-0.1753367356687061,1.1735670342905316,-0.3165349162982185,1.3335475002744375,-0.1565544503143126,1.3200780224595938,-0.17002392812915623
E01026168,E01026168,Lincoln 001D,Lincoln,E01026168,1,2022,2.17067615437472,1.49010195058875,-0.16830807355852984,59.63404438805045,65.19759477906537,0.0,0.0,0.0,1.49010195058875,-0.6805742037859699,1.3217938770302202,-0.8488822773444997,1.1948640016832608,-0.9758121526914592,1.1116139421758098,-1.0590622121989102,1.277228032721682,-0.8934481216530379,1.2069820972442271,-0.9636940571304928,1.3508907316493473,-0.8197854227253727,1.3147652,-0.855910939454676,1.1735670342905316,-0.9971091200841884,1.3335475002744375,-0.8371286541002825,1.3200780224595938,-0.8505981319151261
E01026153,E01026153,Lincoln 002A,Lincoln,E01026153,1,2020,1.30339104515277,1.17608040680143,0.4396561932513179,61.39755023646861,65.82567593863229,0.0,0.0,0.0,1.17608040680143,-0.12731063835134004,1.6157366000527478,0.31234555489997784,0.2964350883066447,-1.0069559568461253,0.20220616570697453,-1.1011848794457955,0.6343356294351782,-0.6690554157175918,0.5333142779487409,-0.7700767672040291,0.6502838398804223,-0.6531072052723477,0.6525649,-0.6508261619206532,0.4547690492496522,-0.8486219959031177,0.7196676561604997,-0.5837233889922703,0.7034243818088695,-0.5999666633439005
E01026153,E01026153,Lincoln 002A,Lincoln,E01026153,1,2021,1.59578523864821,1.30339104515277,0.12731063835134004,61.39755023646861,65.82567593863229,0.0,0.0,0.0,1.30339104515277,-0.29239419349544016,1.43070168350411,-0.1650835551441001,0.296818377459746,-1.2989668611884642,0.20245757038698942,-1.3933276682612208,0.6343356294351782,-0.9614496092130319,0.5333142779487409,-1.0624709606994691,0.6502838398804223,-0.9455013987677878,0.6525649,-0.9432203554160934,0.4547690492496522,-1.1410161893985578,0.7196676561604997,-0.8761175824877104,0.7033810401524186,-0.8924041984957914
E01026153,E01026153,Lincoln 002A,Lincoln,E01026153,1,2022,1.79053250820571,1.59578523864821,0.29239419349544016,61.39755023646861,65.82567593863229,0.0,0.0,0.0,1.59578523864821,-0.19474726955749988,1.8881794321436502,0.09764692393794028,0.3040156960013148,-1.4865168122043952,0.20717839160060264,-1.5833541166051073,0.6386986186214728,-1.1518338895842373,0.5736165288656668,-1.216915979340043,0.6519238616452885,-1.1386086465604215,0.6580294,-1.1325031307452302,0.4547690492496522,-1.3357634589560576,0.7286776458654184,-1.0618548623402915,0.7025671801590636,-1.0879653280466464
E01026155,E01026155,Lincoln 002B,Lincoln,E01026155,1,2020,0.284588042531761,0.18899932879769,0.2259556331166758,60.85846630909405,66.77155040932487,0.0,0.0,0.0,0.18899932879769,-0.09558871373407102,0.41495496191436576,0.13036691938260475,-0.10447938938249939,-0.3890674319142604,-0.07634125416977897,-0.36092929670153995,-0.15165839820208368,-0.43624644073384466,-0.12822407646976505,-0.41281211900152603,-0.006051875767197956,-0.29063991829895897,-0.10293948,-0.3875275215847815,-0.023912133455818482,-0.3085001759875795,-0.1553447569431422,-0.4399327994749032,-0.055397027634864815,-0.3399850701666258
E01026155,E01026155,Lincoln 002B,Lincoln,E01026155,1,2021,0.673229028711264,0.284588042531761,0.09558871373407102,60.85846630909405,66.77155040932487,0.0,0.0,0.0,0.284588042531761,-0.388640986179503,0.380176756265832,-0.29305227244543197,-0.10558666915812535,-0.7788156978693893,-0.07706753435648869,-0.7502965630677527,-0.12638309924019503,-0.799612127951459,-0.12308503363886378,-0.7963140623501278,0.006276638391489947,-0.666952390319774,-0.10293948,-0.7761685077642845,-0.01935070347690289,-0.6925797321881669,-0.12628293617408065,-0.7995119648853446,-0.0029404534898535284,-0.6761694822011175
E01026155,E01026155,Lincoln 002B,Lincoln,E01026155,1,2022,0.533512339679984,0.673229028711264,0.388640986179503,60.85846630909405,66.77155040932487,0.0,0.0,0.0,0.673229028711264,0.13971668903127998,1.061870014890767,0.5283576752107829,-0.09519527434071244,-0.6287076140206964,-0.07025167414275116,-0.6037640138227351,-0.24021414891100046,-0.7737264885909845,-0.2262148790977544,-0.7597272187777384,0.010684962992600104,-0.5228273766873839,-0.12551884,-0.6590311832115926,-0.10478117852256522,-0.6382935182025492,-0.09724846923281853,-0.6307608089128025,-0.07402261832927709,-0.607534958009261
E01026157,E01026157,Lincoln 002C,Lincoln,E01026157,1,2020,1.7702625046035,1.79144950716247,0.2943128077768902,61.172240264618395,66.82807633922374,0.0,0.0,0.0,1.79144950716247,0.021187002558969992,2.0857623149393603,0.31549981033586016,1.0827856963230047,-0.6874768082804954,1.0812897324306532,-0.6889727721728469,1.4527637731223007,-0.31749873148119945,1.2720089272834314,-0.4982535773200687,1.4897803501332387,-0.28048215447026137,1.5199515,-0.2503110418578336,1.3509915212287718,-0.41927098337472835,1.3740878717427942,-0.39617463286070587,1.462651763756773,-0.307610740846727
E01026157,E01026157,Lincoln 002C,Lincoln,E01026157,1,2021,1.94221785796709,1.7702625046035,-0.021187002558969992,61.172240264618395,66.82807633922374,0.0,0.0,0.0,1.7702625046035,-0.1719553533635898,1.74907550204453,-0.1931423559225598,1.0797193830981944,-0.8624984748688955,1.0792784949905339,-0.862939362976556,1.450775909699727,-0.49144194826736287,1.2551638924830832,-0.6870539654840067,1.4897803501332387,-0.45243750783385117,1.521787,-0.42043081058092047,1.322250603557828,-0.6199672544092618,1.3760944052575648,-0.5661234527095251,1.466324622963079,-0.4758932350040108
E01026157,E01026157,Lincoln 002C,Lincoln,E01026157,1,2022,1.76741645438134,1.94221785796709,0.1719553533635898,61.172240264618395,66.82807633922374,0.0,0.0,0.0,1.94221785796709,0.17480140358574991,2.1141732113306797,0.3467567569493397,1.0582126028408438,-0.7092038515404961,1.0651718990563641,-0.7022445553249759,1.1604411477102643,-0.6069753066710757,1.1493048051183432,-0.6181116492629968,1.1642527553760402,-0.6031636990052998,1.2256227,-0.5417938004201583,1.2170232491067543,-0.5503932052745857,1.3370587608186257,-0.43035769356271425,1.0256124311290968,-0.7418040232522431
E01026165,E01026165,Lincoln 002D,Lincoln,E01026165,1,2020,1.45965324231348,2.00301733218487,0.6429164418410902,61.778729956754006,67.17441774109626,0.0,0.0,0.0,2.00301733218487,0.5433640898713901,2.64593377402596,1.18628053171248,0.980457055929795,-0.479196186383685,0.93322887911596,-0.5264243631975201,1.3181651889202295,-0.14148805339325055,1.288622887121422,-0.171030355192058,1.2538463549332042,-0.20580688738027586,1.3460037,-0.11364959069452252,1.2418214192483574,-0.2178318230651226,1.4893133193066297,0.029660076993149653,1.1932229705405701,-0.2664302717729099
E01026165,E01026165,Lincoln 002D,Lincoln,E01026165,1,2021,1.89649990955348,1.45965324231348,-0.5433640898713901,61.778729956754006,67.17441774109626,0.0,0.0,0.0,1.45965324231348,-0.43684666724,0.91628915244209,-0.98021075711139,0.9876543744713636,-0.9088455350821164,0.9379497003295733,-0.9585502092239068,1.2842899731179889,-0.6122099364354912,1.2734124853139541,-0.6230874242395259,1.256780860722191,-0.6397190488312889,1.3496859,-0.5468140021895884,1.2293927057667422,-0.6671072037867378,1.4224561399346933,-0.4740437696187867,1.2111028144173857,-0.6853970951360944
E01026165,E01026165,Lincoln 002D,Lincoln,E01026165,1,2022,2.19275955755644,1.89649990955348,0.43684666724,61.778729956754006,67.17441774109626,0.0,0.0,0.0,1.89649990955348,-0.2962596480029598,2.3333465767934802,0.14058701923704042,0.9896134079205482,-1.2031461496358915,0.9392346575829827,-1.2535248999734572,1.2645987837389066,-0.9281607738175333,1.2715057600860695,-0.9212537974703703,1.2685699475202645,-0.9241896100361753,1.3574047,-0.8353548486941351,1.223942577494648,-0.9688169800617918,1.4826184661290183,-0.7101410914274215,1.2240864314490443,-0.9686731261073955
E01026125,E01026125,Lincoln 003A,Lincoln,E01026125,1,2020,1.70091076508982,2.95163845726727,0.7458567442761996,43.80162131748517,53.823813919513306,0.0,0.0,0.0,2.95163845726727,1.2507276921774497,3.6974952015434694,1.9965844364536494,0.7088231859213401,-0.99208757916848,0.48977094911809005,-1.21113981597173,2.317020021212511,0.6161092561226911,2.84733370309853,1.1464229380087099,2.5361798127567052,0.8352690476668851,2.7052956,1.0043847976543205,2.5763550868357865,0.8754443217459664,3.009862198000851,1.3089514329110308,2.5018845569341996,0.8009737918443796
E01026125,E01026125,Lincoln 003A,Lincoln,E01026125,1,2021,2.86832000403107,1.70091076508982,-1.2507276921774497,43.80162131748517,53.823813919513306,0.0,0.0,0.0,1.70091076508982,-1.1674092389412498,0.45018307291237036,-2.4181369311186995,0.707247441625257,-2.161072562405813,0.4887373965446954,-2.3795826074863746,2.317020021212511,-0.5512999828185587,2.84733370309853,-0.020986300932539947,2.5324240302389303,-0.33589597379213965,2.7052956,-0.16302444128692928,2.5763550868357865,-0.2919649171952834,3.0326397684332167,0.1643197644021468,2.4951436845674566,-0.3731763194636133
E01026125,E01026125,Lincoln 003A,Lincoln,E01026125,1,2022,1.89343514697491,2.86832000403107,1.1674092389412498,43.80162131748517,53.823813919513306,0.0,0.0,0.0,2.86832000403107,0.9748848570561599,4.0357292429723195,2.1422940959974097,0.7064382756353764,-1.1869968713395336,0.4882066533313306,-1.4052284936435795,2.317020021212511,0.42358487423760116,2.84733370309853,0.95389855612362,2.5324240302389303,0.6389888832640203,2.705224,0.8117888901955002,2.5763550868357865,0.6829199398608765,3.0326397684332167,1.1392046214583067,2.4952351836199638,0.6018000366450538
E01026144,E01026144,Lincoln 003B,Lincoln,E01026144,1,2020,0.433939142092402,0.70837106897827,0.5229937645762219,60.05676363390444,56.68718979813708,0.0,0.0,0.0,0.70837106897827,0.274431926885868,1.2313648335544918,0.7974256914620899,0.13748639777590144,-0.29645274431650054,0.1577421655029088,-0.27619697658949316,0.1323007350487635,-0.3016384070436385,0.08876316881364826,-0.3451759732787537,0.12177955529241064,-0.31215958679999134,0.19053762,-0.24340152548187494,0.23840883910609204,-0.19553030298630994,0.12584917648804758,-0.3080899656043544,0.13976155523387895,-0.294177586858523
E01026144,E01026144,Lincoln 003B,Lincoln,E01026144,1,2021,0.719706243742606,0.433939142092402,-0.274431926885868,60.05676363390444,56.68718979813708,0.0,0.0,0.0,0.433939142092402,-0.2857671016502041,0.159507215206534,-0.5601990285360721,0.13748639777590144,-0.5822198459667046,0.1577421655029088,-0.5619640782396973,0.1323007350487635,-0.5874055086938426,0.08876316881364826,-0.6309430749289577,0.12177955529241064,-0.5979266884501955,0.19053762,-0.529168627132079,0.23840883910609204,-0.48129740463651405,0.12584917648804758,-0.5938570672545584,0.13976155523387895,-0.5799446885087272
E01026144,E01026144,Lincoln 003B,Lincoln,E01026144,1,2022,0.750119460162075,0.719706243742606,0.2857671016502041,60.05676363390444,56.68718979813708,0.0,0.0,0.0,0.719706243742606,-0.030413216419468925,1.0054733453928102,0.2553538852307352,0.13795486229635856,-0.6121645978657164,0.15804943788959366,-0.5920700222724813,0.1303333805116727,-0.6197860796504022,0.08724606191726098,-0.6628733982448141,0.12177955529241064,-0.6283399048696643,0.19053762,-0.5595818435515479,0.23265267984469976,-0.5174667803173753,0.11805673604022467,-0.6320627241218503,0.14134250319506733,-0.6087769569670076
E01026147,E01026147,Lincoln 003C,Lincoln,E01026147,1,2020,1.39958172215024,1.14299072954261,1.003675423321513,64.1503911856004,61.65905997344445,0.0,0.0,0.0,1.14299072954261,-0.25659099260762996,2.146666152864123,0.7470844307138829,0.016280435936181503,-1.3833012862140586,-0.03971078855332874,-1.4392925107035688,0.04876646724363938,-1.3508152549066006,0.013716986619599024,-1.385864735530641,0.19652247967141268,-1.2030592424788273,0.15638553,-1.243196196089182,0.12547493710491073,-1.2741067850453294,0.18340989354359877,-1.2161718286066412,0.16557664309751968,-1.2340050790527204
E01026147,E01026147,Lincoln 003C,Lincoln,E01026147,1,2021,1.31142929515871,1.39958172215024,0.25659099260762996,64.1503911856004,61.65905997344445,0.0,0.0,0.0,1.39958172215024,0.08815242699152992,1.65617271475787,0.3447434195991599,0.015897146783080185,-1.29553214837563,-0.03996219323334366,-1.3513914883920537,0.04876646724363938,-1.2626628279150707,0.012785320854897593,-1.2986439743038125,0.1786664928611617,-1.1327628022975484,0.15300472,-1.1584245743516346,0.14887835718934495,-1.1625509379693653,0.19366149550567036,-1.1177677996530397,0.16561998475397058,-1.1458093104047395
E01026147,E01026147,Lincoln 003C,Lincoln,E01026147,1,2022,1.46701408608895,1.31142929515871,-0.08815242699152992,64.1503911856004,61.65905997344445,0.0,0.0,0.0,1.31142929515871,-0.1555847909302399,1.2232768681671802,-0.24373721792176983,0.015897146783080185,-1.4511169393058698,-0.03996219323334366,-1.5069762793222936,0.04876646724363938,-1.4182476188453106,0.012785320854897593,-1.4542287652340524,0.1786664928611617,-1.2883475932277884,0.15300472,-1.3140093652818745,0.14887835718934495,-1.318135728899605,0.19366149550567036,-1.2733525905832797,0.16561998475397058,-1.3013941013349795
E01026148,E01026148,Lincoln 003D,Lincoln,E01026148,1,2020,0.967147129192057,1.46103428511513,1.1829649907265039,63.16998174731056,59.82617686044291,0.0,0.0,0.0,1.46103428511513,0.49388715592307286,2.643999275841634,1.676852146649577,0.5282160004396722,-0.4389311287523848,0.5129352804071768,-0.4542118487848802,0.2758679820250806,-0.6912791471669764,0.2891496058718104,-0.6779975233202467,0.2813427990671066,-0.6858043301249505,0.3116745,-0.6554726237198738,0.3772183432142381,-0.589928785977819,0.30424859187401154,-0.6628985373180455,0.23364390523476528,-0.7335032239572917
E01026148,E01026148,Lincoln 003D,Lincoln,E01026148,1,2021,1.41275727080351,0.967147129192057,-0.49388715592307286,63.16998174731056,59.82617686044291,0.0,0.0,0.0,0.967147129192057,-0.44561014161145307,0.47325997326898417,-0.9394972975345259,0.5274494221334696,-0.8853078486700405,0.512432471047147,-0.9003247997563631,0.27970428132666425,-1.133052989476846,0.2891496058718104,-1.1236076649316997,0.28778232068849957,-1.1249749501150106,0.30306652,-1.1096907489204992,0.3772183432142381,-1.035538927589272,0.30268961031936725,-1.1100676604841428,0.24472280248158565,-1.1680344683219244
E01026148,E01026148,Lincoln 003D,Lincoln,E01026148,1,2022,1.44119585896086,1.41275727080351,0.44561014161145307,63.16998174731056,59.82617686044291,0.0,0.0,0.0,1.41275727080351,-0.028438588157349898,1.8583674124149632,0.41717155345410317,0.5274494221334696,-0.9137464368273904,0.512432471047147,-0.928763387913713,0.27970428132666425,-1.1614915776341959,0.2891496058718104,-1.1520462530890496,0.28778232068849957,-1.1534135382723605,0.30306652,-1.1381293370778491,0.3772183432142381,-1.0639775157466218,0.30268961031936725,-1.1385062486414927,0.24472280248158565,-1.1964730564792743
E01026151,E01026151,Lincoln 003E,Lincoln,E01026151,1,2020,0.787445261019595,1.12905690854071,0.880739528318498,63.57876568084919,62.70618080722304,0.0,0.0,0.0,1.12905690854071,0.34161164752111506,2.009796436859208,1.222351175839613,0.24090660682205345,-0.5465386541975416,0.2210041754303217,-0.5664410855892733,0.29160462428304545,-0.49584063673654954,0.22231083320298003,-0.5651344278166149,0.29654518560807486,-0.49090007541152014,0.28068498,-0.5067602832497433,0.24721967513816492,-0.5402255858814301,0.3003221983375733,-0.4871230626820217,0.22101177048653478,-0.5664334905330602
E01026151,E01026151,Lincoln 003E,Lincoln,E01026151,1,2021,0.919276313249353,0.787445261019595,-0.34161164752111506,63.57876568084919,62.70618080722304,0.0,0.0,0.0,0.787445261019595,-0.131831052229758,0.44583361349847994,-0.47344269975087305,0.2439303323631859,-0.675345980886167,0.22298747901710597,-0.6962888342322471,0.2889846058383379,-0.630291707411015,0.23139880802221272,-0.6878775052271403,0.29654518560807486,-0.6227311276412781,0.27929226,-0.6399840576093231,0.24721967513816492,-0.6720566381111881,0.30365181213918074,-0.6156245011101722,0.21942605181499483,-0.6998502614343581
E01026151,E01026151,Lincoln 003E,Lincoln,E01026151,1,2022,1.38381669416278,0.919276313249353,0.131831052229758,63.57876568084919,62.70618080722304,0.0,0.0,0.0,0.919276313249353,-0.4645403809134271,1.051107365479111,-0.3327093286836691,0.24218423733239108,-1.141632456830389,0.2218421910303714,-1.1619745031324087,0.2889846058383379,-1.0948320883244422,0.23139880802221272,-1.1524178861405674,0.29654518560807486,-1.0872715085547053,0.28068498,-1.1031317163929284,0.24721967513816492,-1.136597019024615,0.3037392888215451,-1.080077405341235,0.22086729829836524,-1.1629493958644148
E01026164,E01026164,Lincoln 003F,Lincoln,E01026164,1,2020,0.999560624783913,1.34850406387159,0.645661198366619,64.14503701037499,68.17978806573612,0.0,0.0,0.0,1.34850406387159,0.3489434390876769,1.994165262238209,0.9946046374542958,0.039828439552222865,-0.9597321852316902,-0.03072752680057106,-1.0302881515844842,0.3754902408887958,-0.6240703838951173,0.3051693520737931,-0.69439127271012,0.44141612575007627,-0.5581444990338368,0.43261743,-0.566943198865334,0.35336755499494815,-0.6461930697889648,0.47967537450796366,-0.5198852502759495,0.46838152675905687,-0.5311790980248562
E01026164,E01026164,Lincoln 003F,Lincoln,E01026164,1,2021,0.913797522723862,0.999560624783913,-0.3489434390876769,64.14503701037499,68.17978806573612,0.0,0.0,0.0,0.999560624783913,0.085763102060051,0.6506171856962362,-0.2631803370276259,0.04050984249106961,-0.8732876802327925,-0.030280585147211214,-0.9440781078710733,0.3754902408887958,-0.5383072818350663,0.30389613773542923,-0.6099013849884328,0.44141612575007627,-0.4723813969737858,0.43261743,-0.48118009680528295,0.35336755499494815,-0.560429967728914,0.47390548732466337,-0.4398920353991987,0.4683044749253664,-0.44549304779849563
E01026164,E01026164,Lincoln 003F,Lincoln,E01026164,1,2022,1.0147524283106,0.913797522723862,-0.085763102060051,64.14503701037499,68.17978806573612,0.0,0.0,0.0,0.913797522723862,-0.10095490558673792,0.828034420663811,-0.18671800764678892,0.04191523605244101,-0.972837192258159,-0.02935876798715656,-1.0441111962977565,0.3728107631650187,-0.6419416651455813,0.2973991147188859,-0.7173533135917141,0.44141612575007627,-0.5733363025605237,0.43709242,-0.5776600048715741,0.34446243744547217,-0.6702899908651279,0.4859025487935272,-0.5288498795170729,0.46814555551838,-0.54660687279222
E01026167,E01026167,Lincoln 003G,Lincoln,E01026167,1,2020,1.04526692867201,1.08003454864272,-0.012671881634199966,61.62922101726365,64.31395101179096,0.0,0.0,0.0,1.08003454864272,0.034767619970710095,1.0673626670085201,0.02209573833651013,0.13398219604606998,-0.91128473262594,0.14219490953809738,-0.9030720191339126,0.8249254978665825,-0.22034143080542745,0.7393075962404787,-0.3059593324315313,0.8451249433375106,-0.20014198533449934,0.88336164,-0.1619052910796943,0.6764171203344648,-0.3688498083375452,0.8260630534595871,-0.2192038752124229,0.8551180488215027,-0.19014887985050732
E01026167,E01026167,Lincoln 003G,Lincoln,E01026167,1,2021,0.580066035072069,1.04526692867201,-0.034767619970710095,61.62922101726365,64.31395101179096,0.0,0.0,0.0,1.04526692867201,0.465200893599941,1.0104993087013,0.4304332736292309,0.12836062180058433,-0.45170541327148467,0.1385076408978787,-0.4415583941741903,0.7845115421343498,0.20444550706228082,0.7075959218191344,0.12752988674706545,0.8421941233291432,0.26212808825707423,0.83344525,0.2533792159159376,0.6764171203344648,0.09635108526239577,0.8193781196868455,0.2393120846147765,0.8244275021422847,0.24436146707021567
E01026167,E01026167,Lincoln 003G,Lincoln,E01026167,1,2022,0.976262328825726,0.580066035072069,-0.465200893599941,61.62922101726365,64.31395101179096,0.0,0.0,0.0,0.580066035072069,-0.39619629375365695,0.11486514147212801,-0.8613971873535979,0.13726144768926996,-0.839000881136456,0.14434581624489157,-0.8319165125808343,0.8273705125921162,-0.1488918162336097,0.7393075962404787,-0.23695473258524724,0.8227247201262147,-0.15353760869951127,0.8475116,-0.12875073929859582,0.6764171203344648,-0.2998452084912612,0.7998212875917812,-0.17644104123394477,0.8322193136791836,-0.14404301514654239
E01026122,E01026122,Lincoln 004A,Lincoln,E01026122,1,2020,1.01200500657077,1.19532047360315,0.531131574081681,39.7154712388957,49.57145911484224,0.0,0.0,0.0,1.19532047360315,0.18331546703238,1.7264520476848308,0.7144470411140609,0.5174932773619518,-0.49451172920881814,0.4896630043851675,-0.5223420021856024,0.977299378015439,-0.03470562855533099,0.9579638512850183,-0.05404115528575171,1.04981799401254,0.037812987441770085,0.9676297,-0.044375335473968214,0.9302072530977443,-0.08179775347302565,1.0301087724630482,0.018103765892278245,0.9832651198835074,-0.028739886687262572
E01026122,E01026122,Lincoln 004A,Lincoln,E01026122,1,2021,0.71597840970513,1.01200500657077,-0.18331546703238,39.7154712388957,49.57145911484224,0.0,0.0,0.0,1.01200500657077,0.2960265968656399,0.82868953953839,0.11271112983325993,0.5199633630152714,-0.1960150466898587,0.49128316787859694,-0.2246952418265331,0.9761857253249493,0.26020731561981925,0.9579638512850183,0.24198544157988822,1.04981799401254,0.33383958430741,0.9724492,0.25647077375892025,0.9302072530977443,0.21422884339261428,0.993974641155875,0.2779962314507449,0.9898442972867003,0.27386588758157027
E01026122,E01026122,Lincoln 004A,Lincoln,E01026122,1,2022,0.986433686093618,0.71597840970513,-0.2960265968656399,39.7154712388957,49.57145911484224,0.0,0.0,0.0,0.71597840970513,-0.270455276388488,0.4199518128394901,-0.5664818732541279,0.5219223964644557,-0.4645112896291623,0.49256812513200643,-0.4938655609616116,0.9761857253249493,-0.01024796076866874,0.9579638512850183,-0.02846983480859977,1.04981799401254,0.06338430791892202,0.9724492,-0.013984502629567741,0.9302072530977443,-0.05622643299587371,1.0001794434964402,0.013745757402822134,0.9896227732648404,0.003189087171222349
E01026123,E01026123,Lincoln 004B,Lincoln,E01026123,1,2020,1.20870268960286,1.01373892899617,0.08745115211063004,47.2425075684916,56.19124604299965,0.0,0.0,0.0,1.01373892899617,-0.19496376060669007,1.1011900811068,-0.10751260849606004,0.620453603441693,-0.5882490861611671,0.46190942790274436,-0.7467932617001157,0.5925800720115906,-0.6161226175912695,0.5252734853474386,-0.6834292042554215,0.6381277692607193,-0.5705749203421407,0.6655446,-0.5431580605058752,0.6478258772479336,-0.5608768123549265,0.6379765953453832,-0.5707260942574769,0.5203043620539236,-0.6883983275489365
E01026123,E01026123,Lincoln 004B,Lincoln,E01026123,1,2021,1.16478146091163,1.20870268960286,0.19496376060669007,47.2425075684916,56.19124604299965,0.0,0.0,0.0,1.20870268960286,0.04392122869123005,1.4036664502095502,0.23888498929792013,0.6222848738398437,-0.5424965870717864,0.463110583596149,-0.7016708773154811,0.5925800720115906,-0.5722013889000395,0.5252734853474386,-0.6395079755641915,0.6381277692607193,-0.5266536916509107,0.6655446,-0.4992368318146452,0.6478258772479336,-0.5169555836636964,0.6289310028086448,-0.5358504581029853,0.5200972852508807,-0.6446841756607493
E01026123,E01026123,Lincoln 004B,Lincoln,E01026123,1,2022,1.22316578946047,1.16478146091163,-0.04392122869123005,47.2425075684916,56.19124604299965,0.0,0.0,0.0,1.16478146091163,-0.0583843285488399,1.1208602322204,-0.10230555724006996,0.6201129019722696,-0.6030528874882003,0.4616859570760644,-0.7614798323844055,0.5925800720115906,-0.6305857174488794,0.5252734853474386,-0.6978923041130314,0.6381277692607193,-0.5850380201997506,0.67207235,-0.5510934384816186,0.6478258772479336,-0.5753399122125363,0.6446941704011666,-0.5784716190593033,0.5215535363071035,-0.7016122531533664
E01026124,E01026124,Lincoln 004C,Lincoln,E01026124,1,2020,1.04050988936209,0.983491046067045,0.08214709629112493,28.71711033470949,43.7057504491828,0.0,0.0,0.0,0.983491046067045,-0.05701884329504514,1.06563814235817,0.025128252996079903,0.502134857077275,-0.5383750322848151,0.4528784843293743,-0.5876314050327158,0.8839571002122614,-0.15655278914982873,0.848736384735029,-0.1917735046270611,1.0820496914309083,0.04153980206881824,0.9405237,-0.09998620533727931,0.9462468953114296,-0.09426299405066052,1.0576859664739775,0.0171760771118874,0.9349989247224348,-0.10551096463965526
E01026124,E01026124,Lincoln 004C,Lincoln,E01026124,1,2021,1.04038818139165,1.04050988936209,0.05701884329504514,28.71711033470949,43.7057504491828,0.0,0.0,0.0,1.04050988936209,0.00012170797044008808,1.0975287326571352,0.05714055126548523,0.49174346225986215,-0.5486447191317878,0.4460626241156368,-0.5943255572760132,0.9128292533210492,-0.12755892807060076,0.8776902580923682,-0.1626979232992818,1.0565969405439914,0.016208759152341434,0.97373146,-0.06665672320454674,0.9787146779060931,-0.06167350348555689,0.9788682755573784,-0.06151990583427158,0.9795580575205022,-0.060830123871147834
E01026124,E01026124,Lincoln 004C,Lincoln,E01026124,1,2022,0.729764072334594,1.04038818139165,-0.00012170797044008808,28.71711033470949,43.7057504491828,0.0,0.0,0.0,1.04038818139165,0.31062410905705606,1.04026647342121,0.310502401086616,0.49489495085202834,-0.2348691214825656,0.4481297292624261,-0.28163434307216784,0.9198914397530634,0.19012736741846947,0.8776902580923682,0.14792618575777428,1.0565969405439914,0.3268328682093975,0.9674636,0.23769954022186357,0.9738880969684871,0.24412402463389316,0.9495448439697607,0.21978077163516674,0.9822703938742599,0.2525063215396659
E01026126,E01026126,Lincoln 004D,Lincoln,E01026126,1,2020,2.50485139742615,1.61047842002945,-0.4466320543241702,32.04496888347752,44.92934745169165,0.0,0.0,0.0,1.61047842002945,-0.8943729773967002,1.1638463657052798,-1.3410050317208704,1.2609105452889677,-1.2439408521371824,1.393926154134027,-1.110925243292123,2.058687443180742,-0.44616395424540833,2.000553434895795,-0.5042979625303552,2.047253494854324,-0.457597902571826,2.1140501,-0.3908012475085476,1.8943257150563242,-0.610525682369826,2.0430614005320007,-0.46178999689414946,1.980106797990181,-0.5247445994359692
E01026126,E01026126,Lincoln 004D,Lincoln,E01026126,1,2021,2.68537679464285,2.50485139742615,0.8943729773967002,32.04496888347752,44.92934745169165,0.0,0.0,0.0,2.50485139742615,-0.1805253972166998,3.3992243748228503,0.7138475801800004,1.2584404596356482,-1.4269363350072017,1.3923059906405977,-1.2930708040022523,2.0590166328417543,-0.6263601618010957,2.000553434895795,-0.684823359747055,2.047253494854324,-0.6381232997885258,2.1140501,-0.5713266447252474,1.8943257150563242,-0.7910510795865258,2.0430614005320007,-0.6423153941108493,1.9803861108873086,-0.7049906837555413
E01026126,E01026126,Lincoln 004D,Lincoln,E01026126,1,2022,2.91257128480541,2.68537679464285,0.1805253972166998,32.04496888347752,44.92934745169165,0.0,0.0,0.0,2.68537679464285,-0.22719449016256021,2.8659021918595498,-0.04666909294586041,1.2592496256255286,-1.6533216591798816,1.3928367338539624,-1.5197345509514477,2.060389299954196,-0.8521819848512142,2.000553434895795,-0.9120178499096152,2.047253494854324,-0.865317789951086,2.1140501,-0.7985211348878076,1.8943257150563242,-1.018245569749086,2.0430614005320007,-0.8695098842734095,1.9802946118348013,-0.9322766729706089
E01026152,E01026152,Lincoln 004E,Lincoln,E01026152,1,2020,2.24034481716782,1.86626472416581,0.7007681246279198,60.24470053774846,65.79392690277301,0.0,0.0,0.0,1.86626472416581,-0.37408009300201006,2.5670328487937297,0.32668803162590976,1.0271196228623902,-1.2132251943054297,1.1381372199493096,-1.1022075972185104,1.0833815999992895,-1.1569632171685305,1.0944212231918735,-1.1459235939759465,1.085050584849121,-1.155294232318699,1.133652,-1.1066928453508034,0.9789140617940961,-1.2614307553737238,1.1803633877122468,-1.0599814294555732,1.0711805083534662,-1.1691643088143537
E01026152,E01026152,Lincoln 004E,Lincoln,E01026152,1,2021,1.63022601634498,2.24034481716782,0.37408009300201006,60.24470053774846,65.79392690277301,0.0,0.0,0.0,2.24034481716782,0.61011880082284,2.61442491016983,0.9841988938248498,1.0271196228623902,-0.6031063934825898,1.1381372199493096,-0.4920887963956704,1.0833815999992895,-0.5468444163456905,1.0944212231918735,-0.5358047931531065,1.085050584849121,-0.545175431495859,1.133652,-0.4965740445279634,0.9789140617940961,-0.6513119545508839,1.1803633877122468,-0.4498626286327332,1.0711805083534662,-0.5590455079915138
E01026152,E01026152,Lincoln 004E,Lincoln,E01026152,1,2022,2.08607256811353,1.63022601634498,-0.61011880082284,60.24470053774846,65.79392690277301,0.0,0.0,0.0,1.63022601634498,-0.45584655176855016,1.02010721552214,-1.0659653525913901,1.0299729976688108,-1.0560995704447194,1.1400087881227539,-0.9460637799907763,1.0412823139630634,-1.0447902541504668,1.0463720621322314,-1.0397005059812987,1.0735422742569947,-1.0125302938565355,1.1079733,-0.9780992309400682,0.9789140617940961,-1.107158506319434,1.0554481168206575,-1.0306244512928726,1.0691342369089758,-1.0169383312045543
E01026154,E01026154,Lincoln 004F,Lincoln,E01026154,1,2020,0.930452252644662,1.0014915516352,0.40362943848783206,59.397708783891936,65.10987934065663,0.0,0.0,0.0,1.0014915516352,0.07103929899053807,1.4051209901230322,0.47466873747837013,0.8320420303313566,-0.09841022231330543,0.6409908823419768,-0.28946137030268526,0.5462215803206534,-0.38423067232400865,0.5152328821396208,-0.4152193705050412,0.6308033962282159,-0.2996488564164461,0.5922429,-0.3382093560878078,0.6478669311555186,-0.2825853214891434,0.5912946521507375,-0.3391576004939245,0.4922269169041237,-0.43822533574053835
E01026154,E01026154,Lincoln 004F,Lincoln,E01026154,1,2021,1.90660597664431,0.930452252644662,-0.07103929899053807,59.397708783891936,65.10987934065663,0.0,0.0,0.0,0.930452252644662,-0.976153723999648,0.859412953654124,-1.047193022990186,0.8320420303313566,-1.0745639463129533,0.6409908823419768,-1.2656150943023332,0.5462215803206534,-1.3603843963236566,0.5152328821396208,-1.3913730945046892,0.6308033962282159,-1.275802580416094,0.5922429,-1.3143630800874557,0.6478669311555186,-1.2587390454887912,0.5912946521507375,-1.3153113244935724,0.4922269169041237,-1.4143790597401864
E01026154,E01026154,Lincoln 004F,Lincoln,E01026154,1,2022,1.54290868229725,1.90660597664431,0.976153723999648,59.397708783891936,65.10987934065663,0.0,0.0,0.0,1.90660597664431,0.36369729434706,2.882759700643958,1.339851018346708,0.8320420303313566,-0.7108666519658934,0.6409908823419768,-0.9019177999552732,0.5462215803206534,-0.9966871019765966,0.5152328821396208,-1.0276758001576292,0.6308033962282159,-0.9121052860690341,0.5922429,-0.9506657857403957,0.6478669311555186,-0.8950417511417313,0.5912946521507375,-0.9516140301465125,0.4922269169041237,-1.0506817653931262
E01026156,E01026156,Lincoln 004G,Lincoln,E01026156,1,2020,1.303082652421,1.3823819644173,0.33570484713712,61.18147710793052,66.29242792202514,0.0,0.0,0.0,1.3823819644173,0.07929931199630014,1.7180868115544201,0.41500415913342015,0.3595015424714585,-0.9435811099495415,0.3960784485147718,-0.9070042039062282,0.6584034174924398,-0.6446792349285602,0.5573209005726869,-0.7457617518483131,0.7050676852162208,-0.5980149672047792,0.7221326,-0.5809500292253518,0.6490372227881321,-0.6540454296328678,0.714919699272652,-0.588162953148348,0.6973389315542493,-0.6057437208667507
E01026156,E01026156,Lincoln 004G,Lincoln,E01026156,1,2021,1.43618830803649,1.303082652421,-0.07929931199630014,61.18147710793052,66.29242792202514,0.0,0.0,0.0,1.303082652421,-0.13310565561548993,1.2237833404246998,-0.21240496761179006,0.36035329614501693,-1.075835011891473,0.3966371255814716,-1.0395511824550183,0.6584034174924398,-0.7777848905440501,0.5507428838839088,-0.8854454241525811,0.7050676852162208,-0.7311206228202691,0.7165496,-0.719638732707663,0.6490372227881321,-0.7871510852483578,0.6990120765506638,-0.7371762314858261,0.6972426167621362,-0.7389456912743537
E01026156,E01026156,Lincoln 004G,Lincoln,E01026156,1,2022,1.30123470007712,1.43618830803649,0.13310565561548993,61.18147710793052,66.29242792202514,0.0,0.0,0.0,1.43618830803649,0.13495360795936984,1.5692939636519798,0.26805926357485976,0.36205680349213376,-0.9391778965849863,0.3977544797148712,-0.9034802203622488,0.6409470757211968,-0.6602876243559233,0.545788104895172,-0.755446595181948,0.7168567720142942,-0.5843779280628258,0.7204561,-0.5807785767250693,0.646062164309882,-0.6551725357672381,0.7601571049055351,-0.5410775951715849,0.6988823952564462,-0.6023523048206738
E01026132,E01026132,Lincoln 005A,Lincoln,E01026132,1,2020,-0.121719434526493,-0.270691236460034,0.216207012740382,49.03555997946557,49.13887946994601,0.0,0.0,0.0,-0.270691236460034,-0.148971801933541,-0.054484223719652,0.067235210806841,0.28921859688278867,0.41093803140928165,0.38264974572104793,0.504369180247541,-0.3145884008817088,-0.1928689663552158,-0.4369340384042391,-0.31521460387774614,-0.3724387509841728,-0.25071931645767975,-0.3900969,-0.268377468320797,-0.20572486009027924,-0.08400542556378623,-0.35977803628657573,-0.23805860176008273,-0.5298252481718415,-0.4081058136453485
E01026132,E01026132,Lincoln 005A,Lincoln,E01026132,1,2021,0.166746630885479,-0.121719434526493,0.148971801933541,49.03555997946557,49.13887946994601,0.0,0.0,0.0,-0.121719434526493,-0.288466065411972,0.027252367407048006,-0.139494263478431,0.28551346840280944,0.11876683751733044,0.3802195004809037,0.2134728695954247,-0.3145884008817088,-0.48133503176718784,-0.4369340384042391,-0.6036806692897181,-0.3724387509841728,-0.5391853818696518,-0.3900969,-0.5568435337327691,-0.20572486009027924,-0.37247149097575827,-0.3827185696455709,-0.5494652005310499,-0.5294062788261499,-0.6961529097116289
E01026132,E01026132,Lincoln 005A,Lincoln,E01026132,1,2022,0.193725883594766,0.166746630885479,0.288466065411972,49.03555997946557,49.13887946994601,0.0,0.0,0.0,0.166746630885479,-0.026979252709287,0.455212696297451,0.261486812702685,0.29679920457745873,0.10307332098269273,0.38762197161467604,0.19389608801991004,-0.3145884008817088,-0.5083142844764748,-0.4369340384042391,-0.6306599219990051,-0.3724387509841728,-0.5661646345789388,-0.39602122,-0.5897471007025388,-0.20572486009027924,-0.39945074368504524,-0.3570684531480553,-0.5507943367428213,-0.5306824498216474,-0.7244083334164133
E01026143,E01034687,Lincoln 005E,Lincoln,E01026143,1,2020,0.0844214973753452,0.131596269521759,0.0029097198725360207,58.94386255577071,56.39602906318882,0.0,0.0,0.0,0.131596269521759,0.047174772146413815,0.13450598939429503,0.050084492018949836,-0.06575939973410162,-0.15018089710944682,0.03491198790587446,-0.04950950946947074,0.07985601912305627,-0.004565478252288924,0.0882311724080027,0.0038096750326575,0.13653984564520882,0.052118348269863626,0.15737231,0.07295081338229183,0.1792409600252406,0.0948194626498954,0.12525309868821913,0.04083160131287393,0.18495744680666124,0.10053594943131604
E01026143,E01034687,Lincoln 005E,Lincoln,E01026143,1,2021,0.359067795148435,0.0844214973753452,-0.047174772146413815,58.94386255577071,56.39602906318882,0.0,0.0,0.0,0.0844214973753452,-0.2746462977730898,0.03724672522893138,-0.32182106991950366,-0.07704513590875108,-0.43611293105718607,0.02750951677210222,-0.3315582783763328,0.12141530339711934,-0.23765249175131567,0.0983105754963089,-0.2607572196521261,0.16128242623188782,-0.1977853689165472,0.19015527,-0.1689125274329809,0.19654572881617338,-0.16252206633226163,0.1538182428510767,-0.2052495522973583,0.24574078440084393,-0.11332701074759108
E01026143,E01034687,Lincoln 005E,Lincoln,E01026143,1,2022,0.292112847078489,0.359067795148435,0.2746462977730898,58.94386255577071,56.39602906318882,0.0,0.0,0.0,0.359067795148435,0.06695494806994601,0.6337140929215248,0.3416012458430358,-0.059499010233447294,-0.3516118573119363,0.039018264346117985,-0.253094582732371,0.07680263465156874,-0.21531021242692028,0.08387375845446776,-0.20823908862402124,0.13653984564520882,-0.15557300143328018,0.16599013,-0.12612271796529168,0.16007152522638973,-0.13204132185209927,0.20397628841875778,-0.08813655865973122,0.1851197097954926,-0.10699313728299639
E01026143,E01034688,Lincoln 005F,Lincoln,E01026143,1,2020,0.0844214973753452,0.131596269521759,0.0029097198725360207,58.94386255577071,56.39602906318882,0.0,0.0,0.0,0.131596269521759,0.047174772146413815,0.13450598939429503,0.050084492018949836,-0.06575939973410162,-0.15018089710944682,0.03491198790587446,-0.04950950946947074,0.07985601912305627,-0.004565478252288924,0.0882311724080027,0.0038096750326575,0.13653984564520882,0.052118348269863626,0.15737231,0.07295081338229183,0.1792409600252406,0.0948194626498954,0.12525309868821913,0.04083160131287393,0.18495744680666124,0.10053594943131604
E01026143,E01034688,Lincoln 005F,Lincoln,E01026143,1,2021,0.359067795148435,0.0844214973753452,-0.047174772146413815,58.94386255577071,56.39602906318882,0.0,0.0,0.0,0.0844214973753452,-0.2746462977730898,0.03724672522893138,-0.32182106991950366,-0.07704513590875108,-0.43611293105718607,0.02750951677210222,-0.3315582783763328,0.12141530339711934,-0.23765249175131567,0.0983105754963089,-0.2607572196521261,0.16128242623188782,-0.1977853689165472,0.19015527,-0.1689125274329809,0.19654572881617338,-0.16252206633226163,0.1538182428510767,-0.2052495522973583,0.24574078440084393,-0.11332701074759108
E01026143,E01034688,Lincoln 005F,Lincoln,E01026143,1,2022,0.292112847078489,0.359067795148435,0.2746462977730898,58.94386255577071,56.39602906318882,0.0,0.0,0.0,0.359067795148435,0.06695494806994601,0.6337140929215248,0.3416012458430358,-0.059499010233447294,-0.3516118573119363,0.039018264346117985,-0.253094582732371,0.07680263465156874,-0.21531021242692028,0.08387375845446776,-0.20823908862402124,0.13653984564520882,-0.15557300143328018,0.16599013,-0.12612271796529168,0.16007152522638973,-0.13204132185209927,0.20397628841875778,-0.08813655865973122,0.1851197097954926,-0.10699313728299639
E01026145,E01026145,Lincoln 005C,Lincoln,E01026145,1,2020,0.320298578482392,0.18977366782543,0.2753809952321631,61.47553857065585,58.128667240077576,0.0,0.0,0.0,0.18977366782543,-0.130524910656962,0.4651546630575931,0.1448560845752011,-0.07876476230318148,-0.3990633407855735,0.026345867221576356,-0.2939527112608157,-0.14279552343750848,-0.4630941019199005,-0.13058591374497336,-0.4508844922273654,-0.0810989312122431,-0.4013975096946351,-0.1082681,-0.42856667552542943,-0.004290908904935567,-0.32458948738732757,-0.0412749979577641,-0.3615735764401561,-0.10526255640272636,-0.4255611348851184
E01026145,E01026145,Lincoln 005C,Lincoln,E01026145,1,2021,0.592562664838801,0.320298578482392,0.130524910656962,61.47553857065585,58.128667240077576,0.0,0.0,0.0,0.320298578482392,-0.27226408635640903,0.450823489139354,-0.14173917569944705,-0.07505963382320231,-0.6676222986620034,0.02877611246172048,-0.5637865523770805,-0.13260503836077778,-0.7251677031995788,-0.12598652139686511,-0.7185491862356661,-0.07493317473894648,-0.6674958395777475,-0.088115476,-0.6806781409106356,0.014596814401238278,-0.5779658504375628,-0.04668373317644464,-0.6392463980152456,-0.10511776489949813,-0.6976804297382991
E01026145,E01026145,Lincoln 005C,Lincoln,E01026145,1,2022,0.681360302122468,0.592562664838801,0.27226408635640903,61.47553857065585,58.128667240077576,0.0,0.0,0.0,0.592562664838801,-0.08879763728366696,0.8648267511952101,0.18346644907274212,-0.07505963382320231,-0.7564199359456704,0.02877611246172048,-0.6525841896607475,-0.13260503836077778,-0.8139653404832458,-0.12598652139686511,-0.8073468235193331,-0.07493317473894648,-0.7562934768614145,-0.088115476,-0.7694757781943026,0.014596814401238278,-0.6667634877212297,-0.04668373317644464,-0.7280440352989126,-0.10511776489949813,-0.7864780670219661
E01026146,E01026146,Lincoln 005D,Lincoln,E01026146,1,2020,0.209891688738686,0.69677000152141,0.19194205990749802,54.79368443453655,53.130804470454805,0.0,0.0,0.0,0.69677000152141,0.486878312782724,0.888712061428908,0.678820372690222,0.4264705306145343,0.21657884187584833,0.4874864295307779,0.2775947407920919,0.4186245743794035,0.20873288564071749,0.40523514310043746,0.19534345436175146,0.41091218259925294,0.20102049386056695,0.4026714,0.19277970799364433,0.4444578202577447,0.23456613151905872,0.46687549642440307,0.25698380768571705,0.3173382346659457,0.10744654592725969
E01026146,E01026146,Lincoln 005D,Lincoln,E01026146,1,2021,0.672273382053732,0.209891688738686,-0.486878312782724,54.79368443453655,53.130804470454805,0.0,0.0,0.0,0.209891688738686,-0.46238169331504597,-0.27698662404403795,-0.94926000609777,0.42506513705316296,-0.24720824500056904,0.48656461237072335,-0.18570876968300865,0.4186245743794035,-0.2536488076743285,0.40375224563536277,-0.2685211364183692,0.41091218259925294,-0.26136119945447905,0.40082774,-0.27144564639127167,0.4444578202577447,-0.22781556179598728,0.46687549642440307,-0.20539788562932892,0.3174971540729321,-0.3547762279807999
E01026146,E01026146,Lincoln 005D,Lincoln,E01026146,1,2022,0.463691549589084,0.672273382053732,0.46238169331504597,54.79368443453655,53.130804470454805,0.0,0.0,0.0,0.672273382053732,0.208581832464648,1.1346550753687779,0.6709635257796939,0.42459667253270583,-0.03909487705637815,0.4862573399840384,0.022565790394954433,0.4186245743794035,-0.045066975209680504,0.40375224563536277,-0.05993930395372121,0.41091218259925294,-0.052779366989831045,0.40082774,-0.06286381392662366,0.4444578202577447,-0.019233729331339267,0.46463828342224855,0.0009467338331645703,0.3175501272085943,-0.14614142238048966
E01026134,E01026134,Lincoln 006A,Lincoln,E01026134,1,2020,1.36359895526056,1.54445814923076,0.41417673130371013,52.40845861518006,54.99146290342378,0.0,0.0,0.0,1.54445814923076,0.1808591939702,1.9586348805344702,0.5950359252739101,0.9702342039756104,-0.39336475128494963,0.8712286837613379,-0.4923702714992222,0.6887285061418792,-0.6748704491186809,0.6219319471757765,-0.7416670080847836,0.6533196007454448,-0.7102793545151153,0.65755635,-0.7060426002610178,0.8360863554395206,-0.5275125998210395,0.6897951802352545,-0.6738037750253055,0.48916368153502254,-0.8744352737255375
E01026134,E01026134,Lincoln 006A,Lincoln,E01026134,1,2021,1.51718021136609,1.36359895526056,-0.1808591939702,52.40845861518006,54.99146290342378,0.0,0.0,0.0,1.36359895526056,-0.15358125610552986,1.18273976129036,-0.33444045007572987,0.9702342039756104,-0.5469460073904795,0.8712286837613379,-0.645951527604752,0.6887285061418792,-0.8284517052242107,0.6219319471757765,-0.8952482641903134,0.6533196007454448,-0.8638606106206451,0.65755635,-0.8596238563665477,0.8360863554395206,-0.6810938559265693,0.6897951802352545,-0.8273850311308354,0.48916368153502254,-1.0280165298310675
E01026134,E01026134,Lincoln 006A,Lincoln,E01026134,1,2022,1.4879925471492,1.51718021136609,0.15358125610552986,52.40845861518006,54.99146290342378,0.0,0.0,0.0,1.51718021136609,0.029187664216890008,1.6707614674716198,0.18276892032241987,0.969339862618374,-0.5186526845308259,0.8706420728413031,-0.6173504743078968,0.6887285061418792,-0.7992640410073207,0.6219319471757765,-0.8660605999734234,0.6533196007454448,-0.8346729464037551,0.65755635,-0.8304361921496577,0.8360863554395206,-0.6519061917096793,0.6897951802352545,-0.7981973669139454,0.4892648120667412,-0.9987277350824587
E01026176,E01026176,Lincoln 006B,Lincoln,E01026176,1,2020,1.08958615425451,1.07054047774277,0.183042441707987,46.29140866577948,48.12684688045204,0.0,0.0,0.0,1.07054047774277,-0.01904567651173994,1.253582919450757,0.16399676519624706,0.996854162069998,-0.092731992184512,1.0703127810697484,-0.019273373184761633,1.143086333734141,0.05350017947963104,1.0738900516018417,-0.015696102652668298,1.1157598579912518,0.02617370373674177,1.1044222,0.014836057392523694,1.103627916158882,0.014041761904372008,1.0440454695829544,-0.04554068467155559,1.0500815701037056,-0.03950458415080438
E01026176,E01026176,Lincoln 006B,Lincoln,E01026176,1,2021,0.728882465924047,1.08958615425451,0.01904567651173994,46.29140866577948,48.12684688045204,0.0,0.0,0.0,1.08958615425451,0.36070368833046296,1.10863183076625,0.3797493648422029,0.9899975449978526,0.2611150790738056,1.065815430682815,0.3369329647587679,1.1483374066620613,0.41945494073801426,1.0434274859235264,0.31454501999947937,1.1383958073705696,0.4095133414465225,1.0820365,0.3531540292846932,1.103627916158882,0.37474545023483496,1.0777995058525784,0.3489170399285314,1.0439983758606022,0.31511590993655514
E01026176,E01026176,Lincoln 006B,Lincoln,E01026176,1,2022,0.958043889562959,0.728882465924047,-0.36070368833046296,46.29140866577948,48.12684688045204,0.0,0.0,0.0,0.728882465924047,-0.229161423638912,0.3681787775935841,-0.589865111969375,1.0022627978970942,0.04421890833413511,1.073860380443292,0.11581649088033297,1.2429190034485638,0.2848751138856047,1.1031949283487155,0.14515103878575641,1.130435711593116,0.17239182203015702,1.1000158,0.14197186990511956,1.103627916158882,0.14558402659592296,1.05207543544219,0.0940315458792309,1.0494699711737878,0.09142608161082877
E01026177,E01026177,Lincoln 006C,Lincoln,E01026177,1,2020,0.731407104822192,1.3290643756933,0.748913648223813,46.484253114762076,47.916816586563755,0.0,0.0,0.0,1.3290643756933,0.5976572708711081,2.077978023917113,1.346570919094921,0.22074012735940612,-0.5106669774627859,0.21637436710783636,-0.5150327377143555,0.6766276091439167,-0.054779495678275225,0.6389709390382877,-0.09243616578390423,0.6665344170564338,-0.06487268776575816,0.72570145,-0.005705653520617249,0.5061971604229812,-0.22520994439921072,0.7693268922516526,0.03791978742946067,0.7140503161361451,-0.017356788686046842
E01026177,E01026177,Lincoln 006C,Lincoln,E01026177,1,2021,0.692588777483897,0.731407104822192,-0.5976572708711081,46.484253114762076,47.916816586563755,0.0,0.0,0.0,0.731407104822192,0.03881832733829493,0.13374983395108386,-0.5588389435328132,0.22120859187986325,-0.4713801856040338,0.21668163949452118,-0.47590713798937584,0.6766276091439167,-0.01596116833998029,0.6402698485119935,-0.05231892897190349,0.6665344170564338,-0.02605436042746323,0.72570145,0.033112673817677685,0.5149413873804618,-0.17764739010343522,0.7828585378259695,0.09026976034207246,0.7103012970758669,0.017712519591969844
E01026177,E01026177,Lincoln 006C,Lincoln,E01026177,1,2022,0.549368381463424,0.692588777483897,-0.03881832733829493,46.484253114762076,47.916816586563755,0.0,0.0,0.0,0.692588777483897,0.14322039602047298,0.6537704501456021,0.10440206868217805,0.22074012735940612,-0.3286282541040179,0.21637436710783636,-0.3329940143555877,0.6766276091439167,0.1272592276804927,0.6389709390382877,0.08960255757486368,0.6665344170564338,0.11716603559300975,0.72570145,0.17633306983815067,0.5061971604229812,-0.0431712210404428,0.7693268922516526,0.2199585107882286,0.7140503161361451,0.16468193467272108
E01026178,E01026178,Lincoln 006D,Lincoln,E01026178,1,2020,0.827769602402325,1.25581450512805,0.6355005660956831,48.627697172276996,50.447346012446005,0.0,0.0,0.0,1.25581450512805,0.42804490272572504,1.8913150712237332,1.0635454688214083,0.491865700611524,-0.335903901790801,0.4468223236780863,-0.3809472787242387,0.5577596720058131,-0.2700099303965119,0.49059343177353754,-0.33717617062878746,0.5104407976874226,-0.31732880471490243,0.5554097,-0.2723598729215816,0.6254287277455662,-0.20234087465675876,0.5368188551066566,-0.2909507472956684,0.4221536010398885,-0.4056160013624365
E01026178,E01026178,Lincoln 006D,Lincoln,E01026178,1,2021,0.851707454600209,0.827769602402325,-0.42804490272572504,48.627697172276996,50.447346012446005,0.0,0.0,0.0,0.827769602402325,-0.023937852197884024,0.39972469967659996,-0.45198275492360906,0.4962948197140279,-0.35541263488618113,0.4497274444249252,-0.40198001017528384,0.5456779368604748,-0.3060295177397342,0.46923475906380946,-0.38247269553639957,0.524708745799036,-0.326998708801173,0.57723546,-0.27447199431883695,0.5961772307798371,-0.25553022382037194,0.6449544860399252,-0.2067529685602838,0.42375144048137015,-0.4279560141188389
E01026178,E01026178,Lincoln 006D,Lincoln,E01026178,1,2022,0.890729772399274,0.851707454600209,0.023937852197884024,48.627697172276996,50.447346012446005,0.0,0.0,0.0,0.851707454600209,-0.039022317799064954,0.875645306798093,-0.01508446560118093,0.49578376750989295,-0.39494600488938103,0.44939223818490537,-0.4413375342143686,0.5489068165080467,-0.34182295589122724,0.47349935640360596,-0.417230415995668,0.5104407976874226,-0.3802889747118514,0.5668968,-0.3238329761727725,0.6208690982698333,-0.2698606741294407,0.6552060880019968,-0.23552368439727722,0.423809229356638,-0.46692054304263597
E01026127,E01026127,Lincoln 007A,Lincoln,E01026127,1,2020,1.98000567661486,2.17369815746661,0.16791552903652995,82.65208203350035,66.90197679836979,0.0,0.0,0.0,2.17369815746661,0.19369248085174995,2.34161368650314,0.3616080098882799,0.9623830870267275,-1.0176225895881323,0.9512739454341154,-1.0287317311807445,1.4539551963960535,-0.5260504802188064,1.3954407118547336,-0.5845649647601263,1.5441483103642621,-0.4358573662505978,1.5791763,-0.4008293698903116,1.4696572469329914,-0.5103484296818686,1.5166795972540354,-0.4633260793608245,1.4794819915607955,-0.5005236850540644
E01026127,E01026127,Lincoln 007A,Lincoln,E01026127,1,2021,1.98027654323181,1.98000567661486,-0.19369248085174995,82.65208203350035,66.90197679836979,0.0,0.0,0.0,1.98000567661486,-0.00027086661694997183,1.78631319576311,-0.19396334746869992,0.9604666412612209,-1.0198099019705889,0.950016922034041,-1.0302596211977688,1.4638654097154347,-0.5164111335163752,1.4032496697671122,-0.5770268734646977,1.5441483103642621,-0.43612823286754776,1.5824426,-0.39783390197357016,1.4781399291503008,-0.5021366140815091,1.5043412014181623,-0.4759353418136476,1.4796986998430497,-0.5005778433887602
E01026127,E01026127,Lincoln 007A,Lincoln,E01026127,1,2022,1.71288467273268,1.98027654323181,0.00027086661694997183,82.65208203350035,66.90197679836979,0.0,0.0,0.0,1.98027654323181,0.2673918704991298,1.9805474098487599,0.2676627371160798,0.9604666412612209,-0.7524180314714591,0.950016922034041,-0.7628677506986391,1.4638654097154347,-0.24901926301724542,1.4032496697671122,-0.3096350029655679,1.5441483103642621,-0.16873636236841794,1.5824426,-0.13044203147444033,1.4781399291503008,-0.2347447435823793,1.5043412014181623,-0.20854347131451778,1.4796986998430497,-0.2331859728896304
E01026128,E01034689,Lincoln 007E,Lincoln,E01026128,1,2020,1.08360260076251,0.820722521178227,-0.007640634797148049,81.15571088840169,66.19585506993305,0.0,0.0,0.0,0.820722521178227,-0.26288007958428294,0.8130818863810789,-0.270520714381431,0.3313848661713366,-0.7522177345911734,0.16880163189051128,-0.9148009688719987,0.5361164349835285,-0.5474861657789815,0.5562803983530334,-0.5273222024094765,0.6634645651219466,-0.4201380356405633,0.63901603,-0.4445865685435768,0.5804082398875834,-0.5031943608749265,0.6665106367868577,-0.4170919639756522,0.6892599396641741,-0.3943426610983358
E01026128,E01034689,Lincoln 007E,Lincoln,E01026128,1,2021,1.32847230107455,1.08360260076251,0.26288007958428294,81.15571088840169,66.19585506993305,0.0,0.0,0.0,1.08360260076251,-0.24486970031204014,1.3464826803467929,0.018010379272242805,0.3321940321612171,-0.9962782689133329,0.1693323751038761,-1.159139925970674,0.5361164349835285,-0.7923558660910216,0.5505128768614257,-0.7779594242131244,0.6634645651219466,-0.6650077359526034,0.6291643,-0.6993080225673174,0.5804082398875834,-0.7480640611869667,0.6560695834180089,-0.6724027176565411,0.6515147794841285,-0.6769575215904216
E01026128,E01034689,Lincoln 007E,Lincoln,E01026128,1,2022,1.42198386068384,1.32847230107455,0.24486970031204014,81.15571088840169,66.19585506993305,0.0,0.0,0.0,1.32847230107455,-0.09351155960928992,1.5733420013865902,0.15135814070275022,0.33304578583477557,-1.0889380748490645,0.1698910521705759,-1.252092808513264,0.535032954428811,-0.8869509062550289,0.5477822565287113,-0.8742016041551287,0.6634645651219466,-0.7585192955618933,0.6268328,-0.7951510774616415,0.5804082398875834,-0.8415756207962566,0.7093343292658465,-0.7126495314179935,0.6514184646920154,-0.7705653959918246
E01026128,E01034690,Lincoln 007F,Lincoln,E01026128,1,2020,1.08360260076251,0.820722521178227,-0.007640634797148049,81.15571088840169,66.19585506993305,0.0,0.0,0.0,0.820722521178227,-0.26288007958428294,0.8130818863810789,-0.270520714381431,0.3313848661713366,-0.7522177345911734,0.16880163189051128,-0.9148009688719987,0.5361164349835285,-0.5474861657789815,0.5562803983530334,-0.5273222024094765,0.6634645651219466,-0.4201380356405633,0.63901603,-0.4445865685435768,0.5804082398875834,-0.5031943608749265,0.6665106367868577,-0.4170919639756522,0.6892599396641741,-0.3943426610983358
E01026128,E01034690,Lincoln 007F,Lincoln,E01026128,1,2021,1.32847230107455,1.08360260076251,0.26288007958428294,81.15571088840169,66.19585506993305,0.0,0.0,0.0,1.08360260076251,-0.24486970031204014,1.3464826803467929,0.018010379272242805,0.3321940321612171,-0.9962782689133329,0.1693323751038761,-1.159139925970674,0.5361164349835285,-0.7923558660910216,0.5505128768614257,-0.7779594242131244,0.6634645651219466,-0.6650077359526034,0.6291643,-0.6993080225673174,0.5804082398875834,-0.7480640611869667,0.6560695834180089,-0.6724027176565411,0.6515147794841285,-0.6769575215904216
E01026128,E01034690,Lincoln 007F,Lincoln,E01026128,1,2022,1.42198386068384,1.32847230107455,0.24486970031204014,81.15571088840169,66.19585506993305,0.0,0.0,0.0,1.32847230107455,-0.09351155960928992,1.5733420013865902,0.15135814070275022,0.33304578583477557,-1.0889380748490645,0.1698910521705759,-1.252092808513264,0.535032954428811,-0.8869509062550289,0.5477822565287113,-0.8742016041551287,0.6634645651219466,-0.7585192955618933,0.6268328,-0.7951510774616415,0.5804082398875834,-0.8415756207962566,0.7093343292658465,-0.7126495314179935,0.6514184646920154,-0.7705653959918246
E01026129,E01026129,Lincoln 007C,Lincoln,E01026129,1,2020,2.28013311007844,2.42243050151833,0.5111919209226798,84.14133476235676,67.66726026900541,0.0,0.0,0.0,2.42243050151833,0.14229739143988995,2.93362242244101,0.65348931236257,1.2416910919767132,-1.0384420181017266,1.2949023845576462,-0.9852307255207937,1.800752516085372,-0.479380593993068,1.791037136848114,-0.48909597323032594,1.859158111346664,-0.4209749987317759,1.8519495,-0.42818365672455805,1.755752483321572,-0.5243806267568678,1.8624060725110754,-0.4177270375673645,1.7764476826884916,-0.5036854273899483
E01026129,E01026129,Lincoln 007C,Lincoln,E01026129,1,2021,2.095090245437,2.28013311007844,-0.14229739143988995,84.14133476235676,67.66726026900541,0.0,0.0,0.0,2.28013311007844,0.18504286464143993,2.13783571863855,0.04274547320154998,1.2376452620273106,-0.8574449834096893,1.292248668490822,-0.8028415769461779,1.7968598760057053,-0.29823036943129466,1.7889492888175669,-0.3061409566194331,1.859158111346664,-0.23593213409033598,1.8645796,-0.2305106870645024,1.755752483321572,-0.3393377621154279,1.8713642553691239,-0.22372599006787608,1.7829154958512834,-0.31217474958571656
E01026129,E01026129,Lincoln 007C,Lincoln,E01026129,1,2022,2.80792652979996,2.095090245437,-0.18504286464143993,84.14133476235676,67.66726026900541,0.0,0.0,0.0,2.095090245437,-0.7128362843629601,1.91004738079556,-0.8978791490044,1.2267428150057627,-1.5811837147941974,1.2850976020370648,-1.5228289277628952,1.7058517686899106,-1.1020747611100494,1.669904428603865,-1.1380221011960951,1.8122118631758524,-0.9957146666241077,1.8097239,-0.9982026757350186,1.71276385254651,-1.09516267725345,1.9154733778405073,-0.8924531519594527,1.718317825226206,-1.0896087045737541
E01026131,E01026131,Lincoln 007D,Lincoln,E01026131,1,2020,1.55787057318089,1.44782972278026,-0.17639088895741017,81.76082290725648,66.5225965633002,0.0,0.0,0.0,1.44782972278026,-0.11004085040063005,1.2714388338228497,-0.2864317393580402,0.5491420062916438,-1.0087285668892463,0.5199163660150192,-1.0379542071658707,1.207744721893719,-0.350125851287171,1.136601407187953,-0.42126916599293684,1.2295054954711842,-0.3283650777097058,1.2359502,-0.3219203416287659,1.0845446464819357,-0.47332592669895424,1.2872869215278138,-0.2705836516530762,1.2118749357069742,-0.3459956374739157
E01026131,E01026131,Lincoln 007D,Lincoln,E01026131,1,2021,2.04595715272378,1.55787057318089,0.11004085040063005,81.76082290725648,66.5225965633002,0.0,0.0,0.0,1.55787057318089,-0.4880865795428899,1.66791142358152,-0.37804572914225987,0.5477792004139503,-1.4981779523098295,0.5190224827082995,-1.5269346700154802,1.2131471938012601,-0.8328099589225197,1.136601407187953,-0.9093557455358268,1.2295054954711842,-0.8164516572525957,1.2166281,-0.8293290780777838,1.09398739667516,-0.9519697560486198,1.3613198844997814,-0.6846372682239985,1.1530482659298666,-0.8929088867939132
E01026131,E01026131,Lincoln 007D,Lincoln,E01026131,1,2022,2.21230375766518,2.04595715272378,0.4880865795428899,81.76082290725648,66.5225965633002,0.0,0.0,0.0,2.04595715272378,-0.16634660494139997,2.53404373226667,0.3217399746014902,0.5477792004139503,-1.6645245572512295,0.5190224827082995,-1.6932812749568802,1.2131471938012601,-0.9991565638639197,1.136601407187953,-1.0757023504772267,1.2295054954711842,-0.9827982621939957,1.2166281,-0.9956756830191837,1.09398739667516,-1.1183163609900197,1.3613198844997814,-0.8509838731653985,1.1530482659298666,-1.0592554917353132
E01026133,E01034691,Lincoln 008E,Lincoln,E01026133,1,2020,-0.0447516451098273,0.0715611198531958,0.3840090118549848,53.640680003926526,55.43117636044965,0.0,0.0,0.0,0.0715611198531958,0.11631276496302309,0.4555701317081806,0.5003217768180079,-0.004453957946277995,0.040297687163549305,-0.02381121723648355,0.02094042787334375,-0.20597820905261685,-0.16122656394278956,-0.4374645167122703,-0.392712871602443,-0.1677307324228459,-0.1229790873130186,-0.1877871,-0.14303545556289457,-0.06469039119591669,-0.019938746086089386,-0.436613160450908,-0.39186151534108066,-0.23271026848788634,-0.18795862337805905
E01026133,E01034691,Lincoln 008E,Lincoln,E01026133,1,2021,0.144849585839371,-0.0447516451098273,-0.11631276496302309,53.640680003926526,55.43117636044965,0.0,0.0,0.0,-0.0447516451098273,-0.18960123094919829,-0.16106441007285038,-0.30591399591222135,-0.0010895309357222688,-0.14593911677509325,-0.021604442823019376,-0.16645402866239037,-0.22111271241228966,-0.36596229825166066,-0.44023460497406786,-0.5850841908134389,-0.17663948713180186,-0.32148907297117285,-0.2154924,-0.3603419833861392,-0.06469039119591669,-0.20953997703528768,-0.48902125715957906,-0.63387084299895,-0.2921434598347391,-0.4369930456741101
E01026133,E01034691,Lincoln 008E,Lincoln,E01026133,1,2022,0.340280525938843,0.144849585839371,0.18960123094919829,53.640680003926526,55.43117636044965,0.0,0.0,0.0,0.144849585839371,-0.195430940099472,0.33445081678856925,-0.005829709150273754,0.02812562006733222,-0.3121549058715108,-0.00244181943521643,-0.34272234537405943,-0.35333393456237455,-0.6936144605012176,-0.4644974759913744,-0.8047780019302174,-0.2944535400314307,-0.6347340659702737,-0.3083471,-0.6486276319187625,-0.2344576944880143,-0.5747382204268573,-0.3875138802935312,-0.7277944062323742,-0.37777924024923126,-0.7180597661880743
E01026212,E01026212,North Kesteven 005D,North Kesteven,E01026212,1,2020,0.287840651376501,-0.18906696589677,-0.1926665093754989,82.09084556564227,86.73243740650891,0.0,0.0,0.0,-0.18906696589677,-0.476907617273271,-0.38173347527226886,-0.6695741266487698,-0.3489539993575664,-0.6367946507340674,-0.30831677795922297,-0.5961574293357239,-0.18114850074270514,-0.4689891521192061,-0.3700713090024596,-0.6579119603789606,-0.21839045508524665,-0.5062311064617476,-0.23674244,-0.5245830882623348,-0.25771830448144073,-0.5455589558579417,-0.25276690996763107,-0.5406075613441321,-0.21116025655278894,-0.49900090792928997
E01026212,E01026212,North Kesteven 005D,North Kesteven,E01026212,1,2021,0.814540099738387,0.287840651376501,0.476907617273271,82.09084556564227,86.73243740650891,0.0,0.0,0.0,0.287840651376501,-0.5266994483618861,0.764748268649772,-0.04979183108861507,-0.3489539993575664,-1.1634940990959535,-0.30831677795922297,-1.12285687769761,-0.18114850074270514,-0.9956886004810922,-0.3700713090024596,-1.1846114087408466,-0.21839045508524665,-1.0329305548236336,-0.23674244,-1.0512825366242207,-0.25771830448144073,-1.0722584042198278,-0.25276690996763107,-1.0673070097060182,-0.21116025655278894,-1.025700356291176
E01026212,E01026212,North Kesteven 005D,North Kesteven,E01026212,1,2022,0.422144948213253,0.814540099738387,0.5266994483618861,82.09084556564227,86.73243740650891,0.0,0.0,0.0,0.814540099738387,0.39239515152513404,1.341239548100273,0.91909459988702,-0.3531275923580027,-0.7752725405712557,-0.311054295586052,-0.733199243799305,-0.18249368106360034,-0.6046386292768533,-0.38568509613648994,-0.8078300443497429,-0.21839045508524665,-0.6405354032984997,-0.22958714,-0.6517320859123802,-0.2575700635133116,-0.6797150117265646,-0.19358494586209718,-0.6157298940753502,-0.20546168768088363,-0.6276066358941366
E01026213,E01026213,North Kesteven 005E,North Kesteven,E01026213,1,2020,0.585912454166795,0.798885976487168,0.13487868260712899,82.45292380790966,87.36986212562049,0.0,0.0,0.0,0.798885976487168,0.21297352232037292,0.933764659094297,0.3478522049275019,0.19638584090924674,-0.38952661325754834,0.2177296245454837,-0.3681828296213113,0.4335461332877509,-0.15236632087904417,0.17139573508551847,-0.4145167190812766,0.44973356204127996,-0.1361788921255151,0.36327496,-0.22263749245681885,0.3942718374729212,-0.19164061669387383,0.46484237978281895,-0.1210700743839761,0.3878302925472136,-0.19808216161958148
E01026213,E01026213,North Kesteven 005E,North Kesteven,E01026213,1,2021,0.759931266433429,0.585912454166795,-0.21297352232037292,82.45292380790966,87.36986212562049,0.0,0.0,0.0,0.585912454166795,-0.17401881226663396,0.37293893184642213,-0.3869923345870069,0.19536373650097663,-0.5645675299324524,0.21705921206544396,-0.542872054367985,0.43808165063303656,-0.32184961580039245,0.17535776544675435,-0.5845735009866746,0.43133365214343394,-0.32859761428999507,0.36499876,-0.39493250859422613,0.4091651274381526,-0.3507661389952764,0.41560535444520574,-0.34432591198822327,0.388647687609493,-0.37128357882393603
E01026213,E01026213,North Kesteven 005E,North Kesteven,E01026213,1,2022,1.18414532031826,0.759931266433429,0.17401881226663396,82.45292380790966,87.36986212562049,0.0,0.0,0.0,0.759931266433429,-0.4242140538848309,0.933950078700063,-0.25019524161819695,0.19536373650097663,-0.9887815838172833,0.21705921206544396,-0.9670861082528159,0.43808165063303656,-0.7460636696852234,0.17535776544675435,-1.0087875548715055,0.43133365214343394,-0.752811668174826,0.36499876,-0.819146562479057,0.4091651274381526,-0.7749801928801073,0.41560535444520574,-0.7685399658730542,0.388647687609493,-0.7954976327087669
E01026192,E01026192,North Kesteven 006A,North Kesteven,E01026192,1,2020,0.276907731008152,0.0186495165172103,0.0702392024969338,60.31803028654516,69.50272109886497,0.0,0.0,0.0,0.0186495165172103,-0.2582582144909417,0.08888871901414411,-0.18801901199400792,-0.2753626482165989,-0.552270379224751,-0.25975053928976366,-0.5366582702979157,-0.47124181542621046,-0.7481495464343625,-0.4347328823096437,-0.7116406133177957,-0.43237243196673053,-0.7092801629748826,-0.44571626,-0.7226239928718605,-0.44744373912701174,-0.7243514701351638,-0.5012221224602224,-0.7781298534683744,-0.4431578710983429,-0.720065602106495
E01026192,E01026192,North Kesteven 006A,North Kesteven,E01026192,1,2021,0.388793305490172,0.276907731008152,0.2582582144909417,60.31803028654516,69.50272109886497,0.0,0.0,0.0,0.276907731008152,-0.11188557448201997,0.5351659454990938,0.1463726400089218,-0.2753626482165989,-0.6641559537067709,-0.25975053928976366,-0.6485438447799357,-0.47124181542621046,-0.8600351209163825,-0.4347328823096437,-0.8235261877998157,-0.43237243196673053,-0.8211657374569026,-0.44571626,-0.8345095673538805,-0.44744373912701174,-0.8362370446171837,-0.5012221224602224,-0.8900154279503943,-0.4431578710983429,-0.8319511765885149
E01026192,E01026192,North Kesteven 006A,North Kesteven,E01026192,1,2022,0.3357200127345,0.388793305490172,0.11188557448201997,60.31803028654516,69.50272109886497,0.0,0.0,0.0,0.388793305490172,0.05307329275567202,0.500678879972192,0.164958867237692,-0.2753626482165989,-0.6110826609510989,-0.25975053928976366,-0.5954705520242636,-0.47124181542621046,-0.8069618281607105,-0.4347328823096437,-0.7704528950441436,-0.43237243196673053,-0.7680924447012305,-0.44571626,-0.7814362745982084,-0.44744373912701174,-0.7831637518615118,-0.5012221224602224,-0.8369421351947224,-0.4431578710983429,-0.778877883832843
E01026194,E01026194,North Kesteven 006B,North Kesteven,E01026194,1,2020,0.377457520958352,-0.0322486691794539,-0.1366878039623599,10.958737361409979,31.042914376017354,0.0,0.0,0.0,-0.0322486691794539,-0.4097061901378059,-0.16893647314181381,-0.5463939941001659,-0.03789595579088144,-0.41535347674923345,-0.05710031827497594,-0.4345578392333279,-0.03603400088270585,-0.41349152184105786,-0.2417636693239777,-0.6192211902823297,-0.01792936903893514,-0.39538688999728716,0.057266913,-0.3201906076039552,-0.014952931127264216,-0.3924104520856162,-0.10216267149264502,-0.479620192450997,0.07538767240045371,-0.3020698485578983
E01026194,E01026194,North Kesteven 006B,North Kesteven,E01026194,1,2021,0.520429568877798,0.377457520958352,0.4097061901378059,10.958737361409979,31.042914376017354,0.0,0.0,0.0,0.377457520958352,-0.142972047919446,0.7871637110961579,0.2667341422183599,-0.03252990764746326,-0.5529594765252612,-0.05358065275476723,-0.5740102216325652,-0.015059752167710126,-0.5354893210455082,-0.24557197254451169,-0.7660015414223097,-0.034907141765278774,-0.5553367106430768,0.018293085,-0.502136484301072,-0.025525237253240282,-0.5459548061310383,-0.1375975755317037,-0.6580271444095017,0.04172501902385844,-0.47870454985393956
E01026194,E01026194,North Kesteven 006B,North Kesteven,E01026194,1,2022,0.648791394398902,0.520429568877798,0.142972047919446,10.958737361409979,31.042914376017354,0.0,0.0,0.0,0.520429568877798,-0.12836182552110398,0.6634016167972441,0.014610222398342088,-0.03397788889251262,-0.6827692832914146,-0.054530403768156904,-0.7033217981670589,-0.012363269820229764,-0.6611546642191317,-0.24557197254451169,-0.8943633669434137,-0.031907730426395706,-0.6806991248252977,0.018293085,-0.630498309822176,-0.014952931127264216,-0.6637443255261662,-0.06771745169974176,-0.7165088460986437,0.04188875417045057,-0.6069026402284514
E01026195,E01026195,North Kesteven 006C,North Kesteven,E01026195,1,2020,0.0264667121680701,-0.276092263800474,-0.020957503819218015,8.833798783204207,29.77152930007194,0.0,0.0,0.0,-0.276092263800474,-0.30255897596854414,-0.29704976761969204,-0.32351647978776216,-0.3586275018607715,-0.38509421402884164,-0.30252395759954465,-0.32899066976761476,-0.41663435884779426,-0.4431010710158644,-0.4211178295430836,-0.4475845417111537,-0.3967064600495202,-0.4231731722175903,-0.40201998,-0.4284866897376502,-0.2993032685181231,-0.32576998068619323,-0.4279816052336899,-0.45444831740176,-0.3825327133511206,-0.4089994255191907
E01026195,E01026195,North Kesteven 006C,North Kesteven,E01026195,1,2021,-0.109802051435924,0.0264667121680701,0.30255897596854414,8.833798783204207,29.77152930007194,0.0,0.0,0.0,0.0264667121680701,0.1362687636039941,0.32902568813661426,0.4388277395725383,-0.36275850717753,-0.25295645574160597,-0.3052335413730387,-0.1954314899371147,-0.41663435884779426,-0.3068323074118703,-0.4211178295430836,-0.3113157781071596,-0.3967064600495202,-0.28690440861359623,-0.40201998,-0.29221792613365605,-0.2993032685181231,-0.1895012170821991,-0.4230643305789817,-0.3132622791430577,-0.3820655866093725,-0.2722635351734485
E01026195,E01026195,North Kesteven 006C,North Kesteven,E01026195,1,2022,0.377364568678849,-0.109802051435924,-0.1362687636039941,8.833798783204207,29.77152930007194,0.0,0.0,0.0,-0.109802051435924,-0.48716662011477296,-0.2460708150399181,-0.623435383718767,-0.3653563558818832,-0.7427209245607322,-0.3069375064264731,-0.6843020751053221,-0.41663435884779426,-0.7939989275266433,-0.4233160489958829,-0.8006806176747319,-0.3967064600495202,-0.7740710287283692,-0.39347985,-0.7708444225473334,-0.2993032685181231,-0.6766678371969721,-0.4281418849836791,-0.805506453662528,-0.3817718264934278,-0.7591363951722767
E01026196,E01026196,North Kesteven 006D,North Kesteven,E01026196,1,2020,0.305912817119909,0.225110472650159,-0.12020060277455902,41.415382287511385,51.142495653638726,0.0,0.0,0.0,0.225110472650159,-0.08080234446974999,0.10490986987559997,-0.201002947244309,-0.03366754478044527,-0.33958036190035423,-0.0225750501451331,-0.3284878672650421,0.022182104395880378,-0.2837307127240286,-0.11149034383394295,-0.41740316095385194,-0.06316151641061309,-0.36907433353052205,-0.03876169,-0.3446745073788888,-0.07387815947270249,-0.37979097659261146,-0.02587068155826264,-0.33178349867817164,-0.03260719273936927,-0.3385200098592782
E01026196,E01026196,North Kesteven 006D,North Kesteven,E01026196,1,2021,0.811993558274512,0.305912817119909,0.08080234446974999,41.415382287511385,51.142495653638726,0.0,0.0,0.0,0.305912817119909,-0.5060807411546031,0.38671516158965896,-0.42527839668485307,-0.03613763043376468,-0.8481311887082768,-0.02419521363856246,-0.8361887719130745,0.022182104395880378,-0.7898114538786316,-0.11320230531768805,-0.9251958635922001,-0.06316151641061309,-0.8751550746851251,-0.03876169,-0.8507552485334918,-0.07387815947270249,-0.8858717177472145,0.10855109934410025,-0.7034424589304118,-0.032327879842241496,-0.8443214381167535
E01026196,E01026196,North Kesteven 006D,North Kesteven,E01026196,1,2022,0.457477531871633,0.811993558274512,0.5060807411546031,41.415382287511385,51.142495653638726,0.0,0.0,0.0,0.811993558274512,0.35451602640287905,1.318074299429115,0.860596767557482,-0.03856512840340627,-0.49604266027503924,-0.025787443278656882,-0.4832649751502899,0.022182104395880378,-0.4352954274757526,-0.11320230531768805,-0.570679837189321,-0.06316151641061309,-0.520639048282246,-0.03876169,-0.4962392221306128,-0.07387815947270249,-0.5313556913443355,0.10855109934410025,-0.34892643252753275,-0.0320533826847194,-0.4895309145563524
E01026180,E01026180,North Kesteven 007A,North Kesteven,E01026180,1,2020,0.684067483908726,0.318490934618779,0.3047796496842895,79.04084988009572,81.79501486082998,0.0,0.0,0.0,0.318490934618779,-0.365576549289947,0.6232705843030685,-0.060796899605657484,-0.14096450738020927,-0.8250319912889352,-0.030175825204074358,-0.7142433091128003,0.011172106292981258,-0.6728953776157447,-0.05440720478831665,-0.7384746886970426,-0.06489350645199411,-0.7489609903607201,-0.043298542,-0.7273660264082682,-0.09539386533103467,-0.7794613492397606,-0.06203312739702296,-0.7461006113057489,-0.04737219957623154,-0.7314396834849575
E01026180,E01026180,North Kesteven 007A,North Kesteven,E01026180,1,2021,0.41974058895088,0.684067483908726,0.365576549289947,79.04084988009572,81.79501486082998,0.0,0.0,0.0,0.684067483908726,0.26432689495784595,1.049644033198673,0.6299034442477929,-0.15408151395300917,-0.5738221029038892,-0.03877945203125119,-0.45852004098213117,0.008294324690859806,-0.4114462642600202,-0.06215955088737407,-0.4819001398382541,-0.07156935068111263,-0.49130993963199265,-0.043298542,-0.46303913145042225,-0.09490838486437767,-0.5146489738152576,-0.0730439849415444,-0.4927845738924244,-0.045888951777691055,-0.46562954072857105
E01026180,E01026180,North Kesteven 007A,North Kesteven,E01026180,1,2022,0.538080935542756,0.41974058895088,-0.26432689495784595,79.04084988009572,81.79501486082998,0.0,0.0,0.0,0.41974058895088,-0.11834034659187603,0.15541369399303406,-0.382667241549722,-0.16064001723940913,-0.6987209527821652,-0.04308126544483959,-0.5811622009875956,0.012569791662994025,-0.525511143879762,-0.0687048599024294,-0.6067857954451854,-0.07156935068111263,-0.6096502862238686,-0.043298542,-0.5813794780422983,-0.09490838486437767,-0.6329893204071337,-0.0730439849415444,-0.6111249204843004,-0.04514732787842078,-0.5832282634211768
E01026183,E01026183,North Kesteven 007B,North Kesteven,E01026183,1,2020,0.615392132268339,0.980061110724248,0.5617791601492439,78.92342268450068,91.12124178927098,0.0,0.0,0.0,0.980061110724248,0.36466897845590895,1.5418402708734917,0.9264481386051527,0.1917029554213607,-0.42368917684697827,0.10905028529342195,-0.506341846974917,-0.05669691000529747,-0.6720890422736364,-0.06388779547249496,-0.6792799277408339,-0.027486372631635066,-0.6428785048999741,-0.05242425,-0.6678163805762823,0.02666316348894831,-0.5887289687793907,-0.07934271402429095,-0.6947348462926299,-0.08122037239098363,-0.6966125046593227
E01026183,E01026183,North Kesteven 007B,North Kesteven,E01026183,1,2021,0.877835202124658,0.615392132268339,-0.36466897845590895,78.92342268450068,91.12124178927098,0.0,0.0,0.0,0.615392132268339,-0.26244306985631904,0.25072315381243004,-0.627112048312228,0.1917029554213607,-0.6861322467032973,0.10905028529342195,-0.7687849168312361,-0.05669691000529747,-0.9345321121299555,-0.06388779547249496,-0.941722997597153,-0.027486372631635066,-0.9053215747562932,-0.05242425,-0.9302594504326014,0.02666316348894831,-0.8511720386357098,-0.07934271402429095,-0.957177916148949,-0.08122037239098363,-0.9590555745156417
E01026183,E01026183,North Kesteven 007B,North Kesteven,E01026183,1,2022,0.925998182888884,0.877835202124658,0.26244306985631904,78.92342268450068,91.12124178927098,0.0,0.0,0.0,0.877835202124658,-0.04816298076422598,1.1402782719809772,0.21428008909209317,0.1917029554213607,-0.7342952274675233,0.10905028529342195,-0.816947897595462,-0.05669691000529747,-0.9826950928941814,-0.06388779547249496,-0.9898859783613789,-0.027486372631635066,-0.9534845555205191,-0.05242425,-0.9784224311968274,0.02666316348894831,-0.8993350193999358,-0.07934271402429095,-1.005340896913175,-0.08122037239098363,-1.0072185552798676
E01026210,E01026210,North Kesteven 007C,North Kesteven,E01026210,1,2020,0.668662681978204,0.491730451406533,0.131928559469616,79.73211081669604,89.5374569091425,0.0,0.0,0.0,0.491730451406533,-0.176932230571671,0.6236590108761491,-0.04500367110205494,-0.5482626547836711,-1.216925336761875,-0.4064971566868335,-1.0751598386650376,-0.34225065548943157,-1.0109133374676356,-0.3720227823536922,-1.0406854643318961,-0.38715939801383026,-1.0558220799920344,-0.33473533,-1.0033980158977291,-0.421569831316262,-1.090232513294466,-0.3544957341833211,-1.023158416161525,-0.4045736015181366,-1.0732362834963407
E01026210,E01026210,North Kesteven 007C,North Kesteven,E01026210,1,2021,0.552544495090241,0.668662681978204,0.176932230571671,79.73211081669604,89.5374569091425,0.0,0.0,0.0,0.668662681978204,0.11611818688796305,0.845594912549875,0.293050417459634,-0.5482626547836711,-1.100807149873912,-0.4064971566868335,-0.9590416517770745,-0.34225065548943157,-0.8947951505796725,-0.3720227823536922,-0.9245672774439331,-0.38715939801383026,-0.9397038931040712,-0.33473533,-0.8872798290097661,-0.421569831316262,-0.974114326406503,-0.3544957341833211,-0.907040229273562,-0.4045736015181366,-0.9571180966083775
E01026210,E01026210,North Kesteven 007C,North Kesteven,E01026210,1,2022,0.418476495846848,0.552544495090241,-0.11611818688796305,79.73211081669604,89.5374569091425,0.0,0.0,0.0,0.552544495090241,0.13406799924339297,0.4364263082022779,0.017949812355429917,-0.5482626547836711,-0.9667391506305191,-0.4064971566868335,-0.8249736525336815,-0.34225065548943157,-0.7607271513362796,-0.3720227823536922,-0.7904992782005402,-0.38715939801383026,-0.8056358938606782,-0.33473533,-0.7532118297663731,-0.421569831316262,-0.84004632716311,-0.3544957341833211,-0.7729722300301691,-0.4045736015181366,-0.8230500973649846
E01026224,E01026224,North Kesteven 007D,North Kesteven,E01026224,1,2020,0.950081997795563,0.420415132319088,0.5780205279930071,76.25078255954075,71.17427728946039,0.0,0.0,0.0,0.420415132319088,-0.529666865476475,0.9984356603120951,0.04835366251653206,0.03159312260288481,-0.9184888751926782,0.17932714637570638,-0.7707548514198567,0.035422746405226656,-0.9146592513903363,-0.20146511082364568,-1.1515471086192086,0.11592520339809788,-0.8341567943974652,0.040763963,-0.9093180347816756,0.1402745232134916,-0.8098074745820714,-0.11564392128900132,-1.0657259190845643,0.10952386406284811,-0.8405581337327149
E01026224,E01026224,North Kesteven 007D,North Kesteven,E01026224,1,2021,1.23892316747333,0.950081997795563,0.529666865476475,76.25078255954075,71.17427728946039,0.0,0.0,0.0,0.950081997795563,-0.2888411696777671,1.4797488632720381,0.24082569579870805,0.028952686214853682,-1.2099704812584764,0.177595247468937,-1.061327920004393,-0.1995721526522755,-1.4384953201256057,-0.20721652442990102,-1.4461396919032312,-0.0792325263782886,-1.3181556938516188,-0.10896935,-1.3478925206127306,-0.017597811174245234,-1.2565209786475753,-0.14593930369859862,-1.3848624711719286,-0.08599931715849217,-1.3249224846318222
E01026224,E01026224,North Kesteven 007D,North Kesteven,E01026224,1,2022,1.28631449708643,1.23892316747333,0.2888411696777671,76.25078255954075,71.17427728946039,0.0,0.0,0.0,1.23892316747333,-0.047391329613099886,1.5277643371510972,0.2414498400646672,0.027887994122905643,-1.2584265029635244,0.17689690113556228,-1.1094175959508676,-0.16020122934295414,-1.4465157264293842,-0.20721652442990102,-1.4935310215163309,-0.06542720593646663,-1.3517417030228966,-0.081931405,-1.3682459018558506,0.09878582942945552,-1.1875286676569745,-0.06776305209032038,-1.3540775491767503,-0.0859101980929476,-1.3722246951793775
E01026179,E01026179,North Kesteven 008A,North Kesteven,E01026179,1,2020,0.232147378836866,0.279935428848308,0.439763550670769,79.52829929900861,80.3702844312931,0.0,0.0,0.0,0.279935428848308,0.04778805001144201,0.719698979519077,0.48755160068221104,-0.524404915919642,-0.756552294756508,-0.4949994014006943,-0.7271467802375603,-0.37467833864638933,-0.6068257174832553,-0.478672992933129,-0.710820371769995,-0.45638542277340277,-0.6885328016102688,-0.46950597,-0.7016533445465523,-0.43740268263213455,-0.6695500614690005,-0.49150786410217334,-0.7236552429390394,-0.4310014528351893,-0.6631488316720553
E01026179,E01026179,North Kesteven 008A,North Kesteven,E01026179,1,2021,0.0110389758278793,0.232147378836866,-0.04778805001144201,79.52829929900861,80.3702844312931,0.0,0.0,0.0,0.232147378836866,0.2211084030089867,0.184359328825424,0.1733203529975447,-0.5235531622460835,-0.5345921380739628,-0.49444072433399455,-0.5054797001618738,-0.37482354538467455,-0.3858625212125538,-0.478672992933129,-0.4897119687610083,-0.45638542277340277,-0.46742439860128204,-0.46950597,-0.48054494153756555,-0.43740268263213455,-0.4484416584600138,-0.49150786410217334,-0.5025468399300527,-0.43109776762730223,-0.4421367434551815
E01026179,E01026179,North Kesteven 008A,North Kesteven,E01026179,1,2022,0.440628410232164,0.0110389758278793,-0.2211084030089867,79.52829929900861,80.3702844312931,0.0,0.0,0.0,0.0110389758278793,-0.42958943440428465,-0.2100694271811074,-0.6506978374132714,-0.5235531622460835,-0.9641815724782474,-0.49444072433399455,-0.9350691345661586,-0.37482354538467455,-0.8154519556168385,-0.478672992933129,-0.919301403165293,-0.45638542277340277,-0.8970138330055668,-0.46950597,-0.9101343759418503,-0.43740268263213455,-0.8780310928642985,-0.49150786410217334,-0.9321362743343373,-0.43109776762730223,-0.8717261778594663
E01026197,E01026197,North Kesteven 008B,North Kesteven,E01026197,1,2020,-0.043648371810391,0.196686047737464,0.39973936701524504,74.27703043172438,73.36258066121212,0.0,0.0,0.0,0.196686047737464,0.240334419547855,0.596425414752709,0.6400737865631001,-0.4284315002577982,-0.3847831284474072,-0.3063266524514209,-0.2626782806410299,-0.3133467121148139,-0.2696983403044229,-0.3451956151692885,-0.3015472433588975,-0.27380228639692383,-0.23015391458653284,-0.3055921,-0.2619437180810427,-0.3458898666759225,-0.3022414948655315,-0.27645677847063516,-0.23280840666024416,-0.23345682546474789,-0.1898084536543569
E01026197,E01026197,North Kesteven 008B,North Kesteven,E01026197,1,2021,0.36947825320031,-0.043648371810391,-0.240334419547855,74.27703043172438,73.36258066121212,0.0,0.0,0.0,-0.043648371810391,-0.413126625010701,-0.283982791358246,-0.653461044558556,-0.42907031551296704,-0.7985485687132771,-0.3067456602514457,-0.6762239134517557,-0.3133467121148139,-0.6828249653151239,-0.3451956151692885,-0.7146738683695986,-0.27380228639692383,-0.6432805395972339,-0.3055921,-0.6750703430917437,-0.3458898666759225,-0.7153681198762325,-0.2995617709582789,-0.669040024158589,-0.23338458937066311,-0.6028628425709731
E01026197,E01026197,North Kesteven 008B,North Kesteven,E01026197,1,2022,0.393837265630771,0.36947825320031,0.413126625010701,74.27703043172438,73.36258066121212,0.0,0.0,0.0,0.36947825320031,-0.024359012430460958,0.7826048782110111,0.3887676125802401,-0.43034794602330473,-0.8241852116540758,-0.3075836758514954,-0.7014209414822663,-0.3133467121148139,-0.7071839777455848,-0.3445332139869735,-0.7383704796177445,-0.27380228639692383,-0.6676395520276948,-0.3055921,-0.6994293555222046,-0.3458898666759225,-0.7397271323066934,-0.2995617709582789,-0.6933990365890499,-0.2332401171824936,-0.6270773828132645
E01026198,E01026198,North Kesteven 008C,North Kesteven,E01026198,1,2020,-0.54060142249408,-0.552319638093908,0.2309090278453949,79.74447491012523,76.56976987101966,0.0,0.0,0.0,-0.552319638093908,-0.011718215599827997,-0.32141061024851314,0.2191908122455669,-0.7768481437126515,-0.2362467212185715,-0.806215645531267,-0.26561422303718696,-0.7129765470240346,-0.17237512452995452,-0.8022469470218262,-0.26164552452774614,-0.7844331740196133,-0.24383175152553327,-0.78367233,-0.24307091026959182,-0.6964121816187603,-0.15581075912468023,-0.7397848148596856,-0.19918339236560556,-0.7165351534185767,-0.1759337309244966
E01026198,E01026198,North Kesteven 008C,North Kesteven,E01026198,1,2021,-0.346129218063088,-0.54060142249408,0.011718215599827997,79.74447491012523,76.56976987101966,0.0,0.0,0.0,-0.54060142249408,-0.19447220443099206,-0.5288832068942521,-0.18275398883116406,-0.7768481437126515,-0.43071892564956354,-0.806215645531267,-0.460086427468179,-0.7129765470240346,-0.3668473289609466,-0.8022469470218262,-0.4561177289587382,-0.7844331740196133,-0.4383039559565253,-0.78367233,-0.4375431147005839,-0.6964121816187603,-0.3502829635556723,-0.7397848148596856,-0.3936555967965976,-0.7165351534185767,-0.37040593535548866
E01026198,E01026198,North Kesteven 008C,North Kesteven,E01026198,1,2022,-0.271312791413335,-0.346129218063088,0.19447220443099206,79.74447491012523,76.56976987101966,0.0,0.0,0.0,-0.346129218063088,-0.07481642664975302,-0.15165701363209594,0.11965577778123904,-0.7776147220188541,-0.5063019306055191,-0.8067184548912969,-0.5354056634779619,-0.672685236091052,-0.40137244467771704,-0.7980791123322056,-0.5267663209188707,-0.7844331740196133,-0.5131203826062783,-0.7800618,-0.5087489899930676,-0.6964121816187603,-0.4250993902054253,-0.802013945835074,-0.530701154421739,-0.7163557735224847,-0.4450429821091497
E01026223,E01026223,North Kesteven 008D,North Kesteven,E01026223,1,2020,0.0242959135139978,0.0002304789202732,0.2727130228449272,76.0358830540963,70.73988216817438,0.0,0.0,0.0,0.0002304789202732,-0.0240654345937246,0.27294350176520044,0.24864758825120264,-0.40791728816769957,-0.43221320168169736,-0.2401977262137809,-0.26449363972777873,-0.48381462123968655,-0.5081105347536844,-0.4801619986339633,-0.5044579121479611,-0.47319377485376407,-0.49748968836776186,-0.4881283,-0.5124242179955042,-0.3381708986548549,-0.3624668121688527,-0.5197905761182702,-0.544086489632268,-0.48424223624547225,-0.5085381497594701
E01026223,E01026223,North Kesteven 008D,North Kesteven,E01026223,1,2021,0.354037326874046,0.0242959135139978,0.0240654345937246,76.0358830540963,70.73988216817438,0.0,0.0,0.0,0.0242959135139978,-0.3297414133600482,0.0483613481077224,-0.3056759787663236,-0.4088542172086138,-0.7628915440826598,-0.24081227098715072,-0.5948495978611967,-0.43643200328302956,-0.7904693301570755,-0.4743555267365833,-0.8283928536106293,-0.44385978876454146,-0.7978971156385875,-0.4428638,-0.796901119055061,-0.3381708986548549,-0.6922082255289008,-0.503947186903021,-0.857984513777067,-0.42592595761117935,-0.7799632844852253
E01026223,E01026223,North Kesteven 008D,North Kesteven,E01026223,1,2022,0.600592403641465,0.354037326874046,0.3297414133600482,76.0358830540963,70.73988216817438,0.0,0.0,0.0,0.354037326874046,-0.24655507676741906,0.6837787402340942,0.0831863365926292,-0.4153275451276579,-1.015919948769123,-0.2450582166940691,-0.8456506203355342,-0.4407905478577729,-1.0413829514992379,-0.4626181246394721,-1.0632105282809372,-0.4341195661368191,-1.034711969778284,-0.42575276,-1.0263451626212623,-0.3285474276940223,-0.9291398313354873,-0.4449912318366696,-1.0455836354781347,-0.4048280101979247,-1.0054204138393898
E01026209,E01026209,North Kesteven 009A,North Kesteven,E01026209,1,2020,0.522594552032736,0.362783268818808,0.184107451861997,77.71044947714005,75.4599341751085,0.0,0.0,0.0,0.362783268818808,-0.15981128321392796,0.546890720680805,0.02429616864806905,-0.20983096136904095,-0.732425513401777,-0.14942506159345312,-0.6720196136261891,0.05045146697697368,-0.4721430850557623,-0.03877088742503902,-0.561365439457775,0.025124798518335816,-0.49746975351440015,0.030175705,-0.4924188475237161,-0.019447662189741463,-0.5420422142224774,0.07996169913312808,-0.4426328528996079,0.04613135572771335,-0.47646319630502265
E01026209,E01026209,North Kesteven 009A,North Kesteven,E01026209,1,2021,0.891560768803856,0.522594552032736,0.15981128321392796,77.71044947714005,75.4599341751085,0.0,0.0,0.0,0.522594552032736,-0.36896621677112007,0.682405835246664,-0.20915493355719206,-0.21157705639983576,-1.1031378252036919,-0.1505703495801877,-1.0421311183840438,0.05045146697697368,-0.8411093018268824,-0.03877088742503902,-0.930331656228895,0.025124798518335816,-0.8664359702855202,0.030175705,-0.8613850642948362,-0.019447662189741463,-0.9110084309935975,0.07956703631810538,-0.8119937324857507,0.046328801051545035,-0.845231967752311
E01026209,E01026209,North Kesteven 009A,North Kesteven,E01026209,1,2022,0.810674733012782,0.891560768803856,0.36896621677112007,77.71044947714005,75.4599341751085,0.0,0.0,0.0,0.891560768803856,0.080886035791074,1.260526985574976,0.4498522525621941,-0.21081047809363312,-1.0214852111064152,-0.15006754022015786,-0.9607422732329399,0.05045146697697368,-0.7602232660358084,-0.03877088742503902,-0.849445620437821,0.025124798518335816,-0.7855499344944462,0.030175705,-0.7804990285037622,-0.019447662189741463,-0.8301223952025235,0.07956703631810538,-0.7311076966946767,0.04624211773864331,-0.7644326152741387
E01026221,E01026221,North Kesteven 009B,North Kesteven,E01026221,1,2020,0.426116335621735,0.356491421349408,0.2640961429295695,79.20250731414635,78.84837091273711,0.0,0.0,0.0,0.356491421349408,-0.06962491427232703,0.6205875642789775,0.19447122865724253,-0.42345908713356184,-0.8495754227552968,-0.34790920254858904,-0.774025538170324,-0.4383532697637658,-0.8644696053855008,-0.4431506713206584,-0.8692670069423933,-0.459315723583586,-0.8854320592053211,-0.41643935,-0.8425556900414433,-0.5215721967682511,-0.9476885323899861,-0.4516547214508111,-0.8777710570725461,-0.4818980949838333,-0.9080144306055683
E01026221,E01026221,North Kesteven 009B,North Kesteven,E01026221,1,2021,0.611767150040785,0.426116335621735,0.06962491427232703,79.20250731414635,78.84837091273711,0.0,0.0,0.0,0.426116335621735,-0.18565081441904996,0.49574124989406204,-0.11602590014672293,-0.42345908713356184,-1.0352262371743468,-0.34790920254858904,-0.959676352589374,-0.4383532697637658,-1.0501204198045508,-0.4431506713206584,-1.0549178213614434,-0.459315723583586,-1.071082873624371,-0.41643935,-1.0282065044604933,-0.5215721967682511,-1.133339346809036,-0.4516547214508111,-1.0634218714915962,-0.4818980949838333,-1.0936652450246183
E01026221,E01026221,North Kesteven 009B,North Kesteven,E01026221,1,2022,0.419460433917483,0.611767150040785,0.18565081441904996,79.20250731414635,78.84837091273711,0.0,0.0,0.0,0.611767150040785,0.19230671612330197,0.7974179644598349,0.3779575305423519,-0.42345908713356184,-0.8429195210510448,-0.34790920254858904,-0.767369636466072,-0.4383532697637658,-0.8578137036812488,-0.4431506713206584,-0.8626111052381413,-0.459315723583586,-0.8787761575010691,-0.41643935,-0.8358997883371913,-0.5215721967682511,-0.9410326306857341,-0.4516547214508111,-0.8711151553682941,-0.4818980949838333,-0.9013585289013163
E01026222,E01026222,North Kesteven 009C,North Kesteven,E01026222,1,2020,0.637424847908244,0.579633912876407,0.369015310928305,76.12415042879778,71.01964880448199,0.0,0.0,0.0,0.579633912876407,-0.057790935031837076,0.948649223804712,0.3112243758964679,-0.20288764510895207,-0.8403124930171961,-0.04365801136933575,-0.6810828592775798,-0.14520707229285354,-0.7826319202010976,-0.27315634640854325,-0.9105811943167873,-0.12511607669168567,-0.7625409245999297,-0.18884276,-0.8262676064445829,0.012624166050549224,-0.6248006818576948,-0.1389982053831579,-0.7764230532914019,-0.1385495326669999,-0.7759743805752439
E01026222,E01026222,North Kesteven 009C,North Kesteven,E01026222,1,2021,0.939641370991063,0.637424847908244,0.057790935031837076,76.12415042879778,71.01964880448199,0.0,0.0,0.0,0.637424847908244,-0.302216523082819,0.6952157829400811,-0.2444255880509819,-0.19360353006716513,-1.1332449010582282,-0.03756843134230797,-0.9772098023333711,-0.14296615501278323,-1.0826075260038464,-0.26932927096024156,-1.2089706419513047,-0.12080614403970574,-1.0604475150307688,-0.18998006,-1.1296214308532,0.026132705333170164,-0.9135086656578929,-0.18542573627231695,-1.12506710726338,-0.14361532294560228,-1.0832566939366652
E01026222,E01026222,North Kesteven 009C,North Kesteven,E01026222,1,2022,0.883698749159232,0.939641370991063,0.302216523082819,76.12415042879778,71.01964880448199,0.0,0.0,0.0,0.939641370991063,0.055942621831831074,1.241857894073882,0.35815914491465006,-0.19317765323038594,-1.076876402389618,-0.03728909280895809,-0.9209878419681901,-0.14296615501278323,-1.0266649041720153,-0.26932927096024156,-1.1530280201194736,-0.12080614403970574,-1.0045048931989378,-0.18998006,-1.0736788090213687,0.026132705333170164,-0.8575660438260618,-0.18420357080873018,-1.067902319967962,-0.1436634803416588,-1.0273622295008908
E01026227,E01026227,North Kesteven 010A,North Kesteven,E01026227,1,2020,0.727419920818145,1.24474726133893,0.5006023925319131,76.23680856883188,77.92739379343602,0.0,0.0,0.0,1.24474726133893,0.5173273405207851,1.7453496538708433,1.0179297330526982,0.7803276589291975,0.05290773811105254,0.6696632838424755,-0.05775663697566946,0.31972392105924324,-0.40769599975890175,0.19126706342649374,-0.5361528573916512,0.33897734496015625,-0.38844257585798875,0.34375036,-0.38366956319027634,0.47001350780246254,-0.25740641301568246,0.2633047487883193,-0.4641151720298257,0.2592772550635599,-0.4681426657545851
E01026227,E01026227,North Kesteven 010A,North Kesteven,E01026227,1,2021,1.0938474454638,0.727419920818145,-0.5173273405207851,76.23680856883188,77.92739379343602,0.0,0.0,0.0,0.727419920818145,-0.3664275246456551,0.2100925802973599,-0.8837548651664402,0.7810090618680443,-0.3128383835957558,0.6701102254958353,-0.42373721996796476,0.31972392105924324,-0.7741235244045568,0.19126706342649374,-0.9025803820373064,0.33897734496015625,-0.7548701005036438,0.34375036,-0.7500970878359314,0.47001350780246254,-0.6238339376613375,0.22717061748114586,-0.8666768279826542,0.2592002032298695,-0.8346472422339306
E01026227,E01026227,North Kesteven 010A,North Kesteven,E01026227,1,2022,1.20684369550995,1.0938474454638,0.3664275246456551,76.23680856883188,77.92739379343602,0.0,0.0,0.0,1.0938474454638,-0.11299625004614988,1.460274970109455,0.2534312745995051,0.7836920859397534,-0.4231516095701966,0.6718700582559397,-0.5349736372540103,0.31972392105924324,-0.8871197744507067,0.192633014604535,-1.014210680905415,0.33897734496015625,-0.8678663505497937,0.3428034,-0.8640403066759503,0.47001350780246254,-0.7368301877074874,0.2316259367862712,-0.9752177587236788,0.25889681163471345,-0.9479468838752365
E01026230,E01026230,North Kesteven 010B,North Kesteven,E01026230,1,2020,1.03934454030133,1.47041717506828,0.853939322837189,76.47243323083111,77.64099300320375,0.0,0.0,0.0,1.47041717506828,0.43107263476695,2.3243564979054687,1.2850119576041388,0.33300407642737717,-0.7063404638739528,0.2510849694595503,-0.7882595708417797,0.4185460073037442,-0.6207985329975858,0.24462508922990664,-0.7947194510714233,0.34766022332907554,-0.6916843169722544,0.42227405,-0.6170704872045587,0.27515291779855905,-0.764191622502771,0.3153804667278922,-0.7239640735734377,0.43459352723408373,-0.6047510130672462
E01026230,E01026230,North Kesteven 010B,North Kesteven,E01026230,1,2021,0.966800786856572,1.03934454030133,-0.43107263476695,76.47243323083111,77.64099300320375,0.0,0.0,0.0,1.03934454030133,0.07254375344475794,0.6082719055343799,-0.3585288813221921,0.33300407642737717,-0.6337967104291948,0.2510849694595503,-0.7157158173970217,0.4185460073037442,-0.5482547795528279,0.24462508922990664,-0.7221756976266653,0.34766022332907554,-0.6191405635274965,0.42227405,-0.5445267337598008,0.27515291779855905,-0.691647869058013,0.3153804667278922,-0.6514203201286798,0.43459352723408373,-0.5322072596224883
E01026230,E01026230,North Kesteven 010B,North Kesteven,E01026230,1,2022,1.22019604810333,0.966800786856572,-0.07254375344475794,76.47243323083111,77.64099300320375,0.0,0.0,0.0,0.966800786856572,-0.25339526124675804,0.8942570334118141,-0.325939014691516,0.33300407642737717,-0.8871919716759529,0.2510849694595503,-0.9691110786437798,0.4185460073037442,-0.8016500407995859,0.24462508922990664,-0.9755709588734234,0.34766022332907554,-0.8725358247742545,0.42227405,-0.7979219950065588,0.27515291779855905,-0.945043130304771,0.3153804667278922,-0.9048155813754378,0.43459352723408373,-0.7856025208692463
E01026231,E01026231,North Kesteven 010C,North Kesteven,E01026231,1,2020,-0.107838717192197,0.0100896638840065,0.4096831654366455,75.75383949743019,78.54958960099862,0.0,0.0,0.0,0.0100896638840065,0.1179283810762035,0.419772829320652,0.527611546512849,-0.4851590414177439,-0.3773203242255469,-0.391645996506817,-0.28380727931461996,-0.3483712899717897,-0.24053257277959267,-0.3911186640960254,-0.2832799469038284,-0.36740844294586295,-0.25956972575366594,-0.33005926,-0.22222054293773158,-0.31524427038261926,-0.20740555319042225,-0.3094781673499976,-0.2016394501578006,-0.34833231274086285,-0.24049359554866584
E01026231,E01026231,North Kesteven 010C,North Kesteven,E01026231,1,2021,-0.104154571358353,-0.107838717192197,-0.1179283810762035,75.75383949743019,78.54958960099862,0.0,0.0,0.0,-0.107838717192197,-0.0036841458338439936,-0.2257670982684005,-0.1216125269100475,-0.4862663211933699,-0.3821117498350169,-0.3923722766935267,-0.2882177053351737,-0.3558798078619913,-0.2517252365036383,-0.3877757163358487,-0.2836211449774957,-0.36740844294586295,-0.26325387158750996,-0.33534577,-0.23119120353063932,-0.31524427038261926,-0.21108969902426628,-0.34636851434868104,-0.24221394299032806,-0.34820710351111595,-0.24405253215276296
E01026231,E01026231,North Kesteven 010C,North Kesteven,E01026231,1,2022,0.243402918821809,-0.104154571358353,0.0036841458338439936,75.75383949743019,78.54958960099862,0.0,0.0,0.0,-0.104154571358353,-0.347557490180162,-0.10047042552450901,-0.343873344346318,-0.4862663211933699,-0.7296692400151789,-0.3923722766935267,-0.6357751955153357,-0.3558798078619913,-0.5992827266838003,-0.3877757163358487,-0.6311786351576577,-0.36740844294586295,-0.6108113617676719,-0.33534577,-0.5787486937108013,-0.31524427038261926,-0.5586471892044282,-0.34636851434868104,-0.5897714331704901,-0.34820710351111595,-0.5916100223329249
E01026232,E01026232,North Kesteven 010D,North Kesteven,E01026232,1,2020,0.982794242700555,1.75952640384414,0.6658881475279501,77.03623756661437,77.10709330440959,0.0,0.0,0.0,1.75952640384414,0.776732161143585,2.42541455137209,1.4426203086715352,0.6164502993811954,-0.3663439433193596,0.5177339333718081,-0.465060309328747,0.653485074449261,-0.3293091682512941,0.5389182125527083,-0.4438760301478467,0.7195676088848244,-0.26322663381573064,0.7686561,-0.2141381676997921,0.6324226077701904,-0.3503716349303646,0.7180648430261292,-0.2647293996744259,0.678406373918594,-0.304387868781961
E01026232,E01026232,North Kesteven 010D,North Kesteven,E01026232,1,2021,1.22497506469773,0.982794242700555,-0.776732161143585,77.03623756661437,77.10709330440959,0.0,0.0,0.0,0.982794242700555,-0.24218082199717494,0.20606208155697003,-1.01891298314076,0.6153004319218915,-0.6096746327758384,0.5169797193317633,-0.7079953453659666,0.653485074449261,-0.571489990248469,0.5373930175435399,-0.6875820471541901,0.7195676088848244,-0.5054074558129056,0.7686561,-0.45631898969696705,0.6316069753227956,-0.5933680893749343,0.7069083451121443,-0.5180667195855857,0.6802123923269867,-0.5447626723707433
E01026232,E01026232,North Kesteven 010D,North Kesteven,E01026232,1,2022,1.57338259317504,1.22497506469773,0.24218082199717494,77.03623756661437,77.10709330440959,0.0,0.0,0.0,1.22497506469773,-0.34840752847731005,1.467155886694905,-0.10622670648013499,0.6149171427687903,-0.9584654504062498,0.5167283146517484,-1.0566542785232915,0.653485074449261,-0.9198975187257791,0.5373930175435399,-1.0359895756315,0.7195676088848244,-0.8538149842902156,0.7686561,-0.8047265181742771,0.6316069753227956,-0.9417756178522444,0.7069083451121443,-0.8664742480628957,0.6802557339834375,-0.8931268591916025
E01026235,E01026235,North Kesteven 010E,North Kesteven,E01026235,1,2020,0.519391035442344,0.397392135706067,-0.16643259649033593,76.64244041959499,77.700770025539,0.0,0.0,0.0,0.397392135706067,-0.12199889973627698,0.2309595392157311,-0.2884314962266129,0.5967566769330428,0.0773656414906988,0.5119424936998088,-0.007448541742535175,0.21062944306268078,-0.3087615923796632,0.1335057133770856,-0.3858853220652584,0.27297007261408185,-0.24642096282826215,0.2667703,-0.25262073219298486,0.44697923357478514,-0.07241180186755886,0.2230223173502788,-0.2963687180920652,0.20155416722679403,-0.31783686821554996
E01026235,E01026235,North Kesteven 010E,North Kesteven,E01026235,1,2021,0.654254568813959,0.519391035442344,0.12199889973627698,76.64244041959499,77.700770025539,0.0,0.0,0.0,0.519391035442344,-0.13486353337161505,0.641389935178621,-0.012864633635338074,0.6013987344539363,-0.052855834360022724,0.5149872837133227,-0.13926728510063635,0.21440168980032032,-0.43985287901363873,0.1335057133770856,-0.5207488554368734,0.27297007261408185,-0.3812844961998772,0.26448432,-0.3897702527033481,0.44697923357478514,-0.2072753352391739,0.22701179422607728,-0.42724277458788174,0.20102925160977808,-0.45322531720418097
E01026235,E01026235,North Kesteven 010E,North Kesteven,E01026235,1,2022,1.0953029674849,0.654254568813959,0.13486353337161505,76.64244041959499,77.700770025539,0.0,0.0,0.0,0.654254568813959,-0.4410483986709409,0.7891181021855741,-0.30618486529932587,0.6008876822498013,-0.4944152852350987,0.5146520774733028,-0.5806508900115972,0.21440168980032032,-0.8809012776845797,0.1335057133770856,-0.9617972541078144,0.27297007261408185,-0.8223328948708182,0.26448432,-0.830818651374289,0.44697923357478514,-0.6483237339101149,0.22789724816366672,-0.8674057193212332,0.2010870404850459,-0.8942159269998541
E01026228,E01026228,North Kesteven 011A,North Kesteven,E01026228,1,2020,-0.136276374666221,0.177808116108938,0.562674672339004,75.99391693437323,78.30343646758365,0.0,0.0,0.0,0.177808116108938,0.314084490775159,0.740482788447942,0.876759163114163,-0.39106832443344786,-0.25479194976722686,-0.30355277858136964,-0.16727640391514864,-0.4210309214185642,-0.2847545467523432,-0.4496082347185678,-0.3133318600523468,-0.4054136510867477,-0.2691372764205267,-0.39120534,-0.2549289659576346,-0.27972453237167055,-0.14344815770544955,-0.4150836129682688,-0.2788072383020478,-0.3986788127172147,-0.2624024380509937
E01026228,E01026228,North Kesteven 011A,North Kesteven,E01026228,1,2021,0.163398749953557,-0.136276374666221,-0.314084490775159,75.99391693437323,78.30343646758365,0.0,0.0,0.0,-0.136276374666221,-0.29967512461977797,-0.45036086544138,-0.613759615394937,-0.3848079349327935,-0.5482066848863505,-0.2994465021411262,-0.4628452520946832,-0.40716565803960725,-0.5705644079931642,-0.45314409101078373,-0.6165428409643408,-0.40646497217396377,-0.5698637221275208,-0.40244523,-0.5658439768612871,-0.291137706087481,-0.454536456041038,-0.48397579803254287,-0.6473745479860998,-0.3965467434399921,-0.559945493393549
E01026228,E01026228,North Kesteven 011A,North Kesteven,E01026228,1,2022,0.29365561868929,0.163398749953557,0.29967512461977797,75.99391693437323,78.30343646758365,0.0,0.0,0.0,0.163398749953557,-0.13025686873573303,0.46307387457333493,0.1694182558840449,-0.3893648170863311,-0.6830204357756211,-0.3024354244479701,-0.5960910431372601,-0.408927906571046,-0.7025835252603361,-0.446848538782864,-0.740504157472154,-0.41025108127648335,-0.7039066999657734,-0.39570165,-0.6893572654940996,-0.27972453237167055,-0.5733801510609606,-0.4995851187834015,-0.7932407374726915,-0.3985428126496505,-0.6921984313389405
E01026229,E01026229,North Kesteven 011B,North Kesteven,E01026229,1,2020,0.17580071236225,0.29044690240635,0.572175518982137,75.86314808800869,78.05270084601189,0.0,0.0,0.0,0.29044690240635,0.11464619004410001,0.862622421388487,0.686821709026237,-0.31444202170746066,-0.49024273406971064,-0.30859561797022717,-0.4843963303324772,-0.38593348604160643,-0.5617341984038564,-0.4009343643325962,-0.5767350766948462,-0.3406261630577683,-0.5164268754200183,-0.33462685,-0.510427565828284,-0.2763197156747888,-0.4521204280370388,-0.3696366118856237,-0.5454373242478737,-0.3718005017137661,-0.5476012140760161
E01026229,E01026229,North Kesteven 011B,North Kesteven,E01026229,1,2021,0.40245795823253,0.17580071236225,-0.11464619004410001,75.86314808800869,78.05270084601189,0.0,0.0,0.0,0.17580071236225,-0.22665724587028,0.061154522318149995,-0.34130343591438,-0.30835198294151783,-0.7108099411740478,-0.3046010769433236,-0.7070590351758537,-0.46003551086439143,-0.8624934690969215,-0.48101565102014726,-0.8834736092526773,-0.3354877791936188,-0.7379457374261488,-0.3558238,-0.7582817731014571,-0.29728621979757347,-0.6997441780301035,-0.3175837747766471,-0.7200417330091771,-0.38567215925590603,-0.7881301174884361
E01026229,E01026229,North Kesteven 011B,North Kesteven,E01026229,1,2022,0.334863637915529,0.40245795823253,0.22665724587028,75.86314808800869,78.05270084601189,0.0,0.0,0.0,0.40245795823253,0.06759432031700102,0.62911520410281,0.294251566187281,-0.3094592627171438,-0.6443229006326727,-0.30532735713003334,-0.6401909950455623,-0.4248921445323033,-0.7597557824478323,-0.45536929179201585,-0.7902329297075448,-0.33436863114316584,-0.6692322690586948,-0.35970408,-0.6945677151593339,-0.2919807535950483,-0.6268443915105772,-0.3853260358955712,-0.7201896738111002,-0.3923013546777755,-0.7271649925933045
E01026233,E01026233,North Kesteven 011C,North Kesteven,E01026233,1,2020,-0.0703127983002713,-0.113880399426158,0.37655766189641,76.30894911628769,77.77145845683295,0.0,0.0,0.0,-0.113880399426158,-0.0435676011258867,0.26267726247025197,0.3329900607705233,-0.5220859754777661,-0.4517731771774948,-0.4100052601025106,-0.3396924618022393,-0.34345575612646767,-0.27314295782619635,-0.4092758933041565,-0.33896309500388516,-0.4146988442156719,-0.34438604591540056,-0.4094368,-0.33912399383496733,-0.39408274047376185,-0.32376994217349053,-0.34078040702851364,-0.2704676087282423,-0.3559323783681688,-0.2856195800678975
E01026233,E01026233,North Kesteven 011C,North Kesteven,E01026233,1,2021,0.166577919723416,-0.0703127983002713,0.0435676011258867,76.30894911628769,77.77145845683295,0.0,0.0,0.0,-0.0703127983002713,-0.23689071802368733,-0.026745197174384602,-0.19332311689780063,-0.5215323355899532,-0.6881102553133691,-0.4096421200091557,-0.5762200397325716,-0.34177575379620684,-0.5083536735196228,-0.4103738896791409,-0.576951809402557,-0.4146988442156719,-0.5812767639390879,-0.40702608,-0.573604002000714,-0.39408274047376185,-0.5606606601971779,-0.3512516117549867,-0.5178295314784027,-0.35599498298304233,-0.5225729027064583
E01026233,E01026233,North Kesteven 011C,North Kesteven,E01026233,1,2022,0.426973708070401,0.166577919723416,0.23689071802368733,76.30894911628769,77.77145845683295,0.0,0.0,0.0,0.166577919723416,-0.260395788346985,0.40346863774710334,-0.023505070323297683,-0.5198288282428363,-0.9468025363132373,-0.40852476587575615,-0.8354984739461572,-0.36399959927333797,-0.790973307343739,-0.4289978523868575,-0.8559715604572585,-0.4146988442156719,-0.8416725522860729,-0.4154095,-0.8423832134376801,-0.40432826730746013,-0.8313019753778612,-0.3436371354962017,-0.7706108435666027,-0.3561876125672684,-0.7831613206376694
E01026186,E01026186,North Kesteven 001A,North Kesteven,E01026186,1,2020,0.639542964464497,0.327621103953094,0.580970252854587,39.22533231706247,47.958124220241984,0.0,0.0,0.0,0.327621103953094,-0.31192186051140297,0.9085913568076811,0.2690483923431841,-0.12460491651313395,-0.764147880977631,-0.22685717860618446,-0.8664001430706815,-0.30245019830313247,-0.9419931627676295,-0.358172694196583,-0.99771565866108,-0.30398261283315975,-0.9435255772976567,-0.30758744,-0.9471304092467541,-0.18303379457278102,-0.822576759037278,-0.317089744141463,-0.9566327086059601,-0.31553153600815287,-0.9550745004726499
E01026186,E01026186,North Kesteven 001A,North Kesteven,E01026186,1,2021,0.785948914829364,0.639542964464497,0.31192186051140297,39.22533231706247,47.958124220241984,0.0,0.0,0.0,0.639542964464497,-0.14640595036486703,0.9514648249758999,0.16551591014653588,-0.13367609313653128,-0.9196250079658953,-0.2328070893665373,-1.0187560041959014,-0.2636538039128757,-1.0496027187422396,-0.31769209098808476,-1.1036410058174488,-0.227040141752246,-1.01298905658161,-0.24235572,-1.0283046340380815,-0.1716206208569705,-0.9575695356863345,-0.19600678756879775,-0.9819557023981618,-0.2501443688164556,-1.0360932836458197
E01026186,E01026186,North Kesteven 001A,North Kesteven,E01026186,1,2022,0.736277086606274,0.785948914829364,0.14640595036486703,39.22533231706247,47.958124220241984,0.0,0.0,0.0,0.785948914829364,0.04967182822309002,0.932354865194231,0.19607777858795705,-0.13367609313653128,-0.8699531797428053,-0.2328070893665373,-0.9690841759728113,-0.2636538039128757,-0.9999308905191497,-0.31769209098808476,-1.0539691775943587,-0.227040141752246,-0.96331722835852,-0.24235572,-0.9786328058149913,-0.1716206208569705,-0.9078977074632445,-0.19600678756879775,-0.9322838741750717,-0.2501443688164556,-0.9864214554227295
E01026187,E01026187,North Kesteven 001B,North Kesteven,E01026187,1,2020,0.221261238241749,-0.0853277193690999,-0.0836283796851117,40.781751190628505,48.803195154242424,0.0,0.0,0.0,-0.0853277193690999,-0.3065889576108489,-0.1689560990542116,-0.39021733729596064,-0.24538652034761632,-0.46664775858936536,-0.3383004354523834,-0.5595616736941325,-0.3341999526501001,-0.5554611908918491,-0.40528171796284695,-0.626542956204596,-0.2355923753792286,-0.45685361362097765,-0.25564197,-0.4769032052999308,-0.24871076834820188,-0.46997200658995086,-0.047315986973414124,-0.26857722521516314,-0.2569827597294124,-0.47824399797116146
E01026187,E01026187,North Kesteven 001B,North Kesteven,E01026187,1,2021,0.349898945461634,0.221261238241749,0.3065889576108489,40.781751190628505,48.803195154242424,0.0,0.0,0.0,0.221261238241749,-0.12863770721988502,0.527850195852598,0.17795125039096393,-0.24432182825566828,-0.5942207737173023,-0.3376020891190087,-0.6875010345806427,-0.3420743785179467,-0.6919733239795807,-0.41112877153797234,-0.7610277169996064,-0.2213244272676148,-0.5712233727292488,-0.25482136,-0.6047203055728706,-0.2857953841352909,-0.6356943295969248,-0.0722182972158658,-0.42211724267749984,-0.2571031532195537,-0.6070020986811877
E01026187,E01026187,North Kesteven 001B,North Kesteven,E01026187,1,2022,0.207232162084289,0.349898945461634,0.12863770721988502,40.781751190628505,48.803195154242424,0.0,0.0,0.0,0.349898945461634,0.14266678337734504,0.478536652681519,0.27130449059723005,-0.24325713616372024,-0.4504892982480092,-0.33690374278563384,-0.5441359048699228,-0.374056677398275,-0.5812888394825639,-0.43244350886897415,-0.6396756709532632,-0.2561244986940315,-0.4633566607783205,-0.32632357,-0.5335557309052423,-0.3088943504333538,-0.5161265125176427,-0.1171464399731131,-0.3243786020574021,-0.3159076294954897,-0.5231397915797786
E01026189,E01026189,North Kesteven 001C,North Kesteven,E01026189,1,2020,-0.0063161608073152,-0.168888394581534,0.26651777180316394,68.22367341897741,58.017223078299445,0.0,0.0,0.0,-0.168888394581534,-0.1625722337742188,0.09762937722162993,0.10394553802894513,-0.3838468473819778,-0.3775306865746626,-0.23968946408873185,-0.23337330328141664,-0.5527833733583097,-0.5464672125509945,-0.5124653175385002,-0.506149156731185,-0.4999293222153961,-0.4936131614080809,-0.5245174,-0.5182012561467253,-0.29554175804576144,-0.28922559723844626,-0.6096173584314547,-0.6033011976241395,-0.4458123285783796,-0.4394961677710644
E01026189,E01026189,North Kesteven 001C,North Kesteven,E01026189,1,2021,0.372853510147937,-0.0063161608073152,0.1625722337742188,68.22367341897741,58.017223078299445,0.0,0.0,0.0,-0.0063161608073152,-0.37916967095525217,0.1562560729669036,-0.2165974371810334,-0.3828673306573856,-0.7557208408053226,-0.2390469854620271,-0.6119004956099641,-0.5501007159698243,-0.9229542261177613,-0.5135835876805517,-0.8864370978284887,-0.4999293222153961,-0.8727828323633331,-0.5245174,-0.8973709271019775,-0.3044468755952374,-0.6773003857431744,-0.5892324684220923,-0.9620859785700293,-0.44592309058930957,-0.8187766007372466
E01026189,E01026189,North Kesteven 001C,North Kesteven,E01026189,1,2022,0.541841586009983,0.372853510147937,0.37916967095525217,68.22367341897741,58.017223078299445,0.0,0.0,0.0,0.372853510147937,-0.168988075862046,0.7520231811031892,0.21018159509320622,-0.38538000399438305,-0.9272215900043661,-0.2406950828087915,-0.7825366688187745,-0.5527833733583097,-1.0946249593682928,-0.5071438763683782,-1.0489854623783612,-0.4999293222153961,-1.041770908225379,-0.5224531,-1.0642947153015174,-0.29554175804576144,-0.8373833440557444,-0.5934961198819836,-1.1353377058919665,-0.44563896195257624,-0.9874805479625592
E01026203,E01026203,North Kesteven 001D,North Kesteven,E01026203,1,2020,0.0920723001056206,0.0105344318626035,0.0598040970292534,70.61707839335628,68.33930239027937,0.0,0.0,0.0,0.0105344318626035,-0.0815378682430171,0.0703385288918569,-0.0217337712137637,-0.20037146523125837,-0.292443765336879,-0.22168116824154857,-0.31375346834716916,0.0802230528395925,-0.01184924726602811,-0.30124769505601323,-0.39331999516163385,0.08230776249461244,-0.009764537611008164,0.03414292,-0.057929381220866424,0.0177695900980772,-0.0743027100075434,-0.3276924423596998,-0.4197647424653204,0.08974654671568649,-0.0023257533899341126
E01026203,E01026203,North Kesteven 001D,North Kesteven,E01026203,1,2021,0.248203642456824,0.0920723001056206,0.0815378682430171,70.61707839335628,68.33930239027937,0.0,0.0,0.0,0.0920723001056206,-0.1561313423512034,0.1736101683486377,-0.07459347410818629,-0.17916279875965346,-0.4273664412164775,-0.20777010928072367,-0.4559737517375477,-0.21857137830832365,-0.46677502076514765,-0.3902914569032714,-0.6384950993600954,-0.20188036504199774,-0.4500840074988217,-0.21438327,-0.46258691677361174,-0.13900061614621118,-0.3872042586030352,-0.2802922598542018,-0.5284959023110258,-0.20140039294121195,-0.44960403539803595
E01026203,E01026203,North Kesteven 001D,North Kesteven,E01026203,1,2022,0.466062849735813,0.248203642456824,0.1561313423512034,70.61707839335628,68.33930239027937,0.0,0.0,0.0,0.248203642456824,-0.21785920727898903,0.40433498480802743,-0.06172786492778559,-0.20620597789513373,-0.6722688276309468,-0.22550810614844216,-0.6915709558842552,0.11246067450892684,-0.3536021752268862,-0.2807229431388192,-0.7467857928746322,0.08230776249461244,-0.38375508724120055,0.047005735,-0.4190571143980788,0.03442253451394539,-0.43164031522186763,-0.17775447447844833,-0.6438173242142613,0.08877238194481012,-0.3772904677910029
E01026204,E01026204,North Kesteven 001E,North Kesteven,E01026204,1,2020,0.099439223147513,0.0523482018801049,0.18244329929428993,75.61141864621501,71.04020593442749,0.0,0.0,0.0,0.0523482018801049,-0.04709102126740809,0.23479150117439485,0.13535227802688185,-0.4308771087750848,-0.5303163319225978,-0.35047430364036203,-0.449913526787875,-0.35569902930496106,-0.4551382524524741,-0.48393731746083046,-0.5833765406083434,-0.37379843254004963,-0.4732376556875626,-0.35012555,-0.44956477437126785,-0.26269451949466605,-0.362133742642179,-0.34230023426070244,-0.4417394574082154,-0.34661598048854925,-0.4460552036360622
E01026204,E01026204,North Kesteven 001E,North Kesteven,E01026204,1,2021,0.24118030165078,0.099439223147513,0.04709102126740809,75.61141864621501,71.04020593442749,0.0,0.0,0.0,0.099439223147513,-0.141741078503267,0.14653024441492107,-0.09465005723585893,-0.4308771087750848,-0.6720574104258648,-0.35047430364036203,-0.591654605291142,-0.35569902930496106,-0.5968793309557411,-0.48393731746083046,-0.7251176191116104,-0.37379843254004963,-0.6149787341908296,-0.35012555,-0.5913058528745349,-0.26269451949466605,-0.503874821145446,-0.34230023426070244,-0.5834805359114824,-0.34661598048854925,-0.5877962821393292
E01026204,E01026204,North Kesteven 001E,North Kesteven,E01026204,1,2022,0.207445328539719,0.24118030165078,0.141741078503267,75.61141864621501,71.04020593442749,0.0,0.0,0.0,0.24118030165078,0.033734973111060995,0.382921380154047,0.17547605161432797,-0.42751268176452883,-0.6349580103042478,-0.34826752922689785,-0.5557128577666168,-0.3704906865098063,-0.5779360150495253,-0.4896411779479059,-0.6970865064876249,-0.3791812317971917,-0.5866265603369107,-0.38082942,-0.5882747522057193,-0.26269451949466605,-0.470139848034385,-0.42356745250854755,-0.6310127810482665,-0.3616501415273159,-0.5690954700670349
E01026206,E01026206,North Kesteven 001F,North Kesteven,E01026206,1,2020,-0.327722461489882,-0.237782685278068,0.139388104467993,72.932657537706,66.48019385478285,0.0,0.0,0.0,-0.237782685278068,0.08993977621181398,-0.09839458081007502,0.22932788067980697,-0.486879267604753,-0.15915680611487099,-0.40989629007828843,-0.08217382858840644,-0.465599625291246,-0.137877163801364,-0.5213468703680245,-0.19362440887814253,-0.5231377008840248,-0.1954152393941428,-0.55996287,-0.23224040720060873,-0.4332044801945204,-0.10548201870463841,-0.5844064838479563,-0.25668402235807436,-0.4869423315778856,-0.1592198700880036
E01026206,E01026206,North Kesteven 001F,North Kesteven,E01026206,1,2021,-0.0349559608872495,-0.327722461489882,-0.08993977621181398,72.932657537706,66.48019385478285,0.0,0.0,0.0,-0.327722461489882,-0.2927665006026325,-0.41766223770169597,-0.38270627681444647,-0.49118062365622317,-0.45622466276897367,-0.41271760926512235,-0.37776164837787285,-0.4697569917070585,-0.434801030819809,-0.5506373396812226,-0.5156813787939731,-0.5231377008840248,-0.4881817399967753,-0.5808281,-0.5458721097533145,-0.45029905569995354,-0.41534309481270404,-0.6128992076068768,-0.5779432467196273,-0.506754853111263,-0.4717988922240135
E01026206,E01026206,North Kesteven 001F,North Kesteven,E01026206,1,2022,0.176562871610983,-0.0349559608872495,0.2927665006026325,72.932657537706,66.48019385478285,0.0,0.0,0.0,-0.0349559608872495,-0.2115188324982325,0.257810539715383,0.08124766810439998,-0.490115931564275,-0.666678803175258,-0.4120192629317476,-0.5885821345427307,-0.46753268819030985,-0.6440955598012928,-0.5337634406229609,-0.7103263122339438,-0.5231377008840248,-0.6997005724950078,-0.56954294,-0.746105816042288,-0.44006104541488955,-0.6166239170258725,-0.6075867950194261,-0.7841496666304091,-0.48657633536785605,-0.6631392069788391
E01026182,E01026182,North Kesteven 003B,North Kesteven,E01026182,1,2020,0.270329682839235,0.348570792373579,0.2520522755233856,52.74020997290282,66.5829538593862,0.0,0.0,0.0,0.348570792373579,0.07824110953434404,0.6006230678969646,0.33029338505772965,-0.3263785870273307,-0.5967082698665657,-0.4093386661435505,-0.6796683489827855,-0.24620772161950252,-0.5165374044587375,-0.3157801186606791,-0.5861098014999141,-0.2869119984936506,-0.5572416813328855,-0.27791598,-0.5482456672314011,-0.40876577846111095,-0.6790954613003459,-0.22084210147729696,-0.49117178431653197,-0.2738917492747661,-0.5442214321140011
E01026182,E01026182,North Kesteven 003B,North Kesteven,E01026182,1,2021,0.54866692993138,0.270329682839235,-0.07824110953434404,52.74020997290282,66.5829538593862,0.0,0.0,0.0,0.270329682839235,-0.278337247092145,0.19208857330489093,-0.35657835662648907,-0.3263785870273307,-0.8750455169587107,-0.4093386661435505,-0.9580055960749305,-0.24620772161950252,-0.7948746515508825,-0.3157801186606791,-0.8644470485920591,-0.2869119984936506,-0.8355789284250306,-0.27791598,-0.8265829143235461,-0.40876577846111095,-0.957432708392491,-0.22084210147729696,-0.769509031408677,-0.2738917492747661,-0.8225586792061461
E01026182,E01026182,North Kesteven 003B,North Kesteven,E01026182,1,2022,0.630178822106892,0.54866692993138,0.278337247092145,52.74020997290282,66.5829538593862,0.0,0.0,0.0,0.54866692993138,-0.08151189217551202,0.827004177023525,0.196825354916633,-0.3263785870273307,-0.9565574091342227,-0.4093386661435505,-1.0395174882504425,-0.24620772161950252,-0.8763865437263946,-0.3157801186606791,-0.9459589407675711,-0.2869119984936506,-0.9170908206005426,-0.27791598,-0.9080948064990582,-0.40876577846111095,-1.038944600568003,-0.22084210147729696,-0.851020923584189,-0.2738917492747661,-0.9040705713816581
E01026193,E01026193,North Kesteven 003C,North Kesteven,E01026193,1,2020,0.334818845951045,0.213819804532307,0.2160393956218443,53.026028119206885,66.6673287544023,0.0,0.0,0.0,0.213819804532307,-0.12099904141873799,0.4298592001541513,0.0950403542031063,0.20611438163082735,-0.12870446432021765,-0.04727388115442868,-0.3820927271054737,-0.020710737148517795,-0.3555295830995628,-0.11170867400528624,-0.4465275199563312,0.06263376554398535,-0.27218508040705963,0.09038087,-0.24443797614523216,-0.019907296852043815,-0.3547261428030888,0.13039188433633894,-0.20442696161470605,0.0212010840939154,-0.3136177618571296
E01026193,E01026193,North Kesteven 003C,North Kesteven,E01026193,1,2021,0.358237044017623,0.334818845951045,0.12099904141873799,53.026028119206885,66.6673287544023,0.0,0.0,0.0,0.334818845951045,-0.023418198066578022,0.455817887369783,0.09758084335216,0.20615696931450528,-0.15208007470311774,-0.04724594730109369,-0.4054829913187167,-0.020710737148517795,-0.3789477811661408,-0.11170867400528624,-0.46994571802290924,0.06263376554398535,-0.29560327847363765,0.09038087,-0.2678561742118102,-0.019907296852043815,-0.37814434086966686,0.13039188433633894,-0.22784515968128408,0.021196268354309752,-0.33704077566331325
E01026193,E01026193,North Kesteven 003C,North Kesteven,E01026193,1,2022,0.140735979819862,0.358237044017623,0.023418198066578022,53.026028119206885,66.6673287544023,0.0,0.0,0.0,0.358237044017623,0.21750106419776102,0.38165524208420104,0.24091926226433905,0.20615696931450528,0.06542098949464328,-0.04724594730109369,-0.18798192712095568,-0.020710737148517795,-0.16144671696837978,-0.11170867400528624,-0.25244465382514825,0.06263376554398535,-0.07810221427587664,0.09038087,-0.05035511001404916,-0.019907296852043815,-0.1606432766719058,0.13039188433633894,-0.010344095483523053,0.021196268354309752,-0.11953971146555224
E01026199,E01026199,North Kesteven 003D,North Kesteven,E01026199,1,2020,0.372683845090796,0.348361037294193,0.2763650764294699,62.21577864790171,70.96558720564103,0.0,0.0,0.0,0.348361037294193,-0.024322807796603008,0.6247261137236628,0.25204226863286683,0.20436972009255505,-0.16831412499824094,-0.05491906320945142,-0.4276029083002474,-0.1140331090855828,-0.4867169541763788,-0.21354059103680845,-0.5862244361276044,-0.14978041921617674,-0.5224642643069728,-0.1392897,-0.5119735520362153,-0.1518592980467446,-0.5245431431375406,-0.17949484780968059,-0.5521786929004766,-0.15562609977504346,-0.5283099448658395
E01026199,E01026199,North Kesteven 003D,North Kesteven,E01026199,1,2021,0.636628822797499,0.372683845090796,0.024322807796603008,62.21577864790171,70.96558720564103,0.0,0.0,0.0,0.372683845090796,-0.263944977706703,0.397006652887399,-0.2396221699101,0.20445489545991086,-0.43217392733758814,-0.05486319550278149,-0.6914920183002805,-0.1140331090855828,-0.7506619318830818,-0.21354059103680845,-0.8501694138343074,-0.14978041921617674,-0.7864092420136757,-0.1392897,-0.7759185297429183,-0.1518592980467446,-0.7884881208442436,-0.17949484780968059,-0.8161236706071796,-0.15563573125425476,-0.7922645540517538
E01026199,E01026199,North Kesteven 003D,North Kesteven,E01026199,1,2022,0.996203173376604,0.636628822797499,0.263944977706703,62.21577864790171,70.96558720564103,0.0,0.0,0.0,0.636628822797499,-0.35957435057910503,0.900573800504202,-0.09562937287240203,0.20454007082726677,-0.7916631025493372,-0.054807327796111444,-1.0510105011727155,-0.1140331090855828,-1.1102362824621868,-0.21354059103680845,-1.2097437644134126,-0.14978041921617674,-1.1459835925927808,-0.1392897,-1.1354928803220234,-0.1518592980467446,-1.1480624714233487,-0.17949484780968059,-1.1756980211862846,-0.15564536273346607,-1.15184853611007
E01026225,E01026225,North Kesteven 003E,North Kesteven,E01026225,1,2020,0.467189271672596,0.391135478012481,0.4325227786385998,65.3122733524713,65.10991924625478,0.0,0.0,0.0,0.391135478012481,-0.076053793660115,0.8236582566510808,0.35646898497848484,-0.429134492611018,-0.8963237642836139,-0.33296515135926474,-0.8001544230318607,-0.16244891583975957,-0.6296381875123556,-0.2810718999125729,-0.7482611715851689,-0.14148367728066816,-0.6086729489532642,-0.16937791,-0.6365671797832146,-0.16107490800133165,-0.6282641796739277,-0.19500587014870116,-0.6621951418212971,-0.10513679344776304,-0.572326065120359
E01026225,E01026225,North Kesteven 003E,North Kesteven,E01026225,1,2021,0.700013662891708,0.467189271672596,0.076053793660115,65.3122733524713,65.10991924625478,0.0,0.0,0.0,0.467189271672596,-0.23282439121911197,0.5432430653327109,-0.15677059755899703,-0.4259830040188518,-1.1259966669105599,-0.33089804621247554,-1.0309117091041835,-0.16157851879390314,-0.8615921816856111,-0.2626912502761189,-0.9627049131678269,-0.14148367728066816,-0.8414973401723761,-0.16937791,-0.8693915710023266,-0.16107490800133165,-0.8610885708930396,-0.1775679749025135,-0.8775816377942215,-0.1054931581785812,-0.8055068210702891
E01026225,E01026225,North Kesteven 003E,North Kesteven,E01026225,1,2022,0.690436693824574,0.700013662891708,0.23282439121911197,65.3122733524713,65.10991924625478,0.0,0.0,0.0,0.700013662891708,0.009576969067134011,0.9328380541108199,0.24240136028624593,-0.42875120345791673,-1.1191878972824907,-0.3327137466792499,-1.0231504405038239,-0.16244891583975957,-0.8528856096643336,-0.2810718999125729,-0.9715085937371468,-0.14148367728066816,-0.8319203711052421,-0.16937791,-0.8598146019351925,-0.16107490800133165,-0.8515116018259056,-0.1775679749025135,-0.8680046687270875,-0.1051801351042139,-0.7956168289287878
E01026226,E01026226,North Kesteven 003F,North Kesteven,E01026226,1,2020,1.20754460559633,1.09121905784959,0.42916284423165496,66.4877558569837,64.97792620159782,0.0,0.0,0.0,1.09121905784959,-0.11632554774673998,1.5203819020812448,0.3128372964849149,-0.11471408451008162,-1.3222586901064115,-0.13838874359463035,-1.3459333491909602,0.21901883537749778,-0.9885257702188321,0.13504339656928474,-1.0725012090270452,0.2703342936850588,-0.9372103119112711,0.3209756,-0.8865690039232037,0.12465993938932993,-1.082884666207,0.4135989994107488,-0.7939456061855812,0.32964196289196124,-0.8779026427043687
E01026226,E01026226,North Kesteven 003F,North Kesteven,E01026226,1,2021,1.1955788675335,1.20754460559633,0.11632554774673998,66.4877558569837,64.97792620159782,0.0,0.0,0.0,1.20754460559633,0.011965738062829967,1.32387015334307,0.12829128580956994,-0.11620465343880891,-1.3117835209723088,-0.13936642846135502,-1.334945295994855,0.22112985167267254,-0.9744490158608274,0.1333598647747062,-1.0622190027587937,0.30565059188305166,-0.8899282756504483,0.33077085,-0.8648080173519204,0.12465993938932993,-1.07091892814417,0.41469740518452436,-0.7808814623489756,0.3645052613571508,-0.8310736061763492
E01026226,E01026226,North Kesteven 003F,North Kesteven,E01026226,1,2022,1.13402374309316,1.1955788675335,-0.011965738062829967,66.4877558569837,64.97792620159782,0.0,0.0,0.0,1.1955788675335,0.06155512444034006,1.18361312947067,0.04958938637751009,-0.11722675784707902,-1.2512505009402388,-0.14003684094139476,-1.2740605840345547,0.22168735760726682,-0.912336385485893,0.13000821419050557,-1.0040155289026544,0.30035488679394134,-0.8336688562992185,0.33449057,-0.7995331756474049,0.12465993938932993,-1.00936380370383,0.45024952693036707,-0.6837742161627929,0.3646208391076864,-0.7694029039854735
E01032990,E01034693,North Kesteven 003I,North Kesteven,E01032990,1,2020,-0.155656106451099,-0.309312620385158,0.19371276153246203,56.932626988057656,69.58302337666161,0.0,0.0,0.0,-0.309312620385158,-0.153656513934059,-0.11559985885269597,0.04005624759840304,-0.463200913699817,-0.30754480724871797,-0.6762657155646274,-0.5206096091135284,-0.43404344423195823,-0.2783873377808592,-0.5394456645227423,-0.38378955807164333,-0.56824693308402,-0.41259082663292096,-0.5122705,-0.3566144037455868,-0.44028562501471835,-0.28462951856361934,-0.6065661606442494,-0.4509100541931504,-0.4702953567342981,-0.3146392502831991
E01032990,E01034693,North Kesteven 003I,North Kesteven,E01032990,1,2021,0.168851339660764,-0.155656106451099,0.153656513934059,56.932626988057656,69.58302337666161,0.0,0.0,0.0,-0.155656106451099,-0.324507446111863,-0.0019995925170400164,-0.170850932177804,-0.45246881741298073,-0.6213201570737448,-0.66922638452421,-0.838077724184974,-0.43404344423195823,-0.6028947838927222,-0.5344542141609226,-0.7033055538216866,-0.56824693308402,-0.7370982727447839,-0.50943184,-0.6782831786500219,-0.44028562501471835,-0.6091369646754823,-0.6063767075281631,-0.775228047188927,-0.4715089231149221,-0.6403602627756861
E01032990,E01034693,North Kesteven 003I,North Kesteven,E01032990,1,2022,0.147760951720624,0.168851339660764,0.324507446111863,56.932626988057656,69.58302337666161,0.0,0.0,0.0,0.168851339660764,0.021090387940139982,0.493358785772627,0.34559783405200295,-0.44863592588196766,-0.5963968776025916,-0.6667123377240609,-0.8144732894446849,-0.43404344423195823,-0.5818043959525823,-0.5335487621551759,-0.6813097138757999,-0.56824693308402,-0.716007884804644,-0.50943184,-0.6571927907098818,-0.44028562501471835,-0.5880465767353423,-0.6064513540212041,-0.7542123057418281,-0.4719423396794308,-0.6197032914000548
E01032990,E01034694,North Kesteven 003J,North Kesteven,E01032990,1,2020,-0.155656106451099,-0.309312620385158,0.19371276153246203,56.932626988057656,69.58302337666161,0.0,0.0,0.0,-0.309312620385158,-0.153656513934059,-0.11559985885269597,0.04005624759840304,-0.463200913699817,-0.30754480724871797,-0.6762657155646274,-0.5206096091135284,-0.43404344423195823,-0.2783873377808592,-0.5394456645227423,-0.38378955807164333,-0.56824693308402,-0.41259082663292096,-0.5122705,-0.3566144037455868,-0.44028562501471835,-0.28462951856361934,-0.6065661606442494,-0.4509100541931504,-0.4702953567342981,-0.3146392502831991
E01032990,E01034694,North Kesteven 003J,North Kesteven,E01032990,1,2021,0.168851339660764,-0.155656106451099,0.153656513934059,56.932626988057656,69.58302337666161,0.0,0.0,0.0,-0.155656106451099,-0.324507446111863,-0.0019995925170400164,-0.170850932177804,-0.45246881741298073,-0.6213201570737448,-0.66922638452421,-0.838077724184974,-0.43404344423195823,-0.6028947838927222,-0.5344542141609226,-0.7033055538216866,-0.56824693308402,-0.7370982727447839,-0.50943184,-0.6782831786500219,-0.44028562501471835,-0.6091369646754823,-0.6063767075281631,-0.775228047188927,-0.4715089231149221,-0.6403602627756861
E01032990,E01034694,North Kesteven 003J,North Kesteven,E01032990,1,2022,0.147760951720624,0.168851339660764,0.324507446111863,56.932626988057656,69.58302337666161,0.0,0.0,0.0,0.168851339660764,0.021090387940139982,0.493358785772627,0.34559783405200295,-0.44863592588196766,-0.5963968776025916,-0.6667123377240609,-0.8144732894446849,-0.43404344423195823,-0.5818043959525823,-0.5335487621551759,-0.6813097138757999,-0.56824693308402,-0.716007884804644,-0.50943184,-0.6571927907098818,-0.44028562501471835,-0.5880465767353423,-0.6064513540212041,-0.7542123057418281,-0.4719423396794308,-0.6197032914000548
E01032994,E01032994,North Kesteven 003H,North Kesteven,E01032994,1,2020,0.415419906407311,0.0897351159652162,0.34312993267925324,64.33227762722827,74.94547274392663,0.0,0.0,0.0,0.0897351159652162,-0.3256847904420948,0.43286504864446945,0.01744514223715843,-0.3027034841029913,-0.7181233905103024,-0.24297743630669313,-0.6583973427140042,-0.191393956692579,-0.60681386309989,-0.32705281097779043,-0.7424727173851015,-0.20759615541372325,-0.6230160618210343,-0.22045615,-0.6358760595616841,-0.20731827024886873,-0.6227381766561797,-0.26945019290830424,-0.6848700993156153,-0.2212439553370902,-0.6366638617444013
E01032994,E01032994,North Kesteven 003H,North Kesteven,E01032994,1,2021,0.542315569557043,0.415419906407311,0.3256847904420948,64.33227762722827,74.94547274392663,0.0,0.0,0.0,0.415419906407311,-0.12689566314973194,0.7411046968494058,0.19878912729236287,-0.29614498081659146,-0.8384605503736344,-0.2386756228931047,-0.7809911924501477,-0.1961754969554892,-0.7384910665125322,-0.32592712419579506,-0.868242693752838,-0.20759615541372325,-0.7499117249707662,-0.22045615,-0.7627717227114161,-0.20731827024886873,-0.7496338398059117,-0.24078557742274176,-0.7831011469797847,-0.22198557923636048,-0.7643011487934035
E01032994,E01032994,North Kesteven 003H,North Kesteven,E01032994,1,2022,0.682747682252635,0.542315569557043,0.12689566314973194,64.33227762722827,74.94547274392663,0.0,0.0,0.0,0.542315569557043,-0.14043211269559208,0.669211232706775,-0.013536449545860085,-0.28000424870265894,-0.962751930955294,-0.22808869247914362,-0.9108363747317787,-0.2024470893625275,-0.8851947716151626,-0.3240114632399558,-1.0067591454925908,-0.20759615541372325,-0.8903438376663583,-0.22045615,-0.9032038354070082,-0.20731827024886873,-0.8900659525015038,-0.23096866837795357,-0.9137163506305886,-0.22381074454690217,-0.9065584267995372
E01026184,E01026184,North Kesteven 004A,North Kesteven,E01026184,1,2020,-0.147624786508502,-0.409745617393336,-0.057245922370041,8.920718994298488,29.342279107200827,0.0,0.0,0.0,-0.409745617393336,-0.26212083088483396,-0.466991539763377,-0.31936675325487496,-0.2968245023709918,-0.14919971586248978,-0.3502610377611003,-0.2026362512525983,-0.2754767719873237,-0.12785198547882168,-0.3682328701845234,-0.2206080836760214,-0.3643694736944197,-0.2167446871859177,-0.32033417,-0.17270937977987386,-0.3007389936463345,-0.1531142071378325,-0.39877540201424744,-0.25115061550574547,-0.26144750418833396,-0.11382271767983196
E01026184,E01026184,North Kesteven 004A,North Kesteven,E01026184,1,2021,0.0637883555455892,-0.147624786508502,0.26212083088483396,8.920718994298488,29.342279107200827,0.0,0.0,0.0,-0.147624786508502,-0.2114131420540912,0.11449604437633196,0.05070768883074275,-0.2968245023709918,-0.360612857916581,-0.3502610377611003,-0.4140493933066895,-0.2754767719873237,-0.3392651275329129,-0.3682328701845234,-0.4320212257301126,-0.3643694736944197,-0.4281578292400089,-0.32033417,-0.38412252183396506,-0.3007389936463345,-0.3645273491919237,-0.39877540201424744,-0.46256375755983664,-0.26144750418833396,-0.32523585973392316
E01026184,E01026184,North Kesteven 004A,North Kesteven,E01026184,1,2022,0.107145624854416,0.0637883555455892,0.2114131420540912,8.920718994298488,29.342279107200827,0.0,0.0,0.0,0.0637883555455892,-0.0433572693088268,0.2752014975996804,0.16805587274526437,-0.2968245023709918,-0.4039701272254078,-0.3502610377611003,-0.4574066626155163,-0.2754767719873237,-0.3826223968417397,-0.3682328701845234,-0.47537849503893936,-0.3643694736944197,-0.47151509854883566,-0.32033417,-0.4274797911427919,-0.3007389936463345,-0.40788461850075053,-0.39877540201424744,-0.5059210268686635,-0.26144750418833396,-0.36859312904275
E01026185,E01026185,North Kesteven 004B,North Kesteven,E01026185,1,2020,0.588965654767569,0.848062007343115,0.17241905550751202,16.710072832220902,35.29869432001979,0.0,0.0,0.0,0.848062007343115,0.259096352575546,1.0204810628506271,0.4315154080830581,0.5012196546829277,-0.08774600008464128,0.37442501234731007,-0.21454064242025894,0.4782941165240652,-0.11067153824350379,0.3265967957510157,-0.2623688590165533,0.46260105909748467,-0.12636459567008435,0.48951825,-0.09944739977222294,0.4225097490720107,-0.1664559056955583,0.4519728134603009,-0.13699284130726813,0.4756067844565688,-0.11335887031100023
E01026185,E01026185,North Kesteven 004B,North Kesteven,E01026185,1,2021,0.955960284906718,0.588965654767569,-0.259096352575546,16.710072832220902,35.29869432001979,0.0,0.0,0.0,0.588965654767569,-0.366994630139149,0.32986930219202304,-0.626090982714695,0.5012196546829277,-0.4547406302237903,0.37442501234731007,-0.581535272559408,0.4782941165240652,-0.4776661683826528,0.3265967957510157,-0.6293634891557023,0.46260105909748467,-0.49335922580923336,0.48951825,-0.46644202991137196,0.4225097490720107,-0.5334505358347073,0.4519728134603009,-0.5039874714464172,0.4756067844565688,-0.48035350045014924
E01026185,E01026185,North Kesteven 004B,North Kesteven,E01026185,1,2022,1.02697598832822,0.955960284906718,0.366994630139149,16.710072832220902,35.29869432001979,0.0,0.0,0.0,0.955960284906718,-0.07101570342150187,1.322954915045867,0.29597892671764714,0.5012196546829277,-0.5257563336452922,0.37442501234731007,-0.6525509759809098,0.4782941165240652,-0.5486818718041546,0.3265967957510157,-0.7003791925772043,0.46260105909748467,-0.5643749292307352,0.48951825,-0.5374577333328738,0.4225097490720107,-0.6044662392562092,0.4519728134603009,-0.575003174867919,0.4756067844565688,-0.5513692038716511
E01026188,E01026188,North Kesteven 004C,North Kesteven,E01026188,1,2020,0.712174531234442,0.654127098585782,0.12364131784972998,39.43142787097847,47.84252556664795,0.0,0.0,0.0,0.654127098585782,-0.05804743264865997,0.777768416435512,0.06559388520107001,0.19058838039897225,-0.5215861508354698,0.20650359196923895,-0.505670939265203,0.2854313586637602,-0.4267431725706818,0.15228329271276572,-0.5598912385216762,0.24923597582742046,-0.4629385554070215,0.30462798,-0.4075465464722502,0.3493681350242629,-0.36280639621017907,0.29802356692462606,-0.4141509643098159,0.2357824367879652,-0.4763920944464768
E01026188,E01026188,North Kesteven 004C,North Kesteven,E01026188,1,2021,0.688645824123473,0.712174531234442,0.05804743264865997,39.43142787097847,47.84252556664795,0.0,0.0,0.0,0.712174531234442,0.023528707110968994,0.7702219638831019,0.08157613975962896,0.19020509124587093,-0.49844073287760204,0.20625218728922406,-0.4823936368342489,0.28660892352773226,-0.4020369005957407,0.15228329271276572,-0.5363625314107072,0.24923597582742046,-0.4394098482960525,0.30462798,-0.3840178393612812,0.3493681350242629,-0.3392776890992101,0.287265164574408,-0.401380659549065,0.23582577844441602,-0.452820045679057
E01026188,E01026188,North Kesteven 004C,North Kesteven,E01026188,1,2022,0.944953006973566,0.688645824123473,-0.023528707110968994,39.43142787097847,47.84252556664795,0.0,0.0,0.0,0.688645824123473,-0.256307182850093,0.665117117012504,-0.279835889961062,0.19020509124587093,-0.7547479157276951,0.20625218728922406,-0.7387008196843419,0.28660892352773226,-0.6583440834458337,0.15228329271276572,-0.7926697142608002,0.24923597582742046,-0.6957170311461456,0.30462798,-0.6403250222113742,0.3493681350242629,-0.5955848719493031,0.287265164574408,-0.657687842399158,0.23582577844441602,-0.70912722852915
E01026190,E01026190,North Kesteven 004D,North Kesteven,E01026190,1,2020,0.990274235262067,1.2885886270068,0.9335767051529381,65.0022554063038,52.76814798529957,0.0,0.0,0.0,1.2885886270068,0.29831439174473307,2.2221653321597383,1.2318910968976713,0.4637256612646748,-0.5265485739973923,0.28103441218931335,-0.7092398230727537,0.39904774383951425,-0.5912264914225528,0.2458066844265302,-0.7444675508355368,0.45900460484444194,-0.5312696304176251,0.44472674,-0.5455474999085972,0.4453585112198614,-0.5449157240422056,0.5822270877298328,-0.40804714753223426,0.3692145569095596,-0.6210596783525074
E01026190,E01026190,North Kesteven 004D,North Kesteven,E01026190,1,2021,1.35925356224137,0.990274235262067,-0.29831439174473307,65.0022554063038,52.76814798529957,0.0,0.0,0.0,0.990274235262067,-0.3689793269793029,0.691959843517334,-0.667293718724036,0.4637256612646748,-0.8955279009766952,0.28103441218931335,-1.0782191500520566,0.39904774383951425,-0.9602058184018557,0.2458066844265302,-1.1134468778148396,0.45900460484444194,-0.900248957396928,0.44472674,-0.9145268268879001,0.4453585112198614,-0.9138950510215085,0.5822270877298328,-0.7770264745115372,0.3692145569095596,-0.9900390053318103
E01026190,E01026190,North Kesteven 004D,North Kesteven,E01026190,1,2022,0.737785258923788,1.35925356224137,0.3689793269793029,65.0022554063038,52.76814798529957,0.0,0.0,0.0,1.35925356224137,0.621468303317582,1.7282328892206729,0.9904476302968849,0.4637256612646748,-0.2740595976591132,0.28103441218931335,-0.45675084673447464,0.39904774383951425,-0.33873751508427374,0.2458066844265302,-0.4919785744972578,0.45900460484444194,-0.27878065407934605,0.44472674,-0.29305852357031814,0.4453585112198614,-0.29242674770392657,0.5822270877298328,-0.1555581711939552,0.3692145569095596,-0.36857070201422837
E01026237,E01026237,North Kesteven 004E,North Kesteven,E01026237,1,2020,0.735450162368043,0.370962652240709,0.12570627682430702,65.34585919510262,70.68771038152052,0.0,0.0,0.0,0.370962652240709,-0.36448751012733394,0.49666892906501603,-0.23878123330302692,-0.17781956046389202,-0.913269722831935,-0.057317690759303375,-0.7927678531273463,0.038678453563102885,-0.6967717088049401,-0.008374177902567876,-0.7438243402706108,0.050288235743359486,-0.6851619266246834,0.053388912,-0.6820612501373129,0.09071227374720811,-0.6447378886208348,0.0747405799961022,-0.6607095823719408,0.059105911924665716,-0.6763442504433772
E01026237,E01026237,North Kesteven 004E,North Kesteven,E01026237,1,2021,0.671828320961431,0.735450162368043,0.36448751012733394,65.34585919510262,70.68771038152052,0.0,0.0,0.0,0.735450162368043,0.06362184140661198,1.0999376724953769,0.4281093515339459,-0.1770103944740115,-0.8488387154354424,-0.056786947545938576,-0.7286152685073696,0.03548307644069003,-0.6363452445207409,-0.010597670373246876,-0.6824259913346779,0.050288235743359486,-0.6215400852180715,0.05090596,-0.6209223594181094,0.09071227374720811,-0.5811160472142228,0.060042133056363814,-0.6117861879050671,0.05901441287215832,-0.6128139080892726
E01026237,E01026237,North Kesteven 004E,North Kesteven,E01026237,1,2022,0.760940715455969,0.671828320961431,-0.06362184140661198,65.34585919510262,70.68771038152052,0.0,0.0,0.0,0.671828320961431,-0.089112394494538,0.608206479554819,-0.15273423590114998,-0.17781956046389202,-0.938760275919861,-0.057317690759303375,-0.8182584062152723,0.038678453563102885,-0.7222622618928661,-0.008374177902567876,-0.7693148933585369,0.050288235743359486,-0.7106524797126095,0.053388912,-0.7075518032252389,0.09071227374720811,-0.6702284417087608,0.0747405799961022,-0.6862001354598668,0.059105911924665716,-0.7018348035313032
E01026238,E01026238,North Kesteven 004F,North Kesteven,E01026238,1,2020,0.508434335760405,0.363072457451279,0.30478517130109894,49.76751731272332,59.41921203102358,0.0,0.0,0.0,0.363072457451279,-0.145361878309126,0.6678576287523779,0.1594232929919729,-0.024768813965375044,-0.53320314972578,-0.011519417555015982,-0.5199537533154209,-0.026676010195930088,-0.5351103459563351,-0.10841954389547169,-0.6168538796558767,0.00949020543046209,-0.4989441303299429,0.013101156,-0.4953331798907422,-0.015466974666460784,-0.5239013104268657,0.09872130397000137,-0.40971303179040364,-0.02962999565932502,-0.53806433141973
E01026238,E01026238,North Kesteven 004F,North Kesteven,E01026238,1,2021,0.746833791431706,0.508434335760405,0.145361878309126,49.76751731272332,59.41921203102358,0.0,0.0,0.0,0.508434335760405,-0.23839945567130105,0.653796214069531,-0.093037577362175,-0.024768813965375044,-0.771602605397081,-0.011519417555015982,-0.758353208986722,-0.026676010195930088,-0.7735098016276362,-0.10841954389547169,-0.8552533353271777,0.00949020543046209,-0.737343586001244,0.013101156,-0.7337326355620433,-0.015466974666460784,-0.7623007660981668,0.09872130397000137,-0.6481124874617047,-0.02962999565932502,-0.776463787091031
E01026238,E01026238,North Kesteven 004F,North Kesteven,E01026238,1,2022,0.945044139809823,0.746833791431706,0.23839945567130105,49.76751731272332,59.41921203102358,0.0,0.0,0.0,0.746833791431706,-0.19821034837811702,0.9852332471030071,0.040189107293184034,-0.024768813965375044,-0.969812953775198,-0.011519417555015982,-0.956563557364839,-0.026676010195930088,-0.9717201500057532,-0.10841954389547169,-1.0534636837052946,0.00949020543046209,-0.935553934379361,0.013101156,-0.9319429839401603,-0.015466974666460784,-0.9605111144762838,0.09872130397000137,-0.8463228358398217,-0.02962999565932502,-0.974674135469148
E01026191,E01026191,North Kesteven 005A,North Kesteven,E01026191,1,2020,0.0188560985633301,0.282796057168161,0.37410913728323214,67.139734070848,56.57082268250666,0.0,0.0,0.0,0.282796057168161,0.2639399586048309,0.6569051944513931,0.6380490958880629,-0.3809978217255714,-0.3998539202889015,-0.26106070135544845,-0.27991679991877855,-0.27814723993608004,-0.29700333849941013,-0.3353764734300259,-0.354232571993356,-0.30913016524424763,-0.3279862638075777,-0.32640356,-0.34525965681757204,-0.24734574505837842,-0.2662018436217085,-0.3858711364119995,-0.4047272349753296,-0.29375595300536683,-0.3126120515686969
E01026191,E01026191,North Kesteven 005A,North Kesteven,E01026191,1,2021,0.320318142975166,0.0188560985633301,-0.2639399586048309,67.139734070848,56.57082268250666,0.0,0.0,0.0,0.0188560985633301,-0.3014620444118359,-0.2450838600415008,-0.5654020030166668,-0.3682215166221949,-0.6885396595973609,-0.25268054535495155,-0.5729986883301175,-0.27814723993608004,-0.5984653829112461,-0.3353764734300259,-0.6556946164051919,-0.30913016524424763,-0.6294483082194136,-0.33085746,-0.6511755987056043,-0.24734574505837842,-0.5676638880335444,-0.3508596700453281,-0.6711778130204941,-0.29520067488706214,-0.6155188178622282
E01026191,E01026191,North Kesteven 005A,North Kesteven,E01026191,1,2022,0.391778808378094,0.320318142975166,0.3014620444118359,67.139734070848,56.57082268250666,0.0,0.0,0.0,0.320318142975166,-0.071460665402928,0.6217801873870019,0.23000137900890794,-0.36413309898911433,-0.7559119073672083,-0.2499988954347925,-0.6417777038128865,-0.27814723993608004,-0.669926048314174,-0.3353764734300259,-0.72715528180812,-0.30913016524424763,-0.7009089736223416,-0.33085746,-0.7226362641085322,-0.24734574505837842,-0.6391245534364725,-0.35099536839470297,-0.7427741767727969,-0.2956629858892046,-0.6874417942672986
E01026205,E01026205,North Kesteven 005B,North Kesteven,E01026205,1,2020,0.848918219696509,0.744743446701581,0.47124244727121,71.89200205786133,64.70609690181551,0.0,0.0,0.0,0.744743446701581,-0.10417477299492806,1.215985893972791,0.36706767427628195,0.1621334068942172,-0.6867848128022919,0.1198101337630803,-0.7291080859334287,0.24897819297345108,-0.5999400267230579,0.046033139543862296,-0.8028850801526467,0.2253429477286877,-0.6235752719678214,0.20784232,-0.6410758994927279,0.2745490822359065,-0.5743691374606026,0.18189696143472836,-0.6670212582617807,0.2625312155692814,-0.5863870041272277
E01026205,E01026205,North Kesteven 005B,North Kesteven,E01026205,1,2021,0.97009757246037,0.848918219696509,0.10417477299492806,71.89200205786133,64.70609690181551,0.0,0.0,0.0,0.848918219696509,-0.12117935276386094,0.9530929926914371,-0.01700457976893288,0.17746497301826905,-0.792632599442101,0.12986632096367662,-0.8402312514966934,0.2503741796168675,-0.7197233928435025,0.0682772709866548,-0.9018203014737152,0.2159687197492772,-0.7541288527110928,0.21234275,-0.7577548184539842,0.2745490822359065,-0.6955484902244635,0.21235434059053693,-0.7577432318698331,0.2595537671613546,-0.7105438052990154
E01026205,E01026205,North Kesteven 005B,North Kesteven,E01026205,1,2022,0.768565777205903,0.97009757246037,0.12117935276386094,71.89200205786133,64.70609690181551,0.0,0.0,0.0,0.97009757246037,0.20153179525446696,1.091276925224231,0.3227111480183279,0.17857225279389502,-0.589993524412008,0.13059260115038634,-0.6379731760555167,0.248664405039427,-0.519901372166476,0.0682772709866548,-0.7002885062192482,0.2159687197492772,-0.5525970574566258,0.21234275,-0.5562230231995172,0.2745490822359065,-0.4940166949699965,0.21067387580302477,-0.5578919014028783,0.2594285579316077,-0.5091372192742953
E01026211,E01026211,North Kesteven 005C,North Kesteven,E01026211,1,2020,0.130721230423854,0.0118809912811774,0.2530050808666454,77.56035890692519,77.77921984263676,0.0,0.0,0.0,0.0118809912811774,-0.1188402391426766,0.26488607214782284,0.13416484172396884,-0.3339946473094628,-0.4647158777333168,-0.36621359193313163,-0.4969348223569856,-0.1921406483364434,-0.32286187876029737,-0.24760955776215657,-0.37833078818601057,-0.18719747144384583,-0.3179187018676998,-0.16855854,-0.29927976838390646,-0.3300219266415094,-0.4607431570653634,-0.0858707691265411,-0.2165919995503951,-0.211194406146381,-0.341915636570235
E01026211,E01026211,North Kesteven 005C,North Kesteven,E01026211,1,2021,0.216637986089136,0.130721230423854,0.1188402391426766,77.56035890692519,77.77921984263676,0.0,0.0,0.0,0.130721230423854,-0.08591675566528201,0.2495614695665306,0.0329234834773946,-0.3339946473094628,-0.5506326333985988,-0.36621359193313163,-0.5828515780222676,-0.1921406483364434,-0.4087786344255794,-0.24760955776215657,-0.4642475438512926,-0.18719747144384583,-0.40383545753298183,-0.16855854,-0.38519652404918847,-0.3300219266415094,-0.5466599127306454,-0.0858707691265411,-0.3025087552156771,-0.211194406146381,-0.427832392235517
E01026211,E01026211,North Kesteven 005C,North Kesteven,E01026211,1,2022,0.384430017189972,0.216637986089136,0.08591675566528201,77.56035890692519,77.77921984263676,0.0,0.0,0.0,0.216637986089136,-0.167792031100836,0.302554741754418,-0.081875275435554,-0.34166043037148874,-0.7260904475614607,-0.37124168553342984,-0.7556717027234019,-0.19069241199536185,-0.5751224291853338,-0.24760955776215657,-0.6320395749521286,-0.18719747144384583,-0.5716274886338178,-0.1727178,-0.5571478119659348,-0.3300219266415094,-0.7144519438314814,-0.08522609279617606,-0.46965610998614804,-0.21032757301736382,-0.5947575902073359
E01026234,E01034695,North Kesteven 011F,North Kesteven,E01026234,1,2020,0.0813135429003097,0.0975096733853277,0.2323348083273537,78.58651528883401,77.99679280564618,0.0,0.0,0.0,0.0975096733853277,0.016196130485018,0.32984448171268144,0.24853093881237173,-0.5268685905465328,-0.6081821334468425,-0.6517163763859175,-0.7330299192862272,-0.3325272769068108,-0.4138408198071205,-0.45636400993369486,-0.5376775528340045,-0.40975593740730254,-0.4910694803076122,-0.41078773,-0.49210127430938255,-0.3874737226081144,-0.4687872655084241,-0.39808120407932385,-0.4793947469796336,-0.3323206490245466,-0.4136341919248563
E01026234,E01034695,North Kesteven 011F,North Kesteven,E01026234,1,2021,0.401267145399063,0.0813135429003097,-0.016196130485018,78.58651528883401,77.99679280564618,0.0,0.0,0.0,0.0813135429003097,-0.31995360249875326,0.0651174124152917,-0.33614973298377127,-0.5257187230872288,-0.9269858684862917,-0.6509621623458728,-1.0522293077449358,-0.3090670487419411,-0.7103341941410041,-0.4561529299971545,-0.8574200753962176,-0.40975593740730254,-0.8110230828063656,-0.40103582,-0.8023029608764343,-0.3874737226081144,-0.7887408680071775,-0.3301019663107076,-0.7313691117097706,-0.33245067399389927,-0.7337178193929623
E01026234,E01034695,North Kesteven 011F,North Kesteven,E01026234,1,2022,0.247790096612349,0.401267145399063,0.31995360249875326,78.58651528883401,77.99679280564618,0.0,0.0,0.0,0.401267145399063,0.153477048786714,0.7212207478978163,0.47343065128546735,-0.521204428617369,-0.768994525229718,-0.6480011738923639,-0.8957912705047129,-0.30195734990107376,-0.5497474465134228,-0.46867321532923123,-0.7164633119415802,-0.4113835122083946,-0.6591736088207436,-0.4328933,-0.680683402629271,-0.39888689632392493,-0.6466769929362739,-0.3998193340979753,-0.6476094307103243,-0.3330966058721634,-0.5808867024845124
E01026234,E01034696,North Kesteven 011G,North Kesteven,E01026234,1,2020,0.0813135429003097,0.0975096733853277,0.2323348083273537,78.58651528883401,77.99679280564618,0.0,0.0,0.0,0.0975096733853277,0.016196130485018,0.32984448171268144,0.24853093881237173,-0.5268685905465328,-0.6081821334468425,-0.6517163763859175,-0.7330299192862272,-0.3325272769068108,-0.4138408198071205,-0.45636400993369486,-0.5376775528340045,-0.40975593740730254,-0.4910694803076122,-0.41078773,-0.49210127430938255,-0.3874737226081144,-0.4687872655084241,-0.39808120407932385,-0.4793947469796336,-0.3323206490245466,-0.4136341919248563
E01026234,E01034696,North Kesteven 011G,North Kesteven,E01026234,1,2021,0.401267145399063,0.0813135429003097,-0.016196130485018,78.58651528883401,77.99679280564618,0.0,0.0,0.0,0.0813135429003097,-0.31995360249875326,0.0651174124152917,-0.33614973298377127,-0.5257187230872288,-0.9269858684862917,-0.6509621623458728,-1.0522293077449358,-0.3090670487419411,-0.7103341941410041,-0.4561529299971545,-0.8574200753962176,-0.40975593740730254,-0.8110230828063656,-0.40103582,-0.8023029608764343,-0.3874737226081144,-0.7887408680071775,-0.3301019663107076,-0.7313691117097706,-0.33245067399389927,-0.7337178193929623
E01026234,E01034696,North Kesteven 011G,North Kesteven,E01026234,1,2022,0.247790096612349,0.401267145399063,0.31995360249875326,78.58651528883401,77.99679280564618,0.0,0.0,0.0,0.401267145399063,0.153477048786714,0.7212207478978163,0.47343065128546735,-0.521204428617369,-0.768994525229718,-0.6480011738923639,-0.8957912705047129,-0.30195734990107376,-0.5497474465134228,-0.46867321532923123,-0.7164633119415802,-0.4113835122083946,-0.6591736088207436,-0.4328933,-0.680683402629271,-0.39888689632392493,-0.6466769929362739,-0.3998193340979753,-0.6476094307103243,-0.3330966058721634,-0.5808867024845124
E01026236,E01026236,North Kesteven 011E,North Kesteven,E01026236,1,2020,0.247169118776908,0.254111185845376,0.2731049910726175,76.32351392858791,77.8538822755151,0.0,0.0,0.0,0.254111185845376,0.006942067068468005,0.5272161769179935,0.2800470581410855,0.056357960127806285,-0.19081115864910173,0.1569176966761685,-0.0902514221007395,0.013058379422100573,-0.23411073935480742,-0.171191000902989,-0.418360119679897,0.0014942752952261987,-0.2456748434816818,-0.02155935,-0.26872846896945485,0.11078972252574572,-0.1363793962511623,-0.08103134312964481,-0.32820046190655283,-0.058589196415342853,-0.30575831519225083
E01026236,E01026236,North Kesteven 011E,North Kesteven,E01026236,1,2021,-0.0530123551679444,0.247169118776908,-0.006942067068468005,76.32351392858791,77.8538822755151,0.0,0.0,0.0,0.247169118776908,0.3001814739448524,0.24022705170844,0.2932394068763844,0.05861510736273615,0.11162746253068055,0.15839819090292298,0.21141054607086737,0.03677632088884766,0.08978867605679205,-0.17063711561032485,-0.11762476044238046,0.004523342422095905,0.057535697590040305,-0.015284834,0.0377275207383227,0.10904036870565383,0.16205272387359823,-0.06436485668343431,-0.011352501515489909,-0.05029541959438566,0.002716935573558739
E01026236,E01026236,North Kesteven 011E,North Kesteven,E01026236,1,2022,0.632403055809024,-0.0530123551679444,-0.3001814739448524,76.32351392858791,77.8538822755151,0.0,0.0,0.0,-0.0530123551679444,-0.6854154109769685,-0.3531938291127968,-0.9855968849218208,0.057124538434008866,-0.5752785173750151,0.15742050603619834,-0.47498254977282567,0.01631543856835746,-0.6160876172406665,-0.17232718735069594,-0.80473024315972,0.0014942752952261987,-0.6309087805137978,-0.02155935,-0.6539624060015709,0.11078972252574572,-0.5216133332832783,-0.0757189305421943,-0.7081219863512183,-0.05867587972824455,-0.6910789355372685
E01026200,E01026200,North Kesteven 012A,North Kesteven,E01026200,1,2020,-0.0425434957399389,0.114679601506061,0.578191859569862,70.5667165417524,84.4553663016328,0.0,0.0,0.0,0.114679601506061,0.15722309724599992,0.692871461075923,0.7354149568158619,-0.46754483171542505,-0.42500133597548617,-0.3804763064676274,-0.33793281072768855,-0.43816281497554965,-0.3956193192356108,-0.615644189526772,-0.5731006937868331,-0.5160926083325965,-0.47354911259265764,-0.48329398,-0.44075048462009225,-0.4449518846872804,-0.40240838894734154,-0.5694368768078247,-0.5268933810678859,-0.4732434947950448,-0.4306999990551059
E01026200,E01026200,North Kesteven 012A,North Kesteven,E01026200,1,2021,0.40242791721226,-0.0425434957399389,-0.15722309724599992,70.5667165417524,84.4553663016328,0.0,0.0,0.0,-0.0425434957399389,-0.4449714129521989,-0.19976659298593882,-0.6021945101981988,-0.45442782514262514,-0.8568557423548852,-0.37187267964045057,-0.7743005968527106,-0.39791597215053104,-0.800343889362791,-0.6180442783161285,-1.0204721955283884,-0.5325662581631596,-0.9349941753754196,-0.51445234,-0.916880255430949,-0.45891582128290986,-0.8613437384951699,-0.5277121444435514,-0.9301400616558114,-0.4950645944940786,-0.8974925117063386
E01026200,E01026200,North Kesteven 012A,North Kesteven,E01026200,1,2022,0.630547812288631,0.40242791721226,0.4449714129521989,70.5667165417524,84.4553663016328,0.0,0.0,0.0,0.40242791721226,-0.22811989507637098,0.8473993301644589,0.2168515178758279,-0.43424126307929023,-1.0647890753679212,-0.3586320331596654,-0.9891798454482964,-0.3849789766609134,-1.0155267889495443,-0.5582057566260298,-1.1887535689146609,-0.5297153081810906,-1.1602631204697216,-0.50452256,-1.1350703743156085,-0.43179497024293856,-1.0623427825315694,-0.5663000091329317,-1.1968478214215628,-0.48082442015110893,-1.11137223243974
E01026201,E01026201,North Kesteven 012B,North Kesteven,E01026201,1,2020,0.283549572907859,0.160110752559362,0.2213318526470943,71.07362383820428,84.24714265217473,0.0,0.0,0.0,0.160110752559362,-0.12343882034849699,0.3814426052064563,0.0978930322985973,-0.12343552750778973,-0.4069851004156487,-0.07975443433813079,-0.36330400724598977,-0.12372737206475731,-0.4072769449726163,-0.17286911148830025,-0.45641868439615924,-0.11436170310982538,-0.3979112760176844,-0.16805954,-0.4516091156830131,-0.09297853777073684,-0.3765281106785958,-0.2073221027865775,-0.49087167569443646,-0.15457743030748058,-0.4381270032153396
E01026201,E01026201,North Kesteven 012B,North Kesteven,E01026201,1,2021,0.502531956048666,0.283549572907859,0.12343882034849699,71.07362383820428,84.24714265217473,0.0,0.0,0.0,0.283549572907859,-0.21898238314080698,0.40698839325635594,-0.09554356279231002,-0.1221578969974521,-0.624689853046118,-0.07891641873808108,-0.581448374786747,-0.12032989824820757,-0.6228618542968736,-0.17286911148830025,-0.6754010675369662,-0.11436170310982538,-0.6168936591584914,-0.16805954,-0.6705914988238201,-0.09297853777073684,-0.5955104938194028,-0.2073221027865775,-0.7098540588352434,-0.1547219024956501,-0.6572538585443161
E01026201,E01026201,North Kesteven 012B,North Kesteven,E01026201,1,2022,0.491499433476152,0.502531956048666,0.21898238314080698,71.07362383820428,84.24714265217473,0.0,0.0,0.0,0.502531956048666,0.01103252257251397,0.7215143391894729,0.23001490571332095,-0.12547973632433002,-0.6169791698004821,-0.08109525929821032,-0.5725946927743624,-0.13554870779170633,-0.6270481412678583,-0.17286911148830025,-0.6643685449644523,-0.11436170310982538,-0.6058611365859774,-0.16805954,-0.6595589762513061,-0.09297853777073684,-0.5844779712468888,-0.2073221027865775,-0.6988215362627295,-0.1543462748064093,-0.6458457082825613
E01026202,E01026202,North Kesteven 012C,North Kesteven,E01026202,1,2020,0.92128452078537,0.77422917399002,0.458437562582415,70.63414395595997,84.79893856647233,0.0,0.0,0.0,0.77422917399002,-0.14705534679535004,1.232666736572435,0.31138221578706504,0.028366493236570048,-0.8929180275488,0.03604241696801673,-0.8852421038173534,0.05004427551024062,-0.8712402452751294,-0.12416118042841098,-1.045445701213781,0.04804025035731154,-0.8732442704280585,-0.009120537,-0.930405057753482,0.08545395390421204,-0.835830566881158,-0.012255821215148998,-0.933540342000519,0.04088969222584886,-0.8803948285595212
E01026202,E01026202,North Kesteven 012C,North Kesteven,E01026202,1,2021,0.748267081791902,0.92128452078537,0.14705534679535004,70.63414395595997,84.79893856647233,0.0,0.0,0.0,0.92128452078537,0.173017438993468,1.06833986758072,0.32007278578881804,0.03305113844114145,-0.7152159433507606,0.0391151408348656,-0.7091519409570365,0.02287379759250607,-0.725393284199396,-0.13144532304588663,-0.8797124048377887,0.04804025035731154,-0.7002268314345905,-0.005472797,-0.7537398787610178,0.07977429904910033,-0.6684927827428018,-0.06074887659010466,-0.8090159583820067,0.04342866195380312,-0.7048384198380989
E01026202,E01026202,North Kesteven 012C,North Kesteven,E01026202,1,2022,0.916728452746124,0.748267081791902,-0.173017438993468,70.63414395595997,84.79893856647233,0.0,0.0,0.0,0.748267081791902,-0.16846137095422198,0.575249642798434,-0.34147880994769,0.021850577633848026,-0.894877875112276,0.03176853740776331,-0.8849599153383607,0.09202986379625219,-0.8246985889498718,-0.10959431330180801,-1.026322766047932,0.05478106164615076,-0.8619473910999733,0.07273005,-0.8439984032551954,0.10089460422811466,-0.8158338485180093,0.08431247865282963,-0.8324159740932944,0.06796304198414012,-0.8487654107619839
E01026207,E01026207,North Kesteven 012D,North Kesteven,E01026207,1,2020,0.414295864541673,0.617836986068755,0.39568369863933006,78.86550254691144,88.04792329958364,0.0,0.0,0.0,0.617836986068755,0.20354112152708204,1.013520684708085,0.5992248201664121,0.18804811006250588,-0.22624775447916712,0.06487080029308448,-0.34942506424858855,-0.12957910430385935,-0.5438749688455323,-0.17249500051494293,-0.5867908650566159,-0.15795084281752703,-0.5722467073592,-0.1535306,-0.5678264622284406,-0.1829500485041733,-0.5972459130458463,-0.1277945440623515,-0.5420904086040245,-0.30116894010314366,-0.7154648046448167
E01026207,E01026207,North Kesteven 012D,North Kesteven,E01026207,1,2021,0.884275489785959,0.414295864541673,-0.20354112152708204,78.86550254691144,88.04792329958364,0.0,0.0,0.0,0.414295864541673,-0.46997962524428605,0.21075474301459096,-0.6735207467713681,0.18804811006250588,-0.6962273797234532,0.06487080029308448,-0.8194046894928746,-0.12957910430385935,-1.0138545940898185,-0.17249500051494293,-1.0567704903009019,-0.15795084281752703,-1.042226332603486,-0.1535306,-1.0378060874727266,-0.1829500485041733,-1.0672255382901323,-0.1277945440623515,-1.0120700338483106,-0.30116894010314366,-1.1854444298891027
E01026207,E01026207,North Kesteven 012D,North Kesteven,E01026207,1,2022,1.22086070103211,0.884275489785959,0.46997962524428605,78.86550254691144,88.04792329958364,0.0,0.0,0.0,0.884275489785959,-0.33658521124615093,1.354255115030245,0.13339441399813512,0.18804811006250588,-1.0328125909696042,0.06487080029308448,-1.1559899007390255,-0.12957910430385935,-1.3504398053359694,-0.17249500051494293,-1.393355701547053,-0.15795084281752703,-1.3788115438496371,-0.1535306,-1.3743912987188776,-0.1829500485041733,-1.4038107495362833,-0.1277945440623515,-1.3486552450944616,-0.30116894010314366,-1.5220296411352536
E01026208,E01026208,North Kesteven 012E,North Kesteven,E01026208,1,2020,0.28004630401937,0.346383510880654,0.190656633476027,75.2393267430966,78.66550996680682,0.0,0.0,0.0,0.346383510880654,0.06633720686128403,0.537040144356681,0.25699384033731104,-0.3523680016498663,-0.6324143056692363,-0.3668500158773128,-0.6468963198966828,-0.19650431181952857,-0.4765506158388986,-0.24359120927351433,-0.5236375132928843,-0.16759781769640827,-0.4476441217157783,-0.1641208,-0.4441670973619603,-0.25430332601348066,-0.5343496300328506,-0.13423695869173496,-0.41428326271110494,-0.10820107895518613,-0.3882473829745561
E01026208,E01026208,North Kesteven 012E,North Kesteven,E01026208,1,2021,0.440917412993859,0.28004630401937,-0.06633720686128403,75.2393267430966,78.66550996680682,0.0,0.0,0.0,0.28004630401937,-0.16087110897448903,0.21370909715808595,-0.22720831583577306,-0.3536456321602039,-0.7945630451540628,-0.3676880314773625,-0.8086054444712215,-0.19650431181952857,-0.6374217248133875,-0.24359120927351433,-0.6845086222673733,-0.16759781769640827,-0.6085152306902673,-0.1641208,-0.6050382063364493,-0.25430332601348066,-0.6952207390073397,-0.13423695869173496,-0.575154371685594,-0.1080566067670166,-0.5489740197608756
E01026208,E01026208,North Kesteven 012E,North Kesteven,E01026208,1,2022,0.271561555937825,0.440917412993859,0.16087110897448903,75.2393267430966,78.66550996680682,0.0,0.0,0.0,0.440917412993859,0.169355857056034,0.6017885219683481,0.3302269660305231,-0.35428444741537274,-0.6258460033531977,-0.3681070392773873,-0.6396685952152124,-0.19650431181952857,-0.4680658677573536,-0.24359120927351433,-0.5151527652113393,-0.16759781769640827,-0.4391593736342333,-0.1641208,-0.4356823492804153,-0.25430332601348066,-0.5258648819513057,-0.13423695869173496,-0.40579851462955996,-0.10798437067293187,-0.37954592661075687
E01026220,E01026220,North Kesteven 013A,North Kesteven,E01026220,1,2020,1.38332909675907,1.42822189964742,0.31687216581078004,65.85253972275878,75.645677738071,0.0,0.0,0.0,1.42822189964742,0.04489280288835018,1.7450940654582001,0.3617649686991302,0.3334905121563348,-1.0498385846027352,0.31829018442762264,-1.0650389123314472,0.8433788716092651,-0.5399502251498048,0.716741360088378,-0.6665877366706919,0.835321367661578,-0.5480077290974918,0.8704583,-0.5128707918770203,0.6591535465350403,-0.7241755502240296,0.8336836659235626,-0.5496454308355073,0.8370208475020454,-0.5463082492570245
E01026220,E01026220,North Kesteven 013A,North Kesteven,E01026220,1,2021,1.67339812330802,1.38332909675907,-0.04489280288835018,65.85253972275878,75.645677738071,0.0,0.0,0.0,1.38332909675907,-0.29006902654895006,1.3384362938707197,-0.33496182943730024,0.3357902470749425,-1.3376078762330774,0.3197986125077121,-1.3535995108003078,0.8465627775375413,-0.8268353457704787,0.7175921900754578,-0.9558059332325621,0.8301772465273612,-0.8432208767806587,0.85539436,-0.8180037599046996,0.6591535465350403,-1.0142445767729797,0.7249526232578982,-0.9484455000501217,0.8375356750188543,-0.8358624482891657
E01026220,E01026220,North Kesteven 013A,North Kesteven,E01026220,1,2022,1.37781999556443,1.67339812330802,0.29006902654895006,65.85253972275878,75.645677738071,0.0,0.0,0.0,1.67339812330802,0.29557812774359005,1.96346714985697,0.5856471542925401,0.33659941306482305,-1.0412205824996068,0.3203293557210769,-1.057490639843353,0.8465627775375413,-0.5312572180268886,0.7175921900754578,-0.6602278054889721,0.8339633556298809,-0.543856639934549,0.85539436,-0.5224256321611096,0.6591535465350403,-0.7186664490293896,0.8388828751206006,-0.5389371204438294,0.8374441759663469,-0.540375819598083
E01032988,E01032988,North Kesteven 013B,North Kesteven,E01032988,1,2020,0.782770547192108,0.853723624083832,0.45503119519390794,67.51918442852288,78.05797640022651,0.0,0.0,0.0,0.853723624083832,0.07095307689172392,1.3087548192777398,0.5259842720856318,-0.06395576193080842,-0.8467263091229165,-0.023287614865573625,-0.8060581620576817,0.24250083735399267,-0.5402697098381154,0.20256497934676207,-0.5802055678453459,0.30144881364191295,-0.4813217335501951,0.34639794,-0.4363726108479613,0.19578123917931287,-0.5869893080127951,0.3290743884058036,-0.4536961587863044,0.32297363715531424,-0.4597969100367938
E01032988,E01032988,North Kesteven 013B,North Kesteven,E01032988,1,2021,0.73663174332024,0.782770547192108,-0.07095307689172392,67.51918442852288,78.05797640022651,0.0,0.0,0.0,0.782770547192108,0.046138803871868084,0.7118174703003841,-0.024814273019855837,-0.07302693855420571,-0.8096586818744457,-0.029237525625926464,-0.7658692689461664,0.34128190106663037,-0.3953498422536096,0.27010892457787716,-0.4665228187423628,0.30027965902811976,-0.4363520842921202,0.36676615,-0.3698655885541572,0.2166326226305125,-0.5199991206897274,0.3061807912990124,-0.4304509520212276,0.32215654073902555,-0.4144752025812144
E01032988,E01032988,North Kesteven 013B,North Kesteven,E01032988,1,2022,0.696761151740505,0.73663174332024,-0.046138803871868084,67.51918442852288,78.05797640022651,0.0,0.0,0.0,0.73663174332024,0.03987059157973494,0.6904929394483719,-0.006268212292133146,-0.07268623708478238,-0.7694473888252874,-0.029014054799246514,-0.7257752065397516,0.34128190106663037,-0.35547925067387465,0.27010892457787716,-0.42665222716262785,0.30027965902811976,-0.39648149271238525,0.36676615,-0.32999499697442225,0.2166326226305125,-0.4801285291099925,0.32625662827916996,-0.37050452346133506,0.3221180148221804,-0.3746431369183246
E01032989,E01032989,North Kesteven 013C,North Kesteven,E01032989,1,2020,0.520618330669224,0.410000396207156,0.266597561030678,67.51625210828337,77.34492952132155,0.0,0.0,0.0,0.410000396207156,-0.11061793446206802,0.676597957237834,0.15597962656860997,-0.16003454731020517,-0.6806528779794292,-0.33804238597736336,-0.8586607166465874,0.1707753254737055,-0.34984300519551853,0.017257489797298384,-0.5033608408719257,0.18084306616124407,-0.33977526450797996,0.14583139,-0.3747869394538996,0.08207386117877803,-0.438544469490446,0.1180582415745058,-0.40256008909471824,0.23735782158940524,-0.2832605090798188
E01032989,E01032989,North Kesteven 013C,North Kesteven,E01032989,1,2021,0.955281126443445,0.520618330669224,0.11061793446206802,67.51625210828337,77.34492952132155,0.0,0.0,0.0,0.520618330669224,-0.43466279577422096,0.631236265131292,-0.32404486131215293,-0.14938762639072473,-1.1046687528341697,-0.3310589226436159,-1.286340049087061,0.017095145049570628,-0.9381859813938743,-0.10893529068717443,-1.0642164171306194,0.0905971050679511,-0.8646840213754938,0.05385301,-0.9014281175473325,0.06556588400041115,-0.8897152424430338,-0.005182449734901024,-0.960463576178346,0.09779883145430618,-0.8574822949891387
E01032989,E01032989,North Kesteven 013C,North Kesteven,E01032989,1,2022,0.726542614853428,0.955281126443445,0.43466279577422096,67.51625210828337,77.34492952132155,0.0,0.0,0.0,0.955281126443445,0.228738511590017,1.389943922217666,0.663401307364238,-0.13925175767537928,-0.8657943725288073,-0.3244106655498884,-1.0509532804033164,-0.29332573823110336,-1.0198683530845314,-0.2645320504638896,-0.9910746653173176,-0.07108796668472744,-0.7976305815381555,-0.099755734,-0.8262983490586739,-0.14095747726014804,-0.867500092113576,-0.04947880377654501,-0.776021418629973,-0.11793926550225181,-0.8444818803556797
E01032993,E01032993,North Kesteven 013D,North Kesteven,E01032993,1,2020,0.449461027162051,0.233162919268117,0.349862914075869,67.0096444800204,76.71396893696613,0.0,0.0,0.0,0.233162919268117,-0.216298107893934,0.5830258333439859,0.13356480618193495,-0.2695886644701381,-0.7190496916321891,-0.32899972233445063,-0.7784607494965017,-0.2938062505277643,-0.7432672776898153,-0.3373880476888486,-0.7868490748508996,-0.16731328642019663,-0.6167743135822477,-0.214965,-0.6644260279106853,-0.20267896276422076,-0.6521399899262718,-0.20055636425206752,-0.6500173914141185,-0.18338035779975562,-0.6328413849618066
E01032993,E01032993,North Kesteven 013D,North Kesteven,E01032993,1,2021,0.607265594594924,0.449461027162051,0.216298107893934,67.0096444800204,76.71396893696613,0.0,0.0,0.0,0.449461027162051,-0.15780456743287302,0.665759135055985,0.05849354046106103,-0.26997195362323945,-0.8772375482181635,-0.32925112701446546,-0.9365167216093895,-0.28131715099558957,-0.8885827455905135,-0.33303912900737287,-0.9403047236022969,-0.16731328642019663,-0.7745788810151206,-0.19840693,-0.8056725293330832,-0.20267896276422076,-0.8099445573591448,-0.1931445600638346,-0.8004101546587586,-0.15768386529614,-0.764949459891064
E01032993,E01032993,North Kesteven 013D,North Kesteven,E01032993,1,2022,0.49149360796564,0.607265594594924,0.15780456743287302,67.0096444800204,76.71396893696613,0.0,0.0,0.0,0.607265594594924,0.11577198662928401,0.7650701620277971,0.2735765540621571,-0.27197357475610173,-0.7634671827217417,-0.33056401812121006,-0.8220576260868501,-0.2712202199153534,-0.7627138278809934,-0.3150215931808671,-0.8065152011465071,-0.16731328642019663,-0.6588068943858366,-0.18988787,-0.6813814743434705,-0.20267896276422076,-0.6941725707298607,-0.16936178061951507,-0.6608553885851551,-0.15745752553467443,-0.6489511335003144
E01026214,E01026214,North Kesteven 014A,North Kesteven,E01026214,1,2020,1.04542661471737,0.948301940267562,0.669889366061195,63.861258033038226,72.01342012832248,0.0,0.0,0.0,0.948301940267562,-0.0971246744498081,1.618191306328757,0.5727646916113869,0.0761536043061191,-0.969273010411251,0.0859695697849594,-0.9594570449324107,0.20236564037829194,-0.8430609743390781,0.1254026412834268,-0.9200239734339433,0.20738437061626153,-0.8380422441011086,0.19615252,-0.8492740915573893,0.27273284732441727,-0.7726937673929528,0.15248929876692088,-0.8929373159504492,0.2120108810467547,-0.8334157336706154
E01026214,E01026214,North Kesteven 014A,North Kesteven,E01026214,1,2021,0.768711477204035,1.04542661471737,0.0971246744498081,63.861258033038226,72.01342012832248,0.0,0.0,0.0,1.04542661471737,0.2767151375133351,1.1425512891671783,0.3738398119631433,0.07696277029599964,-0.6917487069080354,0.0865003129983242,-0.6822111642057108,0.2004013392074276,-0.5683101379966073,0.11473377670717028,-0.6539777004968648,0.20738437061626153,-0.5613271065877734,0.19943805,-0.5692734268147451,0.27273284732441727,-0.4959786298796177,0.12028184930533706,-0.648429627898698,0.21191938199424734,-0.5567920952097877
E01026214,E01026214,North Kesteven 014A,North Kesteven,E01026214,1,2022,1.01705952546743,0.768711477204035,-0.2767151375133351,63.861258033038226,72.01342012832248,0.0,0.0,0.0,0.768711477204035,-0.24834804826339496,0.4919963396906999,-0.5250631857767301,0.07696277029599964,-0.9400967551714303,0.0865003129983242,-0.9305592124691058,0.2004013392074276,-0.8166581862600024,0.11473377670717028,-0.9023257487602596,0.20738437061626153,-0.8096751548511685,0.19943805,-0.8176214750781401,0.27273284732441727,-0.7443266781430127,0.12028184930533706,-0.8967776761620929,0.21191938199424734,-0.8051401434731826
E01026215,E01026215,North Kesteven 014B,North Kesteven,E01026215,1,2020,0.667032118051977,0.804161198375586,0.264463392049169,62.86666243535912,70.51535363482503,0.0,0.0,0.0,0.804161198375586,0.13712908032360893,1.068624590424755,0.40159247237277806,-0.02043951160592944,-0.6874716296579064,-0.008456001153414688,-0.6754881192053918,0.2502530401058698,-0.41677907794610725,0.13037054952579918,-0.5366615685261779,0.23393877495122056,-0.4330933431007565,0.24596025,-0.4210718675551127,0.1584965881191611,-0.5085355299328159,0.24325283261191516,-0.4237792854400619,0.23562020320090013,-0.4314119148510769
E01026215,E01026215,North Kesteven 014B,North Kesteven,E01026215,1,2021,0.941738304207944,0.667032118051977,-0.13712908032360893,62.86666243535912,70.51535363482503,0.0,0.0,0.0,0.667032118051977,-0.274706186155967,0.5299030377283681,-0.4118352664795759,-0.02043951160592944,-0.9621778158138734,-0.008456001153414688,-0.9501943053613587,0.2502530401058698,-0.6914852641020742,0.13037054952579918,-0.8113677546821448,0.23393877495122056,-0.7077995292567234,0.24596025,-0.6957780537110797,0.1584965881191611,-0.7832417160887829,0.24325283261191516,-0.6984854715960289,0.23562020320090013,-0.7061181010070439
E01026215,E01026215,North Kesteven 014B,North Kesteven,E01026215,1,2022,0.574492974267037,0.941738304207944,0.274706186155967,62.86666243535912,70.51535363482503,0.0,0.0,0.0,0.941738304207944,0.367245329940907,1.216444490363911,0.6419515160968738,-0.02043951160592944,-0.5949324858729665,-0.008456001153414688,-0.5829489754204518,0.2502530401058698,-0.32423993416116725,0.13037054952579918,-0.44412242474123786,0.23393877495122056,-0.3405541993158165,0.24596025,-0.32853272377017273,0.1584965881191611,-0.41599638614787593,0.24325283261191516,-0.3312401416551219,0.23562020320090013,-0.3388727710661369
E01026218,E01026218,North Kesteven 014C,North Kesteven,E01026218,1,2020,0.491357755080623,0.512102546917749,0.04209427922176301,66.80980076259291,76.72476501130113,0.0,0.0,0.0,0.512102546917749,0.02074479183712602,0.554196826139512,0.06283907105888903,0.4261366704754965,-0.06522108460512649,0.36798256463830326,-0.12337519044231976,0.23867859395572452,-0.2526791611248985,0.14728764897114147,-0.3440701061094815,0.3311386059770752,-0.16021914910354784,0.28297922,-0.20837853492872177,0.28340555119984234,-0.20795220388078067,0.22127399964512998,-0.270083755435493,0.2504883355854275,-0.24086941949519552
E01026218,E01026218,North Kesteven 014C,North Kesteven,E01026218,1,2021,0.930775873880028,0.491357755080623,-0.02074479183712602,66.80980076259291,76.72476501130113,0.0,0.0,0.0,0.491357755080623,-0.439418118799405,0.470612963243497,-0.46016291063653103,0.4261366704754965,-0.5046392034045315,0.36798256463830326,-0.5627933092417248,0.23867859395572452,-0.6920972799243035,0.14728764897114147,-0.7834882249088866,0.3311386059770752,-0.5996372679029529,0.28297922,-0.6477966537281268,0.28340555119984234,-0.6473703226801857,0.22127399964512998,-0.7095018742348981,0.2504883355854275,-0.6802875382946005
E01026218,E01026218,North Kesteven 014C,North Kesteven,E01026218,1,2022,0.749098721739585,0.930775873880028,0.439418118799405,66.80980076259291,76.72476501130113,0.0,0.0,0.0,0.930775873880028,0.181677152140443,1.370193992679433,0.6210952709398481,0.425370092169294,-0.323728629570291,0.36747975527827337,-0.38161896646131166,0.23867859395572452,-0.5104201277838605,0.14728764897114147,-0.6018110727684436,0.3311386059770752,-0.41796011576250985,0.28199697,-0.46710175633125983,0.28340555119984234,-0.4656931705397427,0.2478722488959197,-0.5012264728436653,0.25573859475695715,-0.4933601269826279
E01026219,E01026219,North Kesteven 014D,North Kesteven,E01026219,1,2020,0.880745589432842,0.778691212919904,0.6053681978412779,65.60151113846948,74.99635269318142,0.0,0.0,0.0,0.778691212919904,-0.10205437651293803,1.3840594107611819,0.5033138213283399,-0.10369024306441048,-0.9844358324972524,-0.014746881070200446,-0.8954924705030425,-0.14807701753916563,-1.0288226069720077,-0.2172696139861563,-1.0980152034189983,-0.07275111948764443,-0.9534967089204864,-0.106149115,-0.9868947041012113,-0.00035144370785251955,-0.8810970331406945,-0.1278057746567817,-1.0085513640896238,-0.08777129842099995,-0.9685168878538419
E01026219,E01026219,North Kesteven 014D,North Kesteven,E01026219,1,2021,0.780152679400976,0.880745589432842,0.10205437651293803,65.60151113846948,74.99635269318142,0.0,0.0,0.0,0.880745589432842,0.10059291003186599,0.98279996594578,0.20264728654480402,-0.10369024306441048,-0.8838429224653864,-0.014746881070200446,-0.7948995604711764,-0.14807701753916563,-0.9282296969401416,-0.2172696139861563,-0.9974222933871323,-0.07275111948764443,-0.8529037988886204,-0.106149115,-0.8863017940693453,-0.00035144370785251955,-0.7805041231088286,-0.1278057746567817,-0.9079584540577577,-0.08777129842099995,-0.867923977821976
E01026219,E01026219,North Kesteven 014D,North Kesteven,E01026219,1,2022,0.502753833870555,0.780152679400976,-0.10059291003186599,65.60151113846948,74.99635269318142,0.0,0.0,0.0,0.780152679400976,0.27739884553042105,0.67955976936911,0.17680593549855506,-0.09559858316560536,-0.5983524170361603,-0.00943944893655238,-0.5121932828071073,-0.07722027295488067,-0.5799741068254356,-0.20622290041048064,-0.7089767342810356,-0.07275111948764443,-0.5755049533581994,-0.088982016,-0.5917358497187147,0.03183029619934321,-0.47092353767121176,-0.08021582320527272,-0.5829696570758277,-0.08868628894607364,-0.5914401228166286
E01032991,E01032991,North Kesteven 014E,North Kesteven,E01032991,1,2020,0.509982393074437,0.52955029366815,0.184326838143132,65.73717148004259,73.61170919126491,0.0,0.0,0.0,0.52955029366815,0.01956790059371294,0.713877131811282,0.20389473873684494,-0.08017781894125096,-0.590160212015688,-0.1847970073903161,-0.6947794004647532,0.10790528676065608,-0.40207710631378096,-0.030106698617136544,-0.5400890916915736,0.14679975609767962,-0.36318263697675746,0.09512116,-0.41486123292486277,0.03736811818113922,-0.4726142748932978,0.115849534751449,-0.39413285832298806,0.1663187463456308,-0.3436636467288062
E01032991,E01032991,North Kesteven 014E,North Kesteven,E01032991,1,2021,0.93614274331697,0.509982393074437,-0.01956790059371294,65.73717148004259,73.61170919126491,0.0,0.0,0.0,0.509982393074437,-0.42616035024253296,0.4904144924807241,-0.4457282508362459,-0.08017781894125096,-1.016320562258221,-0.1847970073903161,-1.120939750707286,0.10790528676065608,-0.828237456556314,-0.030106698617136544,-0.9662494419341066,0.14679975609767962,-0.7893429872192904,0.09512116,-0.8410215831673957,0.03736811818113922,-0.8987746251358308,0.115849534751449,-0.820293208565521,0.1663187463456308,-0.7698239969713392
E01032991,E01032991,North Kesteven 014E,North Kesteven,E01032991,1,2022,0.842363304624774,0.93614274331697,0.42616035024253296,65.73717148004259,73.61170919126491,0.0,0.0,0.0,0.93614274331697,0.09377943869219596,1.362303093559503,0.519939788934729,-0.08017781894125096,-0.922541123566025,-0.1847970073903161,-1.02716031201509,0.10790528676065608,-0.734458017864118,-0.030106698617136544,-0.8724700032419106,0.14679975609767962,-0.6955635485270945,0.09512116,-0.7472421444751998,0.03736811818113922,-0.8049951864436349,0.115849534751449,-0.726513769873325,0.1663187463456308,-0.6760445582791432
E01032992,E01032992,North Kesteven 014F,North Kesteven,E01032992,1,2020,0.834123539832083,1.02976143738926,0.5439032005551061,67.47605137817564,77.38448086789116,0.0,0.0,0.0,1.02976143738926,0.1956378975571771,1.5736646379443662,0.7395410981122832,0.24886151660249095,-0.585262023229592,0.18237979016689104,-0.6517437496651919,-0.1030279824280804,-0.9371515222601634,0.05048599473873584,-0.7836375450933472,-0.1320895624029578,-0.9662131022350408,-0.011680487,-0.8458040264441049,-0.025731863547519454,-0.8598554033796024,0.1547251256007697,-0.6793984142313133,-0.1678389962130007,-1.0019625360450837
E01032992,E01032992,North Kesteven 014F,North Kesteven,E01032992,1,2021,1.33089611403434,0.834123539832083,-0.1956378975571771,67.47605137817564,77.38448086789116,0.0,0.0,0.0,0.834123539832083,-0.49677257420225707,0.6384856422749059,-0.6924104717594342,0.25001138406179485,-1.0808847299725453,0.18313400420693576,-1.1477621098274042,0.11088920847436637,-1.2200069055599736,0.059409132161362475,-1.2714869818729775,0.2742085303522206,-1.0566875836821195,0.19028153,-1.1406145887800905,0.09297156076434833,-1.2379245532699916,0.28044221660784335,-1.0504538974264968,0.1722740928531274,-1.1586220211812126
E01032992,E01032992,North Kesteven 014F,North Kesteven,E01032992,1,2022,0.959590560330176,1.33089611403434,0.49677257420225707,67.47605137817564,77.38448086789116,0.0,0.0,0.0,1.33089611403434,0.37130555370416407,1.8276686882365971,0.8680781279064211,0.25056502394960783,-0.7090255363805682,0.18349714430029063,-0.7760934160298854,0.12979853860103904,-0.8297920217291369,0.0681668988587111,-0.8914236614714649,0.2742085303522206,-0.6853820299779554,0.19028153,-0.7693090350759264,0.12692394935780296,-0.832666610972373,0.26392210259396415,-0.6956684577362118,0.16383425806745705,-0.795756302262719
E01026301,E01034705,South Kesteven 010G,South Kesteven,E01026301,1,2020,0.47367092945184,0.50890425127357,0.12033396319057799,72.58741832464622,69.68623067931014,0.0,0.0,0.0,0.50890425127357,0.03523332182173,0.629238214464148,0.155567285012308,0.10373224688650702,-0.36993868256533297,-0.2640165517466099,-0.7376874811984498,0.25768897426768567,-0.2159819551841543,0.18900689794231904,-0.2846640315095209,0.30209944255662763,-0.17157148689521234,0.301842,-0.17182892539109473,0.16597261991711487,-0.3076983095347251,0.38284178263022456,-0.09082914682161541,0.3755115094129585,-0.09815942003888145
E01026301,E01034705,South Kesteven 010G,South Kesteven,E01026301,1,2021,0.727097605522645,0.47367092945184,-0.03523332182173,72.58741832464622,69.68623067931014,0.0,0.0,0.0,0.47367092945184,-0.25342667607080505,0.43843760763010997,-0.28865999789253505,0.10373224688650702,-0.623365358636138,-0.2640165517466099,-0.9911141572692549,0.25768897426768567,-0.46940863125495935,0.18900689794231904,-0.538090707580326,0.30209944255662763,-0.4249981629660174,0.301842,-0.4252556014618998,0.16597261991711487,-0.5611249856055301,0.38284178263022456,-0.34425582289242046,0.3755115094129585,-0.3515860961096865
E01026301,E01034705,South Kesteven 010G,South Kesteven,E01026301,1,2022,0.51614364481282,0.727097605522645,0.25342667607080505,72.58741832464622,69.68623067931014,0.0,0.0,0.0,0.727097605522645,0.21095396070982497,0.9805242815934501,0.46438063678063,0.10373224688650702,-0.41241139792631304,-0.2640165517466099,-0.7801601965594299,0.25768897426768567,-0.2584546705451344,0.18900689794231904,-0.327136746870501,0.30209944255662763,-0.21404420225619242,0.301842,-0.2143016407520748,0.16597261991711487,-0.3501710248957052,0.38284178263022456,-0.1333018621825955,0.3755115094129585,-0.14063213539986152
E01026302,E01026302,South Kesteven 010D,South Kesteven,E01026302,1,2020,0.818515810226559,0.325624046672985,0.215199540407583,69.25567695452571,66.62946695883441,0.0,0.0,0.0,0.325624046672985,-0.49289176355357395,0.540823587080568,-0.27769222314599096,-0.24915585810048418,-1.067671668327043,-0.29545406253481477,-1.1139698727613738,0.10566619311490948,-0.7128496171116495,0.005783518356783234,-0.8127322918697757,0.12268781264627353,-0.6958279975802855,0.14925452,-0.6692612944594615,0.009108983982872562,-0.8094068262436864,0.1927659074628927,-0.6257499027636663,0.1784231749819517,-0.6400926352446072
E01026302,E01026302,South Kesteven 010D,South Kesteven,E01026302,1,2021,0.52979225305441,0.818515810226559,0.49289176355357395,69.25567695452571,66.62946695883441,0.0,0.0,0.0,0.818515810226559,0.2887235571721489,1.311407573780133,0.7816153207257229,-0.24838927979428166,-0.7781815328486916,-0.294951253174785,-0.824743506229195,0.11277343857899207,-0.41701881447541794,0.005783518356783234,-0.5240087346976268,0.12268781264627353,-0.4071044404081365,0.14925452,-0.38053773728731255,0.009108983982872562,-0.5206832690715375,0.18206136539980697,-0.347730887654603,0.17833649166904997,-0.35145576138536005
E01026302,E01026302,South Kesteven 010D,South Kesteven,E01026302,1,2022,0.450802767835982,0.52979225305441,-0.2887235571721489,69.25567695452571,66.62946695883441,0.0,0.0,0.0,0.52979225305441,0.07898948521842802,0.2410686958822611,-0.2097340719537209,-0.2507316023965673,-0.7015343702325493,-0.2964876151082094,-0.7472903829441915,0.0980461672920784,-0.35275660054390356,0.007202868255437466,-0.4435998995805445,0.12268781264627353,-0.32811495518970846,0.15653007,-0.29427270051134363,0.009108983982872562,-0.4416937838531094,0.2789801086563598,-0.1718226591796222,0.17827272769557043,-0.2725300401404116
E01026296,E01026296,South Kesteven 011B,South Kesteven,E01026296,1,2020,0.550946302182362,0.22756818147256,0.05071555545977699,70.11954555144578,67.51304199182061,0.0,0.0,0.0,0.22756818147256,-0.323378120709802,0.278283736932337,-0.27266256525002497,-0.17252971684338647,-0.7234760190257484,-0.19073834382079233,-0.7416846460031543,-0.04777368114468264,-0.5987199833270446,-0.22303423858518845,-0.7739805407675504,-0.007524763211338136,-0.5584710653937001,-0.008896143,-0.5598424453580235,-0.03457343977291283,-0.5855197419552748,-0.007047646815005798,-0.5579939489973678,-0.003304037794282698,-0.5542503399766446
E01026296,E01026296,South Kesteven 011B,South Kesteven,E01026296,1,2021,0.601021340948354,0.550946302182362,0.323378120709802,70.11954555144578,67.51304199182061,0.0,0.0,0.0,0.550946302182362,-0.050075038765992064,0.8743244228921639,0.2733030819438099,-0.17508497786406185,-0.7761063188124159,-0.19241437502089168,-0.7934357159692457,-0.07426571257372264,-0.6752870535220766,-0.22303423858518845,-0.8240555795335425,-0.007524763211338136,-0.6085461041596921,-0.008896143,-0.6099174841240156,-0.03457343977291283,-0.6355947807212668,-0.007313817278155161,-0.6083351582265092,-0.0030150934179436414,-0.6040364343662976
E01026296,E01026296,South Kesteven 011B,South Kesteven,E01026296,1,2022,1.10508667348675,0.601021340948354,0.050075038765992064,70.11954555144578,67.51304199182061,0.0,0.0,0.0,0.601021340948354,-0.5040653325383959,0.6510963797143461,-0.45399029377240385,-0.174446162608893,-1.279532836095643,-0.19199536722086682,-1.2970820407076167,-0.07426571257372264,-1.1793523860604727,-0.22303423858518845,-1.3281209120719384,-0.007524763211338136,-1.1126114366980882,-0.008896143,-1.1139828166624115,-0.03457343977291283,-1.1396601132596627,-0.007047646815005798,-1.1121343203017557,-0.003087329512028378,-1.1081740029987783
E01026297,E01026297,South Kesteven 011C,South Kesteven,E01026297,1,2020,0.624310267087795,0.939971191094555,0.2692312360670349,70.45644992033081,67.70519304543075,0.0,0.0,0.0,0.939971191094555,0.31566092400675994,1.20920242716159,0.584892160073795,-0.11297973488303902,-0.737290001970834,-0.004221871479149236,-0.6285321385669442,0.4319763926275947,-0.19233387446020034,0.30863012855613836,-0.31568013853165666,0.4978567282702121,-0.12645353881758292,0.5173924,-0.10691787016091514,0.3446087680476488,-0.27970149904014624,0.41134005820547415,-0.21297020888232088,0.5247092514796645,-0.0996010156081305
E01026297,E01026297,South Kesteven 011C,South Kesteven,E01026297,1,2021,0.689264427146205,0.624310267087795,-0.31566092400675994,70.45644992033081,67.70519304543075,0.0,0.0,0.0,0.624310267087795,-0.06495416005840993,0.3086493430810351,-0.38061508406516986,-0.11493876833222343,-0.8042031954784283,-0.005506828732558769,-0.6947712558787638,0.06123946032427914,-0.6280249668219258,0.26797782912564966,-0.4212865980205553,0.20322845880080048,-0.48603596834540447,0.15360244,-0.5356619909613218,0.1484415291667388,-0.5408228979794661,0.31636718369847194,-0.372897243447733,0.1618350034774535,-0.5274294236687515
E01026297,E01026297,South Kesteven 011C,South Kesteven,E01026297,1,2022,0.712638887812525,0.689264427146205,0.06495416005840993,70.45644992033081,67.70519304543075,0.0,0.0,0.0,0.689264427146205,-0.023374460666320096,0.7542185872046149,0.04157969939208983,-0.11562017127107015,-0.8282590590835952,-0.0059537703859186,-0.7185926581984436,0.17758647363358032,-0.5350524141789448,0.272945185313924,-0.43969370249860107,0.35286950143478185,-0.3597693863777432,0.40372974,-0.3089091510075629,0.2175220267341612,-0.49511686107836383,0.38173297824537467,-0.3309059095671504,0.3755987679768964,-0.33704011983562865
E01026298,E01026298,South Kesteven 011D,South Kesteven,E01026298,1,2020,1.15463715061659,0.809935277941229,0.127353713702281,73.32505564514081,70.3386515094526,0.0,0.0,0.0,0.809935277941229,-0.344701872675361,0.93728899164351,-0.21734815897308002,0.7661277260627015,-0.3885094245538885,0.5349308438465462,-0.6197063067700438,0.6828033150806042,-0.4718338355359858,0.6370956202048277,-0.5175415304117623,0.8287321938741168,-0.3259049567424732,0.7617456,-0.3928915785264411,0.7064150363004106,-0.4482221143161794,0.851903375631965,-0.30273377498462495,0.7281577848343398,-0.4264793657822502
E01026298,E01026298,South Kesteven 011D,South Kesteven,E01026298,1,2021,1.14884423611036,1.15463715061659,0.344701872675361,73.32505564514081,70.3386515094526,0.0,0.0,0.0,1.15463715061659,0.005792914506230096,1.499339023291951,0.3504947871815911,0.77025873137946,-0.3785855047308999,0.5376404276200402,-0.6112038084903197,0.6870924158616714,-0.46175182024868855,0.6441347556660303,-0.5047094804443296,0.8152381401544876,-0.3336060959558723,0.76035285,-0.38849138615003276,0.7064150363004106,-0.4424291998099493,0.85418116667314,-0.29466306943721987,0.7264468569330529,-0.422397379177307
E01026298,E01026298,South Kesteven 011D,South Kesteven,E01026298,1,2022,1.4610160164666,1.14884423611036,-0.005792914506230096,73.32505564514081,70.3386515094526,0.0,0.0,0.0,1.14884423611036,-0.31217178035624005,1.1430513216041298,-0.31796469486247014,0.7680015841445301,-0.6930144323220698,0.5361599333932857,-0.9248560830733142,0.6805433712413066,-0.7804726452252934,0.6423763935171866,-0.8186396229494134,0.8152381401544876,-0.6457778763121124,0.76035285,-0.7006631665062728,0.7064150363004106,-0.7546009801661894,0.85418116667314,-0.6068348497934599,0.7267020911321525,-0.7343139253344475
E01032997,E01032997,South Kesteven 011E,South Kesteven,E01032997,1,2020,0.849252535208786,0.767189291716415,-0.23099543504959097,73.21402782276758,70.12356475994649,0.0,0.0,0.0,0.767189291716415,-0.08206324349237093,0.5361938566668241,-0.3130586785419619,-0.2031373037417077,-1.0523898389504938,-0.3374403475704749,-1.1866928827792609,0.37686623590340657,-0.4723862993053794,0.5779406123242722,-0.2713119228845138,0.5156764146159799,-0.33357612059280606,0.5826193,-0.26663322578343196,0.3271981613379467,-0.5220543738708392,0.7080171370494646,-0.1412353981593214,0.5356599627382989,-0.3135925724704871
E01032997,E01032997,South Kesteven 011E,South Kesteven,E01032997,1,2021,1.04266956797477,0.849252535208786,0.08206324349237093,73.21402782276758,70.12356475994649,0.0,0.0,0.0,0.849252535208786,-0.193417032765984,0.9313157787011569,-0.11135378927361306,-0.21144190205890245,-1.2541114700336724,-0.3428874489707979,-1.385557016945568,0.4296654059210786,-0.6130041620536913,0.5908152128294666,-0.45185435514530337,0.6016219062905395,-0.4410476616842305,0.6700668,-0.372602794083321,0.34370613851631376,-0.6989634294584561,0.8308355566169013,-0.2118340113578686,0.6613713270254853,-0.38129824094928466
E01032997,E01032997,South Kesteven 011E,South Kesteven,E01032997,1,2022,0.568940416172946,1.04266956797477,0.193417032765984,73.21402782276758,70.12356475994649,0.0,0.0,0.0,1.04266956797477,0.47372915180182396,1.2360866007407538,0.6671461845678078,-0.2123788310998167,-0.7813192472727627,-0.3435019937441677,-0.9124424099171137,0.4075193304970376,-0.1614210856759084,0.5908152128294666,0.02187479665652059,0.6016219062905395,0.03268149011759347,0.6588698,0.08992938677886675,0.34370613851631376,-0.22523427765663223,0.7958448249768364,0.2269044088038904,0.6614772732968095,0.0925368571238635
E01032998,E01032998,South Kesteven 011F,South Kesteven,E01032998,1,2020,0.435573499695488,-0.0441116121509141,-0.0190906038622285,73.3197480607971,70.01340014788404,0.0,0.0,0.0,-0.0441116121509141,-0.47968511184640206,-0.0632022160131426,-0.49877571570863055,-0.26266251956768905,-0.698236019263177,-0.408275559745669,-0.843849059441157,-0.0920742550197281,-0.5276477547152161,-0.1853595695244671,-0.6209330692199551,-0.014636218576943964,-0.45020971827243195,-0.051970504,-0.48754400391978836,-0.036211431705660393,-0.47178493140114836,-0.03259273904632,-0.46816623874180796,-0.024064731117611465,-0.45963823081309946
E01032998,E01032998,South Kesteven 011F,South Kesteven,E01032998,1,2021,0.295507068244422,0.435573499695488,0.47968511184640206,73.3197480607971,70.01340014788404,0.0,0.0,0.0,0.435573499695488,0.14006643145106595,0.91525861154189,0.6197515432974681,-0.26266251956768905,-0.5581695878121111,-0.408275559745669,-0.703782627990091,-0.0920742550197281,-0.3875813232641501,-0.1853595695244671,-0.48086663776888916,-0.014636218576943964,-0.310143286821366,-0.051970504,-0.3474775724687224,-0.036211431705660393,-0.3317184999500824,-0.03259273904632,-0.328099807290742,-0.024064731117611465,-0.3195717993620335
E01032998,E01032998,South Kesteven 011F,South Kesteven,E01032998,1,2022,0.497605572185034,0.295507068244422,-0.14006643145106595,73.3197480607971,70.01340014788404,0.0,0.0,0.0,0.295507068244422,-0.20209850394061196,0.15544063679335607,-0.3421649353916779,-0.2677730416090396,-0.7653786137940736,-0.4116276221458677,-0.9092331943309017,0.02431736643883323,-0.47328820574620073,-0.14630453431803583,-0.6439101065030698,0.05323831081900768,-0.44436726136602633,0.05058157,-0.44702400147032184,-0.03141801728117595,-0.52902358946621,0.0011510962261166591,-0.49645447595891734,0.06786807950537352,-0.42973749267966044
E01032999,E01032999,South Kesteven 011G,South Kesteven,E01032999,1,2020,0.573152054346482,0.119519242508539,-0.12668625007900203,72.53118957661728,69.62213124799999,0.0,0.0,0.0,0.119519242508539,-0.45363281183794296,-0.007167007570463027,-0.580319061916945,-0.24222638283044307,-0.815378437176925,-0.2070233061247446,-0.7801753604712266,-0.018365264724729814,-0.5915173190712117,-0.07579250839943073,-0.6489445627459127,0.010790603245371158,-0.5623614511011108,0.03536961,-0.5377824457952182,0.046625638904889403,-0.5265264154415926,0.12589597698360336,-0.44725607736287865,-0.022256726919616415,-0.5954087812660984
E01032999,E01032999,South Kesteven 011G,South Kesteven,E01032999,1,2021,0.643243834762692,0.573152054346482,0.45363281183794296,72.53118957661728,69.62213124799999,0.0,0.0,0.0,0.573152054346482,-0.07009178041621,1.026784866184425,0.383541031421733,-0.23400695988060416,-0.8772507946432961,-0.20163207243109157,-0.8448759071937836,-0.04829528444854349,-0.6915391192112355,-0.0923099581126069,-0.7355537928752989,0.005299074977760598,-0.6379447597849314,0.008603532,-0.6346403028954263,0.038187017569080335,-0.6050568171936116,0.0454860367997828,-0.5977577979629092,-0.022857535011716695,-0.6661013697744087
E01032999,E01032999,South Kesteven 011G,South Kesteven,E01032999,1,2022,0.838540558149025,0.643243834762692,0.07009178041621,72.53118957661728,69.62213124799999,0.0,0.0,0.0,0.643243834762692,-0.19529672338633297,0.713335615178902,-0.12520494297012297,-0.24222638283044307,-1.080766940979468,-0.2070233061247446,-1.0455638642737695,-0.018365264724729814,-0.8569058228737547,-0.07579250839943073,-0.9143330665484557,0.010790603245371158,-0.8277499549036538,0.03536961,-0.8031709495977611,0.046625638904889403,-0.7919149192441356,0.12589597698360336,-0.7126445811654216,-0.022256726919616415,-0.8607972850686414
E01026330,E01026330,South Kesteven 012A,South Kesteven,E01026330,1,2020,0.0794529571226835,0.0554954681109219,0.2324923020388329,68.83979300778864,71.87046806714618,0.0,0.0,0.0,0.0554954681109219,-0.023957489011761604,0.2879877701497548,0.20853481302707128,-0.7228941457013462,-0.8023471028240298,-0.6241112434817899,-0.7035642006044734,-0.5993491074559232,-0.6788020645786067,-0.5361319169349223,-0.6155848740576059,-0.5692463039059682,-0.6486992610286517,-0.55032295,-0.6297759070090055,-0.5784183196238718,-0.6578712767465553,-0.5661440084127498,-0.6455969655354333,-0.5807146017918834,-0.6601675589145669
E01026330,E01026330,South Kesteven 012A,South Kesteven,E01026330,1,2021,0.270224822899372,0.0794529571226835,0.023957489011761604,68.83979300778864,71.87046806714618,0.0,0.0,0.0,0.0794529571226835,-0.19077186577668848,0.10341044613444511,-0.16681437676492689,-0.7228941457013462,-0.9931189686007182,-0.6241112434817899,-0.8943360663811619,-0.5993491074559232,-0.8695739303552952,-0.5361319169349223,-0.8063567398342943,-0.5692463039059682,-0.8394711268053402,-0.55032295,-0.820547772785694,-0.5784183196238718,-0.8486431425232438,-0.5661440084127498,-0.8363688313121218,-0.5807146017918834,-0.8509394246912554
E01026330,E01026330,South Kesteven 012A,South Kesteven,E01026330,1,2022,0.209316223618798,0.270224822899372,0.19077186577668848,68.83979300778864,71.87046806714618,0.0,0.0,0.0,0.270224822899372,0.06090859928057399,0.4609966886760605,0.2516804650572625,-0.7228941457013462,-0.9322103693201442,-0.6241112434817899,-0.8334274671005879,-0.5993491074559232,-0.8086653310747212,-0.5361319169349223,-0.7454481405537203,-0.5692463039059682,-0.7785625275247662,-0.55032295,-0.75963917350512,-0.5784183196238718,-0.7877345432426698,-0.5661440084127498,-0.7754602320315478,-0.5807146017918834,-0.7900308254106814
E01026360,E01026360,South Kesteven 012B,South Kesteven,E01026360,1,2020,0.294034939259823,0.195248348219818,0.43308448733415805,72.03638134033913,69.1996001320165,0.0,0.0,0.0,0.195248348219818,-0.09878659104000498,0.6283328355539761,0.33429789629415313,-0.6472489789644702,-0.9412839182242931,-0.5662828765791941,-0.860317815839017,-0.19072790232472453,-0.4847628415845475,-0.3135329801734694,-0.6075679194332924,-0.17545964301422667,-0.46949458227404967,-0.1895034,-0.48353834077769103,-0.26729525189323394,-0.5613301911530569,-0.1744732886721207,-0.4685082279319437,-0.11618241882658913,-0.41021735808641213
E01026360,E01026360,South Kesteven 012B,South Kesteven,E01026360,1,2021,0.430843960842755,0.294034939259823,0.09878659104000498,72.03638134033913,69.1996001320165,0.0,0.0,0.0,0.294034939259823,-0.136809021582932,0.39282153029982797,-0.03802243054292703,-0.6512948089138728,-1.0821387697566278,-0.568936592646018,-0.999780553488773,-0.19202343012034234,-0.6228673909630973,-0.30997142519654486,-0.7408153860392999,-0.17545964301422667,-0.6063036038569817,-0.1895034,-0.620347362360623,-0.26729525189323394,-0.6981392127359889,-0.17722817032066646,-0.6080721311634214,-0.11572492356405227,-0.5465688844068073
E01026360,E01026360,South Kesteven 012B,South Kesteven,E01026360,1,2022,0.752767494418321,0.430843960842755,0.136809021582932,72.03638134033913,69.1996001320165,0.0,0.0,0.0,0.430843960842755,-0.321923533575566,0.5676529824256871,-0.18511451199263396,-0.6531260793120235,-1.4058935737303444,-0.5701377483394227,-1.3229052427577437,-0.19202343012034234,-0.9447909245386634,-0.3163259942955162,-1.0690934887138372,-0.17322133061691153,-0.9259888250352326,-0.1895034,-0.9422708959361891,-0.26729525189323394,-1.020062746311555,-0.1821031011340543,-0.9348705955523753,-0.11551784676100926,-0.8682853411793303
E01026362,E01026362,South Kesteven 012C,South Kesteven,E01026362,1,2020,0.20084731760994,0.234924141885938,0.127970971711507,44.29141383796963,71.79935089944881,0.0,0.0,0.0,0.234924141885938,0.03407682427599798,0.362895113597445,0.16204779598750496,-0.7454057847522003,-0.9462531023621403,-0.7232594094621537,-0.9241067270720937,-0.20503799702246853,-0.4058853146324085,-0.3141818064851803,-0.5150291240951204,-0.200789426707264,-0.401636744317204,-0.2059591,-0.4068064141608815,-0.2471418189614032,-0.4479891365713432,-0.18956337764502984,-0.39041069525496985,-0.12794847891732808,-0.3287957965272681
E01026362,E01026362,South Kesteven 012C,South Kesteven,E01026362,1,2021,0.257769426387991,0.20084731760994,-0.03407682427599798,44.29141383796963,71.79935089944881,0.0,0.0,0.0,0.20084731760994,-0.056922108778050984,0.16677049333394203,-0.09099893305404896,-0.741274779435442,-0.999044205823433,-0.7205498256886597,-0.9783192520766506,-0.20947431909741904,-0.46724374548541003,-0.3198614953678333,-0.5776309217558243,-0.200789426707264,-0.458558853095255,-0.21529843,-0.47306785551949887,-0.2471418189614032,-0.5049112453493942,-0.25357449278419536,-0.5113439191721864,-0.13364223204962775,-0.3914116584376187
E01026362,E01026362,South Kesteven 012C,South Kesteven,E01026362,1,2022,0.263263320088454,0.257769426387991,0.056922108778050984,44.29141383796963,71.79935089944881,0.0,0.0,0.0,0.257769426387991,-0.005493893700462993,0.314691535166042,0.05142821507758799,-0.740721139547629,-1.003984459636083,-0.7201866855953049,-0.9834500056837588,-0.21136083391492788,-0.47462415400338187,-0.3203941808673922,-0.5836575009558462,-0.200789426707264,-0.46405274679571795,-0.21902858,-0.48229189729697297,-0.2471418189614032,-0.5104051390498572,-0.2533338099384026,-0.5165971300268566,-0.13418749158488463,-0.3974508116733386
E01026363,E01026363,South Kesteven 012D,South Kesteven,E01026363,1,2020,0.770351354099659,0.290961944215109,0.22503517700281672,63.93896734910099,72.43806391126498,0.0,0.0,0.0,0.290961944215109,-0.47938940988455003,0.5159971212179257,-0.2543542328817333,-0.6208484543178103,-1.3911998084174693,-0.5248335398224802,-1.2951848939221393,-0.24746011479681135,-1.0178114688964703,-0.18475265215494127,-0.9551040062546003,-0.13999449622677432,-0.9103458503264333,-0.09402691,-0.8643782623781243,-0.19838201699372177,-0.9687333710933808,-0.02304250236643548,-0.7933938564660945,-0.08388941531081254,-0.8542407694104716
E01026363,E01026363,South Kesteven 012D,South Kesteven,E01026363,1,2021,0.742886729913645,0.770351354099659,0.47938940988455003,63.93896734910099,72.43806391126498,0.0,0.0,0.0,0.770351354099659,0.02746462418601403,1.249740763984209,0.5068540340705641,-0.6150991170212909,-1.357985846934936,-0.5210624696222566,-1.2639491995359016,-0.2498404435085028,-0.9927271734221478,-0.18475265215494127,-0.9276393820685863,-0.13999449622677432,-0.8828812261404193,-0.09402691,-0.8369136381921103,-0.19838201699372177,-0.9412687469073668,-0.04491269322751986,-0.7877994231411649,-0.08453954015757545,-0.8274262700712205
E01026363,E01026363,South Kesteven 012D,South Kesteven,E01026363,1,2022,0.857958534191124,0.742886729913645,-0.02746462418601403,63.93896734910099,72.43806391126498,0.0,0.0,0.0,0.742886729913645,-0.11507180427747898,0.715422105727631,-0.14253642846349301,-0.6049206606222677,-1.4628791948133917,-0.514386278675194,-1.372344812866318,-0.262793116304568,-1.120751650495692,-0.18560383553457194,-1.043562369725696,-0.13999449622677432,-0.9979530304178983,-0.09115011,-0.9491086466412468,-0.19838201699372177,-1.0563405511848458,-0.08605202129014124,-0.9440105554812652,-0.085690501923326,-0.9436490361144501
E01026364,E01026364,South Kesteven 012E,South Kesteven,E01026364,1,2020,0.0463058009754291,0.0690394993936417,0.104583882521049,51.721433237043435,70.90081007251113,0.0,0.0,0.0,0.0690394993936417,0.022733698418212607,0.1736233819146907,0.1273175809392616,-0.7781566779098628,-0.8244624788852919,-0.6480820465280271,-0.6943878475034563,-0.2728794689170396,-0.3191852698924687,-0.3314717394384849,-0.377777540413914,-0.25327117811545086,-0.29957697909087994,-0.24640983,-0.292715634406673,-0.29545896456865295,-0.341764765544082,-0.22306040109804517,-0.2693662020734743,-0.16571869489492788,-0.212024495870357
E01026364,E01026364,South Kesteven 012E,South Kesteven,E01026364,1,2021,0.522793378018496,0.0463058009754291,-0.022733698418212607,51.721433237043435,70.90081007251113,0.0,0.0,0.0,0.0463058009754291,-0.47648757704306693,0.023572102557216493,-0.49922127546127953,-0.779136194634455,-1.3019295726529512,-0.6487245251547319,-1.171517903173228,-0.2728794689170396,-0.7956728469355356,-0.33922964641311754,-0.8620230244316136,-0.25327117811545086,-0.7760645561339469,-0.25273162,-0.7755249992839074,-0.29545896456865295,-0.818252342587149,-0.2283728136854956,-0.7511661917039916,-0.16560793288399792,-0.6884013109024939
E01026364,E01026364,South Kesteven 012E,South Kesteven,E01026364,1,2022,0.625230914058829,0.522793378018496,0.47648757704306693,51.721433237043435,70.90081007251113,0.0,0.0,0.0,0.522793378018496,-0.10243753604033301,0.9992809550615629,0.37405004100273387,-0.7785825547466421,-1.403813468805471,-0.6483613850613771,-1.2735922991202062,-0.2728794689170396,-0.8981103829758686,-0.3349072592700171,-0.9601381733288461,-0.25327117811545086,-0.8785020921742799,-0.25273162,-0.8779625353242404,-0.29545896456865295,-0.920689878627482,-0.22306040109804517,-0.8482913151568742,-0.16567053749887137,-0.7909014515577004
E01026334,E01026334,South Kesteven 013A,South Kesteven,E01026334,1,2020,0.0889138724486434,0.0091877218129977,-0.047488701313239,35.11543131002735,74.32348961155844,0.0,0.0,0.0,0.0091877218129977,-0.0797261506356457,-0.0383009795002413,-0.1272148519488847,-0.5656469677233895,-0.6545608401720329,-0.5634606988816281,-0.6523745713302715,-0.249499636313404,-0.3384135087620474,-0.36968330763056423,-0.45859718007920763,-0.1869587953114139,-0.2758726677600573,-0.21638104,-0.3052949156443679,-0.23308342235019425,-0.32199729479883765,-0.2160794892871233,-0.30499336173576674,-0.19511422251445978,-0.2840280949631032
E01026334,E01026334,South Kesteven 013A,South Kesteven,E01026334,1,2021,0.403914771678382,0.0889138724486434,0.0797261506356457,35.11543131002735,74.32348961155844,0.0,0.0,0.0,0.0889138724486434,-0.3150008992297386,0.1686400230842891,-0.23527474859409292,-0.5650081524682207,-0.9689229241466026,-0.5630416910816033,-0.9669564627599854,-0.249499636313404,-0.6534144079917861,-0.38838081309076083,-0.7922955847691429,-0.1869587953114139,-0.590873566989796,-0.20973647,-0.6136512380861578,-0.23659456044258265,-0.6405093321209647,-0.13831947149318827,-0.5422342431715703,-0.18799508809779697,-0.5919098597761789
E01026334,E01026334,South Kesteven 013A,South Kesteven,E01026334,1,2022,0.160053237839321,0.403914771678382,0.3150008992297386,35.11543131002735,74.32348961155844,0.0,0.0,0.0,0.403914771678382,0.24386153383906103,0.7189156709081206,0.5588624330687996,-0.5688836316829116,-0.7289368695222326,-0.5655836717350873,-0.7256369095744083,-0.22139398334004984,-0.3814472211793708,-0.328276158214434,-0.488329396053755,-0.1869587953114139,-0.3470120331507349,-0.20373245,-0.3637856836753882,-0.22766791126363312,-0.3877211491029541,-0.17365144858915876,-0.3337046864284797,-0.1690950849620888,-0.3291483228014098
E01026335,E01026335,South Kesteven 013B,South Kesteven,E01026335,1,2020,1.36763324550379,1.12726454125593,-0.21770269621030014,35.03857624052523,74.42293244657914,0.0,0.0,0.0,1.12726454125593,-0.24036870424786017,0.9095618450456298,-0.4580714004581603,0.24583938803999972,-1.1217938574637905,0.064940541912647,-1.302692703591143,0.8627391375244801,-0.50489410797931,0.7861437533878998,-0.5814894921158903,0.8743803252678783,-0.4932529202359117,0.93349206,-0.4341411810277769,0.5542982705899004,-0.8133349749138896,0.9068136821643973,-0.4608195633393928,0.913379206899628,-0.454254038604162
E01026335,E01026335,South Kesteven 013B,South Kesteven,E01026335,1,2021,1.05781116548558,1.36763324550379,0.24036870424786017,35.03857624052523,74.42293244657914,0.0,0.0,0.0,1.36763324550379,0.3098220800182101,1.6080019497516502,0.5501907842660703,0.24583938803999972,-0.8119717774455802,0.064940541912647,-0.992870623572933,0.8627391375244801,-0.1950720279610999,0.7861437533878998,-0.2716674120976802,0.8743803252678783,-0.18343084021770162,0.93349206,-0.12431910100956678,0.5542982705899004,-0.5035128948956795,0.9068136821643973,-0.15099748332118268,0.913379206899628,-0.14443195858595193
E01026335,E01026335,South Kesteven 013B,South Kesteven,E01026335,1,2022,1.11334144589434,1.05781116548558,-0.3098220800182101,35.03857624052523,74.42293244657914,0.0,0.0,0.0,1.05781116548558,-0.05553028040876007,0.7479890854673699,-0.36535236042697017,0.24583938803999972,-0.8675020578543403,0.064940541912647,-1.048400903981693,0.8627391375244801,-0.25060230836985997,0.7861437533878998,-0.32719769250644026,0.8743803252678783,-0.2389611206264617,0.93349206,-0.17984938141832685,0.5542982705899004,-0.5590431753044396,0.9068136821643973,-0.20652776372994275,0.913379206899628,-0.199962238994712
E01026336,E01026336,South Kesteven 013C,South Kesteven,E01026336,1,2020,0.809398508077049,0.715972273865201,0.242017431671816,34.732190259214356,74.29742992452654,0.0,0.0,0.0,0.715972273865201,-0.09342623421184804,0.957989705537017,0.14859119745996796,0.45644588051379864,-0.3529526275632504,0.404045637891143,-0.40535287018590604,0.38547047608171714,-0.4239280319953319,0.3451253708899814,-0.46427313718706764,0.4876057542576524,-0.32179275381939665,0.45582274,-0.3535757720521925,0.4620665086334926,-0.34733199944355647,0.654441989451377,-0.15495651862567206,0.34783631430156325,-0.4615621937754858
E01026336,E01026336,South Kesteven 013C,South Kesteven,E01026336,1,2021,0.544273792377791,0.809398508077049,0.09342623421184804,34.732190259214356,74.29742992452654,0.0,0.0,0.0,0.809398508077049,0.265124715699258,0.9028247422888971,0.35855094991110603,0.44179571732859346,-0.10247807504919759,0.3944363923439065,-0.14983740003388457,0.38437285001655186,-0.1599009423612392,0.3400312192167743,-0.20424257316101674,0.4876057542576524,-0.05666803812013865,0.45582274,-0.08845105635293449,0.4620665086334926,-0.08220728374429848,0.6258732124909565,0.08159942011316546,0.3494929287259072,-0.19478086365188385
E01026336,E01026336,South Kesteven 013C,South Kesteven,E01026336,1,2022,0.972652586879685,0.544273792377791,-0.265124715699258,34.732190259214356,74.29742992452654,0.0,0.0,0.0,0.544273792377791,-0.428378794501894,0.27914907667853306,-0.693503510201152,0.44277523405318575,-0.5298773528264993,0.39507887097061134,-0.5775737159090737,0.38437285001655186,-0.5882797368631332,0.3400312192167743,-0.6326213676629107,0.4876057542576524,-0.48504683262203263,0.45582274,-0.5168298508548285,0.4620665086334926,-0.5105860782461924,0.6258732124909565,-0.3467793743887285,0.34938216671497724,-0.6232704201647078
E01026337,E01026337,South Kesteven 013D,South Kesteven,E01026337,1,2020,0.282147574232784,0.308419107975454,0.20600882325175202,34.630117674136976,74.35279358577047,0.0,0.0,0.0,0.308419107975454,0.026271533742669995,0.514427931227206,0.23228035699442195,-0.16831290635306562,-0.45046048058584964,-0.3338752469132885,-0.6160228211460725,-0.06321381398824294,-0.34536138822102697,-0.1712281087005477,-0.45337568293333175,-0.024461839992375296,-0.3066094142251593,0.008375032,-0.27377254235920023,-0.06186051345515206,-0.3440080876879361,0.03436782981920541,-0.2477797444135786,-0.015141606073564056,-0.2972891803063481
E01026337,E01026337,South Kesteven 013D,South Kesteven,E01026337,1,2021,0.560095509236764,0.282147574232784,-0.026271533742669995,34.630117674136976,74.35279358577047,0.0,0.0,0.0,0.282147574232784,-0.27794793500397996,0.25587604049011403,-0.30421946874664996,-0.16831290635306562,-0.7284084155898296,-0.3338752469132885,-0.8939707561500525,-0.06321381398824294,-0.6233093232250069,-0.1712281087005477,-0.7313236179373117,-0.024461839992375296,-0.5845573492291393,0.008375032,-0.5517204773631802,-0.06186051345515206,-0.6219560226919161,0.03436782981920541,-0.5257276794175586,-0.015141606073564056,-0.5752371153103281
E01026337,E01026337,South Kesteven 013D,South Kesteven,E01026337,1,2022,0.409110938205875,0.560095509236764,0.27794793500397996,34.630117674136976,74.35279358577047,0.0,0.0,0.0,0.560095509236764,0.15098457103088897,0.838043444240744,0.42893250603486893,-0.16345791041378255,-0.5725688486196576,-0.33069078763309967,-0.7398017258389746,-0.04499696809841751,-0.45410790630429254,-0.18388540050966112,-0.5929963387155361,-0.026375210305664473,-0.4354861485115395,0.015402298,-0.39370863978520737,-0.0732736871709625,-0.4823846253768375,0.04443707733943509,-0.36467386086643994,-0.014116860181835361,-0.4232277983877104
E01026284,E01026284,South Holland 011C,South Holland,E01026284,1,2020,0.178476441822092,0.104594790371694,0.1759295372999784,76.46427335855573,77.9661864923355,0.0,0.0,0.0,0.104594790371694,-0.07388165145039799,0.2805243276716724,0.10204788584958041,-0.12274699560852252,-0.3012234374306145,-0.19273316736595433,-0.37120960918804635,-0.23231391121142414,-0.41079035303351613,-0.28429096252261177,-0.46276740434470376,-0.25934810852190326,-0.43782455034399526,-0.26531956,-0.4437959978199405,-0.23913863053459167,-0.41761507235668366,-0.20754375701154446,-0.3860201988336365,-0.19677854916360463,-0.3752549909856966
E01026284,E01026284,South Holland 011C,South Holland,E01026284,1,2021,0.235588170834182,0.178476441822092,0.07388165145039799,76.46427335855573,77.9661864923355,0.0,0.0,0.0,0.178476441822092,-0.057111729012089996,0.25235809327249,0.016769922438307994,-0.11908445481222128,-0.3546726256464033,-0.1903308559791452,-0.42591902681332716,-0.23231391121142414,-0.4679020820456061,-0.28429096252261177,-0.5198791333567938,-0.25934810852190326,-0.49493627935608525,-0.26531956,-0.5009077268320306,-0.23913863053459167,-0.47472680136877365,-0.21052097188721805,-0.4461091427214,-0.19719270276969064,-0.43278087360387263
E01026284,E01026284,South Holland 011C,South Holland,E01026284,1,2022,0.604444848250924,0.235588170834182,0.057111729012089996,76.46427335855573,77.9661864923355,0.0,0.0,0.0,0.235588170834182,-0.36885667741674205,0.292699899846272,-0.31174494840465206,-0.10971516440307845,-0.7141600126540025,-0.18418540824544746,-0.7886302564963715,-0.23623793177004643,-0.8406827800209704,-0.2878622303613142,-0.8923070786122382,-0.25934810852190326,-0.8637929567728273,-0.26531956,-0.8697644042487725,-0.23913863053459167,-0.8435834787855157,-0.23909514060361514,-0.8435399888545392,-0.19825216548293387,-0.8026970137338579
E01026303,E01026303,South Kesteven 014A,South Kesteven,E01026303,1,2020,0.286111239642883,0.25163430867454,0.1541368980677458,34.556230789223626,74.34563372458229,0.0,0.0,0.0,0.25163430867454,-0.03447693096834298,0.40577120674228584,0.11965996709940285,-0.51925836573015,-0.805369605373033,-0.5262327849761664,-0.8123440246190494,-0.14168011328757335,-0.42779135293045634,-0.3012591405154685,-0.5873703801583514,-0.18747180050262616,-0.4735830401455091,-0.17614056,-0.46225180134275023,-0.23272890506924682,-0.5188401447121298,-0.19509561745281506,-0.48120685709569805,-0.15783377446864985,-0.44394501411153287
E01026303,E01026303,South Kesteven 014A,South Kesteven,E01026303,1,2021,0.206836306166718,0.286111239642883,0.03447693096834298,34.556230789223626,74.34563372458229,0.0,0.0,0.0,0.286111239642883,0.07927493347616499,0.32058817061122596,0.11375186444450797,-0.5184917874239475,-0.7253280935906655,-0.5257299756161365,-0.7325662817828545,-0.13982659222830035,-0.34666289839501835,-0.3022007371190296,-0.5090370432857476,-0.18747180050262616,-0.3943081066693441,-0.16741838,-0.37425468177802323,-0.23272890506924682,-0.4395652112359648,-0.20451521078039037,-0.41135151694710836,-0.15792045778155153,-0.3647567639482695
E01026303,E01026303,South Kesteven 014A,South Kesteven,E01026303,1,2022,0.141536401181976,0.206836306166718,-0.07927493347616499,34.556230789223626,74.34563372458229,0.0,0.0,0.0,0.206836306166718,0.065299904984742,0.127561372690553,-0.013975028491422986,-0.51925836573015,-0.660794766912126,-0.5262327849761664,-0.6677691861581424,-0.14168011328757335,-0.2832165144695493,-0.3012591405154685,-0.4427955416974445,-0.18747180050262616,-0.32900820168460215,-0.17614056,-0.3176769628818432,-0.23272890506924682,-0.3742653062512228,-0.19509561745281506,-0.3366320186347911,-0.15783377446864985,-0.29937017565062585
E01026304,E01026304,South Kesteven 014B,South Kesteven,E01026304,1,2020,0.0788789394874981,-0.0353719030968287,0.1264685436041573,34.84479290191057,74.33359540016937,0.0,0.0,0.0,-0.0353719030968287,-0.1142508425843268,0.0910966405073286,0.012217701019830496,-0.2665489991128115,-0.3454279386003096,-0.40023631839857265,-0.4791152578860708,-0.19773975140803068,-0.2766186908955288,-0.29708607430656175,-0.3759650137940599,-0.2185439701957622,-0.2974229096832603,-0.19529404,-0.27417297694877896,-0.22774617435707817,-0.30662511384457625,-0.16527837449045402,-0.24415731397795212,-0.2375772497274016,-0.3164561892148997
E01026304,E01026304,South Kesteven 014B,South Kesteven,E01026304,1,2021,0.372132339237369,0.0788789394874981,0.1142508425843268,34.84479290191057,74.33359540016937,0.0,0.0,0.0,0.0788789394874981,-0.29325339974987086,0.1931297820718249,-0.17900255716554409,-0.26718781436798034,-0.6393201536053493,-0.40065532619859745,-0.7727876654359664,-0.19773975140803068,-0.5698720906453997,-0.29708607430656175,-0.6692184135439307,-0.2185439701957622,-0.5906763094331312,-0.19529404,-0.5674263766986498,-0.22774617435707817,-0.5998785135944471,-0.1652981114462047,-0.5374304506835736,-0.23750501363331683,-0.6096373528706858
E01026304,E01026304,South Kesteven 014B,South Kesteven,E01026304,1,2022,0.361627836366963,0.372132339237369,0.29325339974987086,34.84479290191057,74.33359540016937,0.0,0.0,0.0,0.372132339237369,0.010504502870405996,0.6653857389872398,0.30375790262027685,-0.26850803256199585,-0.6301358689289589,-0.40152127565198215,-0.7631491120189451,-0.19773975140803068,-0.5593675877749937,-0.29708607430656175,-0.6587139106735247,-0.2185439701957622,-0.5801718065627252,-0.19529404,-0.5569218738282438,-0.22774617435707817,-0.5893740107240412,-0.1652981114462047,-0.5269259478131677,-0.23735572570554167,-0.5989835620725047
E01026305,E01026305,South Kesteven 014C,South Kesteven,E01026305,1,2020,0.0740661268410045,-0.0155081758320492,0.10995192170677681,34.76505956988071,74.36498131465872,0.0,0.0,0.0,-0.0155081758320492,-0.08957430267305369,0.09444374587472762,0.02037761903372312,-0.3469630654402546,-0.4210291922812591,-0.36839331402992703,-0.44245944087093153,-0.26382486409210304,-0.33789099093310754,-0.3848540382337818,-0.4589201650747863,-0.31125330115659305,-0.38531942799759755,-0.27410993,-0.34817605664103807,-0.20314093857320004,-0.27720706541420453,-0.18687814702793698,-0.2609442738689415,-0.2759025744865615,-0.349968701327566
E01026305,E01026305,South Kesteven 014C,South Kesteven,E01026305,1,2021,0.291526307509738,0.0740661268410045,0.08957430267305369,34.76505956988071,74.36498131465872,0.0,0.0,0.0,0.0740661268410045,-0.21746018066873352,0.1636404295140582,-0.12788587799567983,-0.38256636899499713,-0.6740926765047351,-0.3917460154179784,-0.6832723229277164,-0.17360494597361534,-0.4651312534833534,-0.30005057143764535,-0.5915768789473834,-0.21508424182175856,-0.5066105493314965,-0.15579978,-0.4473260838254271,-0.16161579531824766,-0.45314210282798567,-0.29183635900798444,-0.5833626665177225,-0.21055315344748957,-0.5020794609572276
E01026305,E01026305,South Kesteven 014C,South Kesteven,E01026305,1,2022,0.421593189596308,0.291526307509738,0.21746018066873352,34.76505956988071,74.36498131465872,0.0,0.0,0.0,0.291526307509738,-0.13006688208656997,0.5089864881784716,0.0873932985821636,-0.3846531654952154,-0.8062463550915233,-0.39311477423139296,-0.8147079638277009,-0.17818388211797567,-0.5997770717142836,-0.2963708595988514,-0.7179640491951593,-0.21508424182175856,-0.6366774314180665,-0.16469097,-0.5862841609708197,-0.16161579531824766,-0.5832089849145556,-0.22274147447416676,-0.6443346640704748,-0.21757822310248698,-0.639171412698795
E01026306,E01026306,South Kesteven 014D,South Kesteven,E01026306,1,2020,1.13336992314553,0.964337662884937,-0.007548111115921907,34.78730252871837,74.37284758776676,0.0,0.0,0.0,0.964337662884937,-0.16903226026059304,0.9567895517690151,-0.17658037137651494,0.17000723493203326,-0.9633626882134968,0.11792887818631605,-1.015441044959214,0.6861075645566829,-0.4472623585888472,0.6011864671090227,-0.5321834560365074,0.6561859801765725,-0.4771839429689576,0.7093819,-0.423988044769523,0.547620599138744,-0.5857493240067861,0.7624778909528579,-0.3708920321926722,0.6671591328793955,-0.46621079026613454
E01026306,E01026306,South Kesteven 014D,South Kesteven,E01026306,1,2021,0.987230530163977,1.13336992314553,0.16903226026059304,34.78730252871837,74.37284758776676,0.0,0.0,0.0,1.13336992314553,0.1461393929815531,1.302402183406123,0.315171653242146,0.17213661911592934,-0.8150939110480476,0.11932557085306554,-0.8679049593109115,0.7006665340429106,-0.2865639961210664,0.6033914325661579,-0.3838390975978191,0.6561859801765725,-0.3310445499874045,0.72020906,-0.2670214680645202,0.5499379992215645,-0.4372925309424125,0.7815589460754824,-0.20567158408849462,0.666918345899113,-0.32031218426486396
E01026306,E01026306,South Kesteven 014D,South Kesteven,E01026306,1,2022,0.878695706220757,0.987230530163977,-0.1461393929815531,34.78730252871837,74.37284758776676,0.0,0.0,0.0,0.987230530163977,0.10853482394322,0.8410911371824239,-0.03760456903833309,0.16958135809525407,-0.7091143481255029,0.11764953965296615,-0.7610461665677908,0.6833446916889088,-0.19535101453184822,0.6011864671090227,-0.2775092391117343,0.6561859801765725,-0.2225097260441845,0.7093819,-0.1693138278447499,0.5437574515162239,-0.3349382547045331,0.7624778909528579,-0.1162178152678991,0.6672072902754521,-0.21148841594530488
E01026307,E01026307,South Kesteven 014E,South Kesteven,E01026307,1,2020,0.242191088536405,0.162942016491754,0.130250843247403,34.53472781277778,74.34525938260101,0.0,0.0,0.0,0.162942016491754,-0.07924907204465101,0.293192859739157,0.05100177120275198,-0.4300719519884182,-0.6722630405248232,-0.44114855288437904,-0.6833396414207841,-0.16353311789293218,-0.40572420642933715,-0.3105553880671842,-0.5527464766035892,-0.20260293352903302,-0.44479402206543805,-0.21437003,-0.4565611157208914,-0.2240094845712975,-0.46620057310770247,-0.22944842214363223,-0.47163951068003723,-0.16013610005626525,-0.40232718859267025
E01026307,E01026307,South Kesteven 014E,South Kesteven,E01026307,1,2021,0.197742017688808,0.242191088536405,0.07924907204465101,34.53472781277778,74.34525938260101,0.0,0.0,0.0,0.242191088536405,0.044449070847597,0.321440160581056,0.12369814289224801,-0.4308385302946207,-0.6285805479834288,-0.4416513622444088,-0.6393933799332168,-0.16855006095655245,-0.36629207864536045,-0.30899341364630006,-0.506735431335108,-0.20260293352903302,-0.400344951217841,-0.22477616,-0.42251818138605074,-0.2240094845712975,-0.4217515022601055,-0.26765147190233973,-0.46539348959114774,-0.16497684063546145,-0.3627188583242694
E01026307,E01026307,South Kesteven 014E,South Kesteven,E01026307,1,2022,0.585735688627058,0.197742017688808,-0.044449070847597,34.53472781277778,74.34525938260101,0.0,0.0,0.0,0.197742017688808,-0.38799367093825005,0.153292946841211,-0.4324427417858471,-0.4308385302946207,-1.0165742189216789,-0.4416513622444088,-1.0273870508714669,-0.16855006095655245,-0.7542857495836105,-0.30899341364630006,-0.8947291022733581,-0.20260293352903302,-0.7883386221560911,-0.22477616,-0.8105118523243008,-0.2240094845712975,-0.8097451731983556,-0.26765147190233973,-0.8533871605293978,-0.16497684063546145,-0.7507125292625195
E01026287,E01026287,South Kesteven 015A,South Kesteven,E01026287,1,2020,0.0281187894315117,0.274425875740603,0.2243112781185172,80.84291187739464,71.51340996168582,0.0,0.0,0.0,0.274425875740603,0.24630708630909132,0.4987371538591202,0.4706183644276085,0.056937965505944994,0.028819176074433295,0.09393098998513973,0.06581220055362802,0.06779045009675802,0.03967166066524632,-0.08016022169086463,-0.10827901112237634,0.06673346440865038,0.038614674977138684,0.05779665,0.029677860203326405,0.01983547776165341,-0.008283311669858288,0.08825671157823739,0.06013792214672569,0.08363032424561631,0.05551153481410461
E01026287,E01026287,South Kesteven 015A,South Kesteven,E01026287,1,2021,0.465248013549572,0.0281187894315117,-0.24630708630909132,80.84291187739464,71.51340996168582,0.0,0.0,0.0,0.0281187894315117,-0.4371292241180603,-0.21818829687757962,-0.6834363104271517,0.05557515962825147,-0.4096728539213205,0.09303710667842005,-0.372210906871152,-0.20424741941429161,-0.6694954329638636,-0.08679190724412406,-0.5520399207936961,-0.06735543756150678,-0.5326034511110788,-0.17908382,-0.6443318377072869,-0.11888199740811636,-0.5841300109576884,-0.019352992084323183,-0.4846010056338952,-0.08942517639413128,-0.5546731899437033
E01026287,E01026287,South Kesteven 015A,South Kesteven,E01026287,1,2022,0.358877466774759,0.465248013549572,0.4371292241180603,80.84291187739464,71.51340996168582,0.0,0.0,0.0,0.465248013549572,0.106370546774813,0.9023772376676323,0.5434997708928733,0.05284954787286451,-0.3060279189018945,0.09124934006498071,-0.2676281267097783,0.009661656489120634,-0.34921581028563836,-0.0559221188191388,-0.4147995855938978,0.12327593099436987,-0.23560153578038914,0.030173276,-0.32870419115501376,0.09421073055650891,-0.2646667362182501,0.15527744301454927,-0.20360002376020975,0.10207966322035684,-0.2567978035544022
E01026288,E01026288,South Kesteven 015B,South Kesteven,E01026288,1,2020,0.965339046204981,0.615251768261684,0.030207404741528054,80.64776669837823,71.62537121113705,0.0,0.0,0.0,0.615251768261684,-0.35008727794329697,0.6454591730032121,-0.3198798732017689,0.26389675112851085,-0.7014422950764702,0.37888748431878094,-0.5864515618862001,0.1251380914534903,-0.8402009547514907,0.1483791568514676,-0.8169598893535134,0.1987373700243513,-0.7666016761806297,0.22157428,-0.7437647695192663,0.1776191753283302,-0.7877198708766509,0.3059288138634139,-0.6594102323415671,0.20639445368666937,-0.7589445925183116
E01026288,E01026288,South Kesteven 015B,South Kesteven,E01026288,1,2021,0.888413057161321,0.965339046204981,0.35008727794329697,80.64776669837823,71.62537121113705,0.0,0.0,0.0,0.965339046204981,0.07692598904365999,1.315426324148278,0.42701326698695696,0.2649614432204589,-0.6234516139408621,0.3795858306521557,-0.5088272265091653,0.21498223595684238,-0.6734308212044786,0.15022500708548744,-0.7381880500758335,0.2587901117463825,-0.6296229454149385,0.24749418,-0.640918881131162,0.2434127378267584,-0.6450003193345626,0.3068469655770785,-0.5815660915842424,0.28130523963928467,-0.6071078175220364
E01026288,E01026288,South Kesteven 015B,South Kesteven,E01026288,1,2022,0.802029763424869,0.888413057161321,-0.07692598904365999,80.64776669837823,71.62537121113705,0.0,0.0,0.0,0.888413057161321,0.08638329373645204,0.811487068117661,0.009457304692792046,0.2649614432204589,-0.5370683202044101,0.3795858306521557,-0.4224439327727133,0.21498223595684238,-0.5870475274680266,0.15022500708548744,-0.6518047563393815,0.2587901117463825,-0.5432396516784865,0.24749418,-0.55453558739471,0.2434127378267584,-0.5586170255981106,0.3068469655770785,-0.49518279784779046,0.28130523963928467,-0.5207245237855843
E01026289,E01026289,South Kesteven 015C,South Kesteven,E01026289,1,2020,0.0759702866388287,-0.192739985998452,-0.005705810601750988,80.80212554767752,71.53562825791572,0.0,0.0,0.0,-0.192739985998452,-0.2687102726372807,-0.19844579660020298,-0.27441608323903166,-0.3750000319165029,-0.4509703185553316,-0.33884837798502043,-0.41481866462384914,-0.525792312389414,-0.6017625990282427,-0.4874036642852541,-0.5633739509240828,-0.4333505192875521,-0.5093208059263807,-0.4532383,-0.5292085950685467,-0.3409734056870138,-0.4169436923258425,-0.482304558849176,-0.5582748454880047,-0.44149947790481914,-0.5174697645436478
E01026289,E01026289,South Kesteven 015C,South Kesteven,E01026289,1,2021,0.224621618773854,0.0759702866388287,0.2687102726372807,80.80212554767752,71.53562825791572,0.0,0.0,0.0,0.0759702866388287,-0.1486513321350253,0.3446805592761094,0.1200589405022554,-0.3750000319165029,-0.5996216506903569,-0.33884837798502043,-0.5634699967588744,-0.525792312389414,-0.750413931163268,-0.4874036642852541,-0.7120252830591081,-0.4333505192875521,-0.6579721380614061,-0.4532383,-0.677859927203572,-0.3409734056870138,-0.5655950244608678,-0.482304558849176,-0.70692617762303,-0.44149947790481914,-0.6661210966786731
E01026289,E01026289,South Kesteven 015C,South Kesteven,E01026289,1,2022,0.21014860827155,0.224621618773854,0.1486513321350253,80.80212554767752,71.53562825791572,0.0,0.0,0.0,0.224621618773854,0.014473010502304012,0.3732729509088793,0.1631243426373293,-0.3750000319165029,-0.5851486401880529,-0.33884837798502043,-0.5489969862565705,-0.525792312389414,-0.7359409206609641,-0.4874036642852541,-0.6975522725568041,-0.4333505192875521,-0.6434991275591021,-0.4532383,-0.663386916701268,-0.3409734056870138,-0.5511220139585638,-0.482304558849176,-0.692453167120726,-0.44149947790481914,-0.6516480861763692
E01026346,E01026346,South Kesteven 015D,South Kesteven,E01026346,1,2020,0.215379316589339,0.108893029806613,0.19506198204724728,80.5770080044898,71.66590431346012,0.0,0.0,0.0,0.108893029806613,-0.10648628678272601,0.3039550118538603,0.0885756952645213,-0.2735709072625516,-0.48895022385189063,-0.2297524681428462,-0.4451317847321852,-0.285559117963172,-0.500938434552511,-0.31119278988687304,-0.5265721064762121,-0.2873931583844455,-0.5027724749737845,-0.2975313,-0.5129106233329608,-0.19130984492945952,-0.4066891615187985,-0.22785707817575881,-0.4432363947650978,-0.35171990188868196,-0.567099218478021
E01026346,E01026346,South Kesteven 015D,South Kesteven,E01026346,1,2021,0.316522321973353,0.215379316589339,0.10648628678272601,80.5770080044898,71.66590431346012,0.0,0.0,0.0,0.215379316589339,-0.101143005384014,0.32186560337206505,0.005343281398712041,-0.2735709072625516,-0.5900932292359047,-0.2297524681428462,-0.5462747901161992,-0.285559117963172,-0.6020814399365251,-0.31119278988687304,-0.627715111860226,-0.2873931583844455,-0.6039154803577985,-0.2975313,-0.6140536287169749,-0.19130984492945952,-0.5078321669028125,-0.22785707817575881,-0.5443794001491118,-0.35171990188868196,-0.6682422238620349
E01026346,E01026346,South Kesteven 015D,South Kesteven,E01026346,1,2022,0.0154228326771104,0.316522321973353,0.101143005384014,80.5770080044898,71.66590431346012,0.0,0.0,0.0,0.316522321973353,0.3010994892962426,0.417665327357367,0.4022424946802566,-0.2735709072625516,-0.28899373993966204,-0.2297524681428462,-0.2451753008199566,-0.285559117963172,-0.30098195064028244,-0.31119278988687304,-0.32661562256398347,-0.2873931583844455,-0.30281599106155593,-0.2975313,-0.31295413942073225,-0.19130984492945952,-0.2067326776065699,-0.22785707817575881,-0.2432799108528692,-0.35171990188868196,-0.3671427345657924
E01026347,E01026347,South Kesteven 015E,South Kesteven,E01026347,1,2020,1.20840094709891,0.969782070064028,-0.14634585923120202,80.7016874453221,71.55163993158982,0.0,0.0,0.0,0.969782070064028,-0.23861887703488216,0.8234362108328259,-0.3849647362660842,0.5671284840593023,-0.6412724630396078,0.47685947573555865,-0.7315414713633515,0.8182469666668033,-0.3901539804321068,0.7808039886049736,-0.42759695849393653,0.90421768602682,-0.30418326107209015,0.935566,-0.2728349390079372,0.6901308097081057,-0.5182701373908044,0.8560207926633673,-0.3523801544355428,0.9798671658732545,-0.2285337812256556
E01026347,E01026347,South Kesteven 015E,South Kesteven,E01026347,1,2021,1.38727743899509,1.20840094709891,0.23861887703488216,80.7016874453221,71.55163993158982,0.0,0.0,0.0,1.20840094709891,-0.17887649189617982,1.4470198241337924,0.05974238513870245,0.5641899338855256,-0.8230875051095643,0.4749320398554443,-0.9123453991396456,0.8093681131687263,-0.5779093258263637,0.7629481483601227,-0.6243292906349672,0.90421768602682,-0.48305975296827,0.935566,-0.45171143090411703,0.6901308097081057,-0.6971466292869842,0.8559406108476652,-0.5313368281474248,0.9801994519060445,-0.4070779870890454
E01026347,E01026347,South Kesteven 015E,South Kesteven,E01026347,1,2022,1.53364406539131,1.38727743899509,0.17887649189617982,80.7016874453221,71.55163993158982,0.0,0.0,0.0,1.38727743899509,-0.14636662639622,1.5661539308912698,0.03250986549995982,0.5632104171609335,-0.9704336482303765,0.47428956122873955,-1.0593545041625703,0.8030170721905536,-0.7306269932007563,0.7629481483601227,-0.7706959170311872,0.90421768602682,-0.62942637936449,0.935566,-0.598078057300337,0.6901308097081057,-0.8435132556832042,0.8385027156014774,-0.6951413497898326,0.9803102139169745,-0.5533338514743354
E01026348,E01026348,South Kesteven 015F,South Kesteven,E01026348,1,2020,0.193841957447226,0.415458582412491,0.741970916759933,80.87121257683584,71.48991221386994,0.0,0.0,0.0,0.415458582412491,0.22161662496526502,1.1574294991724239,0.9635875417251979,-0.2970203537861709,-0.4908623112333969,-0.20772276173625234,-0.40156471918347836,-0.3666854742318318,-0.5605274316790578,-0.3835293938253714,-0.5773713512725973,-0.4027907361508738,-0.5966326935980998,-0.403336,-0.5971779459688019,-0.2968262297511797,-0.4906681871984057,-0.3547296648030194,-0.5485716222502454,-0.33862844864701824,-0.5324704060942442
E01026348,E01026348,South Kesteven 015F,South Kesteven,E01026348,1,2021,0.483781080709905,0.193841957447226,-0.22161662496526502,80.87121257683584,71.48991221386994,0.0,0.0,0.0,0.193841957447226,-0.289939123262679,-0.02777466751803903,-0.511555748227944,-0.29616860011261253,-0.7799496808225175,-0.20716408466955252,-0.6909451653794575,-0.3656048235695455,-0.8493859042794505,-0.3991197142678514,-0.8829007949777564,-0.42218419332247203,-0.905965274032377,-0.40218717,-0.88596824930808,-0.2968262297511797,-0.7806073104610847,-0.3551694528447043,-0.8389505335546092,-0.3714732990068468,-0.8552543797167518
E01026348,E01026348,South Kesteven 015F,South Kesteven,E01026348,1,2022,0.76320538417075,0.483781080709905,0.289939123262679,80.87121257683584,71.48991221386994,0.0,0.0,0.0,0.483781080709905,-0.279424303460845,0.773720203972584,0.010514819801833997,-0.29616860011261253,-1.0593739842833625,-0.20716408466955252,-0.9703694688403025,-0.3656048235695455,-1.1288102077402955,-0.3991197142678514,-1.1623250984386013,-0.42218419332247203,-1.185389577493222,-0.40218717,-1.165392552768925,-0.2968262297511797,-1.0600316139219297,-0.3551694528447043,-1.1183748370154543,-0.3714732990068468,-1.1346786831775968
E01026349,E01026349,South Kesteven 016A,South Kesteven,E01026349,1,2020,0.150169936451195,0.172597536831672,-0.012155578296696001,80.59904098225111,71.56259577198367,0.0,0.0,0.0,0.172597536831672,0.022427600380477003,0.160441958534976,0.010272022083781002,0.1666279159078104,0.016457979456615396,0.2275716279811756,0.07740169152998061,0.08057957716479591,-0.06959035928639909,-0.029443311332680005,-0.179613247783875,0.028644820705616088,-0.12152511574557892,0.068907626,-0.08126231047797036,0.12851324221253574,-0.021656694238659263,0.04628361237506757,-0.10388632407612744,0.024022842031983835,-0.12614709441921118
E01026349,E01026349,South Kesteven 016A,South Kesteven,E01026349,1,2021,0.353365196805444,0.150169936451195,-0.022427600380477003,80.59904098225111,71.56259577198367,0.0,0.0,0.0,0.150169936451195,-0.20319526035424898,0.127742336070718,-0.22562286073472598,0.16552063613218443,-0.18784456067325955,0.22684534779446588,-0.1265198490109781,0.07713118654612883,-0.27623401025931515,-0.029428472953750937,-0.38279366975919493,0.028644820705616088,-0.3247203760998279,0.068907626,-0.28445757083221934,0.12851324221253574,-0.22485195459290824,0.06060219013327738,-0.2927630066721666,0.024148051261730738,-0.32921714554371323
E01026349,E01026349,South Kesteven 016A,South Kesteven,E01026349,1,2022,0.671947053680324,0.353365196805444,0.20319526035424898,80.59904098225111,71.56259577198367,0.0,0.0,0.0,0.353365196805444,-0.31858185687488005,0.5565604571596929,-0.1153865965206311,0.16066564019290136,-0.5112814134874226,0.22366088851427704,-0.448286165166047,0.06951853807555736,-0.6024285156047666,-0.039365828677510144,-0.7113128823578342,0.028644820705616088,-0.6433022329747079,0.069522195,-0.6024248591159815,0.12851324221253574,-0.5434338114677884,0.11719124409046452,-0.5547558095898595,0.032585440666102666,-0.6393616130142213
E01026350,E01026350,South Kesteven 016B,South Kesteven,E01026350,1,2020,0.670278852114424,0.643984363699362,0.46881736282820297,80.68313185304797,71.54518755394442,0.0,0.0,0.0,0.643984363699362,-0.02629448841506199,1.112801726527565,0.442522874413141,0.1540601799091774,-0.5162186722052465,0.19139885821115712,-0.47887999390326685,-0.07789276417529088,-0.7481716162897148,-0.1394281358426041,-0.809706987957028,-0.040292248925006366,-0.7105711010394303,-0.04218229,-0.7124611411783545,0.02457440461689707,-0.6457044474975269,0.04575091116383016,-0.6245279409505938,-0.09989042897905462,-0.7701692810934786
E01026350,E01026350,South Kesteven 016B,South Kesteven,E01026350,1,2021,0.615192705871769,0.670278852114424,0.02629448841506199,80.68313185304797,71.54518755394442,0.0,0.0,0.0,0.670278852114424,0.055086146242654954,0.6965733405294859,0.08138063465771694,0.15878741279742672,-0.4564052930743423,0.194499515931341,-0.42069318994042804,-0.06597369603057783,-0.6811664019023468,-0.12782418589696,-0.743016891768729,-0.040292248925006366,-0.6554849547967754,-0.03803607,-0.6532287766358338,0.029706306609674417,-0.5854863992620946,0.0018641726499377034,-0.6133285332218313,-0.10444093511985231,-0.7196336409916213
E01026350,E01026350,South Kesteven 016B,South Kesteven,E01026350,1,2022,0.795100295973979,0.615192705871769,-0.055086146242654954,80.68313185304797,71.54518755394442,0.0,0.0,0.0,0.615192705871769,-0.17990759010221002,0.560106559629114,-0.23499373634486498,0.15878741279742672,-0.6363128831765523,0.194499515931341,-0.6006007800426381,-0.06597369603057783,-0.8610739920045568,-0.12782418589696,-0.922924481870939,-0.040292248925006366,-0.8353925448989854,-0.03803607,-0.8331363667380438,0.029706306609674417,-0.7653939893643046,0.0018641726499377034,-0.7932361233240414,-0.10444093511985231,-0.8995412310938313
E01026351,E01026351,South Kesteven 016C,South Kesteven,E01026351,1,2020,0.502206767294638,0.411372803478907,0.5390172008866989,80.68088304124042,71.62704768839025,0.0,0.0,0.0,0.411372803478907,-0.090833963815731,0.950390004365606,0.44818323707096797,0.23261803049890623,-0.26958873679573175,0.29212154027947135,-0.21008522701516663,-0.10012225997772513,-0.6023290272723631,-0.17678783334126266,-0.6789946006359007,-0.030539742710578303,-0.5327465100052163,-0.05217611,-0.5543828777410911,0.004688432481765134,-0.49751833481287283,0.006964890254439438,-0.49524187704019856,-0.17106453525776974,-0.6732713025524077
E01026351,E01026351,South Kesteven 016C,South Kesteven,E01026351,1,2021,0.565785784015388,0.502206767294638,0.090833963815731,80.68088304124042,71.62704768839025,0.0,0.0,0.0,0.502206767294638,-0.06357901672075006,0.5930407311103689,0.027254947094980886,0.23858030621381526,-0.3272054778015728,0.2960322797463699,-0.2697535042690181,-0.061666662178626236,-0.6274524461940143,-0.1580986981145971,-0.7238844821299851,-0.030539742710578303,-0.5963255267259664,-0.043972537,-0.6097583209368892,0.03699796975975556,-0.5287878142556325,0.02662905799607472,-0.5391567260193133,-0.16847808070090087,-0.7342638647162889
E01026351,E01026351,South Kesteven 016C,South Kesteven,E01026351,1,2022,0.52582452137858,0.565785784015388,0.06357901672075006,80.68088304124042,71.62704768839025,0.0,0.0,0.0,0.565785784015388,0.03996126263680799,0.6293648007361381,0.10354027935755805,0.23772855254025682,-0.2880959688383232,0.29547360267967016,-0.2303509186989099,-0.06925235519021188,-0.5950768765687919,-0.16235785923747947,-0.6881823806160595,-0.030539742710578303,-0.5563642640891584,-0.043972537,-0.5697970583000812,0.03699796975975556,-0.4888265516188245,0.02235090908266788,-0.5034736122959121,-0.16838176590878784,-0.6942062872873679
E01026356,E01026356,South Kesteven 016D,South Kesteven,E01026356,1,2020,-0.0259913218013504,-0.142978416543883,-0.11907323404139158,80.84143909757941,71.46774469217168,0.0,0.0,0.0,-0.142978416543883,-0.11698709474253259,-0.2620516505852746,-0.2360603287839242,-0.5677486759630433,-0.5417573541616929,-0.5764852973311435,-0.5504939755297931,-0.38807333940492117,-0.3620820176035708,-0.47162267461556884,-0.44563135281421845,-0.45593619226534915,-0.42994487046399876,-0.46981716,-0.4438258397587082,-0.4063731926390863,-0.3803818708377359,-0.41400098359333837,-0.388009661791988,-0.41147540023248164,-0.38548407843113125
E01026356,E01026356,South Kesteven 016D,South Kesteven,E01026356,1,2021,0.0890883893208668,-0.0259913218013504,0.11698709474253259,80.84143909757941,71.46774469217168,0.0,0.0,0.0,-0.0259913218013504,-0.1150797111222172,0.09099577294118219,0.0019073836203153949,-0.5656192917791473,-0.6547076811000141,-0.5750886046643939,-0.6641769939852608,-0.4910353663386243,-0.5801237556594911,-0.48693748993601255,-0.5760258792568793,-0.4844260954585405,-0.5735144847794073,-0.5090921,-0.5981804818349049,-0.4063731926390863,-0.49546158195995305,-0.4152251166245973,-0.5043135059454641,-0.43143597096632447,-0.5205243602871913
E01026356,E01026356,South Kesteven 016D,South Kesteven,E01026356,1,2022,-0.0011047135488468,0.0890883893208668,0.1150797111222172,80.84143909757941,71.46774469217168,0.0,0.0,0.0,0.0890883893208668,0.09019310286971359,0.20416810044308398,0.20527281399193079,-0.5691540695244149,-0.5680493559755682,-0.5774071144911981,-0.5763024009423513,-0.3874471805680731,-0.3863424670192263,-0.45977154727983305,-0.45866683373098627,-0.45593619226534915,-0.45483147871650237,-0.4661218,-0.46501707924442715,-0.3963478726661659,-0.3952431591173191,-0.3771674199126855,-0.3760627063638387,-0.4113164808254951,-0.4102117672766483
E01026357,E01026357,South Kesteven 016E,South Kesteven,E01026357,1,2020,0.0316384479396827,-0.234449865542434,0.225992479950777,80.68671476154631,71.59140720746814,0.0,0.0,0.0,-0.234449865542434,-0.2660883134821167,-0.008457385591656985,-0.040095833531339685,-0.5540123451374335,-0.5856507930771162,-0.43125332908955805,-0.4628917770292407,-0.5261209581684234,-0.5577594061081061,-0.4882446585214502,-0.5198831064611329,-0.552739815435821,-0.5843782633755037,-0.56215,-0.5937884494655616,-0.45779471210738276,-0.48943316004706544,-0.5772952072426208,-0.6089336551823036,-0.4994102232977571,-0.5310486712374398
E01026357,E01026357,South Kesteven 016E,South Kesteven,E01026357,1,2021,0.0826575560923536,0.0316384479396827,0.2660883134821167,80.68671476154631,71.59140720746814,0.0,0.0,0.0,0.0316384479396827,-0.051019108152670904,0.2977267614217994,0.2150692053294458,-0.5554603263824828,-0.6381178824748364,-0.4322030801029477,-0.5148606361953013,-0.5272662273479232,-0.6099237834402768,-0.4923611504035053,-0.575018706495859,-0.552739815435821,-0.6353973715281745,-0.56215,-0.6448075576182325,-0.4564068583644927,-0.5390644144568463,-0.6275786086445007,-0.7102361647368542,-0.4992464881511649,-0.5819040442435185
E01026357,E01026357,South Kesteven 016E,South Kesteven,E01026357,1,2022,0.395734538179639,0.0826575560923536,0.051019108152670904,80.68671476154631,71.59140720746814,0.0,0.0,0.0,0.0826575560923536,-0.3130769820872854,0.1336766642450245,-0.2620578739346145,-0.5554603263824828,-0.9511948645621218,-0.4322030801029477,-0.8279376182825867,-0.5272662273479232,-0.9230007655275622,-0.4923611504035053,-0.8880956885831444,-0.552739815435821,-0.94847435361546,-0.56215,-0.9578845397055179,-0.4564068583644927,-0.8521413965441317,-0.6275786086445007,-1.0233131468241397,-0.4992464881511649,-0.8949810263308039
E01026358,E01026358,South Kesteven 016F,South Kesteven,E01026358,1,2020,-0.016024134679634,-0.388866335397642,-0.252668638742454,80.58823529411765,71.67820069204153,0.0,0.0,0.0,-0.388866335397642,-0.372842200718008,-0.641534974140096,-0.6255108394604619,-0.5705226435012424,-0.5544985088216083,-0.44360294584760007,-0.4275788111679661,-0.5111385498079429,-0.49511441512830895,-0.5019552295124875,-0.4859310948328535,-0.4861090410450921,-0.47008490636545813,-0.5195838,-0.5035596866170579,-0.42485064245383686,-0.4088265077742029,-0.45693480387736046,-0.4409106691977265,-0.5073398638236054,-0.4913157291439714
E01026358,E01026358,South Kesteven 016F,South Kesteven,E01026358,1,2021,-0.100317001434952,-0.016024134679634,0.372842200718008,80.58823529411765,71.67820069204153,0.0,0.0,0.0,-0.016024134679634,0.084292866755318,0.356818066038374,0.457135067473326,-0.5705226435012424,-0.4702056420662904,-0.44360294584760007,-0.3432859444126481,-0.5111385498079429,-0.41082154837299095,-0.5019552295124875,-0.4016382280775355,-0.4861090410450921,-0.38579203961014014,-0.5195838,-0.4192668198617399,-0.42485064245383686,-0.3245336410188849,-0.45693480387736046,-0.3566178024424085,-0.5073398638236054,-0.40702286238865343
E01026358,E01026358,South Kesteven 016F,South Kesteven,E01026358,1,2022,0.157593782000816,-0.100317001434952,-0.084292866755318,80.58823529411765,71.67820069204153,0.0,0.0,0.0,-0.100317001434952,-0.257910783435768,-0.18460986819026998,-0.342203650191086,-0.5705226435012424,-0.7281164255020584,-0.44360294584760007,-0.601196727848416,-0.5111385498079429,-0.6687323318087589,-0.5019552295124875,-0.6595490115133035,-0.4861090410450921,-0.6437028230459081,-0.5195838,-0.6771776032975079,-0.42485064245383686,-0.5824444244546528,-0.45693480387736046,-0.6145285858781765,-0.5073398638236054,-0.6649336458244214
E01026359,E01026359,South Kesteven 016G,South Kesteven,E01026359,1,2020,-0.0949260175054934,-0.263056105884352,-0.08826772958245002,80.56060458872135,71.63426436041887,0.0,0.0,0.0,-0.263056105884352,-0.16813008837885862,-0.351323835466802,-0.2563978179613086,-0.4634605339593746,-0.3685345164538812,-0.49237035428998455,-0.39744433678449115,-0.4193930615846651,-0.3244670440791717,-0.5048295852772264,-0.40990356777173304,-0.4536557162694446,-0.3587296987639512,-0.4907334,-0.39580739738288856,-0.3208507411415327,-0.22592472363603933,-0.5020126333402166,-0.4070866158347232,-0.43917908156813956,-0.34425306406264616
E01026359,E01026359,South Kesteven 016G,South Kesteven,E01026359,1,2021,-0.0983838517555905,-0.0949260175054934,0.16813008837885862,80.56060458872135,71.63426436041887,0.0,0.0,0.0,-0.0949260175054934,0.0034578342500971027,0.07320407087336522,0.17158792262895572,-0.4634605339593746,-0.3650766822037841,-0.49237035428998455,-0.39398650253439405,-0.4193930615846651,-0.3210092098290746,-0.5048295852772264,-0.40644573352163593,-0.4536557162694446,-0.3552718645138541,-0.4907334,-0.39234956313279146,-0.3208507411415327,-0.22246688938594222,-0.5020126333402166,-0.4036287815846261,-0.43917908156813956,-0.34079522981254906
E01026359,E01026359,South Kesteven 016G,South Kesteven,E01026359,1,2022,0.171413527048633,-0.0983838517555905,-0.0034578342500971027,80.56060458872135,71.63426436041887,0.0,0.0,0.0,-0.0983838517555905,-0.2697973788042235,-0.1018416860056876,-0.2732552130543206,-0.45954246706100577,-0.6309559941096388,-0.48980043978316545,-0.6612139668317984,-0.4126366873434151,-0.5840502143920481,-0.5119785960690425,-0.6833921231176755,-0.4536557162694446,-0.6250692433180776,-0.512885,-0.6842985015283083,-0.3208507411415327,-0.4922642681901657,-0.48933920686619464,-0.6607527339148276,-0.44872637388512815,-0.6201399009337611
E01026242,E01026242,South Holland 001A,South Holland,E01026242,1,2020,1.34416836345969,0.841204663684374,0.212612675122683,62.310587784612416,77.51943413759427,0.0,0.0,0.0,0.841204663684374,-0.502963699775316,1.053817338807057,-0.29035102465263285,-0.12169708578964071,-1.4658654492493306,-0.18644581059638207,-1.530614174056072,0.08485944582693077,-1.2593089176327592,-0.03090578367137045,-1.3750741471310604,0.10642329329744868,-1.2377450701622412,0.16602032,-1.1781480445939139,-0.08331231442567044,-1.4274806778853604,0.1692513967577711,-1.1749169667019188,0.09622167315098601,-1.247946690308704
E01026242,E01026242,South Holland 001A,South Holland,E01026242,1,2021,1.40901993062053,1.34416836345969,0.502963699775316,62.310587784612416,77.51943413759427,0.0,0.0,0.0,1.34416836345969,-0.06485156716084006,1.847132063235006,0.4381121326144759,-0.11343507515612387,-1.522455005776654,-0.18102664304939411,-1.590046573669924,0.08691033897610773,-1.3221095916444223,-0.02330638857370558,-1.4323263191942355,0.10642329329744868,-1.3025966373230813,0.16602032,-1.242999611754754,-0.08331231442567044,-1.4923322450462004,0.16917675026473009,-1.2398431803557999,0.09528741966748971,-1.3137325109530402
E01026242,E01026242,South Holland 001A,South Holland,E01026242,1,2022,1.32502041404426,1.40901993062053,0.06485156716084006,62.310587784612416,77.51943413759427,0.0,0.0,0.0,1.40901993062053,0.08399951657626992,1.47387149778137,0.14885108373710998,-0.1398820267201133,-1.4649024407643734,-0.1983735659704227,-1.5233939800146827,0.08358599618392674,-1.2414344178603334,-0.050654459444769664,-1.3756748734890298,0.10642329329744868,-1.2185971207468114,0.15029894,-1.1747214758890858,-0.08331231442567044,-1.4083327284699305,0.1504850242061988,-1.1745353898380613,0.098277993962599,-1.226742420081661
E01026243,E01026243,South Holland 001B,South Holland,E01026243,1,2020,0.972709341146395,1.42487176336488,0.9051099606316799,62.302012047048635,77.37410594035667,0.0,0.0,0.0,1.42487176336488,0.452162422218485,2.3299817239965597,1.3572723828501647,-0.11417268037373156,-1.0868820215201265,-0.011267499244236465,-0.9839768403906314,0.2928635814985189,-0.6798457596478761,0.1819097514608788,-0.7907995896855162,0.3117015064799964,-0.6610078346663986,0.30205968,-0.67064966092293,0.31692251398211746,-0.6557868271642775,0.2424503161924021,-0.7302590249539929,0.2800417477755065,-0.6926675933708885
E01026243,E01026243,South Holland 001B,South Holland,E01026243,1,2021,1.23960499687037,0.972709341146395,-0.452162422218485,62.302012047048635,77.37410594035667,0.0,0.0,0.0,0.972709341146395,-0.266895655723975,0.5205469189279099,-0.71905807794246,-0.11276728681236008,-1.35237228368273,-0.01034568208418181,-1.2499506789545518,0.2928635814985189,-0.9467414153718511,0.1819097514608788,-1.0576952454094912,0.3117015064799964,-0.9279034903903736,0.3106406,-0.9289643935664607,0.31692251398211746,-0.9226824828882525,0.23817536116987822,-1.0014296357004917,0.2798828283685201,-0.9597221685018499
E01026243,E01026243,South Holland 001B,South Holland,E01026243,1,2022,1.32633401719574,1.23960499687037,0.266895655723975,62.302012047048635,77.37410594035667,0.0,0.0,0.0,1.23960499687037,-0.08672902032537011,1.506500652594345,0.1801666353986049,-0.11072307799581986,-1.43705709519156,-0.009004857124102303,-1.3353388743198424,0.31062424975048075,-1.0157097674452593,0.18489320613064533,-1.1414408110650947,0.3117015064799964,-1.0146325107157437,0.31403673,-1.012297290244141,0.31692251398211746,-1.0094115032136226,0.24070197810265778,-1.0856320390930823,0.27965167286744885,-1.0466823443282913
E01026313,E01026313,South Kesteven 001A,South Kesteven,E01026313,1,2020,0.0729112396231236,0.147464677930056,0.49263406926731,76.9006582106458,76.078396262004,0.0,0.0,0.0,0.147464677930056,0.0745534383069324,0.640098747197366,0.5671875075742424,-0.323473117952231,-0.3963843575753546,-0.3144668116418844,-0.387378051265008,-0.5264414752346096,-0.5993527148577332,-0.5309073907298457,-0.6038186303529693,-0.5315095043958248,-0.6044207440189484,-0.52300155,-0.5959127912512364,-0.4524033092549805,-0.5253145488781041,-0.6296712616248491,-0.7025825012479727,-0.5558495965350947,-0.6287608361582183
E01026313,E01026313,South Kesteven 001A,South Kesteven,E01026313,1,2021,0.546000678910503,0.0729112396231236,-0.0745534383069324,76.9006582106458,76.078396262004,0.0,0.0,0.0,0.0729112396231236,-0.47308943928737934,-0.0016421986838087987,-0.5476428775943117,-0.32313241648280755,-0.8691330953933105,-0.31424334081520455,-0.8602440197257075,-0.5264414752346096,-1.0724421541451126,-0.5309073907298457,-1.0769080696403486,-0.5315095043958248,-1.0775101833063276,-0.52300155,-1.0690022305386158,-0.4524033092549805,-0.9984039881654835,-0.6296712616248491,-1.1756719405353522,-0.5558881224519399,-1.1018888013624428
E01026313,E01026313,South Kesteven 001A,South Kesteven,E01026313,1,2022,0.430130832380288,0.546000678910503,0.47308943928737934,76.9006582106458,76.078396262004,0.0,0.0,0.0,0.546000678910503,0.11586984653021498,1.0190901181978824,0.5889592858175945,-0.32313241648280755,-0.7532632488630955,-0.31424334081520455,-0.7443741731954925,-0.5264414752346096,-0.9565723076148975,-0.5309073907298457,-0.9610382231101338,-0.5315095043958248,-0.9616403367761128,-0.52300155,-0.9531323840084007,-0.4524033092549805,-0.8825341416352686,-0.6296712616248491,-1.0598020940051371,-0.5558881224519399,-0.9860189548322278
E01026244,E01026244,South Holland 001C,South Holland,E01026244,1,2020,1.3821754131206,1.08382060819194,0.07753896361431001,57.191475805435076,77.6428365421285,0.0,0.0,0.0,1.08382060819194,-0.2983548049286602,1.16135957180625,-0.22081584131435017,-0.04934856582136864,-1.4315239789419687,-0.11896603591039706,-1.501141449030997,0.42870655356098364,-0.9534688595596165,0.37891922260439737,-1.0032561905162027,0.46281936034782184,-0.9193560527727782,0.475625,-0.9065504047759498,0.21228073108062653,-1.1698946820399736,0.5103812661823235,-0.8717941469382766,0.4787389650468189,-0.9034364480737812
E01026244,E01026244,South Holland 001C,South Holland,E01026244,1,2021,1.37662211427964,1.3821754131206,0.2983548049286602,57.191475805435076,77.6428365421285,0.0,0.0,0.0,1.3821754131206,0.005553298840960119,1.6805302180492603,0.3039081037696203,-0.05390544797490619,-1.4305275622545461,-0.12195495821724095,-1.498577072496881,0.42870655356098364,-0.9479155607186563,0.37891922260439737,-0.9977028916752426,0.46281936034782184,-0.9138027539318181,0.475625,-0.9009971059349897,0.21228073108062653,-1.1643413831990135,0.512857109735444,-0.863765004544196,0.47925424918462356,-0.8973678650950164
E01026244,E01026244,South Holland 001C,South Holland,E01026244,1,2022,1.94955824118604,1.37662211427964,-0.005553298840960119,57.191475805435076,77.6428365421285,0.0,0.0,0.0,1.37662211427964,-0.5729361269064,1.3710688154386799,-0.5784894257473601,-0.0677464451702308,-2.0173046863562707,-0.13103346055111262,-2.0805917017371525,0.42870655356098364,-1.5208516876250564,0.3640165752239292,-1.5855416659621107,0.45614351611870335,-1.4934147250673366,0.475625,-1.4739332328413897,0.2071274854767045,-1.7424307557093355,0.500739204794222,-1.4488190363918179,0.4808193645564601,-1.4687388766295797
E01026247,E01026247,South Holland 001D,South Holland,E01026247,1,2020,1.36310935618346,1.76746286049082,0.7204707323198101,56.18752121776591,77.88137653219525,0.0,0.0,0.0,1.76746286049082,0.40435350430736006,2.48793359281063,1.12482423662717,0.19572612940394873,-1.1673832267795112,0.11583444565604259,-1.2472749105274175,0.8064906625408318,-0.5566186936426282,0.716504043651803,-0.646605312531657,0.8907645039403577,-0.4723448522431023,0.88638836,-0.47672099472944995,0.6698671995754786,-0.6932421566079814,0.865981556491882,-0.49712779969157794,0.9625581575756549,-0.4005511986078051
E01026247,E01026247,South Holland 001D,South Holland,E01026247,1,2021,2.4640213840173,1.36310935618346,-0.40435350430736006,56.18752121776591,77.88137653219525,0.0,0.0,0.0,1.36310935618346,-1.10091202783384,0.9587558518760999,-1.5052655321412,0.19104148419937728,-2.2729798998179227,0.11276172178919375,-2.3512596622281063,0.8064906625408318,-1.6575307214764683,0.710773107034675,-1.753248276982625,0.8907645039403577,-1.5732568800769422,0.88638836,-1.57763302256329,0.6698671995754786,-1.7941541844418214,0.8156594781719818,-1.6483619058453183,0.9630878889322765,-1.5009334950850235
E01026247,E01026247,South Holland 001D,South Holland,E01026247,1,2022,2.13852747817653,2.4640213840173,1.10091202783384,56.18752121776591,77.88137653219525,0.0,0.0,0.0,2.4640213840173,0.32549390584076976,3.5649334118511398,1.4264059336746095,0.19231911470971497,-1.9462083634668152,0.11359973738924342,-2.024927740787287,0.8064906625408318,-1.3320368156356985,0.716504043651803,-1.4220234345247271,0.8907645039403577,-1.2477629742361724,0.88638836,-1.2521391167225202,0.6698671995754786,-1.4686602786010516,0.8156594781719818,-1.3228680000045485,0.962943416744107,-1.1755840614324233
E01026314,E01026314,South Kesteven 001B,South Kesteven,E01026314,1,2020,-0.349991137479272,-0.142842917948947,0.23940966527764201,82.93364487835427,78.70361932491737,0.0,0.0,0.0,-0.142842917948947,0.20714821953032503,0.09656674732869502,0.44655788480796704,-0.6595553399022257,-0.3095642024229537,-0.45555943199546534,-0.10556829451619332,-0.8448825652541686,-0.4948914277748966,-0.7947838072264135,-0.4447926697471415,-0.849387732473903,-0.49939659499463096,-0.85229975,-0.5023086123719548,-0.6730288063804034,-0.3230376689011314,-0.9393417452149317,-0.5893506077356597,-0.8490421842468565,-0.4990510467675845
E01026314,E01026314,South Kesteven 001B,South Kesteven,E01026314,1,2021,-0.0582511607235196,-0.349991137479272,-0.20714821953032503,82.93364487835427,78.70361932491737,0.0,0.0,0.0,-0.349991137479272,-0.2917399767557524,-0.557139357009597,-0.49888819628607745,-0.6595553399022257,-0.6013041791787062,-0.45555943199546534,-0.39730827127194573,-0.8448825652541686,-0.7866314045306491,-0.7947838072264135,-0.7365326465028939,-0.849387732473903,-0.7911365717503833,-0.85229975,-0.7940485891277071,-0.6730288063804034,-0.6147776456568839,-0.9393417452149317,-0.8810905844914121,-0.8490421842468565,-0.7907910235233369
E01026314,E01026314,South Kesteven 001B,South Kesteven,E01026314,1,2022,0.406106655899187,-0.0582511607235196,0.2917399767557524,82.93364487835427,78.70361932491737,0.0,0.0,0.0,-0.0582511607235196,-0.4643578166227066,0.23348881603223282,-0.17261783986695417,-0.6595553399022257,-1.0656619958014126,-0.45555943199546534,-0.8616660878946523,-0.8448825652541686,-1.2509892211533555,-0.7947838072264135,-1.2008904631256005,-0.849387732473903,-1.25549438837309,-0.85229975,-1.2584064057504138,-0.6730288063804034,-1.0791354622795903,-0.9393417452149317,-1.3454484011141188,-0.8490421842468565,-1.2551488401460436
E01026276,E01026276,South Holland 001E,South Holland,E01026276,1,2020,0.784392971933111,0.595671986502436,0.14607592868020103,59.07453291407696,77.56635931061119,0.0,0.0,0.0,0.595671986502436,-0.18872098543067495,0.741747915182637,-0.04264505675047392,-0.12796074378099626,-0.9123537157141073,-0.1534688716056082,-0.9378618435387192,0.1937218596512294,-0.5906711122818815,0.13304726085409949,-0.6513457110790115,0.20452799650676243,-0.5798649754263485,0.22962645,-0.5547665249707544,0.14774116772138196,-0.6366518042117291,0.3024625039925685,-0.48193046794054245,0.15978471193853297,-0.624608259994578
E01026276,E01026276,South Holland 001E,South Holland,E01026276,1,2021,0.96966874225345,0.784392971933111,0.18872098543067495,59.07453291407696,77.56635931061119,0.0,0.0,0.0,0.784392971933111,-0.18527577032033904,0.9731139573637859,0.0034452151103359085,-0.14418665126228447,-1.1138553935157345,-0.16411166972623933,-1.1337804119796893,0.19326783356464097,-0.7764009086888091,0.12239029386569977,-0.8472784483877502,0.20452799650676243,-0.7651407457466876,0.22962645,-0.7400422952910934,0.14774116772138196,-0.821927574532068,0.31062157873408636,-0.6590471635193637,0.16161950872828604,-0.808049233525164
E01026276,E01026276,South Holland 001E,South Holland,E01026276,1,2022,1.27382104689717,0.96966874225345,0.18527577032033904,59.07453291407696,77.56635931061119,0.0,0.0,0.0,0.96966874225345,-0.30415230464372,1.1549445125737892,-0.11887653432338086,-0.1453791064052663,-1.4192001533024363,-0.16489381761961905,-1.438714864516789,0.19326783356464097,-1.080553213332529,0.12239029386569977,-1.1514307530314702,0.20452799650676243,-1.0692930503904077,0.22962645,-1.0441945999348134,0.14774116772138196,-1.126079879175788,0.31062157873408636,-0.9631994681630837,0.16175434943724426,-1.1120666974599258
E01026329,E01026329,South Kesteven 001C,South Kesteven,E01026329,1,2020,-0.325558843675608,-0.21042537532063,0.14345687812242203,82.42937091676282,78.40160053069617,0.0,0.0,0.0,-0.21042537532063,0.11513346835497801,-0.06696849719820797,0.25859034647740003,-0.6251529872599243,-0.2995941435843163,-0.4412550094716856,-0.11569616579607761,-0.6951627331497238,-0.36960388947411577,-0.5979785383550796,-0.27241969467947164,-0.7375602482882382,-0.4120014046126302,-0.7522468,-0.42668795340920035,-0.7199399750283391,-0.39438113135273106,-0.7548522770724443,-0.4292934333968363,-0.7435025465900678,-0.41794370291445976
E01026329,E01026329,South Kesteven 001C,South Kesteven,E01026329,1,2021,0.0102206684876988,-0.325558843675608,-0.11513346835497801,82.42937091676282,78.40160053069617,0.0,0.0,0.0,-0.325558843675608,-0.3357795121633068,-0.440692312030586,-0.4509129805182848,-0.6251529872599243,-0.6353736557476231,-0.4412550094716856,-0.4514756779593844,-0.6951627331497238,-0.7053834016374225,-0.5979785383550796,-0.6081992068427784,-0.7375602482882382,-0.7477809167759369,-0.7522468,-0.7624674655725071,-0.7199399750283391,-0.7301606435160378,-0.7548522770724443,-0.765072945560143,-0.7435025465900678,-0.7537232150777665
E01026329,E01026329,South Kesteven 001C,South Kesteven,E01026329,1,2022,0.0384797303189577,0.0102206684876988,0.3357795121633068,82.42937091676282,78.40160053069617,0.0,0.0,0.0,0.0102206684876988,-0.028259061831258897,0.34600018065100563,0.30752045033204795,-0.6251529872599243,-0.663632717578882,-0.4412550094716856,-0.4797347397906433,-0.6951627331497238,-0.7336424634686814,-0.5979785383550796,-0.6364582686740373,-0.7375602482882382,-0.7760399786071959,-0.7522468,-0.790726527403766,-0.7199399750283391,-0.7584197053472967,-0.7548522770724443,-0.793332007391402,-0.7435025465900678,-0.7819822769090254
E01026246,E01026246,South Holland 002A,South Holland,E01026246,1,2020,1.26021466986628,1.10582487321838,0.230155390724886,85.27463623290839,83.22494803504321,0.0,0.0,0.0,1.10582487321838,-0.15438979664789998,1.335980263943266,0.07576559407698613,0.31524841081071403,-0.9449662590555659,0.10941477685102365,-1.1507998930152563,0.591025399725335,-0.669189270140945,0.5233743481213152,-0.7368403217449647,0.6388031485142573,-0.6214115213520226,0.6507201,-0.6094945503899616,0.4947157350240247,-0.7654989348422552,0.7355202472958565,-0.5246944225704234,0.5875606552873339,-0.672654014578946
E01026246,E01026246,South Holland 002A,South Holland,E01026246,1,2021,1.64230029013139,1.26021466986628,0.15438979664789998,85.27463623290839,83.22494803504321,0.0,0.0,0.0,1.26021466986628,-0.38208562026510995,1.41460446651418,-0.22769582361720997,0.31656862900472954,-1.3257316611266603,0.11028072630440834,-1.5320195638269816,0.5871075976498521,-1.0551926924815378,0.5233743481213152,-1.1189259420100748,0.6388031485142573,-1.0034971416171325,0.6402553,-1.0020450177429316,0.4947157350240247,-1.1475845551073651,0.7285772483318602,-0.9137230417995297,0.5874113673595587,-1.0548889227718312
E01026246,E01026246,South Holland 002A,South Holland,E01026246,1,2022,1.49578135198031,1.64230029013139,0.38208562026510995,85.27463623290839,83.22494803504321,0.0,0.0,0.0,1.64230029013139,0.14651893815107986,2.0243859103965,0.52860455841619,0.3171222688925425,-1.1786590830877675,0.1106438663977632,-1.385137485582547,0.5871075976498521,-0.9086737543304579,0.5233743481213152,-0.9724070038589948,0.6388031485142573,-0.8569782034660527,0.6402553,-0.8555260795918518,0.4947157350240247,-1.0010656169562853,0.7285772483318602,-0.7672041036484498,0.5873487627446853,-0.9084325892356248
E01026248,E01026248,South Holland 002B,South Holland,E01026248,1,2020,0.25496418156334,0.576737093711513,0.974620086753836,79.43500754651483,79.2765757282783,0.0,0.0,0.0,0.576737093711513,0.32177291214817305,1.5513571804653492,1.296392998902009,0.057233114870434094,-0.1977310666929059,-0.0386475373206287,-0.2936117188839687,-0.3132747530866739,-0.5682389346500138,-0.34702308565329937,-0.6019872672166393,-0.34659228153585264,-0.6015564630991926,-0.3644966,-0.6194607702703102,-0.20428648621807582,-0.4592506677814158,-0.3899401835167072,-0.6449043650800472,-0.343829413567175,-0.598793595130515
E01026248,E01026248,South Holland 002B,South Holland,E01026248,1,2021,0.507180950054712,0.25496418156334,-0.32177291214817305,79.43500754651483,79.2765757282783,0.0,0.0,0.0,0.25496418156334,-0.252216768491372,-0.06680873058483305,-0.573989680639545,0.057786754758247134,-0.44939419529646485,-0.03828439722727381,-0.5454653472819858,-0.3132747530866739,-0.8204557031413859,-0.34702308565329937,-0.8542040357080114,-0.34659228153585264,-0.8537732315905646,-0.3644966,-0.8716775387616822,-0.20428648621807582,-0.7114674362727877,-0.3899401835167072,-0.8971211335714191,-0.3438920181820485,-0.8510729682367605
E01026248,E01026248,South Holland 002B,South Holland,E01026248,1,2022,0.684260146826963,0.507180950054712,0.252216768491372,79.43500754651483,79.2765757282783,0.0,0.0,0.0,0.507180950054712,-0.17707919677225104,0.759397718546084,0.07513757171912094,0.05829780696238213,-0.6259623398645808,-0.03794919098725394,-0.7222093378142169,-0.3132747530866739,-0.9975348999136369,-0.34702308565329937,-1.0312832324802623,-0.34659228153585264,-1.0308524283628158,-0.3644966,-1.0487567355339333,-0.20428648621807582,-0.8885466330450389,-0.3899401835167072,-1.0742003303436702,-0.34394980705731626,-1.0282099538842793
E01026333,E01026333,South Kesteven 001D,South Kesteven,E01026333,1,2020,-0.298529965803373,-0.182875346496397,0.387813699533054,81.80740214675934,82.62287697524613,0.0,0.0,0.0,-0.182875346496397,0.11565461930697599,0.204938353036657,0.50346831884003,-0.7040523087871365,-0.40552234298376355,-0.5584954633784917,-0.25996549757511866,-0.807531659030905,-0.509001693227532,-0.8250620824217527,-0.5265321166183797,-0.9277158652513608,-0.6291858994479879,-0.9094958,-0.6109658051278709,-0.6784064342300864,-0.3798764684267134,-0.8845047703529885,-0.5859748045496155,-0.9217408505942626,-0.6232108847908896
E01026333,E01026333,South Kesteven 001D,South Kesteven,E01026333,1,2021,-0.0584384487493671,-0.298529965803373,-0.11565461930697599,81.80740214675934,82.62287697524613,0.0,0.0,0.0,-0.298529965803373,-0.2400915170540059,-0.41418458511034895,-0.35574613636098185,-0.7052021762464404,-0.6467637274970733,-0.5592496774185364,-0.5008112286691693,-0.807531659030905,-0.7490932102815379,-0.8250620824217527,-0.7666236336723856,-0.9277158652513608,-0.8692774165019937,-0.9094958,-0.8510573221818768,-0.6784064342300864,-0.6199679854807193,-0.8845047703529885,-0.8260663216036214,-0.92161082562491,-0.8631723768755429
E01026333,E01026333,South Kesteven 001D,South Kesteven,E01026333,1,2022,-0.0499429475136945,-0.0584384487493671,0.2400915170540059,81.80740214675934,82.62287697524613,0.0,0.0,0.0,-0.0584384487493671,-0.008495501235672602,0.1816530683046388,0.23159601581833328,-0.7048188870933391,-0.6548759395796445,-0.5589982727385214,-0.5090553252248269,-0.807531659030905,-0.7575887115172104,-0.8250620824217527,-0.7751191349080582,-0.9277158652513608,-0.8777729177376663,-0.9094958,-0.8595528234175493,-0.6784064342300864,-0.6284634867163919,-0.8845047703529885,-0.8345618228392939,-0.921654167281361,-0.8717112197676664
E01026257,E01026257,South Holland 002C,South Holland,E01026257,1,2020,1.86266071239629,1.66320748334583,0.18402313238057988,86.82741021982872,83.90430932640756,0.0,0.0,0.0,1.66320748334583,-0.19945322905046003,1.8472306157264098,-0.015430096669880156,0.24146245366789726,-1.6211982587283926,0.023513654067597534,-1.8391470583286924,0.8654346652110536,-0.9972260471852363,0.9472789794984632,-0.9153817328978268,1.0487795888009375,-0.8138811235953525,1.1295786,-0.7330821220032235,0.81165439307202,-1.0510063193242698,1.0953903670462641,-0.7672703453500258,1.1328721426975397,-0.7297885696987503
E01026257,E01026257,South Holland 002C,South Holland,E01026257,1,2021,1.66707812401599,1.86266071239629,0.19945322905046003,86.82741021982872,83.90430932640756,0.0,0.0,0.0,1.86266071239629,0.19558258838029996,2.06211394144675,0.39503581743076,0.23124140958519607,-1.435836714430794,0.016809529267200002,-1.65026859474879,0.8605791911447433,-0.8064989328712466,0.9246089737510249,-0.7424691502649651,1.074996643607787,-0.5920814804082031,1.1346382,-0.5324399337465198,0.81165439307202,-0.85542373094397,1.145792253262862,-0.521285870753128,1.1391914960615237,-0.5278866279544663
E01026257,E01026257,South Holland 002C,South Holland,E01026257,1,2022,1.66389634230425,1.66707812401599,-0.19558258838029996,86.82741021982872,83.90430932640756,0.0,0.0,0.0,1.66707812401599,0.003181781711739884,1.47149553563569,-0.19240080666856008,0.22766404415625063,-1.4362322981479996,0.014463085587060873,-1.6494332567171892,0.8552933168685496,-0.8086030254357005,0.920234520557515,-0.7436618217467351,1.074996643607787,-0.5888996986964632,1.1346382,-0.5292581520347799,0.81165439307202,-0.8522419492322301,1.1469986397610437,-0.5168977025432064,1.1395960181883984,-0.5243003241158517
E01026291,E01026291,South Kesteven 002A,South Kesteven,E01026291,1,2020,0.552155869935438,0.529986957130545,0.257753030141799,54.908246489661714,70.75001487404408,0.0,0.0,0.0,0.529986957130545,-0.02216891280489297,0.7877399872723441,0.2355841173369061,-0.3458817891218684,-0.8980376590573064,-0.23825348995773363,-0.7904093598931716,-0.28613667957246114,-0.8382925495078991,-0.3172151418720378,-0.8693710118074758,0.011934064354790679,-0.5402218055806473,-0.05557621,-0.6077320789143293,-0.03253923232346673,-0.5846951022589046,-0.1878940085241497,-0.7400498784595877,0.08503559857918142,-0.46712027135625656
E01026291,E01026291,South Kesteven 002A,South Kesteven,E01026291,1,2021,0.653788556800316,0.552155869935438,0.02216891280489297,54.908246489661714,70.75001487404408,0.0,0.0,0.0,0.552155869935438,-0.10163268686487803,0.5743247827403309,-0.07946377405998506,-0.36070230304178524,-1.0144908598421012,-0.24797447091831,-0.901763027718626,-0.16314049631245198,-0.816929053112768,-0.3004259543465188,-0.9542145111468348,0.012847045897710718,-0.6409415109026053,-0.0023406919,-0.6561292486629439,-0.006174971242598873,-0.6599635280429149,-0.07253350554025073,-0.7263220623405667,0.09206890115636211,-0.5617196556439539
E01026291,E01026291,South Kesteven 002A,South Kesteven,E01026291,1,2022,0.836398231243434,0.653788556800316,0.10163268686487803,54.908246489661714,70.75001487404408,0.0,0.0,0.0,0.653788556800316,-0.18260967444311804,0.755421243665194,-0.08097698757824001,-0.36070230304178524,-1.1971005342852192,-0.24797447091831,-1.084372702161744,-0.16314049631245198,-0.999538727555886,-0.3004259543465188,-1.1368241855899528,0.012847045897710718,-0.8235511853457234,-0.0023406919,-0.8387389231060619,-0.006174971242598873,-0.842573202486033,-0.07253350554025073,-0.9089317367836848,0.09206890115636211,-0.7443293300870719
E01026340,E01026340,South Kesteven 002B,South Kesteven,E01026340,1,2020,0.808494252228568,0.791816044193921,0.5321758150677671,68.80351786128834,72.94859024922874,0.0,0.0,0.0,0.791816044193921,-0.016678208034646924,1.3239918592616882,0.5154976070331202,-0.03044232766970144,-0.8389365798982694,0.055515570165667924,-0.7529786820629001,0.12534392098384442,-0.6831503312447236,-0.059964159626995285,-0.8684584118555633,0.13019097412144284,-0.6783032781071251,0.116884254,-0.6916099983094434,0.20311641917188367,-0.6053778330566844,0.22851442211526246,-0.5799798301133055,0.1546407620244738,-0.6538534902040942
E01026340,E01026340,South Kesteven 002B,South Kesteven,E01026340,1,2021,1.31817569943526,0.808494252228568,0.016678208034646924,68.80351786128834,72.94859024922874,0.0,0.0,0.0,0.808494252228568,-0.5096814472066921,0.8251724602632149,-0.49300323917204514,-0.05007524984522334,-1.3682509492804833,0.04263806377823766,-1.2755376356570223,0.2334851599801917,-1.0846905394550683,0.0015738788071493863,-1.3166018206281107,0.25369807264135413,-1.0644776267939058,0.23993091,-1.0782447865829727,0.2963200217992142,-1.021855677636046,0.28814984244444375,-1.0300258569908163,0.21665234565170785,-1.1015233537835523
E01026340,E01026340,South Kesteven 002B,South Kesteven,E01026340,1,2022,1.0212698394408,1.31817569943526,0.5096814472066921,68.80351786128834,72.94859024922874,0.0,0.0,0.0,1.31817569943526,0.29690585999446006,1.8278571466419522,0.8065873072011522,-0.05211945866176358,-1.0733892981025634,0.04129723881815815,-0.9799726006226418,0.25149624093137984,-0.7697735985094201,0.007292056713731417,-1.0139777827270686,0.2566974839802371,-0.7645723554605628,0.24597447,-0.7752953732361567,0.3089857509061217,-0.7122840885346783,0.36234607289823695,-0.658923766542563,0.23802437162078136,-0.7832454678200186
E01026250,E01026250,South Holland 003A,South Holland,E01026250,1,2020,0.55498509096469,0.258188013008507,0.1991895950736191,79.60070115519734,78.99775783304655,0.0,0.0,0.0,0.258188013008507,-0.29679707795618293,0.45737760808212613,-0.09760748288256382,0.0156419045632889,-0.5393431864014011,0.07059897176725552,-0.48438611919743446,-0.22482693088415615,-0.7798120218488461,-0.27069375696025566,-0.8256788479249456,-0.24990649539633722,-0.8048915863610272,-0.23171145,-0.7866965382036121,-0.16991183688984024,-0.7248969278545302,-0.1891341551897662,-0.7441192461544561,-0.3061604371006328,-0.8611455280653227
E01026250,E01026250,South Holland 003A,South Holland,E01026250,1,2021,0.820277610043264,0.55498509096469,0.29679707795618293,79.60070115519734,78.99775783304655,0.0,0.0,0.0,0.55498509096469,-0.2652925190785741,0.8517821689208729,0.031504558877608835,0.012277477552733063,-0.808000132490531,0.06839219735379132,-0.7518854126894727,-0.22287796673910432,-1.0431555767823684,-0.26301805930998845,-1.0832956693532525,-0.2441924728201313,-1.0644700828633953,-0.2276724,-1.0479500081336266,-0.15174630046646792,-0.9720239105097319,-0.18349905431438182,-1.0037766643576458,-0.2994363787064249,-1.119713988749689
E01026250,E01026250,South Holland 003A,South Holland,E01026250,1,2022,1.01815876508812,0.820277610043264,0.2652925190785741,79.60070115519734,78.99775783304655,0.0,0.0,0.0,0.820277610043264,-0.19788115504485604,1.0855701291218383,0.06741136403371817,0.015343790777543387,-1.0028149743105768,0.07040343479391056,-0.9477553302942096,-0.22482693088415615,-1.2429856959722763,-0.26897935448092963,-1.2871381195690497,-0.24990649539633722,-1.2680652604844573,-0.23171145,-1.2498702123270422,-0.16991183688984024,-1.1880706019779603,-0.180548241248133,-1.198707006336253,-0.30612672692339316,-1.3242854920115132
E01026355,E01026355,South Kesteven 002C,South Kesteven,E01026355,1,2020,-0.491647895425779,-0.380596519743365,0.40005368779631395,80.61428910757279,87.25574539208516,0.0,0.0,0.0,-0.380596519743365,0.11105137568241402,0.019457168052948948,0.511105063478728,-0.26352378401668836,0.22812411140909067,-0.40454594777889574,0.08710194764688328,-0.8256580781607606,-0.3340101827349816,-0.9333668662882864,-0.44171897086250733,-0.928730250045274,-0.43708235461949496,-0.95062786,-0.458979967981356,-0.7674820516982915,-0.2758341562725125,-0.9549231956809254,-0.4632753002551464,-1.0080911523349876,-0.5164432569092086
E01026355,E01026355,South Kesteven 002C,South Kesteven,E01026355,1,2021,-0.0025544343325705,-0.491647895425779,-0.11105137568241402,80.61428910757279,87.25574539208516,0.0,0.0,0.0,-0.491647895425779,-0.4890934610932085,-0.6026992711081931,-0.6001448367756226,-0.26424777463921295,-0.26169334030664243,-0.40502082328559064,-0.4024663889530201,-0.8256580781607606,-0.8231036438281901,-0.9333668662882864,-0.9308124319557158,-0.928730250045274,-0.9261758157127035,-0.95062786,-0.9480734290745645,-0.7674820516982915,-0.764927617365721,-0.9549231956809254,-0.9523687613483549,-1.0080092847616915,-1.005454850429121
E01026355,E01026355,South Kesteven 002C,South Kesteven,E01026355,1,2022,0.0763934120135387,-0.0025544343325705,0.4890934610932085,80.61428910757279,87.25574539208516,0.0,0.0,0.0,-0.0025544343325705,-0.07894784634610921,0.486539026760638,0.41014561474709926,-0.2758316245996077,-0.3522250366131464,-0.41261883139270783,-0.48901224340624655,-0.8256580781607606,-0.9020514901742993,-0.9373229627170501,-1.0137163747305888,-0.928730250045274,-1.0051236620588127,-0.9529014,-1.0292948349909863,-0.7674820516982915,-0.8438754637118302,-0.9719242839652387,-1.0483176959787774,-1.0066994035889543,-1.083092815602493
E01026251,E01026251,South Holland 003B,South Holland,E01026251,1,2020,0.480903240779519,0.318727799107911,0.649585956814255,79.59057599530658,78.9159029169018,0.0,0.0,0.0,0.318727799107911,-0.16217544167160802,0.968313755922166,0.48741051514264694,-0.18173311369475337,-0.6626363544742724,-0.1845343923980112,-0.6654376331775302,-0.2328592572950646,-0.7137624980745836,-0.3237801042333678,-0.8046833450128867,-0.2240627600960142,-0.7049660008755332,-0.19540004,-0.6763032851015329,-0.18367194088556466,-0.6645751816650837,-0.15384621108202276,-0.6347494518615417,-0.20179734788664974,-0.6827005886661688
E01026251,E01026251,South Holland 003B,South Holland,E01026251,1,2021,0.476176622048455,0.480903240779519,0.16217544167160802,79.59057599530658,78.9159029169018,0.0,0.0,0.0,0.480903240779519,0.004726618731064003,0.643078682451127,0.16690206040267197,-0.18173311369475337,-0.6579097357432084,-0.1845343923980112,-0.6607110144464662,-0.2328592572950646,-0.7090358793435196,-0.3237801042333678,-0.7999567262818228,-0.2240627600960142,-0.7002393821444692,-0.19540004,-0.6715766663704689,-0.18367194088556466,-0.6598485629340196,-0.15384621108202276,-0.6300228331304778,-0.20179734788664974,-0.6779739699351047
E01026251,E01026251,South Holland 003B,South Holland,E01026251,1,2022,0.96917000916747,0.476176622048455,-0.004726618731064003,79.59057599530658,78.9159029169018,0.0,0.0,0.0,0.476176622048455,-0.49299338711901497,0.471450003317391,-0.497720005850079,-0.18173311369475337,-1.1509031228622233,-0.1845343923980112,-1.1537044015654812,-0.2328592572950646,-1.2020292664625345,-0.3237801042333678,-1.2929501134008379,-0.2240627600960142,-1.193232769263484,-0.19540004,-1.1645700534894838,-0.18367194088556466,-1.1528419500530347,-0.15384621108202276,-1.1230162202494927,-0.20179734788664974,-1.1709673570541197
E01026365,E01026365,South Kesteven 002D,South Kesteven,E01026365,1,2020,-0.520188439716083,-0.555335917781709,0.30596913172206996,75.15057490249389,84.76785417737959,0.0,0.0,0.0,-0.555335917781709,-0.035147478065626014,-0.24936678605963902,0.27082165365644395,-0.6298994959618737,-0.1097110562457907,-0.48019858135283866,0.03998985836324431,-0.8150997685668548,-0.29491132885077187,-0.8709948951733247,-0.35080645545724176,-0.8615784228479624,-0.3413899831318794,-0.8902798,-0.37009138978602274,-0.6442935822076709,-0.12410514249158788,-0.9319832879003399,-0.41179484818425693,-0.8989240617533852,-0.37873562203730227
E01026365,E01026365,South Kesteven 002D,South Kesteven,E01026365,1,2021,-0.0849891374376633,-0.520188439716083,0.035147478065626014,75.15057490249389,84.76785417737959,0.0,0.0,0.0,-0.520188439716083,-0.4351993022784197,-0.48504096165045696,-0.40005182421279367,-0.632412169298871,-0.5474230318612077,-0.48184667869960307,-0.3968575412619398,-0.7772701802893709,-0.6922810428517076,-0.8709948951733247,-0.7860057577356614,-0.829337747026719,-0.7443486095890557,-0.88287014,-0.7978810002538345,-0.6438081017410137,-0.5588189643033503,-0.9319832879003399,-0.8469941504626766,-0.8582115366112291,-0.7732223991735657
E01026365,E01026365,South Kesteven 002D,South Kesteven,E01026365,1,2022,0.0563621764487504,-0.0849891374376633,0.4351993022784197,75.15057490249389,84.76785417737959,0.0,0.0,0.0,-0.0849891374376633,-0.1413513138864137,0.3502101648407564,0.293847988392006,-0.6309216003701438,-0.6872837768188942,-0.4808689938328784,-0.5372311702816288,-0.8150997685668548,-0.8714619450156053,-0.8709948951733247,-0.9273570716220751,-0.829337747026719,-0.8856999234754694,-0.88287014,-0.9392323141402482,-0.6438081017410137,-0.7001702781897641,-0.9319832879003399,-0.9883454643490903,-0.8583800874974268,-0.9147422639461772
E01026252,E01026252,South Holland 003C,South Holland,E01026252,1,2020,0.360041296218258,1.10290692414616,0.802393293688207,79.55072746433788,80.4969691492113,0.0,0.0,0.0,1.10290692414616,0.742865627927902,1.905300217834367,1.545258921616109,-0.051704368703643075,-0.41174566492190107,-0.07061787928924121,-0.4306591755074992,0.03381951756840414,-0.32622177864985386,-0.13647349369369252,-0.4965147899119505,-0.02869891660828009,-0.3887402128265381,0.0066574514,-0.3533838448270379,0.0092767841572957,-0.35076451206096226,0.013341218688247197,-0.34670007753001075,-0.04737735474403979,-0.4074186509622978
E01026252,E01026252,South Holland 003C,South Holland,E01026252,1,2021,0.704439851083686,0.360041296218258,-0.742865627927902,79.55072746433788,80.4969691492113,0.0,0.0,0.0,0.360041296218258,-0.34439855486542803,-0.38282433170964403,-1.08726418279333,-0.05068226429537294,-0.7551221153790589,-0.06994746680920147,-0.7743873178928875,0.016284691689360406,-0.6881551593943256,-0.13647349369369252,-0.8409133447773786,-0.03260443771792299,-0.737044288801609,-0.015619803,-0.7200596543037197,0.0092767841572957,-0.6951630669263903,0.04894323133170058,-0.6554966197519855,-0.05398419919945524,-0.7584240502831412
E01026252,E01026252,South Holland 003C,South Holland,E01026252,1,2022,1.18544315379465,0.704439851083686,0.34439855486542803,79.55072746433788,80.4969691492113,0.0,0.0,0.0,0.704439851083686,-0.4810033027109639,1.048838405949114,-0.1366047478455359,-0.043783059539549626,-1.2292262133341996,-0.06542218256893312,-1.250865336363583,-0.014065958257171888,-1.1995091120518218,-0.1393954768222689,-1.3248386306169189,-0.04050177605445225,-1.225944929849102,-0.04591957,-1.231362724866513,-0.006163866166606982,-1.191607019961257,-0.05168100116912831,-1.2371241549637781,-0.07513030846415227,-1.2605734622588023
E01026325,E01026325,South Kesteven 003A,South Kesteven,E01026325,1,2020,0.678970763223774,1.22435199983493,0.36627597406980694,60.947016056326774,68.29305770954808,0.0,0.0,0.0,1.22435199983493,0.5453812366111559,1.5906279739047369,0.9116572106809628,0.2001910679527944,-0.47877969527097963,0.3099502671811074,-0.3690204960426666,0.4960472819313681,-0.18292348129240593,0.3920202891356306,-0.28695047408814345,0.48916484644921177,-0.18980591677456227,0.48160687,-0.19736389233411034,0.4747207209786982,-0.2042500422450758,0.4800245098245135,-0.19894625339926053,0.4508898898488032,-0.22808087337497085
E01026325,E01026325,South Kesteven 003A,South Kesteven,E01026325,1,2021,1.54695650150248,0.678970763223774,-0.5453812366111559,60.947016056326774,68.29305770954808,0.0,0.0,0.0,0.678970763223774,-0.867985738278706,0.13358952661261814,-1.4133669748898618,0.2001910679527944,-1.3467654335496855,0.3099502671811074,-1.2370062343213726,0.4960472819313681,-1.0509092195711118,0.3920202891356306,-1.1549362123668494,0.48916484644921177,-1.0577916550532682,0.48160687,-1.0653496306128163,0.4747207209786982,-1.0722357805237817,0.4800245098245135,-1.0669319916779665,0.4508898898488032,-1.0960666116536768
E01026325,E01026325,South Kesteven 003A,South Kesteven,E01026325,1,2022,1.25326872611382,1.54695650150248,0.867985738278706,60.947016056326774,68.29305770954808,0.0,0.0,0.0,1.54695650150248,0.29368777538866,2.414942239781186,1.161673513667366,0.2001910679527944,-1.0530776581610257,0.3099502671811074,-0.9433184589327126,0.4960472819313681,-0.7572214441824519,0.3920202891356306,-0.8612484369781894,0.48916484644921177,-0.7641038796646082,0.48160687,-0.7716618552241563,0.4747207209786982,-0.7785480051351218,0.4800245098245135,-0.7732442162893065,0.4508898898488032,-0.8023788362650168
E01026253,E01026253,South Holland 003D,South Holland,E01026253,1,2020,0.476124854002781,0.7269035457301,1.137700008747026,79.59333946076414,79.45589644341601,0.0,0.0,0.0,0.7269035457301,0.250778691727319,1.8646035544771258,1.3884787004743449,-0.007674476303622127,-0.4837993303064031,0.07430076575233942,-0.4018240882504416,-0.07129845188179793,-0.5474233058845789,-0.34565470817645,-0.821779562179231,-0.10193595385077359,-0.5780608078535545,-0.2338248,-0.7099496584280205,0.03960590729021868,-0.4365189467125623,-0.31961798280544057,-0.7957428368082216,-0.1598122562558148,-0.6359371102585958
E01026253,E01026253,South Holland 003D,South Holland,E01026253,1,2021,0.616275604826528,0.476124854002781,-0.250778691727319,79.59333946076414,79.45589644341601,0.0,0.0,0.0,0.476124854002781,-0.140150750823747,0.225346162275462,-0.390929442551066,-0.01657530219230778,-0.6328509070188357,0.06846259040532655,-0.5478130144212014,-0.06424741853501487,-0.6805230233615429,-0.34097044549187433,-0.9572460503184024,-0.10092723638072326,-0.7172028412072513,-0.22914597,-0.8454215787473501,0.05121606036353329,-0.5650595444629947,-0.27391625759252297,-0.890191862419051,-0.15347426766727526,-0.7697498724938032
E01026253,E01026253,South Holland 003D,South Holland,E01026253,1,2022,1.07098434260763,0.616275604826528,0.140150750823747,79.59333946076414,79.45589644341601,0.0,0.0,0.0,0.616275604826528,-0.454708737781102,0.756426355650275,-0.31455798695735493,-0.0036712340378974723,-1.0746555766455275,0.07692654796582846,-0.9940577946418016,-0.17854511023910585,-1.2495294528467358,-0.3597482444642885,-1.4307325870719185,-0.13654423131721857,-1.2075285739248485,-0.24369398,-1.3146783202020056,-0.058381800130281714,-1.1293661427379118,-0.24751813166048808,-1.3185024742681182,-0.16979626276451296,-1.2407806053721429
E01026326,E01026326,South Kesteven 003B,South Kesteven,E01026326,1,2020,0.72706854321964,0.460919574186378,0.330032982900673,64.19471876018405,69.98599740584662,0.0,0.0,0.0,0.460919574186378,-0.26614896903326196,0.790952557087051,0.06388401386741105,0.35386536743592983,-0.37320317578371015,0.26593751975484026,-0.4611310234647997,0.17607768616314887,-0.5509908570564911,0.09859931551033631,-0.6284692277093037,0.27340134953638495,-0.45366719368325503,0.2419388,-0.4851297435999653,0.33603982506903873,-0.39102871815060125,0.14746892223335645,-0.5795996209862835,0.26287431498312985,-0.46419422823651013
E01026326,E01026326,South Kesteven 003B,South Kesteven,E01026326,1,2021,1.05977626520434,0.72706854321964,0.26614896903326196,64.19471876018405,69.98599740584662,0.0,0.0,0.0,0.72706854321964,-0.3327077219847001,0.9932175122529019,-0.0665587529514382,0.3466254612106831,-0.7131508039936569,0.261188764687892,-0.7985875005164481,0.23978982694383197,-0.8199864382605081,0.10874166740251567,-0.9510345978018244,0.27792239841557603,-0.781853866788764,0.27186212,-0.7879141457680761,0.3426482153414613,-0.7171280498628788,0.2299980919341978,-0.8297781732701424,0.2903250954298846,-0.7694511697744555
E01026326,E01026326,South Kesteven 003B,South Kesteven,E01026326,1,2022,1.2844822420238,1.05977626520434,0.3327077219847001,64.19471876018405,69.98599740584662,0.0,0.0,0.0,1.05977626520434,-0.22470597681945992,1.3924839871890402,0.10800174516524019,0.3459866459555143,-0.9384955960682857,0.2607697568878672,-1.023712485135933,0.25129175344166066,-1.0331904885821395,0.10874166740251567,-1.1757405746212843,0.27792239841557603,-1.006559843608224,0.2665756,-1.0179066373465997,0.3426482153414613,-0.9418340266823387,0.23804603409235225,-1.0464362079314478,0.2903973315239693,-0.9940849104998307
E01026281,E01026281,South Holland 004A,South Holland,E01026281,1,2020,-0.0277307934719801,-0.425731019301156,-0.07559039000486295,75.65004906445627,76.71963746650783,0.0,0.0,0.0,-0.425731019301156,-0.3980002258291759,-0.501321409306019,-0.4735906158340389,-0.4283254839398116,-0.4005946904678315,-0.40306135925315445,-0.37533056578117435,-0.4658308289003198,-0.4381000354283397,-0.4055365611551803,-0.3778057676832002,-0.46743453252844785,-0.43970373905646776,-0.4728313,-0.4451005153697252,-0.35819605204203736,-0.33046525857005726,-0.46185491334568024,-0.43412411987370014,-0.4355369551482642,-0.4078061616762841
E01026281,E01026281,South Holland 004A,South Holland,E01026281,1,2021,0.10743790479647,-0.0277307934719801,0.3980002258291759,75.65004906445627,76.71963746650783,0.0,0.0,0.0,-0.0277307934719801,-0.1351686982684501,0.3702694323571958,0.2628315275607258,-0.4320306124197907,-0.5394685172162607,-0.40549160449329846,-0.5129295092897684,-0.46008765744593444,-0.5675255622424045,-0.4055365611551803,-0.5129744659516503,-0.46743453252844785,-0.5748724373249179,-0.4728313,-0.5802692136381753,-0.35819605204203736,-0.4656339568385074,-0.4410937374079504,-0.5485316422044204,-0.43511798580257244,-0.5425558905990424
E01026281,E01026281,South Holland 004A,South Holland,E01026281,1,2022,0.243734095428295,0.10743790479647,0.1351686982684501,75.65004906445627,76.71963746650783,0.0,0.0,0.0,0.10743790479647,-0.136296190631825,0.2426066030649201,-0.0011274923633748934,-0.4192543073164142,-0.6629884027447093,-0.39711144849280167,-0.6408455439210967,-0.4658308289003198,-0.7095649243286148,-0.40927983038921806,-0.653013925817513,-0.46743453252844785,-0.7111686279567428,-0.4728313,-0.7165654042700003,-0.35819605204203736,-0.6019301474703324,-0.46362271205608424,-0.7073568074843792,-0.43656270768426775,-0.6802968031125627
E01026327,E01026327,South Kesteven 003C,South Kesteven,E01026327,1,2020,0.887358992495847,0.817914653832629,0.40180899891069594,63.50064082057905,69.75862352845152,0.0,0.0,0.0,0.817914653832629,-0.06944433866321809,1.2197236527433248,0.3323646602474778,0.39701793023192816,-0.4903410622639189,0.40664743002124737,-0.4807115624745997,0.39671966364103556,-0.4906393288548115,0.29770478040642867,-0.5896542120894184,0.3930009438139699,-0.49435804868187716,0.4101343,-0.4772247068074468,0.44831513505597964,-0.4390438574398674,0.5104535049381894,-0.3769054875576576,0.3677987802672309,-0.5195602122286161
E01026327,E01026327,South Kesteven 003C,South Kesteven,E01026327,1,2021,1.31113320128075,0.887358992495847,0.06944433866321809,63.50064082057905,69.75862352845152,0.0,0.0,0.0,0.887358992495847,-0.4237742087849029,0.9568033311590651,-0.3543298701216848,0.3963791149767593,-0.9147540863039907,0.40622842222122246,-0.9049047790595275,0.39875001256233705,-0.9123831887184128,0.29955208856453475,-1.011581112716215,0.3930009438139699,-0.9181322574667801,0.40552065,-0.905612553516544,0.44831513505597964,-0.8628180662247703,0.479549337981402,-0.831583863299348,0.3678710163613156,-0.9432621849194344
E01026327,E01026327,South Kesteven 003C,South Kesteven,E01026327,1,2022,1.46819310419435,1.31113320128075,0.4237742087849029,63.50064082057905,69.75862352845152,0.0,0.0,0.0,1.31113320128075,-0.15705990291359995,1.7349074100656527,0.26671430587130285,0.3976993331707749,-1.0704937710235751,0.40709437167460716,-1.0610987325197427,0.38251867376906595,-1.0856744304252839,0.29324523143099246,-1.1749478727633575,0.38606562237005027,-1.0821274818242996,0.38189283,-1.0863002740609118,0.44831513505597964,-1.0198779691383701,0.3763124189660655,-1.0918806852282845,0.36888157073693506,-1.0993115334574148
E01026282,E01026282,South Holland 004B,South Holland,E01026282,1,2020,0.340187529420933,0.380257877949879,0.22035121964568596,76.72334819352884,77.41513093124038,0.0,0.0,0.0,0.380257877949879,0.040070348528945976,0.6006090975955649,0.2604215681746319,-0.1697934329222146,-0.5099809623431476,-0.09235156015397342,-0.4325390895749064,-0.1001754147786695,-0.4403629441996025,-0.1909896576398091,-0.5311771870607421,-0.09600949184496144,-0.43619702126589444,-0.08537325,-0.42556078205116676,-0.045545475567153104,-0.3857330049880861,-0.06216260949734025,-0.40235013891827326,-0.09544771708058665,-0.43563524650151964
E01026282,E01026282,South Holland 004B,South Holland,E01026282,1,2021,0.71670457099909,0.340187529420933,-0.040070348528945976,76.72334819352884,77.41513093124038,0.0,0.0,0.0,0.340187529420933,-0.376517041578157,0.300117180891987,-0.416587390107103,-0.1788646095456119,-0.8955691805447019,-0.09830147091432623,-0.8150060419134162,-0.1001754147786695,-0.8168799857777596,-0.1903733185725236,-0.9070778895716136,-0.09600949184496144,-0.8127140628440515,-0.08537325,-0.8020778236293238,-0.045545475567153104,-0.7622500465662432,-0.05918539462166669,-0.7758899656207567,-0.09442196454458299,-0.811126535543673
E01026282,E01026282,South Holland 004B,South Holland,E01026282,1,2022,0.721628818535996,0.71670457099909,0.376517041578157,76.72334819352884,77.41513093124038,0.0,0.0,0.0,0.71670457099909,-0.004924247536906012,1.093221612577247,0.3715927940412509,-0.19790130414964296,-0.9195301226856389,-0.11078790335506664,-0.8324167218910626,-0.09963997631134106,-0.8212687948473371,-0.19241745565950868,-0.9140462741955047,-0.09600949184496144,-0.8176383103809575,-0.08537325,-0.8070020711662298,-0.045545475567153104,-0.7671742941031492,-0.10395012640026767,-0.8255789449362637,-0.09226932894085696,-0.813898147476853
E01026328,E01026328,South Kesteven 003D,South Kesteven,E01026328,1,2020,1.40126589248831,1.63100662007838,1.1063054051990768,58.409296679666035,67.35192821110901,0.0,0.0,0.0,1.63100662007838,0.22974072759007003,2.7373120252774568,1.3360461327891469,0.6725361599261236,-0.7287297325621863,0.7543358973189986,-0.6469299951693113,0.6333806603716594,-0.7678852321166505,0.38936852676293365,-1.0118973657253763,0.6398509648541689,-0.761414927634141,0.6202978,-0.7809681029146405,0.6456391440642041,-0.7556267484241058,0.6098640933129814,-0.7914017991753285,0.5739039720739605,-0.8273619204143494
E01026328,E01026328,South Kesteven 003D,South Kesteven,E01026328,1,2021,1.419627151881,1.40126589248831,-0.22974072759007003,58.409296679666035,67.35192821110901,0.0,0.0,0.0,1.40126589248831,-0.018361259392690066,1.1715251648982399,-0.2481019869827601,0.6595043287206795,-0.7601228231603204,0.7457881381984919,-0.6738390136825081,0.6898762111628542,-0.7297509407181457,0.5180123662053444,-0.9016147856756556,0.6279628450315448,-0.7916643068494552,0.6277844,-0.7918427805049624,0.6617048365865399,-0.7579223152944601,0.5779417309973163,-0.8416854208836837,0.5923433954477066,-0.8272837564332933
E01026328,E01026328,South Kesteven 003D,South Kesteven,E01026328,1,2022,1.3222838088406,1.419627151881,0.018361259392690066,58.409296679666035,67.35192821110901,0.0,0.0,0.0,1.419627151881,0.09734334304040004,1.43798841127369,0.11570460243309011,0.6588229257818329,-0.663460883058767,0.745341196545132,-0.576942612295468,0.6878542930118575,-0.6344295158287424,0.5228726349361537,-0.7994111739044463,0.6279628450315448,-0.6943209638090552,0.6277844,-0.6944994374645623,0.66309269032943,-0.65919111851117,0.5881279838856586,-0.7341558249549414,0.5924204472813972,-0.7298633615592027
E01026352,E01026352,South Kesteven 003E,South Kesteven,E01026352,1,2020,0.726854821421978,0.463486402692232,0.12731312868795702,68.82342849803008,72.51409123642857,0.0,0.0,0.0,0.463486402692232,-0.263368418729746,0.590799531380189,-0.13605529004178896,-0.03279934695959612,-0.7596541683815741,-0.07926048967003049,-0.8061153110920085,0.11190722713889723,-0.6149475942830808,0.016886440430854934,-0.709968380991123,0.22825117383239474,-0.49860364758958325,0.24131791,-0.48553690848576736,0.13441027557351287,-0.5924445458484651,0.23463752891991538,-0.4922172925020626,0.26187599964239117,-0.4649788217795868
E01026352,E01026352,South Kesteven 003E,South Kesteven,E01026352,1,2021,1.02423550518439,0.726854821421978,0.263368418729746,68.82342849803008,72.51409123642857,0.0,0.0,0.0,0.726854821421978,-0.2973806837624121,0.9902232401517239,-0.03401226503266619,-0.03062737509202211,-1.0548628802764122,-0.07783586314994603,-1.1020713683343362,-0.09181540339364719,-1.1160509085780372,-0.07529001239056177,-1.0995255175749519,0.0497648695458406,-0.9744706356385495,0.0540249,-0.970210603943326,-0.05789109430707323,-1.0821265994914633,0.13218326210258954,-0.8920522430818005,-0.023424888732934284,-1.0476603939173244
E01026352,E01026352,South Kesteven 003E,South Kesteven,E01026352,1,2022,1.31576818799169,1.02423550518439,0.2973806837624121,68.82342849803008,72.51409123642857,0.0,0.0,0.0,1.02423550518439,-0.29153268280729994,1.3216161889468023,0.005848000955112287,-0.033523337582120824,-1.349291525573811,-0.07973536517672533,-1.3955035531684155,0.12422016392683574,-1.1915480240648544,0.028981702647172536,-1.2867864853445175,0.22825117383239474,-1.0875170141592954,0.23654994,-1.0792182443061584,0.1409623859325106,-1.1748058020591794,0.26247711664818196,-1.0532910713435082,0.25702554833965874,-1.0587426396520314
E01026353,E01026353,South Kesteven 003F,South Kesteven,E01026353,1,2020,1.96907985272146,2.30607132138736,0.78019929674386,71.05464264511325,73.47958107629671,0.0,0.0,0.0,2.30607132138736,0.33699146866590013,3.08627061813122,1.11719076540976,1.1777424386827808,-0.7913374140386791,0.9579940714754753,-1.0110857812459846,1.491787540969804,-0.4772923117516559,1.1644657561277472,-0.8046140965937127,1.3902525390078857,-0.5788273137135742,1.3319547,-0.6371251350853515,1.2889866658850997,-0.6800931868363602,1.3308535744648984,-0.6382262782565615,1.293494414215254,-0.6755854385062059
E01026353,E01026353,South Kesteven 003F,South Kesteven,E01026353,1,2021,1.78180449784465,1.96907985272146,-0.33699146866590013,71.05464264511325,73.47958107629671,0.0,0.0,0.0,1.96907985272146,0.18727535487681002,1.6320883840555598,-0.1497161137890901,1.1791052445604744,-0.6026992532841755,0.9588879547821949,-0.822916543062455,1.496138085778718,-0.2856664120659318,1.1660268592233651,-0.6157776386212848,1.3902525390078857,-0.3915519588367642,1.33926,-0.44254451573558007,1.2889866658850997,-0.4928178319595502,1.3317984679522976,-0.4500060298923523,1.3056780272492097,-0.4761264705954402
E01026353,E01026353,South Kesteven 003F,South Kesteven,E01026353,1,2022,2.2489225046844,1.78180449784465,-0.18727535487681002,71.05464264511325,73.47958107629671,0.0,0.0,0.0,1.78180449784465,-0.46711800683975,1.5945291429678399,-0.65439336171656,1.1795737090809315,-1.0693487956034684,0.95919522716888,-1.28972727751552,1.4945622327989236,-0.7543602718854763,1.1660268592233651,-1.0828956454610348,1.3902525390078857,-0.8586699656765142,1.33926,-0.9096625225753301,1.2889866658850997,-0.9599358387993002,1.3066791744897712,-0.9422433301946287,1.3011260435579879,-0.947796461126412
E01026354,E01026354,South Kesteven 003G,South Kesteven,E01026354,1,2020,0.680794703656671,0.290277349295475,0.2463412096463525,66.04454316563479,70.89947566306087,0.0,0.0,0.0,0.290277349295475,-0.39051735436119606,0.5366185589418275,-0.14417614471484352,-0.4718149074619754,-1.1526096111186463,-0.34345436270481156,-1.0242490663614827,-0.20252329384632634,-0.8833179975029974,-0.32227568910153614,-1.0030703927582072,-0.1861499284143237,-0.8669446320709948,-0.17822464,-0.8590193417611098,-0.23523960781698744,-0.9160343114736584,-0.24875685412719506,-0.9295515577838661,-0.1696553143208124,-0.8504500179774834
E01026354,E01026354,South Kesteven 003G,South Kesteven,E01026354,1,2021,0.620126686859286,0.680794703656671,0.39051735436119606,66.04454316563479,70.89947566306087,0.0,0.0,0.0,0.680794703656671,0.060668016797385094,1.0713120580178672,0.45118537115858126,-0.4718149074619754,-1.0919415943212614,-0.34345436270481156,-0.9635810495640975,-0.20252329384632634,-0.8226499807056122,-0.32227568910153614,-0.9424023759608221,-0.1861499284143237,-0.8062766152736096,-0.17822464,-0.7983513249637247,-0.23523960781698744,-0.8553662946762735,-0.24875685412719506,-0.868883540986481,-0.1696553143208124,-0.7897820011800983
E01026354,E01026354,South Kesteven 003G,South Kesteven,E01026354,1,2022,0.496537395718909,0.620126686859286,-0.060668016797385094,66.04454316563479,70.89947566306087,0.0,0.0,0.0,0.620126686859286,0.12358929114037698,0.5594586700619009,0.06292127434299188,-0.4718149074619754,-0.9683523031808844,-0.34345436270481156,-0.8399917584237205,-0.20252329384632634,-0.6990606895652354,-0.32227568910153614,-0.8188130848204451,-0.1861499284143237,-0.6826873241332327,-0.17822464,-0.6747620338233478,-0.23523960781698744,-0.7317770035358964,-0.24875685412719506,-0.745294249846104,-0.1696553143208124,-0.6661927100397214
E01026320,E01034701,South Kesteven 004F,South Kesteven,E01026320,1,2020,0.723802240184078,0.870865350447429,0.20189436191292998,60.32602199574826,70.55777166779582,0.0,0.0,0.0,0.870865350447429,0.14706311026335095,1.072759712360359,0.3489574721762809,0.2315623211417716,-0.4922399190423064,-0.17110834678283518,-0.8949105869669132,0.39111207962969946,-0.33269016055437856,0.28287749096035747,-0.44092474922372055,0.32165046818176074,-0.4021517720023173,0.39472508,-0.32907715587926845,0.13997459836258425,-0.5838276418214938,0.4477136463142322,-0.2760885938698458,0.375784557873845,-0.348017682310233
E01026320,E01034701,South Kesteven 004F,South Kesteven,E01026320,1,2021,0.855839041698511,0.723802240184078,-0.14706311026335095,60.32602199574826,70.55777166779582,0.0,0.0,0.0,0.723802240184078,-0.13203680151443298,0.5767391299207271,-0.2790999117777839,0.2315623211417716,-0.6242767205567394,-0.17110834678283518,-1.0269473884813463,0.39111207962969946,-0.46472696206881153,0.28287749096035747,-0.5729615507381536,0.32165046818176074,-0.5341885735167502,0.39472508,-0.4611139573937014,0.13997459836258425,-0.7158644433359267,0.4477136463142322,-0.4081253953842788,0.375784557873845,-0.480054483824666
E01026320,E01034701,South Kesteven 004F,South Kesteven,E01026320,1,2022,1.00108708900149,0.855839041698511,0.13203680151443298,60.32602199574826,70.55777166779582,0.0,0.0,0.0,0.855839041698511,-0.14524804730297902,0.987875843212944,-0.013211245788546044,0.24080384849988062,-0.7602832405016093,-0.16504670060914242,-1.1661337896106325,0.1310546726582644,-0.8700324163432256,0.08230483472904564,-0.9187822542724444,0.23663443790330435,-0.7644526510981857,0.22424059,-0.7768465028398766,0.12376801022228931,-0.8773190787792007,0.2105832992823029,-0.7905037897191871,0.20074492288092413,-0.8003421661205659
E01026320,E01034702,South Kesteven 004G,South Kesteven,E01026320,1,2020,0.723802240184078,0.870865350447429,0.20189436191292998,60.32602199574826,70.55777166779582,0.0,0.0,0.0,0.870865350447429,0.14706311026335095,1.072759712360359,0.3489574721762809,0.2315623211417716,-0.4922399190423064,-0.17110834678283518,-0.8949105869669132,0.39111207962969946,-0.33269016055437856,0.28287749096035747,-0.44092474922372055,0.32165046818176074,-0.4021517720023173,0.39472508,-0.32907715587926845,0.13997459836258425,-0.5838276418214938,0.4477136463142322,-0.2760885938698458,0.375784557873845,-0.348017682310233
E01026320,E01034702,South Kesteven 004G,South Kesteven,E01026320,1,2021,0.855839041698511,0.723802240184078,-0.14706311026335095,60.32602199574826,70.55777166779582,0.0,0.0,0.0,0.723802240184078,-0.13203680151443298,0.5767391299207271,-0.2790999117777839,0.2315623211417716,-0.6242767205567394,-0.17110834678283518,-1.0269473884813463,0.39111207962969946,-0.46472696206881153,0.28287749096035747,-0.5729615507381536,0.32165046818176074,-0.5341885735167502,0.39472508,-0.4611139573937014,0.13997459836258425,-0.7158644433359267,0.4477136463142322,-0.4081253953842788,0.375784557873845,-0.480054483824666
E01026320,E01034702,South Kesteven 004G,South Kesteven,E01026320,1,2022,1.00108708900149,0.855839041698511,0.13203680151443298,60.32602199574826,70.55777166779582,0.0,0.0,0.0,0.855839041698511,-0.14524804730297902,0.987875843212944,-0.013211245788546044,0.24080384849988062,-0.7602832405016093,-0.16504670060914242,-1.1661337896106325,0.1310546726582644,-0.8700324163432256,0.08230483472904564,-0.9187822542724444,0.23663443790330435,-0.7644526510981857,0.22424059,-0.7768465028398766,0.12376801022228931,-0.8773190787792007,0.2105832992823029,-0.7905037897191871,0.20074492288092413,-0.8003421661205659
E01026321,E01026321,South Kesteven 004B,South Kesteven,E01026321,1,2020,1.04569024767993,0.792342206418763,-0.24074167112738698,59.96126157227454,71.40055747122679,0.0,0.0,0.0,0.792342206418763,-0.25334804126116695,0.551600535291376,-0.4940897123885539,0.04575030759783137,-0.9999399400820985,-0.04281497092719744,-1.0885052186071273,0.3134689723270968,-0.7322212753528331,0.1570642834283906,-0.8886259642515393,0.24162620302964527,-0.8040640446502847,0.25592268,-0.7897675725471784,0.09380298271862239,-0.9518872649613075,0.23061665998600037,-0.8150735876939296,0.2526049608070666,-0.7930852868728633
E01026321,E01026321,South Kesteven 004B,South Kesteven,E01026321,1,2021,1.39343135927377,1.04569024767993,0.25334804126116695,59.96126157227454,71.40055747122679,0.0,0.0,0.0,1.04569024767993,-0.34774111159384,1.2990382889410967,-0.09439307033267319,0.04511149234266254,-1.3483198669311074,-0.04323397872722226,-1.4366653380009922,0.3155406350595017,-1.0778907242142681,0.17178792935107923,-1.2216434299226906,0.24462561436852834,-1.1488057449052416,0.2604283,-1.1330030498331571,0.10298743510170835,-1.2904439241720616,0.24158749544595598,-1.151843863827814,0.2526771969011514,-1.1407541623726185
E01026321,E01026321,South Kesteven 004B,South Kesteven,E01026321,1,2022,1.60296205525027,1.39343135927377,0.34774111159384,59.96126157227454,71.40055747122679,0.0,0.0,0.0,1.39343135927377,-0.20953069597649998,1.74117247086761,0.13821041561734004,0.04511149234266254,-1.5578505629076074,-0.04323397872722226,-1.6461960339774921,0.3155406350595017,-1.287421420190768,0.17178792935107923,-1.4311741258991906,0.24462561436852834,-1.3583364408817415,0.2604283,-1.3425337458096571,0.10298743510170835,-1.4999746201485615,0.24158749544595598,-1.3613745598043139,0.2526771969011514,-1.3502848583491185
E01026322,E01026322,South Kesteven 004C,South Kesteven,E01026322,1,2020,0.834036942670151,0.609827572912196,0.146960170386499,62.01336152877567,69.84120462834221,0.0,0.0,0.0,0.609827572912196,-0.22420936975795502,0.756787743298695,-0.07724919937145602,-0.3271950153215087,-1.1612319579916597,-0.06274339684838925,-0.8967803395185403,0.16076206250423558,-0.6732748801659154,0.09800198353486304,-0.736034959135288,0.2103634298484031,-0.623673512821748,0.15758853,-0.6764484160635913,0.19124685462649618,-0.6427900880436549,0.08908663256845557,-0.7449503101016954,0.20968061013229822,-0.6243563325378528
E01026322,E01026322,South Kesteven 004C,South Kesteven,E01026322,1,2021,0.778292829182252,0.834036942670151,0.22420936975795502,62.01336152877567,69.84120462834221,0.0,0.0,0.0,0.834036942670151,0.055744113487899094,1.058246312428106,0.2799534832458541,-0.32655620006633984,-1.1048490292485917,-0.062324389048364404,-0.8406172182306164,0.16076206250423558,-0.6175307666780163,0.09800198353486304,-0.680290845647389,0.2103634298484031,-0.5679293993338489,0.15758853,-0.6207043025756922,0.19124685462649618,-0.5870459745557558,0.11373928398963021,-0.6645535451926218,0.20960837403821342,-0.5686844551440385
E01026322,E01026322,South Kesteven 004C,South Kesteven,E01026322,1,2022,0.914938362331726,0.778292829182252,-0.055744113487899094,62.01336152877567,69.84120462834221,0.0,0.0,0.0,0.778292829182252,-0.13664553314947403,0.7225487156943529,-0.19238964663737312,-0.32655620006633984,-1.2414945623980658,-0.062324389048364404,-0.9772627513800904,0.16076206250423558,-0.7541762998274903,0.09800198353486304,-0.816936378796863,0.2103634298484031,-0.7045749324833229,0.15758853,-0.7573498357251662,0.19124685462649618,-0.7236915077052298,0.11373928398963021,-0.8011990783420958,0.20960837403821342,-0.7053299882935126
E01026323,E01026323,South Kesteven 004D,South Kesteven,E01026323,1,2020,1.1463340539108,1.24093923186227,0.04996002352629003,69.09740300381628,72.50515177095978,0.0,0.0,0.0,1.24093923186227,0.09460517795147005,1.29089925538856,0.14456520147776009,0.9200085208013831,-0.22632553310941694,0.77145338662989,-0.37488066728090996,1.0232496571836902,-0.1230843967271098,1.0222007172226224,-0.12413333668817761,1.098839796588421,-0.04749425732237911,1.0960033,-0.05033075991971114,1.0027144483036181,-0.1436196056071819,1.1130482215532702,-0.0332858323575298,0.9953538678023763,-0.15098018610842368
E01026323,E01026323,South Kesteven 004D,South Kesteven,E01026323,1,2021,1.80780828372715,1.1463340539108,-0.09460517795147005,69.09740300381628,72.50515177095978,0.0,0.0,0.0,1.1463340539108,-0.6614742298163501,1.05172887595933,-0.7560794077678201,0.9286964082716791,-0.879111875455471,0.7771518927102279,-1.0306563910169222,1.021479219625701,-0.7863290641014491,1.0222007172226224,-0.7856075665045277,1.0929972242640424,-0.7148110594631076,1.0885745,-0.7192337550329972,1.0027144483036181,-0.805093835423532,1.1150741853022614,-0.6927340984248886,0.9943714569228235,-0.8134368268043266
E01026323,E01026323,South Kesteven 004D,South Kesteven,E01026323,1,2022,2.09996220293717,1.80780828372715,0.6614742298163501,69.09740300381628,72.50515177095978,0.0,0.0,0.0,1.80780828372715,-0.29215391921001976,2.4692825135435,0.3693203106063301,0.9256726827305466,-1.1742895202066232,0.7751685891234437,-1.3247936138137262,1.021479219625701,-1.0784829833114689,1.0222007172226224,-1.0777614857145474,1.0929972242640424,-1.0069649786731274,1.0885745,-1.011387674243017,1.0027144483036181,-1.0972477546335517,1.1141416037502923,-0.9858205991868776,0.9947133744348247,-1.1052488285023452
E01026324,E01026324,South Kesteven 004E,South Kesteven,E01026324,1,2020,0.223316877403818,0.0904213568541563,0.2811432843380343,66.33708547208101,71.51673925573164,0.0,0.0,0.0,0.0904213568541563,-0.1328955205496617,0.3715646411921906,0.14824776378837262,-0.5822880419397846,-0.8056049193436026,-0.3737197748645046,-0.5970366522683226,-0.2710623879818982,-0.4943792653857162,-0.3175571350643997,-0.5408740124682176,-0.29403006068892745,-0.5173469380927455,-0.27857274,-0.5018896155744418,-0.22937767297873796,-0.45269455038255596,-0.30182245804634206,-0.5251393354501601,-0.25108273001402287,-0.4743996074178409
E01026324,E01026324,South Kesteven 004E,South Kesteven,E01026324,1,2021,0.652107048674937,0.223316877403818,0.1328955205496617,66.33708547208101,71.51673925573164,0.0,0.0,0.0,0.223316877403818,-0.42879017127111896,0.3562123979534797,-0.29589465072145726,-0.5841619000216132,-1.2362689486965501,-0.3749488644112441,-1.0270559130861812,-0.2757289955476415,-0.9278360442225785,-0.30940851100234373,-0.9615155596772806,-0.29403006068892745,-0.9461371093638644,-0.2762413,-0.9283483511651713,-0.22798981923584782,-0.8800968679107848,-0.34065957354360366,-0.9927666222185406,-0.2508708374713743,-0.9029778861463112
E01026324,E01026324,South Kesteven 004E,South Kesteven,E01026324,1,2022,0.636759946774048,0.652107048674937,0.42879017127111896,66.33708547208101,71.51673925573164,0.0,0.0,0.0,0.652107048674937,0.015347101900888949,1.0808972199460558,0.4441372731720078,-0.5808400606947353,-1.2176000074687834,-0.3727700238511149,-1.009529970625163,-0.2699352963508768,-0.9066952431249249,-0.3240559719080577,-0.9608159186821057,-0.29403006068892745,-0.9307900074629755,-0.28103703,-0.9177969793782655,-0.23940299295165834,-0.8761629397257064,-0.3456677302293983,-0.9824276770034464,-0.251246465160615,-0.888006411934663
E01026308,E01026308,South Kesteven 005A,South Kesteven,E01026308,1,2020,1.26695471390022,1.61106286928537,0.8581665515103959,54.462831500370164,68.74208978609909,0.0,0.0,0.0,1.61106286928537,0.34410815538514994,2.4692294207957657,1.2022747068955457,0.7389304882229047,-0.5280242256773152,0.5886391919839506,-0.6783155219162693,0.7229914274646473,-0.5439632864355727,0.6640261435593257,-0.6029285703408943,0.7201611196689475,-0.5467935942312725,0.7017773,-0.5651774345232363,0.6233723581807444,-0.6435823557194755,0.6802993946494916,-0.5866553192507283,0.6791374520113931,-0.5878172618888269
E01026308,E01026308,South Kesteven 005A,South Kesteven,E01026308,1,2021,1.41768043235527,1.26695471390022,-0.34410815538514994,54.462831500370164,68.74208978609909,0.0,0.0,0.0,1.26695471390022,-0.15072571845505012,0.92284655851507,-0.49483387384020006,0.7389304882229047,-0.6787499441323653,0.5886391919839506,-0.8290412403713194,0.7229914274646473,-0.6946890048906228,0.6640261435593257,-0.7536542887959444,0.7201611196689475,-0.6975193126863226,0.7017773,-0.7159031529782864,0.6233723581807444,-0.7943080741745256,0.6802993946494916,-0.7373810377057785,0.6791374520113931,-0.738542980343877
E01026308,E01026308,South Kesteven 005A,South Kesteven,E01026308,1,2022,1.42308320012449,1.41768043235527,0.15072571845505012,54.462831500370164,68.74208978609909,0.0,0.0,0.0,1.41768043235527,-0.005402767769219885,1.5684061508103202,0.14532295068583023,0.7389304882229047,-0.6841527119015852,0.5886391919839506,-0.8344440081405393,0.7229914274646473,-0.7000917726598427,0.6640261435593257,-0.7590570565651643,0.7201611196689475,-0.7029220804555425,0.7017773,-0.7213059207475063,0.6233723581807444,-0.7997108419437455,0.6802993946494916,-0.7427838054749983,0.6791374520113931,-0.7439457481130969
E01026309,E01026309,South Kesteven 005B,South Kesteven,E01026309,1,2020,0.982036916527227,0.771646384629022,0.19830379019376798,58.855974761446014,70.00758426940233,0.0,0.0,0.0,0.771646384629022,-0.210390531898205,0.96995017482279,-0.01208674170443702,0.20525778379976545,-0.7767791327274616,0.2410474421292061,-0.740989474398021,0.2168807261120829,-0.7651561904151442,0.041995262529811894,-0.9400416539974151,0.21778514875188515,-0.7642517677753419,0.19628145,-0.7857554685205971,0.24735057603532215,-0.7346863404919048,0.16154652385447182,-0.8204903926727551,0.18011052159058183,-0.8019263949366452
E01026309,E01026309,South Kesteven 005B,South Kesteven,E01026309,1,2021,1.13229353934301,0.982036916527227,0.210390531898205,58.855974761446014,70.00758426940233,0.0,0.0,0.0,0.982036916527227,-0.150256622815783,1.192427448425432,0.060133909082422,0.2058540113712563,-0.9264395279717537,0.24143851607589598,-0.8908550232671141,0.2168807261120829,-0.9154128132309272,0.03388190726050887,-1.0984116320825013,0.21778514875188515,-0.9145083905911249,0.19628145,-0.9360120913363801,0.24306197168828927,-0.8892315676547208,0.13269361548830508,-0.999599923854705,0.18167702233295327,-0.9506165170100568
E01026309,E01026309,South Kesteven 005B,South Kesteven,E01026309,1,2022,0.88067687120508,1.13229353934301,0.150256622815783,58.855974761446014,70.00758426940233,0.0,0.0,0.0,1.13229353934301,0.25161666813793004,1.2825501621587931,0.40187329095371316,0.20525778379976545,-0.6754190874053145,0.2410474421292061,-0.639629429075874,0.2168807261120829,-0.6637961450929971,0.041995262529811894,-0.8386816086752681,0.21778514875188515,-0.6628917224531948,0.19628145,-0.68439542319845,0.24735057603532215,-0.6333262951697578,0.16154652385447182,-0.7191303473506081,0.18011052159058183,-0.7005663496144982
E01026310,E01026310,South Kesteven 005C,South Kesteven,E01026310,1,2020,0.889079378741291,0.666841781654804,-0.303652425026282,55.25357749976684,70.26574696726252,0.0,0.0,0.0,0.666841781654804,-0.22223759708648694,0.36318935662852203,-0.5258900221127689,0.14005808362794586,-0.749021295113345,0.2423744400484543,-0.6467049386928366,0.38576712442020267,-0.5033122543210883,0.21683021949307302,-0.6722491592482179,0.36139783852855656,-0.5276815402127344,0.2783753,-0.6107040809564857,0.33606481111221354,-0.5530145676290774,0.12648102691386975,-0.7625983518274212,0.341614451730056,-0.547464927011235
E01026310,E01026310,South Kesteven 005C,South Kesteven,E01026310,1,2021,0.989650740535514,0.889079378741291,0.22223759708648694,55.25357749976684,70.26574696726252,0.0,0.0,0.0,0.889079378741291,-0.1005713617942231,1.1113169758277779,0.12166623529226384,0.14103760035253807,-0.848613140182976,0.2430169186751591,-0.746633821860355,0.36326816123231204,-0.6263825793032021,0.19988556870036528,-0.7897651718351488,0.36139783852855656,-0.6282529020069575,0.26582602,-0.723824723871009,0.33606481111221354,-0.6535859294233005,0.12835272374635645,-0.8612980167891576,0.34150368971912604,-0.648147050816388
E01026310,E01026310,South Kesteven 005C,South Kesteven,E01026310,1,2022,1.22772087457134,0.989650740535514,0.1005713617942231,55.25357749976684,70.26574696726252,0.0,0.0,0.0,0.989650740535514,-0.2380701340358259,1.0902221023297372,-0.13749877224160278,0.1381842255461173,-1.0895366490252227,0.24114535050171473,-0.9865755240696252,0.43407502936148346,-0.7936458452098565,0.2526449333722513,-0.9750759411990886,0.38213139128794066,-0.8455894832833992,0.39221942,-0.8355014503235982,0.33606481111221354,-0.8916560634591264,0.23906133755939787,-0.9886595370119421,0.34066650196931003,-0.8870543726020299
E01026311,E01026311,South Kesteven 005D,South Kesteven,E01026311,1,2020,1.39867616612196,1.22725717503222,0.6052982951654601,57.312278515953786,68.65689520174763,0.0,0.0,0.0,1.22725717503222,-0.1714189910897399,1.83255547019768,0.43387930407572006,0.24866486127937454,-1.1500113048425855,0.3309592910480133,-1.0677168750739467,0.366799954747529,-1.0318762113744309,0.28865536362099264,-1.1100208025009675,0.4346905743580264,-0.9639855917639336,0.41367793,-0.9849982352900508,0.4088498276152852,-0.9898263385066748,0.391770249249535,-1.006905916872425,0.4540562279226871,-0.9446199381992729
E01026311,E01026311,South Kesteven 005D,South Kesteven,E01026311,1,2021,1.13083429647977,1.39867616612196,0.1714189910897399,57.312278515953786,68.65689520174763,0.0,0.0,0.0,1.39867616612196,0.26784186964219003,1.5700951572117,0.43926086073192994,0.24742981845271483,-0.8834044780270551,0.33014920930129865,-0.8006850871784713,0.3608601882519072,-0.7699741082278628,0.28865536362099264,-0.8421789328587773,0.4346905743580264,-0.6961437221217436,0.41367793,-0.7171563656478608,0.4067162914911562,-0.7241180049886138,0.39613870036424353,-0.7346955961155264,0.4541958843712509,-0.676638412108519
E01026311,E01026311,South Kesteven 005D,South Kesteven,E01026311,1,2022,1.15714052280022,1.13083429647977,-0.26784186964219003,57.312278515953786,68.65689520174763,0.0,0.0,0.0,1.13083429647977,-0.0263062263204501,0.8629924268375799,-0.29414809596264013,0.25232740207567583,-0.9048131207245442,0.33336160243482243,-0.8237789203653976,0.3709735365533733,-0.7861669862468468,0.2909436755713007,-0.8661968472289194,0.4449468284870073,-0.7121936943132128,0.40396637,-0.7531741555554996,0.4088498276152852,-0.7482906951849349,0.33823631870084137,-0.8189042040993787,0.4524314069706201,-0.7047091158295999
E01026312,E01026312,South Kesteven 005E,South Kesteven,E01026312,1,2020,0.971858171403526,1.12970181062145,0.368088816994414,54.15333417907641,68.9815577293289,0.0,0.0,0.0,1.12970181062145,0.157843639217924,1.497790627615864,0.5259324562123379,0.24089780526322796,-0.7309603661402981,0.3867360578546598,-0.5851221135488662,0.6716096229616713,-0.3002485484418548,0.6096439504430615,-0.3622142209604645,0.6005471790515865,-0.37131099235193954,0.6049436,-0.366914597928642,0.5630866236086816,-0.4087715477948445,0.5212921735763334,-0.45056599782719264,0.6092873912955968,-0.3625707801079292
E01026312,E01026312,South Kesteven 005E,South Kesteven,E01026312,1,2021,1.35352332785367,0.971858171403526,-0.157843639217924,54.15333417907641,68.9815577293289,0.0,0.0,0.0,0.971858171403526,-0.381665156450144,0.814014532185602,-0.539508795668068,0.24089780526322796,-1.112625522590442,0.3867360578546598,-0.9667872699990102,0.6716096229616713,-0.6819137048919988,0.6096439504430615,-0.7438793774106085,0.6005471790515865,-0.7529761488020835,0.6049436,-0.748579754378786,0.5630866236086816,-0.7904367042449885,0.5212921735763334,-0.8322311542773366,0.6092873912955968,-0.7442359365580732
E01026312,E01026312,South Kesteven 005E,South Kesteven,E01026312,1,2022,1.87688416862305,1.35352332785367,0.381665156450144,54.15333417907641,68.9815577293289,0.0,0.0,0.0,1.35352332785367,-0.5233608407693799,1.735188484303814,-0.14169568431923607,0.2418347343041422,-1.6350494343189077,0.38735060262802956,-1.4895335659950204,0.6702085152719932,-1.2066756533510568,0.5910890944825868,-1.2857950741404631,0.6005471790515865,-1.2763369895714636,0.6087639,-1.268120295045932,0.5630866236086816,-1.3137975450143684,0.5216637659746466,-1.3552204026484034,0.6091814450242725,-1.2677027235987774
E01026317,E01026317,South Kesteven 006A,South Kesteven,E01026317,1,2020,1.13667623802656,1.094024915015,0.3559832496463051,60.32129112805976,67.7164163671596,0.0,0.0,0.0,1.094024915015,-0.04265132301155994,1.4500081646613052,0.3133319266347452,0.16656563266127597,-0.970110605365284,0.28137102993507734,-0.8553052080914827,0.42682236719733596,-0.7098538708292241,0.3613671862207986,-0.7753090518057615,0.4603519026076965,-0.6763243354188635,0.44653857,-0.6901376704835303,0.39931953199803927,-0.7373567060285208,0.48017373987248735,-0.6565024981540727,0.4612211860864768,-0.6754550519400833
E01026317,E01026317,South Kesteven 006A,South Kesteven,E01026317,1,2021,1.68068999858954,1.13667623802656,0.04265132301155994,60.32129112805976,67.7164163671596,0.0,0.0,0.0,1.13667623802656,-0.54401376056298,1.17932756103812,-0.5013624375514201,0.17176133006998237,-1.5089286685195578,0.28477896004194614,-1.395911038547594,0.42338477495168997,-1.2573052236378501,0.3660106686893227,-1.3146793299002173,0.4603519026076965,-1.2203380959818435,0.45037615,-1.2303138455972915,0.39931953199803927,-1.281370466591501,0.48701038072931024,-1.1936796178602298,0.4606336658545874,-1.2200563327349525
E01026317,E01026317,South Kesteven 006A,South Kesteven,E01026317,1,2022,1.34823547040795,1.68068999858954,0.54401376056298,60.32129112805976,67.7164163671596,0.0,0.0,0.0,1.68068999858954,0.33245452818159005,2.2247037591525203,0.8764682887445703,0.17342224973342132,-1.1748132206745288,0.28586838032201073,-1.0623670900859392,0.42338477495168997,-0.9248506954562601,0.36905215412164016,-0.9791833162863098,0.4603519026076965,-0.8878835678002535,0.43405727,-0.9141782048878542,0.39931953199803927,-0.9489159384099107,0.48701038072931024,-0.8612250896786398,0.460445852009967,-0.887789618397983
E01026318,E01026318,South Kesteven 006B,South Kesteven,E01026318,1,2020,1.1633905033276,1.15122679029005,0.7768536045338109,58.02121310138606,66.04296167515328,0.0,0.0,0.0,1.15122679029005,-0.012163713037550039,1.9280803948238607,0.7646898914962608,0.20574890788372985,-0.9576415954438702,0.29412048337036073,-0.8692700199572392,0.16798989432769448,-0.9954006089999055,0.11172909084588399,-1.051661412481716,0.20071633229129818,-0.9626741710363018,0.15556872,-1.0078217844173827,0.2061015575576487,-0.9572889457699513,0.18022951338623214,-0.9831609899413678,0.12983901988536714,-1.0335514834422328
E01026318,E01026318,South Kesteven 006B,South Kesteven,E01026318,1,2021,1.12064189221072,1.1633905033276,0.012163713037550039,58.02121310138606,66.04296167515328,0.0,0.0,0.0,1.1633905033276,0.04274861111688,1.17555421636515,0.05491232415443004,0.20413057590396883,-0.9165113163067511,0.29305899694363113,-0.8275828952670888,0.16837522514288905,-0.9522666670678309,0.11179908880866207,-1.0088428034020578,0.20071633229129818,-0.9199255599194218,0.15891178,-0.9617301126878242,0.2061015575576487,-0.9145403346530713,0.18828067232537934,-0.9323612198853406,0.13123268533636295,-0.989409206874357
E01026318,E01026318,South Kesteven 006B,South Kesteven,E01026318,1,2022,1.03589494754781,1.12064189221072,-0.04274861111688,58.02121310138606,66.04296167515328,0.0,0.0,0.0,1.12064189221072,0.08474694466290988,1.07789328109384,0.04199833354602989,0.20455645274074802,-0.8313384948070621,0.293338335476981,-0.7425566120708291,0.16798989432769448,-0.8679050532201156,0.11179908880866207,-0.924095858739148,0.20071633229129818,-0.8351786152565119,0.15891178,-0.8769831680249143,0.2061015575576487,-0.8297933899901614,0.18694708844201555,-0.8489478591057945,0.13118452794030647,-0.9047104196075036
E01026319,E01026319,South Kesteven 006C,South Kesteven,E01026319,1,2020,0.811933503668159,0.657234882784705,0.221813594982868,56.45792928078858,68.4026089549343,0.0,0.0,0.0,0.657234882784705,-0.15469862088345399,0.879048477767573,0.06711497409941403,0.0528627290319937,-0.7590707746361652,-0.04596475716312726,-0.8578982608312862,0.2169616957701225,-0.5949718078980365,0.12509591578947082,-0.6868375878786881,0.14910773607816205,-0.6628257675899969,0.19810145,-0.6138320576356349,0.19098497918647492,-0.620948524481684,0.2523381276864566,-0.5595953759817024,0.13747370484683946,-0.6744597988213195
E01026319,E01026319,South Kesteven 006C,South Kesteven,E01026319,1,2021,1.21642478142978,0.811933503668159,0.15469862088345399,56.45792928078858,68.4026089549343,0.0,0.0,0.0,0.811933503668159,-0.40449127776162097,0.966632124551613,-0.24979265687816699,0.06572420950272607,-1.1507005719270538,-0.03752873345596036,-1.2539535148857404,0.22838414587811082,-0.9880406355516691,0.13479716695880173,-1.0816276144709782,0.1574844066890855,-1.0589403747406945,0.20396158,-1.012463200438035,0.19098497918647492,-1.025439802243305,0.26231628406008234,-0.9541084973696976,0.1360193514859329,-1.080405429943847
E01026319,E01026319,South Kesteven 006C,South Kesteven,E01026319,1,2022,1.27548319302359,1.21642478142978,0.40449127776162097,56.45792928078858,68.4026089549343,0.0,0.0,0.0,1.21642478142978,-0.05905841159380998,1.620916059191401,0.345432866167811,0.06789618137030008,-1.2075870116532899,-0.03610410693587589,-1.3115872999594658,0.2410589113742082,-1.0344242816493816,0.1378565131911554,-1.1376266798324346,0.1574844066890855,-1.1179987863345044,0.20396158,-1.071521612031845,0.19098497918647492,-1.084498213837115,0.26231628406008234,-1.0131669089635076,0.13577374876604467,-1.1397094442575453
E01026343,E01026343,South Kesteven 006D,South Kesteven,E01026343,1,2020,1.14553004694598,1.18639626633374,0.364379301990977,61.96175058567401,67.50833920351614,0.0,0.0,0.0,1.18639626633374,0.04086621938776003,1.5507755683247169,0.40524552137873693,0.6997719986254411,-0.4457580483205388,0.6521070893259185,-0.4934229576200614,0.4672861822037083,-0.6782438647422716,0.3841867155206489,-0.7613433314253311,0.4978418566543009,-0.647688190291679,0.47340298,-0.6721270699562338,0.5357749590785632,-0.6097550878674167,0.49822045652725355,-0.6473095904187264,0.4242082940985217,-0.7213217528474583
E01026343,E01026343,South Kesteven 006D,South Kesteven,E01026343,1,2021,1.59682470032621,1.14553004694598,-0.04086621938776003,61.96175058567401,67.50833920351614,0.0,0.0,0.0,1.14553004694598,-0.45129465338023,1.10466382755822,-0.49216087276799003,0.6997719986254411,-0.8970527017007688,0.6521070893259185,-0.9447176110002914,0.4672861822037083,-1.1295385181225015,0.3841867155206489,-1.212637984805561,0.4978418566543009,-1.0989828436719091,0.47340298,-1.1234217233364638,0.5357749590785632,-1.0610497412476467,0.49822045652725355,-1.0986042437989565,0.4242082940985217,-1.1726164062276883
E01026343,E01026343,South Kesteven 006D,South Kesteven,E01026343,1,2022,1.52453940236064,1.59682470032621,0.45129465338023,61.96175058567401,67.50833920351614,0.0,0.0,0.0,1.59682470032621,0.07228529796556993,2.04811935370644,0.5235799513457999,0.7044992315136904,-0.8200401708469496,0.6552077470461024,-0.8693316553145376,0.4672861822037083,-1.0572532201569316,0.3841867155206489,-1.1403526868399911,0.5155431183117308,-1.008996284048909,0.4864017,-1.0381376954266648,0.5357749590785632,-0.9887644432820768,0.5040665930272574,-1.0204728093333826,0.4236737470022943,-1.1008656553583456
E01026344,E01026344,South Kesteven 006E,South Kesteven,E01026344,1,2020,0.676287004479718,0.982086430066317,0.690873204789574,58.26496475409428,65.73422435317846,0.0,0.0,0.0,0.982086430066317,0.305799425586599,1.672959634855891,0.996672630376173,0.12315046184930097,-0.553136542630417,0.06270143369701267,-0.6135855707827054,0.08494176626163986,-0.5913452382180782,-0.010933249490427129,-0.6872202539701452,0.15263419166896466,-0.5236528128107534,0.11106904,-0.5652179659693954,0.138223741382877,-0.538063263096841,0.08803968706795272,-0.5882473174117653,0.10334752177923698,-0.572939482700481
E01026344,E01026344,South Kesteven 006E,South Kesteven,E01026344,1,2021,0.594922327798636,0.676287004479718,-0.305799425586599,58.26496475409428,65.73422435317846,0.0,0.0,0.0,0.676287004479718,0.08136467668108205,0.370487578893119,-0.22443474890551696,0.12315046184930097,-0.471771865949335,0.06270143369701267,-0.5322208941016233,0.08494176626163986,-0.5099805615369961,-0.010933249490427129,-0.6058555772890631,0.15263419166896466,-0.4422881361296713,0.11106904,-0.4838532892883134,0.138223741382877,-0.456698586415759,0.08803968706795272,-0.5068826407306832,0.10334752177923698,-0.49157480601939896
E01026344,E01026344,South Kesteven 006E,South Kesteven,E01026344,1,2022,1.27324557853672,0.594922327798636,-0.08136467668108205,58.26496475409428,65.73422435317846,0.0,0.0,0.0,0.594922327798636,-0.6783232507380841,0.5135576511175539,-0.7596879274191661,0.12613159970675553,-1.1471139788299645,0.06465680343046196,-1.208588775106258,0.08891388978685041,-1.1843316887498696,-0.005204899030396395,-1.2784504775671164,0.15263419166896466,-1.1206113868677554,0.11106904,-1.1621765400263975,0.138223741382877,-1.135021837153843,0.07170229314936982,-1.2015432853873502,0.10252776508645803,-1.170717813450262
E01026345,E01026345,South Kesteven 006F,South Kesteven,E01026345,1,2020,1.62234198285557,1.4696523763024,0.13326626322235002,65.11716954603015,70.19893658379117,0.0,0.0,0.0,1.4696523763024,-0.15268960655317,1.60291863952475,-0.019423343330819964,0.7299898759282865,-0.8923521069272836,0.43267068553513943,-1.1896712973204306,0.7280620682789034,-0.8942799145766667,0.6823392798730464,-0.9400027029825236,0.8085985950266503,-0.8137433878289198,0.8355494,-0.7867925686977026,0.6641305250383757,-0.9582114578171944,0.9395521677798726,-0.6827898150756975,0.7496740918584852,-0.8726678909970849
E01026345,E01026345,South Kesteven 006F,South Kesteven,E01026345,1,2021,1.40007742911948,1.62234198285557,0.15268960655317,65.11716954603015,70.19893658379117,0.0,0.0,0.0,1.62234198285557,0.2222645537360901,1.77503158940874,0.3749541602892601,0.7305435158160994,-0.6695339133033805,0.43303382562849435,-0.9670436034909856,0.7280620682789034,-0.6720153608405766,0.6823392798730464,-0.7177381492464335,0.8085985950266503,-0.5914788340928296,0.831932,-0.568145420853031,0.6641305250383757,-0.7359469040811043,0.9394325089577522,-0.46064492016172776,0.7496114872436117,-0.6504659418758683
E01026345,E01026345,South Kesteven 006F,South Kesteven,E01026345,1,2022,1.28976102127773,1.40007742911948,-0.2222645537360901,65.11716954603015,70.19893658379117,0.0,0.0,0.0,1.40007742911948,0.11031640784175001,1.1778128753833899,-0.1119481458943401,0.7316507955917254,-0.5581102256860045,0.4337601058152041,-0.8560009154625259,0.7280620682789034,-0.5616989529988266,0.6787153775525657,-0.6110456437251642,0.8085985950266503,-0.48116242625107963,0.831932,-0.457829013011281,0.6641305250383757,-0.6256304962393543,0.8917208809619737,-0.3980401403157563,0.7494862780138649,-0.540274743263865
E01026292,E01026292,South Kesteven 007A,South Kesteven,E01026292,1,2020,0.679772449089791,0.294206981957511,0.14619640327800798,60.7786309663724,68.79394380808606,0.0,0.0,0.0,0.294206981957511,-0.38556546713227996,0.440403385235519,-0.23936906385427198,-0.139172221110488,-0.818944670200279,0.047832312144097555,-0.6319401369456934,-0.020632839781629487,-0.7004052888714204,-0.06921661665802102,-0.748989065747812,0.045716612513350505,-0.6340558365764405,0.04061291,-0.6391595391469256,0.01965995103501743,-0.6601124980547736,-0.019754634070407978,-0.699527083160199,0.1053168916710145,-0.5744555574187764
E01026292,E01026292,South Kesteven 007A,South Kesteven,E01026292,1,2021,0.885823473704858,0.679772449089791,0.38556546713227996,60.7786309663724,68.79394380808606,0.0,0.0,0.0,0.679772449089791,-0.20605102461506708,1.0653379162220709,0.17951444251721282,-0.139172221110488,-1.024995694815346,0.047832312144097555,-0.8379911615607605,-0.020632839781629487,-0.9064563134864875,-0.06921661665802102,-0.9550400903628791,0.045716612513350505,-0.8401068611915076,0.04061291,-0.8452105637619927,0.01965995103501743,-0.8661635226698406,-0.019754634070407978,-0.905578107775266,0.1053168916710145,-0.7805065820338435
E01026292,E01026292,South Kesteven 007A,South Kesteven,E01026292,1,2022,1.00651455402657,0.885823473704858,0.20605102461506708,60.7786309663724,68.79394380808606,0.0,0.0,0.0,0.885823473704858,-0.12069108032171205,1.0918744983199251,0.08535994429335503,-0.13853340585531915,-1.1450479598818892,0.0482513199441224,-0.9582632340824477,-0.016980237325469442,-1.0234947913520396,-0.08198675688946669,-1.0885013109160369,0.045716612513350505,-0.9607979415132196,0.04061291,-0.9659016440837047,0.01965995103501743,-0.9868546029915527,-0.027749240663779432,-1.0342637946903495,0.10524465557692975,-0.9012698984496403
E01026293,E01026293,South Kesteven 007B,South Kesteven,E01026293,1,2020,0.374511403436752,0.186379768340892,0.19373819786202612,62.172149223526546,68.81931835065758,0.0,0.0,0.0,0.186379768340892,-0.18813163509585998,0.38011796620291816,0.005606562766166168,-0.37446980799469726,-0.7489812114314492,-0.3026883439254916,-0.6771997473622435,-0.21783749239598899,-0.592348895832741,-0.3572699233705395,-0.7317813268072915,-0.27542036371741974,-0.6499317671541718,-0.24083519,-0.615346593256088,-0.21135630949640705,-0.5858677129331591,-0.22549545357695894,-0.6000068570137109,-0.26535191657891294,-0.6398633200156649
E01026293,E01026293,South Kesteven 007B,South Kesteven,E01026293,1,2021,0.309000066416438,0.374511403436752,0.18813163509585998,62.172149223526546,68.81931835065758,0.0,0.0,0.0,0.374511403436752,0.06551133702031398,0.562643038532612,0.253642972116174,-0.3749382725151544,-0.6839383389315924,-0.30299561631217653,-0.6119956827286146,-0.21783749239598899,-0.526837558812427,-0.3572699233705395,-0.6662699897869775,-0.27542036371741974,-0.5844204301338578,-0.24083519,-0.549835256235774,-0.21135630949640705,-0.5203563759128451,-0.22508378294858034,-0.5340838493650184,-0.26481628852286737,-0.5738163549393054
E01026293,E01026293,South Kesteven 007B,South Kesteven,E01026293,1,2022,0.690828775232734,0.309000066416438,-0.06551133702031398,62.172149223526546,68.81931835065758,0.0,0.0,0.0,0.309000066416438,-0.381828708816296,0.24348872939612404,-0.44734004583660997,-0.3754067370356115,-1.0662355122683456,-0.30330288869886135,-0.9941316639315954,-0.21783749239598899,-0.9086662676287229,-0.3572699233705395,-1.0480986986032734,-0.27542036371741974,-0.9662491389501537,-0.24083519,-0.9316639650520699,-0.21135630949640705,-0.902185084729141,-0.21603819041184186,-0.9068669656445758,-0.2647633153872052,-0.9555920906199392
E01026294,E01026294,South Kesteven 007C,South Kesteven,E01026294,1,2020,0.328344684501278,0.194894579188129,0.381365990125589,64.29840084969426,70.4069422546242,0.0,0.0,0.0,0.194894579188129,-0.13345010531314902,0.576260569313718,0.24791588481244003,-0.4621103425155052,-0.7904550270167832,-0.42131846716474364,-0.7496631516660217,-0.34960058468938354,-0.6779452691906616,-0.40564877848237724,-0.7339934629836553,-0.35244741674766855,-0.6807921012489466,-0.35708877,-0.6854334589439508,-0.24199199119082931,-0.5703366756921073,-0.4561577730275252,-0.7845024575288032,-0.3210238913652964,-0.6493685758665744
E01026294,E01026294,South Kesteven 007C,South Kesteven,E01026294,1,2021,0.237635894987145,0.328344684501278,0.13345010531314902,64.29840084969426,70.4069422546242,0.0,0.0,0.0,0.328344684501278,0.09070878951413303,0.461794789814427,0.22415889482728202,-0.46274915777067405,-0.700385052757819,-0.42173747496476843,-0.6593733699519134,-0.354833077385749,-0.592468972372894,-0.39524994620422677,-0.6328858411913718,-0.35244741674766855,-0.5900833117348135,-0.35708877,-0.5947246694298177,-0.24199199119082931,-0.4796278861779743,-0.4566202379205931,-0.6942561329077381,-0.3209516552712116,-0.5585875502583566
E01026294,E01026294,South Kesteven 007C,South Kesteven,E01026294,1,2022,0.494824211731121,0.237635894987145,-0.09070878951413303,64.29840084969426,70.4069422546242,0.0,0.0,0.0,0.237635894987145,-0.257188316743976,0.14692710547301197,-0.34789710625810905,-0.4633879730258429,-0.9582121847569639,-0.42215648276479334,-0.9169806944959144,-0.35381517800104095,-0.848639389732162,-0.38139270510312995,-0.876216916834251,-0.3484228764676277,-0.8432470881987487,-0.35708877,-0.8519129861737937,-0.24060413744793918,-0.7354283491790602,-0.38169022191661967,-0.8765144336477406,-0.3208794191771269,-0.8157036309082479
E01026316,E01026316,South Kesteven 007D,South Kesteven,E01026316,1,2020,0.254369950245196,-0.123737248590921,0.109425125272784,81.44491298453767,64.97049680225277,0.0,0.0,0.0,-0.123737248590921,-0.378107198836117,-0.014312123318136999,-0.26868207356333296,-0.5654257328009322,-0.8197956830461282,-0.3939001894654117,-0.6482701397106077,-0.491184149007769,-0.745554099252965,-0.47637711862540394,-0.7307470688705999,-0.424841133948125,-0.679211084193321,-0.43924302,-0.6936129688723627,-0.4483323005708929,-0.702702250816089,-0.45891291211893137,-0.7132828623641274,-0.41008435054726977,-0.6644543007924657
E01026316,E01026316,South Kesteven 007D,South Kesteven,E01026316,1,2021,0.288910974906424,0.254369950245196,0.378107198836117,81.44491298453767,64.97049680225277,0.0,0.0,0.0,0.254369950245196,-0.03454102466122799,0.632477149081313,0.34356617417488905,-0.5654257328009322,-0.8543367077073563,-0.3939001894654117,-0.6828111643718358,-0.491184149007769,-0.780095123914193,-0.47637711862540394,-0.7652880935318279,-0.424841133948125,-0.713752108854549,-0.43924302,-0.7281539935335908,-0.4483323005708929,-0.7372432754773168,-0.45891291211893137,-0.7478238870253553,-0.41008435054726977,-0.6989953254536938
E01026316,E01026316,South Kesteven 007D,South Kesteven,E01026316,1,2022,0.348833164177184,0.288910974906424,0.03454102466122799,81.44491298453767,64.97049680225277,0.0,0.0,0.0,0.288910974906424,-0.05992218927076004,0.32345199956765197,-0.025381164609532048,-0.5654257328009322,-0.9142588969781162,-0.3939001894654117,-0.7427333536425957,-0.491184149007769,-0.8400173131849531,-0.47637711862540394,-0.825210282802588,-0.424841133948125,-0.7736742981253091,-0.43924302,-0.7880761828043508,-0.4483323005708929,-0.7971654647480769,-0.45891291211893137,-0.8077460762961154,-0.41008435054726977,-0.7589175147244538
E01026332,E01026332,South Kesteven 007E,South Kesteven,E01026332,1,2020,0.184983608858801,-0.183423324089872,0.05070850689888301,80.13336931520581,70.15222524697289,0.0,0.0,0.0,-0.183423324089872,-0.368406932948673,-0.132714817190989,-0.31769842604979,-0.7127826739729048,-0.8977662828317059,-0.5167251657407953,-0.7017087745995962,-0.6378786372664061,-0.8228622461252071,-0.5695928316342529,-0.754576440493054,-0.610559437438142,-0.7955430462969431,-0.64318943,-0.8281730390956175,-0.6077490323225951,-0.7927326411813962,-0.622816927185303,-0.8078005360441041,-0.5240266308423916,-0.7090102397011926
E01026332,E01026332,South Kesteven 007E,South Kesteven,E01026332,1,2021,0.375693734632452,0.184983608858801,0.368406932948673,80.13336931520581,70.15222524697289,0.0,0.0,0.0,0.184983608858801,-0.19071012577365098,0.553390541807474,0.17769680717502206,-0.7127826739729048,-1.0884764086053569,-0.5167251657407953,-0.8924189003732472,-0.6378786372664061,-1.013572371898858,-0.5695928316342529,-0.9452865662667049,-0.610559437438142,-0.986253172070594,-0.64318943,-1.0188831648692684,-0.6077490323225951,-0.9834427669550472,-0.622816927185303,-0.998510661817755,-0.5240266308423916,-0.8997203654748436
E01026332,E01026332,South Kesteven 007E,South Kesteven,E01026332,1,2022,0.196722386518774,0.375693734632452,0.19071012577365098,80.13336931520581,70.15222524697289,0.0,0.0,0.0,0.375693734632452,0.17897134811367799,0.566403860406103,0.369681473887329,-0.7127826739729048,-0.9095050604916788,-0.5167251657407953,-0.7134475522595694,-0.6378786372664061,-0.8346010237851802,-0.5695928316342529,-0.7663152181530268,-0.610559437438142,-0.807281823956916,-0.64318943,-0.8399118167555903,-0.6077490323225951,-0.8044714188413691,-0.622816927185303,-0.819539313704077,-0.5240266308423916,-0.7207490173611657
E01026290,E01026290,South Kesteven 008A,South Kesteven,E01026290,1,2020,0.848101813898145,0.71421098862084,0.260870878564949,68.44882556443689,65.84704576729126,0.0,0.0,0.0,0.71421098862084,-0.133890825277305,0.975081867185789,0.12698005328764406,-0.27899080430355144,-1.1270926182016965,-0.1967754300268633,-1.0448772439250082,0.19201890353044868,-0.6560829103676963,0.07098912038722796,-0.777112693510917,0.024471079648849,-0.823630734249296,0.13609712,-0.7120046956396687,-0.13971829134294866,-0.9878201052410936,0.2253825645649404,-0.6227192493332045,0.029328112408697357,-0.8187737014894476
E01026290,E01026290,South Kesteven 008A,South Kesteven,E01026290,1,2021,1.34234679094868,0.848101813898145,0.133890825277305,68.44882556443689,65.84704576729126,0.0,0.0,0.0,0.848101813898145,-0.49424497705053494,0.98199263917545,-0.36035415177322994,-0.27899080430355144,-1.6213375952522313,-0.1967754300268633,-1.5391222209755433,0.19201890353044868,-1.1503278874182312,0.07098912038722796,-1.271357670561452,0.024471079648849,-1.317875711299831,0.13609712,-1.2062496726902037,-0.13971829134294866,-1.4820650822916286,0.2253825645649404,-1.1169642263837396,0.029328112408697357,-1.3130186785399827
E01026290,E01026290,South Kesteven 008A,South Kesteven,E01026290,1,2022,1.19259466544341,1.34234679094868,0.49424497705053494,68.44882556443689,65.84704576729126,0.0,0.0,0.0,1.34234679094868,0.14975212550526984,1.8365917679992148,0.6439971025558047,-0.27899080430355144,-1.4715854697469615,-0.1967754300268633,-1.3893700954702735,0.19201890353044868,-1.0005757619129614,0.07098912038722796,-1.1216055450561822,0.024471079648849,-1.168123585794561,0.13609712,-1.0564975471849338,-0.13971829134294866,-1.3323129567863587,0.2253825645649404,-0.9672121008784696,0.029328112408697357,-1.1632665530347128
E01026341,E01026341,South Kesteven 008B,South Kesteven,E01026341,1,2020,0.480884055615462,0.424827405557583,0.23768762813262204,69.93080565724247,67.09251463208574,0.0,0.0,0.0,0.424827405557583,-0.056056650057878965,0.662515033690205,0.18163097807474304,-0.2881633085151487,-0.7690473641306107,-0.25709325695181395,-0.737977312567276,0.02113530305431397,-0.459748752561148,-0.13100255475984998,-0.611886610375312,0.04294982396703352,-0.4379342316484285,0.015347763,-0.4655362926507961,-0.08425092943127224,-0.5651349850467342,0.048326142659948945,-0.43255791295551305,0.04964814093558308,-0.43123591467987893
E01026341,E01026341,South Kesteven 008B,South Kesteven,E01026341,1,2021,0.535443140083402,0.480884055615462,0.056056650057878965,69.93080565724247,67.09251463208574,0.0,0.0,0.0,0.480884055615462,-0.05455908446794,0.536940705673341,0.001497565589938965,-0.29378488276063436,-0.8292280228440363,-0.2607805255920326,-0.7962236656754346,0.02113530305431397,-0.514307837029088,-0.13094644944563233,-0.6663895895290344,0.04294982396703352,-0.4924933161163685,0.015347763,-0.5200953771187361,-0.08425092943127224,-0.6196940695146742,0.048326142659948945,-0.48711699742345305,0.05028381856352901,-0.48515932151987295
E01026341,E01026341,South Kesteven 008B,South Kesteven,E01026341,1,2022,0.987385736775322,0.535443140083402,0.05455908446794,69.93080565724247,67.09251463208574,0.0,0.0,0.0,0.535443140083402,-0.45194259669192005,0.590002224551342,-0.39738351222398005,-0.2975325989242915,-1.2849183356996137,-0.2632387046855117,-1.2506244414608338,0.026393982148423843,-0.9609917546268982,-0.1342564274686727,-1.1216421642439947,0.04294982396703352,-0.9444359128082885,0.015347763,-0.9720379738106562,-0.08425092943127224,-1.0716366662065944,0.045757050400258514,-0.9416286863750636,0.0507076036488263,-0.9366781331264957
E01026342,E01026342,South Kesteven 008C,South Kesteven,E01026342,1,2020,0.342110349739259,0.117452035865554,0.1540504429299853,69.67359070233283,66.5774110993845,0.0,0.0,0.0,0.117452035865554,-0.22465831387370502,0.2715024787955393,-0.07060787094371973,-0.3303690715952934,-0.6724794213345524,-0.3610127056419469,-0.7031230553812059,-0.09933797617576275,-0.44144832591502176,-0.2118866131131159,-0.5539969628523749,-0.10944041049017739,-0.4515507602294364,-0.10817196,-0.45028231194085433,-0.18538026254686557,-0.5274906122861246,-0.022027388745354346,-0.3641377384846134,-0.13286361403679117,-0.47497396377605017
E01026342,E01026342,South Kesteven 008C,South Kesteven,E01026342,1,2021,0.355117503643885,0.342110349739259,0.22465831387370502,69.67359070233283,66.5774110993845,0.0,0.0,0.0,0.342110349739259,-0.013007153904625979,0.5667686636129641,0.21165115996907907,-0.3303690715952934,-0.6854865752391783,-0.3610127056419469,-0.7161302092858319,-0.09933797617576275,-0.45445547981964773,-0.2118866131131159,-0.5670041167570009,-0.10944041049017739,-0.4645579141340624,-0.10817196,-0.4632894658454803,-0.18538026254686557,-0.5404977661907506,-0.022027388745354346,-0.3771448923892394,-0.13286361403679117,-0.4879811176806762
E01026342,E01026342,South Kesteven 008C,South Kesteven,E01026342,1,2022,0.574565996827621,0.355117503643885,0.013007153904625979,69.67359070233283,66.5774110993845,0.0,0.0,0.0,0.355117503643885,-0.219448493183736,0.368124657548511,-0.20644133927911001,-0.33105047453414016,-0.9056164713617612,-0.36145964729530666,-0.9360256441229277,-0.09933797617576275,-0.6739039730033838,-0.20585661145172915,-0.7804226082793502,-0.10944041049017739,-0.6840064073177984,-0.10817196,-0.6827379590292163,-0.18538026254686557,-0.7599462593744866,-0.022027388745354346,-0.5965933855729754,-0.13278656220310076,-0.7073525590307217
E01026361,E01026361,South Kesteven 008D,South Kesteven,E01026361,1,2020,1.07029303449949,0.896548362764297,0.5076502219368529,75.82708882538462,73.72025085057693,0.0,0.0,0.0,0.896548362764297,-0.17374467173519315,1.4041985847011498,0.3339055502016597,-0.28438263619949106,-1.354675670698981,-0.17275592881478732,-1.2430489633142774,0.07620102697003461,-0.9940920075294555,-0.018255736463760955,-1.088548770963251,-0.06509540956687336,-1.1353884440663635,-0.0061679482,-1.0764609827454923,-0.21658010363652602,-1.2868731381360161,0.07386865371006245,-0.9964243807894276,-0.1111667701172836,-1.1814598046167737
E01026361,E01026361,South Kesteven 008D,South Kesteven,E01026361,1,2021,1.29907901830348,1.07029303449949,0.17374467173519315,75.82708882538462,73.72025085057693,0.0,0.0,0.0,1.07029303449949,-0.22878598380398985,1.2440377062346832,-0.0550413120687967,-0.28438263619949106,-1.583461654502971,-0.17275592881478732,-1.4718349471182672,0.07620102697003461,-1.2228779913334453,-0.018255736463760955,-1.317334754767241,-0.06509540956687336,-1.3641744278703534,-0.0061679482,-1.3052469665494821,-0.21658010363652602,-1.515659121940006,0.07386865371006245,-1.2252103645934176,-0.1111667701172836,-1.4102457884207635
E01026361,E01026361,South Kesteven 008D,South Kesteven,E01026361,1,2022,1.22936625125483,1.29907901830348,0.22878598380398985,75.82708882538462,73.72025085057693,0.0,0.0,0.0,1.29907901830348,0.06971276704864993,1.5278650021074698,0.29849875085263977,-0.28438263619949106,-1.513748887454321,-0.17275592881478732,-1.4021221800696173,0.07620102697003461,-1.1531652242847954,-0.018255736463760955,-1.247621987718591,-0.06509540956687336,-1.2944616608217034,-0.0061679482,-1.2355341995008322,-0.21658010363652602,-1.445946354891356,0.07386865371006245,-1.1554975975447677,-0.1111667701172836,-1.3405330213721136
E01026315,E01026315,South Kesteven 009A,South Kesteven,E01026315,1,2020,0.367823642450713,0.481827270231206,0.6736171972186029,47.91027482500001,69.90481464229278,0.0,0.0,0.0,0.481827270231206,0.114003627780493,1.1554444674498088,0.7876208249990958,-0.46376004034374974,-0.8315836827944627,-0.2513220010261855,-0.6191456434768985,-0.5644573103262828,-0.9322809527769957,-0.5024725911189755,-0.8702962335696884,-0.5885262533252715,-0.9563498957759845,-0.5975286,-0.9653522193016041,-0.5487623802168928,-0.9165860226676058,-0.5674736066819814,-0.9352972491326944,-0.5397108738019629,-0.9075345162526759
E01026315,E01026315,South Kesteven 009A,South Kesteven,E01026315,1,2021,0.578410173506651,0.367823642450713,-0.114003627780493,47.91027482500001,69.90481464229278,0.0,0.0,0.0,0.367823642450713,-0.21058653105593805,0.25382001467022,-0.32459015883643105,-0.46376004034374974,-1.0421702138504008,-0.2513220010261855,-0.8297321745328365,-0.5644573103262828,-1.1428674838329338,-0.5024725911189755,-1.0808827646256265,-0.5885262533252715,-1.1669364268319224,-0.5975286,-1.1759387503575423,-0.5487623802168928,-1.1271725537235437,-0.5674736066819814,-1.1458837801886324,-0.5397108738019629,-1.1181210473086138
E01026315,E01026315,South Kesteven 009A,South Kesteven,E01026315,1,2022,0.915525606176483,0.578410173506651,0.21058653105593805,47.91027482500001,69.90481464229278,0.0,0.0,0.0,0.578410173506651,-0.337115432669832,0.7889967045625891,-0.12652890161389396,-0.46376004034374974,-1.3792856465202328,-0.2513220010261855,-1.1668476072026686,-0.5644573103262828,-1.4799829165027658,-0.5024725911189755,-1.4179981972954585,-0.5885262533252715,-1.5040518595017547,-0.5975286,-1.513054183027374,-0.5487623802168928,-1.464287986393376,-0.5674736066819814,-1.4829992128584646,-0.5397108738019629,-1.455236479978446
E01026331,E01026331,South Kesteven 009B,South Kesteven,E01026331,1,2020,0.129095476370043,0.0581725456762345,0.4689086775302535,67.69948411834085,63.635183750127,0.0,0.0,0.0,0.0581725456762345,-0.0709229306938085,0.527081223206488,0.39798574683644494,-0.24293131888838665,-0.37202679525842963,-0.11434876781667122,-0.24344424418671423,-0.6625101990098795,-0.7916056753799225,-0.6760912894821225,-0.8051867658521655,-0.5738596009812752,-0.7029550773513182,-0.66660625,-0.7957017237951224,-0.34929194934308894,-0.478387425713132,-0.7343777006514489,-0.863473177021492,-0.6204116678126764,-0.7495071441827195
E01026331,E01026331,South Kesteven 009B,South Kesteven,E01026331,1,2021,0.766665394176062,0.129095476370043,0.0709229306938085,67.69948411834085,63.635183750127,0.0,0.0,0.0,0.129095476370043,-0.637569917806019,0.20001840706385152,-0.5666469871122105,-0.2424202666842516,-1.0090856608603136,-0.11401356157665135,-0.8806789557527134,-0.6690065559934545,-1.4356719501695165,-0.6760912894821225,-1.4427566836581844,-0.5738596009812752,-1.3405249951573373,-0.66660625,-1.4332716416011415,-0.34929194934308894,-1.115957343519151,-0.7343777006514489,-1.5010430948275109,-0.6204694566879443,-1.3871348508640065
E01026331,E01026331,South Kesteven 009B,South Kesteven,E01026331,1,2022,0.746388566601946,0.766665394176062,0.637569917806019,67.69948411834085,63.635183750127,0.0,0.0,0.0,0.766665394176062,0.020276827574116085,1.404235311982081,0.657846745380135,-0.2453162291743503,-0.9917047957762963,-0.11591306360343065,-0.8623016302053766,-0.6625101990098795,-1.4088987656118255,-0.6760912894821225,-1.4224798560840686,-0.5738596009812752,-1.3202481675832212,-0.66660625,-1.4129948140270252,-0.34929194934308894,-1.095680515945035,-0.7319018570983282,-1.4782904237002743,-0.6201419863947599,-1.3665305529967058
E01026338,E01026338,South Kesteven 009C,South Kesteven,E01026338,1,2020,-0.0299734084306256,-0.457159671020853,0.04600534628672903,66.53356388529318,75.42864048737349,0.0,0.0,0.0,-0.457159671020853,-0.42718626259022735,-0.41115432473412394,-0.3811809163034983,-0.32939600602301733,-0.2994225975923917,-0.3170152500089749,-0.2870418415783493,-0.7047159582938547,-0.6747425498632291,-0.7761049362258399,-0.7461315277952143,-0.7213044594347725,-0.6913310510041469,-0.83216274,-0.8021893294157489,-0.5064187884159543,-0.4764453799853287,-0.8273623056586298,-0.7973888972280042,-0.7618992260677317,-0.7319258176371062
E01026338,E01026338,South Kesteven 009C,South Kesteven,E01026338,1,2021,-0.156079717825329,-0.0299734084306256,0.42718626259022735,66.53356388529318,75.42864048737349,0.0,0.0,0.0,-0.0299734084306256,0.1261063093947034,0.3972128541596017,0.5532925719849308,-0.33016258432921997,-0.17408286650389096,-0.3175180593690047,-0.16143834154367567,-0.7047159582938547,-0.5486362404685257,-0.7761049362258399,-0.6200252184005108,-0.7213044594347725,-0.5652247416094435,-0.83216274,-0.6760830200210455,-0.5064187884159543,-0.3503390705906253,-0.8273623056586298,-0.6712825878333007,-0.76181254275483,-0.605732824929501
E01026338,E01026338,South Kesteven 009C,South Kesteven,E01026338,1,2022,0.196600147788226,-0.156079717825329,-0.1261063093947034,66.53356388529318,75.42864048737349,0.0,0.0,0.0,-0.156079717825329,-0.352679865613555,-0.2821860272200324,-0.4787861750082584,-0.32786284941061217,-0.5244629971988382,-0.31600963128891524,-0.5126097790771412,-0.7047159582938547,-0.9013161060820807,-0.7761049362258399,-0.9727050840140659,-0.7213044594347725,-0.9179046072229985,-0.83216274,-1.0287628856346005,-0.5064187884159543,-0.7030189362041803,-0.8273623056586298,-1.0239624534468557,-0.7620725926935352,-0.9586727404817612
E01026339,E01026339,South Kesteven 009D,South Kesteven,E01026339,1,2020,-0.16865741214447,-0.376701364242073,0.20686871173846,64.67567742381104,68.95826061091294,0.0,0.0,0.0,-0.376701364242073,-0.208043952097603,-0.169832652503613,-0.001175240359143015,-0.2675279923488335,-0.09887058020436351,-0.10588583556538084,0.06277157657908916,-0.7144605404398577,-0.5458031282953877,-0.9300579494410696,-0.7614005372965995,-0.7539035364344926,-0.5852461242900227,-0.7687268,-0.6000694135696414,-0.527369444801251,-0.35871203265678103,-0.8591420419735094,-0.6904846298290395,-0.8065947933139468,-0.6379373811694768
E01026339,E01026339,South Kesteven 009D,South Kesteven,E01026339,1,2021,0.172795251899109,-0.16865741214447,0.208043952097603,64.67567742381104,68.95826061091294,0.0,0.0,0.0,-0.16865741214447,-0.341452664043579,0.039386539953133015,-0.13340871194597598,-0.2703813671552543,-0.4431766190543633,-0.1077574037388252,-0.2805526556379342,-0.7133460149675069,-0.886141266866616,-0.9300579494410696,-1.1028532013401786,-0.7539035364344926,-0.9266987883336015,-0.7687268,-0.9415220776132203,-0.527369444801251,-0.7001646967003601,-0.8609432599118143,-1.0337385118109232,-0.8062721387603683,-0.9790673906594773
E01026339,E01026339,South Kesteven 009D,South Kesteven,E01026339,1,2022,0.273928504540107,0.172795251899109,0.341452664043579,64.67567742381104,68.95826061091294,0.0,0.0,0.0,0.172795251899109,-0.10113325264099798,0.514247915942688,0.24031941140258106,-0.2732773296453529,-0.5472058341854599,-0.10965690576560444,-0.3835854103057114,-0.7133460149675069,-0.9872745195076139,-0.9300579494410696,-1.2039864539811767,-0.7480609641101139,-1.021989468650221,-0.7687268,-1.0426553302542183,-0.527369444801251,-0.801297949341358,-0.8591653808010462,-1.1330938853411532,-0.805944668467184,-1.079873173007291
E01026299,E01026299,South Kesteven 010A,South Kesteven,E01026299,1,2020,1.08856126731461,0.82541988210316,-0.01854722307855905,75.27231568350642,72.11079832993892,0.0,0.0,0.0,0.82541988210316,-0.2631413852114499,0.8068726590246009,-0.28168860829000897,0.06563223106880535,-1.0229290362458046,0.045718631757685334,-1.0428426355569245,0.27015640101132793,-0.8184048663032819,0.3429288091893262,-0.7456324581252837,0.3636816057092489,-0.724879661605361,0.41042835,-0.6781329221112102,0.25417656906453046,-0.8343846982500794,0.48876941074631824,-0.5997918565682916,0.3196789103834139,-0.768882356931196
E01026299,E01026299,South Kesteven 010A,South Kesteven,E01026299,1,2021,0.685012445727755,1.08856126731461,0.2631413852114499,75.27231568350642,72.11079832993892,0.0,0.0,0.0,1.08856126731461,0.4035488215868549,1.3517026525260598,0.6666902067983048,0.06392872372168852,-0.6210837220060664,0.04460127762428575,-0.6404111681034692,0.2613024586993994,-0.4237099870283556,0.3427516795543824,-0.3422607661733726,0.3636816057092489,-0.3213308400185061,0.41332555,-0.2716868975557579,0.25417656906453046,-0.43083587666322454,0.4779007270952566,-0.2071117186324984,0.31987153996763995,-0.36514090576011504
E01026299,E01026299,South Kesteven 010A,South Kesteven,E01026299,1,2022,0.991212606744844,0.685012445727755,-0.4035488215868549,75.27231568350642,72.11079832993892,0.0,0.0,0.0,0.685012445727755,-0.306200161017089,0.2814636241409001,-0.7097489826039439,0.0789621760599949,-0.9122504306848491,0.05446192785153713,-0.9367506788933069,0.09880820484635201,-0.892404401898492,0.31945986868038156,-0.6717527380644625,-0.00992792314636897,-1.001140529891213,0.1847605,-0.8064521107245269,-0.018355845777223795,-1.0095684525220678,0.35691087089081164,-0.6343017358540324,-0.07212195722379745,-1.0633345639686416
E01026300,E01026300,South Kesteven 010B,South Kesteven,E01026300,1,2020,0.31681462322892,0.44654320132058,0.45178012751695223,71.08952113861788,68.48442029848917,0.0,0.0,0.0,0.44654320132058,0.12972857809166,0.8983233288375323,0.5815087056086123,-0.3349584472247583,-0.6517730704536784,-0.33594936659567143,-0.6527639898245914,-0.45584168211040066,-0.7726563053393207,-0.3558610147489568,-0.6726756379778769,-0.4529718313351917,-0.7697864545641118,-0.34525472,-0.6620693424862747,-0.4126842018550162,-0.7294988250839363,-0.5151434695515481,-0.8319580927804682,-0.39274235988653905,-0.7095569831154591
E01026300,E01026300,South Kesteven 010B,South Kesteven,E01026300,1,2021,0.351606635579086,0.31681462322892,-0.12972857809166,71.08952113861788,68.48442029848917,0.0,0.0,0.0,0.31681462322892,-0.03479201235016599,0.18708604513726002,-0.164520590441826,-0.33431963196958947,-0.6859262675486755,-0.33553035879564663,-0.6871369943747326,-0.3426950306190778,-0.6943016661981638,-0.3490445011023447,-0.7006511366814308,-0.09235148161929727,-0.4439581171983833,-0.1029288,-0.4545354379501111,-0.30608955654055575,-0.6576961921196418,-0.16592706782821576,-0.5175337034073018,-0.0672121330946447,-0.4188187686737307
E01026300,E01026300,South Kesteven 010B,South Kesteven,E01026300,1,2022,0.58811735220143,0.351606635579086,0.03479201235016599,71.08952113861788,68.48442029848917,0.0,0.0,0.0,0.351606635579086,-0.23651071662234402,0.386398647929252,-0.20171870427217803,-0.3349584472247583,-0.9230757994261883,-0.33594936659567143,-0.9240667187971014,-0.45584168211040066,-1.0439590343118308,-0.3558610147489568,-0.9439783669503868,-0.4529718313351917,-1.0410891835366218,-0.34525472,-0.9333720714587848,-0.4126842018550162,-1.000801554056446,-0.5151434695515481,-1.1032608217529782,-0.39274235988653905,-0.9808597120879691
E01026301,E01034703,South Kesteven 010E,South Kesteven,E01026301,1,2020,0.47367092945184,0.50890425127357,0.12033396319057799,72.58741832464622,69.68623067931014,0.0,0.0,0.0,0.50890425127357,0.03523332182173,0.629238214464148,0.155567285012308,0.10373224688650702,-0.36993868256533297,-0.2640165517466099,-0.7376874811984498,0.25768897426768567,-0.2159819551841543,0.18900689794231904,-0.2846640315095209,0.30209944255662763,-0.17157148689521234,0.301842,-0.17182892539109473,0.16597261991711487,-0.3076983095347251,0.38284178263022456,-0.09082914682161541,0.3755115094129585,-0.09815942003888145
E01026301,E01034703,South Kesteven 010E,South Kesteven,E01026301,1,2021,0.727097605522645,0.47367092945184,-0.03523332182173,72.58741832464622,69.68623067931014,0.0,0.0,0.0,0.47367092945184,-0.25342667607080505,0.43843760763010997,-0.28865999789253505,0.10373224688650702,-0.623365358636138,-0.2640165517466099,-0.9911141572692549,0.25768897426768567,-0.46940863125495935,0.18900689794231904,-0.538090707580326,0.30209944255662763,-0.4249981629660174,0.301842,-0.4252556014618998,0.16597261991711487,-0.5611249856055301,0.38284178263022456,-0.34425582289242046,0.3755115094129585,-0.3515860961096865
E01026301,E01034703,South Kesteven 010E,South Kesteven,E01026301,1,2022,0.51614364481282,0.727097605522645,0.25342667607080505,72.58741832464622,69.68623067931014,0.0,0.0,0.0,0.727097605522645,0.21095396070982497,0.9805242815934501,0.46438063678063,0.10373224688650702,-0.41241139792631304,-0.2640165517466099,-0.7801601965594299,0.25768897426768567,-0.2584546705451344,0.18900689794231904,-0.327136746870501,0.30209944255662763,-0.21404420225619242,0.301842,-0.2143016407520748,0.16597261991711487,-0.3501710248957052,0.38284178263022456,-0.1333018621825955,0.3755115094129585,-0.14063213539986152
E01026301,E01034704,South Kesteven 010F,South Kesteven,E01026301,1,2020,0.47367092945184,0.50890425127357,0.12033396319057799,72.58741832464622,69.68623067931014,0.0,0.0,0.0,0.50890425127357,0.03523332182173,0.629238214464148,0.155567285012308,0.10373224688650702,-0.36993868256533297,-0.2640165517466099,-0.7376874811984498,0.25768897426768567,-0.2159819551841543,0.18900689794231904,-0.2846640315095209,0.30209944255662763,-0.17157148689521234,0.301842,-0.17182892539109473,0.16597261991711487,-0.3076983095347251,0.38284178263022456,-0.09082914682161541,0.3755115094129585,-0.09815942003888145
E01026301,E01034704,South Kesteven 010F,South Kesteven,E01026301,1,2021,0.727097605522645,0.47367092945184,-0.03523332182173,72.58741832464622,69.68623067931014,0.0,0.0,0.0,0.47367092945184,-0.25342667607080505,0.43843760763010997,-0.28865999789253505,0.10373224688650702,-0.623365358636138,-0.2640165517466099,-0.9911141572692549,0.25768897426768567,-0.46940863125495935,0.18900689794231904,-0.538090707580326,0.30209944255662763,-0.4249981629660174,0.301842,-0.4252556014618998,0.16597261991711487,-0.5611249856055301,0.38284178263022456,-0.34425582289242046,0.3755115094129585,-0.3515860961096865
E01026301,E01034704,South Kesteven 010F,South Kesteven,E01026301,1,2022,0.51614364481282,0.727097605522645,0.25342667607080505,72.58741832464622,69.68623067931014,0.0,0.0,0.0,0.727097605522645,0.21095396070982497,0.9805242815934501,0.46438063678063,0.10373224688650702,-0.41241139792631304,-0.2640165517466099,-0.7801601965594299,0.25768897426768567,-0.2584546705451344,0.18900689794231904,-0.327136746870501,0.30209944255662763,-0.21404420225619242,0.301842,-0.2143016407520748,0.16597261991711487,-0.3501710248957052,0.38284178263022456,-0.1333018621825955,0.3755115094129585,-0.14063213539986152
E01026283,E01026283,South Holland 004C,South Holland,E01026283,1,2020,0.54784482257158,0.419486130154469,0.3775699681002824,77.07467120524349,77.7892043571008,0.0,0.0,0.0,0.419486130154469,-0.12835869241711095,0.7970560982547514,0.24921127568317147,0.13226821307005732,-0.41557660950152264,-0.046800963923015915,-0.5946457864945959,-0.26867793066797463,-0.8165227532395546,-0.3020605433543323,-0.8499053659259123,-0.3272978811940365,-0.8751427037656165,-0.32337427,-0.8712190939644022,-0.2398322748600627,-0.7876770974316427,-0.33538542655650394,-0.8832302491280839,-0.37007026987679337,-0.9179150924483733
E01026283,E01026283,South Holland 004C,South Holland,E01026283,1,2021,0.511933612806962,0.54784482257158,0.12835869241711095,77.07467120524349,77.7892043571008,0.0,0.0,0.0,0.54784482257158,0.035911209764617924,0.6762035149886909,0.16426990218172888,0.13005365351880532,-0.3818799592881567,-0.048253524296435424,-0.5601871371033975,-0.26867793066797463,-0.7806115434749367,-0.3020605433543323,-0.8139941561612943,-0.3272978811940365,-0.8392314940009986,-0.32337427,-0.8353078841997843,-0.2398322748600627,-0.7517658876670248,-0.33644804052345023,-0.8483816533304123,-0.36981985141729945,-0.8817534642242615
E01026283,E01026283,South Holland 004C,South Holland,E01026283,1,2022,0.656887445542133,0.511933612806962,-0.035911209764617924,77.07467120524349,77.7892043571008,0.0,0.0,0.0,0.511933612806962,-0.14495383273517093,0.4760224030423441,-0.18086504249978885,0.12852049690640022,-0.5283669486357327,-0.04925914301649498,-0.706146588558628,-0.26867793066797463,-0.9255653762101076,-0.30548728814817355,-0.9623747336903066,-0.3272978811940365,-0.9841853267361695,-0.32337427,-0.9802617169349552,-0.2398322748600627,-0.8967197204021957,-0.33644804052345023,-0.9933354860655832,-0.3696464847914961,-1.026533930333629
E01026285,E01026285,South Holland 004D,South Holland,E01026285,1,2020,-0.0712157092011665,-0.0226087451027448,0.4095964399348692,77.94706765590702,77.92683783112331,0.0,0.0,0.0,-0.0226087451027448,0.048606964098421704,0.3869876948321244,0.4582034040332909,-0.012997436200876442,0.05821827300029006,-0.047804256484950014,0.023411452716216488,-0.29309019924751745,-0.22187449004635096,-0.2770322325184606,-0.2058165233172941,-0.22018473505942862,-0.1489690258582621,-0.2966737,-0.22545797611110463,-0.18696144518885566,-0.11574573598768916,-0.30778089213389975,-0.23656518293273326,-0.2168139648318332,-0.1455982556306667
E01026285,E01026285,South Holland 004D,South Holland,E01026285,1,2021,0.577297438852519,-0.0712157092011665,-0.048606964098421704,77.94706765590702,77.92683783112331,0.0,0.0,0.0,-0.0712157092011665,-0.6485131480536855,-0.1198226732995882,-0.6971201121521072,-0.01568046027258556,-0.5929778991251046,-0.049564089245054344,-0.6268615280975733,-0.29309019924751745,-0.8703876381000365,-0.27253851542303853,-0.8498359542755576,-0.22018473505942862,-0.7974821739119476,-0.2966737,-0.8739711241647902,-0.18696144518885566,-0.7642588840413747,-0.30778089213389975,-0.8850783309864187,-0.2165105732366772,-0.7938080120891963
E01026285,E01026285,South Holland 004D,South Holland,E01026285,1,2022,0.895597756197213,0.577297438852519,0.6485131480536855,77.94706765590702,77.92683783112331,0.0,0.0,0.0,0.577297438852519,-0.318300317344694,1.2258105869062046,0.33021283070899154,-0.019002299599463354,-0.9146000557966764,-0.051742929805183524,-0.9473406860023965,-0.2949971688312992,-1.1905949250285122,-0.27253851542303853,-1.1681362716202517,-0.22018473505942862,-1.1157824912566416,-0.2966737,-1.1922714415094842,-0.18696144518885566,-1.0825592013860688,-0.30569061024715516,-1.201288366444368,-0.21613494554743642,-1.1117327017446494
E01026286,E01026286,South Holland 004E,South Holland,E01026286,1,2020,0.365334983408798,0.198463782853823,0.705397166698186,78.34749632124259,78.6186918928159,0.0,0.0,0.0,0.198463782853823,-0.166871200554975,0.9038609495520089,0.5385259661432109,-0.12872031110560334,-0.49405529451440133,-0.10544366423261362,-0.47077864764141164,-0.4684069415320443,-0.8337419249408423,-0.450788756887557,-0.816123740296355,-0.48249800523088676,-0.8478329886396847,-0.5087401,-0.8740751104954374,-0.3155818027397825,-0.6809167861485805,-0.46500613587884365,-0.8303411192876416,-0.4586112227580206,-0.8239462061668186
E01026286,E01026286,South Holland 004E,South Holland,E01026286,1,2021,0.883554575615405,0.365334983408798,0.166871200554975,78.34749632124259,78.6186918928159,0.0,0.0,0.0,0.365334983408798,-0.518219592206607,0.5322061839637731,-0.3513483916516319,-0.12343943832954109,-1.006994013944946,-0.10197986641907489,-0.9855344420344798,-0.47142300820337596,-1.354977583818781,-0.4515815585962751,-1.33513613421168,-0.48249800523088676,-1.3660525808462918,-0.5087401,-1.3922947027020443,-0.3155818027397825,-1.1991363783551874,-0.4857673118165735,-1.3693218874319784,-0.4592083744691212,-1.3427629500845262
E01026286,E01026286,South Holland 004E,South Holland,E01026286,1,2022,1.03655196336826,0.883554575615405,0.518219592206607,78.34749632124259,78.6186918928159,0.0,0.0,0.0,0.883554575615405,-0.1529973877528551,1.401774167822012,0.36522220445375186,-0.12237474623759305,-1.158926709605853,-0.10128152008570016,-1.1378334834539603,-0.47142300820337596,-1.507974971571636,-0.4515815585962751,-1.488133521964535,-0.48249800523088676,-1.5190499685991468,-0.5087401,-1.5452920904548995,-0.3155818027397825,-1.3521337661080426,-0.48687632673992803,-1.5234282901081881,-0.4593287679592625,-1.4958807313275226
E01026241,E01026241,South Holland 005A,South Holland,E01026241,1,2020,-0.0133732634154638,-0.165597259310191,-0.07278584263958021,66.14820789449455,77.55440375694826,0.0,0.0,0.0,-0.165597259310191,-0.1522239958947272,-0.23838310194977122,-0.22500983853430742,-0.36319610979758643,-0.34982284638212263,-0.33898213288718737,-0.32560886947172357,-0.3604895346620221,-0.3471162712465583,-0.3487877711265524,-0.3354145077110886,-0.4089886268773793,-0.3956153634619155,-0.33707544,-0.32370217866026557,-0.28843089485232937,-0.27505763143686557,-0.3698618097050341,-0.3564885462895703,-0.349890225529114,-0.3365169621136502
E01026241,E01026241,South Holland 005A,South Holland,E01026241,1,2021,0.125946997089488,-0.0133732634154638,0.1522239958947272,66.14820789449455,77.55440375694826,0.0,0.0,0.0,-0.0133732634154638,-0.1393202605049518,0.1388507324792634,0.012903735389775406,-0.36323869748126447,-0.48918569457075245,-0.3390100667405225,-0.46495706383001045,-0.3604895346620221,-0.48643653175151014,-0.3487877711265524,-0.47473476821604044,-0.4089886268773793,-0.5349356239668673,-0.33707544,-0.46302243916521735,-0.28843089485232937,-0.4143778919418174,-0.3698618097050341,-0.4958088067945221,-0.34988540978950833,-0.4758324068789963
E01026241,E01026241,South Holland 005A,South Holland,E01026241,1,2022,0.303928252298932,0.125946997089488,0.1393202605049518,66.14820789449455,77.55440375694826,0.0,0.0,0.0,0.125946997089488,-0.177981255209444,0.2652672575944398,-0.03866099470449219,-0.36426080188953447,-0.6681890541884665,-0.3396804792205622,-0.6436087315194943,-0.3604895346620221,-0.6644177869609541,-0.3487877711265524,-0.6527160234254844,-0.4089886268773793,-0.7129168791763113,-0.33707544,-0.6410036943746613,-0.28843089485232937,-0.5923591471512614,-0.3698618097050341,-0.6737900620039661,-0.3497698320389727,-0.6536980843379048
E01026258,E01026258,South Holland 005B,South Holland,E01026258,1,2020,0.216818249089827,0.457501776318246,0.641206012725118,70.23060680926504,77.69706202020879,0.0,0.0,0.0,0.457501776318246,0.24068352722841901,1.098707789043364,0.8818895399535371,-0.2656083441356329,-0.4824265932254599,-0.29010004331283135,-0.5069182924026583,-0.20027405350720334,-0.41709230259703034,-0.31047991194737995,-0.527298161037207,-0.23407217598395116,-0.4508904250737782,-0.24791752,-0.4647357671095032,-0.2467975961365489,-0.4636158452263759,-0.12037931014460505,-0.33719755923443206,-0.18800555639335556,-0.40482380548318253
E01026258,E01026258,South Holland 005B,South Holland,E01026258,1,2021,0.419349298265635,0.216818249089827,-0.24068352722841901,70.23060680926504,77.69706202020879,0.0,0.0,0.0,0.216818249089827,-0.202531049175808,-0.023865278138592017,-0.443214576404227,-0.2656083441356329,-0.6849576424012679,-0.29010004331283135,-0.7094493415784664,-0.20027405350720334,-0.6196233517728383,-0.31047991194737995,-0.729829210213015,-0.23407217598395116,-0.6534214742495862,-0.24791752,-0.6672668162853113,-0.2467975961365489,-0.6661468944021839,-0.12037931014460505,-0.5397286084102401,-0.18800555639335556,-0.6073548546589905
E01026258,E01026258,South Holland 005B,South Holland,E01026258,1,2022,0.877592767725383,0.419349298265635,0.202531049175808,70.23060680926504,77.69706202020879,0.0,0.0,0.0,0.419349298265635,-0.458243469459748,0.6218803474414429,-0.25571242028394003,-0.2656083441356329,-1.143201111861016,-0.29010004331283135,-1.1676928110382143,-0.20027405350720334,-1.0778668212325864,-0.31047991194737995,-1.188072679672763,-0.23407217598395116,-1.1116649437093342,-0.24791752,-1.1255102857450592,-0.2467975961365489,-1.124390363861932,-0.12037931014460505,-0.997972077869988,-0.18800555639335556,-1.0655983241187386
E01026259,E01026259,South Holland 005C,South Holland,E01026259,1,2020,0.525958114463435,0.356503221858323,0.2835712250437997,69.07098136266855,77.99714200072519,0.0,0.0,0.0,0.356503221858323,-0.16945489260511198,0.6400744469021227,0.11411633243868768,-0.0400427670940169,-0.5660008815574519,-0.06664468373307472,-0.5926027981965097,-0.135536934533976,-0.661495048997411,-0.14355977352770558,-0.6695178879911405,-0.1200269274424728,-0.6459850419059078,-0.1040551,-0.6300132136527165,-0.13786323440432163,-0.6638213488677567,-0.08591211436863187,-0.6118702288320669,-0.1152586228226824,-0.6412167372861174
E01026259,E01026259,South Holland 005C,South Holland,E01026259,1,2021,0.6106291160981,0.525958114463435,0.16945489260511198,69.07098136266855,77.99714200072519,0.0,0.0,0.0,0.525958114463435,-0.08467100163466501,0.6954130070685469,0.08478389097044692,-0.03876513658367932,-0.6493942526817793,-0.06580666813302505,-0.676435784231125,-0.1443813933960517,-0.7550105094941517,-0.14504280100809436,-0.7556719171061943,-0.1200269274424728,-0.7306560435405728,-0.1040551,-0.7146842152873815,-0.13786323440432163,-0.7484923505024217,-0.049920306570542194,-0.6605494226686421,-0.11540309501085191,-0.7260322111089519
E01026259,E01026259,South Holland 005C,South Holland,E01026259,1,2022,0.568184647335114,0.6106291160981,0.08467100163466501,69.07098136266855,77.99714200072519,0.0,0.0,0.0,0.6106291160981,0.04244446876298602,0.695300117732765,0.12711547039765103,-0.03876513658367932,-0.6069497839187933,-0.06580666813302505,-0.633991315468139,-0.1443813933960517,-0.7125660407311657,-0.14504280100809436,-0.7132274483432084,-0.1200269274424728,-0.6882115747775868,-0.1040551,-0.6722397465243954,-0.13786323440432163,-0.7060478817394356,-0.049920306570542194,-0.6181049539056562,-0.11540309501085191,-0.6835877423459659
E01026260,E01026260,South Holland 005D,South Holland,E01026260,1,2020,0.704355585625548,1.10483488661503,0.8179778750793139,70.09167412021793,78.54652211404994,0.0,0.0,0.0,1.10483488661503,0.4004793009894819,1.9228127616943438,1.2184571760687959,0.017865632922745733,-0.6864899527028023,0.08814318515302041,-0.6162124004725276,0.17076378259766686,-0.5335918030278811,0.09938944076239395,-0.604966144863154,0.20798997368891248,-0.49636561193663553,0.18273294,-0.5216226459053942,0.09576567272809307,-0.6085899128974549,0.16103847046436726,-0.5433171151611808,0.19390053701173707,-0.510455048613811
E01026260,E01026260,South Holland 005D,South Holland,E01026260,1,2021,1.23025025010035,0.704355585625548,-0.4004793009894819,70.09167412021793,78.54652211404994,0.0,0.0,0.0,0.704355585625548,-0.525894664474802,0.3038762846360661,-0.926373965464284,0.016460239361374307,-1.2137900107389759,0.08722136799296576,-1.1430288821073842,0.14044633848437577,-1.0898039116159743,0.07963401337882885,-1.1506162367215211,0.1715243055218051,-1.058725944578545,0.1620718,-1.068178455828881,0.05130367091379997,-1.17894657918655,0.17459023926340608,-1.055660010836944,0.17268215163007924,-1.057568098470271
E01026260,E01026260,South Holland 005D,South Holland,E01026260,1,2022,1.1640966628394,1.23025025010035,0.525894664474802,70.09167412021793,78.54652211404994,0.0,0.0,0.0,1.23025025010035,0.06615358726095,1.756144914575152,0.5920482517357519,0.01692870388183143,-1.1471679589575685,0.08752864037965065,-1.0765680224597494,0.1638217922127014,-1.0002748706266986,0.07963401337882885,-1.0844626494605711,0.1715243055218051,-0.992572357317595,0.1620718,-1.002024868567931,0.05351548552334864,-1.1105811773160514,0.15806270452752635,-1.0060339583118738,0.18823078671102259,-0.9758658761283775
E01026266,E01026266,South Holland 006B,South Holland,E01026266,1,2020,0.0072814049669228,0.0169144439495055,0.32251168889814646,66.37071455595513,70.22269636877729,0.0,0.0,0.0,0.0169144439495055,0.0096330389825827,0.33942613284765194,0.33214472788072913,-0.13310420116276245,-0.14038560612968526,0.032343156756073146,0.025061751789150346,-0.23467381731304604,-0.24195522227996885,-0.27756931761380155,-0.28485072258072436,-0.28558700645672075,-0.29286841142364356,-0.23489355,-0.24217495047530752,-0.12520115287496505,-0.13248255784188787,-0.17404446504015575,-0.18132587000707856,-0.3620319529307837,-0.36931335789770653
E01026266,E01026266,South Holland 006B,South Holland,E01026266,1,2021,0.650612161541381,0.0072814049669228,-0.0096330389825827,66.37071455595513,70.22269636877729,0.0,0.0,0.0,0.0072814049669228,-0.6433307565744583,-0.0023516340156598996,-0.6529637955570409,-0.1310174046625443,-0.7816295662039253,0.03371191556948762,-0.6169002459718934,-0.23341006969385697,-0.8840222312352379,-0.27756931761380155,-0.9281814791551826,-0.28558700645672075,-0.9361991679981018,-0.23489355,-0.8855057070497657,-0.12520115287496505,-0.775813314416346,-0.17108986544560018,-0.8217020269869812,-0.3622679241714606,-1.0128800857128417
E01026266,E01026266,South Holland 006B,South Holland,E01026266,1,2022,0.532554780307028,0.650612161541381,0.6433307565744583,66.37071455595513,70.22269636877729,0.0,0.0,0.0,0.650612161541381,0.11805738123435305,1.2939429181158393,0.7613881378088113,-0.12577911957015997,-0.6583338998771879,0.03714777952969135,-0.4954070007773366,-0.23341006969385697,-0.7659648500008849,-0.27688669400310895,-0.8094414743101369,-0.28558700645672075,-0.8181417867637487,-0.23489355,-0.7674483258154127,-0.12520115287496505,-0.657755933181993,-0.15365197019941246,-0.6862067505064404,-0.3628602601429557,-0.8954150404499837
E01026273,E01026273,South Holland 006C,South Holland,E01026273,1,2020,0.249700015084396,0.385557420096365,0.3429182071235868,73.46459929219064,76.16732060759874,0.0,0.0,0.0,0.385557420096365,0.13585740501196902,0.7284756272199517,0.47877561213555575,-0.3809073077068536,-0.6306073227912496,-0.29563722724080477,-0.5453372423252008,-0.13750121399504991,-0.3872012290794459,-0.2657325353945964,-0.5154325504789924,-0.19851779698320163,-0.4482178120675976,-0.18247348,-0.4321734957858425,-0.24000095179769532,-0.4897009668820913,-0.13786632418362124,-0.3875663392680172,-0.11552215086024167,-0.36522216594463763
E01026273,E01026273,South Holland 006C,South Holland,E01026273,1,2021,0.317900257315025,0.249700015084396,-0.13585740501196902,73.46459929219064,76.16732060759874,0.0,0.0,0.0,0.249700015084396,-0.06820024223062904,0.11384261007242696,-0.20405764724259806,-0.3756690226144693,-0.6935692799294944,-0.2922013632806011,-0.6101016205956261,-0.18297076908560408,-0.5008710264006291,-0.2920522894935337,-0.6099525468085587,-0.22146624332616985,-0.5393665006411948,-0.20868371,-0.5265839715856168,-0.23681331134379385,-0.5547135686588189,-0.18502883328359018,-0.5029290905986152,-0.15119457431184727,-0.46909483162687227
E01026273,E01026273,South Holland 006C,South Holland,E01026273,1,2022,0.387771532184633,0.317900257315025,0.06820024223062904,73.46459929219064,76.16732060759874,0.0,0.0,0.0,0.317900257315025,-0.06987127486960798,0.38610049954565406,-0.001671032638978942,-0.3756690226144693,-0.7634405547991023,-0.2922013632806011,-0.6799728954652341,-0.18297076908560408,-0.5707423012702371,-0.2920522894935337,-0.6798238216781667,-0.22146624332616985,-0.6092377755108028,-0.20868371,-0.5964552464552247,-0.23681331134379385,-0.6245848435284269,-0.18502883328359018,-0.5728003654682232,-0.15119457431184727,-0.5389661064964802
E01026274,E01034697,South Holland 006H,South Holland,E01026274,1,2020,-0.203367085571857,-0.295121385668568,0.15266206978963703,74.67594224266198,77.26140540925154,0.0,0.0,0.0,-0.295121385668568,-0.09175430009671098,-0.14245931587893096,0.06090776969292605,-0.8531087646833322,-0.6497416791114752,-0.5404158688358274,-0.33704878326397036,-0.6015121343634576,-0.3981450487916006,-0.5650360580781892,-0.36166897250633223,-0.5195630413276495,-0.3161959557557925,-0.53185004,-0.32848295438709685,-0.37796877304822707,-0.17460168747637006,-0.5241452394634053,-0.3207781538915483,-0.5294062111260063,-0.32603912555414927
E01026274,E01034697,South Holland 006H,South Holland,E01026274,1,2021,-0.0676685000683946,-0.203367085571857,0.09175430009671098,74.67594224266198,77.26140540925154,0.0,0.0,0.0,-0.203367085571857,-0.13569858550346242,-0.11161278547514603,-0.043944285406751424,-0.8531087646833322,-0.7854402646149375,-0.5404158688358274,-0.4727473687674328,-0.6015121343634576,-0.533843634295063,-0.5650360580781892,-0.49736755800979465,-0.5195630413276495,-0.45189454125925493,-0.53185004,-0.46418153989055927,-0.37796877304822707,-0.3103002729798325,-0.5241452394634053,-0.4564767393950107,-0.5294062111260063,-0.4617377110576117
E01026274,E01034697,South Holland 006H,South Holland,E01026274,1,2022,0.111224212894394,-0.0676685000683946,0.13569858550346242,74.67594224266198,77.26140540925154,0.0,0.0,0.0,-0.0676685000683946,-0.1788927129627886,0.06803008543506782,-0.04319412745932619,-0.8531087646833322,-0.9643329775777262,-0.5404158688358274,-0.6516400817302214,-0.6015121343634576,-0.7127363472578516,-0.5650360580781892,-0.6762602709725832,-0.5195630413276495,-0.6307872542220435,-0.53185004,-0.6430742528533478,-0.37796877304822707,-0.48919298594262106,-0.5241452394634053,-0.6353694523577993,-0.5294062111260063,-0.6406304240204003
E01026274,E01034698,South Holland 006I,South Holland,E01026274,1,2020,-0.203367085571857,-0.295121385668568,0.15266206978963703,74.67594224266198,77.26140540925154,0.0,0.0,0.0,-0.295121385668568,-0.09175430009671098,-0.14245931587893096,0.06090776969292605,-0.8531087646833322,-0.6497416791114752,-0.5404158688358274,-0.33704878326397036,-0.6015121343634576,-0.3981450487916006,-0.5650360580781892,-0.36166897250633223,-0.5195630413276495,-0.3161959557557925,-0.53185004,-0.32848295438709685,-0.37796877304822707,-0.17460168747637006,-0.5241452394634053,-0.3207781538915483,-0.5294062111260063,-0.32603912555414927
E01026274,E01034698,South Holland 006I,South Holland,E01026274,1,2021,-0.0676685000683946,-0.203367085571857,0.09175430009671098,74.67594224266198,77.26140540925154,0.0,0.0,0.0,-0.203367085571857,-0.13569858550346242,-0.11161278547514603,-0.043944285406751424,-0.8531087646833322,-0.7854402646149375,-0.5404158688358274,-0.4727473687674328,-0.6015121343634576,-0.533843634295063,-0.5650360580781892,-0.49736755800979465,-0.5195630413276495,-0.45189454125925493,-0.53185004,-0.46418153989055927,-0.37796877304822707,-0.3103002729798325,-0.5241452394634053,-0.4564767393950107,-0.5294062111260063,-0.4617377110576117
E01026274,E01034698,South Holland 006I,South Holland,E01026274,1,2022,0.111224212894394,-0.0676685000683946,0.13569858550346242,74.67594224266198,77.26140540925154,0.0,0.0,0.0,-0.0676685000683946,-0.1788927129627886,0.06803008543506782,-0.04319412745932619,-0.8531087646833322,-0.9643329775777262,-0.5404158688358274,-0.6516400817302214,-0.6015121343634576,-0.7127363472578516,-0.5650360580781892,-0.6762602709725832,-0.5195630413276495,-0.6307872542220435,-0.53185004,-0.6430742528533478,-0.37796877304822707,-0.48919298594262106,-0.5241452394634053,-0.6353694523577993,-0.5294062111260063,-0.6406304240204003
E01026275,E01026275,South Holland 006E,South Holland,E01026275,1,2020,0.173009509287269,-0.0565352750908397,0.19456270578707033,70.67532742856419,73.82963428439433,0.0,0.0,0.0,-0.0565352750908397,-0.22954478437810868,0.13802743069623064,-0.03498207859103836,-0.3913351203423133,-0.5643446296295823,-0.18076159276191925,-0.35377110204918827,-0.3126704985872725,-0.4856800078745415,-0.3268318466111728,-0.4998413558984418,-0.2793180416644162,-0.4523275509516852,-0.28723368,-0.46024318977394807,-0.26354716702050685,-0.43655667630777584,-0.2213536315077696,-0.3943631407950386,-0.2529547308425042,-0.4259642401297732
E01026275,E01026275,South Holland 006E,South Holland,E01026275,1,2021,0.399949562266086,0.173009509287269,0.22954478437810868,70.67532742856419,73.82963428439433,0.0,0.0,0.0,0.173009509287269,-0.22694005297881703,0.40255429366537765,0.0026047313992916266,-0.3913351203423133,-0.7912846826083993,-0.18076159276191925,-0.5807111550280053,-0.3126704985872725,-0.7126200608533586,-0.3268318466111728,-0.7267814088772588,-0.2793180416644162,-0.6792676039305022,-0.28723368,-0.6871832427527651,-0.26354716702050685,-0.6634967292865929,-0.2213536315077696,-0.6213031937738556,-0.2529547308425042,-0.6529042931085902
E01026275,E01026275,South Holland 006E,South Holland,E01026275,1,2022,0.415308792997173,0.399949562266086,0.22694005297881703,70.67532742856419,73.82963428439433,0.0,0.0,0.0,0.399949562266086,-0.01535923073108697,0.626889615244903,0.21158082224773006,-0.3898019637299083,-0.8051107567270812,-0.17975597404185958,-0.5950647670390325,-0.31194923257032214,-0.7272580255674952,-0.3270186605936395,-0.7423274535908124,-0.2838494267787693,-0.6991582197759423,-0.2829419,-0.6982507006414449,-0.26354716702050685,-0.6788559600176798,-0.3070610572986969,-0.72236985029587,-0.25312809746830767,-0.6684368904654807
E01032995,E01032995,South Holland 006F,South Holland,E01032995,1,2020,0.456021340553304,0.560498861038794,0.711634364306226,70.58726870258064,73.71213550870968,0.0,0.0,0.0,0.560498861038794,0.10447752048548997,1.27213322534502,0.8161118847917159,0.2431032941876941,-0.2129180463656099,0.3122733632029395,-0.1437479773503645,-0.1298615034620135,-0.5858828440153175,-0.11499107390923086,-0.5710124144625348,-0.12083955182489321,-0.5768608923781973,-0.119873,-0.5758943427248204,0.036099396358488335,-0.41992194419481566,-0.07227509002981605,-0.52829643058312,-0.20436229447296425,-0.6603836350262683
E01032995,E01032995,South Holland 006F,South Holland,E01032995,1,2021,0.463117126419296,0.456021340553304,-0.10447752048548997,70.58726870258064,73.71213550870968,0.0,0.0,0.0,0.456021340553304,-0.007095785865991966,0.35154382006781404,-0.11157330635148194,0.25047096346397457,-0.2126461629553214,0.3171059198298927,-0.14601120658940325,-0.10628418438819735,-0.5694013108074933,-0.11150178313047795,-0.5746189095497739,-0.12083955182489321,-0.5839566782441892,-0.07138276,-0.5344998874208828,0.036099396358488335,-0.4270177300608076,-0.07772963489650932,-0.5408467613158053,-0.20519541742474187,-0.6683125438440378
E01032995,E01032995,South Holland 006F,South Holland,E01032995,1,2022,0.485407255060845,0.463117126419296,0.007095785865991966,70.58726870258064,73.71213550870968,0.0,0.0,0.0,0.463117126419296,-0.022290128641549,0.47021291228528794,-0.015194342775557035,0.2493636836883486,-0.23604357137249637,0.316379639643183,-0.16902761541766198,-0.10628418438819735,-0.5916914394490423,-0.11499107390923086,-0.6003983289700758,-0.12083955182489321,-0.6062468068857382,-0.07138276,-0.556790016062432,0.036099396358488335,-0.4493078587023566,-0.07772963489650932,-0.5631368899573543,-0.20507020819499497,-0.6904774632558399
E01032996,E01032996,South Holland 006G,South Holland,E01032996,1,2020,0.0589888395983663,0.254319630771653,0.2847531361322548,77.8807994327728,79.92858192830484,0.0,0.0,0.0,0.254319630771653,0.19533079117328667,0.5390727669039077,0.4800839273055414,-0.48676689802458195,-0.5457557376229483,-0.35652075376479786,-0.4155095933631642,-0.209501421415545,-0.2684902610139113,-0.3062843154636468,-0.36527315506201313,-0.29208732554865136,-0.35107616514701767,-0.27293527,-0.3319241108614889,-0.2883585839336793,-0.3473474235320456,-0.2809317958709048,-0.3399206354692711,-0.23372143526670083,-0.2927102748650671
E01032996,E01032996,South Holland 006G,South Holland,E01032996,1,2021,0.157481760839517,0.0589888395983663,-0.19533079117328667,77.8807994327728,79.92858192830484,0.0,0.0,0.0,0.0589888395983663,-0.09849292124115071,-0.13634195157492035,-0.2938237124144374,-0.4787604134931327,-0.6362421743326497,-0.3512691893378198,-0.5087509501773368,-0.30495382912245195,-0.462435589961969,-0.33925787165742355,-0.49673963249694053,-0.3415697850855473,-0.4990515459250643,-0.32971746,-0.48719921813398115,-0.3138739880197706,-0.47135574885928766,-0.3230189372922135,-0.48050069813173046,-0.3070653181605748,-0.46454707900009184
E01032996,E01032996,South Holland 006G,South Holland,E01032996,1,2022,0.337290476549588,0.157481760839517,0.09849292124115071,77.8807994327728,79.92858192830484,0.0,0.0,0.0,0.157481760839517,-0.17980871571007098,0.2559746820806677,-0.08131579446892029,-0.480208394738182,-0.81749887128777,-0.3522189403512095,-0.6895094169007975,-0.3003284855571058,-0.6376189621066938,-0.3376150413146996,-0.6749055178642875,-0.3415697850855473,-0.6788602616351354,-0.3264511,-0.6637415695080383,-0.29765372742680185,-0.6349442039763898,-0.33680362996573776,-0.6740941065153258,-0.3069015830139826,-0.6441920595635706
E01026268,E01026268,South Holland 007A,South Holland,E01026268,1,2020,0.315084461531874,0.237099056864861,0.32824857794148576,67.60160968127416,71.17896796171792,0.0,0.0,0.0,0.237099056864861,-0.07798540466701304,0.5653476348063468,0.25026317327447273,0.059015999249084114,-0.2560684622827899,0.16453938764221698,-0.15054507388965704,-0.03421462919113397,-0.349299090723008,0.02348548151832322,-0.2915989800135508,0.22116019209157753,-0.0939242694402965,0.15231328,-0.16277118440651545,0.00923270099074898,-0.30585176054112506,0.04770958543912551,-0.2673748760927485,0.1380657239210036,-0.17701873761087042
E01026268,E01026268,South Holland 007A,South Holland,E01026268,1,2021,0.477449572985115,0.315084461531874,0.07798540466701304,67.60160968127416,71.17896796171792,0.0,0.0,0.0,0.315084461531874,-0.16236511145324095,0.39306986619888706,-0.08437970678622791,0.06595779168858538,-0.4114917812965296,0.1690926057358203,-0.3083569672492947,0.04354733640864196,-0.43390223657647303,0.019727457544291626,-0.45772211544082336,0.08005864573562543,-0.39739092724948955,0.064233564,-0.4132160091447257,0.14797089353359352,-0.32947867945152143,0.142717876059209,-0.334731696925906,0.028898638625859882,-0.4485509343592551
E01026268,E01026268,South Holland 007A,South Holland,E01026268,1,2022,0.703108589017628,0.477449572985115,0.16236511145324095,67.60160968127416,71.17896796171792,0.0,0.0,0.0,0.477449572985115,-0.22565901603251298,0.6398146844383559,-0.06329390457927209,0.04372702080871026,-0.6593815682089177,0.15451113429495567,-0.5485974547226723,0.023121888790724274,-0.6799867002269037,0.04726244408323811,-0.6558461449343899,0.23527935939746497,-0.467829229620163,0.15415476,-0.5489538263919337,0.16475692891578148,-0.5383516601018465,0.08820516186962418,-0.6149034271480038,0.14651235462651754,-0.5565962343911104
E01026269,E01026269,South Holland 007B,South Holland,E01026269,1,2020,0.567965805267229,0.436800694006688,0.7375375721101429,68.06675739003057,71.57185914015714,0.0,0.0,0.0,0.436800694006688,-0.13116511126054098,1.174338266116831,0.606372460849602,-0.18964674929473796,-0.757612554561967,-0.15568671017142194,-0.7236525154386508,-0.21416425288109933,-0.7821300581483283,-0.33162567863232717,-0.8995914838995561,-0.13451680075428432,-0.7024826060215132,-0.14467037,-0.7126361725081347,-0.2119855510862178,-0.7799513563534468,-0.21637661174885978,-0.7843424170160888,-0.0814856500927133,-0.6494514553599422
E01026269,E01026269,South Holland 007B,South Holland,E01026269,1,2021,0.337683300210545,0.567965805267229,0.13116511126054098,68.06675739003057,71.57185914015714,0.0,0.0,0.0,0.567965805267229,0.23028250505668396,0.6991309165277699,0.36144761631722494,-0.18836911878440032,-0.5260524189949454,-0.15484869457137224,-0.4925319947819172,-0.17682815248515313,-0.5145114526956981,-0.3253471802516609,-0.6630304804622058,-0.13033793630417972,-0.4680212365147247,-0.12797001,-0.46565331025273554,-0.12690466254559152,-0.4645879627561365,-0.21528209037775495,-0.5529653905883,-0.09752242215623315,-0.4352057223667781
E01026269,E01026269,South Holland 007B,South Holland,E01026269,1,2022,0.380762908809073,0.337683300210545,-0.23028250505668396,68.06675739003057,71.57185914015714,0.0,0.0,0.0,0.337683300210545,-0.043079608598527996,0.10740079515386103,-0.27336211365521196,-0.18794324194762113,-0.5687061507566942,-0.15456935603802235,-0.5353322648470953,-0.17682815248515313,-0.5575910612942261,-0.3193468862074745,-0.7001097950165475,-0.13033793630417972,-0.5111008451132527,-0.11657997,-0.4973428810166192,-0.11660581167567968,-0.49736872048475267,-0.21230632444091393,-0.593069233249987,-0.10103035102539659,-0.4817932598344696
E01026270,E01026270,South Holland 007C,South Holland,E01026270,1,2020,-0.0281402362607815,0.47740984811426,0.5816689366494711,71.98554923742422,74.83422744917621,0.0,0.0,0.0,0.47740984811426,0.5055500843750416,1.059078784763731,1.0872190210245125,0.05527125449972413,0.08341149076050564,0.11800552336615763,0.14614575962693913,-0.12997634418753076,-0.10183610792674927,-0.18461386530179164,-0.15647362904101014,-0.12934624188309898,-0.10120600562231749,-0.14892162,-0.12078138756524542,-0.10308013766499585,-0.07493990140421436,-0.16767986208898206,-0.13953962582820056,-0.0858349910949634,-0.0576947548341819
E01026270,E01026270,South Holland 007C,South Holland,E01026270,1,2021,0.0238398211952236,-0.0281402362607815,-0.5055500843750416,71.98554923742422,74.83422744917621,0.0,0.0,0.0,-0.0281402362607815,-0.0519800574560051,-0.5336903206358231,-0.5575301418310468,0.043431878437261914,0.019592057242038316,0.1102399121390305,0.0864000909438069,-0.12997634418753076,-0.15381616538275436,-0.18840148154275949,-0.21224130273798308,-0.11297867322382808,-0.1368184944190517,-0.14933465,-0.17317447540722158,-0.10308013766499585,-0.12691995886021945,-0.14235035366688364,-0.16619017486210724,-0.0825534291729263,-0.1063932503681499
E01026270,E01026270,South Holland 007C,South Holland,E01026270,1,2022,0.217222502098301,0.0238398211952236,0.0519800574560051,71.98554923742422,74.83422744917621,0.0,0.0,0.0,0.0238398211952236,-0.1933826809030774,0.07581987865122869,-0.1414026234470723,0.03478657865064376,-0.18243592344765724,0.10456933991202758,-0.11265316218627341,-0.12031566527787652,-0.3375381673761775,-0.19287911920569564,-0.41010162130399663,-0.11461869498869427,-0.3318411970869953,-0.14473511,-0.361957614884594,-0.10308013766499585,-0.32030263976329687,-0.12020582494855808,-0.3374283270468591,-0.07897245343153747,-0.29619495552983843
E01026271,E01026271,South Holland 007D,South Holland,E01026271,1,2020,1.1990950156249,1.10510889793479,0.4681120560475741,69.99108649172514,73.22501016799416,0.0,0.0,0.0,1.10510889793479,-0.09398611769011,1.5732209539823643,0.3741259383574642,-0.0587918253973584,-1.2578868410222586,0.22026162026172186,-0.9788333953631783,0.3393103729837806,-0.8597846426411195,0.28165725783835993,-0.9174377577865401,0.34270605490374845,-0.8563889607211517,0.34711465,-0.8519803632296516,0.362084348865164,-0.8370106667597361,0.3155189714411005,-0.8835760441837995,0.3301416828847582,-0.8689533327401419
E01026271,E01026271,South Holland 007D,South Holland,E01026271,1,2021,1.43600185021676,1.1990950156249,0.09398611769011,69.99108649172514,73.22501016799416,0.0,0.0,0.0,1.1990950156249,-0.2369068345918599,1.29308113331501,-0.1429207169017499,-0.05819559782586749,-1.4941974480426274,0.22065269420841171,-1.2153491560083483,0.3377247685871441,-1.098277081629616,0.28165725783835993,-1.1543445923784001,0.34270605490374845,-1.0932957953130116,0.3656792,-1.0703226457528012,0.362084348865164,-1.073917501351596,0.3689936448012981,-1.067008205415462,0.33007426253027916,-1.1059275876864807
E01026271,E01026271,South Holland 007D,South Holland,E01026271,1,2022,1.24773174304775,1.43600185021676,0.2369068345918599,69.99108649172514,73.22501016799416,0.0,0.0,0.0,1.43600185021676,0.18827010716901005,1.6729086848086199,0.42517694176086995,-0.05819559782586749,-1.3059273408736174,0.22065269420841171,-1.0270790488393382,0.3377247685871441,-0.9100069744606059,0.28165725783835993,-0.96607448520939,0.34270605490374845,-0.9050256881440015,0.3656792,-0.8820525385837912,0.362084348865164,-0.885647394182586,0.3689936448012981,-0.8787380982464519,0.33007426253027916,-0.9176574805174708
E01026272,E01026272,South Holland 007E,South Holland,E01026272,1,2020,0.453551839510243,0.0522374041456329,0.20797178897161891,67.2107857912024,70.80961426020708,0.0,0.0,0.0,0.0522374041456329,-0.40131443536461014,0.2602091931172518,-0.1933426463929912,-0.36302234824736723,-0.8165741877576103,-0.19960350351599246,-0.6531553430262355,-0.46319491209955516,-0.9167467516097982,-0.4968136314622666,-0.9503654709725096,-0.4185494944704166,-0.8721013339806596,-0.39892024,-0.8524720775282789,-0.35659164198041626,-0.8101434814906593,-0.3443738888609772,-0.7979257283712202,-0.33892118330495613,-0.7924730228151992
E01026272,E01026272,South Holland 007E,South Holland,E01026272,1,2021,0.0665733048787796,0.453551839510243,0.40131443536461014,67.2107857912024,70.80961426020708,0.0,0.0,0.0,0.453551839510243,0.3869785346314634,0.8548662748748532,0.7882929699960737,-0.3776725114325723,-0.4442458163113519,-0.20921274906322898,-0.2757860539420086,-0.33842148550480217,-0.40499479038358177,-0.42456834049466513,-0.49114164537344474,-0.36029899127804854,-0.42687229615682815,-0.3180958,-0.3846691081395828,-0.22491927810146406,-0.29149258298024366,-0.27229428169002884,-0.33886758656880844,-0.3074990161826132,-0.3740723210613928
E01026272,E01026272,South Holland 007E,South Holland,E01026272,1,2022,0.133896299544898,0.0665733048787796,-0.3869785346314634,67.2107857912024,70.80961426020708,0.0,0.0,0.0,0.0665733048787796,-0.06732299466611841,-0.3204052297526838,-0.45430152929758183,-0.3695808515337672,-0.5034771510786652,-0.20390531692958094,-0.3378016164744789,-0.35536875631894044,-0.48926505586383845,-0.45779644717882906,-0.5916927467237271,-0.35697099210390576,-0.49086729164880377,-0.30993104,-0.4438273393550787,-0.2529541835682255,-0.38685048311312353,-0.25186833996857017,-0.3857646395134682,-0.2984655305253455,-0.43236183007024354
E01026254,E01026254,South Holland 008A,South Holland,E01026254,1,2020,1.62639743983889,1.46061269063635,-0.3625533231872502,86.88055060770535,83.90490352321383,0.0,0.0,0.0,1.46061269063635,-0.16578474920254016,1.0980593674490997,-0.5283380723897904,0.5130881139966386,-1.1133093258422515,0.3904509858643822,-1.235946453974508,1.233216984079162,-0.39318045575972804,1.1578106168150741,-0.46858682302381593,1.2370531499707984,-0.38934428986809166,1.2774466,-0.34895081222200774,1.1617698037582633,-0.46462763608062674,1.2698844573241226,-0.3565129825147675,1.2350223335870778,-0.39137510625181227
E01026254,E01026254,South Holland 008A,South Holland,E01026254,1,2021,2.04391724664509,1.62639743983889,0.16578474920254016,86.88055060770535,83.90490352321383,0.0,0.0,0.0,1.62639743983889,-0.41751980680620004,1.7921821890414302,-0.2517350576036599,0.49132580763722067,-1.5525914390078694,0.3761767868102024,-1.6677404598348877,1.233216984079162,-0.8107002625659281,1.1577961528238032,-0.8861210938212869,1.2370531499707984,-0.8068640966742917,1.2774466,-0.7664706190282078,1.1617698037582633,-0.8821474428868268,1.285024630152943,-0.758892616492147,1.2374831765255654,-0.8064340701195247
E01026254,E01026254,South Holland 008A,South Holland,E01026254,1,2022,2.00483152002382,2.04391724664509,0.41751980680620004,86.88055060770535,83.90490352321383,0.0,0.0,0.0,2.04391724664509,0.0390857266212703,2.46143705345129,0.45660553342747034,0.4903888785963064,-1.5144426414275134,0.37556224203683264,-1.629269277986987,1.233216984079162,-0.7716145359446578,1.1577961528238032,-0.8470353672000166,1.2370531499707984,-0.7677783700530214,1.2774466,-0.7273848924069375,1.1617698037582633,-0.8430617162655565,1.285024630152943,-0.7198068898708767,1.2375891227968896,-0.7672423972269302
E01026255,E01026255,South Holland 008B,South Holland,E01026255,1,2020,2.0739572842687,2.46516050494806,0.32228471407230996,86.95007776938284,84.01334318363067,0.0,0.0,0.0,2.46516050494806,0.39120322067935964,2.78744521902037,0.7134879347516696,0.4399784948577876,-1.6339787894109126,0.21385309175095316,-1.860104192517747,1.6201449192827542,-0.453812364985946,1.8591776797888009,-0.2147796044798993,1.8792681111447151,-0.19468917312398504,1.9206796,-0.15327771502431542,1.61120017457962,-0.4627571096890801,1.9946877373117216,-0.07926954695697863,1.9538995495771059,-0.12005773469159431
E01026255,E01026255,South Holland 008B,South Holland,E01026255,1,2021,2.75055350472062,2.0739572842687,-0.39120322067935964,86.95007776938284,84.01334318363067,0.0,0.0,0.0,2.0739572842687,-0.6765962204519198,1.6827540635893405,-1.0677994411312794,0.441426476102837,-2.309127028617783,0.2148028427643428,-2.535750661956277,1.6201449192827542,-1.1304085854378658,1.8591776797888009,-0.8913758249318191,1.8818095352585358,-0.8687439694620842,1.9206796,-0.8298739354762352,1.618900796330293,-1.131652708390327,2.007171499841145,-0.743382004879475,1.9537358144305137,-0.7968176902901063
E01026255,E01026255,South Holland 008B,South Holland,E01026255,1,2022,2.68490927485308,2.75055350472062,0.6765962204519198,86.95007776938284,84.01334318363067,0.0,0.0,0.0,2.75055350472062,0.06564422986753993,3.42714972517254,0.7422404503194597,0.44811274244027066,-2.2367965324128094,0.2191884577379362,-2.4657208171151437,1.6177585971875794,-1.0671506776655006,1.851954811235643,-0.8329544636174371,1.8818095352585358,-0.8030997395945443,1.9105117,-0.7743975427516396,1.619564781844039,-1.065344493009041,1.9393383733823466,-0.7455709014707335,1.948963784267856,-0.7359454905852241
E01026256,E01026256,South Holland 008C,South Holland,E01026256,1,2020,1.50480850513716,1.84813892644682,0.47807137896044005,86.74194986592119,83.98305041447755,0.0,0.0,0.0,1.84813892644682,0.34333042130965996,2.32621030540726,0.8214018002701,0.22491184572924555,-1.2798966594079144,0.1606797228719149,-1.344128782265245,1.1578115399359767,-0.3469969652011833,1.091309740407985,-0.413498764729175,1.2470913483206774,-0.25771715681648266,1.2079788,-0.29682966049452086,1.0539566244155951,-0.4508518807215649,1.2107210457524473,-0.2940874593847127,1.2515781105628236,-0.2532303945743364
E01026256,E01026256,South Holland 008C,South Holland,E01026256,1,2021,1.93631419013604,1.50480850513716,-0.34333042130965996,86.74194986592119,83.98305041447755,0.0,0.0,0.0,1.50480850513716,-0.43150568499887987,1.1614780838275,-0.7748361063085398,0.2284466234745131,-1.7078675666615268,0.16299823269871905,-1.7733159574373207,1.152506114618223,-0.783808075517817,1.090768030519793,-0.8455461596162468,1.2470913483206774,-0.6892228418153625,1.2079788,-0.7283353454934007,1.0539566244155951,-0.8823575657204448,1.211325976061901,-0.7249882140741388,1.2511784041755547,-0.6851357859604852
E01026256,E01026256,South Holland 008C,South Holland,E01026256,1,2022,1.78141958811332,1.93631419013604,0.43150568499887987,86.74194986592119,83.98305041447755,0.0,0.0,0.0,1.93631419013604,0.15489460202271998,2.36781987513492,0.5864002870216001,0.23015013082162988,-1.55126945729169,0.16411558683211863,-1.6173040012812012,1.152506114618223,-0.628913473495097,1.090768030519793,-0.6906515575935268,1.2470913483206774,-0.5343282397926425,1.2103171,-0.5711024532561422,1.0539566244155951,-0.7274629636977248,1.211325976061901,-0.5700936120514188,1.2509857745913286,-0.5304338135219913
E01026277,E01026277,South Holland 008D,South Holland,E01026277,1,2020,2.40509845398998,2.2401042461204,0.2916525893850501,87.14194685446058,84.17607859838456,0.0,0.0,0.0,2.2401042461204,-0.16499420786957986,2.5317568355054503,0.12665838151547026,0.25826709328541914,-2.146831360704561,0.30658997461137794,-2.098508479378602,1.447319360311126,-0.9577790936788539,1.5310240080992947,-0.8740744458906853,1.596057954998494,-0.8090404989914861,1.6084894,-0.7966090598020528,1.4209049271834253,-0.9841935268065547,1.6081306045320007,-0.7969678494579793,1.6092221712961825,-0.7958762826937975
E01026277,E01026277,South Holland 008D,South Holland,E01026277,1,2021,2.78478552722102,2.40509845398998,0.16499420786957986,87.14194685446058,84.17607859838456,0.0,0.0,0.0,2.40509845398998,-0.37968707323104,2.57009266185956,-0.21469286536146015,0.25494525395854123,-2.529840273262479,0.30441113405124864,-2.4803743931697713,1.4399360343511207,-1.3448494928698993,1.5310240080992947,-1.2537615191217253,1.596057954998494,-1.1887275722225261,1.6132182,-1.1715673389351924,1.4209049271834253,-1.3638806000375947,1.6186956611131165,-1.1660898661079035,1.609597798985423,-1.175187728235597
E01026277,E01026277,South Holland 008D,South Holland,E01026277,1,2022,2.04645545693916,2.78478552722102,0.37968707323104,87.14194685446058,84.17607859838456,0.0,0.0,0.0,2.78478552722102,0.7383300702818598,3.16447260045206,1.1180171435128998,0.2532843342951023,-1.7931711226440579,0.3033217137711841,-1.743133743167976,1.4373541362306657,-0.6091013207084945,1.5241033464079607,-0.5223521105311995,1.596057954998494,-0.4503975019406663,1.6132182,-0.43323726865333256,1.4209049271834253,-0.6255505297557349,1.6111337052994117,-0.4353217516397485,1.6097856128300436,-0.4366698441091166
E01026278,E01026278,South Holland 008E,South Holland,E01026278,1,2020,1.76082036979301,1.49308731620005,0.5141935928614599,87.18454241386605,84.25109656283867,0.0,0.0,0.0,1.49308731620005,-0.26773305359296007,2.00728090906151,0.24646053926849976,-0.09441611387805614,-1.8552364836710662,-0.10053881538529733,-1.8613591851783073,0.702715631914385,-1.058104737878625,0.7535115921722544,-1.0073087776207557,0.8521366213877385,-0.9086837484052716,0.85602504,-0.9047953296433213,0.695245666757811,-1.0655747030351992,0.9292798110445741,-0.8315405587484359,0.8094788031178843,-0.9513415666751257
E01026278,E01026278,South Holland 008E,South Holland,E01026278,1,2021,1.62228443836127,1.76082036979301,0.26773305359296007,87.18454241386605,84.25109656283867,0.0,0.0,0.0,1.76082036979301,0.13853593143174003,2.0285534233859703,0.4062689850247003,-0.09569374438839377,-1.7179781827496639,-0.10137683098534703,-1.7236612693466171,0.702715631914385,-0.919568806446885,0.7535115921722544,-0.8687728461890156,0.8521366213877385,-0.7701478169735315,0.85602504,-0.7662593982115813,0.695245666757811,-0.927038771603459,0.9292798110445741,-0.6930046273166959,0.8096232753060538,-0.8126611630552162
E01026278,E01026278,South Holland 008E,South Holland,E01026278,1,2022,1.9091054744391,1.62228443836127,-0.13853593143174003,87.18454241386605,84.25109656283867,0.0,0.0,0.0,1.62228443836127,-0.28682103607783005,1.48374850692953,-0.4253569675095701,-0.09697137489873144,-2.0060768493378314,-0.10221484658539673,-2.0113203210244968,0.7045287578305847,-1.2045767166085155,0.7535115921722544,-1.1555938822668457,0.8521366213877385,-1.0569688530513615,0.85602504,-1.0530804342894113,0.695245666757811,-1.2138598076812892,0.9550477200501473,-0.9540577543889528,0.8097677474942233,-1.0993377269448767
E01026279,E01026279,South Holland 008F,South Holland,E01026279,1,2020,1.83310742803916,1.72840709884422,0.4738213603822299,87.23033387694092,84.29534156380703,0.0,0.0,0.0,1.72840709884422,-0.10470032919493999,2.2022284592264496,0.36912103118728967,0.24262409211041425,-1.5904833359287456,0.12962275625178676,-1.7034846717873733,1.061884228011529,-0.7712232000276309,0.982785479705879,-0.8503219483332809,1.1061945316140334,-0.7269128964251266,1.1211702,-0.7119372648845579,1.1213165069899302,-0.7117909210492297,1.2055383715123478,-0.6275690565268122,1.088922593307316,-0.744184834731844
E01026279,E01026279,South Holland 008F,South Holland,E01026279,1,2021,1.93606712662833,1.83310742803916,0.10470032919493999,87.23033387694092,84.29534156380703,0.0,0.0,0.0,1.83310742803916,-0.10295969858917009,1.9378077572341,0.0017406306057698995,0.24130387391639868,-1.6947632527119314,0.12875680679840207,-1.807310319829928,1.0591842067936204,-0.8768829198347097,0.982785479705879,-0.953281646922451,1.1061945316140334,-0.8298725950142967,1.1340483,-0.8020187839235571,1.1206235173304244,-0.8154436092979056,1.2327961590876324,-0.7032709675406976,1.092160626615308,-0.8439065000130219
E01026279,E01026279,South Holland 008F,South Holland,E01026279,1,2022,1.5318410375123,1.93606712662833,0.10295969858917009,87.23033387694092,84.29534156380703,0.0,0.0,0.0,1.93606712662833,0.4042260891160301,2.0390268252175003,0.5071857877052004,0.24198527685524546,-1.2898557606570544,0.1292037484517619,-1.402637289060538,1.0591842067936204,-0.4726568307186796,0.982785479705879,-0.5490555578064209,1.1061945316140334,-0.4256465058982666,1.1340483,-0.397792694807527,1.1206235173304244,-0.4112175201818755,1.2328055061070433,-0.2990355314052566,1.0904075813425775,-0.4414334561697224
E01026262,E01026262,South Holland 009A,South Holland,E01026262,1,2020,-0.274380110991685,-0.124843960898207,0.15115978580016404,69.70348233581763,72.9534361145532,0.0,0.0,0.0,-0.124843960898207,0.14953615009347804,0.02631582490195704,0.3006959358936421,-0.49224060672202063,-0.2178604957303356,-0.2779173103293415,-0.0035371993376565047,-0.39703497296349155,-0.12265486197180653,-0.4228208862914061,-0.14844077529972105,-0.3648766133174879,-0.09049650232580286,-0.39332783,-0.11894772123029984,-0.2819268739517555,-0.007546762960070452,-0.3130904147198215,-0.0387103037281365,-0.32002549062701424,-0.04564537963532922
E01026262,E01026262,South Holland 009A,South Holland,E01026262,1,2021,0.105899858592744,-0.274380110991685,-0.14953615009347804,69.70348233581763,72.9534361145532,0.0,0.0,0.0,-0.274380110991685,-0.380279969584429,-0.42391626108516306,-0.5298161196779071,-0.4916017914668518,-0.5975016500595958,-0.2774983025293166,-0.3833981611220606,-0.40510953634963065,-0.5110093949423746,-0.42599665436639006,-0.5318965129591341,-0.3648766133174879,-0.47077647191023186,-0.40691608,-0.512815940498109,-0.2819268739517555,-0.3878267325444995,-0.32167632866145474,-0.42757618725419877,-0.3355254481626414,-0.4414253067553854
E01026262,E01026262,South Holland 009A,South Holland,E01026262,1,2022,0.184068336186352,0.105899858592744,0.380279969584429,69.70348233581763,72.9534361145532,0.0,0.0,0.0,0.105899858592744,-0.07816847759360798,0.486179828177173,0.302111491990821,-0.49283683429351155,-0.6769051704798635,-0.27830838427603133,-0.4623767204623833,-0.386877208049133,-0.5709455442354849,-0.42169798456673036,-0.6057663207530823,-0.3648766133174879,-0.5489449495038399,-0.39319223,-0.5772605678414728,-0.2819268739517555,-0.46599521013810746,-0.3130904147198215,-0.4971587509061735,-0.3199580702725351,-0.5040264064588871
E01026263,E01026263,South Holland 009B,South Holland,E01026263,1,2020,-0.0943227380179399,-0.307545807321665,0.386225026844302,69.44768358801079,72.68665097189229,0.0,0.0,0.0,-0.307545807321665,-0.2132230693037251,0.07867921952263701,0.1730019575405769,-0.5901717794718474,-0.4958490414539075,-0.43616106961745527,-0.3418383315995154,-0.652111637870375,-0.5577888998524351,-0.6318518126232511,-0.5375290746053112,-0.5862428595888007,-0.49192012157086085,-0.63149804,-0.5371753007508284,-0.5068308494413446,-0.4125081114234047,-0.7149822883507657,-0.6206595503328258,-0.5601351246531012,-0.46581238663516134
E01026263,E01026263,South Holland 009B,South Holland,E01026263,1,2021,-0.191711917261589,-0.0943227380179399,0.2132230693037251,69.44768358801079,72.68665097189229,0.0,0.0,0.0,-0.0943227380179399,0.09738917924364911,0.11890033128578519,0.3106122485473742,-0.5901717794718474,-0.3984598622102584,-0.43616106961745527,-0.24444915235586626,-0.652111637870375,-0.460399720608786,-0.6318518126232511,-0.4401398953616621,-0.5862428595888007,-0.39453094232721175,-0.63149804,-0.43978612150717933,-0.5068308494413446,-0.3151189321797556,-0.7149822883507657,-0.5232703710891767,-0.5601351246531012,-0.36842320739151224
E01026263,E01026263,South Holland 009B,South Holland,E01026263,1,2022,-0.0267919833715165,-0.191711917261589,-0.09738917924364911,69.44768358801079,72.68665097189229,0.0,0.0,0.0,-0.191711917261589,-0.1649199338900725,-0.28910109650523813,-0.2623091131337216,-0.5901717794718474,-0.563379796100331,-0.43616106961745527,-0.40936908624593876,-0.652111637870375,-0.6253196544988585,-0.6318518126232511,-0.6050598292517346,-0.5862428595888007,-0.5594508762172843,-0.63149804,-0.6047060553972519,-0.5068308494413446,-0.4800388660698281,-0.7149822883507657,-0.6881903049792493,-0.5601351246531012,-0.5333431412815848
E01026264,E01026264,South Holland 009C,South Holland,E01026264,1,2020,-0.024508475884347,0.0509951500373724,0.31537585275081337,67.78405720429761,71.32420928194047,0.0,0.0,0.0,0.0509951500373724,0.0755036259217194,0.3663710027881858,0.3908794786725328,-0.44278861945442194,-0.4182801435700749,-0.20805897481824984,-0.18355049893390285,-0.3642387186053034,-0.33973024272095637,-0.44878154963959427,-0.42427307375524725,-0.4075784944151516,-0.3830700185308046,-0.3923651,-0.36785662211522574,-0.350599894400552,-0.326091418516205,-0.40362049909544134,-0.37911202321109433,-0.372887505371455,-0.34837902948710797
E01026264,E01026264,South Holland 009C,South Holland,E01026264,1,2021,0.368866794415829,-0.024508475884347,-0.0755036259217194,67.78405720429761,71.32420928194047,0.0,0.0,0.0,-0.024508475884347,-0.393375270300176,-0.1000121018060664,-0.4688788962218954,-0.44278861945442194,-0.811655413870251,-0.20805897481824984,-0.5769257692340788,-0.3642387186053034,-0.7331055130211324,-0.44878154963959427,-0.8176483440554232,-0.4075784944151516,-0.7764452888309805,-0.3923651,-0.7612318924154018,-0.350599894400552,-0.719466688816381,-0.40362049909544134,-0.7724872935112703,-0.372887505371455,-0.7417542997872839
E01026264,E01026264,South Holland 009C,South Holland,E01026264,1,2022,0.29049324377653,0.368866794415829,0.393375270300176,67.78405720429761,71.32420928194047,0.0,0.0,0.0,0.368866794415829,0.07837355063929896,0.762242064716005,0.47174882093947496,-0.4453438804750973,-0.7358371242516273,-0.20973500601834924,-0.5002282497948792,-0.36602450756092597,-0.656517751337456,-0.4327102238931311,-0.723203467669661,-0.3932026899347391,-0.6836959337112691,-0.39233863,-0.6828318773138224,-0.3507150395707423,-0.6412082833472723,-0.3919150015138592,-0.6824082452903892,-0.3643883917778943,-0.6548816355544242
E01026265,E01026265,South Holland 009D,South Holland,E01026265,1,2020,1.22045397601809,0.700751392093927,0.6507528665397636,70.20473283084873,73.33732239875866,0.0,0.0,0.0,0.700751392093927,-0.5197025839241629,1.3515042586336907,0.1310502826156008,0.18021732559384612,-1.0402366504242437,0.081841314371712,-1.1386126616463779,-0.052614399769149486,-1.2730683757872394,-0.018250413226715334,-1.2387043892448053,0.04366482569577394,-1.176789150322316,0.04887167,-1.1715823060997912,0.013023279415305136,-1.2074306966027848,0.19864474928140818,-1.0218092267366816,-0.024931192700700315,-1.2453851687187902
E01026265,E01026265,South Holland 009D,South Holland,E01026265,1,2021,1.48856983494479,1.22045397601809,0.5197025839241629,70.20473283084873,73.33732239875866,0.0,0.0,0.0,1.22045397601809,-0.2681158589267001,1.7401565599422528,0.2515867249974628,0.18068579011430325,-1.3078840448304867,0.08214858675839688,-1.4064212481863931,-0.043455464567577956,-1.532025299512368,-0.018250413226715334,-1.5068202481715054,0.04366482569577394,-1.444905009249016,0.04887167,-1.4396981650264913,0.013023279415305136,-1.4755465555294849,0.18788590898312663,-1.3006839259616634,-0.024958514704780214,-1.5135283496495702
E01026265,E01026265,South Holland 009D,South Holland,E01026265,1,2022,1.71077943077472,1.48856983494479,0.2681158589267001,70.20473283084873,73.33732239875866,0.0,0.0,0.0,1.48856983494479,-0.22220959582992994,1.75668569387149,0.04590626309677015,0.17991921180810067,-1.5308602189666192,0.08164577739836708,-1.629133653376353,-0.052614399769149486,-1.7633938305438694,-0.020153321616486343,-1.7309327523912064,0.04033682652163113,-1.6704426042530889,0.036424827,-1.6743546039440944,0.011802592204920179,-1.6989768385697999,0.19864474928140818,-1.5121346814933116,-0.03178437085919624,-1.7425638016339162
E01026267,E01034699,South Holland 009F,South Holland,E01026267,1,2020,0.212101537087647,0.0670662208124744,0.09608790591424421,68.70408350405887,72.13140783062411,0.0,0.0,0.0,0.0670662208124744,-0.1450353162751726,0.1631541267267186,-0.048947410360928395,-0.35427386686456963,-0.5663754039522166,-0.3190372083641868,-0.5311387454518338,-0.2830154304099914,-0.4951169674976384,-0.32520737952357026,-0.5373089166112173,-0.294298840266229,-0.506400377353876,-0.30210066,-0.514202195504395,-0.32055377951767333,-0.5326553166053203,-0.23896404306996108,-0.4510655801576081,-0.22866585736470907,-0.4407673944523561
E01026267,E01034699,South Holland 009F,South Holland,E01026267,1,2021,0.139830539541669,0.212101537087647,0.1450353162751726,68.70408350405887,72.13140783062411,0.0,0.0,0.0,0.212101537087647,0.07227099754597802,0.35713685336281964,0.21730631382115065,-0.35427386686456963,-0.49410440640623865,-0.3190372083641868,-0.4588677479058558,-0.2830154304099914,-0.42284596995166035,-0.32520737952357026,-0.4650379190652393,-0.294298840266229,-0.434129379807898,-0.30210066,-0.44193119795841707,-0.32055377951767333,-0.4603843190593423,-0.23896404306996108,-0.37879458261163007,-0.22866585736470907,-0.36849639690637803
E01026267,E01034699,South Holland 009F,South Holland,E01026267,1,2022,0.290252627703302,0.139830539541669,-0.07227099754597802,68.70408350405887,72.13140783062411,0.0,0.0,0.0,0.139830539541669,-0.15042208816163302,0.06755954199569097,-0.22269308570761104,-0.35427386686456963,-0.6445264945678717,-0.3190372083641868,-0.6092898360674888,-0.2830154304099914,-0.5732680581132934,-0.32520737952357026,-0.6154600072268723,-0.294298840266229,-0.584551467969531,-0.30210066,-0.59235328612005,-0.32055377951767333,-0.6108064072209753,-0.23896404306996108,-0.5292166707732631,-0.22866585736470907,-0.5189184850680111
E01026267,E01034700,South Holland 009G,South Holland,E01026267,1,2020,0.212101537087647,0.0670662208124744,0.09608790591424421,68.70408350405887,72.13140783062411,0.0,0.0,0.0,0.0670662208124744,-0.1450353162751726,0.1631541267267186,-0.048947410360928395,-0.35427386686456963,-0.5663754039522166,-0.3190372083641868,-0.5311387454518338,-0.2830154304099914,-0.4951169674976384,-0.32520737952357026,-0.5373089166112173,-0.294298840266229,-0.506400377353876,-0.30210066,-0.514202195504395,-0.32055377951767333,-0.5326553166053203,-0.23896404306996108,-0.4510655801576081,-0.22866585736470907,-0.4407673944523561
E01026267,E01034700,South Holland 009G,South Holland,E01026267,1,2021,0.139830539541669,0.212101537087647,0.1450353162751726,68.70408350405887,72.13140783062411,0.0,0.0,0.0,0.212101537087647,0.07227099754597802,0.35713685336281964,0.21730631382115065,-0.35427386686456963,-0.49410440640623865,-0.3190372083641868,-0.4588677479058558,-0.2830154304099914,-0.42284596995166035,-0.32520737952357026,-0.4650379190652393,-0.294298840266229,-0.434129379807898,-0.30210066,-0.44193119795841707,-0.32055377951767333,-0.4603843190593423,-0.23896404306996108,-0.37879458261163007,-0.22866585736470907,-0.36849639690637803
E01026267,E01034700,South Holland 009G,South Holland,E01026267,1,2022,0.290252627703302,0.139830539541669,-0.07227099754597802,68.70408350405887,72.13140783062411,0.0,0.0,0.0,0.139830539541669,-0.15042208816163302,0.06755954199569097,-0.22269308570761104,-0.35427386686456963,-0.6445264945678717,-0.3190372083641868,-0.6092898360674888,-0.2830154304099914,-0.5732680581132934,-0.32520737952357026,-0.6154600072268723,-0.294298840266229,-0.584551467969531,-0.30210066,-0.59235328612005,-0.32055377951767333,-0.6108064072209753,-0.23896404306996108,-0.5292166707732631,-0.22866585736470907,-0.5189184850680111
E01026245,E01026245,South Holland 010A,South Holland,E01026245,1,2020,0.834461480610173,1.12983238674318,0.49768639404305115,80.85973578319734,79.49090072250276,0.0,0.0,0.0,1.12983238674318,0.2953709061330071,1.6275187807862312,0.7930573001760582,0.2695244053787632,-0.5649370752314098,0.09865566817238998,-0.735805812437783,0.25093172307033906,-0.5835297575398339,0.14422240475103937,-0.6902390758591337,0.25063398060595,-0.583827500004223,0.2308102,-0.6036512854025772,0.22460365956327943,-0.6098578210468936,0.2881767420683194,-0.5462847385418537,0.18345491943741618,-0.6510065611727568
E01026245,E01026245,South Holland 010A,South Holland,E01026245,1,2021,1.11984405360621,0.834461480610173,-0.2953709061330071,80.85973578319734,79.49090072250276,0.0,0.0,0.0,0.834461480610173,-0.285382572996037,0.5390905744771659,-0.5807534791290441,0.28170448291064876,-0.8381395706955612,0.10664475022619706,-1.0131993033800129,0.2504481072278071,-0.8693959463784029,0.13787763992010535,-0.9819664136861046,0.25063398060595,-0.86921007300026,0.22605136,-0.8937926932374813,0.22460365956327943,-0.8952403940429305,0.28817918086685596,-0.8316648727393541,0.18207761791019997,-0.93776643569601
E01026245,E01026245,South Holland 010A,South Holland,E01026245,1,2022,1.49224644204556,1.11984405360621,0.285382572996037,80.85973578319734,79.49090072250276,0.0,0.0,0.0,1.11984405360621,-0.3724023884393499,1.4052266266022468,-0.08701981544331305,0.28672982958464355,-1.2055166124609165,0.10994094491972582,-1.3823054971258342,0.24736772412373773,-1.2448787179218221,0.13918114559047695,-1.3530652964550829,0.25063398060595,-1.24161246143961,0.22605136,-1.2661950816768313,0.22460365956327943,-1.2676427824822805,0.28247894951738767,-1.2097674925281723,0.1785507156247439,-1.313695726420816
E01026249,E01026249,South Holland 010B,South Holland,E01026249,1,2020,0.4140491372734,0.117434462929906,0.376340120938265,82.09718340915352,81.44574376860777,0.0,0.0,0.0,0.117434462929906,-0.296614674343494,0.493774583868171,0.07972544659477104,0.09282280898190387,-0.3212263282914961,-0.08162348054335403,-0.495672617816754,-0.1652738235180927,-0.5793229607914927,-0.23685034782589914,-0.6508994850992991,-0.20851130748328645,-0.6225604447566864,-0.22346336,-0.6375124937683035,-0.14147302159398953,-0.5555221588673895,-0.24732370404127804,-0.661372841314678,-0.24133214442026357,-0.6553812816936635
E01026249,E01026249,South Holland 010B,South Holland,E01026249,1,2021,0.679788926894646,0.4140491372734,0.296614674343494,82.09718340915352,81.44574376860777,0.0,0.0,0.0,0.4140491372734,-0.265739789621246,0.710663811616894,0.030874884722247975,0.08311281710333773,-0.5966761097913083,-0.08799239910373166,-0.7677813259983777,-0.1652738235180927,-0.8450627504127387,-0.23685034782589914,-0.9166392747205452,-0.20851130748328645,-0.8883002343779325,-0.22346336,-0.9032522833895495,-0.14147302159398953,-0.8212619484886355,-0.261644487714939,-0.941433414609585,-0.24023415579017515,-0.9200230826848211
E01026249,E01026249,South Holland 010B,South Holland,E01026249,1,2022,0.4502345190296,0.679788926894646,0.265739789621246,82.09718340915352,81.44574376860777,0.0,0.0,0.0,0.679788926894646,0.229554407865046,0.945528716515892,0.495294197486292,0.051768281916387264,-0.3984662371132127,-0.10855171515828407,-0.5587862341878841,-0.16193141992443497,-0.6121659389540349,-0.23412164320120374,-0.6843561622308038,-0.20851130748328645,-0.6587458265128865,-0.22346336,-0.6736978755245036,-0.14147302159398953,-0.5917075406235895,-0.24645205815387602,-0.696686577183476,-0.236689771440416,-0.686924290470016
E01026280,E01026280,South Holland 010C,South Holland,E01026280,1,2020,0.621224469803863,0.667785922351381,0.317298950164908,85.23336990005969,83.23907185008359,0.0,0.0,0.0,0.667785922351381,0.04656145254751798,0.9850848725162891,0.36386040271242603,-0.30380713056435166,-0.9250316003682146,-0.3002599893494404,-0.9214844591533035,-0.03662130554668133,-0.6578457753505443,-0.086133812594089,-0.7073582823979521,-0.05351882591648287,-0.6747432957203459,-0.020700637,-0.6419251070550017,-0.0500297583220054,-0.6712542281258684,-0.0329174947089866,-0.6541419645128497,-0.10998618082062092,-0.731210650624484
E01026280,E01026280,South Holland 010C,South Holland,E01026280,1,2021,0.713478528248908,0.621224469803863,-0.04656145254751798,85.23336990005969,83.23907185008359,0.0,0.0,0.0,0.621224469803863,-0.09225405844504497,0.574663017256345,-0.13881551099256295,-0.30380713056435166,-1.0172856588132597,-0.3002599893494404,-1.0137385175983484,-0.03662130554668133,-0.7500998337955893,-0.086133812594089,-0.799612340842997,-0.05351882591648287,-0.7669973541653908,-0.020700637,-0.7341791655000467,-0.0500297583220054,-0.7635082865709134,-0.0329174947089866,-0.7463960229578946,-0.10998618082062092,-0.823464709069529
E01026280,E01026280,South Holland 010C,South Holland,E01026280,1,2022,1.08022478711175,0.713478528248908,0.09225405844504497,85.23336990005969,83.23907185008359,0.0,0.0,0.0,0.713478528248908,-0.36674625886284207,0.805732586693953,-0.2744922004177971,-0.30380713056435166,-1.3840319176761018,-0.3002599893494404,-1.3804847764611905,-0.03662130554668133,-1.1168460926584314,-0.086133812594089,-1.166358599705839,-0.05351882591648287,-1.133743613028233,-0.020700637,-1.1009254243628888,-0.0500297583220054,-1.1302545454337554,-0.0329174947089866,-1.1131422818207366,-0.10998618082062092,-1.190210967932371
E01026239,E01026239,South Holland 011A,South Holland,E01026239,1,2020,0.212918129011463,-0.105212790685262,-0.323372518977154,85.14921876347182,85.12460604819005,0.0,0.0,0.0,-0.105212790685262,-0.318130919696725,-0.42858530966241604,-0.641503438673879,-0.08454358920272688,-0.2974617182141899,-0.18877189075678888,-0.4016900197682519,-0.0003795106522410452,-0.21329763966370405,-0.058693278086843804,-0.27161140709830683,-0.01087892257197163,-0.22379705158343463,0.016107652,-0.19681047667510398,0.020444943192585274,-0.19247318581887773,0.010213246971103918,-0.20270488204035908,-0.07482922148477633,-0.28774735049623934
E01026239,E01026239,South Holland 011A,South Holland,E01026239,1,2021,0.502124662005235,0.212918129011463,0.318130919696725,85.14921876347182,85.12460604819005,0.0,0.0,0.0,0.212918129011463,-0.28920653299377197,0.531049048708188,0.028924386702953053,-0.09157055700958396,-0.5936952190148189,-0.19338097655706218,-0.6955056385622972,0.0013530514013409822,-0.500771610603894,-0.06483148989789134,-0.5669561519031263,-0.01087892257197163,-0.5130035845772066,0.016107652,-0.48601700966887595,0.020444943192585274,-0.4816797188126497,0.006283031662444334,-0.49584163034279066,-0.07814814795800794,-0.5802728099632429
E01026239,E01026239,South Holland 011A,South Holland,E01026239,1,2022,0.335948715970898,0.502124662005235,0.28920653299377197,85.14921876347182,85.12460604819005,0.0,0.0,0.0,0.502124662005235,0.166175946034337,0.791331194999007,0.45538247902810897,-0.09902340165322028,-0.43497211762411825,-0.19826940089068543,-0.5342181168615834,0.009846607934714412,-0.32610210803618356,-0.06483148989789134,-0.4007802058687893,-0.01087892257197163,-0.34682763854286963,0.016107652,-0.31984106363453896,0.020444943192585274,-0.3155037727783127,-0.017376227381076356,-0.35332494335197434,-0.07730539352701901,-0.41325410949791697
E01026240,E01026240,South Holland 011B,South Holland,E01026240,1,2020,0.146481814171755,-0.0891024934151595,0.1752577724643645,85.176654858639,85.20176641024517,0.0,0.0,0.0,-0.0891024934151595,-0.23558430758691448,0.086155279049205,-0.060326535122549985,-0.44010426211527987,-0.5865860762870349,-0.47180895905855114,-0.6182907732303061,-0.551891913814688,-0.698373727986443,-0.5080867258383819,-0.6545685400101369,-0.5306764800477266,-0.6771582942194816,-0.48392466,-0.6304064712781545,-0.4695726442416869,-0.6160544584134419,-0.35201856274530524,-0.49850037691706023,-0.5556688909278873,-0.7021507050996423
E01026240,E01026240,South Holland 011B,South Holland,E01026240,1,2021,0.0926885059901901,0.146481814171755,0.23558430758691448,85.176654858639,85.20176641024517,0.0,0.0,0.0,0.146481814171755,0.053793308181564886,0.3820661217586695,0.2893776157684794,-0.46054635028068236,-0.5532348562708724,-0.48521720865934614,-0.5779057146495362,-0.24432983195894784,-0.33701833794913794,-0.42169856585019244,-0.5143870718403826,-0.35726090095849294,-0.449949406948683,-0.32588208,-0.4185705832072921,-0.3373595432354889,-0.43004804922567896,-0.18960675201694954,-0.2822952580071396,-0.3234105533823177,-0.4160990593725078
E01026240,E01026240,South Holland 011B,South Holland,E01026240,1,2022,0.540052048644043,0.0926885059901901,-0.053793308181564886,85.176654858639,85.20176641024517,0.0,0.0,0.0,0.0926885059901901,-0.4473635426538529,0.038895197808625215,-0.5011568508354178,-0.46054635028068236,-1.0005983989247254,-0.48521720865934614,-1.025269257303389,-0.24432983195894784,-0.7843818806029909,-0.42169856585019244,-0.9617506144942354,-0.35726090095849294,-0.8973129496025359,-0.32588208,-0.865934125861145,-0.3373595432354889,-0.8774115918795319,-0.18960675201694954,-0.7296588006609925,-0.3234105533823177,-0.8634626020263607
E01026412,E01026412,West Lindsey 008B,West Lindsey,E01026412,1,2020,0.486948323610691,0.352700355571698,-0.004469697185235988,82.0213459831726,71.26334400384523,0.0,0.0,0.0,0.352700355571698,-0.13424796803899303,0.348230658386462,-0.13871766522422901,-0.0656404953921463,-0.5525888190028373,-0.14199351789202916,-0.6289418415027201,0.37968882748113336,-0.10725949612955765,0.29053700690597994,-0.19641131670471107,0.40945754166631093,-0.07749078194438008,0.4161693,-0.07077903783646006,0.2740406736451546,-0.2129076499655364,0.370761219649627,-0.11618710396106402,0.4257124306307585,-0.06123589297993254
E01026412,E01026412,West Lindsey 008B,West Lindsey,E01026412,1,2021,0.381573330190661,0.486948323610691,0.13424796803899303,82.0213459831726,71.26334400384523,0.0,0.0,0.0,0.486948323610691,0.10537499342003004,0.621196291649684,0.23962296145902306,-0.06900492240270213,-0.4505782525933631,-0.1442002923054934,-0.5257736224961543,0.37571121229454674,-0.005862117896114238,0.28568206019545433,-0.09589126999520664,0.40945754166631093,0.027884211475649956,0.4161693,0.03459595558356998,0.2740406736451546,-0.10753265654550637,0.3630778133793263,-0.018495516811334656,0.4276637409284999,0.04609041073783893
E01026412,E01026412,West Lindsey 008B,West Lindsey,E01026412,1,2022,0.701139630493924,0.381573330190661,-0.10537499342003004,82.0213459831726,71.26334400384523,0.0,0.0,0.0,0.381573330190661,-0.31956630030326305,0.27619833677063094,-0.4249412937232931,-0.08058877236309687,-0.7817284028570209,-0.15179830041261058,-0.8529379309065346,0.37701981853791067,-0.32411981195601336,0.2511597660453281,-0.44997986444859595,0.43472055033978624,-0.2664190801541378,0.41998437,-0.28115526002387703,0.2740406736451546,-0.4270989568487694,0.4129167402038579,-0.28822289029006615,0.43163898672259104,-0.269500643771333
E01026413,E01026413,West Lindsey 008C,West Lindsey,E01026413,1,2020,0.319007550390024,0.0168029109422437,-0.0489017811579542,83.72122349628461,71.12976642551098,0.0,0.0,0.0,0.0168029109422437,-0.3022046394477803,-0.03209887021571049,-0.3511064206057345,-0.3839698139652316,-0.7029773643552556,-0.43509947702768914,-0.7541070274177131,-0.08842961557413374,-0.40743716596415774,-0.24212100536190245,-0.5611285557519264,-0.10721019238765084,-0.4262177427776748,-0.10531721,-0.42432476303126315,-0.15563412302313967,-0.47464167341316366,-0.009861016472793287,-0.3288685668628173,-0.03193264893172433,-0.3509401993217483
E01026413,E01026413,West Lindsey 008C,West Lindsey,E01026413,1,2021,0.300277405461676,0.319007550390024,0.3022046394477803,83.72122349628461,71.12976642551098,0.0,0.0,0.0,0.319007550390024,0.018730144928348014,0.6212121898378042,0.32093478437612827,-0.3839698139652316,-0.6842472194269076,-0.43509947702768914,-0.7353768824893652,-0.08842961557413374,-0.38870702103580973,-0.24212100536190245,-0.5423984108235784,-0.10721019238765084,-0.4074875978493268,-0.10531721,-0.40559461810291514,-0.15563412302313967,-0.45591152848481564,-0.009861016472793287,-0.3101384219344693,-0.03193264893172433,-0.3322100543934003
E01026413,E01026413,West Lindsey 008C,West Lindsey,E01026413,1,2022,0.236018176033804,0.300277405461676,-0.018730144928348014,83.72122349628461,71.12976642551098,0.0,0.0,0.0,0.300277405461676,0.06425922942787196,0.28154726053332796,0.04552908449952395,-0.38443827848568873,-0.6204564545194927,-0.4354067494143741,-0.6714249254481781,-0.09088984188493411,-0.32690801791873814,-0.24212100536190245,-0.47813918139570644,-0.10721019238765084,-0.3432283684214549,-0.10531721,-0.3413353886750432,-0.15563412302313967,-0.39165229905694365,-0.009673545035173465,-0.24569172106897746,-0.03187967579606217,-0.2678978518298662
E01026414,E01026414,West Lindsey 008D,West Lindsey,E01026414,1,2020,0.0213044115943068,0.0491717472318898,-0.045518935299099006,85.17276618204306,76.5384253034001,0.0,0.0,0.0,0.0491717472318898,0.027867335637583,0.003652811932790795,-0.017651599661516006,0.043970374157480306,0.022665962563173506,-0.09572833498740455,-0.11703274658171134,-0.10206608285113772,-0.12337049444544451,-0.17925120228682312,-0.2005556138811299,-0.08440744049213166,-0.10571185208643846,-0.07788725,-0.09919166356745895,-0.12310045134021422,-0.144404862934521,0.09286981591696238,0.07156540432265557,-0.10088919582513758,-0.12219360741944438
E01026414,E01026414,West Lindsey 008D,West Lindsey,E01026414,1,2021,0.394261693544971,0.0213044115943068,-0.027867335637583,85.17276618204306,76.5384253034001,0.0,0.0,0.0,0.0213044115943068,-0.3729572819506642,-0.0065629240432762,-0.40082461758824717,0.043970374157480306,-0.3502913193874907,-0.09572833498740455,-0.4899900285323755,-0.10206608285113772,-0.4963277763961087,-0.17925120228682312,-0.5735128958317941,-0.08440744049213166,-0.47866913403710265,-0.07788725,-0.47214894551812314,-0.12310045134021422,-0.5173621448851852,0.09286981591696238,-0.3013918776280086,-0.10088919582513758,-0.49515088937010854
E01026414,E01026414,West Lindsey 008D,West Lindsey,E01026414,1,2022,0.589636878135531,0.394261693544971,0.3729572819506642,85.17276618204306,76.5384253034001,0.0,0.0,0.0,0.394261693544971,-0.19537518459056002,0.7672189754956351,0.1775820973601041,0.043970374157480306,-0.5456665039780507,-0.09572833498740455,-0.6853652131229355,-0.10206608285113772,-0.6917029609866687,-0.17925120228682312,-0.7688880804223541,-0.08440744049213166,-0.6740443186276627,-0.07788725,-0.6675241301086832,-0.12310045134021422,-0.7127373294757452,0.09286981591696238,-0.49676706221856864,-0.10088919582513758,-0.6905260739606686
E01026396,E01026396,West Lindsey 009A,West Lindsey,E01026396,1,2020,0.20701209844995,0.284010117035214,0.3448319312013033,54.720709413288,62.427522123744,0.0,0.0,0.0,0.284010117035214,0.076998018585264,0.6288420482365173,0.42182994978656735,-0.15760136541384617,-0.36461346386379617,-0.09586518979881975,-0.30287728824876975,-0.17200586645185262,-0.3790179649018026,-0.3106225521763361,-0.5176346506262861,0.07137450617103888,-0.13563759227891112,0.0022562768,-0.20475582166548528,-0.0008303801522002441,-0.20784247860215024,-0.1633021599279044,-0.37031425837785437,0.12929993369223428,-0.07771216475771572
E01026396,E01026396,West Lindsey 009A,West Lindsey,E01026396,1,2021,0.337833858891242,0.20701209844995,-0.076998018585264,54.720709413288,62.427522123744,0.0,0.0,0.0,0.20701209844995,-0.130821760441292,0.130014079864686,-0.20781977902655602,-0.12016679146095292,-0.45800065035219495,-0.07131133271736378,-0.4091451916086058,-0.0849556031280792,-0.4227894620193212,-0.28169934835861243,-0.6195332072498545,-0.11973545163355688,-0.4575693105247989,-0.123932876,-0.4617667345840864,-0.0760142252626031,-0.4138480841538451,-0.09205759270952979,-0.4298914516007718,-0.12253491707365846,-0.46036877596490045
E01026396,E01026396,West Lindsey 009A,West Lindsey,E01026396,1,2022,0.659571216522315,0.337833858891242,0.130821760441292,54.720709413288,62.427522123744,0.0,0.0,0.0,0.337833858891242,-0.321737357631073,0.468655619332534,-0.19091559718978096,-0.12148700965496854,-0.7810582261772835,-0.07217728217074845,-0.7317484986930635,-0.0849556031280792,-0.7445268196503942,-0.28368475902024837,-0.9432559755425634,-0.11570367312765151,-0.7752748896499665,-0.13227798,-0.7918491969691305,-0.0760142252626031,-0.7355854417849181,-0.09308067952513122,-0.7526518960474462,-0.12114183749116776,-0.7807130540134828
E01026397,E01034706,West Lindsey 009E,West Lindsey,E01026397,1,2020,0.362024470501942,0.367417962481741,0.21026661668050003,53.94856755009383,63.32578419216711,0.0,0.0,0.0,0.367417962481741,0.005393491979799048,0.577684579162241,0.21566010866029905,0.07777498057436585,-0.28424948992757615,-0.2114322790742398,-0.5734567495761818,0.03587427371556985,-0.32615019678637214,-0.24433313286321015,-0.6063576033651521,0.01026796853495915,-0.3517565019669828,0.015398213,-0.34662625779340916,-0.09878795974583515,-0.4608124302477771,-0.03935877475969764,-0.4013832452616396,0.06042383154320902,-0.30160063895873296
E01026397,E01034706,West Lindsey 009E,West Lindsey,E01026397,1,2021,0.625049175006317,0.362024470501942,-0.005393491979799048,53.94856755009383,63.32578419216711,0.0,0.0,0.0,0.362024470501942,-0.263024704504375,0.3566309785221429,-0.26841819648417403,0.07777498057436585,-0.5472741944319511,-0.2114322790742398,-0.8364814540805567,0.03587427371556985,-0.5891749012907471,-0.24433313286321015,-0.8693823078695271,0.01026796853495915,-0.6147812064713578,0.015398213,-0.6096509622977841,-0.09878795974583515,-0.7238371347521522,-0.03935877475969764,-0.6644079497660146,0.06042383154320902,-0.5646253434631079
E01026397,E01034706,West Lindsey 009E,West Lindsey,E01026397,1,2022,1.07533874272669,0.625049175006317,0.263024704504375,53.94856755009383,63.32578419216711,0.0,0.0,0.0,0.625049175006317,-0.4502895677203731,0.8880738795106919,-0.1872648632159981,0.07777498057436585,-0.9975637621523242,-0.2114322790742398,-1.2867710218009298,0.03587427371556985,-1.03946446901112,-0.24433313286321015,-1.3196718755899002,0.01026796853495915,-1.065070774191731,0.015398213,-1.0599405300181572,-0.09878795974583515,-1.1741267024725253,-0.03935877475969764,-1.1146975174863878,0.06042383154320902,-1.014914911183481
E01026397,E01034707,West Lindsey 009F,West Lindsey,E01026397,1,2020,0.362024470501942,0.367417962481741,0.21026661668050003,53.94856755009383,63.32578419216711,0.0,0.0,0.0,0.367417962481741,0.005393491979799048,0.577684579162241,0.21566010866029905,0.07777498057436585,-0.28424948992757615,-0.2114322790742398,-0.5734567495761818,0.03587427371556985,-0.32615019678637214,-0.24433313286321015,-0.6063576033651521,0.01026796853495915,-0.3517565019669828,0.015398213,-0.34662625779340916,-0.09878795974583515,-0.4608124302477771,-0.03935877475969764,-0.4013832452616396,0.06042383154320902,-0.30160063895873296
E01026397,E01034707,West Lindsey 009F,West Lindsey,E01026397,1,2021,0.625049175006317,0.362024470501942,-0.005393491979799048,53.94856755009383,63.32578419216711,0.0,0.0,0.0,0.362024470501942,-0.263024704504375,0.3566309785221429,-0.26841819648417403,0.07777498057436585,-0.5472741944319511,-0.2114322790742398,-0.8364814540805567,0.03587427371556985,-0.5891749012907471,-0.24433313286321015,-0.8693823078695271,0.01026796853495915,-0.6147812064713578,0.015398213,-0.6096509622977841,-0.09878795974583515,-0.7238371347521522,-0.03935877475969764,-0.6644079497660146,0.06042383154320902,-0.5646253434631079
E01026397,E01034707,West Lindsey 009F,West Lindsey,E01026397,1,2022,1.07533874272669,0.625049175006317,0.263024704504375,53.94856755009383,63.32578419216711,0.0,0.0,0.0,0.625049175006317,-0.4502895677203731,0.8880738795106919,-0.1872648632159981,0.07777498057436585,-0.9975637621523242,-0.2114322790742398,-1.2867710218009298,0.03587427371556985,-1.03946446901112,-0.24433313286321015,-1.3196718755899002,0.01026796853495915,-1.065070774191731,0.015398213,-1.0599405300181572,-0.09878795974583515,-1.1741267024725253,-0.03935877475969764,-1.1146975174863878,0.06042383154320902,-1.014914911183481
E01026398,E01026398,West Lindsey 009C,West Lindsey,E01026398,1,2020,0.322409715389479,0.441559620932904,0.33210388691980003,54.348003138530174,62.77585328925545,0.0,0.0,0.0,0.441559620932904,0.11914990554342503,0.7736635078527041,0.4512537924632251,0.09825780782384225,-0.22415190756563674,0.11021340464377252,-0.21219631074570647,0.06046616573426334,-0.26194354965521566,-0.03862731316529317,-0.36103702855477215,0.13074489589062757,-0.19166481949885142,0.06269037,-0.259719345604647,0.17727472491934193,-0.14513499047013706,-0.06873377362501268,-0.3911434890144917,0.06773389623650988,-0.2546758191529691
E01026398,E01026398,West Lindsey 009C,West Lindsey,E01026398,1,2021,0.643942488415041,0.322409715389479,-0.11914990554342503,54.348003138530174,62.77585328925545,0.0,0.0,0.0,0.322409715389479,-0.321532773025562,0.20325980984605396,-0.440682678568987,0.09719311573189421,-0.5467493726831467,0.10951505831039779,-0.5344274301046432,0.06046616573426334,-0.5834763226807776,-0.040821941863159204,-0.6847644302782002,0.13074489589062757,-0.5131975925244134,0.06269037,-0.581252118630209,0.17727472491934193,-0.46666776349569905,-0.06873377362501268,-0.7126762620400536,0.06785428972665114,-0.5760881986883899
E01026398,E01026398,West Lindsey 009C,West Lindsey,E01026398,1,2022,1.14341566773308,0.643942488415041,0.321532773025562,54.348003138530174,62.77585328925545,0.0,0.0,0.0,0.643942488415041,-0.49947317931803903,0.965475261440603,-0.17794040629247698,0.10085565652819548,-1.0425600112048845,0.11191736969720689,-1.0314982980358731,0.06046616573426334,-1.0829495019988167,-0.03862731316529317,-1.1820429808983732,0.13074489589062757,-1.0126707718424524,0.06269037,-1.080725297948248,0.17727472491934193,-0.9661409428137381,-0.07051165273578089,-1.213927320468861,0.06744013612056518,-1.0759755316125148
E01026400,E01026400,West Lindsey 009D,West Lindsey,E01026400,1,2020,0.425495025335263,0.100185738041513,0.020692689832479905,80.37584310449779,75.90440123681617,0.0,0.0,0.0,0.100185738041513,-0.32530928729375,0.1208784278739929,-0.3046165974612701,-0.49550194113330737,-0.9209969664685704,-0.540613613918028,-0.9661086392532909,-0.15084292463084575,-0.5763379499661088,-0.32077804992187076,-0.7462730752571338,-0.05228709754764937,-0.4777821228829124,-0.11087881,-0.5363738356217849,-0.23418710770400386,-0.6596821330392668,0.032616643297884336,-0.3928783820373787,-0.0655884808405005,-0.4910835061757635
E01026400,E01026400,West Lindsey 009D,West Lindsey,E01026400,1,2021,0.270202690837724,0.425495025335263,0.32530928729375,80.37584310449779,75.90440123681617,0.0,0.0,0.0,0.425495025335263,0.155292334497539,0.750804312629013,0.480601621791289,-0.49362808305147887,-0.763830773889203,-0.5393845243712885,-0.8095872152090124,-0.15084292463084575,-0.4210456154685698,-0.3207961535258581,-0.5909988443635821,-0.05228709754764937,-0.3224897883853734,-0.11087881,-0.38108150112424594,-0.226762395464988,-0.496965086302712,0.036989558634857374,-0.23321313220286666,-0.06580037338314908,-0.3360030642208731
E01026400,E01026400,West Lindsey 009D,West Lindsey,E01026400,1,2022,0.284403340709553,0.270202690837724,-0.155292334497539,80.37584310449779,75.90440123681617,0.0,0.0,0.0,0.270202690837724,-0.014200649871828952,0.11491035634018504,-0.16949298436936794,-0.49171163728597234,-0.7761149779955253,-0.5381275009712139,-0.8225308416807668,-0.15084292463084575,-0.43524626534039873,-0.3186948277223569,-0.6030981684319099,-0.05228709754764937,-0.33669043825720235,-0.116897136,-0.40130047668252966,-0.226762395464988,-0.511165736174541,0.03737169968103517,-0.24703164102851782,-0.0660170816654034,-0.3504204223749564
E01026393,E01026393,West Lindsey 010A,West Lindsey,E01026393,1,2020,0.463504903296096,0.514441291749248,0.321564226562971,32.14563298637606,78.87200025320756,0.0,0.0,0.0,0.514441291749248,0.050936388453152015,0.836005518312219,0.372500615016123,-0.34843174373530694,-0.8119366470314029,-0.3381554067859335,-0.8016603100820294,0.069287376759214,-0.394217526536882,-0.12157796369817274,-0.5850828669942687,0.04095534026540854,-0.42254956303068747,0.12092241,-0.34258249429808346,-0.11137397045712502,-0.574878873753221,0.16912747727299524,-0.2943774260231008,0.10257338429405055,-0.36093151900204545
E01026393,E01026393,West Lindsey 010A,West Lindsey,E01026393,1,2021,0.580213378106709,0.463504903296096,-0.050936388453152015,32.14563298637606,78.87200025320756,0.0,0.0,0.0,0.463504903296096,-0.11670847481061303,0.412568514842944,-0.16764486326376504,-0.34660047333715627,-0.9268138514438653,-0.33695425109252897,-0.917167629199238,0.07444273994239747,-0.5057706381643116,-0.11980629541087914,-0.7000196735175882,0.03395995586974174,-0.5462534222369673,0.123872004,-0.4563413736573415,-0.11137397045712502,-0.6915873485638341,0.10653165697588082,-0.4736817211308282,0.10504302860967404,-0.47517034949703496
E01026393,E01026393,West Lindsey 010A,West Lindsey,E01026393,1,2022,0.703429951886556,0.580213378106709,0.11670847481061303,32.14563298637606,78.87200025320756,0.0,0.0,0.0,0.580213378106709,-0.12321657377984696,0.696921852917322,-0.0065080989692339886,-0.34183065276522906,-1.045260604651785,-0.3338256595190101,-1.0372556114055662,0.08810385395589676,-0.6153260979306592,-0.11679201390237043,-0.8202219657889265,0.04304177006137159,-0.6603881818251844,0.12415214,-0.5792778130573247,-0.12474060614715951,-0.8281705580337155,0.09072547401777808,-0.6127044778687779,0.10450366577384113,-0.5989262861127149
E01026394,E01026394,West Lindsey 010B,West Lindsey,E01026394,1,2020,0.597915043171388,0.438620488270255,0.282047220652056,50.314150871326554,71.03957132724808,0.0,0.0,0.0,0.438620488270255,-0.15929455490113298,0.720667708922311,0.12275266575092303,-0.30662534430387844,-0.9045403874752664,-0.28156231314461655,-0.8794773563160045,-0.004811987009234914,-0.6027270301806229,-0.22570177072246939,-0.8236168138938573,-0.03590962635509756,-0.6338246695264855,-0.012271081,-0.610186124268812,-0.0828717201833312,-0.6807867633547192,0.0011933217732192046,-0.5967217213981688,-0.03738331870550683,-0.6352983618768948
E01026394,E01026394,West Lindsey 010B,West Lindsey,E01026394,1,2021,0.761447320387765,0.597915043171388,0.15929455490113298,50.314150871326554,71.03957132724808,0.0,0.0,0.0,0.597915043171388,-0.16353227721637698,0.757209598072521,-0.004237722315243997,-0.30662534430387844,-1.0680726646916434,-0.28156231314461655,-1.0430096335323815,-0.004811987009234914,-0.7662593073969999,-0.22570177072246939,-0.9871490911102343,-0.03590962635509756,-0.7973569467428625,-0.012271081,-0.773718401485189,-0.0828717201833312,-0.8443190405710962,0.0011933217732192046,-0.7602539986145458,-0.03738331870550683,-0.7988306390932718
E01026394,E01026394,West Lindsey 010B,West Lindsey,E01026394,1,2022,0.784176038953714,0.761447320387765,0.16353227721637698,50.314150871326554,71.03957132724808,0.0,0.0,0.0,0.761447320387765,-0.022728718565949046,0.924979597604142,0.14080355865042793,-0.30662534430387844,-1.0908013832575925,-0.28156231314461655,-1.0657383520983306,-0.004811987009234914,-0.7889880259629489,-0.22570177072246939,-1.0098778096761833,-0.03590962635509756,-0.8200856653088116,-0.012271081,-0.796447120051138,-0.0828717201833312,-0.8670477591370452,0.0011933217732192046,-0.7829827171804948,-0.03738331870550683,-0.8215593576592208
E01026395,E01026395,West Lindsey 010C,West Lindsey,E01026395,1,2020,0.700309499513665,0.362290716469954,0.20232241263766598,33.868461463304286,78.64279282418171,0.0,0.0,0.0,0.362290716469954,-0.33801878304371097,0.56461312910762,-0.13569637040604499,-0.23190346865731337,-0.9322129681709783,-0.2230991347896136,-0.9234086343032786,0.16060953250635956,-0.5396999670073054,-0.06007431534401522,-0.7603838148576801,0.268319985478984,-0.43198951403468094,0.25209463,-0.44821487308696817,0.15516401713121925,-0.5451454823824458,0.16303568686541978,-0.5372738126482451,0.2513024025512919,-0.44900709696237306
E01026395,E01026395,West Lindsey 010C,West Lindsey,E01026395,1,2021,0.788244911242464,0.700309499513665,0.33801878304371097,33.868461463304286,78.64279282418171,0.0,0.0,0.0,0.700309499513665,-0.08793541172879904,1.0383282825573759,0.2500833713149119,-0.23190346865731337,-1.0201483798997772,-0.2230991347896136,-1.0113440460320775,0.16060953250635956,-0.6276353787361044,-0.06007431534401522,-0.8483192265864792,0.268319985478984,-0.5199249257634799,0.25209463,-0.5361502848157672,0.15516401713121925,-0.6330808941112447,0.16303568686541978,-0.6252092243770442,0.2513024025512919,-0.5369425086911721
E01026395,E01026395,West Lindsey 010C,West Lindsey,E01026395,1,2022,0.59804333129298,0.788244911242464,0.08793541172879904,33.868461463304286,78.64279282418171,0.0,0.0,0.0,0.788244911242464,0.19020157994948395,0.876180322971263,0.278136991678283,-0.20170880092966686,-0.7997521322226468,-0.20329403277510585,-0.8013373640680859,-0.12071517106556041,-0.7187585023585404,-0.16977473434704188,-0.767818065640022,0.005259462806972218,-0.5927838684860078,-0.041370466,-0.6394137976444891,-0.008220512457501397,-0.6062638437504815,0.11463115534903878,-0.48341217594394126,-0.03268958655773628,-0.6307329178507163
E01026405,E01026405,West Lindsey 010D,West Lindsey,E01026405,1,2020,0.237949945626176,0.24391026599075,0.1523549939889787,42.14083302907776,77.67391737466546,0.0,0.0,0.0,0.24391026599075,0.005960320364574001,0.3962652599797287,0.15831531435355273,-0.41912181861153597,-0.657071764237712,-0.5183815216331439,-0.7563314672593199,-0.1709564651264222,-0.4089064107525982,-0.27384219837511675,-0.5117921440012927,-0.06483393102857246,-0.3027838766547485,-0.0530276,-0.29097754567614853,-0.1864803935621669,-0.4244303391883429,0.048549325988659686,-0.1894006196375163,-0.005056152046518589,-0.2430060976726946
E01026405,E01026405,West Lindsey 010D,West Lindsey,E01026405,1,2021,0.796553810101762,0.237949945626176,-0.005960320364574001,42.14083302907776,77.67391737466546,0.0,0.0,0.0,0.237949945626176,-0.558603864475586,0.231989625261602,-0.5645641848401599,-0.4206123875402632,-1.2171661976420252,-0.5193592064998686,-1.3159130166016304,-0.18074612075977076,-0.9772999308615327,-0.2730628539280582,-1.0696166640298201,-0.05783854663290564,-0.8543923567346676,-0.050653826,-0.8472076365471031,-0.1864803935621669,-0.9830342036639288,0.11795448568385558,-0.6785993244179064,-0.0048876011603208175,-0.8014414112620828
E01026405,E01026405,West Lindsey 010D,West Lindsey,E01026405,1,2022,0.801206339588393,0.796553810101762,0.558603864475586,42.14083302907776,77.67391737466546,0.0,0.0,0.0,0.796553810101762,-0.004652529486631085,1.355157674577348,0.5539513349889549,-0.4206123875402632,-1.2218187271286562,-0.5193592064998686,-1.3205655460882615,-0.18074612075977076,-0.9819524603481637,-0.2730628539280582,-1.0742691935164512,-0.05783854663290564,-0.8590448862212987,-0.050653826,-0.8518601660337342,-0.1864803935621669,-0.9876867331505599,0.11795448568385558,-0.6832518539045375,-0.0048876011603208175,-0.8060939407487139
E01026406,E01026406,West Lindsey 010E,West Lindsey,E01026406,1,2020,0.414401820681268,0.438617867789258,0.38582893574252286,37.63217192542504,78.0295841342272,0.0,0.0,0.0,0.438617867789258,0.02421604710798997,0.8244468035317809,0.4100449828505129,-0.47034939411089505,-0.884751214792163,-0.5498874137074294,-0.9642892343886975,-0.2466228261912094,-0.6610246468724774,-0.31858934596729355,-0.7329911666485616,-0.1317218000101225,-0.5461236206913905,-0.14372477,-0.5581265900351347,-0.3142714987130965,-0.7286733193943645,-0.12594907395208838,-0.5403508946333564,-0.1243014241386293,-0.5387032448198973
E01026406,E01026406,West Lindsey 010E,West Lindsey,E01026406,1,2021,0.525141008257296,0.414401820681268,-0.02421604710798997,37.63217192542504,78.0295841342272,0.0,0.0,0.0,0.414401820681268,-0.11073918757602802,0.39018577357327805,-0.134955234684018,-0.4711159724170976,-0.9962569806743936,-0.5503902230674592,-1.0755312313247551,-0.2466228261912094,-0.7717638344485054,-0.32006257818131423,-0.8452035864386103,-0.1317218000101225,-0.6568628082674185,-0.14372477,-0.6688657776111626,-0.31956267482798323,-0.8447036830852792,-0.13469044040376993,-0.6598314486610659,-0.12421474082572757,-0.6493557490830236
E01026406,E01026406,West Lindsey 010E,West Lindsey,E01026406,1,2022,0.401760815559511,0.525141008257296,0.11073918757602802,37.63217192542504,78.0295841342272,0.0,0.0,0.0,0.525141008257296,0.12338019269778505,0.635880195833324,0.23411938027381302,-0.47192513840697814,-0.8736859539664892,-0.5509209662808241,-0.952681781840335,-0.2466228261912094,-0.6483836417507204,-0.32006257818131423,-0.7218233937408252,-0.1317218000101225,-0.5334826155696335,-0.14372477,-0.5454855849133775,-0.31956267482798323,-0.7213234903874942,-0.13923289163446095,-0.5409937071939719,-0.1241232417732202,-0.5258840573327312
E01026367,E01026367,West Lindsey 001A,West Lindsey,E01026367,1,2020,0.343197756491487,0.545708787162235,-0.09135622677286992,93.59205667016307,82.27883336053374,0.0,0.0,0.0,0.545708787162235,0.20251103067074805,0.4543525603893651,0.11115480389787813,0.17898766513001338,-0.1642100913614736,0.2528252813955461,-0.09037247509594087,0.530660163570635,0.18746240707914796,0.4630575313033688,0.11985977481188181,0.5156411675643667,0.17244341107287975,0.48288253,0.13968477300565962,0.6607193520183664,0.3175215955268794,0.6028895019557771,0.2596917454642901,0.5124860793224493,0.1692883228309623
E01026367,E01026367,West Lindsey 001A,West Lindsey,E01026367,1,2021,0.93223895246879,0.343197756491487,-0.20251103067074805,93.59205667016307,82.27883336053374,0.0,0.0,0.0,0.343197756491487,-0.589041195977303,0.14068672582073893,-0.791552226648051,0.18239467982424712,-0.7498442726445429,0.2550599896623453,-0.6771789628064446,0.530660163570635,-0.401578788898155,0.4630575313033688,-0.46918142116542116,0.5156411675643667,-0.41659778490442323,0.48288253,-0.44935642297164335,0.6607193520183664,-0.27151960045042356,0.6054585942154674,-0.3267803582533225,0.5121008201539972,-0.4201381323147928
E01026367,E01026367,West Lindsey 001A,West Lindsey,E01026367,1,2022,1.41734447337646,0.93223895246879,0.589041195977303,93.59205667016307,82.27883336053374,0.0,0.0,0.0,0.93223895246879,-0.48510552090767,1.521280148446093,0.10393567506963297,0.1854609930490575,-1.2318834803274026,0.25707122710246455,-1.1602732462739955,0.5301780195676459,-0.8871664538088141,0.46360773166744007,-0.9537367417090199,0.5156411675643667,-0.9017033058120932,0.48288253,-0.9344619438793134,0.6607193520183664,-0.7566251213580936,0.6054585942154674,-0.8118858791609925,0.5117540869023903,-0.9055903864740696
E01026368,E01026368,West Lindsey 001B,West Lindsey,E01026368,1,2020,-0.210194884711622,-0.43701568540848,0.30200842046647003,93.94351537328899,82.39135418612028,0.0,0.0,0.0,-0.43701568540848,-0.226820800696858,-0.13500726494200999,0.07518761976961202,-0.6075322492219246,-0.3973373645103026,-0.4868294952884349,-0.2766346105768129,-0.33546844231841666,-0.12527355760679465,-0.4347351246278113,-0.22454023991618927,-0.4601081714173436,-0.2499132867057216,-0.41626412,-0.2060692320524466,-0.3908267916533185,-0.1806319069416965,-0.33480082470729255,-0.12460593999567054,-0.3820655826557665,-0.1718706979441445
E01026368,E01026368,West Lindsey 001B,West Lindsey,E01026368,1,2021,-0.0502271806491015,-0.210194884711622,0.226820800696858,93.94351537328899,82.39135418612028,0.0,0.0,0.0,-0.210194884711622,-0.1599677040625205,0.016625915985235995,0.0668530966343375,-0.5986314233332389,-0.5484042426841375,-0.4809913199414221,-0.4307641392923206,-0.4684092188933772,-0.41818203824427574,-0.47789857377145184,-0.42767139312235036,-0.4963131507595011,-0.44608597011039963,-0.47969782,-0.4294706428753736,-0.4022399653691291,-0.3520127847200276,-0.4230144000066986,-0.3727872193575971,-0.4327510885731649,-0.38252390792406343
E01026368,E01026368,West Lindsey 001B,West Lindsey,E01026368,1,2022,0.430346627352886,-0.0502271806491015,0.1599677040625205,93.94351537328899,82.39135418612028,0.0,0.0,0.0,-0.0502271806491015,-0.48057380800198746,0.109740523413419,-0.320606103939467,-0.5954373470573948,-1.0257839744102808,-0.47889628094129777,-0.9092429082941837,-0.5018269262360601,-0.932173553588946,-0.49068117263237115,-0.9210277999852572,-0.5192615971024693,-0.9496082244553553,-0.48124892,-0.9115955425483511,-0.42122731934940794,-0.8515739467022939,-0.4691101558699965,-0.8994567832228825,-0.4557125604105906,-0.8860591877634766
E01026387,E01026387,West Lindsey 001C,West Lindsey,E01026387,1,2020,-0.187333279162565,-0.283245265674588,0.269863083888447,92.30495292902086,83.66273909815956,0.0,0.0,0.0,-0.283245265674588,-0.09591198651202301,-0.013382181786141034,0.17395109737642397,-0.3300691204176713,-0.14273584125510627,-0.3847622592202574,-0.1974289800576924,-0.6041875656856593,-0.4168542865230943,-0.5899531009183075,-0.4026198217557425,-0.5531653127801743,-0.3658320336176093,-0.6267325,-0.43939924904712124,-0.4529874821311054,-0.26565420296854036,-0.5890628544755198,-0.4017295753129547,-0.587296304789674,-0.39996302562710895
E01026387,E01026387,West Lindsey 001C,West Lindsey,E01026387,1,2021,0.135427385076402,-0.187333279162565,0.09591198651202301,92.30495292902086,83.66273909815956,0.0,0.0,0.0,-0.187333279162565,-0.322760664238967,-0.091421292650542,-0.226848677726944,-0.32896184064204537,-0.4643892257184474,-0.3840359790335477,-0.5194633641099498,-0.6041875656856593,-0.7396149507620613,-0.5899531009183075,-0.7253804859947095,-0.5531653127801743,-0.6885926978565764,-0.6267325,-0.7621599132860883,-0.4529874821311054,-0.5884148672075074,-0.627948388811616,-0.763375773888018,-0.5874215140194208,-0.7228488990958228
E01026387,E01026387,West Lindsey 001C,West Lindsey,E01026387,1,2022,0.332056012166023,0.135427385076402,0.322760664238967,92.30495292902086,83.66273909815956,0.0,0.0,0.0,0.135427385076402,-0.19662862708962098,0.458188049315369,0.126132037149346,-0.327513859396996,-0.6595698715630189,-0.383086228020158,-0.715142240186181,-0.6041875656856593,-0.9362435778516823,-0.5888323362943985,-0.9208883484604214,-0.5531653127801743,-0.8852213249461973,-0.6267325,-0.9587885403757093,-0.4529874821311054,-0.7850434942971284,-0.627948388811616,-0.960004400977639,-0.587585249166013,-0.9196412613320359
E01026416,E01026416,West Lindsey 001D,West Lindsey,E01026416,1,2020,0.148112887468362,0.181730310124528,-0.04803320274925599,91.9677837815241,83.55657142648523,0.0,0.0,0.0,0.181730310124528,0.03361742265616602,0.13369710737527202,-0.01441578009308997,-0.04169550584999969,-0.1898083933183617,0.00028852788413689934,-0.14782435958422507,0.17737258223736846,0.029259694769006472,0.05402444705146475,-0.09408844041689723,0.13787606279984488,-0.010236824668517108,0.14197633,-0.006136560764336718,0.17639580538173733,0.02828291791337534,0.2989970912354041,0.1508842037670421,0.1700565914301672,0.0219437039618052
E01026416,E01026416,West Lindsey 001D,West Lindsey,E01026416,1,2021,1.19612615240805,0.148112887468362,-0.03361742265616602,91.9677837815241,83.55657142648523,0.0,0.0,0.0,0.148112887468362,-1.048013264939688,0.11449546481219597,-1.0816306875958541,-0.04463405602377628,-1.2407602084318263,-0.0016389079959773928,-1.1977650604040273,0.17737258223736846,-1.0187535701706816,0.05402444705146475,-1.1421017053565852,0.13787606279984488,-1.058250089608205,0.14197633,-1.0541498257040247,0.17639580538173733,-1.0197303470263126,0.2989970912354041,-0.8971290611726459,0.17038887746295708,-1.0257372749450928
E01026416,E01026416,West Lindsey 001D,West Lindsey,E01026416,1,2022,0.722238495758744,1.19612615240805,1.048013264939688,91.9677837815241,83.55657142648523,0.0,0.0,0.0,1.19612615240805,0.473887656649306,2.2441394173477383,1.5219009215889943,-0.04757260619755292,-0.7698111019562969,-0.0035663438760917127,-0.7258048396348357,0.17737258223736846,-0.5448659135213756,0.05416452648679705,-0.668073969271947,0.13787606279984488,-0.5843624329588991,0.14197633,-0.5802621690547187,0.17639580538173733,-0.5458426903770066,0.2989970912354041,-0.4232414045233399,0.17072116349574704,-0.5515173322629969
E01032683,E01032683,West Lindsey 001G,West Lindsey,E01032683,1,2020,-0.0968270837616567,-0.135634684632336,0.08852431657944101,94.11764706000001,82.35294118,0.0,0.0,0.0,-0.135634684632336,-0.03880760087067929,-0.04711036805289498,0.049716715708761725,-0.6158557538548332,-0.5190286700931764,-0.41335709709073487,-0.31653001332907815,-0.5127504999615895,-0.4159234161999328,-0.5902557362190091,-0.49342865245735235,-0.5416505711071227,-0.44482348734546595,-0.5577362,-0.46090913421395974,-0.4556864574472883,-0.3588593736856316,-0.5760434158020187,-0.47921633204036196,-0.5425941208567432,-0.44576703709508647
E01032683,E01032683,West Lindsey 001G,West Lindsey,E01032683,1,2021,0.0895654147811696,-0.0968270837616567,0.03880760087067929,94.11764706000001,82.35294118,0.0,0.0,0.0,-0.0968270837616567,-0.1863924985428263,-0.058019482890977414,-0.147584897672147,-0.6158557538548332,-0.7054211686360028,-0.41335709709073487,-0.5029225118719045,-0.5127504999615895,-0.6023159147427591,-0.5902557362190091,-0.6798211510001787,-0.5416505711071227,-0.6312159858882923,-0.5577362,-0.6473016327567861,-0.4556864574472883,-0.545251872228458,-0.5760434158020187,-0.6656088305831883,-0.5425941208567432,-0.6321595356379128
E01032683,E01032683,West Lindsey 001G,West Lindsey,E01032683,1,2022,0.106868771817917,0.0895654147811696,0.1863924985428263,94.11764706000001,82.35294118,0.0,0.0,0.0,0.0895654147811696,-0.017303357036747402,0.2759579133239959,0.1690891415060789,-0.6154724647017317,-0.7223412365196487,-0.4131056924107199,-0.5199744642286369,-0.5153378846423238,-0.6222066564602408,-0.5884949220772592,-0.6953636938951762,-0.5416505711071227,-0.6485193429250397,-0.5577362,-0.6646049897935334,-0.4556864574472883,-0.5625552292652053,-0.5760434158020187,-0.6829121876199357,-0.542637462513194,-0.649506234331111
E01026380,E01026380,West Lindsey 002A,West Lindsey,E01026380,1,2020,1.00925023868085,0.887142993306853,0.34560031723861395,36.33916911214863,47.4767846428992,0.0,0.0,0.0,0.887142993306853,-0.12210724537399698,1.2327433105454668,0.22349307186461687,0.1351556289269312,-0.8740946097539187,0.009223594656821515,-1.0000266440240284,0.34508781858766197,-0.6641624200931879,0.14678651577365137,-0.8624637229071985,0.30305660983930865,-0.7061936288415414,0.32468396,-0.684566274428378,0.2114421333475673,-0.7978081053332826,0.3533899397417122,-0.6558602989391378,0.3323245326727694,-0.6769257060080806
E01026380,E01026380,West Lindsey 002A,West Lindsey,E01026380,1,2021,1.13376153348804,1.00925023868085,0.12210724537399698,36.33916911214863,47.4767846428992,0.0,0.0,0.0,1.00925023868085,-0.12451129480719003,1.1313574840548468,-0.0024040494331931672,0.1351556289269312,-0.9986059045611088,0.009223594656821515,-1.1245379388312184,0.34508781858766197,-0.788673714900378,0.14678651577365137,-0.9869750177143886,0.30305660983930865,-0.8307049236487314,0.32468396,-0.8090775692355681,0.2114421333475673,-0.9223194001404726,0.3533899397417122,-0.7803715937463278,0.3323245326727694,-0.8014370008152706
E01026380,E01026380,West Lindsey 002A,West Lindsey,E01026380,1,2022,1.44414019595831,1.13376153348804,0.12451129480719003,36.33916911214863,47.4767846428992,0.0,0.0,0.0,1.13376153348804,-0.31037866247027,1.25827282829523,-0.18586736766307999,0.1351556289269312,-1.3089845670313789,0.009223594656821515,-1.4349166013014885,0.34508781858766197,-1.099052377370648,0.14678651577365137,-1.2973536801846586,0.30305660983930865,-1.1410835861190014,0.32468396,-1.119456231705838,0.2114421333475673,-1.2326980626107427,0.3533899397417122,-1.0907502562165978,0.3323245326727694,-1.1118156632855407
E01026401,E01026401,West Lindsey 002B,West Lindsey,E01026401,1,2020,0.294109893794125,0.321380656382696,0.2864357704039382,46.198537844,59.654864296999996,0.0,0.0,0.0,0.321380656382696,0.027270762588570974,0.6078164267866342,0.31370653299250917,-0.49153798971327767,-0.7856478835074027,-0.48278330974987993,-0.7768932035440049,-0.11760744805797918,-0.4117173418521042,-0.20991192945898615,-0.5040218232531112,-0.12270484828844606,-0.4168147420825711,-0.12085015,-0.4149600470615086,-0.15599505868999244,-0.4501049524841174,-0.0663845738542615,-0.3604944676483865,-0.05337944259304564,-0.3474893363871706
E01026401,E01026401,West Lindsey 002B,West Lindsey,E01026401,1,2021,0.469898602059297,0.294109893794125,-0.027270762588570974,46.198537844,59.654864296999996,0.0,0.0,0.0,0.294109893794125,-0.175788708265172,0.266839131205554,-0.20305947085374298,-0.48791803660065436,-0.9578166386599514,-0.4804089322164058,-0.9503075342757028,-0.1183361284550865,-0.5882347305143835,-0.21060846021564247,-0.6805070622749395,-0.12270484828844606,-0.5926034503477431,-0.12085015,-0.5907487553266806,-0.15599505868999244,-0.6258936607492894,-0.06601769313794643,-0.5359162951972435,-0.05378878045952598,-0.523687382518823
E01026401,E01026401,West Lindsey 002B,West Lindsey,E01026401,1,2022,0.250666196489542,0.469898602059297,0.175788708265172,46.198537844,59.654864296999996,0.0,0.0,0.0,0.469898602059297,0.21923240556975498,0.645687310324469,0.395021113834927,-0.48791803660065436,-0.7385842330901964,-0.4804089322164058,-0.7310751287059478,-0.1183361284550865,-0.36900232494462853,-0.21060846021564247,-0.4612746567051845,-0.12270484828844606,-0.3733710447779881,-0.12085015,-0.3715163497569256,-0.15599505868999244,-0.40666125517953444,-0.06601769313794643,-0.31668388962748845,-0.05378878045952598,-0.304454976949068
E01026402,E01026402,West Lindsey 002C,West Lindsey,E01026402,1,2020,0.636464169132683,0.432197706015579,0.3855622520042517,44.66125229277778,55.638342361111114,0.0,0.0,0.0,0.432197706015579,-0.204266463117104,0.8177599580198307,0.1812957888871477,-0.5744657228327907,-1.2109298919654736,-0.418581654011036,-1.055045823143719,-0.21242468491763775,-0.8488888540503208,-0.34452120860359253,-0.9809853777362756,-0.2950556813653092,-0.9315198504979922,-0.2492204,-0.8856845701813433,-0.29867031548341433,-0.9351344846160974,-0.22926086845864188,-0.8657250375913249,-0.23650012949967045,-0.8729642986323535
E01026402,E01026402,West Lindsey 002C,West Lindsey,E01026402,1,2021,0.510069986923355,0.636464169132683,0.204266463117104,44.66125229277778,55.638342361111114,0.0,0.0,0.0,0.636464169132683,0.12639418220932797,0.840730632249787,0.3306606453264319,-0.5773190976392115,-1.0873890845625667,-0.42045322218448034,-0.9305232091078354,-0.23273970488609824,-0.7428096918094533,-0.3680960340719129,-0.878166020995268,-0.2950556813653092,-0.8051256682886643,-0.25684133,-0.7669113186437072,-0.32621141924112057,-0.8362814061644757,-0.2805528591376532,-0.7906228460610083,-0.23223952224349628,-0.7423095091668513
E01026402,E01026402,West Lindsey 002C,West Lindsey,E01026402,1,2022,0.490589531134956,0.510069986923355,-0.12639418220932797,44.66125229277778,55.638342361111114,0.0,0.0,0.0,0.510069986923355,0.01948045578839902,0.38367580471402707,-0.10691372642092895,-0.5763821685982972,-1.0669716997332532,-0.4198386774111106,-0.9104282085460667,-0.2156306554130992,-0.7062201865480552,-0.36173881819767345,-0.8523283493326295,-0.2950556813653092,-0.7856452125002652,-0.25684133,-0.7474308628553081,-0.3270518921380086,-0.8176414232729646,-0.25324954197716265,-0.7438390731121187,-0.23326678336710086,-0.7238563145020569
E01026403,E01026403,West Lindsey 002D,West Lindsey,E01026403,1,2020,0.848414711857961,0.63942110789834,-0.26381482489085906,37.67403388317391,52.55452397391304,0.0,0.0,0.0,0.63942110789834,-0.20899360395962108,0.3756062830074809,-0.47280842885048013,0.12007346376145393,-0.7283412480965071,0.0448602817748608,-0.8035544300831002,0.47137645945730466,-0.37703825240065636,0.4287390934046697,-0.4196756184532913,0.3647978706578215,-0.48361684120013954,0.43720987,-0.41120483746640524,0.20266457353946882,-0.6457501383184923,0.4292234799959879,-0.4191912318619731,0.4177109169989919,-0.43070379485896915
E01026403,E01026403,West Lindsey 002D,West Lindsey,E01026403,1,2021,0.99037868073661,0.848414711857961,0.20899360395962108,37.67403388317391,52.55452397391304,0.0,0.0,0.0,0.848414711857961,-0.14196396887864893,1.057408315817582,0.06702963508097204,0.12007346376145393,-0.8703052169751561,0.0448602817748608,-0.9455183989617492,0.47137645945730466,-0.5190022212793053,0.4287390934046697,-0.5616395873319402,0.3647978706578215,-0.6255808100787885,0.43720987,-0.5531688063450542,0.20266457353946882,-0.7877141071971412,0.4292234799959879,-0.561155200740622,0.4177109169989919,-0.5726677637376181
E01026403,E01026403,West Lindsey 002D,West Lindsey,E01026403,1,2022,1.48677437739527,0.99037868073661,0.14196396887864893,37.67403388317391,52.55452397391304,0.0,0.0,0.0,0.99037868073661,-0.49639569665866,1.1323426496152589,-0.3544317277800111,0.12007346376145393,-1.366700913633816,0.0448602817748608,-1.441914095620409,0.47137645945730466,-1.0153979179379653,0.4287390934046697,-1.0580352839906002,0.3647978706578215,-1.1219765067374485,0.43720987,-1.0495645030037142,0.20266457353946882,-1.2841098038558012,0.4292234799959879,-1.057550897399282,0.4177109169989919,-1.069063460396278
E01026407,E01026407,West Lindsey 002E,West Lindsey,E01026407,1,2020,0.750930896432868,0.344150873288843,-0.057845922159732,52.838264073523035,55.86532098292683,0.0,0.0,0.0,0.344150873288843,-0.40678002314402506,0.286304951129111,-0.46462594530375706,0.16865148841603783,-0.5822794080168302,0.13522339671309613,-0.6157074997197719,0.13957314114295638,-0.6113577552899117,0.047120083187809726,-0.7038108132450583,0.15163692425538552,-0.5992939721774825,0.122474864,-0.6284560323076163,0.12950059233240804,-0.62143030410046,0.13009931627136195,-0.6208315801615061,0.16623421303608296,-0.584696683396785
E01026407,E01026407,West Lindsey 002E,West Lindsey,E01026407,1,2021,0.733598830237674,0.750930896432868,0.40678002314402506,52.838264073523035,55.86532098292683,0.0,0.0,0.0,0.750930896432868,0.017332066195194007,1.157710919576893,0.42411208933921907,0.16877925146707162,-0.5648195787706024,0.13530719827310111,-0.5982916319645729,0.13957314114295638,-0.5940256890947176,0.047120083187809726,-0.6864787470498643,0.15163692425538552,-0.5819619059822885,0.122474864,-0.6111239661124223,0.12950059233240804,-0.604098237905266,0.13009931627136195,-0.6034995139663121,0.16621976581726605,-0.567379064420408
E01026407,E01026407,West Lindsey 002E,West Lindsey,E01026407,1,2022,1.03350961994497,0.733598830237674,-0.017332066195194007,52.838264073523035,55.86532098292683,0.0,0.0,0.0,0.733598830237674,-0.299910789707296,0.71626676404248,-0.31724285590249,0.16890701451810541,-0.8646026054268646,0.1353909998331061,-0.8981186201118639,0.13957314114295638,-0.8939364788020137,0.047120083187809726,-0.9863895367571603,0.15163692425538552,-0.8818726956895845,0.122474864,-0.9110347558197183,0.12950059233240804,-0.904009027612562,0.13009931627136195,-0.9034103036736081,0.1662053185984491,-0.8673043013465209
E01026408,E01026408,West Lindsey 002F,West Lindsey,E01026408,1,2020,1.17319863607084,1.44546691430216,0.38269981619465,36.38397073502882,48.91733491056196,0.0,0.0,0.0,1.44546691430216,0.27226827823131994,1.8281667304968099,0.6549680944259699,0.43960624973132,-0.73359238633952,0.3501170906571629,-0.8230815454136771,0.6480137624514457,-0.5251848736193943,0.6172878498315618,-0.5559107862392781,0.8419982679742658,-0.33120036809657416,0.8787572,-0.2944414572874232,0.5445485648437693,-0.6286500712270706,0.8104653897007598,-0.3627332463700802,0.8953959582392585,-0.2778026778315814
E01026408,E01026408,West Lindsey 002F,West Lindsey,E01026408,1,2021,1.60794425540477,1.17319863607084,-0.27226827823131994,36.38397073502882,48.91733491056196,0.0,0.0,0.0,1.17319863607084,-0.4347456193339301,0.90093035783952,-0.70701389756525,0.43824344385362646,-1.1697008115511436,0.3492232073504433,-1.2587210480543267,0.6446254185262206,-0.9633188368785495,0.6127866435215835,-0.9951576118831865,0.8419982679742658,-0.7659459874305042,0.8787572,-0.7291870766213533,0.5403864167431575,-1.0675578386616125,0.7898426633570776,-0.8181015920476924,0.8955500619066394,-0.7123941934981306
E01026408,E01026408,West Lindsey 002F,West Lindsey,E01026408,1,2022,1.88172481327355,1.60794425540477,0.4347456193339301,36.38397073502882,48.91733491056196,0.0,0.0,0.0,1.60794425540477,-0.27378055786878,2.0426898747387003,0.16096506146515033,0.43624182272076417,-1.4454829905527857,0.3479103162436987,-1.5338144970298513,0.6397757242640383,-1.2419490890095117,0.6108006705666599,-1.2709241427068902,0.8419982679742658,-1.0397265452992843,0.87614125,-1.0055835631400356,0.5264641458622017,-1.3552606674113483,0.7781607849395431,-1.103564028334007,0.8872101212559409,-0.9945146920176091
E01026389,E01026389,West Lindsey 003A,West Lindsey,E01026389,1,2020,1.18014602844716,1.28188022830677,0.3207736292749861,90.00703333267106,87.06019201118652,0.0,0.0,0.0,1.28188022830677,0.10173419985960996,1.6026538575817562,0.42250782913459606,0.6728982015040585,-0.5072478269431016,0.4668459476283535,-0.7133000808188066,0.7304557214870825,-0.4496903069600776,0.6532224320620275,-0.5269235963851326,0.8258177087522967,-0.35432831969486345,0.82834816,-0.35179786865712104,0.8279093802965934,-0.35223664815056666,0.823702466994307,-0.35644356145285305,0.8145462002005146,-0.3655998282466455
E01026389,E01026389,West Lindsey 003A,West Lindsey,E01026389,1,2021,1.16434724222895,1.18014602844716,-0.10173419985960996,90.00703333267106,87.06019201118652,0.0,0.0,0.0,1.18014602844716,0.01579878621821007,1.0784118285875501,-0.0859354136413999,0.6747294719022092,-0.4896177703267408,0.46804710332175814,-0.6963001389071919,0.7304557214870825,-0.43389152074186754,0.6532224320620275,-0.5111248101669226,0.8283591328661171,-0.33598810936283297,0.82834816,-0.33599908243891097,0.8356100020472659,-0.32873724018168415,0.844060143213645,-0.32028709901530505,0.8143391233974716,-0.3500081188314784
E01026389,E01026389,West Lindsey 003A,West Lindsey,E01026389,1,2022,1.04641329401176,1.16434724222895,-0.01579878621821007,90.00703333267106,87.06019201118652,0.0,0.0,0.0,1.16434724222895,0.11793394821718994,1.14854845601074,0.10213516199897987,0.6794567047904585,-0.3669565892213016,0.471147761041942,-0.5752655329698181,0.7346039113305011,-0.311809382681259,0.6612280236031789,-0.3851852704085812,0.8283591328661171,-0.21805416114564302,0.81704825,-0.22936504238288435,0.8377435381713949,-0.20866975584036518,0.792131384645043,-0.25428190936671713,0.8085779689203391,-0.23783532509142102
E01026390,E01026390,West Lindsey 003B,West Lindsey,E01026390,1,2020,0.715814752215454,0.874073139780769,0.22069087764737794,89.88818356120365,86.82446161466414,0.0,0.0,0.0,0.874073139780769,0.15825838756531496,1.094764017428147,0.378949265212693,0.005118475161222241,-0.7106962770542318,0.07524300535753928,-0.6405717468579147,0.2928953175595651,-0.4229194346558889,0.23731899181787022,-0.4784957603975838,0.36883817379652434,-0.34697657841892965,0.37948236,-0.33633239352137745,0.375694256394013,-0.340120495821441,0.3805437917048269,-0.3352709605106271,0.3484159936172335,-0.36739875859822047
E01026390,E01026390,West Lindsey 003B,West Lindsey,E01026390,1,2021,1.09104569853837,0.715814752215454,-0.15825838756531496,89.88818356120365,86.82446161466414,0.0,0.0,0.0,0.715814752215454,-0.3752309463229161,0.557556364650139,-0.533489333888231,0.006566456406271598,-1.0844792421320986,0.07619275637092893,-1.0148529421674413,0.35316915266094623,-0.7378765458774239,0.23731899181787022,-0.8537267067204999,0.40597315109448384,-0.6850725474438862,0.43247473,-0.6585709661393833,0.4563036866945734,-0.6347420118437967,0.40709743920273084,-0.6839482593356392,0.3745262377335513,-0.7165194608048188
E01026390,E01026390,West Lindsey 003B,West Lindsey,E01026390,1,2022,0.765398146442926,1.09104569853837,0.3752309463229161,89.88818356120365,86.82446161466414,0.0,0.0,0.0,1.09104569853837,0.32564755209544405,1.4662766448612863,0.7008784984183603,-0.003782350727463385,-0.7691804971703894,0.06940483001052641,-0.6959933164323996,0.33134425001424295,-0.4340538964286831,0.23312724825485187,-0.5322708981880742,0.36531024515766697,-0.40008790128525906,0.36319277,-0.4022053795380951,0.35001856377840945,-0.4153795826645166,0.37970019695380347,-0.38569794948912256,0.32460206716523654,-0.4407960792776895
E01026391,E01026391,West Lindsey 003C,West Lindsey,E01026391,1,2020,0.33303312328035,-0.0901079732335652,-0.009604645145608298,87.95999457555756,86.08649758504495,0.0,0.0,0.0,-0.0901079732335652,-0.4231410965139152,-0.0997126183791735,-0.4327457416595235,-0.48798197437483826,-0.8210150976551882,-0.3800864528794935,-0.7131195761598434,-0.13152803436051513,-0.46456115764086514,-0.1757810513386322,-0.5088141746189823,-0.17927361973680617,-0.5123067430171562,-0.16100639,-0.4940395143287814,-0.21299883408186804,-0.5460319573622181,-0.10687987689404937,-0.4399130001743994,-0.1391914410314185,-0.4722245643117685
E01026391,E01026391,West Lindsey 003C,West Lindsey,E01026391,1,2021,0.447322577456132,0.33303312328035,0.4231410965139152,87.95999457555756,86.08649758504495,0.0,0.0,0.0,0.33303312328035,-0.11428945417578201,0.7561742197942651,0.3088516423381331,-0.48900407878310836,-0.9363266562392404,-0.38075686535953324,-0.8280794428156653,-0.13386123298877853,-0.5811838104449105,-0.1757810513386322,-0.6231036287947642,-0.16444177470525118,-0.6117643521613831,-0.15856469,-0.6058872642313395,-0.2146691160160178,-0.6619916934721498,-0.10687987689404937,-0.5542024543501813,-0.12581970475911042,-0.5731422822152424
E01026391,E01026391,West Lindsey 003C,West Lindsey,E01026391,1,2022,0.977196753092623,0.447322577456132,0.11428945417578201,87.95999457555756,86.08649758504495,0.0,0.0,0.0,0.447322577456132,-0.529874175636491,0.561612031631914,-0.415584721460709,-0.48768386058909285,-1.4648806136817158,-0.37989091590614854,-1.3570876689987714,-0.13152803436051513,-1.108724787453138,-0.1757810513386322,-1.1529778044312553,-0.17927361973680617,-1.1564703728294292,-0.16100639,-1.1382031441410545,-0.21299883408186804,-1.190195587174491,-0.10687987689404937,-1.0840766299866724,-0.13922515120865808,-1.116421904301281
E01026392,E01026392,West Lindsey 003D,West Lindsey,E01026392,1,2020,0.308126911942122,0.039897962652608,0.0929946609013246,90.12736390058137,86.93902212141106,0.0,0.0,0.0,0.039897962652608,-0.268228949289514,0.1328926235539326,-0.17523428838818939,-0.43661032322019766,-0.7447372351623196,-0.3681817828646894,-0.6763086948068113,-0.1736155059461,-0.48174241788822203,-0.26192226917972605,-0.570049181121848,-0.23189379486991105,-0.5400207068120331,-0.23116963,-0.5392965380588746,-0.24722227915592582,-0.5553491910980478,-0.22100937174444074,-0.5291362836865627,-0.21423761760465385,-0.5223645295467758
E01026392,E01026392,West Lindsey 003D,West Lindsey,E01026392,1,2021,0.448022763159131,0.308126911942122,0.268228949289514,90.12736390058137,86.93902212141106,0.0,0.0,0.0,0.308126911942122,-0.13989585121700898,0.576355861231636,0.12833309807250498,-0.43529010502618204,-0.8833128681853131,-0.3673158334113047,-0.8153385965704356,-0.17468489021189293,-0.6227076533710239,-0.2600570228733205,-0.7080797860324515,-0.23189379486991105,-0.679916558029042,-0.23116963,-0.6791923892758835,-0.24722227915592582,-0.6952450423150568,-0.2233909740640663,-0.6714137372231973,-0.21438690553242903,-0.66240966869156
E01026392,E01026392,West Lindsey 003D,West Lindsey,E01026392,1,2022,0.563242379672067,0.448022763159131,0.13989585121700898,90.12736390058137,86.93902212141106,0.0,0.0,0.0,0.448022763159131,-0.11521961651293605,0.5879186143761399,0.024676234704072875,-0.4414653191594806,-1.0047076988315475,-0.37136624214487823,-0.9346086218169453,-0.16789526547554115,-0.7311376451476082,-0.2632185617165861,-0.8264609413886531,-0.23189379486991105,-0.795136174541978,-0.23116963,-0.7944120057888197,-0.24722227915592582,-0.8104646588279929,-0.22100937174444074,-0.7842517514165077,-0.21368862328960964,-0.7769310029616767
E01026415,E01026415,West Lindsey 003E,West Lindsey,E01026415,1,2020,0.234675393447012,0.402001179719357,0.3318675863504454,70.54942247010801,77.41186485794779,0.0,0.0,0.0,0.402001179719357,0.167325786272345,0.7338687660698024,0.49919337262279045,0.3349312679540392,0.10025587450702722,0.1836707918548069,-0.0510046015922051,0.0038708307627514154,-0.23080456268426058,-0.1114717343767415,-0.3461471278237535,0.04419784700643235,-0.19047754644057963,0.04460371,-0.19007168431553273,0.14436035494429922,-0.09031503850271277,-0.03355503882589402,-0.268230432272906,-0.02952679824865178,-0.2642021916956638
E01026415,E01026415,West Lindsey 003E,West Lindsey,E01026415,1,2021,0.72285013413292,0.234675393447012,-0.167325786272345,70.54942247010801,77.41186485794779,0.0,0.0,0.0,0.234675393447012,-0.488174740685908,0.06734960717466698,-0.655500526958253,0.33633666151541064,-0.38651347261750935,0.18459260901486158,-0.5382575251180584,0.0038708307627514154,-0.7189793033701686,-0.10592849267037971,-0.8287786268032997,0.04419784700643235,-0.6786522871264876,0.04460371,-0.6782464250014407,0.14436035494429922,-0.5784897791886208,-0.03355503882589402,-0.756405172958814,-0.029685717655638266,-0.7525358517885583
E01026415,E01026415,West Lindsey 003E,West Lindsey,E01026415,1,2022,0.536247077993814,0.72285013413292,0.488174740685908,70.54942247010801,77.41186485794779,0.0,0.0,0.0,0.72285013413292,0.186603056139106,1.211024874818828,0.6747777968250139,0.3250935130244393,-0.2111535649693747,0.17721807173442428,-0.3590290062593897,0.0052238923366385755,-0.5310231856571754,-0.12650450809826025,-0.6627515860920743,0.05004041933081085,-0.48620665866300317,0.04460371,-0.49164336886233473,0.14436035494429922,-0.3918867230495148,-0.056157450650010515,-0.5924045286438245,-0.028414362399746398,-0.5646614403935604
E01026378,E01026378,West Lindsey 004A,West Lindsey,E01026378,1,2020,1.28333883066929,1.26821809362572,0.5837403359658829,36.15856960215632,47.06783734414634,0.0,0.0,0.0,1.26821809362572,-0.015120737043570198,1.851958429591603,0.5686195989223128,0.9078065030088719,-0.3755323276604182,0.7001815327389749,-0.5831572979303152,0.6216853087766282,-0.6616535218926619,0.5579183884652676,-0.7254204422040225,0.6364128176520117,-0.6469260130172784,0.63675356,-0.6465852715567413,0.7772944561909935,-0.5060443744782966,0.5920096030767888,-0.6913292275925013,0.47671677852210836,-0.8066220521471817
E01026378,E01026378,West Lindsey 004A,West Lindsey,E01026378,1,2021,1.37200903372789,1.28333883066929,0.015120737043570198,36.15856960215632,47.06783734414634,0.0,0.0,0.0,1.28333883066929,-0.08867020305859996,1.2984595677128603,-0.07354946601502976,0.907295450804737,-0.4647135829231531,0.699846326498955,-0.6721627072289351,0.632597235814364,-0.7394117979135261,0.5647802245811572,-0.8072288091467329,0.6402594235624419,-0.7317496101654481,0.63675356,-0.7352554746153412,0.7819217510933937,-0.5900872826344964,0.6617088146333048,-0.7103002190945853,0.4767745673973761,-0.895234466330514
E01026378,E01026378,West Lindsey 004A,West Lindsey,E01026378,1,2022,1.95520480250573,1.37200903372789,0.08867020305859996,36.15856960215632,47.06783734414634,0.0,0.0,0.0,1.37200903372789,-0.58319576877784,1.46067923678649,-0.49452556571924,0.9078065030088719,-1.0473982994968583,0.7001815327389749,-1.2550232697667552,0.6216853087766282,-1.333519493729102,0.5579183884652676,-1.3972864140404624,0.6364128176520117,-1.3187919848537182,0.63675356,-1.3184512433931812,0.7772944561909935,-1.1779103463147367,0.5920096030767888,-1.363195199428941,0.47671677852210836,-1.4784880239836218
E01026379,E01026379,West Lindsey 004B,West Lindsey,E01026379,1,2020,1.12789029498051,0.951312106848994,0.08416027710529306,36.2185739729531,46.93952741240938,0.0,0.0,0.0,0.951312106848994,-0.17657818813151605,1.035472383954287,-0.0924179110262231,0.8407923069753863,-0.28709798800512376,0.5530082182503647,-0.5748820767301454,0.648469782083727,-0.4794205128967831,0.5644321155384824,-0.5634581794420277,0.6783610188895111,-0.449529276090999,0.64035296,-0.48753733057926496,0.6847013111922735,-0.44318898378823657,0.5818844238312733,-0.5460058711492368,0.5277251706977422,-0.6001651242827679
E01026379,E01026379,West Lindsey 004B,West Lindsey,E01026379,1,2021,1.3837662951644,1.12789029498051,0.17657818813151605,36.2185739729531,46.93952741240938,0.0,0.0,0.0,1.12789029498051,-0.25587600018389,1.3044684831120261,-0.07929781205237396,0.8476489240475318,-0.5361173711168683,0.557505568637298,-0.826260726527102,0.5883726562051189,-0.7953936389592812,0.5222899648883726,-0.8614763302760274,0.6980773653849812,-0.6856889297794189,0.6432156,-0.7405506984885273,0.682279016754433,-0.701487278409967,0.613711868102669,-0.7700544270617311,0.5374349029005034,-0.8463313922638966
E01026379,E01026379,West Lindsey 004B,West Lindsey,E01026379,1,2022,1.61513504830134,1.3837662951644,0.25587600018389,36.2185739729531,46.93952741240938,0.0,0.0,0.0,1.3837662951644,-0.23136875313693994,1.63964229534829,0.024507247046950065,0.8417292360163007,-0.7734058122850394,0.5536227630237345,-1.0615122852776055,0.6486484462006887,-0.9664866021006513,0.5605745809309592,-1.0545604673703808,0.6783610188895111,-0.936774029411829,0.63806933,-0.9770657166553744,0.6847013111922735,-0.9304337371090665,0.5990497104935674,-1.0160853378077728,0.527619224426418,-1.087515823874922
E01026381,E01026381,West Lindsey 004C,West Lindsey,E01026381,1,2020,1.12634672429871,1.42044564588284,0.07199456164660001,36.69900698908818,48.56445731634674,0.0,0.0,0.0,1.42044564588284,0.2940989215841301,1.49244020752944,0.3660934832307301,0.9732946456611612,-0.15305207863754877,0.8856873785388876,-0.2406593457598224,0.9465388531887053,-0.17980787111000462,0.8616148186045137,-0.26473190569419625,1.0495640531623145,-0.07678267113639548,1.0267462,-0.09960057046722803,1.0837373012395561,-0.04260942305915383,1.0562655199395365,-0.07008120435917342,0.8518803601477649,-0.27446636415094505
E01026381,E01026381,West Lindsey 004C,West Lindsey,E01026381,1,2021,2.17113024226041,1.12634672429871,-0.2940989215841301,36.69900698908818,48.56445731634674,0.0,0.0,0.0,1.12634672429871,-1.0447835179617002,0.8322478027145799,-1.3388824395458303,0.9732946456611612,-1.197835596599249,0.8856873785388876,-1.2854428637215225,0.9465388531887053,-1.2245913890717048,0.8616148186045137,-1.3095154236558963,1.0495640531623145,-1.1215661890980957,1.0267462,-1.1443840884289282,1.0837373012395561,-1.087392941020854,1.0562655199395365,-1.1148647223208736,0.8518803601477649,-1.3192498821126453
E01026381,E01026381,West Lindsey 004C,West Lindsey,E01026381,1,2022,2.14577175029184,2.17113024226041,1.0447835179617002,36.69900698908818,48.56445731634674,0.0,0.0,0.0,2.17113024226041,0.025358491968570096,3.2159137602221106,1.0701420099302705,0.9732946456611612,-1.172477104630679,0.8856873785388876,-1.2600843717529524,0.9465388531887053,-1.1992328971031347,0.8616148186045137,-1.2841569316873263,1.0495640531623145,-1.0962076971295256,1.0267462,-1.1190255964603582,1.0837373012395561,-1.062034449052284,1.0562655199395365,-1.0895062303523035,0.8518803601477649,-1.2938913901440752
E01026382,E01026382,West Lindsey 004D,West Lindsey,E01026382,1,2020,2.05589433975499,2.07647700798778,0.47014117253945,38.972505274595406,47.27077691221302,0.0,0.0,0.0,2.07647700798778,0.02058266823279009,2.54661818052723,0.4907238407722403,0.8003829550830486,-1.2555113846719412,0.5788236475403284,-1.4770706922146615,1.120972927150843,-0.9349214126041467,1.0508213685183487,-1.005072971236641,1.1338660872689392,-0.9220282524860506,1.118073,-0.9378213531522066,1.0336398696619176,-1.0222544700930722,1.132975417227171,-0.9229189225278187,1.0683819574982538,-0.987512382256736
E01026382,E01026382,West Lindsey 004D,West Lindsey,E01026382,1,2021,2.42546684682618,2.05589433975499,-0.02058266823279009,38.972505274595406,47.27077691221302,0.0,0.0,0.0,2.05589433975499,-0.36957250707119016,2.0353116715221997,-0.39015517530398025,0.8003829550830486,-1.6250838917431314,0.5788236475403284,-1.8466431992858516,1.120972927150843,-1.304493919675337,1.0508213685183487,-1.3746454783078312,1.1338660872689392,-1.2916007595572407,1.118073,-1.3073938602233968,1.0336398696619176,-1.3918269771642624,1.132975417227171,-1.2924914295990089,1.0683819574982538,-1.3570848893279261
E01026382,E01026382,West Lindsey 004D,West Lindsey,E01026382,1,2022,2.18767200538713,2.42546684682618,0.36957250707119016,38.972505274595406,47.27077691221302,0.0,0.0,0.0,2.42546684682618,0.23779484143905005,2.79503935389737,0.6073673485102402,0.7763209138050228,-1.411351091582107,0.5630410204060593,-1.6246309849810707,1.0822436892836163,-1.1054283161035137,1.0231737475723046,-1.1644982578148253,1.1187951869162556,-1.0688768184708743,1.0816618,-1.1060101849754478,1.0725941420566756,-1.1150778633304543,1.233154584322308,-0.954517421064822,1.0265597824709678,-1.1611122229161621
E01026383,E01026383,West Lindsey 004E,West Lindsey,E01026383,1,2020,1.926433531653,1.89911251854507,-0.13328438834639988,35.64941656096204,44.179481052310216,0.0,0.0,0.0,1.89911251854507,-0.027321013107930003,1.76582813019867,-0.1606054014543299,1.7986176263644893,-0.1278159052885106,1.7195244992564807,-0.20690903239651925,1.6440175445961671,-0.2824159870568328,1.6361167763235422,-0.29031675532945767,1.7246922038995487,-0.20174132775345122,1.7166834,-0.20975014389665225,1.5935784180939365,-0.3328551135590634,1.7783467145041751,-0.14808681714882477,1.3707229532190903,-0.5557105784339096
E01026383,E01026383,West Lindsey 004E,West Lindsey,E01026383,1,2021,2.34295520863306,1.926433531653,0.027321013107930003,35.64941656096204,44.179481052310216,0.0,0.0,0.0,1.926433531653,-0.41652167698006015,1.95375454476093,-0.38920066387213015,1.7938052181088842,-0.5491499905241759,1.7163679738296267,-0.6265872348034334,1.6255883182304722,-0.7173668904025878,1.565437220593513,-0.7775179880395471,1.7246922038995487,-0.6182630047335114,1.7203443,-0.6226109035946079,1.560837106627336,-0.782118102005724,1.7426665584387144,-0.6002886501943456,1.371267131794529,-0.971688076838531
E01026383,E01026383,West Lindsey 004E,West Lindsey,E01026383,1,2022,2.14127017608996,2.34295520863306,0.41652167698006015,35.64941656096204,44.179481052310216,0.0,0.0,0.0,2.34295520863306,0.2016850325431001,2.75947688561312,0.61820670952316,1.7942736826293413,-0.34699649346061867,1.7166752462163117,-0.4245949298736482,1.631770209573786,-0.5094999665161739,1.5806736963369317,-0.5605964797530283,1.7246922038995487,-0.41657797219041126,1.7203443,-0.4209258710515078,1.5703547575673609,-0.5709154185225991,1.7519697013502817,-0.3893004747396782,1.3712141586588666,-0.7700560174310933
E01026384,E01026384,West Lindsey 004F,West Lindsey,E01026384,1,2020,1.88191619176302,2.06565125231932,0.14614451361790004,35.98574556338999,45.09945989319707,0.0,0.0,0.0,2.06565125231932,0.18373506055629996,2.21179576593722,0.3298795741741998,1.5695771435529404,-0.31233904821007963,1.2544667545964272,-0.6274494371665928,1.6376998714243105,-0.24421632033870955,1.47809891510142,-0.40381727666159994,1.6049119957016111,-0.2770041960614089,1.675239,-0.20667722482118656,1.474615029817465,-0.4073011619455551,1.482106885494266,-0.399809306268754,1.467755346848517,-0.4141608449145031
E01026384,E01026384,West Lindsey 004F,West Lindsey,E01026384,1,2021,2.44596128355191,1.88191619176302,-0.18373506055629996,35.98574556338999,45.09945989319707,0.0,0.0,0.0,1.88191619176302,-0.56404509178889,1.69818113120672,-0.7477801523451899,1.5707695986959225,-0.8751916848559875,1.2552489024898068,-1.1907123810621032,1.6376998714243105,-0.8082614121275995,1.48825615257524,-0.95770513097667,1.6049119957016111,-0.8410492878502989,1.675239,-0.7707223166100765,1.474615029817465,-0.971346253734445,1.482106885494266,-0.963854398057644,1.4676205061395586,-0.9783407774123514
E01026384,E01026384,West Lindsey 004F,West Lindsey,E01026384,1,2022,2.08683896875465,2.44596128355191,0.56404509178889,35.98574556338999,45.09945989319707,0.0,0.0,0.0,2.44596128355191,0.35912231479726,3.0100063753408,0.9231674065861499,1.5751987177984264,-0.5116402509562237,1.2581540232366457,-0.8286849455180043,1.6395110990363846,-0.44732786971826544,1.514142270626188,-0.572696698128462,1.5822760463222934,-0.5045629224323567,1.6708382,-0.41600073194587317,1.474615029817465,-0.6122239389371851,1.4199287626059114,-0.6669102061487386,1.4645162886191292,-0.6223226801355208
E01026385,E01026385,West Lindsey 005A,West Lindsey,E01026385,1,2020,0.188870714105152,0.235722672492334,0.1878886733412265,83.92062320688208,72.92386225351474,0.0,0.0,0.0,0.235722672492334,0.04685195838718201,0.4236113458335605,0.23474063172840853,-0.049845764460914724,-0.2387164785660667,-0.048022125994067716,-0.2368928400992197,0.0977332031248449,-0.09113751098030709,0.07171376138804733,-0.11715695271710466,0.029825600937930127,-0.15904511316722186,0.06655678,-0.12231393257477174,0.01497135623851606,-0.17389935786663593,0.05406163408451362,-0.13480908002063838,0.1090828574088695,-0.0797878566962825
E01026385,E01026385,West Lindsey 005A,West Lindsey,E01026385,1,2021,0.33197587397841,0.188870714105152,-0.04685195838718201,83.92062320688208,72.92386225351474,0.0,0.0,0.0,0.188870714105152,-0.143105159873258,0.14201875571796999,-0.18995711826044,-0.0627072449316471,-0.3946831189100571,-0.05645814970123461,-0.38843402367964464,0.09555883123701064,-0.23641704274139935,0.06564877097688221,-0.2663271030015278,0.029825600937930127,-0.30215027304047987,0.06611565,-0.2658602264240124,0.01497135623851606,-0.3170045177398939,0.018271238335701163,-0.31370463564270884,0.1105372107697761,-0.2214386632086339
E01026385,E01026385,West Lindsey 005A,West Lindsey,E01026385,1,2022,0.654470287553939,0.33197587397841,0.143105159873258,83.92062320688208,72.92386225351474,0.0,0.0,0.0,0.33197587397841,-0.322494413575529,0.475081033851668,-0.179389253702271,-0.05648944311467054,-0.7109597306686095,-0.05237980711432613,-0.7068500946682651,0.09555883123701064,-0.5589114563169284,0.07171376138804733,-0.5827565261658917,0.029825600937930127,-0.6246446866160089,0.06655678,-0.5879135060235587,0.01497135623851606,-0.6394989313154229,0.053282704702372626,-0.6011875828515664,0.10983411278735108,-0.5446361747665879
E01026386,E01026386,West Lindsey 005B,West Lindsey,E01026386,1,2020,0.487980711882594,0.695496644905649,-0.13975583330755803,79.16026575233118,86.16777093212218,0.0,0.0,0.0,0.695496644905649,0.207515933023055,0.555740811598091,0.06776009971549696,0.13021284345223244,-0.35776786843036157,0.09568875154020809,-0.3922919603423859,0.4667259167946302,-0.021254795087963796,0.47605395888088,-0.01192675300171403,0.4917118350853343,0.003731123202740272,0.50553876,0.017558049733159165,0.3762540595503825,-0.11172665233221152,0.5279998780861016,0.040019166203507595,0.4807686952474852,-0.007212016635108787
E01026386,E01026386,West Lindsey 005B,West Lindsey,E01026386,1,2021,1.04703589147695,0.487980711882594,-0.207515933023055,79.16026575233118,86.16777093212218,0.0,0.0,0.0,0.487980711882594,-0.5590551795943559,0.280464778859539,-0.766571112617411,0.12927591441131825,-0.9177599770656317,0.09507420676683835,-0.9519616847101117,0.4676582897279843,-0.5793776017489657,0.47605395888088,-0.57098193259607,0.4917118350853343,-0.5553240563916158,0.50553876,-0.5414971298611968,0.3762540595503825,-0.6707818319265675,0.5487610540238315,-0.4982748374531185,0.48087464151880954,-0.5661612499581404
E01026386,E01026386,West Lindsey 005B,West Lindsey,E01026386,1,2022,0.830777277414728,1.04703589147695,0.5590551795943559,79.16026575233118,86.16777093212218,0.0,0.0,0.0,1.04703589147695,0.21625861406222202,1.6060910710713059,0.7753137936565779,0.10908935234798332,-0.7216879250667446,0.08183356028605321,-0.7489437171286748,0.45985298690616105,-0.3709242905085669,0.45757211846660195,-0.373205158948126,0.4917118350853343,-0.3390654423293937,0.50553876,-0.3252385157989748,0.3679080406265359,-0.46286923678819203,0.5361285208754151,-0.2946487565393129,0.4800993533538953,-0.35067792406083265
E01026399,E01026399,West Lindsey 005C,West Lindsey,E01026399,1,2020,0.917837526576723,0.335587865765656,0.083444576185007,81.4207963318158,83.97643495328289,0.0,0.0,0.0,0.335587865765656,-0.582249660811067,0.419032441950663,-0.49880508462606,-0.39916951716047866,-1.3170070437372017,-0.33210454977808335,-1.2499420763548064,0.03956545292666225,-0.8782720736500608,-0.08191256150072655,-0.9997500880774496,0.09399834126907032,-0.8238391853076527,0.12623762,-0.791599910633768,-0.08247645379146692,-1.00031398036819,0.20336424468737702,-0.714473281889346,0.16700509274018072,-0.7508324338365423
E01026399,E01026399,West Lindsey 005C,West Lindsey,E01026399,1,2021,0.810221390364122,0.917837526576723,0.582249660811067,81.4207963318158,83.97643495328289,0.0,0.0,0.0,0.917837526576723,0.10761613621260102,1.50008718738779,0.6898657970236679,-0.39929728021151234,-1.2095186705756342,-0.33218835133808833,-1.1424097417022103,0.03956545292666225,-0.7706559374374597,-0.08191256150072655,-0.8921339518648486,0.09399834126907032,-0.7162230490950516,0.12623762,-0.683983774421167,-0.08247645379146692,-0.892697844155589,0.20336424468737702,-0.606857145676745,0.16701953995899765,-0.6432018504051243
E01026399,E01026399,West Lindsey 005C,West Lindsey,E01026399,1,2022,0.990293763124908,0.810221390364122,-0.10761613621260102,81.4207963318158,83.97643495328289,0.0,0.0,0.0,0.810221390364122,-0.18007237276078603,0.702605254151521,-0.28768850897338705,-0.39904175410944487,-1.389335517234353,-0.33202074821807837,-1.3223145113429864,0.03956545292666225,-0.9507283101982458,-0.08191256150072655,-1.0722063246256346,0.09399834126907032,-0.8962954218558377,0.12623762,-0.864056147181953,-0.08247645379146692,-1.0727702169163749,0.20336424468737702,-0.786929518437531,0.16699064552136375,-0.8233031176035442
E01026411,E01026411,West Lindsey 005D,West Lindsey,E01026411,1,2020,0.454719635949773,0.289380397136313,0.09270626255392897,81.31707569270766,87.45971001951811,0.0,0.0,0.0,0.289380397136313,-0.16533923881346002,0.3820866596902419,-0.07263297625953108,-0.19994866555072238,-0.6546683015004954,-0.2764364932893624,-0.7311561292391353,-0.09885970598883236,-0.5535793419386054,-0.10930593237979513,-0.5640255683295681,-0.0731564654811291,-0.5278761014309021,-0.03726415,-0.4919837855858032,-0.11690960611148171,-0.5716292420612548,-0.007656875576265998,-0.462376511526039,-0.06846890505926291,-0.5231885410090359
E01026411,E01026411,West Lindsey 005D,West Lindsey,E01026411,1,2021,0.436263380536691,0.454719635949773,0.16533923881346002,81.31707569270766,87.45971001951811,0.0,0.0,0.0,0.454719635949773,0.01845625541308199,0.620058874763233,0.18379549422654196,-0.20033195470382364,-0.6365953352405147,-0.2766878979693773,-0.7129512785060683,-0.09885970598883236,-0.5351230865255233,-0.10930593237979513,-0.5455693129164861,-0.0731564654811291,-0.5094198460178201,-0.03726415,-0.4735275301727212,-0.11690960611148171,-0.5531729866481727,-0.007656875576265998,-0.443920256112957,-0.06842556340281207,-0.504688943939503
E01026411,E01026411,West Lindsey 005D,West Lindsey,E01026411,1,2022,0.717595473658989,0.436263380536691,-0.01845625541308199,81.31707569270766,87.45971001951811,0.0,0.0,0.0,0.436263380536691,-0.281332093122298,0.417807125123609,-0.29978834853538,-0.20203546205094047,-0.9196309357099295,-0.27780525210277685,-0.9954007257617659,-0.10445040687914077,-0.8220458805381298,-0.10930593237979513,-0.8269014060387841,-0.0755534904291403,-0.7931489640881293,-0.03726415,-0.7548596232950192,-0.11690960611148171,-0.8345050797704707,-0.011670020207579134,-0.7292654938665681,-0.06823293381858604,-0.7858284074775751
E01026374,E01026374,West Lindsey 006A,West Lindsey,E01026374,1,2020,1.19613672478774,1.4333308534531,0.29023981471948,36.27153030288928,46.68099050271167,0.0,0.0,0.0,1.4333308534531,0.23719412866536005,1.72357066817258,0.5274339433848401,0.8158794996831757,-0.38025722510456417,0.9684831440613032,-0.2276535807264367,0.6838273350362475,-0.5123093897514924,0.6400760738218634,-0.5560606509658765,0.8195936226920213,-0.3765431020957186,0.77446574,-0.42167098506071965,0.8543004089685252,-0.3418363158192147,0.7017878497612071,-0.4943488750265328,0.6727030125721036,-0.5234337122156363
E01026374,E01026374,West Lindsey 006A,West Lindsey,E01026374,1,2021,1.83925303349407,1.19613672478774,-0.23719412866536005,36.27153030288928,46.68099050271167,0.0,0.0,0.0,1.19613672478774,-0.6431163087063301,0.9589425961223799,-0.8803104373716901,0.8171571301935133,-1.0220959033005568,0.9693211596613528,-0.8699318738327172,0.6752030546293546,-1.1640499788647154,0.6284019151191838,-1.2108511183748862,0.8195936226920213,-1.0196594108020487,0.77446574,-1.0647872937670497,0.8491020321658839,-0.9901510013281861,0.6862331108884456,-1.1530199226056244,0.6725585403839341,-1.166694493110136
E01026374,E01026374,West Lindsey 006A,West Lindsey,E01026374,1,2022,1.94969727400795,1.83925303349407,0.6431163087063301,36.27153030288928,46.68099050271167,0.0,0.0,0.0,1.83925303349407,-0.11044424051387991,2.4823693422004,0.5326720681924499,0.8114503805806719,-1.138246893427278,0.9655780233144643,-0.9841192506934856,0.7380664299708719,-1.211630844037078,0.6826713817884069,-1.267025892219543,0.8407400335510692,-1.1089572404568808,0.8638797,-1.085817593374405,0.8589277038709254,-1.0907695701370246,0.8545918488769482,-1.0951054251310017,0.7023732009906605,-1.2473240730172894
E01026375,E01026375,West Lindsey 006B,West Lindsey,E01026375,1,2020,2.54828139868175,2.17754775295849,0.18478611908457987,36.70546352701011,46.37326822193548,0.0,0.0,0.0,2.17754775295849,-0.3707336457232602,2.3623338720430698,-0.1859475266386803,0.4744078687362221,-2.073873529945528,0.5007652589138705,-2.04751613976788,1.2869971802510043,-1.2612842184307458,1.2212867877170357,-1.3269946109647144,1.291110755772201,-1.257170642909549,1.4051882,-1.1430931958237789,1.079931900795087,-1.4683494978866631,1.316072751146884,-1.2322086475348661,1.34458876138002,-1.20369263730173
E01026375,E01026375,West Lindsey 006B,West Lindsey,E01026375,1,2021,2.4198269766963,2.54828139868175,0.3707336457232602,36.70546352701011,46.37326822193548,0.0,0.0,0.0,2.54828139868175,0.1284544219854502,2.9190150444050103,0.4991880677087104,0.4744078687362221,-1.9454191079600778,0.5007652589138705,-1.9190617177824294,1.2869971802510043,-1.1328297964452956,1.2212867877170357,-1.1985401889792642,1.291110755772201,-1.1287162209240988,1.4051882,-1.0146387738383287,1.079931900795087,-1.339895075901213,1.316072751146884,-1.103754225549416,1.34458876138002,-1.0752382153162798
E01026375,E01026375,West Lindsey 006B,West Lindsey,E01026375,1,2022,2.57804523882111,2.4198269766963,-0.1284544219854502,36.70546352701011,46.37326822193548,0.0,0.0,0.0,2.4198269766963,-0.15821826212481005,2.2913725547108497,-0.28667268411026026,0.4744078687362221,-2.103637370084888,0.5007652589138705,-2.0772799799072397,1.2869971802510043,-1.2910480585701056,1.2212867877170357,-1.3567584511040742,1.291110755772201,-1.286934483048909,1.4051882,-1.1728570359631387,1.079931900795087,-1.498113338026023,1.316072751146884,-1.261972487674226,1.34458876138002,-1.2334564774410899
E01026376,E01026376,West Lindsey 006C,West Lindsey,E01026376,1,2020,1.67652114202778,1.5503173895791,0.48921460464463995,36.68045205390756,47.073347668151264,0.0,0.0,0.0,1.5503173895791,-0.12620375244867987,2.03953199422374,0.3630108521959601,0.7768261941729313,-0.8996949478548486,0.8061516449754931,-0.8703694970522868,0.9576057679325832,-0.7189153740951967,0.8179564730861344,-0.8585646689416455,1.1310045631767656,-0.5455165788510143,1.0743684,-0.6021527843693937,1.1988817372605207,-0.4776394047672592,1.0310229169986027,-0.6454982250291772,0.897210309113988,-0.7793108329137919
E01026376,E01026376,West Lindsey 006C,West Lindsey,E01026376,1,2021,1.93652827579528,1.67652114202778,0.12620375244867987,36.68045205390756,47.073347668151264,0.0,0.0,0.0,1.67652114202778,-0.26000713376750006,1.8027248944764598,-0.1338033813188202,0.7757615020809832,-1.1607667737142968,0.8054532986421183,-1.1310749771531616,0.931554140225076,-1.004974135570204,0.8127276621942784,-1.1238006136010017,1.0840583150059544,-0.8524699607893256,1.0658619,-0.8706663354113688,1.1958833713918726,-0.7406449044034074,1.0216298851044718,-0.9148983906908081,0.8822541008471374,-1.0542741749481426
E01026376,E01026376,West Lindsey 006C,West Lindsey,E01026376,1,2022,1.86870744417967,1.93652827579528,0.26000713376750006,36.68045205390756,47.073347668151264,0.0,0.0,0.0,1.93652827579528,0.06782083161560992,2.19653540956278,0.32782796538311,0.7757615020809832,-1.092945942098687,0.8054532986421183,-1.0632541455375517,0.931554140225076,-0.9371533039545941,0.8127276621942784,-1.0559797819853918,1.0840583150059544,-0.7846491291737157,1.0658619,-0.8028455037957589,1.1958833713918726,-0.6728240727877974,1.0216298851044718,-0.8470775590751982,0.8822541008471374,-0.9864533433325327
E01026377,E01026377,West Lindsey 006D,West Lindsey,E01026377,1,2020,1.43821071308565,1.19627841178177,0.0034735799734799677,36.56623978519009,47.774980343183024,0.0,0.0,0.0,1.19627841178177,-0.2419323013038801,1.19975199175525,-0.23845872133040014,0.5053231215361039,-0.9328875915495461,0.4264017326675371,-1.011808980418113,0.8166182713798107,-0.6215924417058394,0.5443993097892703,-0.8938114032963798,0.7886887699791044,-0.6495219431065457,0.81990254,-0.6183081738324152,0.7121171276291006,-0.7260935854565495,0.6425818335380818,-0.7956288795475682,0.7838891231840992,-0.6543215899015509
E01026377,E01026377,West Lindsey 006D,West Lindsey,E01026377,1,2021,1.76418970030598,1.43821071308565,0.2419323013038801,36.56623978519009,47.774980343183024,0.0,0.0,0.0,1.43821071308565,-0.32597898722033003,1.6801430143895302,-0.08404668591644993,0.5048972446993247,-1.2592924556066554,0.4261223941341872,-1.338067306171793,0.8166182713798107,-0.9475714289261694,0.5500768402079617,-1.2141128600980184,0.7886887699791044,-0.9755009303268757,0.82901686,-0.9351728360062059,0.7121171276291006,-1.0520725726768796,0.6533406738363633,-1.1108490264696167,0.7839372805801557,-0.9802524197258244
E01026377,E01026377,West Lindsey 006D,West Lindsey,E01026377,1,2022,1.98313027670046,1.76418970030598,0.32597898722033003,36.56623978519009,47.774980343183024,0.0,0.0,0.0,1.76418970030598,-0.21894057639447984,2.09016868752631,0.10703841082584997,0.4973592246883326,-1.4857710520121272,0.42117810209389395,-1.5619521746065659,0.7842038955001485,-1.1989263812003115,0.5727980377692813,-1.4103322389311788,0.7768996831810311,-1.2062305935194289,0.80561215,-1.1775181298460593,0.7068924859306401,-1.27623779076982,0.6070671329100255,-1.3760631437904345,0.7621404331198907,-1.2209898435805693
E01026388,E01026388,West Lindsey 007A,West Lindsey,E01026388,1,2020,0.877572936248174,0.389450841861512,0.25941804923928,81.00528294443262,67.00664425531662,0.0,0.0,0.0,0.389450841861512,-0.488122094386662,0.648868891100792,-0.22870404514738196,-0.42949697937691167,-1.3070699156250858,-0.26367067218523976,-1.1412436084334137,0.06490072209324954,-0.8126722141549245,-0.04527935223680825,-0.9228522884849822,0.04482504538716425,-0.8327478908610098,0.06371032,-0.8138626192325261,-0.016693242418241952,-0.894266178666416,0.03272727442501265,-0.8448456618231613,0.11320846993672148,-0.7643644663114525
E01026388,E01026388,West Lindsey 007A,West Lindsey,E01026388,1,2021,0.618435843644459,0.877572936248174,0.488122094386662,81.00528294443262,67.00664425531662,0.0,0.0,0.0,0.877572936248174,0.259137092603715,1.365695030634836,0.7472591869903771,-0.4351185536223974,-1.0535543972668564,-0.2673579408254584,-0.8857937844699174,0.06490072209324954,-0.5535351215512094,-0.05955388527688085,-0.6779897289213399,0.04482504538716425,-0.5736107982572948,0.06371032,-0.5547255266288111,-0.016693242418241952,-0.635129086062701,0.032100617083884675,-0.5863352265605744,0.11384414756466738,-0.5045916960797916
E01026388,E01026388,West Lindsey 007A,West Lindsey,E01026388,1,2022,0.747460870778779,0.618435843644459,-0.259137092603715,81.00528294443262,67.00664425531662,0.0,0.0,0.0,0.618435843644459,-0.12902502713431996,0.35929875104074405,-0.38816211973803494,-0.43235035418333245,-1.1798112249621115,-0.2655422403586841,-1.013003111137463,0.06490072209324954,-0.6825601486855295,-0.05444370340475422,-0.8019045741835332,0.04482504538716425,-0.7026358253916147,0.06371032,-0.6837505537631311,-0.016693242418241952,-0.764154113197021,0.032100617083884675,-0.7153602536948943,0.11353112449030006,-0.633929746288479
E01026404,E01026404,West Lindsey 007B,West Lindsey,E01026404,1,2020,0.759605370739411,0.64937176800992,0.43790953501695706,74.96952122844368,68.18208594778551,0.0,0.0,0.0,0.64937176800992,-0.11023360272949101,1.087281303026877,0.32767593228746605,-0.20850839208452476,-0.9681137628239358,-0.227607521867239,-0.98721289260665,0.0401157116873244,-0.7194896590520866,0.00016262127568051412,-0.7594427494637305,0.11332256993508452,-0.6462828008043265,0.13338067,-0.6262247043642508,-0.003785898622894232,-0.7633912693623053,0.16940206366748384,-0.5902033070719273,0.11117194578955492,-0.6484334249498561
E01026404,E01026404,West Lindsey 007B,West Lindsey,E01026404,1,2021,1.03859292385249,0.759605370739411,0.11023360272949101,74.96952122844368,68.18208594778551,0.0,0.0,0.0,0.759605370739411,-0.278987553113079,0.869838973468902,-0.16875395038358798,-0.2093601457580832,-1.2479530696105732,-0.22816619893393877,-1.2667591227864288,0.0401157116873244,-0.9984772121651656,0.00016262127568051412,-1.0384303025768096,0.11332256993508452,-0.9252703539174055,0.13338067,-0.9052122574773298,-0.003785898622894232,-1.0423788224753843,0.16940206366748384,-0.8691908601850062,0.11126826058166792,-0.9273246632708221
E01026404,E01026404,West Lindsey 007B,West Lindsey,E01026404,1,2022,1.15423446870205,1.03859292385249,0.278987553113079,74.96952122844368,68.18208594778551,0.0,0.0,0.0,1.03859292385249,-0.11564154484956002,1.317580476965569,0.16334600826351897,-0.21689816576907534,-1.3711326344711254,-0.23311049097423195,-1.387344959676282,0.041515521960711364,-1.1127189467413388,-0.01502576657481075,-1.1692602352768608,0.11916514225946306,-1.035069326442587,0.13338067,-1.0208538023268898,-0.003785898622894232,-1.1580203673249443,0.17119288040463168,-0.9830415882974184,0.11212064649186815,-1.0421138222101818
E01026409,E01026409,West Lindsey 007C,West Lindsey,E01026409,1,2020,0.281225064247575,0.230543918927533,0.371078572088544,57.93682320365913,60.62383920468498,0.0,0.0,0.0,0.230543918927533,-0.050681145320041976,0.601622491016077,0.320397426768502,-0.40098055060514115,-0.6822056148527161,-0.27388774947314676,-0.5551128137207217,-0.5276604493911106,-0.8088855136386855,-0.46872832577886975,-0.7499533900264448,-0.4725972160005771,-0.753822280248152,-0.49470937,-0.7759344367680218,-0.41826023638977883,-0.6994853006373538,-0.5021327170446024,-0.7833577812921774,-0.4714917138646515,-0.7527167781122265
E01026409,E01026409,West Lindsey 007C,West Lindsey,E01026409,1,2021,0.479866879593506,0.281225064247575,0.050681145320041976,57.93682320365913,60.62383920468498,0.0,0.0,0.0,0.281225064247575,-0.198641815345931,0.33190620956761696,-0.14796067002588903,-0.40098055060514115,-0.8808474301986471,-0.27388774947314676,-0.7537546290666528,-0.5276604493911106,-1.0075273289846165,-0.46872832577886975,-0.9485952053723757,-0.4725972160005771,-0.9524640955940831,-0.49470937,-0.9745762521139527,-0.41826023638977883,-0.8981271159832849,-0.5021327170446024,-0.9819995966381083,-0.4714917138646515,-0.9513585934581574
E01026409,E01026409,West Lindsey 007C,West Lindsey,E01026409,1,2022,0.723860877296298,0.479866879593506,0.198641815345931,57.93682320365913,60.62383920468498,0.0,0.0,0.0,0.479866879593506,-0.243993997702792,0.678508694939437,-0.045352182356861004,-0.40098055060514115,-1.1248414279014392,-0.27388774947314676,-0.9977486267694448,-0.5276604493911106,-1.2515213266874086,-0.46872832577886975,-1.1925892030751677,-0.4725972160005771,-1.1964580932968751,-0.49470937,-1.2185702498167448,-0.41826023638977883,-1.142121113686077,-0.5021327170446024,-1.2259935943409004,-0.4714917138646515,-1.1953525911609495
E01026410,E01026410,West Lindsey 007D,West Lindsey,E01026410,1,2020,0.815021598887958,0.609524511889567,0.399730620342323,70.63145453055694,62.8891814823154,0.0,0.0,0.0,0.609524511889567,-0.20549708699839098,1.00925513223189,0.1942335333439319,-0.08453483997829513,-0.8995564388662531,0.026383473461414626,-0.7886381254265433,-0.10912532174594505,-0.924146920633903,-0.09530122112389637,-0.9103228200118544,-0.12532212769070356,-0.9403437265786616,-0.112659186,-0.9276807850127596,-0.11117414193144987,-0.9261957408194079,-0.08765952889968849,-0.9026811277876465,-0.12883607363421196,-0.9438576725221699
E01026410,E01026410,West Lindsey 007D,West Lindsey,E01026410,1,2021,0.80829101969536,0.815021598887958,0.20549708699839098,70.63145453055694,62.8891814823154,0.0,0.0,0.0,0.815021598887958,0.006730579192598007,1.020518685886349,0.2122276661909891,-0.08453483997829513,-0.8928258596736551,0.026383473461414626,-0.7819075462339453,-0.10912532174594505,-0.917416341441305,-0.09530122112389637,-0.9035922408192564,-0.12532212769070356,-0.9336131473860636,-0.112659186,-0.9209502058201616,-0.11117414193144987,-0.9194651616268099,-0.08765952889968849,-0.8959505485950485,-0.12883607363421196,-0.9371270933295719
E01026410,E01026410,West Lindsey 007D,West Lindsey,E01026410,1,2022,1.13283381553911,0.80829101969536,-0.006730579192598007,70.63145453055694,62.8891814823154,0.0,0.0,0.0,0.80829101969536,-0.32454279584375,0.801560440502762,-0.331273375036348,-0.08453483997829513,-1.217368655517405,0.026383473461414626,-1.1064503420776954,-0.10912532174594505,-1.2419591372850551,-0.09530122112389637,-1.2281350366630064,-0.12532212769070356,-1.2581559432298135,-0.112659186,-1.2454930016639116,-0.11117414193144987,-1.2440079574705598,-0.08765952889968849,-1.2204933444387984,-0.12883607363421196,-1.261669889173322
E01026372,E01026372,West Lindsey 008A,West Lindsey,E01026372,1,2020,0.316983381157852,0.245498397750412,0.12205539130929499,81.2566943567969,72.43737894084202,0.0,0.0,0.0,0.245498397750412,-0.07148498340744003,0.367553789059707,0.050570407901854963,-0.306486797841656,-0.6234701789995081,-0.2949769342589378,-0.6119603154167899,-0.047104686753623025,-0.364088067911475,-0.21834280100519923,-0.5353261821630513,-0.009576351092334193,-0.3265597322501862,-0.0511634,-0.36814678261253914,-0.20840277739569346,-0.5253861585535455,0.12557989087349045,-0.19140349028436157,-0.01688761115039654,-0.33387099230824857
E01026372,E01026372,West Lindsey 008A,West Lindsey,E01026372,1,2021,0.479609643679739,0.316983381157852,0.07148498340744003,81.2566943567969,72.43737894084202,0.0,0.0,0.0,0.316983381157852,-0.162626262521887,0.38846836456529205,-0.09114127911444697,-0.3185817000061858,-0.7981913436859248,-0.3029101486060748,-0.7825197922858138,-0.047104686753623025,-0.526714330433362,-0.24645775481064522,-0.7260673984903843,-0.009576351092334193,-0.4891859947720732,-0.0511634,-0.5307730451344261,-0.20840277739569346,-0.6880124210754325,0.09689556848419834,-0.3827140751955407,-0.01551994110239166,-0.49512958478213065
E01026372,E01026372,West Lindsey 008A,West Lindsey,E01026372,1,2022,0.764091342226023,0.479609643679739,0.162626262521887,81.2566943567969,72.43737894084202,0.0,0.0,0.0,0.479609643679739,-0.284481698546284,0.6422359062016261,-0.12185543602439697,-0.33348738929345845,-1.0975787315194814,-0.31268699727332117,-1.0767783394993442,-0.04646956512750311,-0.8105609073535261,-0.2904793366476941,-1.0545706788737172,-0.005879056025107995,-0.769970398251131,-0.045538694,-0.8096300358924812,-0.20840277739569346,-0.9724941196217165,0.15567470784220902,-0.608416634383814,-0.012141109974049318,-0.7762324522000723
E01026366,E01026366,West Lindsey 011A,West Lindsey,E01026366,1,2020,0.0539114806924974,-0.190248090377188,-0.10503722298534761,81.71931181511475,90.54928853511065,0.0,0.0,0.0,-0.190248090377188,-0.24415957106968542,-0.2952853133625356,-0.349196794055033,-0.2893704097865123,-0.3432818904790097,-0.1127838977254145,-0.1666953784179119,-0.12539091666539348,-0.17930239735789089,-0.18296603277408421,-0.23687751346658162,-0.0757803562711984,-0.1296918369636958,-0.07359601,-0.12750748881446472,-0.004475102356676336,-0.05838658304917373,-0.11383084114500787,-0.16774232183750526,-0.0703869492767843,-0.1242984299692817
E01026366,E01026366,West Lindsey 011A,West Lindsey,E01026366,1,2021,0.143691557814275,0.0539114806924974,0.24415957106968542,81.71931181511475,90.54928853511065,0.0,0.0,0.0,0.0539114806924974,-0.0897800771217776,0.2980710517621828,0.1543794939479078,-0.28106581146931753,-0.42475736928359253,-0.1073367963250915,-0.2510283541393665,-0.12539091666539348,-0.2690824744796685,-0.18101244384862333,-0.32470400166289837,-0.0757803562711984,-0.2194719140854734,-0.07359601,-0.21728756593624232,-0.004475102356676336,-0.14816666017095134,-0.0636046713545691,-0.2072962291688441,-0.07132601849988623,-0.21501757631416124
E01026366,E01026366,West Lindsey 011A,West Lindsey,E01026366,1,2022,0.321091636337554,0.143691557814275,0.0897800771217776,81.71931181511475,90.54928853511065,0.0,0.0,0.0,0.143691557814275,-0.177400078523279,0.2334716349360526,-0.08762000140150139,-0.2805547592651825,-0.6016463956027365,-0.10700159008507168,-0.4280932264226257,-0.12539091666539348,-0.4464825530029475,-0.18101244384862333,-0.5021040801861774,-0.0757803562711984,-0.3968719926087524,-0.07359601,-0.3946876444595213,-0.004475102356676336,-0.32556673869423036,-0.0636046713545691,-0.3846963076921231,-0.07138380737515407,-0.39247544371270804
E01026369,E01026369,West Lindsey 011B,West Lindsey,E01026369,1,2020,1.21773737566916,1.25770115295683,0.16705046354258002,32.040537734561156,77.73473370456115,0.0,0.0,0.0,1.25770115295683,0.03996377728766998,1.42475161649941,0.20701424083025,0.04895920149675233,-1.1687781741724077,-0.018868460585909172,-1.2366058362550691,0.21643772199944067,-1.0012996536697194,0.45025140668218805,-0.767485968986972,0.12079282991035761,-1.0969445457588025,0.38025302,-0.8374843587204601,0.1200241316158838,-1.0977132440532762,0.3474633489603315,-0.8702740267088286,0.2447429735167941,-0.972994402152366
E01026369,E01026369,West Lindsey 011B,West Lindsey,E01026369,1,2021,0.919643084432146,1.21773737566916,-0.03996377728766998,32.040537734561156,77.73473370456115,0.0,0.0,0.0,1.21773737566916,0.29809429123701403,1.17777359838149,0.25813051394934405,0.05309020681351072,-0.8665528776186353,-0.01615887681241518,-0.9358019612445612,0.43144316562194823,-0.4881999188101978,0.4513590803722381,-0.46828400405990794,0.4049588709943608,-0.5146842134377853,0.584498,-0.3351450962081165,0.40216185165255874,-0.5174812327795872,0.7574633968676502,-0.16217968756449586,0.5287004424817877,-0.3909426419503583
E01026369,E01026369,West Lindsey 011B,West Lindsey,E01026369,1,2022,1.54732372643034,0.919643084432146,-0.29809429123701403,32.040537734561156,77.73473370456115,0.0,0.0,0.0,0.919643084432146,-0.6276806419981941,0.621548793195132,-0.9257749332352081,0.05309020681351072,-1.4942335196168295,-0.01615887681241518,-1.5634826032427553,0.43144316562194823,-1.115880560808392,0.4513590803722381,-1.095964646058102,0.4049588709943608,-1.1423648554359793,0.584498,-0.9628257382063106,0.40216185165255874,-1.1451618747777814,0.7574633968676502,-0.7898603295626899,0.5287004424817877,-1.0186232839485525
E01026370,E01026370,West Lindsey 011C,West Lindsey,E01026370,1,2020,0.544432749974732,0.52843042943102,0.285052145701437,32.64460505847156,77.48744010112165,0.0,0.0,0.0,0.52843042943102,-0.01600232054371198,0.813482575132457,0.269049825157725,-0.23638546267653987,-0.7808182126512719,-0.23997746002362189,-0.7844102099983539,-0.01272013650962861,-0.5571528864843607,-0.19661415843737245,-0.7410469084121045,0.031315385436718086,-0.5131173645380139,0.010865031,-0.5335677191644951,-0.06398740698364358,-0.6084201569583756,-0.010237977399397274,-0.5546707273741293,0.07309928308479823,-0.47133346688993377
E01026370,E01026370,West Lindsey 011C,West Lindsey,E01026370,1,2021,0.764825261900538,0.544432749974732,0.01600232054371198,32.64460505847156,77.48744010112165,0.0,0.0,0.0,0.544432749974732,-0.220392511925806,0.560435070518444,-0.20439019138209402,-0.23033801159427497,-0.995163273494813,-0.23601085285005333,-1.0008361147505913,-0.1498652228717239,-0.9146904847722619,-0.22985788040740432,-0.9946831423079423,-0.015827789226535664,-0.7806530511270737,-0.058768354,-0.8235936162568269,-0.07768593895760406,-0.8425112008581421,-0.03585231944681858,-0.8006775813473566,0.010048404806387776,-0.7547768570941502
E01026370,E01026370,West Lindsey 011C,West Lindsey,E01026370,1,2022,0.828219659599108,0.764825261900538,0.220392511925806,32.64460505847156,77.48744010112165,0.0,0.0,0.0,0.764825261900538,-0.06339439769857003,0.985217773826344,0.15699811422723597,-0.22935849486968274,-1.0575781544687908,-0.23536837422334858,-1.0635880338224566,-0.17083816519437314,-0.9990578247934812,-0.24084068257265454,-1.0690603421717626,-0.015827789226535664,-0.8440474488256438,-0.058768354,-0.886988013955397,-0.07768593895760406,-0.9059055985567122,-0.05123660069202778,-0.8794562602911358,0.00993764279545781,-0.8182820168036502
E01026371,E01026371,West Lindsey 011D,West Lindsey,E01026371,1,2020,0.537942383963463,0.250289935233881,0.2792765723310296,30.536061982542115,78.39970225786371,0.0,0.0,0.0,0.250289935233881,-0.28765244872958196,0.5295665075649105,-0.008375876398552418,-0.32266681927470364,-0.8606092032381666,-0.32856214492839686,-0.8665045288918598,-0.04632897656804169,-0.5842713605315046,-0.22609441144729725,-0.7640367954107602,-0.013226086437142116,-0.551168470400605,-0.03916191,-0.5771042933350774,-0.101062826363364,-0.6390052103268269,-0.05833039989060974,-0.5962727838540727,0.04779598638639837,-0.4901463975770646
E01026371,E01026371,West Lindsey 011D,West Lindsey,E01026371,1,2021,0.945351522866551,0.537942383963463,0.28765244872958196,30.536061982542115,78.39970225786371,0.0,0.0,0.0,0.537942383963463,-0.40740913890308805,0.8255948326930449,-0.1197566901735061,-0.32266681927470364,-1.2680183421412545,-0.32856214492839686,-1.2739136677949479,-0.04632897656804169,-0.9916804994345927,-0.22609441144729725,-1.1714459343138484,-0.013226086437142116,-0.9585776093036931,-0.03916191,-0.9845134322381655,-0.101062826363364,-1.046414349229915,-0.05833039989060974,-1.0036819227571607,0.04779598638639837,-0.8975555364801526
E01026371,E01026371,West Lindsey 011D,West Lindsey,E01026371,1,2022,0.604529263932864,0.945351522866551,0.40740913890308805,30.536061982542115,78.39970225786371,0.0,0.0,0.0,0.945351522866551,0.340822258933687,1.352760661769639,0.7482313978367751,-0.32658488617307246,-0.9311141501059365,-0.33113205943521595,-0.93566132336808,-0.05820066556566001,-0.662729929498524,-0.22155441342141194,-0.8260836773542759,-0.017012195539661677,-0.6215414594725257,-0.044234466,-0.6487637297405403,-0.0876961906733296,-0.6922254546061936,-0.03088065377223231,-0.6354099177050962,0.04823903443011829,-0.5562902295027456
E01026373,E01026373,West Lindsey 011E,West Lindsey,E01026373,1,2020,0.840738356115619,0.735029375185902,0.25103536887727795,40.18357750005778,79.24026588085333,0.0,0.0,0.0,0.735029375185902,-0.10570898092971703,0.9860647440631799,0.14532638794756092,0.08369981230934281,-0.7570385438062761,-0.016059149909548334,-0.8567975060251674,0.2101667359222107,-0.6305716201934083,0.12348116292574926,-0.7172571931898697,0.11152618436071238,-0.7292121717549066,0.12872222,-0.712016135456363,-0.0068088967082700624,-0.847547252823889,0.15423274250395452,-0.6865056136116645,0.060808456199279146,-0.7799298999163399
E01026373,E01026373,West Lindsey 011E,West Lindsey,E01026373,1,2021,1.09333420539861,0.840738356115619,0.10570898092971703,40.18357750005778,79.24026588085333,0.0,0.0,0.0,0.840738356115619,-0.25259584928299095,0.946447337045336,-0.14688686835327391,0.08519038123807016,-1.0081438241605398,-0.015081465042823636,-1.1084156704414336,0.2101667359222107,-0.8831674694763992,0.12771221838398605,-0.9656219870146239,0.11152618436071238,-0.9818080210378975,0.12872222,-0.964611984739354,-0.0068088967082700624,-1.10014310210688,0.15423274250395452,-0.9391014628946555,0.060639905313081374,-1.0326943000855286
E01026373,E01026373,West Lindsey 011E,West Lindsey,E01026373,1,2022,0.873917622457271,1.09333420539861,0.25259584928299095,40.18357750005778,79.24026588085333,0.0,0.0,0.0,1.09333420539861,0.21941658294133892,1.3459300546816009,0.47201243222432987,0.08812893141184674,-0.7857886910454243,-0.013154029162709344,-0.8870716516199804,0.20938143591187475,-0.6645361865453963,0.1279086591091537,-0.7460089633481173,0.11152618436071238,-0.7623914380965586,0.12872222,-0.745195401798015,-0.0068088967082700624,-0.8807265191655411,0.1569423256424751,-0.7169752968147959,0.060307619280291436,-0.8136100031769795
