Lower layer Super Output Areas Code,Lower layer Super Output Areas,Tenure of household (9 categories) Code,Tenure of household (9 categories),Observation
E01026007,Boston 001A,-8,Does not apply,0
E01026007,Boston 001A,0,Owned: Owns outright,256
E01026007,Boston 001A,1,Owned: Owns with a mortgage or loan,159
E01026007,Boston 001A,2,Shared ownership: Shared ownership,5
E01026007,Boston 001A,3,Social rented: Rents from council or Local Authority,11
E01026007,Boston 001A,4,Social rented: Other social rented,16
E01026007,Boston 001A,5,Private rented: Private landlord or letting agency,31
E01026007,Boston 001A,6,Private rented: Other private rented,9
E01026007,Boston 001A,7,Lives rent free,0
E01026008,Boston 001B,-8,Does not apply,0
E01026008,Boston 001B,0,Owned: Owns outright,262
E01026008,Boston 001B,1,Owned: Owns with a mortgage or loan,141
E01026008,Boston 001B,2,Shared ownership: Shared ownership,6
E01026008,Boston 001B,3,Social rented: Rents from council or Local Authority,29
E01026008,Boston 001B,4,Social rented: Other social rented,81
E01026008,Boston 001B,5,Private rented: Private landlord or letting agency,28
E01026008,Boston 001B,6,Private rented: Other private rented,14
E01026008,Boston 001B,7,Lives rent free,0
E01026009,Boston 001C,-8,Does not apply,0
E01026009,Boston 001C,0,Owned: Owns outright,246
E01026009,Boston 001C,1,Owned: Owns with a mortgage or loan,129
E01026009,Boston 001C,2,Shared ownership: Shared ownership,1
E01026009,Boston 001C,3,Social rented: Rents from council or Local Authority,17
E01026009,Boston 001C,4,Social rented: Other social rented,70
E01026009,Boston 001C,5,Private rented: Private landlord or letting agency,34
E01026009,Boston 001C,6,Private rented: Other private rented,17
E01026009,Boston 001C,7,Lives rent free,0
E01026010,Boston 002A,-8,Does not apply,0
E01026010,Boston 002A,0,Owned: Owns outright,46
E01026010,Boston 002A,1,Owned: Owns with a mortgage or loan,77
E01026010,Boston 002A,2,Shared ownership: Shared ownership,13
E01026010,Boston 002A,3,Social rented: Rents from council or Local Authority,213
E01026010,Boston 002A,4,Social rented: Other social rented,260
E01026010,Boston 002A,5,Private rented: Private landlord or letting agency,126
E01026010,Boston 002A,6,Private rented: Other private rented,7
E01026010,Boston 002A,7,Lives rent free,6
E01026012,Boston 004A,-8,Does not apply,0
E01026012,Boston 004A,0,Owned: Owns outright,192
E01026012,Boston 004A,1,Owned: Owns with a mortgage or loan,79
E01026012,Boston 004A,2,Shared ownership: Shared ownership,2
E01026012,Boston 004A,3,Social rented: Rents from council or Local Authority,60
E01026012,Boston 004A,4,Social rented: Other social rented,156
E01026012,Boston 004A,5,Private rented: Private landlord or letting agency,43
E01026012,Boston 004A,6,Private rented: Other private rented,7
E01026012,Boston 004A,7,Lives rent free,0
E01026013,Boston 008A,-8,Does not apply,0
E01026013,Boston 008A,0,Owned: Owns outright,358
E01026013,Boston 008A,1,Owned: Owns with a mortgage or loan,175
E01026013,Boston 008A,2,Shared ownership: Shared ownership,3
E01026013,Boston 008A,3,Social rented: Rents from council or Local Authority,10
E01026013,Boston 008A,4,Social rented: Other social rented,12
E01026013,Boston 008A,5,Private rented: Private landlord or letting agency,54
E01026013,Boston 008A,6,Private rented: Other private rented,7
E01026013,Boston 008A,7,Lives rent free,0
E01026014,Boston 008B,-8,Does not apply,0
E01026014,Boston 008B,0,Owned: Owns outright,355
E01026014,Boston 008B,1,Owned: Owns with a mortgage or loan,239
E01026014,Boston 008B,2,Shared ownership: Shared ownership,11
E01026014,Boston 008B,3,Social rented: Rents from council or Local Authority,24
E01026014,Boston 008B,4,Social rented: Other social rented,49
E01026014,Boston 008B,5,Private rented: Private landlord or letting agency,98
E01026014,Boston 008B,6,Private rented: Other private rented,12
E01026014,Boston 008B,7,Lives rent free,0
E01026015,Boston 004B,-8,Does not apply,0
E01026015,Boston 004B,0,Owned: Owns outright,201
E01026015,Boston 004B,1,Owned: Owns with a mortgage or loan,203
E01026015,Boston 004B,2,Shared ownership: Shared ownership,18
E01026015,Boston 004B,3,Social rented: Rents from council or Local Authority,17
E01026015,Boston 004B,4,Social rented: Other social rented,46
E01026015,Boston 004B,5,Private rented: Private landlord or letting agency,206
E01026015,Boston 004B,6,Private rented: Other private rented,8
E01026015,Boston 004B,7,Lives rent free,0
E01026016,Boston 006A,-8,Does not apply,0
E01026016,Boston 006A,0,Owned: Owns outright,453
E01026016,Boston 006A,1,Owned: Owns with a mortgage or loan,310
E01026016,Boston 006A,2,Shared ownership: Shared ownership,11
E01026016,Boston 006A,3,Social rented: Rents from council or Local Authority,54
E01026016,Boston 006A,4,Social rented: Other social rented,122
E01026016,Boston 006A,5,Private rented: Private landlord or letting agency,66
E01026016,Boston 006A,6,Private rented: Other private rented,16
E01026016,Boston 006A,7,Lives rent free,0
E01026017,Boston 007A,-8,Does not apply,0
E01026017,Boston 007A,0,Owned: Owns outright,260
E01026017,Boston 007A,1,Owned: Owns with a mortgage or loan,188
E01026017,Boston 007A,2,Shared ownership: Shared ownership,4
E01026017,Boston 007A,3,Social rented: Rents from council or Local Authority,61
E01026017,Boston 007A,4,Social rented: Other social rented,130
E01026017,Boston 007A,5,Private rented: Private landlord or letting agency,44
E01026017,Boston 007A,6,Private rented: Other private rented,11
E01026017,Boston 007A,7,Lives rent free,0
E01026018,Boston 007B,-8,Does not apply,0
E01026018,Boston 007B,0,Owned: Owns outright,428
E01026018,Boston 007B,1,Owned: Owns with a mortgage or loan,204
E01026018,Boston 007B,2,Shared ownership: Shared ownership,3
E01026018,Boston 007B,3,Social rented: Rents from council or Local Authority,14
E01026018,Boston 007B,4,Social rented: Other social rented,24
E01026018,Boston 007B,5,Private rented: Private landlord or letting agency,56
E01026018,Boston 007B,6,Private rented: Other private rented,9
E01026018,Boston 007B,7,Lives rent free,0
E01026019,Boston 007C,-8,Does not apply,0
E01026019,Boston 007C,0,Owned: Owns outright,276
E01026019,Boston 007C,1,Owned: Owns with a mortgage or loan,271
E01026019,Boston 007C,2,Shared ownership: Shared ownership,19
E01026019,Boston 007C,3,Social rented: Rents from council or Local Authority,146
E01026019,Boston 007C,4,Social rented: Other social rented,249
E01026019,Boston 007C,5,Private rented: Private landlord or letting agency,172
E01026019,Boston 007C,6,Private rented: Other private rented,21
E01026019,Boston 007C,7,Lives rent free,1
E01026020,Boston 007D,-8,Does not apply,0
E01026020,Boston 007D,0,Owned: Owns outright,425
E01026020,Boston 007D,1,Owned: Owns with a mortgage or loan,380
E01026020,Boston 007D,2,Shared ownership: Shared ownership,27
E01026020,Boston 007D,3,Social rented: Rents from council or Local Authority,31
E01026020,Boston 007D,4,Social rented: Other social rented,108
E01026020,Boston 007D,5,Private rented: Private landlord or letting agency,195
E01026020,Boston 007D,6,Private rented: Other private rented,17
E01026020,Boston 007D,7,Lives rent free,0
E01026021,Boston 003B,-8,Does not apply,0
E01026021,Boston 003B,0,Owned: Owns outright,324
E01026021,Boston 003B,1,Owned: Owns with a mortgage or loan,172
E01026021,Boston 003B,2,Shared ownership: Shared ownership,5
E01026021,Boston 003B,3,Social rented: Rents from council or Local Authority,6
E01026021,Boston 003B,4,Social rented: Other social rented,51
E01026021,Boston 003B,5,Private rented: Private landlord or letting agency,217
E01026021,Boston 003B,6,Private rented: Other private rented,24
E01026021,Boston 003B,7,Lives rent free,0
E01026022,Boston 008C,-8,Does not apply,0
E01026022,Boston 008C,0,Owned: Owns outright,497
E01026022,Boston 008C,1,Owned: Owns with a mortgage or loan,248
E01026022,Boston 008C,2,Shared ownership: Shared ownership,18
E01026022,Boston 008C,3,Social rented: Rents from council or Local Authority,2
E01026022,Boston 008C,4,Social rented: Other social rented,17
E01026022,Boston 008C,5,Private rented: Private landlord or letting agency,122
E01026022,Boston 008C,6,Private rented: Other private rented,11
E01026022,Boston 008C,7,Lives rent free,0
E01026023,Boston 001D,-8,Does not apply,0
E01026023,Boston 001D,0,Owned: Owns outright,301
E01026023,Boston 001D,1,Owned: Owns with a mortgage or loan,131
E01026023,Boston 001D,2,Shared ownership: Shared ownership,1
E01026023,Boston 001D,3,Social rented: Rents from council or Local Authority,24
E01026023,Boston 001D,4,Social rented: Other social rented,72
E01026023,Boston 001D,5,Private rented: Private landlord or letting agency,57
E01026023,Boston 001D,6,Private rented: Other private rented,13
E01026023,Boston 001D,7,Lives rent free,1
E01026024,Boston 001E,-8,Does not apply,0
E01026024,Boston 001E,0,Owned: Owns outright,391
E01026024,Boston 001E,1,Owned: Owns with a mortgage or loan,245
E01026024,Boston 001E,2,Shared ownership: Shared ownership,26
E01026024,Boston 001E,3,Social rented: Rents from council or Local Authority,44
E01026024,Boston 001E,4,Social rented: Other social rented,116
E01026024,Boston 001E,5,Private rented: Private landlord or letting agency,83
E01026024,Boston 001E,6,Private rented: Other private rented,18
E01026024,Boston 001E,7,Lives rent free,1
E01026025,Boston 003C,-8,Does not apply,0
E01026025,Boston 003C,0,Owned: Owns outright,174
E01026025,Boston 003C,1,Owned: Owns with a mortgage or loan,158
E01026025,Boston 003C,2,Shared ownership: Shared ownership,18
E01026025,Boston 003C,3,Social rented: Rents from council or Local Authority,66
E01026025,Boston 003C,4,Social rented: Other social rented,179
E01026025,Boston 003C,5,Private rented: Private landlord or letting agency,463
E01026025,Boston 003C,6,Private rented: Other private rented,29
E01026025,Boston 003C,7,Lives rent free,1
E01026026,Boston 004C,-8,Does not apply,0
E01026026,Boston 004C,0,Owned: Owns outright,146
E01026026,Boston 004C,1,Owned: Owns with a mortgage or loan,240
E01026026,Boston 004C,2,Shared ownership: Shared ownership,16
E01026026,Boston 004C,3,Social rented: Rents from council or Local Authority,137
E01026026,Boston 004C,4,Social rented: Other social rented,262
E01026026,Boston 004C,5,Private rented: Private landlord or letting agency,85
E01026026,Boston 004C,6,Private rented: Other private rented,5
E01026026,Boston 004C,7,Lives rent free,4
E01026027,Boston 004D,-8,Does not apply,0
E01026027,Boston 004D,0,Owned: Owns outright,235
E01026027,Boston 004D,1,Owned: Owns with a mortgage or loan,214
E01026027,Boston 004D,2,Shared ownership: Shared ownership,9
E01026027,Boston 004D,3,Social rented: Rents from council or Local Authority,26
E01026027,Boston 004D,4,Social rented: Other social rented,71
E01026027,Boston 004D,5,Private rented: Private landlord or letting agency,188
E01026027,Boston 004D,6,Private rented: Other private rented,8
E01026027,Boston 004D,7,Lives rent free,0
E01026028,Boston 004E,-8,Does not apply,0
E01026028,Boston 004E,0,Owned: Owns outright,252
E01026028,Boston 004E,1,Owned: Owns with a mortgage or loan,188
E01026028,Boston 004E,2,Shared ownership: Shared ownership,2
E01026028,Boston 004E,3,Social rented: Rents from council or Local Authority,64
E01026028,Boston 004E,4,Social rented: Other social rented,146
E01026028,Boston 004E,5,Private rented: Private landlord or letting agency,187
E01026028,Boston 004E,6,Private rented: Other private rented,15
E01026028,Boston 004E,7,Lives rent free,1
E01026030,Boston 002C,-8,Does not apply,0
E01026030,Boston 002C,0,Owned: Owns outright,142
E01026030,Boston 002C,1,Owned: Owns with a mortgage or loan,160
E01026030,Boston 002C,2,Shared ownership: Shared ownership,24
E01026030,Boston 002C,3,Social rented: Rents from council or Local Authority,199
E01026030,Boston 002C,4,Social rented: Other social rented,328
E01026030,Boston 002C,5,Private rented: Private landlord or letting agency,249
E01026030,Boston 002C,6,Private rented: Other private rented,17
E01026030,Boston 002C,7,Lives rent free,7
E01026031,Boston 009B,-8,Does not apply,0
E01026031,Boston 009B,0,Owned: Owns outright,361
E01026031,Boston 009B,1,Owned: Owns with a mortgage or loan,147
E01026031,Boston 009B,2,Shared ownership: Shared ownership,26
E01026031,Boston 009B,3,Social rented: Rents from council or Local Authority,22
E01026031,Boston 009B,4,Social rented: Other social rented,63
E01026031,Boston 009B,5,Private rented: Private landlord or letting agency,68
E01026031,Boston 009B,6,Private rented: Other private rented,10
E01026031,Boston 009B,7,Lives rent free,2
E01026032,Boston 002D,-8,Does not apply,0
E01026032,Boston 002D,0,Owned: Owns outright,197
E01026032,Boston 002D,1,Owned: Owns with a mortgage or loan,142
E01026032,Boston 002D,2,Shared ownership: Shared ownership,7
E01026032,Boston 002D,3,Social rented: Rents from council or Local Authority,52
E01026032,Boston 002D,4,Social rented: Other social rented,74
E01026032,Boston 002D,5,Private rented: Private landlord or letting agency,285
E01026032,Boston 002D,6,Private rented: Other private rented,14
E01026032,Boston 002D,7,Lives rent free,1
E01026033,Boston 006B,-8,Does not apply,0
E01026033,Boston 006B,0,Owned: Owns outright,430
E01026033,Boston 006B,1,Owned: Owns with a mortgage or loan,348
E01026033,Boston 006B,2,Shared ownership: Shared ownership,10
E01026033,Boston 006B,3,Social rented: Rents from council or Local Authority,31
E01026033,Boston 006B,4,Social rented: Other social rented,56
E01026033,Boston 006B,5,Private rented: Private landlord or letting agency,108
E01026033,Boston 006B,6,Private rented: Other private rented,17
E01026033,Boston 006B,7,Lives rent free,0
E01026034,Boston 006C,-8,Does not apply,0
E01026034,Boston 006C,0,Owned: Owns outright,311
E01026034,Boston 006C,1,Owned: Owns with a mortgage or loan,222
E01026034,Boston 006C,2,Shared ownership: Shared ownership,12
E01026034,Boston 006C,3,Social rented: Rents from council or Local Authority,51
E01026034,Boston 006C,4,Social rented: Other social rented,142
E01026034,Boston 006C,5,Private rented: Private landlord or letting agency,82
E01026034,Boston 006C,6,Private rented: Other private rented,22
E01026034,Boston 006C,7,Lives rent free,0
E01026035,Boston 009C,-8,Does not apply,0
E01026035,Boston 009C,0,Owned: Owns outright,532
E01026035,Boston 009C,1,Owned: Owns with a mortgage or loan,401
E01026035,Boston 009C,2,Shared ownership: Shared ownership,6
E01026035,Boston 009C,3,Social rented: Rents from council or Local Authority,15
E01026035,Boston 009C,4,Social rented: Other social rented,10
E01026035,Boston 009C,5,Private rented: Private landlord or letting agency,96
E01026035,Boston 009C,6,Private rented: Other private rented,13
E01026035,Boston 009C,7,Lives rent free,0
E01026036,Boston 003D,-8,Does not apply,0
E01026036,Boston 003D,0,Owned: Owns outright,162
E01026036,Boston 003D,1,Owned: Owns with a mortgage or loan,124
E01026036,Boston 003D,2,Shared ownership: Shared ownership,3
E01026036,Boston 003D,3,Social rented: Rents from council or Local Authority,16
E01026036,Boston 003D,4,Social rented: Other social rented,15
E01026036,Boston 003D,5,Private rented: Private landlord or letting agency,315
E01026036,Boston 003D,6,Private rented: Other private rented,15
E01026036,Boston 003D,7,Lives rent free,0
E01026037,Boston 002E,-8,Does not apply,0
E01026037,Boston 002E,0,Owned: Owns outright,150
E01026037,Boston 002E,1,Owned: Owns with a mortgage or loan,99
E01026037,Boston 002E,2,Shared ownership: Shared ownership,1
E01026037,Boston 002E,3,Social rented: Rents from council or Local Authority,83
E01026037,Boston 002E,4,Social rented: Other social rented,157
E01026037,Boston 002E,5,Private rented: Private landlord or letting agency,193
E01026037,Boston 002E,6,Private rented: Other private rented,8
E01026037,Boston 002E,7,Lives rent free,1
E01026038,Boston 008D,-8,Does not apply,0
E01026038,Boston 008D,0,Owned: Owns outright,278
E01026038,Boston 008D,1,Owned: Owns with a mortgage or loan,173
E01026038,Boston 008D,2,Shared ownership: Shared ownership,2
E01026038,Boston 008D,3,Social rented: Rents from council or Local Authority,10
E01026038,Boston 008D,4,Social rented: Other social rented,29
E01026038,Boston 008D,5,Private rented: Private landlord or letting agency,145
E01026038,Boston 008D,6,Private rented: Other private rented,18
E01026038,Boston 008D,7,Lives rent free,0
E01026039,Boston 009D,-8,Does not apply,0
E01026039,Boston 009D,0,Owned: Owns outright,275
E01026039,Boston 009D,1,Owned: Owns with a mortgage or loan,135
E01026039,Boston 009D,2,Shared ownership: Shared ownership,4
E01026039,Boston 009D,3,Social rented: Rents from council or Local Authority,19
E01026039,Boston 009D,4,Social rented: Other social rented,31
E01026039,Boston 009D,5,Private rented: Private landlord or letting agency,33
E01026039,Boston 009D,6,Private rented: Other private rented,15
E01026039,Boston 009D,7,Lives rent free,0
E01026040,Boston 008E,-8,Does not apply,0
E01026040,Boston 008E,0,Owned: Owns outright,206
E01026040,Boston 008E,1,Owned: Owns with a mortgage or loan,261
E01026040,Boston 008E,2,Shared ownership: Shared ownership,27
E01026040,Boston 008E,3,Social rented: Rents from council or Local Authority,37
E01026040,Boston 008E,4,Social rented: Other social rented,61
E01026040,Boston 008E,5,Private rented: Private landlord or letting agency,69
E01026040,Boston 008E,6,Private rented: Other private rented,16
E01026040,Boston 008E,7,Lives rent free,0
E01026041,Boston 007E,-8,Does not apply,0
E01026041,Boston 007E,0,Owned: Owns outright,123
E01026041,Boston 007E,1,Owned: Owns with a mortgage or loan,136
E01026041,Boston 007E,2,Shared ownership: Shared ownership,4
E01026041,Boston 007E,3,Social rented: Rents from council or Local Authority,99
E01026041,Boston 007E,4,Social rented: Other social rented,188
E01026041,Boston 007E,5,Private rented: Private landlord or letting agency,57
E01026041,Boston 007E,6,Private rented: Other private rented,5
E01026041,Boston 007E,7,Lives rent free,1
E01026042,East Lindsey 008A,-8,Does not apply,0
E01026042,East Lindsey 008A,0,Owned: Owns outright,219
E01026042,East Lindsey 008A,1,Owned: Owns with a mortgage or loan,149
E01026042,East Lindsey 008A,2,Shared ownership: Shared ownership,9
E01026042,East Lindsey 008A,3,Social rented: Rents from council or Local Authority,39
E01026042,East Lindsey 008A,4,Social rented: Other social rented,120
E01026042,East Lindsey 008A,5,Private rented: Private landlord or letting agency,221
E01026042,East Lindsey 008A,6,Private rented: Other private rented,14
E01026042,East Lindsey 008A,7,Lives rent free,0
E01026043,East Lindsey 008B,-8,Does not apply,0
E01026043,East Lindsey 008B,0,Owned: Owns outright,339
E01026043,East Lindsey 008B,1,Owned: Owns with a mortgage or loan,187
E01026043,East Lindsey 008B,2,Shared ownership: Shared ownership,10
E01026043,East Lindsey 008B,3,Social rented: Rents from council or Local Authority,33
E01026043,East Lindsey 008B,4,Social rented: Other social rented,99
E01026043,East Lindsey 008B,5,Private rented: Private landlord or letting agency,124
E01026043,East Lindsey 008B,6,Private rented: Other private rented,21
E01026043,East Lindsey 008B,7,Lives rent free,0
E01026044,East Lindsey 008C,-8,Does not apply,0
E01026044,East Lindsey 008C,0,Owned: Owns outright,381
E01026044,East Lindsey 008C,1,Owned: Owns with a mortgage or loan,117
E01026044,East Lindsey 008C,2,Shared ownership: Shared ownership,6
E01026044,East Lindsey 008C,3,Social rented: Rents from council or Local Authority,6
E01026044,East Lindsey 008C,4,Social rented: Other social rented,19
E01026044,East Lindsey 008C,5,Private rented: Private landlord or letting agency,65
E01026044,East Lindsey 008C,6,Private rented: Other private rented,20
E01026044,East Lindsey 008C,7,Lives rent free,0
E01026045,East Lindsey 001A,-8,Does not apply,0
E01026045,East Lindsey 001A,0,Owned: Owns outright,447
E01026045,East Lindsey 001A,1,Owned: Owns with a mortgage or loan,187
E01026045,East Lindsey 001A,2,Shared ownership: Shared ownership,6
E01026045,East Lindsey 001A,3,Social rented: Rents from council or Local Authority,14
E01026045,East Lindsey 001A,4,Social rented: Other social rented,75
E01026045,East Lindsey 001A,5,Private rented: Private landlord or letting agency,128
E01026045,East Lindsey 001A,6,Private rented: Other private rented,24
E01026045,East Lindsey 001A,7,Lives rent free,0
E01026046,East Lindsey 013A,-8,Does not apply,0
E01026046,East Lindsey 013A,0,Owned: Owns outright,246
E01026046,East Lindsey 013A,1,Owned: Owns with a mortgage or loan,136
E01026046,East Lindsey 013A,2,Shared ownership: Shared ownership,5
E01026046,East Lindsey 013A,3,Social rented: Rents from council or Local Authority,18
E01026046,East Lindsey 013A,4,Social rented: Other social rented,55
E01026046,East Lindsey 013A,5,Private rented: Private landlord or letting agency,113
E01026046,East Lindsey 013A,6,Private rented: Other private rented,24
E01026046,East Lindsey 013A,7,Lives rent free,0
E01026047,East Lindsey 013B,-8,Does not apply,0
E01026047,East Lindsey 013B,0,Owned: Owns outright,387
E01026047,East Lindsey 013B,1,Owned: Owns with a mortgage or loan,127
E01026047,East Lindsey 013B,2,Shared ownership: Shared ownership,6
E01026047,East Lindsey 013B,3,Social rented: Rents from council or Local Authority,2
E01026047,East Lindsey 013B,4,Social rented: Other social rented,15
E01026047,East Lindsey 013B,5,Private rented: Private landlord or letting agency,77
E01026047,East Lindsey 013B,6,Private rented: Other private rented,10
E01026047,East Lindsey 013B,7,Lives rent free,0
E01026048,East Lindsey 010A,-8,Does not apply,0
E01026048,East Lindsey 010A,0,Owned: Owns outright,373
E01026048,East Lindsey 010A,1,Owned: Owns with a mortgage or loan,82
E01026048,East Lindsey 010A,2,Shared ownership: Shared ownership,16
E01026048,East Lindsey 010A,3,Social rented: Rents from council or Local Authority,13
E01026048,East Lindsey 010A,4,Social rented: Other social rented,61
E01026048,East Lindsey 010A,5,Private rented: Private landlord or letting agency,205
E01026048,East Lindsey 010A,6,Private rented: Other private rented,32
E01026048,East Lindsey 010A,7,Lives rent free,1
E01026049,East Lindsey 010B,-8,Does not apply,0
E01026049,East Lindsey 010B,0,Owned: Owns outright,443
E01026049,East Lindsey 010B,1,Owned: Owns with a mortgage or loan,127
E01026049,East Lindsey 010B,2,Shared ownership: Shared ownership,6
E01026049,East Lindsey 010B,3,Social rented: Rents from council or Local Authority,6
E01026049,East Lindsey 010B,4,Social rented: Other social rented,26
E01026049,East Lindsey 010B,5,Private rented: Private landlord or letting agency,104
E01026049,East Lindsey 010B,6,Private rented: Other private rented,38
E01026049,East Lindsey 010B,7,Lives rent free,0
E01026050,East Lindsey 010C,-8,Does not apply,0
E01026050,East Lindsey 010C,0,Owned: Owns outright,525
E01026050,East Lindsey 010C,1,Owned: Owns with a mortgage or loan,121
E01026050,East Lindsey 010C,2,Shared ownership: Shared ownership,2
E01026050,East Lindsey 010C,3,Social rented: Rents from council or Local Authority,3
E01026050,East Lindsey 010C,4,Social rented: Other social rented,16
E01026050,East Lindsey 010C,5,Private rented: Private landlord or letting agency,125
E01026050,East Lindsey 010C,6,Private rented: Other private rented,26
E01026050,East Lindsey 010C,7,Lives rent free,0
E01026051,East Lindsey 016A,-8,Does not apply,0
E01026051,East Lindsey 016A,0,Owned: Owns outright,288
E01026051,East Lindsey 016A,1,Owned: Owns with a mortgage or loan,217
E01026051,East Lindsey 016A,2,Shared ownership: Shared ownership,8
E01026051,East Lindsey 016A,3,Social rented: Rents from council or Local Authority,0
E01026051,East Lindsey 016A,4,Social rented: Other social rented,26
E01026051,East Lindsey 016A,5,Private rented: Private landlord or letting agency,66
E01026051,East Lindsey 016A,6,Private rented: Other private rented,6
E01026051,East Lindsey 016A,7,Lives rent free,0
E01026052,East Lindsey 016B,-8,Does not apply,0
E01026052,East Lindsey 016B,0,Owned: Owns outright,303
E01026052,East Lindsey 016B,1,Owned: Owns with a mortgage or loan,184
E01026052,East Lindsey 016B,2,Shared ownership: Shared ownership,24
E01026052,East Lindsey 016B,3,Social rented: Rents from council or Local Authority,21
E01026052,East Lindsey 016B,4,Social rented: Other social rented,82
E01026052,East Lindsey 016B,5,Private rented: Private landlord or letting agency,116
E01026052,East Lindsey 016B,6,Private rented: Other private rented,115
E01026052,East Lindsey 016B,7,Lives rent free,0
E01026053,East Lindsey 016C,-8,Does not apply,0
E01026053,East Lindsey 016C,0,Owned: Owns outright,264
E01026053,East Lindsey 016C,1,Owned: Owns with a mortgage or loan,232
E01026053,East Lindsey 016C,2,Shared ownership: Shared ownership,7
E01026053,East Lindsey 016C,3,Social rented: Rents from council or Local Authority,5
E01026053,East Lindsey 016C,4,Social rented: Other social rented,17
E01026053,East Lindsey 016C,5,Private rented: Private landlord or letting agency,143
E01026053,East Lindsey 016C,6,Private rented: Other private rented,112
E01026053,East Lindsey 016C,7,Lives rent free,0
E01026054,East Lindsey 016D,-8,Does not apply,0
E01026054,East Lindsey 016D,0,Owned: Owns outright,225
E01026054,East Lindsey 016D,1,Owned: Owns with a mortgage or loan,172
E01026054,East Lindsey 016D,2,Shared ownership: Shared ownership,4
E01026054,East Lindsey 016D,3,Social rented: Rents from council or Local Authority,37
E01026054,East Lindsey 016D,4,Social rented: Other social rented,100
E01026054,East Lindsey 016D,5,Private rented: Private landlord or letting agency,150
E01026054,East Lindsey 016D,6,Private rented: Other private rented,25
E01026054,East Lindsey 016D,7,Lives rent free,2
E01026055,East Lindsey 013C,-8,Does not apply,0
E01026055,East Lindsey 013C,0,Owned: Owns outright,308
E01026055,East Lindsey 013C,1,Owned: Owns with a mortgage or loan,121
E01026055,East Lindsey 013C,2,Shared ownership: Shared ownership,0
E01026055,East Lindsey 013C,3,Social rented: Rents from council or Local Authority,3
E01026055,East Lindsey 013C,4,Social rented: Other social rented,13
E01026055,East Lindsey 013C,5,Private rented: Private landlord or letting agency,32
E01026055,East Lindsey 013C,6,Private rented: Other private rented,14
E01026055,East Lindsey 013C,7,Lives rent free,0
E01026056,East Lindsey 017A,-8,Does not apply,0
E01026056,East Lindsey 017A,0,Owned: Owns outright,284
E01026056,East Lindsey 017A,1,Owned: Owns with a mortgage or loan,129
E01026056,East Lindsey 017A,2,Shared ownership: Shared ownership,3
E01026056,East Lindsey 017A,3,Social rented: Rents from council or Local Authority,14
E01026056,East Lindsey 017A,4,Social rented: Other social rented,18
E01026056,East Lindsey 017A,5,Private rented: Private landlord or letting agency,46
E01026056,East Lindsey 017A,6,Private rented: Other private rented,27
E01026056,East Lindsey 017A,7,Lives rent free,0
E01026057,East Lindsey 018A,-8,Does not apply,0
E01026057,East Lindsey 018A,0,Owned: Owns outright,446
E01026057,East Lindsey 018A,1,Owned: Owns with a mortgage or loan,217
E01026057,East Lindsey 018A,2,Shared ownership: Shared ownership,2
E01026057,East Lindsey 018A,3,Social rented: Rents from council or Local Authority,9
E01026057,East Lindsey 018A,4,Social rented: Other social rented,27
E01026057,East Lindsey 018A,5,Private rented: Private landlord or letting agency,96
E01026057,East Lindsey 018A,6,Private rented: Other private rented,68
E01026057,East Lindsey 018A,7,Lives rent free,0
E01026058,East Lindsey 002A,-8,Does not apply,0
E01026058,East Lindsey 002A,0,Owned: Owns outright,525
E01026058,East Lindsey 002A,1,Owned: Owns with a mortgage or loan,310
E01026058,East Lindsey 002A,2,Shared ownership: Shared ownership,5
E01026058,East Lindsey 002A,3,Social rented: Rents from council or Local Authority,10
E01026058,East Lindsey 002A,4,Social rented: Other social rented,53
E01026058,East Lindsey 002A,5,Private rented: Private landlord or letting agency,92
E01026058,East Lindsey 002A,6,Private rented: Other private rented,24
E01026058,East Lindsey 002A,7,Lives rent free,0
E01026059,East Lindsey 013D,-8,Does not apply,0
E01026059,East Lindsey 013D,0,Owned: Owns outright,304
E01026059,East Lindsey 013D,1,Owned: Owns with a mortgage or loan,103
E01026059,East Lindsey 013D,2,Shared ownership: Shared ownership,2
E01026059,East Lindsey 013D,3,Social rented: Rents from council or Local Authority,11
E01026059,East Lindsey 013D,4,Social rented: Other social rented,33
E01026059,East Lindsey 013D,5,Private rented: Private landlord or letting agency,23
E01026059,East Lindsey 013D,6,Private rented: Other private rented,16
E01026059,East Lindsey 013D,7,Lives rent free,0
E01026060,East Lindsey 009A,-8,Does not apply,0
E01026060,East Lindsey 009A,0,Owned: Owns outright,322
E01026060,East Lindsey 009A,1,Owned: Owns with a mortgage or loan,143
E01026060,East Lindsey 009A,2,Shared ownership: Shared ownership,2
E01026060,East Lindsey 009A,3,Social rented: Rents from council or Local Authority,6
E01026060,East Lindsey 009A,4,Social rented: Other social rented,23
E01026060,East Lindsey 009A,5,Private rented: Private landlord or letting agency,60
E01026060,East Lindsey 009A,6,Private rented: Other private rented,21
E01026060,East Lindsey 009A,7,Lives rent free,0
E01026061,East Lindsey 001B,-8,Does not apply,0
E01026061,East Lindsey 001B,0,Owned: Owns outright,265
E01026061,East Lindsey 001B,1,Owned: Owns with a mortgage or loan,189
E01026061,East Lindsey 001B,2,Shared ownership: Shared ownership,1
E01026061,East Lindsey 001B,3,Social rented: Rents from council or Local Authority,1
E01026061,East Lindsey 001B,4,Social rented: Other social rented,3
E01026061,East Lindsey 001B,5,Private rented: Private landlord or letting agency,32
E01026061,East Lindsey 001B,6,Private rented: Other private rented,10
E01026061,East Lindsey 001B,7,Lives rent free,0
E01026062,East Lindsey 001C,-8,Does not apply,0
E01026062,East Lindsey 001C,0,Owned: Owns outright,234
E01026062,East Lindsey 001C,1,Owned: Owns with a mortgage or loan,154
E01026062,East Lindsey 001C,2,Shared ownership: Shared ownership,0
E01026062,East Lindsey 001C,3,Social rented: Rents from council or Local Authority,8
E01026062,East Lindsey 001C,4,Social rented: Other social rented,42
E01026062,East Lindsey 001C,5,Private rented: Private landlord or letting agency,68
E01026062,East Lindsey 001C,6,Private rented: Other private rented,13
E01026062,East Lindsey 001C,7,Lives rent free,0
E01026063,East Lindsey 001D,-8,Does not apply,0
E01026063,East Lindsey 001D,0,Owned: Owns outright,349
E01026063,East Lindsey 001D,1,Owned: Owns with a mortgage or loan,245
E01026063,East Lindsey 001D,2,Shared ownership: Shared ownership,13
E01026063,East Lindsey 001D,3,Social rented: Rents from council or Local Authority,2
E01026063,East Lindsey 001D,4,Social rented: Other social rented,14
E01026063,East Lindsey 001D,5,Private rented: Private landlord or letting agency,56
E01026063,East Lindsey 001D,6,Private rented: Other private rented,8
E01026063,East Lindsey 001D,7,Lives rent free,0
E01026064,East Lindsey 011A,-8,Does not apply,0
E01026064,East Lindsey 011A,0,Owned: Owns outright,194
E01026064,East Lindsey 011A,1,Owned: Owns with a mortgage or loan,159
E01026064,East Lindsey 011A,2,Shared ownership: Shared ownership,30
E01026064,East Lindsey 011A,3,Social rented: Rents from council or Local Authority,61
E01026064,East Lindsey 011A,4,Social rented: Other social rented,185
E01026064,East Lindsey 011A,5,Private rented: Private landlord or letting agency,72
E01026064,East Lindsey 011A,6,Private rented: Other private rented,9
E01026064,East Lindsey 011A,7,Lives rent free,1
E01026065,East Lindsey 011B,-8,Does not apply,0
E01026065,East Lindsey 011B,0,Owned: Owns outright,494
E01026065,East Lindsey 011B,1,Owned: Owns with a mortgage or loan,204
E01026065,East Lindsey 011B,2,Shared ownership: Shared ownership,9
E01026065,East Lindsey 011B,3,Social rented: Rents from council or Local Authority,11
E01026065,East Lindsey 011B,4,Social rented: Other social rented,33
E01026065,East Lindsey 011B,5,Private rented: Private landlord or letting agency,105
E01026065,East Lindsey 011B,6,Private rented: Other private rented,34
E01026065,East Lindsey 011B,7,Lives rent free,0
E01026066,East Lindsey 011C,-8,Does not apply,0
E01026066,East Lindsey 011C,0,Owned: Owns outright,506
E01026066,East Lindsey 011C,1,Owned: Owns with a mortgage or loan,273
E01026066,East Lindsey 011C,2,Shared ownership: Shared ownership,2
E01026066,East Lindsey 011C,3,Social rented: Rents from council or Local Authority,1
E01026066,East Lindsey 011C,4,Social rented: Other social rented,23
E01026066,East Lindsey 011C,5,Private rented: Private landlord or letting agency,132
E01026066,East Lindsey 011C,6,Private rented: Other private rented,27
E01026066,East Lindsey 011C,7,Lives rent free,0
E01026067,East Lindsey 011D,-8,Does not apply,0
E01026067,East Lindsey 011D,0,Owned: Owns outright,268
E01026067,East Lindsey 011D,1,Owned: Owns with a mortgage or loan,204
E01026067,East Lindsey 011D,2,Shared ownership: Shared ownership,7
E01026067,East Lindsey 011D,3,Social rented: Rents from council or Local Authority,24
E01026067,East Lindsey 011D,4,Social rented: Other social rented,144
E01026067,East Lindsey 011D,5,Private rented: Private landlord or letting agency,301
E01026067,East Lindsey 011D,6,Private rented: Other private rented,27
E01026067,East Lindsey 011D,7,Lives rent free,0
E01026068,East Lindsey 009B,-8,Does not apply,0
E01026068,East Lindsey 009B,0,Owned: Owns outright,464
E01026068,East Lindsey 009B,1,Owned: Owns with a mortgage or loan,210
E01026068,East Lindsey 009B,2,Shared ownership: Shared ownership,3
E01026068,East Lindsey 009B,3,Social rented: Rents from council or Local Authority,17
E01026068,East Lindsey 009B,4,Social rented: Other social rented,46
E01026068,East Lindsey 009B,5,Private rented: Private landlord or letting agency,171
E01026068,East Lindsey 009B,6,Private rented: Other private rented,34
E01026068,East Lindsey 009B,7,Lives rent free,0
E01026069,East Lindsey 010D,-8,Does not apply,0
E01026069,East Lindsey 010D,0,Owned: Owns outright,576
E01026069,East Lindsey 010D,1,Owned: Owns with a mortgage or loan,90
E01026069,East Lindsey 010D,2,Shared ownership: Shared ownership,11
E01026069,East Lindsey 010D,3,Social rented: Rents from council or Local Authority,43
E01026069,East Lindsey 010D,4,Social rented: Other social rented,127
E01026069,East Lindsey 010D,5,Private rented: Private landlord or letting agency,162
E01026069,East Lindsey 010D,6,Private rented: Other private rented,51
E01026069,East Lindsey 010D,7,Lives rent free,0
E01026070,East Lindsey 009C,-8,Does not apply,0
E01026070,East Lindsey 009C,0,Owned: Owns outright,418
E01026070,East Lindsey 009C,1,Owned: Owns with a mortgage or loan,223
E01026070,East Lindsey 009C,2,Shared ownership: Shared ownership,20
E01026070,East Lindsey 009C,3,Social rented: Rents from council or Local Authority,10
E01026070,East Lindsey 009C,4,Social rented: Other social rented,40
E01026070,East Lindsey 009C,5,Private rented: Private landlord or letting agency,179
E01026070,East Lindsey 009C,6,Private rented: Other private rented,60
E01026070,East Lindsey 009C,7,Lives rent free,1
E01026071,East Lindsey 007A,-8,Does not apply,0
E01026071,East Lindsey 007A,0,Owned: Owns outright,520
E01026071,East Lindsey 007A,1,Owned: Owns with a mortgage or loan,214
E01026071,East Lindsey 007A,2,Shared ownership: Shared ownership,6
E01026071,East Lindsey 007A,3,Social rented: Rents from council or Local Authority,6
E01026071,East Lindsey 007A,4,Social rented: Other social rented,39
E01026071,East Lindsey 007A,5,Private rented: Private landlord or letting agency,132
E01026071,East Lindsey 007A,6,Private rented: Other private rented,35
E01026071,East Lindsey 007A,7,Lives rent free,0
E01026072,East Lindsey 005A,-8,Does not apply,0
E01026072,East Lindsey 005A,0,Owned: Owns outright,458
E01026072,East Lindsey 005A,1,Owned: Owns with a mortgage or loan,139
E01026072,East Lindsey 005A,2,Shared ownership: Shared ownership,27
E01026072,East Lindsey 005A,3,Social rented: Rents from council or Local Authority,54
E01026072,East Lindsey 005A,4,Social rented: Other social rented,155
E01026072,East Lindsey 005A,5,Private rented: Private landlord or letting agency,155
E01026072,East Lindsey 005A,6,Private rented: Other private rented,25
E01026072,East Lindsey 005A,7,Lives rent free,1
E01026073,East Lindsey 005B,-8,Does not apply,0
E01026073,East Lindsey 005B,0,Owned: Owns outright,371
E01026073,East Lindsey 005B,1,Owned: Owns with a mortgage or loan,120
E01026073,East Lindsey 005B,2,Shared ownership: Shared ownership,5
E01026073,East Lindsey 005B,3,Social rented: Rents from council or Local Authority,22
E01026073,East Lindsey 005B,4,Social rented: Other social rented,190
E01026073,East Lindsey 005B,5,Private rented: Private landlord or letting agency,218
E01026073,East Lindsey 005B,6,Private rented: Other private rented,33
E01026073,East Lindsey 005B,7,Lives rent free,0
E01026074,East Lindsey 005C,-8,Does not apply,0
E01026074,East Lindsey 005C,0,Owned: Owns outright,625
E01026074,East Lindsey 005C,1,Owned: Owns with a mortgage or loan,137
E01026074,East Lindsey 005C,2,Shared ownership: Shared ownership,11
E01026074,East Lindsey 005C,3,Social rented: Rents from council or Local Authority,24
E01026074,East Lindsey 005C,4,Social rented: Other social rented,94
E01026074,East Lindsey 005C,5,Private rented: Private landlord or letting agency,142
E01026074,East Lindsey 005C,6,Private rented: Other private rented,24
E01026074,East Lindsey 005C,7,Lives rent free,2
E01026075,East Lindsey 018B,-8,Does not apply,0
E01026075,East Lindsey 018B,0,Owned: Owns outright,469
E01026075,East Lindsey 018B,1,Owned: Owns with a mortgage or loan,219
E01026075,East Lindsey 018B,2,Shared ownership: Shared ownership,0
E01026075,East Lindsey 018B,3,Social rented: Rents from council or Local Authority,13
E01026075,East Lindsey 018B,4,Social rented: Other social rented,60
E01026075,East Lindsey 018B,5,Private rented: Private landlord or letting agency,154
E01026075,East Lindsey 018B,6,Private rented: Other private rented,38
E01026075,East Lindsey 018B,7,Lives rent free,0
E01026076,East Lindsey 002B,-8,Does not apply,0
E01026076,East Lindsey 002B,0,Owned: Owns outright,522
E01026076,East Lindsey 002B,1,Owned: Owns with a mortgage or loan,269
E01026076,East Lindsey 002B,2,Shared ownership: Shared ownership,5
E01026076,East Lindsey 002B,3,Social rented: Rents from council or Local Authority,12
E01026076,East Lindsey 002B,4,Social rented: Other social rented,54
E01026076,East Lindsey 002B,5,Private rented: Private landlord or letting agency,86
E01026076,East Lindsey 002B,6,Private rented: Other private rented,26
E01026076,East Lindsey 002B,7,Lives rent free,0
E01026077,East Lindsey 003A,-8,Does not apply,0
E01026077,East Lindsey 003A,0,Owned: Owns outright,218
E01026077,East Lindsey 003A,1,Owned: Owns with a mortgage or loan,152
E01026077,East Lindsey 003A,2,Shared ownership: Shared ownership,18
E01026077,East Lindsey 003A,3,Social rented: Rents from council or Local Authority,49
E01026077,East Lindsey 003A,4,Social rented: Other social rented,147
E01026077,East Lindsey 003A,5,Private rented: Private landlord or letting agency,52
E01026077,East Lindsey 003A,6,Private rented: Other private rented,9
E01026077,East Lindsey 003A,7,Lives rent free,2
E01026078,East Lindsey 003B,-8,Does not apply,0
E01026078,East Lindsey 003B,0,Owned: Owns outright,158
E01026078,East Lindsey 003B,1,Owned: Owns with a mortgage or loan,110
E01026078,East Lindsey 003B,2,Shared ownership: Shared ownership,1
E01026078,East Lindsey 003B,3,Social rented: Rents from council or Local Authority,24
E01026078,East Lindsey 003B,4,Social rented: Other social rented,102
E01026078,East Lindsey 003B,5,Private rented: Private landlord or letting agency,74
E01026078,East Lindsey 003B,6,Private rented: Other private rented,6
E01026078,East Lindsey 003B,7,Lives rent free,3
E01026079,East Lindsey 002C,-8,Does not apply,0
E01026079,East Lindsey 002C,0,Owned: Owns outright,494
E01026079,East Lindsey 002C,1,Owned: Owns with a mortgage or loan,193
E01026079,East Lindsey 002C,2,Shared ownership: Shared ownership,2
E01026079,East Lindsey 002C,3,Social rented: Rents from council or Local Authority,12
E01026079,East Lindsey 002C,4,Social rented: Other social rented,48
E01026079,East Lindsey 002C,5,Private rented: Private landlord or letting agency,85
E01026079,East Lindsey 002C,6,Private rented: Other private rented,31
E01026079,East Lindsey 002C,7,Lives rent free,0
E01026080,East Lindsey 001E,-8,Does not apply,0
E01026080,East Lindsey 001E,0,Owned: Owns outright,478
E01026080,East Lindsey 001E,1,Owned: Owns with a mortgage or loan,246
E01026080,East Lindsey 001E,2,Shared ownership: Shared ownership,9
E01026080,East Lindsey 001E,3,Social rented: Rents from council or Local Authority,7
E01026080,East Lindsey 001E,4,Social rented: Other social rented,42
E01026080,East Lindsey 001E,5,Private rented: Private landlord or letting agency,92
E01026080,East Lindsey 001E,6,Private rented: Other private rented,30
E01026080,East Lindsey 001E,7,Lives rent free,0
E01026081,East Lindsey 004A,-8,Does not apply,0
E01026081,East Lindsey 004A,0,Owned: Owns outright,410
E01026081,East Lindsey 004A,1,Owned: Owns with a mortgage or loan,223
E01026081,East Lindsey 004A,2,Shared ownership: Shared ownership,2
E01026081,East Lindsey 004A,3,Social rented: Rents from council or Local Authority,21
E01026081,East Lindsey 004A,4,Social rented: Other social rented,72
E01026081,East Lindsey 004A,5,Private rented: Private landlord or letting agency,415
E01026081,East Lindsey 004A,6,Private rented: Other private rented,46
E01026081,East Lindsey 004A,7,Lives rent free,0
E01026082,East Lindsey 007B,-8,Does not apply,0
E01026082,East Lindsey 007B,0,Owned: Owns outright,628
E01026082,East Lindsey 007B,1,Owned: Owns with a mortgage or loan,237
E01026082,East Lindsey 007B,2,Shared ownership: Shared ownership,3
E01026082,East Lindsey 007B,3,Social rented: Rents from council or Local Authority,6
E01026082,East Lindsey 007B,4,Social rented: Other social rented,19
E01026082,East Lindsey 007B,5,Private rented: Private landlord or letting agency,105
E01026082,East Lindsey 007B,6,Private rented: Other private rented,36
E01026082,East Lindsey 007B,7,Lives rent free,0
E01026083,East Lindsey 015A,-8,Does not apply,0
E01026083,East Lindsey 015A,0,Owned: Owns outright,143
E01026083,East Lindsey 015A,1,Owned: Owns with a mortgage or loan,97
E01026083,East Lindsey 015A,2,Shared ownership: Shared ownership,7
E01026083,East Lindsey 015A,3,Social rented: Rents from council or Local Authority,124
E01026083,East Lindsey 015A,4,Social rented: Other social rented,329
E01026083,East Lindsey 015A,5,Private rented: Private landlord or letting agency,78
E01026083,East Lindsey 015A,6,Private rented: Other private rented,8
E01026083,East Lindsey 015A,7,Lives rent free,0
E01026084,East Lindsey 012A,-8,Does not apply,0
E01026084,East Lindsey 012A,0,Owned: Owns outright,268
E01026084,East Lindsey 012A,1,Owned: Owns with a mortgage or loan,137
E01026084,East Lindsey 012A,2,Shared ownership: Shared ownership,6
E01026084,East Lindsey 012A,3,Social rented: Rents from council or Local Authority,21
E01026084,East Lindsey 012A,4,Social rented: Other social rented,65
E01026084,East Lindsey 012A,5,Private rented: Private landlord or letting agency,195
E01026084,East Lindsey 012A,6,Private rented: Other private rented,19
E01026084,East Lindsey 012A,7,Lives rent free,0
E01026087,East Lindsey 003C,-8,Does not apply,0
E01026087,East Lindsey 003C,0,Owned: Owns outright,138
E01026087,East Lindsey 003C,1,Owned: Owns with a mortgage or loan,186
E01026087,East Lindsey 003C,2,Shared ownership: Shared ownership,22
E01026087,East Lindsey 003C,3,Social rented: Rents from council or Local Authority,51
E01026087,East Lindsey 003C,4,Social rented: Other social rented,136
E01026087,East Lindsey 003C,5,Private rented: Private landlord or letting agency,88
E01026087,East Lindsey 003C,6,Private rented: Other private rented,8
E01026087,East Lindsey 003C,7,Lives rent free,0
E01026088,East Lindsey 003D,-8,Does not apply,0
E01026088,East Lindsey 003D,0,Owned: Owns outright,335
E01026088,East Lindsey 003D,1,Owned: Owns with a mortgage or loan,178
E01026088,East Lindsey 003D,2,Shared ownership: Shared ownership,10
E01026088,East Lindsey 003D,3,Social rented: Rents from council or Local Authority,8
E01026088,East Lindsey 003D,4,Social rented: Other social rented,17
E01026088,East Lindsey 003D,5,Private rented: Private landlord or letting agency,66
E01026088,East Lindsey 003D,6,Private rented: Other private rented,9
E01026088,East Lindsey 003D,7,Lives rent free,0
E01026089,East Lindsey 004C,-8,Does not apply,0
E01026089,East Lindsey 004C,0,Owned: Owns outright,535
E01026089,East Lindsey 004C,1,Owned: Owns with a mortgage or loan,218
E01026089,East Lindsey 004C,2,Shared ownership: Shared ownership,1
E01026089,East Lindsey 004C,3,Social rented: Rents from council or Local Authority,11
E01026089,East Lindsey 004C,4,Social rented: Other social rented,42
E01026089,East Lindsey 004C,5,Private rented: Private landlord or letting agency,156
E01026089,East Lindsey 004C,6,Private rented: Other private rented,32
E01026089,East Lindsey 004C,7,Lives rent free,0
E01026090,East Lindsey 003E,-8,Does not apply,0
E01026090,East Lindsey 003E,0,Owned: Owns outright,279
E01026090,East Lindsey 003E,1,Owned: Owns with a mortgage or loan,129
E01026090,East Lindsey 003E,2,Shared ownership: Shared ownership,1
E01026090,East Lindsey 003E,3,Social rented: Rents from council or Local Authority,24
E01026090,East Lindsey 003E,4,Social rented: Other social rented,91
E01026090,East Lindsey 003E,5,Private rented: Private landlord or letting agency,84
E01026090,East Lindsey 003E,6,Private rented: Other private rented,15
E01026090,East Lindsey 003E,7,Lives rent free,0
E01026091,East Lindsey 003F,-8,Does not apply,0
E01026091,East Lindsey 003F,0,Owned: Owns outright,197
E01026091,East Lindsey 003F,1,Owned: Owns with a mortgage or loan,163
E01026091,East Lindsey 003F,2,Shared ownership: Shared ownership,2
E01026091,East Lindsey 003F,3,Social rented: Rents from council or Local Authority,8
E01026091,East Lindsey 003F,4,Social rented: Other social rented,51
E01026091,East Lindsey 003F,5,Private rented: Private landlord or letting agency,68
E01026091,East Lindsey 003F,6,Private rented: Other private rented,10
E01026091,East Lindsey 003F,7,Lives rent free,0
E01026092,East Lindsey 014A,-8,Does not apply,0
E01026092,East Lindsey 014A,0,Owned: Owns outright,153
E01026092,East Lindsey 014A,1,Owned: Owns with a mortgage or loan,125
E01026092,East Lindsey 014A,2,Shared ownership: Shared ownership,3
E01026092,East Lindsey 014A,3,Social rented: Rents from council or Local Authority,6
E01026092,East Lindsey 014A,4,Social rented: Other social rented,63
E01026092,East Lindsey 014A,5,Private rented: Private landlord or letting agency,276
E01026092,East Lindsey 014A,6,Private rented: Other private rented,18
E01026092,East Lindsey 014A,7,Lives rent free,0
E01026093,East Lindsey 014B,-8,Does not apply,0
E01026093,East Lindsey 014B,0,Owned: Owns outright,178
E01026093,East Lindsey 014B,1,Owned: Owns with a mortgage or loan,75
E01026093,East Lindsey 014B,2,Shared ownership: Shared ownership,6
E01026093,East Lindsey 014B,3,Social rented: Rents from council or Local Authority,2
E01026093,East Lindsey 014B,4,Social rented: Other social rented,49
E01026093,East Lindsey 014B,5,Private rented: Private landlord or letting agency,569
E01026093,East Lindsey 014B,6,Private rented: Other private rented,40
E01026093,East Lindsey 014B,7,Lives rent free,0
E01026094,East Lindsey 015B,-8,Does not apply,0
E01026094,East Lindsey 015B,0,Owned: Owns outright,291
E01026094,East Lindsey 015B,1,Owned: Owns with a mortgage or loan,111
E01026094,East Lindsey 015B,2,Shared ownership: Shared ownership,60
E01026094,East Lindsey 015B,3,Social rented: Rents from council or Local Authority,107
E01026094,East Lindsey 015B,4,Social rented: Other social rented,332
E01026094,East Lindsey 015B,5,Private rented: Private landlord or letting agency,148
E01026094,East Lindsey 015B,6,Private rented: Other private rented,17
E01026094,East Lindsey 015B,7,Lives rent free,1
E01026095,East Lindsey 014C,-8,Does not apply,0
E01026095,East Lindsey 014C,0,Owned: Owns outright,214
E01026095,East Lindsey 014C,1,Owned: Owns with a mortgage or loan,108
E01026095,East Lindsey 014C,2,Shared ownership: Shared ownership,0
E01026095,East Lindsey 014C,3,Social rented: Rents from council or Local Authority,3
E01026095,East Lindsey 014C,4,Social rented: Other social rented,33
E01026095,East Lindsey 014C,5,Private rented: Private landlord or letting agency,225
E01026095,East Lindsey 014C,6,Private rented: Other private rented,12
E01026095,East Lindsey 014C,7,Lives rent free,0
E01026096,East Lindsey 015C,-8,Does not apply,0
E01026096,East Lindsey 015C,0,Owned: Owns outright,274
E01026096,East Lindsey 015C,1,Owned: Owns with a mortgage or loan,207
E01026096,East Lindsey 015C,2,Shared ownership: Shared ownership,5
E01026096,East Lindsey 015C,3,Social rented: Rents from council or Local Authority,3
E01026096,East Lindsey 015C,4,Social rented: Other social rented,6
E01026096,East Lindsey 015C,5,Private rented: Private landlord or letting agency,110
E01026096,East Lindsey 015C,6,Private rented: Other private rented,15
E01026096,East Lindsey 015C,7,Lives rent free,0
E01026097,East Lindsey 015D,-8,Does not apply,0
E01026097,East Lindsey 015D,0,Owned: Owns outright,310
E01026097,East Lindsey 015D,1,Owned: Owns with a mortgage or loan,106
E01026097,East Lindsey 015D,2,Shared ownership: Shared ownership,2
E01026097,East Lindsey 015D,3,Social rented: Rents from council or Local Authority,33
E01026097,East Lindsey 015D,4,Social rented: Other social rented,150
E01026097,East Lindsey 015D,5,Private rented: Private landlord or letting agency,133
E01026097,East Lindsey 015D,6,Private rented: Other private rented,18
E01026097,East Lindsey 015D,7,Lives rent free,0
E01026098,East Lindsey 018C,-8,Does not apply,0
E01026098,East Lindsey 018C,0,Owned: Owns outright,488
E01026098,East Lindsey 018C,1,Owned: Owns with a mortgage or loan,248
E01026098,East Lindsey 018C,2,Shared ownership: Shared ownership,7
E01026098,East Lindsey 018C,3,Social rented: Rents from council or Local Authority,10
E01026098,East Lindsey 018C,4,Social rented: Other social rented,49
E01026098,East Lindsey 018C,5,Private rented: Private landlord or letting agency,77
E01026098,East Lindsey 018C,6,Private rented: Other private rented,21
E01026098,East Lindsey 018C,7,Lives rent free,0
E01026099,East Lindsey 005D,-8,Does not apply,0
E01026099,East Lindsey 005D,0,Owned: Owns outright,554
E01026099,East Lindsey 005D,1,Owned: Owns with a mortgage or loan,205
E01026099,East Lindsey 005D,2,Shared ownership: Shared ownership,0
E01026099,East Lindsey 005D,3,Social rented: Rents from council or Local Authority,3
E01026099,East Lindsey 005D,4,Social rented: Other social rented,38
E01026099,East Lindsey 005D,5,Private rented: Private landlord or letting agency,68
E01026099,East Lindsey 005D,6,Private rented: Other private rented,36
E01026099,East Lindsey 005D,7,Lives rent free,0
E01026100,East Lindsey 013E,-8,Does not apply,0
E01026100,East Lindsey 013E,0,Owned: Owns outright,323
E01026100,East Lindsey 013E,1,Owned: Owns with a mortgage or loan,191
E01026100,East Lindsey 013E,2,Shared ownership: Shared ownership,5
E01026100,East Lindsey 013E,3,Social rented: Rents from council or Local Authority,11
E01026100,East Lindsey 013E,4,Social rented: Other social rented,70
E01026100,East Lindsey 013E,5,Private rented: Private landlord or letting agency,214
E01026100,East Lindsey 013E,6,Private rented: Other private rented,32
E01026100,East Lindsey 013E,7,Lives rent free,0
E01026101,East Lindsey 013F,-8,Does not apply,0
E01026101,East Lindsey 013F,0,Owned: Owns outright,170
E01026101,East Lindsey 013F,1,Owned: Owns with a mortgage or loan,102
E01026101,East Lindsey 013F,2,Shared ownership: Shared ownership,17
E01026101,East Lindsey 013F,3,Social rented: Rents from council or Local Authority,40
E01026101,East Lindsey 013F,4,Social rented: Other social rented,154
E01026101,East Lindsey 013F,5,Private rented: Private landlord or letting agency,109
E01026101,East Lindsey 013F,6,Private rented: Other private rented,22
E01026101,East Lindsey 013F,7,Lives rent free,0
E01026102,East Lindsey 018D,-8,Does not apply,0
E01026102,East Lindsey 018D,0,Owned: Owns outright,516
E01026102,East Lindsey 018D,1,Owned: Owns with a mortgage or loan,267
E01026102,East Lindsey 018D,2,Shared ownership: Shared ownership,8
E01026102,East Lindsey 018D,3,Social rented: Rents from council or Local Authority,20
E01026102,East Lindsey 018D,4,Social rented: Other social rented,68
E01026102,East Lindsey 018D,5,Private rented: Private landlord or letting agency,81
E01026102,East Lindsey 018D,6,Private rented: Other private rented,32
E01026102,East Lindsey 018D,7,Lives rent free,0
E01026103,East Lindsey 006A,-8,Does not apply,0
E01026103,East Lindsey 006A,0,Owned: Owns outright,583
E01026103,East Lindsey 006A,1,Owned: Owns with a mortgage or loan,134
E01026103,East Lindsey 006A,2,Shared ownership: Shared ownership,6
E01026103,East Lindsey 006A,3,Social rented: Rents from council or Local Authority,7
E01026103,East Lindsey 006A,4,Social rented: Other social rented,64
E01026103,East Lindsey 006A,5,Private rented: Private landlord or letting agency,178
E01026103,East Lindsey 006A,6,Private rented: Other private rented,32
E01026103,East Lindsey 006A,7,Lives rent free,0
E01026104,East Lindsey 006B,-8,Does not apply,0
E01026104,East Lindsey 006B,0,Owned: Owns outright,752
E01026104,East Lindsey 006B,1,Owned: Owns with a mortgage or loan,137
E01026104,East Lindsey 006B,2,Shared ownership: Shared ownership,10
E01026104,East Lindsey 006B,3,Social rented: Rents from council or Local Authority,20
E01026104,East Lindsey 006B,4,Social rented: Other social rented,63
E01026104,East Lindsey 006B,5,Private rented: Private landlord or letting agency,75
E01026104,East Lindsey 006B,6,Private rented: Other private rented,19
E01026104,East Lindsey 006B,7,Lives rent free,1
E01026105,East Lindsey 009D,-8,Does not apply,0
E01026105,East Lindsey 009D,0,Owned: Owns outright,547
E01026105,East Lindsey 009D,1,Owned: Owns with a mortgage or loan,235
E01026105,East Lindsey 009D,2,Shared ownership: Shared ownership,0
E01026105,East Lindsey 009D,3,Social rented: Rents from council or Local Authority,6
E01026105,East Lindsey 009D,4,Social rented: Other social rented,28
E01026105,East Lindsey 009D,5,Private rented: Private landlord or letting agency,126
E01026105,East Lindsey 009D,6,Private rented: Other private rented,51
E01026105,East Lindsey 009D,7,Lives rent free,0
E01026106,East Lindsey 001F,-8,Does not apply,0
E01026106,East Lindsey 001F,0,Owned: Owns outright,248
E01026106,East Lindsey 001F,1,Owned: Owns with a mortgage or loan,179
E01026106,East Lindsey 001F,2,Shared ownership: Shared ownership,3
E01026106,East Lindsey 001F,3,Social rented: Rents from council or Local Authority,3
E01026106,East Lindsey 001F,4,Social rented: Other social rented,29
E01026106,East Lindsey 001F,5,Private rented: Private landlord or letting agency,54
E01026106,East Lindsey 001F,6,Private rented: Other private rented,12
E01026106,East Lindsey 001F,7,Lives rent free,0
E01026107,East Lindsey 001G,-8,Does not apply,0
E01026107,East Lindsey 001G,0,Owned: Owns outright,241
E01026107,East Lindsey 001G,1,Owned: Owns with a mortgage or loan,171
E01026107,East Lindsey 001G,2,Shared ownership: Shared ownership,2
E01026107,East Lindsey 001G,3,Social rented: Rents from council or Local Authority,1
E01026107,East Lindsey 001G,4,Social rented: Other social rented,10
E01026107,East Lindsey 001G,5,Private rented: Private landlord or letting agency,61
E01026107,East Lindsey 001G,6,Private rented: Other private rented,15
E01026107,East Lindsey 001G,7,Lives rent free,0
E01026108,East Lindsey 003G,-8,Does not apply,0
E01026108,East Lindsey 003G,0,Owned: Owns outright,252
E01026108,East Lindsey 003G,1,Owned: Owns with a mortgage or loan,257
E01026108,East Lindsey 003G,2,Shared ownership: Shared ownership,36
E01026108,East Lindsey 003G,3,Social rented: Rents from council or Local Authority,86
E01026108,East Lindsey 003G,4,Social rented: Other social rented,285
E01026108,East Lindsey 003G,5,Private rented: Private landlord or letting agency,159
E01026108,East Lindsey 003G,6,Private rented: Other private rented,24
E01026108,East Lindsey 003G,7,Lives rent free,3
E01026109,East Lindsey 006C,-8,Does not apply,0
E01026109,East Lindsey 006C,0,Owned: Owns outright,727
E01026109,East Lindsey 006C,1,Owned: Owns with a mortgage or loan,128
E01026109,East Lindsey 006C,2,Shared ownership: Shared ownership,1
E01026109,East Lindsey 006C,3,Social rented: Rents from council or Local Authority,8
E01026109,East Lindsey 006C,4,Social rented: Other social rented,30
E01026109,East Lindsey 006C,5,Private rented: Private landlord or letting agency,191
E01026109,East Lindsey 006C,6,Private rented: Other private rented,29
E01026109,East Lindsey 006C,7,Lives rent free,0
E01026110,East Lindsey 017B,-8,Does not apply,0
E01026110,East Lindsey 017B,0,Owned: Owns outright,374
E01026110,East Lindsey 017B,1,Owned: Owns with a mortgage or loan,115
E01026110,East Lindsey 017B,2,Shared ownership: Shared ownership,4
E01026110,East Lindsey 017B,3,Social rented: Rents from council or Local Authority,5
E01026110,East Lindsey 017B,4,Social rented: Other social rented,75
E01026110,East Lindsey 017B,5,Private rented: Private landlord or letting agency,93
E01026110,East Lindsey 017B,6,Private rented: Other private rented,25
E01026110,East Lindsey 017B,7,Lives rent free,0
E01026111,East Lindsey 017C,-8,Does not apply,0
E01026111,East Lindsey 017C,0,Owned: Owns outright,338
E01026111,East Lindsey 017C,1,Owned: Owns with a mortgage or loan,132
E01026111,East Lindsey 017C,2,Shared ownership: Shared ownership,6
E01026111,East Lindsey 017C,3,Social rented: Rents from council or Local Authority,19
E01026111,East Lindsey 017C,4,Social rented: Other social rented,87
E01026111,East Lindsey 017C,5,Private rented: Private landlord or letting agency,66
E01026111,East Lindsey 017C,6,Private rented: Other private rented,19
E01026111,East Lindsey 017C,7,Lives rent free,0
E01026112,East Lindsey 017D,-8,Does not apply,0
E01026112,East Lindsey 017D,0,Owned: Owns outright,128
E01026112,East Lindsey 017D,1,Owned: Owns with a mortgage or loan,63
E01026112,East Lindsey 017D,2,Shared ownership: Shared ownership,0
E01026112,East Lindsey 017D,3,Social rented: Rents from council or Local Authority,48
E01026112,East Lindsey 017D,4,Social rented: Other social rented,112
E01026112,East Lindsey 017D,5,Private rented: Private landlord or letting agency,125
E01026112,East Lindsey 017D,6,Private rented: Other private rented,27
E01026112,East Lindsey 017D,7,Lives rent free,0
E01026113,East Lindsey 008D,-8,Does not apply,0
E01026113,East Lindsey 008D,0,Owned: Owns outright,552
E01026113,East Lindsey 008D,1,Owned: Owns with a mortgage or loan,163
E01026113,East Lindsey 008D,2,Shared ownership: Shared ownership,3
E01026113,East Lindsey 008D,3,Social rented: Rents from council or Local Authority,8
E01026113,East Lindsey 008D,4,Social rented: Other social rented,54
E01026113,East Lindsey 008D,5,Private rented: Private landlord or letting agency,104
E01026113,East Lindsey 008D,6,Private rented: Other private rented,36
E01026113,East Lindsey 008D,7,Lives rent free,0
E01026114,East Lindsey 014D,-8,Does not apply,0
E01026114,East Lindsey 014D,0,Owned: Owns outright,193
E01026114,East Lindsey 014D,1,Owned: Owns with a mortgage or loan,116
E01026114,East Lindsey 014D,2,Shared ownership: Shared ownership,2
E01026114,East Lindsey 014D,3,Social rented: Rents from council or Local Authority,2
E01026114,East Lindsey 014D,4,Social rented: Other social rented,63
E01026114,East Lindsey 014D,5,Private rented: Private landlord or letting agency,378
E01026114,East Lindsey 014D,6,Private rented: Other private rented,28
E01026114,East Lindsey 014D,7,Lives rent free,0
E01026115,East Lindsey 012C,-8,Does not apply,0
E01026115,East Lindsey 012C,0,Owned: Owns outright,273
E01026115,East Lindsey 012C,1,Owned: Owns with a mortgage or loan,103
E01026115,East Lindsey 012C,2,Shared ownership: Shared ownership,16
E01026115,East Lindsey 012C,3,Social rented: Rents from council or Local Authority,23
E01026115,East Lindsey 012C,4,Social rented: Other social rented,109
E01026115,East Lindsey 012C,5,Private rented: Private landlord or letting agency,276
E01026115,East Lindsey 012C,6,Private rented: Other private rented,18
E01026115,East Lindsey 012C,7,Lives rent free,1
E01026116,East Lindsey 012D,-8,Does not apply,0
E01026116,East Lindsey 012D,0,Owned: Owns outright,293
E01026116,East Lindsey 012D,1,Owned: Owns with a mortgage or loan,176
E01026116,East Lindsey 012D,2,Shared ownership: Shared ownership,27
E01026116,East Lindsey 012D,3,Social rented: Rents from council or Local Authority,14
E01026116,East Lindsey 012D,4,Social rented: Other social rented,62
E01026116,East Lindsey 012D,5,Private rented: Private landlord or letting agency,144
E01026116,East Lindsey 012D,6,Private rented: Other private rented,12
E01026116,East Lindsey 012D,7,Lives rent free,0
E01026117,East Lindsey 008E,-8,Does not apply,0
E01026117,East Lindsey 008E,0,Owned: Owns outright,532
E01026117,East Lindsey 008E,1,Owned: Owns with a mortgage or loan,173
E01026117,East Lindsey 008E,2,Shared ownership: Shared ownership,4
E01026117,East Lindsey 008E,3,Social rented: Rents from council or Local Authority,4
E01026117,East Lindsey 008E,4,Social rented: Other social rented,36
E01026117,East Lindsey 008E,5,Private rented: Private landlord or letting agency,88
E01026117,East Lindsey 008E,6,Private rented: Other private rented,33
E01026117,East Lindsey 008E,7,Lives rent free,0
E01026118,East Lindsey 016E,-8,Does not apply,0
E01026118,East Lindsey 016E,0,Owned: Owns outright,515
E01026118,East Lindsey 016E,1,Owned: Owns with a mortgage or loan,200
E01026118,East Lindsey 016E,2,Shared ownership: Shared ownership,26
E01026118,East Lindsey 016E,3,Social rented: Rents from council or Local Authority,1
E01026118,East Lindsey 016E,4,Social rented: Other social rented,30
E01026118,East Lindsey 016E,5,Private rented: Private landlord or letting agency,62
E01026118,East Lindsey 016E,6,Private rented: Other private rented,18
E01026118,East Lindsey 016E,7,Lives rent free,0
E01026119,East Lindsey 016F,-8,Does not apply,0
E01026119,East Lindsey 016F,0,Owned: Owns outright,343
E01026119,East Lindsey 016F,1,Owned: Owns with a mortgage or loan,107
E01026119,East Lindsey 016F,2,Shared ownership: Shared ownership,0
E01026119,East Lindsey 016F,3,Social rented: Rents from council or Local Authority,1
E01026119,East Lindsey 016F,4,Social rented: Other social rented,11
E01026119,East Lindsey 016F,5,Private rented: Private landlord or letting agency,40
E01026119,East Lindsey 016F,6,Private rented: Other private rented,11
E01026119,East Lindsey 016F,7,Lives rent free,0
E01026120,East Lindsey 016G,-8,Does not apply,0
E01026120,East Lindsey 016G,0,Owned: Owns outright,293
E01026120,East Lindsey 016G,1,Owned: Owns with a mortgage or loan,154
E01026120,East Lindsey 016G,2,Shared ownership: Shared ownership,22
E01026120,East Lindsey 016G,3,Social rented: Rents from council or Local Authority,11
E01026120,East Lindsey 016G,4,Social rented: Other social rented,95
E01026120,East Lindsey 016G,5,Private rented: Private landlord or letting agency,134
E01026120,East Lindsey 016G,6,Private rented: Other private rented,30
E01026120,East Lindsey 016G,7,Lives rent free,0
E01026121,East Lindsey 007C,-8,Does not apply,0
E01026121,East Lindsey 007C,0,Owned: Owns outright,524
E01026121,East Lindsey 007C,1,Owned: Owns with a mortgage or loan,305
E01026121,East Lindsey 007C,2,Shared ownership: Shared ownership,6
E01026121,East Lindsey 007C,3,Social rented: Rents from council or Local Authority,27
E01026121,East Lindsey 007C,4,Social rented: Other social rented,87
E01026121,East Lindsey 007C,5,Private rented: Private landlord or letting agency,174
E01026121,East Lindsey 007C,6,Private rented: Other private rented,35
E01026121,East Lindsey 007C,7,Lives rent free,1
E01026122,Lincoln 004A,-8,Does not apply,0
E01026122,Lincoln 004A,0,Owned: Owns outright,134
E01026122,Lincoln 004A,1,Owned: Owns with a mortgage or loan,116
E01026122,Lincoln 004A,2,Shared ownership: Shared ownership,11
E01026122,Lincoln 004A,3,Social rented: Rents from council or Local Authority,61
E01026122,Lincoln 004A,4,Social rented: Other social rented,64
E01026122,Lincoln 004A,5,Private rented: Private landlord or letting agency,386
E01026122,Lincoln 004A,6,Private rented: Other private rented,29
E01026122,Lincoln 004A,7,Lives rent free,0
E01026123,Lincoln 004B,-8,Does not apply,0
E01026123,Lincoln 004B,0,Owned: Owns outright,163
E01026123,Lincoln 004B,1,Owned: Owns with a mortgage or loan,295
E01026123,Lincoln 004B,2,Shared ownership: Shared ownership,31
E01026123,Lincoln 004B,3,Social rented: Rents from council or Local Authority,240
E01026123,Lincoln 004B,4,Social rented: Other social rented,73
E01026123,Lincoln 004B,5,Private rented: Private landlord or letting agency,230
E01026123,Lincoln 004B,6,Private rented: Other private rented,16
E01026123,Lincoln 004B,7,Lives rent free,6
E01026124,Lincoln 004C,-8,Does not apply,0
E01026124,Lincoln 004C,0,Owned: Owns outright,142
E01026124,Lincoln 004C,1,Owned: Owns with a mortgage or loan,144
E01026124,Lincoln 004C,2,Shared ownership: Shared ownership,2
E01026124,Lincoln 004C,3,Social rented: Rents from council or Local Authority,11
E01026124,Lincoln 004C,4,Social rented: Other social rented,31
E01026124,Lincoln 004C,5,Private rented: Private landlord or letting agency,397
E01026124,Lincoln 004C,6,Private rented: Other private rented,22
E01026124,Lincoln 004C,7,Lives rent free,0
E01026125,Lincoln 003A,-8,Does not apply,0
E01026125,Lincoln 003A,0,Owned: Owns outright,144
E01026125,Lincoln 003A,1,Owned: Owns with a mortgage or loan,149
E01026125,Lincoln 003A,2,Shared ownership: Shared ownership,3
E01026125,Lincoln 003A,3,Social rented: Rents from council or Local Authority,11
E01026125,Lincoln 003A,4,Social rented: Other social rented,8
E01026125,Lincoln 003A,5,Private rented: Private landlord or letting agency,186
E01026125,Lincoln 003A,6,Private rented: Other private rented,15
E01026125,Lincoln 003A,7,Lives rent free,0
E01026126,Lincoln 004D,-8,Does not apply,0
E01026126,Lincoln 004D,0,Owned: Owns outright,91
E01026126,Lincoln 004D,1,Owned: Owns with a mortgage or loan,83
E01026126,Lincoln 004D,2,Shared ownership: Shared ownership,11
E01026126,Lincoln 004D,3,Social rented: Rents from council or Local Authority,388
E01026126,Lincoln 004D,4,Social rented: Other social rented,42
E01026126,Lincoln 004D,5,Private rented: Private landlord or letting agency,278
E01026126,Lincoln 004D,6,Private rented: Other private rented,18
E01026126,Lincoln 004D,7,Lives rent free,10
E01026127,Lincoln 007A,-8,Does not apply,0
E01026127,Lincoln 007A,0,Owned: Owns outright,77
E01026127,Lincoln 007A,1,Owned: Owns with a mortgage or loan,129
E01026127,Lincoln 007A,2,Shared ownership: Shared ownership,2
E01026127,Lincoln 007A,3,Social rented: Rents from council or Local Authority,306
E01026127,Lincoln 007A,4,Social rented: Other social rented,7
E01026127,Lincoln 007A,5,Private rented: Private landlord or letting agency,96
E01026127,Lincoln 007A,6,Private rented: Other private rented,8
E01026127,Lincoln 007A,7,Lives rent free,7
E01026129,Lincoln 007C,-8,Does not apply,0
E01026129,Lincoln 007C,0,Owned: Owns outright,57
E01026129,Lincoln 007C,1,Owned: Owns with a mortgage or loan,79
E01026129,Lincoln 007C,2,Shared ownership: Shared ownership,0
E01026129,Lincoln 007C,3,Social rented: Rents from council or Local Authority,357
E01026129,Lincoln 007C,4,Social rented: Other social rented,142
E01026129,Lincoln 007C,5,Private rented: Private landlord or letting agency,75
E01026129,Lincoln 007C,6,Private rented: Other private rented,7
E01026129,Lincoln 007C,7,Lives rent free,3
E01026130,Lincoln 009A,-8,Does not apply,0
E01026130,Lincoln 009A,0,Owned: Owns outright,323
E01026130,Lincoln 009A,1,Owned: Owns with a mortgage or loan,180
E01026130,Lincoln 009A,2,Shared ownership: Shared ownership,7
E01026130,Lincoln 009A,3,Social rented: Rents from council or Local Authority,22
E01026130,Lincoln 009A,4,Social rented: Other social rented,13
E01026130,Lincoln 009A,5,Private rented: Private landlord or letting agency,67
E01026130,Lincoln 009A,6,Private rented: Other private rented,12
E01026130,Lincoln 009A,7,Lives rent free,1
E01026131,Lincoln 007D,-8,Does not apply,0
E01026131,Lincoln 007D,0,Owned: Owns outright,197
E01026131,Lincoln 007D,1,Owned: Owns with a mortgage or loan,190
E01026131,Lincoln 007D,2,Shared ownership: Shared ownership,2
E01026131,Lincoln 007D,3,Social rented: Rents from council or Local Authority,133
E01026131,Lincoln 007D,4,Social rented: Other social rented,4
E01026131,Lincoln 007D,5,Private rented: Private landlord or letting agency,64
E01026131,Lincoln 007D,6,Private rented: Other private rented,12
E01026131,Lincoln 007D,7,Lives rent free,2
E01026132,Lincoln 005A,-8,Does not apply,0
E01026132,Lincoln 005A,0,Owned: Owns outright,71
E01026132,Lincoln 005A,1,Owned: Owns with a mortgage or loan,62
E01026132,Lincoln 005A,2,Shared ownership: Shared ownership,6
E01026132,Lincoln 005A,3,Social rented: Rents from council or Local Authority,162
E01026132,Lincoln 005A,4,Social rented: Other social rented,43
E01026132,Lincoln 005A,5,Private rented: Private landlord or letting agency,404
E01026132,Lincoln 005A,6,Private rented: Other private rented,24
E01026132,Lincoln 005A,7,Lives rent free,8
E01026134,Lincoln 006A,-8,Does not apply,0
E01026134,Lincoln 006A,0,Owned: Owns outright,136
E01026134,Lincoln 006A,1,Owned: Owns with a mortgage or loan,187
E01026134,Lincoln 006A,2,Shared ownership: Shared ownership,4
E01026134,Lincoln 006A,3,Social rented: Rents from council or Local Authority,109
E01026134,Lincoln 006A,4,Social rented: Other social rented,18
E01026134,Lincoln 006A,5,Private rented: Private landlord or letting agency,452
E01026134,Lincoln 006A,6,Private rented: Other private rented,22
E01026134,Lincoln 006A,7,Lives rent free,5
E01026135,Lincoln 008B,-8,Does not apply,0
E01026135,Lincoln 008B,0,Owned: Owns outright,326
E01026135,Lincoln 008B,1,Owned: Owns with a mortgage or loan,297
E01026135,Lincoln 008B,2,Shared ownership: Shared ownership,0
E01026135,Lincoln 008B,3,Social rented: Rents from council or Local Authority,49
E01026135,Lincoln 008B,4,Social rented: Other social rented,11
E01026135,Lincoln 008B,5,Private rented: Private landlord or letting agency,57
E01026135,Lincoln 008B,6,Private rented: Other private rented,18
E01026135,Lincoln 008B,7,Lives rent free,2
E01026136,Lincoln 008C,-8,Does not apply,0
E01026136,Lincoln 008C,0,Owned: Owns outright,303
E01026136,Lincoln 008C,1,Owned: Owns with a mortgage or loan,295
E01026136,Lincoln 008C,2,Shared ownership: Shared ownership,35
E01026136,Lincoln 008C,3,Social rented: Rents from council or Local Authority,13
E01026136,Lincoln 008C,4,Social rented: Other social rented,43
E01026136,Lincoln 008C,5,Private rented: Private landlord or letting agency,73
E01026136,Lincoln 008C,6,Private rented: Other private rented,18
E01026136,Lincoln 008C,7,Lives rent free,0
E01026137,Lincoln 011A,-8,Does not apply,0
E01026137,Lincoln 011A,0,Owned: Owns outright,195
E01026137,Lincoln 011A,1,Owned: Owns with a mortgage or loan,211
E01026137,Lincoln 011A,2,Shared ownership: Shared ownership,0
E01026137,Lincoln 011A,3,Social rented: Rents from council or Local Authority,7
E01026137,Lincoln 011A,4,Social rented: Other social rented,2
E01026137,Lincoln 011A,5,Private rented: Private landlord or letting agency,57
E01026137,Lincoln 011A,6,Private rented: Other private rented,7
E01026137,Lincoln 011A,7,Lives rent free,0
E01026138,Lincoln 011B,-8,Does not apply,0
E01026138,Lincoln 011B,0,Owned: Owns outright,301
E01026138,Lincoln 011B,1,Owned: Owns with a mortgage or loan,248
E01026138,Lincoln 011B,2,Shared ownership: Shared ownership,1
E01026138,Lincoln 011B,3,Social rented: Rents from council or Local Authority,3
E01026138,Lincoln 011B,4,Social rented: Other social rented,3
E01026138,Lincoln 011B,5,Private rented: Private landlord or letting agency,53
E01026138,Lincoln 011B,6,Private rented: Other private rented,12
E01026138,Lincoln 011B,7,Lives rent free,0
E01026139,Lincoln 011C,-8,Does not apply,0
E01026139,Lincoln 011C,0,Owned: Owns outright,265
E01026139,Lincoln 011C,1,Owned: Owns with a mortgage or loan,224
E01026139,Lincoln 011C,2,Shared ownership: Shared ownership,5
E01026139,Lincoln 011C,3,Social rented: Rents from council or Local Authority,4
E01026139,Lincoln 011C,4,Social rented: Other social rented,16
E01026139,Lincoln 011C,5,Private rented: Private landlord or letting agency,49
E01026139,Lincoln 011C,6,Private rented: Other private rented,3
E01026139,Lincoln 011C,7,Lives rent free,0
E01026140,Lincoln 011D,-8,Does not apply,0
E01026140,Lincoln 011D,0,Owned: Owns outright,131
E01026140,Lincoln 011D,1,Owned: Owns with a mortgage or loan,184
E01026140,Lincoln 011D,2,Shared ownership: Shared ownership,2
E01026140,Lincoln 011D,3,Social rented: Rents from council or Local Authority,18
E01026140,Lincoln 011D,4,Social rented: Other social rented,164
E01026140,Lincoln 011D,5,Private rented: Private landlord or letting agency,123
E01026140,Lincoln 011D,6,Private rented: Other private rented,7
E01026140,Lincoln 011D,7,Lives rent free,0
E01026141,Lincoln 011E,-8,Does not apply,0
E01026141,Lincoln 011E,0,Owned: Owns outright,218
E01026141,Lincoln 011E,1,Owned: Owns with a mortgage or loan,276
E01026141,Lincoln 011E,2,Shared ownership: Shared ownership,2
E01026141,Lincoln 011E,3,Social rented: Rents from council or Local Authority,33
E01026141,Lincoln 011E,4,Social rented: Other social rented,9
E01026141,Lincoln 011E,5,Private rented: Private landlord or letting agency,47
E01026141,Lincoln 011E,6,Private rented: Other private rented,10
E01026141,Lincoln 011E,7,Lives rent free,2
E01026142,Lincoln 011F,-8,Does not apply,0
E01026142,Lincoln 011F,0,Owned: Owns outright,147
E01026142,Lincoln 011F,1,Owned: Owns with a mortgage or loan,147
E01026142,Lincoln 011F,2,Shared ownership: Shared ownership,0
E01026142,Lincoln 011F,3,Social rented: Rents from council or Local Authority,144
E01026142,Lincoln 011F,4,Social rented: Other social rented,1
E01026142,Lincoln 011F,5,Private rented: Private landlord or letting agency,54
E01026142,Lincoln 011F,6,Private rented: Other private rented,5
E01026142,Lincoln 011F,7,Lives rent free,3
E01026144,Lincoln 003B,-8,Does not apply,0
E01026144,Lincoln 003B,0,Owned: Owns outright,151
E01026144,Lincoln 003B,1,Owned: Owns with a mortgage or loan,152
E01026144,Lincoln 003B,2,Shared ownership: Shared ownership,29
E01026144,Lincoln 003B,3,Social rented: Rents from council or Local Authority,26
E01026144,Lincoln 003B,4,Social rented: Other social rented,82
E01026144,Lincoln 003B,5,Private rented: Private landlord or letting agency,383
E01026144,Lincoln 003B,6,Private rented: Other private rented,67
E01026144,Lincoln 003B,7,Lives rent free,0
E01026145,Lincoln 005C,-8,Does not apply,0
E01026145,Lincoln 005C,0,Owned: Owns outright,186
E01026145,Lincoln 005C,1,Owned: Owns with a mortgage or loan,158
E01026145,Lincoln 005C,2,Shared ownership: Shared ownership,8
E01026145,Lincoln 005C,3,Social rented: Rents from council or Local Authority,27
E01026145,Lincoln 005C,4,Social rented: Other social rented,11
E01026145,Lincoln 005C,5,Private rented: Private landlord or letting agency,262
E01026145,Lincoln 005C,6,Private rented: Other private rented,5
E01026145,Lincoln 005C,7,Lives rent free,0
E01026146,Lincoln 005D,-8,Does not apply,0
E01026146,Lincoln 005D,0,Owned: Owns outright,76
E01026146,Lincoln 005D,1,Owned: Owns with a mortgage or loan,58
E01026146,Lincoln 005D,2,Shared ownership: Shared ownership,6
E01026146,Lincoln 005D,3,Social rented: Rents from council or Local Authority,168
E01026146,Lincoln 005D,4,Social rented: Other social rented,59
E01026146,Lincoln 005D,5,Private rented: Private landlord or letting agency,343
E01026146,Lincoln 005D,6,Private rented: Other private rented,22
E01026146,Lincoln 005D,7,Lives rent free,4
E01026147,Lincoln 003C,-8,Does not apply,0
E01026147,Lincoln 003C,0,Owned: Owns outright,377
E01026147,Lincoln 003C,1,Owned: Owns with a mortgage or loan,365
E01026147,Lincoln 003C,2,Shared ownership: Shared ownership,7
E01026147,Lincoln 003C,3,Social rented: Rents from council or Local Authority,10
E01026147,Lincoln 003C,4,Social rented: Other social rented,3
E01026147,Lincoln 003C,5,Private rented: Private landlord or letting agency,277
E01026147,Lincoln 003C,6,Private rented: Other private rented,28
E01026147,Lincoln 003C,7,Lives rent free,0
E01026148,Lincoln 003D,-8,Does not apply,0
E01026148,Lincoln 003D,0,Owned: Owns outright,208
E01026148,Lincoln 003D,1,Owned: Owns with a mortgage or loan,164
E01026148,Lincoln 003D,2,Shared ownership: Shared ownership,9
E01026148,Lincoln 003D,3,Social rented: Rents from council or Local Authority,136
E01026148,Lincoln 003D,4,Social rented: Other social rented,21
E01026148,Lincoln 003D,5,Private rented: Private landlord or letting agency,400
E01026148,Lincoln 003D,6,Private rented: Other private rented,29
E01026148,Lincoln 003D,7,Lives rent free,9
E01026149,Lincoln 001A,-8,Does not apply,0
E01026149,Lincoln 001A,0,Owned: Owns outright,204
E01026149,Lincoln 001A,1,Owned: Owns with a mortgage or loan,149
E01026149,Lincoln 001A,2,Shared ownership: Shared ownership,0
E01026149,Lincoln 001A,3,Social rented: Rents from council or Local Authority,303
E01026149,Lincoln 001A,4,Social rented: Other social rented,16
E01026149,Lincoln 001A,5,Private rented: Private landlord or letting agency,86
E01026149,Lincoln 001A,6,Private rented: Other private rented,15
E01026149,Lincoln 001A,7,Lives rent free,7
E01026150,Lincoln 001B,-8,Does not apply,0
E01026150,Lincoln 001B,0,Owned: Owns outright,119
E01026150,Lincoln 001B,1,Owned: Owns with a mortgage or loan,171
E01026150,Lincoln 001B,2,Shared ownership: Shared ownership,21
E01026150,Lincoln 001B,3,Social rented: Rents from council or Local Authority,407
E01026150,Lincoln 001B,4,Social rented: Other social rented,19
E01026150,Lincoln 001B,5,Private rented: Private landlord or letting agency,102
E01026150,Lincoln 001B,6,Private rented: Other private rented,11
E01026150,Lincoln 001B,7,Lives rent free,7
E01026151,Lincoln 003E,-8,Does not apply,0
E01026151,Lincoln 003E,0,Owned: Owns outright,317
E01026151,Lincoln 003E,1,Owned: Owns with a mortgage or loan,233
E01026151,Lincoln 003E,2,Shared ownership: Shared ownership,14
E01026151,Lincoln 003E,3,Social rented: Rents from council or Local Authority,122
E01026151,Lincoln 003E,4,Social rented: Other social rented,18
E01026151,Lincoln 003E,5,Private rented: Private landlord or letting agency,240
E01026151,Lincoln 003E,6,Private rented: Other private rented,21
E01026151,Lincoln 003E,7,Lives rent free,2
E01026152,Lincoln 004E,-8,Does not apply,0
E01026152,Lincoln 004E,0,Owned: Owns outright,31
E01026152,Lincoln 004E,1,Owned: Owns with a mortgage or loan,64
E01026152,Lincoln 004E,2,Shared ownership: Shared ownership,1
E01026152,Lincoln 004E,3,Social rented: Rents from council or Local Authority,426
E01026152,Lincoln 004E,4,Social rented: Other social rented,7
E01026152,Lincoln 004E,5,Private rented: Private landlord or letting agency,30
E01026152,Lincoln 004E,6,Private rented: Other private rented,4
E01026152,Lincoln 004E,7,Lives rent free,5
E01026153,Lincoln 002A,-8,Does not apply,0
E01026153,Lincoln 002A,0,Owned: Owns outright,342
E01026153,Lincoln 002A,1,Owned: Owns with a mortgage or loan,371
E01026153,Lincoln 002A,2,Shared ownership: Shared ownership,9
E01026153,Lincoln 002A,3,Social rented: Rents from council or Local Authority,48
E01026153,Lincoln 002A,4,Social rented: Other social rented,44
E01026153,Lincoln 002A,5,Private rented: Private landlord or letting agency,257
E01026153,Lincoln 002A,6,Private rented: Other private rented,27
E01026153,Lincoln 002A,7,Lives rent free,0
E01026154,Lincoln 004F,-8,Does not apply,0
E01026154,Lincoln 004F,0,Owned: Owns outright,131
E01026154,Lincoln 004F,1,Owned: Owns with a mortgage or loan,180
E01026154,Lincoln 004F,2,Shared ownership: Shared ownership,2
E01026154,Lincoln 004F,3,Social rented: Rents from council or Local Authority,148
E01026154,Lincoln 004F,4,Social rented: Other social rented,10
E01026154,Lincoln 004F,5,Private rented: Private landlord or letting agency,46
E01026154,Lincoln 004F,6,Private rented: Other private rented,14
E01026154,Lincoln 004F,7,Lives rent free,0
E01026155,Lincoln 002B,-8,Does not apply,0
E01026155,Lincoln 002B,0,Owned: Owns outright,287
E01026155,Lincoln 002B,1,Owned: Owns with a mortgage or loan,311
E01026155,Lincoln 002B,2,Shared ownership: Shared ownership,2
E01026155,Lincoln 002B,3,Social rented: Rents from council or Local Authority,9
E01026155,Lincoln 002B,4,Social rented: Other social rented,0
E01026155,Lincoln 002B,5,Private rented: Private landlord or letting agency,190
E01026155,Lincoln 002B,6,Private rented: Other private rented,12
E01026155,Lincoln 002B,7,Lives rent free,0
E01026156,Lincoln 004G,-8,Does not apply,0
E01026156,Lincoln 004G,0,Owned: Owns outright,114
E01026156,Lincoln 004G,1,Owned: Owns with a mortgage or loan,125
E01026156,Lincoln 004G,2,Shared ownership: Shared ownership,1
E01026156,Lincoln 004G,3,Social rented: Rents from council or Local Authority,186
E01026156,Lincoln 004G,4,Social rented: Other social rented,3
E01026156,Lincoln 004G,5,Private rented: Private landlord or letting agency,48
E01026156,Lincoln 004G,6,Private rented: Other private rented,6
E01026156,Lincoln 004G,7,Lives rent free,1
E01026157,Lincoln 002C,-8,Does not apply,0
E01026157,Lincoln 002C,0,Owned: Owns outright,213
E01026157,Lincoln 002C,1,Owned: Owns with a mortgage or loan,86
E01026157,Lincoln 002C,2,Shared ownership: Shared ownership,1
E01026157,Lincoln 002C,3,Social rented: Rents from council or Local Authority,211
E01026157,Lincoln 002C,4,Social rented: Other social rented,40
E01026157,Lincoln 002C,5,Private rented: Private landlord or letting agency,83
E01026157,Lincoln 002C,6,Private rented: Other private rented,6
E01026157,Lincoln 002C,7,Lives rent free,2
E01026158,Lincoln 009B,-8,Does not apply,0
E01026158,Lincoln 009B,0,Owned: Owns outright,355
E01026158,Lincoln 009B,1,Owned: Owns with a mortgage or loan,191
E01026158,Lincoln 009B,2,Shared ownership: Shared ownership,0
E01026158,Lincoln 009B,3,Social rented: Rents from council or Local Authority,8
E01026158,Lincoln 009B,4,Social rented: Other social rented,13
E01026158,Lincoln 009B,5,Private rented: Private landlord or letting agency,80
E01026158,Lincoln 009B,6,Private rented: Other private rented,11
E01026158,Lincoln 009B,7,Lives rent free,0
E01026159,Lincoln 009C,-8,Does not apply,0
E01026159,Lincoln 009C,0,Owned: Owns outright,209
E01026159,Lincoln 009C,1,Owned: Owns with a mortgage or loan,242
E01026159,Lincoln 009C,2,Shared ownership: Shared ownership,5
E01026159,Lincoln 009C,3,Social rented: Rents from council or Local Authority,16
E01026159,Lincoln 009C,4,Social rented: Other social rented,33
E01026159,Lincoln 009C,5,Private rented: Private landlord or letting agency,144
E01026159,Lincoln 009C,6,Private rented: Other private rented,13
E01026159,Lincoln 009C,7,Lives rent free,0
E01026160,Lincoln 009D,-8,Does not apply,0
E01026160,Lincoln 009D,0,Owned: Owns outright,254
E01026160,Lincoln 009D,1,Owned: Owns with a mortgage or loan,214
E01026160,Lincoln 009D,2,Shared ownership: Shared ownership,0
E01026160,Lincoln 009D,3,Social rented: Rents from council or Local Authority,15
E01026160,Lincoln 009D,4,Social rented: Other social rented,5
E01026160,Lincoln 009D,5,Private rented: Private landlord or letting agency,111
E01026160,Lincoln 009D,6,Private rented: Other private rented,15
E01026160,Lincoln 009D,7,Lives rent free,0
E01026161,Lincoln 010A,-8,Does not apply,0
E01026161,Lincoln 010A,0,Owned: Owns outright,135
E01026161,Lincoln 010A,1,Owned: Owns with a mortgage or loan,158
E01026161,Lincoln 010A,2,Shared ownership: Shared ownership,3
E01026161,Lincoln 010A,3,Social rented: Rents from council or Local Authority,250
E01026161,Lincoln 010A,4,Social rented: Other social rented,18
E01026161,Lincoln 010A,5,Private rented: Private landlord or letting agency,81
E01026161,Lincoln 010A,6,Private rented: Other private rented,10
E01026161,Lincoln 010A,7,Lives rent free,7
E01026162,Lincoln 009E,-8,Does not apply,0
E01026162,Lincoln 009E,0,Owned: Owns outright,284
E01026162,Lincoln 009E,1,Owned: Owns with a mortgage or loan,184
E01026162,Lincoln 009E,2,Shared ownership: Shared ownership,0
E01026162,Lincoln 009E,3,Social rented: Rents from council or Local Authority,76
E01026162,Lincoln 009E,4,Social rented: Other social rented,18
E01026162,Lincoln 009E,5,Private rented: Private landlord or letting agency,69
E01026162,Lincoln 009E,6,Private rented: Other private rented,11
E01026162,Lincoln 009E,7,Lives rent free,0
E01026163,Lincoln 009F,-8,Does not apply,0
E01026163,Lincoln 009F,0,Owned: Owns outright,248
E01026163,Lincoln 009F,1,Owned: Owns with a mortgage or loan,219
E01026163,Lincoln 009F,2,Shared ownership: Shared ownership,1
E01026163,Lincoln 009F,3,Social rented: Rents from council or Local Authority,8
E01026163,Lincoln 009F,4,Social rented: Other social rented,2
E01026163,Lincoln 009F,5,Private rented: Private landlord or letting agency,114
E01026163,Lincoln 009F,6,Private rented: Other private rented,13
E01026163,Lincoln 009F,7,Lives rent free,0
E01026164,Lincoln 003F,-8,Does not apply,0
E01026164,Lincoln 003F,0,Owned: Owns outright,273
E01026164,Lincoln 003F,1,Owned: Owns with a mortgage or loan,181
E01026164,Lincoln 003F,2,Shared ownership: Shared ownership,1
E01026164,Lincoln 003F,3,Social rented: Rents from council or Local Authority,52
E01026164,Lincoln 003F,4,Social rented: Other social rented,2
E01026164,Lincoln 003F,5,Private rented: Private landlord or letting agency,53
E01026164,Lincoln 003F,6,Private rented: Other private rented,4
E01026164,Lincoln 003F,7,Lives rent free,0
E01026165,Lincoln 002D,-8,Does not apply,0
E01026165,Lincoln 002D,0,Owned: Owns outright,214
E01026165,Lincoln 002D,1,Owned: Owns with a mortgage or loan,185
E01026165,Lincoln 002D,2,Shared ownership: Shared ownership,10
E01026165,Lincoln 002D,3,Social rented: Rents from council or Local Authority,290
E01026165,Lincoln 002D,4,Social rented: Other social rented,24
E01026165,Lincoln 002D,5,Private rented: Private landlord or letting agency,87
E01026165,Lincoln 002D,6,Private rented: Other private rented,15
E01026165,Lincoln 002D,7,Lives rent free,6
E01026166,Lincoln 001C,-8,Does not apply,0
E01026166,Lincoln 001C,0,Owned: Owns outright,138
E01026166,Lincoln 001C,1,Owned: Owns with a mortgage or loan,139
E01026166,Lincoln 001C,2,Shared ownership: Shared ownership,25
E01026166,Lincoln 001C,3,Social rented: Rents from council or Local Authority,205
E01026166,Lincoln 001C,4,Social rented: Other social rented,25
E01026166,Lincoln 001C,5,Private rented: Private landlord or letting agency,56
E01026166,Lincoln 001C,6,Private rented: Other private rented,16
E01026166,Lincoln 001C,7,Lives rent free,3
E01026167,Lincoln 003G,-8,Does not apply,0
E01026167,Lincoln 003G,0,Owned: Owns outright,297
E01026167,Lincoln 003G,1,Owned: Owns with a mortgage or loan,157
E01026167,Lincoln 003G,2,Shared ownership: Shared ownership,2
E01026167,Lincoln 003G,3,Social rented: Rents from council or Local Authority,41
E01026167,Lincoln 003G,4,Social rented: Other social rented,18
E01026167,Lincoln 003G,5,Private rented: Private landlord or letting agency,259
E01026167,Lincoln 003G,6,Private rented: Other private rented,33
E01026167,Lincoln 003G,7,Lives rent free,3
E01026168,Lincoln 001D,-8,Does not apply,0
E01026168,Lincoln 001D,0,Owned: Owns outright,113
E01026168,Lincoln 001D,1,Owned: Owns with a mortgage or loan,123
E01026168,Lincoln 001D,2,Shared ownership: Shared ownership,15
E01026168,Lincoln 001D,3,Social rented: Rents from council or Local Authority,352
E01026168,Lincoln 001D,4,Social rented: Other social rented,25
E01026168,Lincoln 001D,5,Private rented: Private landlord or letting agency,52
E01026168,Lincoln 001D,6,Private rented: Other private rented,11
E01026168,Lincoln 001D,7,Lives rent free,4
E01026169,Lincoln 011G,-8,Does not apply,0
E01026169,Lincoln 011G,0,Owned: Owns outright,324
E01026169,Lincoln 011G,1,Owned: Owns with a mortgage or loan,185
E01026169,Lincoln 011G,2,Shared ownership: Shared ownership,2
E01026169,Lincoln 011G,3,Social rented: Rents from council or Local Authority,141
E01026169,Lincoln 011G,4,Social rented: Other social rented,7
E01026169,Lincoln 011G,5,Private rented: Private landlord or letting agency,48
E01026169,Lincoln 011G,6,Private rented: Other private rented,14
E01026169,Lincoln 011G,7,Lives rent free,3
E01026170,Lincoln 010B,-8,Does not apply,0
E01026170,Lincoln 010B,0,Owned: Owns outright,170
E01026170,Lincoln 010B,1,Owned: Owns with a mortgage or loan,184
E01026170,Lincoln 010B,2,Shared ownership: Shared ownership,6
E01026170,Lincoln 010B,3,Social rented: Rents from council or Local Authority,157
E01026170,Lincoln 010B,4,Social rented: Other social rented,27
E01026170,Lincoln 010B,5,Private rented: Private landlord or letting agency,87
E01026170,Lincoln 010B,6,Private rented: Other private rented,14
E01026170,Lincoln 010B,7,Lives rent free,1
E01026171,Lincoln 011H,-8,Does not apply,0
E01026171,Lincoln 011H,0,Owned: Owns outright,376
E01026171,Lincoln 011H,1,Owned: Owns with a mortgage or loan,216
E01026171,Lincoln 011H,2,Shared ownership: Shared ownership,1
E01026171,Lincoln 011H,3,Social rented: Rents from council or Local Authority,9
E01026171,Lincoln 011H,4,Social rented: Other social rented,11
E01026171,Lincoln 011H,5,Private rented: Private landlord or letting agency,74
E01026171,Lincoln 011H,6,Private rented: Other private rented,10
E01026171,Lincoln 011H,7,Lives rent free,0
E01026172,Lincoln 010C,-8,Does not apply,0
E01026172,Lincoln 010C,0,Owned: Owns outright,132
E01026172,Lincoln 010C,1,Owned: Owns with a mortgage or loan,166
E01026172,Lincoln 010C,2,Shared ownership: Shared ownership,13
E01026172,Lincoln 010C,3,Social rented: Rents from council or Local Authority,256
E01026172,Lincoln 010C,4,Social rented: Other social rented,11
E01026172,Lincoln 010C,5,Private rented: Private landlord or letting agency,56
E01026172,Lincoln 010C,6,Private rented: Other private rented,6
E01026172,Lincoln 010C,7,Lives rent free,5
E01026173,Lincoln 010D,-8,Does not apply,0
E01026173,Lincoln 010D,0,Owned: Owns outright,73
E01026173,Lincoln 010D,1,Owned: Owns with a mortgage or loan,85
E01026173,Lincoln 010D,2,Shared ownership: Shared ownership,1
E01026173,Lincoln 010D,3,Social rented: Rents from council or Local Authority,464
E01026173,Lincoln 010D,4,Social rented: Other social rented,12
E01026173,Lincoln 010D,5,Private rented: Private landlord or letting agency,44
E01026173,Lincoln 010D,6,Private rented: Other private rented,5
E01026173,Lincoln 010D,7,Lives rent free,11
E01026174,Lincoln 008D,-8,Does not apply,0
E01026174,Lincoln 008D,0,Owned: Owns outright,125
E01026174,Lincoln 008D,1,Owned: Owns with a mortgage or loan,178
E01026174,Lincoln 008D,2,Shared ownership: Shared ownership,5
E01026174,Lincoln 008D,3,Social rented: Rents from council or Local Authority,44
E01026174,Lincoln 008D,4,Social rented: Other social rented,19
E01026174,Lincoln 008D,5,Private rented: Private landlord or letting agency,271
E01026174,Lincoln 008D,6,Private rented: Other private rented,15
E01026174,Lincoln 008D,7,Lives rent free,1
E01026175,Lincoln 010E,-8,Does not apply,0
E01026175,Lincoln 010E,0,Owned: Owns outright,120
E01026175,Lincoln 010E,1,Owned: Owns with a mortgage or loan,213
E01026175,Lincoln 010E,2,Shared ownership: Shared ownership,6
E01026175,Lincoln 010E,3,Social rented: Rents from council or Local Authority,136
E01026175,Lincoln 010E,4,Social rented: Other social rented,66
E01026175,Lincoln 010E,5,Private rented: Private landlord or letting agency,368
E01026175,Lincoln 010E,6,Private rented: Other private rented,23
E01026175,Lincoln 010E,7,Lives rent free,1
E01026176,Lincoln 006B,-8,Does not apply,0
E01026176,Lincoln 006B,0,Owned: Owns outright,81
E01026176,Lincoln 006B,1,Owned: Owns with a mortgage or loan,52
E01026176,Lincoln 006B,2,Shared ownership: Shared ownership,5
E01026176,Lincoln 006B,3,Social rented: Rents from council or Local Authority,159
E01026176,Lincoln 006B,4,Social rented: Other social rented,140
E01026176,Lincoln 006B,5,Private rented: Private landlord or letting agency,531
E01026176,Lincoln 006B,6,Private rented: Other private rented,36
E01026176,Lincoln 006B,7,Lives rent free,7
E01026177,Lincoln 006C,-8,Does not apply,0
E01026177,Lincoln 006C,0,Owned: Owns outright,99
E01026177,Lincoln 006C,1,Owned: Owns with a mortgage or loan,108
E01026177,Lincoln 006C,2,Shared ownership: Shared ownership,4
E01026177,Lincoln 006C,3,Social rented: Rents from council or Local Authority,17
E01026177,Lincoln 006C,4,Social rented: Other social rented,26
E01026177,Lincoln 006C,5,Private rented: Private landlord or letting agency,536
E01026177,Lincoln 006C,6,Private rented: Other private rented,23
E01026177,Lincoln 006C,7,Lives rent free,0
E01026178,Lincoln 006D,-8,Does not apply,0
E01026178,Lincoln 006D,0,Owned: Owns outright,160
E01026178,Lincoln 006D,1,Owned: Owns with a mortgage or loan,152
E01026178,Lincoln 006D,2,Shared ownership: Shared ownership,3
E01026178,Lincoln 006D,3,Social rented: Rents from council or Local Authority,39
E01026178,Lincoln 006D,4,Social rented: Other social rented,34
E01026178,Lincoln 006D,5,Private rented: Private landlord or letting agency,394
E01026178,Lincoln 006D,6,Private rented: Other private rented,16
E01026178,Lincoln 006D,7,Lives rent free,2
E01026179,North Kesteven 008A,-8,Does not apply,0
E01026179,North Kesteven 008A,0,Owned: Owns outright,99
E01026179,North Kesteven 008A,1,Owned: Owns with a mortgage or loan,84
E01026179,North Kesteven 008A,2,Shared ownership: Shared ownership,4
E01026179,North Kesteven 008A,3,Social rented: Rents from council or Local Authority,39
E01026179,North Kesteven 008A,4,Social rented: Other social rented,7
E01026179,North Kesteven 008A,5,Private rented: Private landlord or letting agency,38
E01026179,North Kesteven 008A,6,Private rented: Other private rented,145
E01026179,North Kesteven 008A,7,Lives rent free,1
E01026180,North Kesteven 007A,-8,Does not apply,0
E01026180,North Kesteven 007A,0,Owned: Owns outright,293
E01026180,North Kesteven 007A,1,Owned: Owns with a mortgage or loan,173
E01026180,North Kesteven 007A,2,Shared ownership: Shared ownership,3
E01026180,North Kesteven 007A,3,Social rented: Rents from council or Local Authority,69
E01026180,North Kesteven 007A,4,Social rented: Other social rented,2
E01026180,North Kesteven 007A,5,Private rented: Private landlord or letting agency,64
E01026180,North Kesteven 007A,6,Private rented: Other private rented,13
E01026180,North Kesteven 007A,7,Lives rent free,1
E01026182,North Kesteven 003B,-8,Does not apply,0
E01026182,North Kesteven 003B,0,Owned: Owns outright,281
E01026182,North Kesteven 003B,1,Owned: Owns with a mortgage or loan,223
E01026182,North Kesteven 003B,2,Shared ownership: Shared ownership,9
E01026182,North Kesteven 003B,3,Social rented: Rents from council or Local Authority,43
E01026182,North Kesteven 003B,4,Social rented: Other social rented,16
E01026182,North Kesteven 003B,5,Private rented: Private landlord or letting agency,45
E01026182,North Kesteven 003B,6,Private rented: Other private rented,18
E01026182,North Kesteven 003B,7,Lives rent free,0
E01026183,North Kesteven 007B,-8,Does not apply,0
E01026183,North Kesteven 007B,0,Owned: Owns outright,460
E01026183,North Kesteven 007B,1,Owned: Owns with a mortgage or loan,310
E01026183,North Kesteven 007B,2,Shared ownership: Shared ownership,6
E01026183,North Kesteven 007B,3,Social rented: Rents from council or Local Authority,218
E01026183,North Kesteven 007B,4,Social rented: Other social rented,21
E01026183,North Kesteven 007B,5,Private rented: Private landlord or letting agency,131
E01026183,North Kesteven 007B,6,Private rented: Other private rented,35
E01026183,North Kesteven 007B,7,Lives rent free,5
E01026184,North Kesteven 004A,-8,Does not apply,0
E01026184,North Kesteven 004A,0,Owned: Owns outright,112
E01026184,North Kesteven 004A,1,Owned: Owns with a mortgage or loan,159
E01026184,North Kesteven 004A,2,Shared ownership: Shared ownership,2
E01026184,North Kesteven 004A,3,Social rented: Rents from council or Local Authority,7
E01026184,North Kesteven 004A,4,Social rented: Other social rented,18
E01026184,North Kesteven 004A,5,Private rented: Private landlord or letting agency,37
E01026184,North Kesteven 004A,6,Private rented: Other private rented,252
E01026184,North Kesteven 004A,7,Lives rent free,0
E01026185,North Kesteven 004B,-8,Does not apply,0
E01026185,North Kesteven 004B,0,Owned: Owns outright,381
E01026185,North Kesteven 004B,1,Owned: Owns with a mortgage or loan,326
E01026185,North Kesteven 004B,2,Shared ownership: Shared ownership,7
E01026185,North Kesteven 004B,3,Social rented: Rents from council or Local Authority,101
E01026185,North Kesteven 004B,4,Social rented: Other social rented,15
E01026185,North Kesteven 004B,5,Private rented: Private landlord or letting agency,147
E01026185,North Kesteven 004B,6,Private rented: Other private rented,18
E01026185,North Kesteven 004B,7,Lives rent free,1
E01026186,North Kesteven 001A,-8,Does not apply,0
E01026186,North Kesteven 001A,0,Owned: Owns outright,381
E01026186,North Kesteven 001A,1,Owned: Owns with a mortgage or loan,250
E01026186,North Kesteven 001A,2,Shared ownership: Shared ownership,1
E01026186,North Kesteven 001A,3,Social rented: Rents from council or Local Authority,11
E01026186,North Kesteven 001A,4,Social rented: Other social rented,4
E01026186,North Kesteven 001A,5,Private rented: Private landlord or letting agency,69
E01026186,North Kesteven 001A,6,Private rented: Other private rented,25
E01026186,North Kesteven 001A,7,Lives rent free,0
E01026187,North Kesteven 001B,-8,Does not apply,0
E01026187,North Kesteven 001B,0,Owned: Owns outright,241
E01026187,North Kesteven 001B,1,Owned: Owns with a mortgage or loan,386
E01026187,North Kesteven 001B,2,Shared ownership: Shared ownership,1
E01026187,North Kesteven 001B,3,Social rented: Rents from council or Local Authority,2
E01026187,North Kesteven 001B,4,Social rented: Other social rented,5
E01026187,North Kesteven 001B,5,Private rented: Private landlord or letting agency,129
E01026187,North Kesteven 001B,6,Private rented: Other private rented,17
E01026187,North Kesteven 001B,7,Lives rent free,0
E01026188,North Kesteven 004C,-8,Does not apply,0
E01026188,North Kesteven 004C,0,Owned: Owns outright,281
E01026188,North Kesteven 004C,1,Owned: Owns with a mortgage or loan,305
E01026188,North Kesteven 004C,2,Shared ownership: Shared ownership,11
E01026188,North Kesteven 004C,3,Social rented: Rents from council or Local Authority,169
E01026188,North Kesteven 004C,4,Social rented: Other social rented,39
E01026188,North Kesteven 004C,5,Private rented: Private landlord or letting agency,206
E01026188,North Kesteven 004C,6,Private rented: Other private rented,18
E01026188,North Kesteven 004C,7,Lives rent free,3
E01026189,North Kesteven 001C,-8,Does not apply,0
E01026189,North Kesteven 001C,0,Owned: Owns outright,482
E01026189,North Kesteven 001C,1,Owned: Owns with a mortgage or loan,224
E01026189,North Kesteven 001C,2,Shared ownership: Shared ownership,4
E01026189,North Kesteven 001C,3,Social rented: Rents from council or Local Authority,3
E01026189,North Kesteven 001C,4,Social rented: Other social rented,4
E01026189,North Kesteven 001C,5,Private rented: Private landlord or letting agency,88
E01026189,North Kesteven 001C,6,Private rented: Other private rented,12
E01026189,North Kesteven 001C,7,Lives rent free,0
E01026190,North Kesteven 004D,-8,Does not apply,0
E01026190,North Kesteven 004D,0,Owned: Owns outright,250
E01026190,North Kesteven 004D,1,Owned: Owns with a mortgage or loan,221
E01026190,North Kesteven 004D,2,Shared ownership: Shared ownership,28
E01026190,North Kesteven 004D,3,Social rented: Rents from council or Local Authority,103
E01026190,North Kesteven 004D,4,Social rented: Other social rented,103
E01026190,North Kesteven 004D,5,Private rented: Private landlord or letting agency,77
E01026190,North Kesteven 004D,6,Private rented: Other private rented,28
E01026190,North Kesteven 004D,7,Lives rent free,3
E01026191,North Kesteven 005A,-8,Does not apply,0
E01026191,North Kesteven 005A,0,Owned: Owns outright,297
E01026191,North Kesteven 005A,1,Owned: Owns with a mortgage or loan,296
E01026191,North Kesteven 005A,2,Shared ownership: Shared ownership,21
E01026191,North Kesteven 005A,3,Social rented: Rents from council or Local Authority,51
E01026191,North Kesteven 005A,4,Social rented: Other social rented,31
E01026191,North Kesteven 005A,5,Private rented: Private landlord or letting agency,76
E01026191,North Kesteven 005A,6,Private rented: Other private rented,18
E01026191,North Kesteven 005A,7,Lives rent free,1
E01026192,North Kesteven 006A,-8,Does not apply,0
E01026192,North Kesteven 006A,0,Owned: Owns outright,243
E01026192,North Kesteven 006A,1,Owned: Owns with a mortgage or loan,174
E01026192,North Kesteven 006A,2,Shared ownership: Shared ownership,10
E01026192,North Kesteven 006A,3,Social rented: Rents from council or Local Authority,40
E01026192,North Kesteven 006A,4,Social rented: Other social rented,12
E01026192,North Kesteven 006A,5,Private rented: Private landlord or letting agency,33
E01026192,North Kesteven 006A,6,Private rented: Other private rented,18
E01026192,North Kesteven 006A,7,Lives rent free,0
E01026193,North Kesteven 003C,-8,Does not apply,0
E01026193,North Kesteven 003C,0,Owned: Owns outright,301
E01026193,North Kesteven 003C,1,Owned: Owns with a mortgage or loan,221
E01026193,North Kesteven 003C,2,Shared ownership: Shared ownership,0
E01026193,North Kesteven 003C,3,Social rented: Rents from council or Local Authority,53
E01026193,North Kesteven 003C,4,Social rented: Other social rented,1
E01026193,North Kesteven 003C,5,Private rented: Private landlord or letting agency,51
E01026193,North Kesteven 003C,6,Private rented: Other private rented,21
E01026193,North Kesteven 003C,7,Lives rent free,0
E01026194,North Kesteven 006B,-8,Does not apply,0
E01026194,North Kesteven 006B,0,Owned: Owns outright,409
E01026194,North Kesteven 006B,1,Owned: Owns with a mortgage or loan,280
E01026194,North Kesteven 006B,2,Shared ownership: Shared ownership,21
E01026194,North Kesteven 006B,3,Social rented: Rents from council or Local Authority,107
E01026194,North Kesteven 006B,4,Social rented: Other social rented,33
E01026194,North Kesteven 006B,5,Private rented: Private landlord or letting agency,64
E01026194,North Kesteven 006B,6,Private rented: Other private rented,12
E01026194,North Kesteven 006B,7,Lives rent free,1
E01026195,North Kesteven 006C,-8,Does not apply,0
E01026195,North Kesteven 006C,0,Owned: Owns outright,446
E01026195,North Kesteven 006C,1,Owned: Owns with a mortgage or loan,243
E01026195,North Kesteven 006C,2,Shared ownership: Shared ownership,1
E01026195,North Kesteven 006C,3,Social rented: Rents from council or Local Authority,29
E01026195,North Kesteven 006C,4,Social rented: Other social rented,4
E01026195,North Kesteven 006C,5,Private rented: Private landlord or letting agency,84
E01026195,North Kesteven 006C,6,Private rented: Other private rented,25
E01026195,North Kesteven 006C,7,Lives rent free,1
E01026196,North Kesteven 006D,-8,Does not apply,0
E01026196,North Kesteven 006D,0,Owned: Owns outright,310
E01026196,North Kesteven 006D,1,Owned: Owns with a mortgage or loan,181
E01026196,North Kesteven 006D,2,Shared ownership: Shared ownership,2
E01026196,North Kesteven 006D,3,Social rented: Rents from council or Local Authority,49
E01026196,North Kesteven 006D,4,Social rented: Other social rented,2
E01026196,North Kesteven 006D,5,Private rented: Private landlord or letting agency,84
E01026196,North Kesteven 006D,6,Private rented: Other private rented,27
E01026196,North Kesteven 006D,7,Lives rent free,3
E01026197,North Kesteven 008B,-8,Does not apply,0
E01026197,North Kesteven 008B,0,Owned: Owns outright,258
E01026197,North Kesteven 008B,1,Owned: Owns with a mortgage or loan,232
E01026197,North Kesteven 008B,2,Shared ownership: Shared ownership,0
E01026197,North Kesteven 008B,3,Social rented: Rents from council or Local Authority,29
E01026197,North Kesteven 008B,4,Social rented: Other social rented,9
E01026197,North Kesteven 008B,5,Private rented: Private landlord or letting agency,98
E01026197,North Kesteven 008B,6,Private rented: Other private rented,15
E01026197,North Kesteven 008B,7,Lives rent free,3
E01026198,North Kesteven 008C,-8,Does not apply,0
E01026198,North Kesteven 008C,0,Owned: Owns outright,54
E01026198,North Kesteven 008C,1,Owned: Owns with a mortgage or loan,103
E01026198,North Kesteven 008C,2,Shared ownership: Shared ownership,3
E01026198,North Kesteven 008C,3,Social rented: Rents from council or Local Authority,14
E01026198,North Kesteven 008C,4,Social rented: Other social rented,12
E01026198,North Kesteven 008C,5,Private rented: Private landlord or letting agency,79
E01026198,North Kesteven 008C,6,Private rented: Other private rented,203
E01026198,North Kesteven 008C,7,Lives rent free,0
E01026199,North Kesteven 003D,-8,Does not apply,0
E01026199,North Kesteven 003D,0,Owned: Owns outright,499
E01026199,North Kesteven 003D,1,Owned: Owns with a mortgage or loan,373
E01026199,North Kesteven 003D,2,Shared ownership: Shared ownership,7
E01026199,North Kesteven 003D,3,Social rented: Rents from council or Local Authority,44
E01026199,North Kesteven 003D,4,Social rented: Other social rented,7
E01026199,North Kesteven 003D,5,Private rented: Private landlord or letting agency,107
E01026199,North Kesteven 003D,6,Private rented: Other private rented,45
E01026199,North Kesteven 003D,7,Lives rent free,1
E01026200,North Kesteven 012A,-8,Does not apply,0
E01026200,North Kesteven 012A,0,Owned: Owns outright,372
E01026200,North Kesteven 012A,1,Owned: Owns with a mortgage or loan,275
E01026200,North Kesteven 012A,2,Shared ownership: Shared ownership,0
E01026200,North Kesteven 012A,3,Social rented: Rents from council or Local Authority,16
E01026200,North Kesteven 012A,4,Social rented: Other social rented,9
E01026200,North Kesteven 012A,5,Private rented: Private landlord or letting agency,118
E01026200,North Kesteven 012A,6,Private rented: Other private rented,26
E01026200,North Kesteven 012A,7,Lives rent free,0
E01026201,North Kesteven 012B,-8,Does not apply,0
E01026201,North Kesteven 012B,0,Owned: Owns outright,440
E01026201,North Kesteven 012B,1,Owned: Owns with a mortgage or loan,203
E01026201,North Kesteven 012B,2,Shared ownership: Shared ownership,2
E01026201,North Kesteven 012B,3,Social rented: Rents from council or Local Authority,130
E01026201,North Kesteven 012B,4,Social rented: Other social rented,9
E01026201,North Kesteven 012B,5,Private rented: Private landlord or letting agency,77
E01026201,North Kesteven 012B,6,Private rented: Other private rented,32
E01026201,North Kesteven 012B,7,Lives rent free,1
E01026202,North Kesteven 012C,-8,Does not apply,0
E01026202,North Kesteven 012C,0,Owned: Owns outright,430
E01026202,North Kesteven 012C,1,Owned: Owns with a mortgage or loan,242
E01026202,North Kesteven 012C,2,Shared ownership: Shared ownership,7
E01026202,North Kesteven 012C,3,Social rented: Rents from council or Local Authority,127
E01026202,North Kesteven 012C,4,Social rented: Other social rented,32
E01026202,North Kesteven 012C,5,Private rented: Private landlord or letting agency,66
E01026202,North Kesteven 012C,6,Private rented: Other private rented,17
E01026202,North Kesteven 012C,7,Lives rent free,2
E01026203,North Kesteven 001D,-8,Does not apply,0
E01026203,North Kesteven 001D,0,Owned: Owns outright,456
E01026203,North Kesteven 001D,1,Owned: Owns with a mortgage or loan,243
E01026203,North Kesteven 001D,2,Shared ownership: Shared ownership,12
E01026203,North Kesteven 001D,3,Social rented: Rents from council or Local Authority,24
E01026203,North Kesteven 001D,4,Social rented: Other social rented,39
E01026203,North Kesteven 001D,5,Private rented: Private landlord or letting agency,96
E01026203,North Kesteven 001D,6,Private rented: Other private rented,21
E01026203,North Kesteven 001D,7,Lives rent free,0
E01026204,North Kesteven 001E,-8,Does not apply,0
E01026204,North Kesteven 001E,0,Owned: Owns outright,454
E01026204,North Kesteven 001E,1,Owned: Owns with a mortgage or loan,206
E01026204,North Kesteven 001E,2,Shared ownership: Shared ownership,0
E01026204,North Kesteven 001E,3,Social rented: Rents from council or Local Authority,7
E01026204,North Kesteven 001E,4,Social rented: Other social rented,1
E01026204,North Kesteven 001E,5,Private rented: Private landlord or letting agency,64
E01026204,North Kesteven 001E,6,Private rented: Other private rented,17
E01026204,North Kesteven 001E,7,Lives rent free,0
E01026205,North Kesteven 005B,-8,Does not apply,0
E01026205,North Kesteven 005B,0,Owned: Owns outright,265
E01026205,North Kesteven 005B,1,Owned: Owns with a mortgage or loan,230
E01026205,North Kesteven 005B,2,Shared ownership: Shared ownership,12
E01026205,North Kesteven 005B,3,Social rented: Rents from council or Local Authority,142
E01026205,North Kesteven 005B,4,Social rented: Other social rented,9
E01026205,North Kesteven 005B,5,Private rented: Private landlord or letting agency,60
E01026205,North Kesteven 005B,6,Private rented: Other private rented,18
E01026205,North Kesteven 005B,7,Lives rent free,1
E01026206,North Kesteven 001F,-8,Does not apply,0
E01026206,North Kesteven 001F,0,Owned: Owns outright,380
E01026206,North Kesteven 001F,1,Owned: Owns with a mortgage or loan,296
E01026206,North Kesteven 001F,2,Shared ownership: Shared ownership,2
E01026206,North Kesteven 001F,3,Social rented: Rents from council or Local Authority,6
E01026206,North Kesteven 001F,4,Social rented: Other social rented,0
E01026206,North Kesteven 001F,5,Private rented: Private landlord or letting agency,80
E01026206,North Kesteven 001F,6,Private rented: Other private rented,16
E01026206,North Kesteven 001F,7,Lives rent free,0
E01026207,North Kesteven 012D,-8,Does not apply,0
E01026207,North Kesteven 012D,0,Owned: Owns outright,266
E01026207,North Kesteven 012D,1,Owned: Owns with a mortgage or loan,147
E01026207,North Kesteven 012D,2,Shared ownership: Shared ownership,1
E01026207,North Kesteven 012D,3,Social rented: Rents from council or Local Authority,63
E01026207,North Kesteven 012D,4,Social rented: Other social rented,2
E01026207,North Kesteven 012D,5,Private rented: Private landlord or letting agency,62
E01026207,North Kesteven 012D,6,Private rented: Other private rented,8
E01026207,North Kesteven 012D,7,Lives rent free,0
E01026208,North Kesteven 012E,-8,Does not apply,0
E01026208,North Kesteven 012E,0,Owned: Owns outright,306
E01026208,North Kesteven 012E,1,Owned: Owns with a mortgage or loan,222
E01026208,North Kesteven 012E,2,Shared ownership: Shared ownership,4
E01026208,North Kesteven 012E,3,Social rented: Rents from council or Local Authority,43
E01026208,North Kesteven 012E,4,Social rented: Other social rented,27
E01026208,North Kesteven 012E,5,Private rented: Private landlord or letting agency,66
E01026208,North Kesteven 012E,6,Private rented: Other private rented,21
E01026208,North Kesteven 012E,7,Lives rent free,2
E01026209,North Kesteven 009A,-8,Does not apply,0
E01026209,North Kesteven 009A,0,Owned: Owns outright,542
E01026209,North Kesteven 009A,1,Owned: Owns with a mortgage or loan,246
E01026209,North Kesteven 009A,2,Shared ownership: Shared ownership,1
E01026209,North Kesteven 009A,3,Social rented: Rents from council or Local Authority,58
E01026209,North Kesteven 009A,4,Social rented: Other social rented,15
E01026209,North Kesteven 009A,5,Private rented: Private landlord or letting agency,74
E01026209,North Kesteven 009A,6,Private rented: Other private rented,35
E01026209,North Kesteven 009A,7,Lives rent free,0
E01026210,North Kesteven 007C,-8,Does not apply,0
E01026210,North Kesteven 007C,0,Owned: Owns outright,417
E01026210,North Kesteven 007C,1,Owned: Owns with a mortgage or loan,310
E01026210,North Kesteven 007C,2,Shared ownership: Shared ownership,2
E01026210,North Kesteven 007C,3,Social rented: Rents from council or Local Authority,125
E01026210,North Kesteven 007C,4,Social rented: Other social rented,12
E01026210,North Kesteven 007C,5,Private rented: Private landlord or letting agency,128
E01026210,North Kesteven 007C,6,Private rented: Other private rented,38
E01026210,North Kesteven 007C,7,Lives rent free,0
E01026211,North Kesteven 005C,-8,Does not apply,0
E01026211,North Kesteven 005C,0,Owned: Owns outright,317
E01026211,North Kesteven 005C,1,Owned: Owns with a mortgage or loan,344
E01026211,North Kesteven 005C,2,Shared ownership: Shared ownership,0
E01026211,North Kesteven 005C,3,Social rented: Rents from council or Local Authority,31
E01026211,North Kesteven 005C,4,Social rented: Other social rented,9
E01026211,North Kesteven 005C,5,Private rented: Private landlord or letting agency,91
E01026211,North Kesteven 005C,6,Private rented: Other private rented,19
E01026211,North Kesteven 005C,7,Lives rent free,0
E01026212,North Kesteven 005D,-8,Does not apply,0
E01026212,North Kesteven 005D,0,Owned: Owns outright,304
E01026212,North Kesteven 005D,1,Owned: Owns with a mortgage or loan,229
E01026212,North Kesteven 005D,2,Shared ownership: Shared ownership,5
E01026212,North Kesteven 005D,3,Social rented: Rents from council or Local Authority,17
E01026212,North Kesteven 005D,4,Social rented: Other social rented,16
E01026212,North Kesteven 005D,5,Private rented: Private landlord or letting agency,66
E01026212,North Kesteven 005D,6,Private rented: Other private rented,19
E01026212,North Kesteven 005D,7,Lives rent free,0
E01026213,North Kesteven 005E,-8,Does not apply,0
E01026213,North Kesteven 005E,0,Owned: Owns outright,311
E01026213,North Kesteven 005E,1,Owned: Owns with a mortgage or loan,199
E01026213,North Kesteven 005E,2,Shared ownership: Shared ownership,3
E01026213,North Kesteven 005E,3,Social rented: Rents from council or Local Authority,141
E01026213,North Kesteven 005E,4,Social rented: Other social rented,24
E01026213,North Kesteven 005E,5,Private rented: Private landlord or letting agency,97
E01026213,North Kesteven 005E,6,Private rented: Other private rented,27
E01026213,North Kesteven 005E,7,Lives rent free,7
E01026214,North Kesteven 014A,-8,Does not apply,0
E01026214,North Kesteven 014A,0,Owned: Owns outright,229
E01026214,North Kesteven 014A,1,Owned: Owns with a mortgage or loan,181
E01026214,North Kesteven 014A,2,Shared ownership: Shared ownership,0
E01026214,North Kesteven 014A,3,Social rented: Rents from council or Local Authority,46
E01026214,North Kesteven 014A,4,Social rented: Other social rented,6
E01026214,North Kesteven 014A,5,Private rented: Private landlord or letting agency,39
E01026214,North Kesteven 014A,6,Private rented: Other private rented,12
E01026214,North Kesteven 014A,7,Lives rent free,1
E01026215,North Kesteven 014B,-8,Does not apply,0
E01026215,North Kesteven 014B,0,Owned: Owns outright,281
E01026215,North Kesteven 014B,1,Owned: Owns with a mortgage or loan,132
E01026215,North Kesteven 014B,2,Shared ownership: Shared ownership,1
E01026215,North Kesteven 014B,3,Social rented: Rents from council or Local Authority,5
E01026215,North Kesteven 014B,4,Social rented: Other social rented,1
E01026215,North Kesteven 014B,5,Private rented: Private landlord or letting agency,36
E01026215,North Kesteven 014B,6,Private rented: Other private rented,5
E01026215,North Kesteven 014B,7,Lives rent free,0
E01026218,North Kesteven 014C,-8,Does not apply,0
E01026218,North Kesteven 014C,0,Owned: Owns outright,335
E01026218,North Kesteven 014C,1,Owned: Owns with a mortgage or loan,128
E01026218,North Kesteven 014C,2,Shared ownership: Shared ownership,7
E01026218,North Kesteven 014C,3,Social rented: Rents from council or Local Authority,3
E01026218,North Kesteven 014C,4,Social rented: Other social rented,27
E01026218,North Kesteven 014C,5,Private rented: Private landlord or letting agency,69
E01026218,North Kesteven 014C,6,Private rented: Other private rented,12
E01026218,North Kesteven 014C,7,Lives rent free,0
E01026219,North Kesteven 014D,-8,Does not apply,0
E01026219,North Kesteven 014D,0,Owned: Owns outright,292
E01026219,North Kesteven 014D,1,Owned: Owns with a mortgage or loan,168
E01026219,North Kesteven 014D,2,Shared ownership: Shared ownership,1
E01026219,North Kesteven 014D,3,Social rented: Rents from council or Local Authority,6
E01026219,North Kesteven 014D,4,Social rented: Other social rented,2
E01026219,North Kesteven 014D,5,Private rented: Private landlord or letting agency,33
E01026219,North Kesteven 014D,6,Private rented: Other private rented,12
E01026219,North Kesteven 014D,7,Lives rent free,0
E01026220,North Kesteven 013A,-8,Does not apply,0
E01026220,North Kesteven 013A,0,Owned: Owns outright,566
E01026220,North Kesteven 013A,1,Owned: Owns with a mortgage or loan,232
E01026220,North Kesteven 013A,2,Shared ownership: Shared ownership,23
E01026220,North Kesteven 013A,3,Social rented: Rents from council or Local Authority,83
E01026220,North Kesteven 013A,4,Social rented: Other social rented,40
E01026220,North Kesteven 013A,5,Private rented: Private landlord or letting agency,75
E01026220,North Kesteven 013A,6,Private rented: Other private rented,18
E01026220,North Kesteven 013A,7,Lives rent free,1
E01026221,North Kesteven 009B,-8,Does not apply,0
E01026221,North Kesteven 009B,0,Owned: Owns outright,467
E01026221,North Kesteven 009B,1,Owned: Owns with a mortgage or loan,290
E01026221,North Kesteven 009B,2,Shared ownership: Shared ownership,0
E01026221,North Kesteven 009B,3,Social rented: Rents from council or Local Authority,132
E01026221,North Kesteven 009B,4,Social rented: Other social rented,22
E01026221,North Kesteven 009B,5,Private rented: Private landlord or letting agency,148
E01026221,North Kesteven 009B,6,Private rented: Other private rented,35
E01026221,North Kesteven 009B,7,Lives rent free,0
E01026222,North Kesteven 009C,-8,Does not apply,0
E01026222,North Kesteven 009C,0,Owned: Owns outright,458
E01026222,North Kesteven 009C,1,Owned: Owns with a mortgage or loan,252
E01026222,North Kesteven 009C,2,Shared ownership: Shared ownership,1
E01026222,North Kesteven 009C,3,Social rented: Rents from council or Local Authority,19
E01026222,North Kesteven 009C,4,Social rented: Other social rented,12
E01026222,North Kesteven 009C,5,Private rented: Private landlord or letting agency,117
E01026222,North Kesteven 009C,6,Private rented: Other private rented,16
E01026222,North Kesteven 009C,7,Lives rent free,1
E01026223,North Kesteven 008D,-8,Does not apply,0
E01026223,North Kesteven 008D,0,Owned: Owns outright,467
E01026223,North Kesteven 008D,1,Owned: Owns with a mortgage or loan,297
E01026223,North Kesteven 008D,2,Shared ownership: Shared ownership,2
E01026223,North Kesteven 008D,3,Social rented: Rents from council or Local Authority,20
E01026223,North Kesteven 008D,4,Social rented: Other social rented,2
E01026223,North Kesteven 008D,5,Private rented: Private landlord or letting agency,102
E01026223,North Kesteven 008D,6,Private rented: Other private rented,24
E01026223,North Kesteven 008D,7,Lives rent free,0
E01026224,North Kesteven 007D,-8,Does not apply,0
E01026224,North Kesteven 007D,0,Owned: Owns outright,228
E01026224,North Kesteven 007D,1,Owned: Owns with a mortgage or loan,197
E01026224,North Kesteven 007D,2,Shared ownership: Shared ownership,6
E01026224,North Kesteven 007D,3,Social rented: Rents from council or Local Authority,239
E01026224,North Kesteven 007D,4,Social rented: Other social rented,23
E01026224,North Kesteven 007D,5,Private rented: Private landlord or letting agency,76
E01026224,North Kesteven 007D,6,Private rented: Other private rented,16
E01026224,North Kesteven 007D,7,Lives rent free,7
E01026225,North Kesteven 003E,-8,Does not apply,0
E01026225,North Kesteven 003E,0,Owned: Owns outright,226
E01026225,North Kesteven 003E,1,Owned: Owns with a mortgage or loan,267
E01026225,North Kesteven 003E,2,Shared ownership: Shared ownership,5
E01026225,North Kesteven 003E,3,Social rented: Rents from council or Local Authority,89
E01026225,North Kesteven 003E,4,Social rented: Other social rented,1
E01026225,North Kesteven 003E,5,Private rented: Private landlord or letting agency,130
E01026225,North Kesteven 003E,6,Private rented: Other private rented,21
E01026225,North Kesteven 003E,7,Lives rent free,2
E01026226,North Kesteven 003F,-8,Does not apply,0
E01026226,North Kesteven 003F,0,Owned: Owns outright,516
E01026226,North Kesteven 003F,1,Owned: Owns with a mortgage or loan,220
E01026226,North Kesteven 003F,2,Shared ownership: Shared ownership,5
E01026226,North Kesteven 003F,3,Social rented: Rents from council or Local Authority,2
E01026226,North Kesteven 003F,4,Social rented: Other social rented,1
E01026226,North Kesteven 003F,5,Private rented: Private landlord or letting agency,73
E01026226,North Kesteven 003F,6,Private rented: Other private rented,17
E01026226,North Kesteven 003F,7,Lives rent free,0
E01026227,North Kesteven 010A,-8,Does not apply,0
E01026227,North Kesteven 010A,0,Owned: Owns outright,188
E01026227,North Kesteven 010A,1,Owned: Owns with a mortgage or loan,164
E01026227,North Kesteven 010A,2,Shared ownership: Shared ownership,1
E01026227,North Kesteven 010A,3,Social rented: Rents from council or Local Authority,102
E01026227,North Kesteven 010A,4,Social rented: Other social rented,88
E01026227,North Kesteven 010A,5,Private rented: Private landlord or letting agency,244
E01026227,North Kesteven 010A,6,Private rented: Other private rented,22
E01026227,North Kesteven 010A,7,Lives rent free,1
E01026228,North Kesteven 011A,-8,Does not apply,0
E01026228,North Kesteven 011A,0,Owned: Owns outright,196
E01026228,North Kesteven 011A,1,Owned: Owns with a mortgage or loan,272
E01026228,North Kesteven 011A,2,Shared ownership: Shared ownership,5
E01026228,North Kesteven 011A,3,Social rented: Rents from council or Local Authority,48
E01026228,North Kesteven 011A,4,Social rented: Other social rented,24
E01026228,North Kesteven 011A,5,Private rented: Private landlord or letting agency,170
E01026228,North Kesteven 011A,6,Private rented: Other private rented,14
E01026228,North Kesteven 011A,7,Lives rent free,0
E01026229,North Kesteven 011B,-8,Does not apply,0
E01026229,North Kesteven 011B,0,Owned: Owns outright,256
E01026229,North Kesteven 011B,1,Owned: Owns with a mortgage or loan,271
E01026229,North Kesteven 011B,2,Shared ownership: Shared ownership,26
E01026229,North Kesteven 011B,3,Social rented: Rents from council or Local Authority,12
E01026229,North Kesteven 011B,4,Social rented: Other social rented,93
E01026229,North Kesteven 011B,5,Private rented: Private landlord or letting agency,90
E01026229,North Kesteven 011B,6,Private rented: Other private rented,15
E01026229,North Kesteven 011B,7,Lives rent free,0
E01026230,North Kesteven 010B,-8,Does not apply,0
E01026230,North Kesteven 010B,0,Owned: Owns outright,135
E01026230,North Kesteven 010B,1,Owned: Owns with a mortgage or loan,247
E01026230,North Kesteven 010B,2,Shared ownership: Shared ownership,42
E01026230,North Kesteven 010B,3,Social rented: Rents from council or Local Authority,169
E01026230,North Kesteven 010B,4,Social rented: Other social rented,39
E01026230,North Kesteven 010B,5,Private rented: Private landlord or letting agency,115
E01026230,North Kesteven 010B,6,Private rented: Other private rented,13
E01026230,North Kesteven 010B,7,Lives rent free,4
E01026231,North Kesteven 010C,-8,Does not apply,0
E01026231,North Kesteven 010C,0,Owned: Owns outright,439
E01026231,North Kesteven 010C,1,Owned: Owns with a mortgage or loan,423
E01026231,North Kesteven 010C,2,Shared ownership: Shared ownership,5
E01026231,North Kesteven 010C,3,Social rented: Rents from council or Local Authority,56
E01026231,North Kesteven 010C,4,Social rented: Other social rented,19
E01026231,North Kesteven 010C,5,Private rented: Private landlord or letting agency,199
E01026231,North Kesteven 010C,6,Private rented: Other private rented,28
E01026231,North Kesteven 010C,7,Lives rent free,1
E01026232,North Kesteven 010D,-8,Does not apply,0
E01026232,North Kesteven 010D,0,Owned: Owns outright,363
E01026232,North Kesteven 010D,1,Owned: Owns with a mortgage or loan,256
E01026232,North Kesteven 010D,2,Shared ownership: Shared ownership,2
E01026232,North Kesteven 010D,3,Social rented: Rents from council or Local Authority,102
E01026232,North Kesteven 010D,4,Social rented: Other social rented,80
E01026232,North Kesteven 010D,5,Private rented: Private landlord or letting agency,192
E01026232,North Kesteven 010D,6,Private rented: Other private rented,28
E01026232,North Kesteven 010D,7,Lives rent free,2
E01026233,North Kesteven 011C,-8,Does not apply,0
E01026233,North Kesteven 011C,0,Owned: Owns outright,313
E01026233,North Kesteven 011C,1,Owned: Owns with a mortgage or loan,271
E01026233,North Kesteven 011C,2,Shared ownership: Shared ownership,0
E01026233,North Kesteven 011C,3,Social rented: Rents from council or Local Authority,9
E01026233,North Kesteven 011C,4,Social rented: Other social rented,6
E01026233,North Kesteven 011C,5,Private rented: Private landlord or letting agency,107
E01026233,North Kesteven 011C,6,Private rented: Other private rented,14
E01026233,North Kesteven 011C,7,Lives rent free,0
E01026235,North Kesteven 010E,-8,Does not apply,0
E01026235,North Kesteven 010E,0,Owned: Owns outright,206
E01026235,North Kesteven 010E,1,Owned: Owns with a mortgage or loan,145
E01026235,North Kesteven 010E,2,Shared ownership: Shared ownership,12
E01026235,North Kesteven 010E,3,Social rented: Rents from council or Local Authority,166
E01026235,North Kesteven 010E,4,Social rented: Other social rented,68
E01026235,North Kesteven 010E,5,Private rented: Private landlord or letting agency,148
E01026235,North Kesteven 010E,6,Private rented: Other private rented,20
E01026235,North Kesteven 010E,7,Lives rent free,2
E01026236,North Kesteven 011E,-8,Does not apply,0
E01026236,North Kesteven 011E,0,Owned: Owns outright,274
E01026236,North Kesteven 011E,1,Owned: Owns with a mortgage or loan,140
E01026236,North Kesteven 011E,2,Shared ownership: Shared ownership,6
E01026236,North Kesteven 011E,3,Social rented: Rents from council or Local Authority,14
E01026236,North Kesteven 011E,4,Social rented: Other social rented,25
E01026236,North Kesteven 011E,5,Private rented: Private landlord or letting agency,70
E01026236,North Kesteven 011E,6,Private rented: Other private rented,9
E01026236,North Kesteven 011E,7,Lives rent free,0
E01026237,North Kesteven 004E,-8,Does not apply,0
E01026237,North Kesteven 004E,0,Owned: Owns outright,276
E01026237,North Kesteven 004E,1,Owned: Owns with a mortgage or loan,163
E01026237,North Kesteven 004E,2,Shared ownership: Shared ownership,3
E01026237,North Kesteven 004E,3,Social rented: Rents from council or Local Authority,3
E01026237,North Kesteven 004E,4,Social rented: Other social rented,6
E01026237,North Kesteven 004E,5,Private rented: Private landlord or letting agency,45
E01026237,North Kesteven 004E,6,Private rented: Other private rented,11
E01026237,North Kesteven 004E,7,Lives rent free,0
E01026238,North Kesteven 004F,-8,Does not apply,0
E01026238,North Kesteven 004F,0,Owned: Owns outright,236
E01026238,North Kesteven 004F,1,Owned: Owns with a mortgage or loan,258
E01026238,North Kesteven 004F,2,Shared ownership: Shared ownership,38
E01026238,North Kesteven 004F,3,Social rented: Rents from council or Local Authority,4
E01026238,North Kesteven 004F,4,Social rented: Other social rented,35
E01026238,North Kesteven 004F,5,Private rented: Private landlord or letting agency,55
E01026238,North Kesteven 004F,6,Private rented: Other private rented,5
E01026238,North Kesteven 004F,7,Lives rent free,0
E01026239,South Holland 011A,-8,Does not apply,0
E01026239,South Holland 011A,0,Owned: Owns outright,310
E01026239,South Holland 011A,1,Owned: Owns with a mortgage or loan,321
E01026239,South Holland 011A,2,Shared ownership: Shared ownership,11
E01026239,South Holland 011A,3,Social rented: Rents from council or Local Authority,50
E01026239,South Holland 011A,4,Social rented: Other social rented,38
E01026239,South Holland 011A,5,Private rented: Private landlord or letting agency,144
E01026239,South Holland 011A,6,Private rented: Other private rented,42
E01026239,South Holland 011A,7,Lives rent free,1
E01026240,South Holland 011B,-8,Does not apply,0
E01026240,South Holland 011B,0,Owned: Owns outright,450
E01026240,South Holland 011B,1,Owned: Owns with a mortgage or loan,433
E01026240,South Holland 011B,2,Shared ownership: Shared ownership,8
E01026240,South Holland 011B,3,Social rented: Rents from council or Local Authority,139
E01026240,South Holland 011B,4,Social rented: Other social rented,21
E01026240,South Holland 011B,5,Private rented: Private landlord or letting agency,74
E01026240,South Holland 011B,6,Private rented: Other private rented,14
E01026240,South Holland 011B,7,Lives rent free,1
E01026241,South Holland 005A,-8,Does not apply,0
E01026241,South Holland 005A,0,Owned: Owns outright,204
E01026241,South Holland 005A,1,Owned: Owns with a mortgage or loan,327
E01026241,South Holland 005A,2,Shared ownership: Shared ownership,1
E01026241,South Holland 005A,3,Social rented: Rents from council or Local Authority,119
E01026241,South Holland 005A,4,Social rented: Other social rented,1
E01026241,South Holland 005A,5,Private rented: Private landlord or letting agency,84
E01026241,South Holland 005A,6,Private rented: Other private rented,15
E01026241,South Holland 005A,7,Lives rent free,1
E01026242,South Holland 001A,-8,Does not apply,0
E01026242,South Holland 001A,0,Owned: Owns outright,359
E01026242,South Holland 001A,1,Owned: Owns with a mortgage or loan,253
E01026242,South Holland 001A,2,Shared ownership: Shared ownership,22
E01026242,South Holland 001A,3,Social rented: Rents from council or Local Authority,36
E01026242,South Holland 001A,4,Social rented: Other social rented,45
E01026242,South Holland 001A,5,Private rented: Private landlord or letting agency,50
E01026242,South Holland 001A,6,Private rented: Other private rented,14
E01026242,South Holland 001A,7,Lives rent free,1
E01026243,South Holland 001B,-8,Does not apply,0
E01026243,South Holland 001B,0,Owned: Owns outright,224
E01026243,South Holland 001B,1,Owned: Owns with a mortgage or loan,141
E01026243,South Holland 001B,2,Shared ownership: Shared ownership,3
E01026243,South Holland 001B,3,Social rented: Rents from council or Local Authority,130
E01026243,South Holland 001B,4,Social rented: Other social rented,25
E01026243,South Holland 001B,5,Private rented: Private landlord or letting agency,54
E01026243,South Holland 001B,6,Private rented: Other private rented,12
E01026243,South Holland 001B,7,Lives rent free,4
E01026244,South Holland 001C,-8,Does not apply,0
E01026244,South Holland 001C,0,Owned: Owns outright,284
E01026244,South Holland 001C,1,Owned: Owns with a mortgage or loan,175
E01026244,South Holland 001C,2,Shared ownership: Shared ownership,1
E01026244,South Holland 001C,3,Social rented: Rents from council or Local Authority,53
E01026244,South Holland 001C,4,Social rented: Other social rented,0
E01026244,South Holland 001C,5,Private rented: Private landlord or letting agency,29
E01026244,South Holland 001C,6,Private rented: Other private rented,13
E01026244,South Holland 001C,7,Lives rent free,0
E01026245,South Holland 010A,-8,Does not apply,0
E01026245,South Holland 010A,0,Owned: Owns outright,560
E01026245,South Holland 010A,1,Owned: Owns with a mortgage or loan,297
E01026245,South Holland 010A,2,Shared ownership: Shared ownership,14
E01026245,South Holland 010A,3,Social rented: Rents from council or Local Authority,45
E01026245,South Holland 010A,4,Social rented: Other social rented,2
E01026245,South Holland 010A,5,Private rented: Private landlord or letting agency,129
E01026245,South Holland 010A,6,Private rented: Other private rented,28
E01026245,South Holland 010A,7,Lives rent free,3
E01026246,South Holland 002A,-8,Does not apply,0
E01026246,South Holland 002A,0,Owned: Owns outright,477
E01026246,South Holland 002A,1,Owned: Owns with a mortgage or loan,268
E01026246,South Holland 002A,2,Shared ownership: Shared ownership,1
E01026246,South Holland 002A,3,Social rented: Rents from council or Local Authority,116
E01026246,South Holland 002A,4,Social rented: Other social rented,11
E01026246,South Holland 002A,5,Private rented: Private landlord or letting agency,79
E01026246,South Holland 002A,6,Private rented: Other private rented,29
E01026246,South Holland 002A,7,Lives rent free,0
E01026247,South Holland 001D,-8,Does not apply,0
E01026247,South Holland 001D,0,Owned: Owns outright,426
E01026247,South Holland 001D,1,Owned: Owns with a mortgage or loan,222
E01026247,South Holland 001D,2,Shared ownership: Shared ownership,3
E01026247,South Holland 001D,3,Social rented: Rents from council or Local Authority,71
E01026247,South Holland 001D,4,Social rented: Other social rented,12
E01026247,South Holland 001D,5,Private rented: Private landlord or letting agency,84
E01026247,South Holland 001D,6,Private rented: Other private rented,23
E01026247,South Holland 001D,7,Lives rent free,1
E01026248,South Holland 002B,-8,Does not apply,0
E01026248,South Holland 002B,0,Owned: Owns outright,406
E01026248,South Holland 002B,1,Owned: Owns with a mortgage or loan,289
E01026248,South Holland 002B,2,Shared ownership: Shared ownership,3
E01026248,South Holland 002B,3,Social rented: Rents from council or Local Authority,86
E01026248,South Holland 002B,4,Social rented: Other social rented,23
E01026248,South Holland 002B,5,Private rented: Private landlord or letting agency,109
E01026248,South Holland 002B,6,Private rented: Other private rented,28
E01026248,South Holland 002B,7,Lives rent free,0
E01026249,South Holland 010B,-8,Does not apply,0
E01026249,South Holland 010B,0,Owned: Owns outright,440
E01026249,South Holland 010B,1,Owned: Owns with a mortgage or loan,279
E01026249,South Holland 010B,2,Shared ownership: Shared ownership,7
E01026249,South Holland 010B,3,Social rented: Rents from council or Local Authority,39
E01026249,South Holland 010B,4,Social rented: Other social rented,5
E01026249,South Holland 010B,5,Private rented: Private landlord or letting agency,65
E01026249,South Holland 010B,6,Private rented: Other private rented,21
E01026249,South Holland 010B,7,Lives rent free,0
E01026250,South Holland 003A,-8,Does not apply,0
E01026250,South Holland 003A,0,Owned: Owns outright,233
E01026250,South Holland 003A,1,Owned: Owns with a mortgage or loan,201
E01026250,South Holland 003A,2,Shared ownership: Shared ownership,22
E01026250,South Holland 003A,3,Social rented: Rents from council or Local Authority,108
E01026250,South Holland 003A,4,Social rented: Other social rented,71
E01026250,South Holland 003A,5,Private rented: Private landlord or letting agency,338
E01026250,South Holland 003A,6,Private rented: Other private rented,27
E01026250,South Holland 003A,7,Lives rent free,3
E01026251,South Holland 003B,-8,Does not apply,0
E01026251,South Holland 003B,0,Owned: Owns outright,456
E01026251,South Holland 003B,1,Owned: Owns with a mortgage or loan,238
E01026251,South Holland 003B,2,Shared ownership: Shared ownership,8
E01026251,South Holland 003B,3,Social rented: Rents from council or Local Authority,16
E01026251,South Holland 003B,4,Social rented: Other social rented,18
E01026251,South Holland 003B,5,Private rented: Private landlord or letting agency,61
E01026251,South Holland 003B,6,Private rented: Other private rented,15
E01026251,South Holland 003B,7,Lives rent free,0
E01026252,South Holland 003C,-8,Does not apply,0
E01026252,South Holland 003C,0,Owned: Owns outright,375
E01026252,South Holland 003C,1,Owned: Owns with a mortgage or loan,218
E01026252,South Holland 003C,2,Shared ownership: Shared ownership,1
E01026252,South Holland 003C,3,Social rented: Rents from council or Local Authority,81
E01026252,South Holland 003C,4,Social rented: Other social rented,8
E01026252,South Holland 003C,5,Private rented: Private landlord or letting agency,122
E01026252,South Holland 003C,6,Private rented: Other private rented,20
E01026252,South Holland 003C,7,Lives rent free,1
E01026253,South Holland 003D,-8,Does not apply,0
E01026253,South Holland 003D,0,Owned: Owns outright,342
E01026253,South Holland 003D,1,Owned: Owns with a mortgage or loan,235
E01026253,South Holland 003D,2,Shared ownership: Shared ownership,4
E01026253,South Holland 003D,3,Social rented: Rents from council or Local Authority,134
E01026253,South Holland 003D,4,Social rented: Other social rented,51
E01026253,South Holland 003D,5,Private rented: Private landlord or letting agency,114
E01026253,South Holland 003D,6,Private rented: Other private rented,14
E01026253,South Holland 003D,7,Lives rent free,0
E01026254,South Holland 008A,-8,Does not apply,0
E01026254,South Holland 008A,0,Owned: Owns outright,373
E01026254,South Holland 008A,1,Owned: Owns with a mortgage or loan,184
E01026254,South Holland 008A,2,Shared ownership: Shared ownership,6
E01026254,South Holland 008A,3,Social rented: Rents from council or Local Authority,144
E01026254,South Holland 008A,4,Social rented: Other social rented,50
E01026254,South Holland 008A,5,Private rented: Private landlord or letting agency,76
E01026254,South Holland 008A,6,Private rented: Other private rented,23
E01026254,South Holland 008A,7,Lives rent free,3
E01026255,South Holland 008B,-8,Does not apply,0
E01026255,South Holland 008B,0,Owned: Owns outright,434
E01026255,South Holland 008B,1,Owned: Owns with a mortgage or loan,207
E01026255,South Holland 008B,2,Shared ownership: Shared ownership,8
E01026255,South Holland 008B,3,Social rented: Rents from council or Local Authority,12
E01026255,South Holland 008B,4,Social rented: Other social rented,25
E01026255,South Holland 008B,5,Private rented: Private landlord or letting agency,194
E01026255,South Holland 008B,6,Private rented: Other private rented,24
E01026255,South Holland 008B,7,Lives rent free,0
E01026256,South Holland 008C,-8,Does not apply,0
E01026256,South Holland 008C,0,Owned: Owns outright,317
E01026256,South Holland 008C,1,Owned: Owns with a mortgage or loan,193
E01026256,South Holland 008C,2,Shared ownership: Shared ownership,4
E01026256,South Holland 008C,3,Social rented: Rents from council or Local Authority,107
E01026256,South Holland 008C,4,Social rented: Other social rented,29
E01026256,South Holland 008C,5,Private rented: Private landlord or letting agency,61
E01026256,South Holland 008C,6,Private rented: Other private rented,12
E01026256,South Holland 008C,7,Lives rent free,3
E01026257,South Holland 002C,-8,Does not apply,0
E01026257,South Holland 002C,0,Owned: Owns outright,550
E01026257,South Holland 002C,1,Owned: Owns with a mortgage or loan,232
E01026257,South Holland 002C,2,Shared ownership: Shared ownership,11
E01026257,South Holland 002C,3,Social rented: Rents from council or Local Authority,29
E01026257,South Holland 002C,4,Social rented: Other social rented,56
E01026257,South Holland 002C,5,Private rented: Private landlord or letting agency,73
E01026257,South Holland 002C,6,Private rented: Other private rented,18
E01026257,South Holland 002C,7,Lives rent free,2
E01026258,South Holland 005B,-8,Does not apply,0
E01026258,South Holland 005B,0,Owned: Owns outright,493
E01026258,South Holland 005B,1,Owned: Owns with a mortgage or loan,321
E01026258,South Holland 005B,2,Shared ownership: Shared ownership,41
E01026258,South Holland 005B,3,Social rented: Rents from council or Local Authority,11
E01026258,South Holland 005B,4,Social rented: Other social rented,28
E01026258,South Holland 005B,5,Private rented: Private landlord or letting agency,67
E01026258,South Holland 005B,6,Private rented: Other private rented,16
E01026258,South Holland 005B,7,Lives rent free,0
E01026259,South Holland 005C,-8,Does not apply,0
E01026259,South Holland 005C,0,Owned: Owns outright,294
E01026259,South Holland 005C,1,Owned: Owns with a mortgage or loan,247
E01026259,South Holland 005C,2,Shared ownership: Shared ownership,0
E01026259,South Holland 005C,3,Social rented: Rents from council or Local Authority,92
E01026259,South Holland 005C,4,Social rented: Other social rented,10
E01026259,South Holland 005C,5,Private rented: Private landlord or letting agency,58
E01026259,South Holland 005C,6,Private rented: Other private rented,11
E01026259,South Holland 005C,7,Lives rent free,0
E01026260,South Holland 005D,-8,Does not apply,0
E01026260,South Holland 005D,0,Owned: Owns outright,328
E01026260,South Holland 005D,1,Owned: Owns with a mortgage or loan,229
E01026260,South Holland 005D,2,Shared ownership: Shared ownership,8
E01026260,South Holland 005D,3,Social rented: Rents from council or Local Authority,119
E01026260,South Holland 005D,4,Social rented: Other social rented,51
E01026260,South Holland 005D,5,Private rented: Private landlord or letting agency,103
E01026260,South Holland 005D,6,Private rented: Other private rented,17
E01026260,South Holland 005D,7,Lives rent free,7
E01026262,South Holland 009A,-8,Does not apply,0
E01026262,South Holland 009A,0,Owned: Owns outright,330
E01026262,South Holland 009A,1,Owned: Owns with a mortgage or loan,205
E01026262,South Holland 009A,2,Shared ownership: Shared ownership,1
E01026262,South Holland 009A,3,Social rented: Rents from council or Local Authority,12
E01026262,South Holland 009A,4,Social rented: Other social rented,3
E01026262,South Holland 009A,5,Private rented: Private landlord or letting agency,78
E01026262,South Holland 009A,6,Private rented: Other private rented,16
E01026262,South Holland 009A,7,Lives rent free,0
E01026263,South Holland 009B,-8,Does not apply,0
E01026263,South Holland 009B,0,Owned: Owns outright,301
E01026263,South Holland 009B,1,Owned: Owns with a mortgage or loan,374
E01026263,South Holland 009B,2,Shared ownership: Shared ownership,28
E01026263,South Holland 009B,3,Social rented: Rents from council or Local Authority,37
E01026263,South Holland 009B,4,Social rented: Other social rented,24
E01026263,South Holland 009B,5,Private rented: Private landlord or letting agency,189
E01026263,South Holland 009B,6,Private rented: Other private rented,18
E01026263,South Holland 009B,7,Lives rent free,1
E01026264,South Holland 009C,-8,Does not apply,0
E01026264,South Holland 009C,0,Owned: Owns outright,225
E01026264,South Holland 009C,1,Owned: Owns with a mortgage or loan,165
E01026264,South Holland 009C,2,Shared ownership: Shared ownership,4
E01026264,South Holland 009C,3,Social rented: Rents from council or Local Authority,67
E01026264,South Holland 009C,4,Social rented: Other social rented,10
E01026264,South Holland 009C,5,Private rented: Private landlord or letting agency,168
E01026264,South Holland 009C,6,Private rented: Other private rented,16
E01026264,South Holland 009C,7,Lives rent free,1
E01026265,South Holland 009D,-8,Does not apply,0
E01026265,South Holland 009D,0,Owned: Owns outright,242
E01026265,South Holland 009D,1,Owned: Owns with a mortgage or loan,159
E01026265,South Holland 009D,2,Shared ownership: Shared ownership,1
E01026265,South Holland 009D,3,Social rented: Rents from council or Local Authority,52
E01026265,South Holland 009D,4,Social rented: Other social rented,2
E01026265,South Holland 009D,5,Private rented: Private landlord or letting agency,68
E01026265,South Holland 009D,6,Private rented: Other private rented,11
E01026265,South Holland 009D,7,Lives rent free,0
E01026266,South Holland 006B,-8,Does not apply,0
E01026266,South Holland 006B,0,Owned: Owns outright,233
E01026266,South Holland 006B,1,Owned: Owns with a mortgage or loan,156
E01026266,South Holland 006B,2,Shared ownership: Shared ownership,22
E01026266,South Holland 006B,3,Social rented: Rents from council or Local Authority,13
E01026266,South Holland 006B,4,Social rented: Other social rented,67
E01026266,South Holland 006B,5,Private rented: Private landlord or letting agency,543
E01026266,South Holland 006B,6,Private rented: Other private rented,31
E01026266,South Holland 006B,7,Lives rent free,2
E01026268,South Holland 007A,-8,Does not apply,0
E01026268,South Holland 007A,0,Owned: Owns outright,254
E01026268,South Holland 007A,1,Owned: Owns with a mortgage or loan,175
E01026268,South Holland 007A,2,Shared ownership: Shared ownership,4
E01026268,South Holland 007A,3,Social rented: Rents from council or Local Authority,226
E01026268,South Holland 007A,4,Social rented: Other social rented,15
E01026268,South Holland 007A,5,Private rented: Private landlord or letting agency,184
E01026268,South Holland 007A,6,Private rented: Other private rented,16
E01026268,South Holland 007A,7,Lives rent free,3
E01026269,South Holland 007B,-8,Does not apply,0
E01026269,South Holland 007B,0,Owned: Owns outright,496
E01026269,South Holland 007B,1,Owned: Owns with a mortgage or loan,261
E01026269,South Holland 007B,2,Shared ownership: Shared ownership,1
E01026269,South Holland 007B,3,Social rented: Rents from council or Local Authority,21
E01026269,South Holland 007B,4,Social rented: Other social rented,8
E01026269,South Holland 007B,5,Private rented: Private landlord or letting agency,133
E01026269,South Holland 007B,6,Private rented: Other private rented,22
E01026269,South Holland 007B,7,Lives rent free,1
E01026270,South Holland 007C,-8,Does not apply,0
E01026270,South Holland 007C,0,Owned: Owns outright,174
E01026270,South Holland 007C,1,Owned: Owns with a mortgage or loan,152
E01026270,South Holland 007C,2,Shared ownership: Shared ownership,4
E01026270,South Holland 007C,3,Social rented: Rents from council or Local Authority,160
E01026270,South Holland 007C,4,Social rented: Other social rented,63
E01026270,South Holland 007C,5,Private rented: Private landlord or letting agency,159
E01026270,South Holland 007C,6,Private rented: Other private rented,15
E01026270,South Holland 007C,7,Lives rent free,0
E01026271,South Holland 007D,-8,Does not apply,0
E01026271,South Holland 007D,0,Owned: Owns outright,136
E01026271,South Holland 007D,1,Owned: Owns with a mortgage or loan,134
E01026271,South Holland 007D,2,Shared ownership: Shared ownership,4
E01026271,South Holland 007D,3,Social rented: Rents from council or Local Authority,285
E01026271,South Holland 007D,4,Social rented: Other social rented,26
E01026271,South Holland 007D,5,Private rented: Private landlord or letting agency,149
E01026271,South Holland 007D,6,Private rented: Other private rented,12
E01026271,South Holland 007D,7,Lives rent free,9
E01026272,South Holland 007E,-8,Does not apply,0
E01026272,South Holland 007E,0,Owned: Owns outright,228
E01026272,South Holland 007E,1,Owned: Owns with a mortgage or loan,151
E01026272,South Holland 007E,2,Shared ownership: Shared ownership,1
E01026272,South Holland 007E,3,Social rented: Rents from council or Local Authority,42
E01026272,South Holland 007E,4,Social rented: Other social rented,13
E01026272,South Holland 007E,5,Private rented: Private landlord or letting agency,153
E01026272,South Holland 007E,6,Private rented: Other private rented,10
E01026272,South Holland 007E,7,Lives rent free,2
E01026273,South Holland 006C,-8,Does not apply,0
E01026273,South Holland 006C,0,Owned: Owns outright,396
E01026273,South Holland 006C,1,Owned: Owns with a mortgage or loan,251
E01026273,South Holland 006C,2,Shared ownership: Shared ownership,2
E01026273,South Holland 006C,3,Social rented: Rents from council or Local Authority,6
E01026273,South Holland 006C,4,Social rented: Other social rented,10
E01026273,South Holland 006C,5,Private rented: Private landlord or letting agency,68
E01026273,South Holland 006C,6,Private rented: Other private rented,9
E01026273,South Holland 006C,7,Lives rent free,0
E01026275,South Holland 006E,-8,Does not apply,0
E01026275,South Holland 006E,0,Owned: Owns outright,262
E01026275,South Holland 006E,1,Owned: Owns with a mortgage or loan,412
E01026275,South Holland 006E,2,Shared ownership: Shared ownership,15
E01026275,South Holland 006E,3,Social rented: Rents from council or Local Authority,129
E01026275,South Holland 006E,4,Social rented: Other social rented,38
E01026275,South Holland 006E,5,Private rented: Private landlord or letting agency,239
E01026275,South Holland 006E,6,Private rented: Other private rented,16
E01026275,South Holland 006E,7,Lives rent free,4
E01026276,South Holland 001E,-8,Does not apply,0
E01026276,South Holland 001E,0,Owned: Owns outright,514
E01026276,South Holland 001E,1,Owned: Owns with a mortgage or loan,276
E01026276,South Holland 001E,2,Shared ownership: Shared ownership,4
E01026276,South Holland 001E,3,Social rented: Rents from council or Local Authority,76
E01026276,South Holland 001E,4,Social rented: Other social rented,6
E01026276,South Holland 001E,5,Private rented: Private landlord or letting agency,79
E01026276,South Holland 001E,6,Private rented: Other private rented,27
E01026276,South Holland 001E,7,Lives rent free,0
E01026277,South Holland 008D,-8,Does not apply,0
E01026277,South Holland 008D,0,Owned: Owns outright,159
E01026277,South Holland 008D,1,Owned: Owns with a mortgage or loan,171
E01026277,South Holland 008D,2,Shared ownership: Shared ownership,5
E01026277,South Holland 008D,3,Social rented: Rents from council or Local Authority,189
E01026277,South Holland 008D,4,Social rented: Other social rented,21
E01026277,South Holland 008D,5,Private rented: Private landlord or letting agency,160
E01026277,South Holland 008D,6,Private rented: Other private rented,12
E01026277,South Holland 008D,7,Lives rent free,3
E01026278,South Holland 008E,-8,Does not apply,0
E01026278,South Holland 008E,0,Owned: Owns outright,294
E01026278,South Holland 008E,1,Owned: Owns with a mortgage or loan,182
E01026278,South Holland 008E,2,Shared ownership: Shared ownership,1
E01026278,South Holland 008E,3,Social rented: Rents from council or Local Authority,7
E01026278,South Holland 008E,4,Social rented: Other social rented,13
E01026278,South Holland 008E,5,Private rented: Private landlord or letting agency,109
E01026278,South Holland 008E,6,Private rented: Other private rented,23
E01026278,South Holland 008E,7,Lives rent free,1
E01026279,South Holland 008F,-8,Does not apply,0
E01026279,South Holland 008F,0,Owned: Owns outright,286
E01026279,South Holland 008F,1,Owned: Owns with a mortgage or loan,172
E01026279,South Holland 008F,2,Shared ownership: Shared ownership,3
E01026279,South Holland 008F,3,Social rented: Rents from council or Local Authority,26
E01026279,South Holland 008F,4,Social rented: Other social rented,33
E01026279,South Holland 008F,5,Private rented: Private landlord or letting agency,88
E01026279,South Holland 008F,6,Private rented: Other private rented,12
E01026279,South Holland 008F,7,Lives rent free,0
E01026280,South Holland 010C,-8,Does not apply,0
E01026280,South Holland 010C,0,Owned: Owns outright,547
E01026280,South Holland 010C,1,Owned: Owns with a mortgage or loan,335
E01026280,South Holland 010C,2,Shared ownership: Shared ownership,1
E01026280,South Holland 010C,3,Social rented: Rents from council or Local Authority,102
E01026280,South Holland 010C,4,Social rented: Other social rented,19
E01026280,South Holland 010C,5,Private rented: Private landlord or letting agency,84
E01026280,South Holland 010C,6,Private rented: Other private rented,29
E01026280,South Holland 010C,7,Lives rent free,1
E01026281,South Holland 004A,-8,Does not apply,0
E01026281,South Holland 004A,0,Owned: Owns outright,311
E01026281,South Holland 004A,1,Owned: Owns with a mortgage or loan,186
E01026281,South Holland 004A,2,Shared ownership: Shared ownership,8
E01026281,South Holland 004A,3,Social rented: Rents from council or Local Authority,25
E01026281,South Holland 004A,4,Social rented: Other social rented,2
E01026281,South Holland 004A,5,Private rented: Private landlord or letting agency,38
E01026281,South Holland 004A,6,Private rented: Other private rented,15
E01026281,South Holland 004A,7,Lives rent free,0
E01026282,South Holland 004B,-8,Does not apply,0
E01026282,South Holland 004B,0,Owned: Owns outright,310
E01026282,South Holland 004B,1,Owned: Owns with a mortgage or loan,209
E01026282,South Holland 004B,2,Shared ownership: Shared ownership,10
E01026282,South Holland 004B,3,Social rented: Rents from council or Local Authority,145
E01026282,South Holland 004B,4,Social rented: Other social rented,17
E01026282,South Holland 004B,5,Private rented: Private landlord or letting agency,59
E01026282,South Holland 004B,6,Private rented: Other private rented,12
E01026282,South Holland 004B,7,Lives rent free,3
E01026283,South Holland 004C,-8,Does not apply,0
E01026283,South Holland 004C,0,Owned: Owns outright,403
E01026283,South Holland 004C,1,Owned: Owns with a mortgage or loan,215
E01026283,South Holland 004C,2,Shared ownership: Shared ownership,7
E01026283,South Holland 004C,3,Social rented: Rents from council or Local Authority,36
E01026283,South Holland 004C,4,Social rented: Other social rented,6
E01026283,South Holland 004C,5,Private rented: Private landlord or letting agency,62
E01026283,South Holland 004C,6,Private rented: Other private rented,21
E01026283,South Holland 004C,7,Lives rent free,0
E01026284,South Holland 011C,-8,Does not apply,0
E01026284,South Holland 011C,0,Owned: Owns outright,400
E01026284,South Holland 011C,1,Owned: Owns with a mortgage or loan,358
E01026284,South Holland 011C,2,Shared ownership: Shared ownership,18
E01026284,South Holland 011C,3,Social rented: Rents from council or Local Authority,74
E01026284,South Holland 011C,4,Social rented: Other social rented,30
E01026284,South Holland 011C,5,Private rented: Private landlord or letting agency,74
E01026284,South Holland 011C,6,Private rented: Other private rented,17
E01026284,South Holland 011C,7,Lives rent free,1
E01026285,South Holland 004D,-8,Does not apply,0
E01026285,South Holland 004D,0,Owned: Owns outright,326
E01026285,South Holland 004D,1,Owned: Owns with a mortgage or loan,178
E01026285,South Holland 004D,2,Shared ownership: Shared ownership,4
E01026285,South Holland 004D,3,Social rented: Rents from council or Local Authority,37
E01026285,South Holland 004D,4,Social rented: Other social rented,8
E01026285,South Holland 004D,5,Private rented: Private landlord or letting agency,48
E01026285,South Holland 004D,6,Private rented: Other private rented,17
E01026285,South Holland 004D,7,Lives rent free,2
E01026286,South Holland 004E,-8,Does not apply,0
E01026286,South Holland 004E,0,Owned: Owns outright,223
E01026286,South Holland 004E,1,Owned: Owns with a mortgage or loan,161
E01026286,South Holland 004E,2,Shared ownership: Shared ownership,5
E01026286,South Holland 004E,3,Social rented: Rents from council or Local Authority,45
E01026286,South Holland 004E,4,Social rented: Other social rented,30
E01026286,South Holland 004E,5,Private rented: Private landlord or letting agency,51
E01026286,South Holland 004E,6,Private rented: Other private rented,14
E01026286,South Holland 004E,7,Lives rent free,0
E01026287,South Kesteven 015A,-8,Does not apply,0
E01026287,South Kesteven 015A,0,Owned: Owns outright,253
E01026287,South Kesteven 015A,1,Owned: Owns with a mortgage or loan,145
E01026287,South Kesteven 015A,2,Shared ownership: Shared ownership,3
E01026287,South Kesteven 015A,3,Social rented: Rents from council or Local Authority,92
E01026287,South Kesteven 015A,4,Social rented: Other social rented,12
E01026287,South Kesteven 015A,5,Private rented: Private landlord or letting agency,89
E01026287,South Kesteven 015A,6,Private rented: Other private rented,17
E01026287,South Kesteven 015A,7,Lives rent free,1
E01026288,South Kesteven 015B,-8,Does not apply,0
E01026288,South Kesteven 015B,0,Owned: Owns outright,148
E01026288,South Kesteven 015B,1,Owned: Owns with a mortgage or loan,157
E01026288,South Kesteven 015B,2,Shared ownership: Shared ownership,22
E01026288,South Kesteven 015B,3,Social rented: Rents from council or Local Authority,296
E01026288,South Kesteven 015B,4,Social rented: Other social rented,24
E01026288,South Kesteven 015B,5,Private rented: Private landlord or letting agency,84
E01026288,South Kesteven 015B,6,Private rented: Other private rented,13
E01026288,South Kesteven 015B,7,Lives rent free,1
E01026289,South Kesteven 015C,-8,Does not apply,0
E01026289,South Kesteven 015C,0,Owned: Owns outright,337
E01026289,South Kesteven 015C,1,Owned: Owns with a mortgage or loan,328
E01026289,South Kesteven 015C,2,Shared ownership: Shared ownership,30
E01026289,South Kesteven 015C,3,Social rented: Rents from council or Local Authority,71
E01026289,South Kesteven 015C,4,Social rented: Other social rented,60
E01026289,South Kesteven 015C,5,Private rented: Private landlord or letting agency,152
E01026289,South Kesteven 015C,6,Private rented: Other private rented,17
E01026289,South Kesteven 015C,7,Lives rent free,1
E01026290,South Kesteven 008A,-8,Does not apply,0
E01026290,South Kesteven 008A,0,Owned: Owns outright,427
E01026290,South Kesteven 008A,1,Owned: Owns with a mortgage or loan,291
E01026290,South Kesteven 008A,2,Shared ownership: Shared ownership,3
E01026290,South Kesteven 008A,3,Social rented: Rents from council or Local Authority,99
E01026290,South Kesteven 008A,4,Social rented: Other social rented,9
E01026290,South Kesteven 008A,5,Private rented: Private landlord or letting agency,82
E01026290,South Kesteven 008A,6,Private rented: Other private rented,28
E01026290,South Kesteven 008A,7,Lives rent free,0
E01026291,South Kesteven 002A,-8,Does not apply,0
E01026291,South Kesteven 002A,0,Owned: Owns outright,441
E01026291,South Kesteven 002A,1,Owned: Owns with a mortgage or loan,284
E01026291,South Kesteven 002A,2,Shared ownership: Shared ownership,2
E01026291,South Kesteven 002A,3,Social rented: Rents from council or Local Authority,64
E01026291,South Kesteven 002A,4,Social rented: Other social rented,30
E01026291,South Kesteven 002A,5,Private rented: Private landlord or letting agency,60
E01026291,South Kesteven 002A,6,Private rented: Other private rented,10
E01026291,South Kesteven 002A,7,Lives rent free,0
E01026292,South Kesteven 007A,-8,Does not apply,0
E01026292,South Kesteven 007A,0,Owned: Owns outright,315
E01026292,South Kesteven 007A,1,Owned: Owns with a mortgage or loan,206
E01026292,South Kesteven 007A,2,Shared ownership: Shared ownership,0
E01026292,South Kesteven 007A,3,Social rented: Rents from council or Local Authority,1
E01026292,South Kesteven 007A,4,Social rented: Other social rented,3
E01026292,South Kesteven 007A,5,Private rented: Private landlord or letting agency,99
E01026292,South Kesteven 007A,6,Private rented: Other private rented,13
E01026292,South Kesteven 007A,7,Lives rent free,0
E01026293,South Kesteven 007B,-8,Does not apply,0
E01026293,South Kesteven 007B,0,Owned: Owns outright,318
E01026293,South Kesteven 007B,1,Owned: Owns with a mortgage or loan,310
E01026293,South Kesteven 007B,2,Shared ownership: Shared ownership,1
E01026293,South Kesteven 007B,3,Social rented: Rents from council or Local Authority,4
E01026293,South Kesteven 007B,4,Social rented: Other social rented,3
E01026293,South Kesteven 007B,5,Private rented: Private landlord or letting agency,186
E01026293,South Kesteven 007B,6,Private rented: Other private rented,44
E01026293,South Kesteven 007B,7,Lives rent free,0
E01026294,South Kesteven 007C,-8,Does not apply,0
E01026294,South Kesteven 007C,0,Owned: Owns outright,234
E01026294,South Kesteven 007C,1,Owned: Owns with a mortgage or loan,272
E01026294,South Kesteven 007C,2,Shared ownership: Shared ownership,4
E01026294,South Kesteven 007C,3,Social rented: Rents from council or Local Authority,4
E01026294,South Kesteven 007C,4,Social rented: Other social rented,13
E01026294,South Kesteven 007C,5,Private rented: Private landlord or letting agency,122
E01026294,South Kesteven 007C,6,Private rented: Other private rented,8
E01026294,South Kesteven 007C,7,Lives rent free,0
E01026296,South Kesteven 011B,-8,Does not apply,0
E01026296,South Kesteven 011B,0,Owned: Owns outright,387
E01026296,South Kesteven 011B,1,Owned: Owns with a mortgage or loan,182
E01026296,South Kesteven 011B,2,Shared ownership: Shared ownership,1
E01026296,South Kesteven 011B,3,Social rented: Rents from council or Local Authority,23
E01026296,South Kesteven 011B,4,Social rented: Other social rented,1
E01026296,South Kesteven 011B,5,Private rented: Private landlord or letting agency,50
E01026296,South Kesteven 011B,6,Private rented: Other private rented,15
E01026296,South Kesteven 011B,7,Lives rent free,0
E01026297,South Kesteven 011C,-8,Does not apply,0
E01026297,South Kesteven 011C,0,Owned: Owns outright,288
E01026297,South Kesteven 011C,1,Owned: Owns with a mortgage or loan,141
E01026297,South Kesteven 011C,2,Shared ownership: Shared ownership,15
E01026297,South Kesteven 011C,3,Social rented: Rents from council or Local Authority,117
E01026297,South Kesteven 011C,4,Social rented: Other social rented,28
E01026297,South Kesteven 011C,5,Private rented: Private landlord or letting agency,66
E01026297,South Kesteven 011C,6,Private rented: Other private rented,8
E01026297,South Kesteven 011C,7,Lives rent free,2
E01026298,South Kesteven 011D,-8,Does not apply,0
E01026298,South Kesteven 011D,0,Owned: Owns outright,235
E01026298,South Kesteven 011D,1,Owned: Owns with a mortgage or loan,246
E01026298,South Kesteven 011D,2,Shared ownership: Shared ownership,4
E01026298,South Kesteven 011D,3,Social rented: Rents from council or Local Authority,170
E01026298,South Kesteven 011D,4,Social rented: Other social rented,71
E01026298,South Kesteven 011D,5,Private rented: Private landlord or letting agency,293
E01026298,South Kesteven 011D,6,Private rented: Other private rented,26
E01026298,South Kesteven 011D,7,Lives rent free,3
E01026299,South Kesteven 010A,-8,Does not apply,0
E01026299,South Kesteven 010A,0,Owned: Owns outright,287
E01026299,South Kesteven 010A,1,Owned: Owns with a mortgage or loan,182
E01026299,South Kesteven 010A,2,Shared ownership: Shared ownership,6
E01026299,South Kesteven 010A,3,Social rented: Rents from council or Local Authority,104
E01026299,South Kesteven 010A,4,Social rented: Other social rented,21
E01026299,South Kesteven 010A,5,Private rented: Private landlord or letting agency,128
E01026299,South Kesteven 010A,6,Private rented: Other private rented,14
E01026299,South Kesteven 010A,7,Lives rent free,2
E01026300,South Kesteven 010B,-8,Does not apply,0
E01026300,South Kesteven 010B,0,Owned: Owns outright,387
E01026300,South Kesteven 010B,1,Owned: Owns with a mortgage or loan,197
E01026300,South Kesteven 010B,2,Shared ownership: Shared ownership,0
E01026300,South Kesteven 010B,3,Social rented: Rents from council or Local Authority,4
E01026300,South Kesteven 010B,4,Social rented: Other social rented,1
E01026300,South Kesteven 010B,5,Private rented: Private landlord or letting agency,40
E01026300,South Kesteven 010B,6,Private rented: Other private rented,7
E01026300,South Kesteven 010B,7,Lives rent free,0
E01026302,South Kesteven 010D,-8,Does not apply,0
E01026302,South Kesteven 010D,0,Owned: Owns outright,223
E01026302,South Kesteven 010D,1,Owned: Owns with a mortgage or loan,189
E01026302,South Kesteven 010D,2,Shared ownership: Shared ownership,4
E01026302,South Kesteven 010D,3,Social rented: Rents from council or Local Authority,6
E01026302,South Kesteven 010D,4,Social rented: Other social rented,1
E01026302,South Kesteven 010D,5,Private rented: Private landlord or letting agency,60
E01026302,South Kesteven 010D,6,Private rented: Other private rented,10
E01026302,South Kesteven 010D,7,Lives rent free,0
E01026303,South Kesteven 014A,-8,Does not apply,0
E01026303,South Kesteven 014A,0,Owned: Owns outright,235
E01026303,South Kesteven 014A,1,Owned: Owns with a mortgage or loan,213
E01026303,South Kesteven 014A,2,Shared ownership: Shared ownership,2
E01026303,South Kesteven 014A,3,Social rented: Rents from council or Local Authority,6
E01026303,South Kesteven 014A,4,Social rented: Other social rented,0
E01026303,South Kesteven 014A,5,Private rented: Private landlord or letting agency,61
E01026303,South Kesteven 014A,6,Private rented: Other private rented,8
E01026303,South Kesteven 014A,7,Lives rent free,0
E01026304,South Kesteven 014B,-8,Does not apply,0
E01026304,South Kesteven 014B,0,Owned: Owns outright,290
E01026304,South Kesteven 014B,1,Owned: Owns with a mortgage or loan,243
E01026304,South Kesteven 014B,2,Shared ownership: Shared ownership,4
E01026304,South Kesteven 014B,3,Social rented: Rents from council or Local Authority,4
E01026304,South Kesteven 014B,4,Social rented: Other social rented,6
E01026304,South Kesteven 014B,5,Private rented: Private landlord or letting agency,65
E01026304,South Kesteven 014B,6,Private rented: Other private rented,13
E01026304,South Kesteven 014B,7,Lives rent free,0
E01026305,South Kesteven 014C,-8,Does not apply,0
E01026305,South Kesteven 014C,0,Owned: Owns outright,229
E01026305,South Kesteven 014C,1,Owned: Owns with a mortgage or loan,231
E01026305,South Kesteven 014C,2,Shared ownership: Shared ownership,1
E01026305,South Kesteven 014C,3,Social rented: Rents from council or Local Authority,3
E01026305,South Kesteven 014C,4,Social rented: Other social rented,3
E01026305,South Kesteven 014C,5,Private rented: Private landlord or letting agency,131
E01026305,South Kesteven 014C,6,Private rented: Other private rented,10
E01026305,South Kesteven 014C,7,Lives rent free,0
E01026306,South Kesteven 014D,-8,Does not apply,0
E01026306,South Kesteven 014D,0,Owned: Owns outright,252
E01026306,South Kesteven 014D,1,Owned: Owns with a mortgage or loan,235
E01026306,South Kesteven 014D,2,Shared ownership: Shared ownership,35
E01026306,South Kesteven 014D,3,Social rented: Rents from council or Local Authority,113
E01026306,South Kesteven 014D,4,Social rented: Other social rented,86
E01026306,South Kesteven 014D,5,Private rented: Private landlord or letting agency,76
E01026306,South Kesteven 014D,6,Private rented: Other private rented,15
E01026306,South Kesteven 014D,7,Lives rent free,4
E01026307,South Kesteven 014E,-8,Does not apply,0
E01026307,South Kesteven 014E,0,Owned: Owns outright,261
E01026307,South Kesteven 014E,1,Owned: Owns with a mortgage or loan,190
E01026307,South Kesteven 014E,2,Shared ownership: Shared ownership,0
E01026307,South Kesteven 014E,3,Social rented: Rents from council or Local Authority,5
E01026307,South Kesteven 014E,4,Social rented: Other social rented,1
E01026307,South Kesteven 014E,5,Private rented: Private landlord or letting agency,87
E01026307,South Kesteven 014E,6,Private rented: Other private rented,12
E01026307,South Kesteven 014E,7,Lives rent free,0
E01026308,South Kesteven 005A,-8,Does not apply,0
E01026308,South Kesteven 005A,0,Owned: Owns outright,64
E01026308,South Kesteven 005A,1,Owned: Owns with a mortgage or loan,112
E01026308,South Kesteven 005A,2,Shared ownership: Shared ownership,1
E01026308,South Kesteven 005A,3,Social rented: Rents from council or Local Authority,344
E01026308,South Kesteven 005A,4,Social rented: Other social rented,45
E01026308,South Kesteven 005A,5,Private rented: Private landlord or letting agency,52
E01026308,South Kesteven 005A,6,Private rented: Other private rented,5
E01026308,South Kesteven 005A,7,Lives rent free,2
E01026309,South Kesteven 005B,-8,Does not apply,0
E01026309,South Kesteven 005B,0,Owned: Owns outright,270
E01026309,South Kesteven 005B,1,Owned: Owns with a mortgage or loan,226
E01026309,South Kesteven 005B,2,Shared ownership: Shared ownership,1
E01026309,South Kesteven 005B,3,Social rented: Rents from council or Local Authority,61
E01026309,South Kesteven 005B,4,Social rented: Other social rented,12
E01026309,South Kesteven 005B,5,Private rented: Private landlord or letting agency,137
E01026309,South Kesteven 005B,6,Private rented: Other private rented,17
E01026309,South Kesteven 005B,7,Lives rent free,2
E01026310,South Kesteven 005C,-8,Does not apply,0
E01026310,South Kesteven 005C,0,Owned: Owns outright,161
E01026310,South Kesteven 005C,1,Owned: Owns with a mortgage or loan,122
E01026310,South Kesteven 005C,2,Shared ownership: Shared ownership,2
E01026310,South Kesteven 005C,3,Social rented: Rents from council or Local Authority,106
E01026310,South Kesteven 005C,4,Social rented: Other social rented,7
E01026310,South Kesteven 005C,5,Private rented: Private landlord or letting agency,41
E01026310,South Kesteven 005C,6,Private rented: Other private rented,13
E01026310,South Kesteven 005C,7,Lives rent free,0
E01026311,South Kesteven 005D,-8,Does not apply,0
E01026311,South Kesteven 005D,0,Owned: Owns outright,134
E01026311,South Kesteven 005D,1,Owned: Owns with a mortgage or loan,186
E01026311,South Kesteven 005D,2,Shared ownership: Shared ownership,4
E01026311,South Kesteven 005D,3,Social rented: Rents from council or Local Authority,150
E01026311,South Kesteven 005D,4,Social rented: Other social rented,42
E01026311,South Kesteven 005D,5,Private rented: Private landlord or letting agency,153
E01026311,South Kesteven 005D,6,Private rented: Other private rented,6
E01026311,South Kesteven 005D,7,Lives rent free,4
E01026312,South Kesteven 005E,-8,Does not apply,0
E01026312,South Kesteven 005E,0,Owned: Owns outright,41
E01026312,South Kesteven 005E,1,Owned: Owns with a mortgage or loan,87
E01026312,South Kesteven 005E,2,Shared ownership: Shared ownership,4
E01026312,South Kesteven 005E,3,Social rented: Rents from council or Local Authority,243
E01026312,South Kesteven 005E,4,Social rented: Other social rented,37
E01026312,South Kesteven 005E,5,Private rented: Private landlord or letting agency,32
E01026312,South Kesteven 005E,6,Private rented: Other private rented,1
E01026312,South Kesteven 005E,7,Lives rent free,3
E01026313,South Kesteven 001A,-8,Does not apply,0
E01026313,South Kesteven 001A,0,Owned: Owns outright,295
E01026313,South Kesteven 001A,1,Owned: Owns with a mortgage or loan,205
E01026313,South Kesteven 001A,2,Shared ownership: Shared ownership,5
E01026313,South Kesteven 001A,3,Social rented: Rents from council or Local Authority,44
E01026313,South Kesteven 001A,4,Social rented: Other social rented,10
E01026313,South Kesteven 001A,5,Private rented: Private landlord or letting agency,54
E01026313,South Kesteven 001A,6,Private rented: Other private rented,16
E01026313,South Kesteven 001A,7,Lives rent free,0
E01026314,South Kesteven 001B,-8,Does not apply,0
E01026314,South Kesteven 001B,0,Owned: Owns outright,248
E01026314,South Kesteven 001B,1,Owned: Owns with a mortgage or loan,191
E01026314,South Kesteven 001B,2,Shared ownership: Shared ownership,3
E01026314,South Kesteven 001B,3,Social rented: Rents from council or Local Authority,49
E01026314,South Kesteven 001B,4,Social rented: Other social rented,18
E01026314,South Kesteven 001B,5,Private rented: Private landlord or letting agency,63
E01026314,South Kesteven 001B,6,Private rented: Other private rented,14
E01026314,South Kesteven 001B,7,Lives rent free,0
E01026315,South Kesteven 009A,-8,Does not apply,0
E01026315,South Kesteven 009A,0,Owned: Owns outright,332
E01026315,South Kesteven 009A,1,Owned: Owns with a mortgage or loan,215
E01026315,South Kesteven 009A,2,Shared ownership: Shared ownership,2
E01026315,South Kesteven 009A,3,Social rented: Rents from council or Local Authority,92
E01026315,South Kesteven 009A,4,Social rented: Other social rented,52
E01026315,South Kesteven 009A,5,Private rented: Private landlord or letting agency,243
E01026315,South Kesteven 009A,6,Private rented: Other private rented,28
E01026315,South Kesteven 009A,7,Lives rent free,0
E01026316,South Kesteven 007D,-8,Does not apply,0
E01026316,South Kesteven 007D,0,Owned: Owns outright,416
E01026316,South Kesteven 007D,1,Owned: Owns with a mortgage or loan,289
E01026316,South Kesteven 007D,2,Shared ownership: Shared ownership,4
E01026316,South Kesteven 007D,3,Social rented: Rents from council or Local Authority,69
E01026316,South Kesteven 007D,4,Social rented: Other social rented,48
E01026316,South Kesteven 007D,5,Private rented: Private landlord or letting agency,189
E01026316,South Kesteven 007D,6,Private rented: Other private rented,47
E01026316,South Kesteven 007D,7,Lives rent free,0
E01026317,South Kesteven 006A,-8,Does not apply,0
E01026317,South Kesteven 006A,0,Owned: Owns outright,184
E01026317,South Kesteven 006A,1,Owned: Owns with a mortgage or loan,244
E01026317,South Kesteven 006A,2,Shared ownership: Shared ownership,7
E01026317,South Kesteven 006A,3,Social rented: Rents from council or Local Authority,47
E01026317,South Kesteven 006A,4,Social rented: Other social rented,78
E01026317,South Kesteven 006A,5,Private rented: Private landlord or letting agency,528
E01026317,South Kesteven 006A,6,Private rented: Other private rented,29
E01026317,South Kesteven 006A,7,Lives rent free,0
E01026318,South Kesteven 006B,-8,Does not apply,0
E01026318,South Kesteven 006B,0,Owned: Owns outright,143
E01026318,South Kesteven 006B,1,Owned: Owns with a mortgage or loan,263
E01026318,South Kesteven 006B,2,Shared ownership: Shared ownership,29
E01026318,South Kesteven 006B,3,Social rented: Rents from council or Local Authority,62
E01026318,South Kesteven 006B,4,Social rented: Other social rented,127
E01026318,South Kesteven 006B,5,Private rented: Private landlord or letting agency,372
E01026318,South Kesteven 006B,6,Private rented: Other private rented,25
E01026318,South Kesteven 006B,7,Lives rent free,2
E01026319,South Kesteven 006C,-8,Does not apply,0
E01026319,South Kesteven 006C,0,Owned: Owns outright,390
E01026319,South Kesteven 006C,1,Owned: Owns with a mortgage or loan,388
E01026319,South Kesteven 006C,2,Shared ownership: Shared ownership,24
E01026319,South Kesteven 006C,3,Social rented: Rents from council or Local Authority,16
E01026319,South Kesteven 006C,4,Social rented: Other social rented,49
E01026319,South Kesteven 006C,5,Private rented: Private landlord or letting agency,224
E01026319,South Kesteven 006C,6,Private rented: Other private rented,19
E01026319,South Kesteven 006C,7,Lives rent free,1
E01026321,South Kesteven 004B,-8,Does not apply,0
E01026321,South Kesteven 004B,0,Owned: Owns outright,299
E01026321,South Kesteven 004B,1,Owned: Owns with a mortgage or loan,210
E01026321,South Kesteven 004B,2,Shared ownership: Shared ownership,7
E01026321,South Kesteven 004B,3,Social rented: Rents from council or Local Authority,0
E01026321,South Kesteven 004B,4,Social rented: Other social rented,8
E01026321,South Kesteven 004B,5,Private rented: Private landlord or letting agency,62
E01026321,South Kesteven 004B,6,Private rented: Other private rented,11
E01026321,South Kesteven 004B,7,Lives rent free,0
E01026322,South Kesteven 004C,-8,Does not apply,0
E01026322,South Kesteven 004C,0,Owned: Owns outright,254
E01026322,South Kesteven 004C,1,Owned: Owns with a mortgage or loan,193
E01026322,South Kesteven 004C,2,Shared ownership: Shared ownership,3
E01026322,South Kesteven 004C,3,Social rented: Rents from council or Local Authority,2
E01026322,South Kesteven 004C,4,Social rented: Other social rented,1
E01026322,South Kesteven 004C,5,Private rented: Private landlord or letting agency,118
E01026322,South Kesteven 004C,6,Private rented: Other private rented,19
E01026322,South Kesteven 004C,7,Lives rent free,0
E01026323,South Kesteven 004D,-8,Does not apply,0
E01026323,South Kesteven 004D,0,Owned: Owns outright,234
E01026323,South Kesteven 004D,1,Owned: Owns with a mortgage or loan,171
E01026323,South Kesteven 004D,2,Shared ownership: Shared ownership,2
E01026323,South Kesteven 004D,3,Social rented: Rents from council or Local Authority,166
E01026323,South Kesteven 004D,4,Social rented: Other social rented,83
E01026323,South Kesteven 004D,5,Private rented: Private landlord or letting agency,380
E01026323,South Kesteven 004D,6,Private rented: Other private rented,22
E01026323,South Kesteven 004D,7,Lives rent free,3
E01026324,South Kesteven 004E,-8,Does not apply,0
E01026324,South Kesteven 004E,0,Owned: Owns outright,402
E01026324,South Kesteven 004E,1,Owned: Owns with a mortgage or loan,336
E01026324,South Kesteven 004E,2,Shared ownership: Shared ownership,1
E01026324,South Kesteven 004E,3,Social rented: Rents from council or Local Authority,15
E01026324,South Kesteven 004E,4,Social rented: Other social rented,3
E01026324,South Kesteven 004E,5,Private rented: Private landlord or letting agency,106
E01026324,South Kesteven 004E,6,Private rented: Other private rented,15
E01026324,South Kesteven 004E,7,Lives rent free,1
E01026325,South Kesteven 003A,-8,Does not apply,0
E01026325,South Kesteven 003A,0,Owned: Owns outright,144
E01026325,South Kesteven 003A,1,Owned: Owns with a mortgage or loan,194
E01026325,South Kesteven 003A,2,Shared ownership: Shared ownership,3
E01026325,South Kesteven 003A,3,Social rented: Rents from council or Local Authority,208
E01026325,South Kesteven 003A,4,Social rented: Other social rented,14
E01026325,South Kesteven 003A,5,Private rented: Private landlord or letting agency,43
E01026325,South Kesteven 003A,6,Private rented: Other private rented,12
E01026325,South Kesteven 003A,7,Lives rent free,4
E01026326,South Kesteven 003B,-8,Does not apply,0
E01026326,South Kesteven 003B,0,Owned: Owns outright,285
E01026326,South Kesteven 003B,1,Owned: Owns with a mortgage or loan,183
E01026326,South Kesteven 003B,2,Shared ownership: Shared ownership,2
E01026326,South Kesteven 003B,3,Social rented: Rents from council or Local Authority,77
E01026326,South Kesteven 003B,4,Social rented: Other social rented,1
E01026326,South Kesteven 003B,5,Private rented: Private landlord or letting agency,70
E01026326,South Kesteven 003B,6,Private rented: Other private rented,7
E01026326,South Kesteven 003B,7,Lives rent free,0
E01026327,South Kesteven 003C,-8,Does not apply,0
E01026327,South Kesteven 003C,0,Owned: Owns outright,218
E01026327,South Kesteven 003C,1,Owned: Owns with a mortgage or loan,166
E01026327,South Kesteven 003C,2,Shared ownership: Shared ownership,2
E01026327,South Kesteven 003C,3,Social rented: Rents from council or Local Authority,158
E01026327,South Kesteven 003C,4,Social rented: Other social rented,9
E01026327,South Kesteven 003C,5,Private rented: Private landlord or letting agency,51
E01026327,South Kesteven 003C,6,Private rented: Other private rented,8
E01026327,South Kesteven 003C,7,Lives rent free,7
E01026328,South Kesteven 003D,-8,Does not apply,0
E01026328,South Kesteven 003D,0,Owned: Owns outright,105
E01026328,South Kesteven 003D,1,Owned: Owns with a mortgage or loan,146
E01026328,South Kesteven 003D,2,Shared ownership: Shared ownership,7
E01026328,South Kesteven 003D,3,Social rented: Rents from council or Local Authority,259
E01026328,South Kesteven 003D,4,Social rented: Other social rented,26
E01026328,South Kesteven 003D,5,Private rented: Private landlord or letting agency,39
E01026328,South Kesteven 003D,6,Private rented: Other private rented,8
E01026328,South Kesteven 003D,7,Lives rent free,6
E01026329,South Kesteven 001C,-8,Does not apply,0
E01026329,South Kesteven 001C,0,Owned: Owns outright,380
E01026329,South Kesteven 001C,1,Owned: Owns with a mortgage or loan,218
E01026329,South Kesteven 001C,2,Shared ownership: Shared ownership,3
E01026329,South Kesteven 001C,3,Social rented: Rents from council or Local Authority,63
E01026329,South Kesteven 001C,4,Social rented: Other social rented,11
E01026329,South Kesteven 001C,5,Private rented: Private landlord or letting agency,94
E01026329,South Kesteven 001C,6,Private rented: Other private rented,27
E01026329,South Kesteven 001C,7,Lives rent free,1
E01026330,South Kesteven 012A,-8,Does not apply,0
E01026330,South Kesteven 012A,0,Owned: Owns outright,407
E01026330,South Kesteven 012A,1,Owned: Owns with a mortgage or loan,306
E01026330,South Kesteven 012A,2,Shared ownership: Shared ownership,0
E01026330,South Kesteven 012A,3,Social rented: Rents from council or Local Authority,55
E01026330,South Kesteven 012A,4,Social rented: Other social rented,8
E01026330,South Kesteven 012A,5,Private rented: Private landlord or letting agency,75
E01026330,South Kesteven 012A,6,Private rented: Other private rented,16
E01026330,South Kesteven 012A,7,Lives rent free,1
E01026331,South Kesteven 009B,-8,Does not apply,0
E01026331,South Kesteven 009B,0,Owned: Owns outright,384
E01026331,South Kesteven 009B,1,Owned: Owns with a mortgage or loan,304
E01026331,South Kesteven 009B,2,Shared ownership: Shared ownership,12
E01026331,South Kesteven 009B,3,Social rented: Rents from council or Local Authority,116
E01026331,South Kesteven 009B,4,Social rented: Other social rented,71
E01026331,South Kesteven 009B,5,Private rented: Private landlord or letting agency,195
E01026331,South Kesteven 009B,6,Private rented: Other private rented,26
E01026331,South Kesteven 009B,7,Lives rent free,0
E01026332,South Kesteven 007E,-8,Does not apply,0
E01026332,South Kesteven 007E,0,Owned: Owns outright,446
E01026332,South Kesteven 007E,1,Owned: Owns with a mortgage or loan,285
E01026332,South Kesteven 007E,2,Shared ownership: Shared ownership,2
E01026332,South Kesteven 007E,3,Social rented: Rents from council or Local Authority,64
E01026332,South Kesteven 007E,4,Social rented: Other social rented,8
E01026332,South Kesteven 007E,5,Private rented: Private landlord or letting agency,106
E01026332,South Kesteven 007E,6,Private rented: Other private rented,25
E01026332,South Kesteven 007E,7,Lives rent free,4
E01026333,South Kesteven 001D,-8,Does not apply,0
E01026333,South Kesteven 001D,0,Owned: Owns outright,470
E01026333,South Kesteven 001D,1,Owned: Owns with a mortgage or loan,408
E01026333,South Kesteven 001D,2,Shared ownership: Shared ownership,6
E01026333,South Kesteven 001D,3,Social rented: Rents from council or Local Authority,68
E01026333,South Kesteven 001D,4,Social rented: Other social rented,13
E01026333,South Kesteven 001D,5,Private rented: Private landlord or letting agency,89
E01026333,South Kesteven 001D,6,Private rented: Other private rented,26
E01026333,South Kesteven 001D,7,Lives rent free,0
E01026334,South Kesteven 013A,-8,Does not apply,0
E01026334,South Kesteven 013A,0,Owned: Owns outright,312
E01026334,South Kesteven 013A,1,Owned: Owns with a mortgage or loan,242
E01026334,South Kesteven 013A,2,Shared ownership: Shared ownership,1
E01026334,South Kesteven 013A,3,Social rented: Rents from council or Local Authority,27
E01026334,South Kesteven 013A,4,Social rented: Other social rented,2
E01026334,South Kesteven 013A,5,Private rented: Private landlord or letting agency,44
E01026334,South Kesteven 013A,6,Private rented: Other private rented,8
E01026334,South Kesteven 013A,7,Lives rent free,2
E01026335,South Kesteven 013B,-8,Does not apply,0
E01026335,South Kesteven 013B,0,Owned: Owns outright,353
E01026335,South Kesteven 013B,1,Owned: Owns with a mortgage or loan,190
E01026335,South Kesteven 013B,2,Shared ownership: Shared ownership,2
E01026335,South Kesteven 013B,3,Social rented: Rents from council or Local Authority,31
E01026335,South Kesteven 013B,4,Social rented: Other social rented,8
E01026335,South Kesteven 013B,5,Private rented: Private landlord or letting agency,123
E01026335,South Kesteven 013B,6,Private rented: Other private rented,15
E01026335,South Kesteven 013B,7,Lives rent free,0
E01026336,South Kesteven 013C,-8,Does not apply,0
E01026336,South Kesteven 013C,0,Owned: Owns outright,257
E01026336,South Kesteven 013C,1,Owned: Owns with a mortgage or loan,198
E01026336,South Kesteven 013C,2,Shared ownership: Shared ownership,7
E01026336,South Kesteven 013C,3,Social rented: Rents from council or Local Authority,81
E01026336,South Kesteven 013C,4,Social rented: Other social rented,180
E01026336,South Kesteven 013C,5,Private rented: Private landlord or letting agency,73
E01026336,South Kesteven 013C,6,Private rented: Other private rented,9
E01026336,South Kesteven 013C,7,Lives rent free,2
E01026337,South Kesteven 013D,-8,Does not apply,0
E01026337,South Kesteven 013D,0,Owned: Owns outright,378
E01026337,South Kesteven 013D,1,Owned: Owns with a mortgage or loan,337
E01026337,South Kesteven 013D,2,Shared ownership: Shared ownership,17
E01026337,South Kesteven 013D,3,Social rented: Rents from council or Local Authority,45
E01026337,South Kesteven 013D,4,Social rented: Other social rented,70
E01026337,South Kesteven 013D,5,Private rented: Private landlord or letting agency,78
E01026337,South Kesteven 013D,6,Private rented: Other private rented,12
E01026337,South Kesteven 013D,7,Lives rent free,0
E01026338,South Kesteven 009C,-8,Does not apply,0
E01026338,South Kesteven 009C,0,Owned: Owns outright,241
E01026338,South Kesteven 009C,1,Owned: Owns with a mortgage or loan,171
E01026338,South Kesteven 009C,2,Shared ownership: Shared ownership,6
E01026338,South Kesteven 009C,3,Social rented: Rents from council or Local Authority,50
E01026338,South Kesteven 009C,4,Social rented: Other social rented,3
E01026338,South Kesteven 009C,5,Private rented: Private landlord or letting agency,52
E01026338,South Kesteven 009C,6,Private rented: Other private rented,15
E01026338,South Kesteven 009C,7,Lives rent free,2
E01026339,South Kesteven 009D,-8,Does not apply,0
E01026339,South Kesteven 009D,0,Owned: Owns outright,149
E01026339,South Kesteven 009D,1,Owned: Owns with a mortgage or loan,230
E01026339,South Kesteven 009D,2,Shared ownership: Shared ownership,9
E01026339,South Kesteven 009D,3,Social rented: Rents from council or Local Authority,34
E01026339,South Kesteven 009D,4,Social rented: Other social rented,57
E01026339,South Kesteven 009D,5,Private rented: Private landlord or letting agency,78
E01026339,South Kesteven 009D,6,Private rented: Other private rented,11
E01026339,South Kesteven 009D,7,Lives rent free,0
E01026340,South Kesteven 002B,-8,Does not apply,0
E01026340,South Kesteven 002B,0,Owned: Owns outright,375
E01026340,South Kesteven 002B,1,Owned: Owns with a mortgage or loan,269
E01026340,South Kesteven 002B,2,Shared ownership: Shared ownership,24
E01026340,South Kesteven 002B,3,Social rented: Rents from council or Local Authority,145
E01026340,South Kesteven 002B,4,Social rented: Other social rented,59
E01026340,South Kesteven 002B,5,Private rented: Private landlord or letting agency,103
E01026340,South Kesteven 002B,6,Private rented: Other private rented,25
E01026340,South Kesteven 002B,7,Lives rent free,5
E01026341,South Kesteven 008B,-8,Does not apply,0
E01026341,South Kesteven 008B,0,Owned: Owns outright,304
E01026341,South Kesteven 008B,1,Owned: Owns with a mortgage or loan,201
E01026341,South Kesteven 008B,2,Shared ownership: Shared ownership,4
E01026341,South Kesteven 008B,3,Social rented: Rents from council or Local Authority,75
E01026341,South Kesteven 008B,4,Social rented: Other social rented,16
E01026341,South Kesteven 008B,5,Private rented: Private landlord or letting agency,49
E01026341,South Kesteven 008B,6,Private rented: Other private rented,18
E01026341,South Kesteven 008B,7,Lives rent free,1
E01026342,South Kesteven 008C,-8,Does not apply,0
E01026342,South Kesteven 008C,0,Owned: Owns outright,218
E01026342,South Kesteven 008C,1,Owned: Owns with a mortgage or loan,249
E01026342,South Kesteven 008C,2,Shared ownership: Shared ownership,1
E01026342,South Kesteven 008C,3,Social rented: Rents from council or Local Authority,9
E01026342,South Kesteven 008C,4,Social rented: Other social rented,2
E01026342,South Kesteven 008C,5,Private rented: Private landlord or letting agency,87
E01026342,South Kesteven 008C,6,Private rented: Other private rented,19
E01026342,South Kesteven 008C,7,Lives rent free,0
E01026343,South Kesteven 006D,-8,Does not apply,0
E01026343,South Kesteven 006D,0,Owned: Owns outright,185
E01026343,South Kesteven 006D,1,Owned: Owns with a mortgage or loan,166
E01026343,South Kesteven 006D,2,Shared ownership: Shared ownership,6
E01026343,South Kesteven 006D,3,Social rented: Rents from council or Local Authority,43
E01026343,South Kesteven 006D,4,Social rented: Other social rented,82
E01026343,South Kesteven 006D,5,Private rented: Private landlord or letting agency,431
E01026343,South Kesteven 006D,6,Private rented: Other private rented,26
E01026343,South Kesteven 006D,7,Lives rent free,3
E01026344,South Kesteven 006E,-8,Does not apply,0
E01026344,South Kesteven 006E,0,Owned: Owns outright,187
E01026344,South Kesteven 006E,1,Owned: Owns with a mortgage or loan,219
E01026344,South Kesteven 006E,2,Shared ownership: Shared ownership,2
E01026344,South Kesteven 006E,3,Social rented: Rents from council or Local Authority,7
E01026344,South Kesteven 006E,4,Social rented: Other social rented,4
E01026344,South Kesteven 006E,5,Private rented: Private landlord or letting agency,232
E01026344,South Kesteven 006E,6,Private rented: Other private rented,15
E01026344,South Kesteven 006E,7,Lives rent free,1
E01026345,South Kesteven 006F,-8,Does not apply,0
E01026345,South Kesteven 006F,0,Owned: Owns outright,272
E01026345,South Kesteven 006F,1,Owned: Owns with a mortgage or loan,200
E01026345,South Kesteven 006F,2,Shared ownership: Shared ownership,2
E01026345,South Kesteven 006F,3,Social rented: Rents from council or Local Authority,139
E01026345,South Kesteven 006F,4,Social rented: Other social rented,7
E01026345,South Kesteven 006F,5,Private rented: Private landlord or letting agency,91
E01026345,South Kesteven 006F,6,Private rented: Other private rented,16
E01026345,South Kesteven 006F,7,Lives rent free,2
E01026346,South Kesteven 015D,-8,Does not apply,0
E01026346,South Kesteven 015D,0,Owned: Owns outright,199
E01026346,South Kesteven 015D,1,Owned: Owns with a mortgage or loan,168
E01026346,South Kesteven 015D,2,Shared ownership: Shared ownership,3
E01026346,South Kesteven 015D,3,Social rented: Rents from council or Local Authority,46
E01026346,South Kesteven 015D,4,Social rented: Other social rented,1
E01026346,South Kesteven 015D,5,Private rented: Private landlord or letting agency,86
E01026346,South Kesteven 015D,6,Private rented: Other private rented,10
E01026346,South Kesteven 015D,7,Lives rent free,3
E01026347,South Kesteven 015E,-8,Does not apply,0
E01026347,South Kesteven 015E,0,Owned: Owns outright,279
E01026347,South Kesteven 015E,1,Owned: Owns with a mortgage or loan,212
E01026347,South Kesteven 015E,2,Shared ownership: Shared ownership,10
E01026347,South Kesteven 015E,3,Social rented: Rents from council or Local Authority,107
E01026347,South Kesteven 015E,4,Social rented: Other social rented,25
E01026347,South Kesteven 015E,5,Private rented: Private landlord or letting agency,183
E01026347,South Kesteven 015E,6,Private rented: Other private rented,13
E01026347,South Kesteven 015E,7,Lives rent free,2
E01026348,South Kesteven 015F,-8,Does not apply,0
E01026348,South Kesteven 015F,0,Owned: Owns outright,134
E01026348,South Kesteven 015F,1,Owned: Owns with a mortgage or loan,154
E01026348,South Kesteven 015F,2,Shared ownership: Shared ownership,3
E01026348,South Kesteven 015F,3,Social rented: Rents from council or Local Authority,128
E01026348,South Kesteven 015F,4,Social rented: Other social rented,7
E01026348,South Kesteven 015F,5,Private rented: Private landlord or letting agency,37
E01026348,South Kesteven 015F,6,Private rented: Other private rented,20
E01026348,South Kesteven 015F,7,Lives rent free,2
E01026349,South Kesteven 016A,-8,Does not apply,0
E01026349,South Kesteven 016A,0,Owned: Owns outright,247
E01026349,South Kesteven 016A,1,Owned: Owns with a mortgage or loan,162
E01026349,South Kesteven 016A,2,Shared ownership: Shared ownership,4
E01026349,South Kesteven 016A,3,Social rented: Rents from council or Local Authority,200
E01026349,South Kesteven 016A,4,Social rented: Other social rented,17
E01026349,South Kesteven 016A,5,Private rented: Private landlord or letting agency,123
E01026349,South Kesteven 016A,6,Private rented: Other private rented,11
E01026349,South Kesteven 016A,7,Lives rent free,4
E01026350,South Kesteven 016B,-8,Does not apply,0
E01026350,South Kesteven 016B,0,Owned: Owns outright,384
E01026350,South Kesteven 016B,1,Owned: Owns with a mortgage or loan,132
E01026350,South Kesteven 016B,2,Shared ownership: Shared ownership,23
E01026350,South Kesteven 016B,3,Social rented: Rents from council or Local Authority,62
E01026350,South Kesteven 016B,4,Social rented: Other social rented,82
E01026350,South Kesteven 016B,5,Private rented: Private landlord or letting agency,276
E01026350,South Kesteven 016B,6,Private rented: Other private rented,32
E01026350,South Kesteven 016B,7,Lives rent free,0
E01026351,South Kesteven 016C,-8,Does not apply,0
E01026351,South Kesteven 016C,0,Owned: Owns outright,268
E01026351,South Kesteven 016C,1,Owned: Owns with a mortgage or loan,134
E01026351,South Kesteven 016C,2,Shared ownership: Shared ownership,4
E01026351,South Kesteven 016C,3,Social rented: Rents from council or Local Authority,50
E01026351,South Kesteven 016C,4,Social rented: Other social rented,43
E01026351,South Kesteven 016C,5,Private rented: Private landlord or letting agency,316
E01026351,South Kesteven 016C,6,Private rented: Other private rented,34
E01026351,South Kesteven 016C,7,Lives rent free,1
E01026352,South Kesteven 003E,-8,Does not apply,0
E01026352,South Kesteven 003E,0,Owned: Owns outright,335
E01026352,South Kesteven 003E,1,Owned: Owns with a mortgage or loan,174
E01026352,South Kesteven 003E,2,Shared ownership: Shared ownership,1
E01026352,South Kesteven 003E,3,Social rented: Rents from council or Local Authority,3
E01026352,South Kesteven 003E,4,Social rented: Other social rented,1
E01026352,South Kesteven 003E,5,Private rented: Private landlord or letting agency,37
E01026352,South Kesteven 003E,6,Private rented: Other private rented,12
E01026352,South Kesteven 003E,7,Lives rent free,0
E01026353,South Kesteven 003F,-8,Does not apply,0
E01026353,South Kesteven 003F,0,Owned: Owns outright,224
E01026353,South Kesteven 003F,1,Owned: Owns with a mortgage or loan,130
E01026353,South Kesteven 003F,2,Shared ownership: Shared ownership,3
E01026353,South Kesteven 003F,3,Social rented: Rents from council or Local Authority,98
E01026353,South Kesteven 003F,4,Social rented: Other social rented,84
E01026353,South Kesteven 003F,5,Private rented: Private landlord or letting agency,292
E01026353,South Kesteven 003F,6,Private rented: Other private rented,30
E01026353,South Kesteven 003F,7,Lives rent free,3
E01026354,South Kesteven 003G,-8,Does not apply,0
E01026354,South Kesteven 003G,0,Owned: Owns outright,286
E01026354,South Kesteven 003G,1,Owned: Owns with a mortgage or loan,154
E01026354,South Kesteven 003G,2,Shared ownership: Shared ownership,3
E01026354,South Kesteven 003G,3,Social rented: Rents from council or Local Authority,2
E01026354,South Kesteven 003G,4,Social rented: Other social rented,2
E01026354,South Kesteven 003G,5,Private rented: Private landlord or letting agency,34
E01026354,South Kesteven 003G,6,Private rented: Other private rented,7
E01026354,South Kesteven 003G,7,Lives rent free,0
E01026355,South Kesteven 002C,-8,Does not apply,0
E01026355,South Kesteven 002C,0,Owned: Owns outright,602
E01026355,South Kesteven 002C,1,Owned: Owns with a mortgage or loan,316
E01026355,South Kesteven 002C,2,Shared ownership: Shared ownership,3
E01026355,South Kesteven 002C,3,Social rented: Rents from council or Local Authority,42
E01026355,South Kesteven 002C,4,Social rented: Other social rented,14
E01026355,South Kesteven 002C,5,Private rented: Private landlord or letting agency,106
E01026355,South Kesteven 002C,6,Private rented: Other private rented,25
E01026355,South Kesteven 002C,7,Lives rent free,1
E01026356,South Kesteven 016D,-8,Does not apply,0
E01026356,South Kesteven 016D,0,Owned: Owns outright,209
E01026356,South Kesteven 016D,1,Owned: Owns with a mortgage or loan,245
E01026356,South Kesteven 016D,2,Shared ownership: Shared ownership,1
E01026356,South Kesteven 016D,3,Social rented: Rents from council or Local Authority,3
E01026356,South Kesteven 016D,4,Social rented: Other social rented,1
E01026356,South Kesteven 016D,5,Private rented: Private landlord or letting agency,121
E01026356,South Kesteven 016D,6,Private rented: Other private rented,8
E01026356,South Kesteven 016D,7,Lives rent free,0
E01026357,South Kesteven 016E,-8,Does not apply,0
E01026357,South Kesteven 016E,0,Owned: Owns outright,256
E01026357,South Kesteven 016E,1,Owned: Owns with a mortgage or loan,175
E01026357,South Kesteven 016E,2,Shared ownership: Shared ownership,6
E01026357,South Kesteven 016E,3,Social rented: Rents from council or Local Authority,25
E01026357,South Kesteven 016E,4,Social rented: Other social rented,8
E01026357,South Kesteven 016E,5,Private rented: Private landlord or letting agency,110
E01026357,South Kesteven 016E,6,Private rented: Other private rented,8
E01026357,South Kesteven 016E,7,Lives rent free,0
E01026358,South Kesteven 016F,-8,Does not apply,0
E01026358,South Kesteven 016F,0,Owned: Owns outright,318
E01026358,South Kesteven 016F,1,Owned: Owns with a mortgage or loan,205
E01026358,South Kesteven 016F,2,Shared ownership: Shared ownership,2
E01026358,South Kesteven 016F,3,Social rented: Rents from council or Local Authority,13
E01026358,South Kesteven 016F,4,Social rented: Other social rented,1
E01026358,South Kesteven 016F,5,Private rented: Private landlord or letting agency,82
E01026358,South Kesteven 016F,6,Private rented: Other private rented,4
E01026358,South Kesteven 016F,7,Lives rent free,0
E01026359,South Kesteven 016G,-8,Does not apply,0
E01026359,South Kesteven 016G,0,Owned: Owns outright,416
E01026359,South Kesteven 016G,1,Owned: Owns with a mortgage or loan,409
E01026359,South Kesteven 016G,2,Shared ownership: Shared ownership,44
E01026359,South Kesteven 016G,3,Social rented: Rents from council or Local Authority,8
E01026359,South Kesteven 016G,4,Social rented: Other social rented,74
E01026359,South Kesteven 016G,5,Private rented: Private landlord or letting agency,74
E01026359,South Kesteven 016G,6,Private rented: Other private rented,9
E01026359,South Kesteven 016G,7,Lives rent free,1
E01026360,South Kesteven 012B,-8,Does not apply,0
E01026360,South Kesteven 012B,0,Owned: Owns outright,441
E01026360,South Kesteven 012B,1,Owned: Owns with a mortgage or loan,300
E01026360,South Kesteven 012B,2,Shared ownership: Shared ownership,3
E01026360,South Kesteven 012B,3,Social rented: Rents from council or Local Authority,56
E01026360,South Kesteven 012B,4,Social rented: Other social rented,17
E01026360,South Kesteven 012B,5,Private rented: Private landlord or letting agency,82
E01026360,South Kesteven 012B,6,Private rented: Other private rented,16
E01026360,South Kesteven 012B,7,Lives rent free,0
E01026361,South Kesteven 008D,-8,Does not apply,0
E01026361,South Kesteven 008D,0,Owned: Owns outright,466
E01026361,South Kesteven 008D,1,Owned: Owns with a mortgage or loan,350
E01026361,South Kesteven 008D,2,Shared ownership: Shared ownership,15
E01026361,South Kesteven 008D,3,Social rented: Rents from council or Local Authority,117
E01026361,South Kesteven 008D,4,Social rented: Other social rented,37
E01026361,South Kesteven 008D,5,Private rented: Private landlord or letting agency,166
E01026361,South Kesteven 008D,6,Private rented: Other private rented,29
E01026361,South Kesteven 008D,7,Lives rent free,1
E01026362,South Kesteven 012C,-8,Does not apply,0
E01026362,South Kesteven 012C,0,Owned: Owns outright,310
E01026362,South Kesteven 012C,1,Owned: Owns with a mortgage or loan,295
E01026362,South Kesteven 012C,2,Shared ownership: Shared ownership,1
E01026362,South Kesteven 012C,3,Social rented: Rents from council or Local Authority,9
E01026362,South Kesteven 012C,4,Social rented: Other social rented,10
E01026362,South Kesteven 012C,5,Private rented: Private landlord or letting agency,61
E01026362,South Kesteven 012C,6,Private rented: Other private rented,7
E01026362,South Kesteven 012C,7,Lives rent free,0
E01026363,South Kesteven 012D,-8,Does not apply,0
E01026363,South Kesteven 012D,0,Owned: Owns outright,554
E01026363,South Kesteven 012D,1,Owned: Owns with a mortgage or loan,176
E01026363,South Kesteven 012D,2,Shared ownership: Shared ownership,8
E01026363,South Kesteven 012D,3,Social rented: Rents from council or Local Authority,23
E01026363,South Kesteven 012D,4,Social rented: Other social rented,4
E01026363,South Kesteven 012D,5,Private rented: Private landlord or letting agency,72
E01026363,South Kesteven 012D,6,Private rented: Other private rented,24
E01026363,South Kesteven 012D,7,Lives rent free,0
E01026364,South Kesteven 012E,-8,Does not apply,0
E01026364,South Kesteven 012E,0,Owned: Owns outright,419
E01026364,South Kesteven 012E,1,Owned: Owns with a mortgage or loan,258
E01026364,South Kesteven 012E,2,Shared ownership: Shared ownership,12
E01026364,South Kesteven 012E,3,Social rented: Rents from council or Local Authority,42
E01026364,South Kesteven 012E,4,Social rented: Other social rented,14
E01026364,South Kesteven 012E,5,Private rented: Private landlord or letting agency,54
E01026364,South Kesteven 012E,6,Private rented: Other private rented,15
E01026364,South Kesteven 012E,7,Lives rent free,0
E01026365,South Kesteven 002D,-8,Does not apply,0
E01026365,South Kesteven 002D,0,Owned: Owns outright,607
E01026365,South Kesteven 002D,1,Owned: Owns with a mortgage or loan,283
E01026365,South Kesteven 002D,2,Shared ownership: Shared ownership,3
E01026365,South Kesteven 002D,3,Social rented: Rents from council or Local Authority,40
E01026365,South Kesteven 002D,4,Social rented: Other social rented,6
E01026365,South Kesteven 002D,5,Private rented: Private landlord or letting agency,58
E01026365,South Kesteven 002D,6,Private rented: Other private rented,27
E01026365,South Kesteven 002D,7,Lives rent free,0
E01026366,West Lindsey 011A,-8,Does not apply,0
E01026366,West Lindsey 011A,0,Owned: Owns outright,419
E01026366,West Lindsey 011A,1,Owned: Owns with a mortgage or loan,334
E01026366,West Lindsey 011A,2,Shared ownership: Shared ownership,25
E01026366,West Lindsey 011A,3,Social rented: Rents from council or Local Authority,24
E01026366,West Lindsey 011A,4,Social rented: Other social rented,144
E01026366,West Lindsey 011A,5,Private rented: Private landlord or letting agency,93
E01026366,West Lindsey 011A,6,Private rented: Other private rented,31
E01026366,West Lindsey 011A,7,Lives rent free,0
E01026367,West Lindsey 001A,-8,Does not apply,0
E01026367,West Lindsey 001A,0,Owned: Owns outright,270
E01026367,West Lindsey 001A,1,Owned: Owns with a mortgage or loan,139
E01026367,West Lindsey 001A,2,Shared ownership: Shared ownership,0
E01026367,West Lindsey 001A,3,Social rented: Rents from council or Local Authority,39
E01026367,West Lindsey 001A,4,Social rented: Other social rented,123
E01026367,West Lindsey 001A,5,Private rented: Private landlord or letting agency,193
E01026367,West Lindsey 001A,6,Private rented: Other private rented,37
E01026367,West Lindsey 001A,7,Lives rent free,0
E01026368,West Lindsey 001B,-8,Does not apply,0
E01026368,West Lindsey 001B,0,Owned: Owns outright,362
E01026368,West Lindsey 001B,1,Owned: Owns with a mortgage or loan,294
E01026368,West Lindsey 001B,2,Shared ownership: Shared ownership,9
E01026368,West Lindsey 001B,3,Social rented: Rents from council or Local Authority,15
E01026368,West Lindsey 001B,4,Social rented: Other social rented,46
E01026368,West Lindsey 001B,5,Private rented: Private landlord or letting agency,99
E01026368,West Lindsey 001B,6,Private rented: Other private rented,18
E01026368,West Lindsey 001B,7,Lives rent free,0
E01026369,West Lindsey 011B,-8,Does not apply,0
E01026369,West Lindsey 011B,0,Owned: Owns outright,233
E01026369,West Lindsey 011B,1,Owned: Owns with a mortgage or loan,175
E01026369,West Lindsey 011B,2,Shared ownership: Shared ownership,4
E01026369,West Lindsey 011B,3,Social rented: Rents from council or Local Authority,13
E01026369,West Lindsey 011B,4,Social rented: Other social rented,79
E01026369,West Lindsey 011B,5,Private rented: Private landlord or letting agency,70
E01026369,West Lindsey 011B,6,Private rented: Other private rented,19
E01026369,West Lindsey 011B,7,Lives rent free,0
E01026370,West Lindsey 011C,-8,Does not apply,0
E01026370,West Lindsey 011C,0,Owned: Owns outright,527
E01026370,West Lindsey 011C,1,Owned: Owns with a mortgage or loan,423
E01026370,West Lindsey 011C,2,Shared ownership: Shared ownership,7
E01026370,West Lindsey 011C,3,Social rented: Rents from council or Local Authority,7
E01026370,West Lindsey 011C,4,Social rented: Other social rented,30
E01026370,West Lindsey 011C,5,Private rented: Private landlord or letting agency,141
E01026370,West Lindsey 011C,6,Private rented: Other private rented,17
E01026370,West Lindsey 011C,7,Lives rent free,2
E01026371,West Lindsey 011D,-8,Does not apply,0
E01026371,West Lindsey 011D,0,Owned: Owns outright,297
E01026371,West Lindsey 011D,1,Owned: Owns with a mortgage or loan,186
E01026371,West Lindsey 011D,2,Shared ownership: Shared ownership,2
E01026371,West Lindsey 011D,3,Social rented: Rents from council or Local Authority,1
E01026371,West Lindsey 011D,4,Social rented: Other social rented,6
E01026371,West Lindsey 011D,5,Private rented: Private landlord or letting agency,32
E01026371,West Lindsey 011D,6,Private rented: Other private rented,5
E01026371,West Lindsey 011D,7,Lives rent free,0
E01026372,West Lindsey 008A,-8,Does not apply,0
E01026372,West Lindsey 008A,0,Owned: Owns outright,519
E01026372,West Lindsey 008A,1,Owned: Owns with a mortgage or loan,343
E01026372,West Lindsey 008A,2,Shared ownership: Shared ownership,22
E01026372,West Lindsey 008A,3,Social rented: Rents from council or Local Authority,22
E01026372,West Lindsey 008A,4,Social rented: Other social rented,67
E01026372,West Lindsey 008A,5,Private rented: Private landlord or letting agency,79
E01026372,West Lindsey 008A,6,Private rented: Other private rented,28
E01026372,West Lindsey 008A,7,Lives rent free,1
E01026373,West Lindsey 011E,-8,Does not apply,0
E01026373,West Lindsey 011E,0,Owned: Owns outright,447
E01026373,West Lindsey 011E,1,Owned: Owns with a mortgage or loan,311
E01026373,West Lindsey 011E,2,Shared ownership: Shared ownership,8
E01026373,West Lindsey 011E,3,Social rented: Rents from council or Local Authority,17
E01026373,West Lindsey 011E,4,Social rented: Other social rented,62
E01026373,West Lindsey 011E,5,Private rented: Private landlord or letting agency,77
E01026373,West Lindsey 011E,6,Private rented: Other private rented,20
E01026373,West Lindsey 011E,7,Lives rent free,0
E01026374,West Lindsey 006A,-8,Does not apply,0
E01026374,West Lindsey 006A,0,Owned: Owns outright,82
E01026374,West Lindsey 006A,1,Owned: Owns with a mortgage or loan,86
E01026374,West Lindsey 006A,2,Shared ownership: Shared ownership,2
E01026374,West Lindsey 006A,3,Social rented: Rents from council or Local Authority,165
E01026374,West Lindsey 006A,4,Social rented: Other social rented,219
E01026374,West Lindsey 006A,5,Private rented: Private landlord or letting agency,54
E01026374,West Lindsey 006A,6,Private rented: Other private rented,7
E01026374,West Lindsey 006A,7,Lives rent free,2
E01026375,West Lindsey 006B,-8,Does not apply,0
E01026375,West Lindsey 006B,0,Owned: Owns outright,189
E01026375,West Lindsey 006B,1,Owned: Owns with a mortgage or loan,179
E01026375,West Lindsey 006B,2,Shared ownership: Shared ownership,10
E01026375,West Lindsey 006B,3,Social rented: Rents from council or Local Authority,101
E01026375,West Lindsey 006B,4,Social rented: Other social rented,201
E01026375,West Lindsey 006B,5,Private rented: Private landlord or letting agency,154
E01026375,West Lindsey 006B,6,Private rented: Other private rented,12
E01026375,West Lindsey 006B,7,Lives rent free,0
E01026376,West Lindsey 006C,-8,Does not apply,0
E01026376,West Lindsey 006C,0,Owned: Owns outright,226
E01026376,West Lindsey 006C,1,Owned: Owns with a mortgage or loan,124
E01026376,West Lindsey 006C,2,Shared ownership: Shared ownership,3
E01026376,West Lindsey 006C,3,Social rented: Rents from council or Local Authority,114
E01026376,West Lindsey 006C,4,Social rented: Other social rented,200
E01026376,West Lindsey 006C,5,Private rented: Private landlord or letting agency,77
E01026376,West Lindsey 006C,6,Private rented: Other private rented,15
E01026376,West Lindsey 006C,7,Lives rent free,0
E01026377,West Lindsey 006D,-8,Does not apply,0
E01026377,West Lindsey 006D,0,Owned: Owns outright,238
E01026377,West Lindsey 006D,1,Owned: Owns with a mortgage or loan,290
E01026377,West Lindsey 006D,2,Shared ownership: Shared ownership,18
E01026377,West Lindsey 006D,3,Social rented: Rents from council or Local Authority,105
E01026377,West Lindsey 006D,4,Social rented: Other social rented,148
E01026377,West Lindsey 006D,5,Private rented: Private landlord or letting agency,100
E01026377,West Lindsey 006D,6,Private rented: Other private rented,15
E01026377,West Lindsey 006D,7,Lives rent free,3
E01026378,West Lindsey 004A,-8,Does not apply,0
E01026378,West Lindsey 004A,0,Owned: Owns outright,219
E01026378,West Lindsey 004A,1,Owned: Owns with a mortgage or loan,162
E01026378,West Lindsey 004A,2,Shared ownership: Shared ownership,1
E01026378,West Lindsey 004A,3,Social rented: Rents from council or Local Authority,29
E01026378,West Lindsey 004A,4,Social rented: Other social rented,78
E01026378,West Lindsey 004A,5,Private rented: Private landlord or letting agency,236
E01026378,West Lindsey 004A,6,Private rented: Other private rented,10
E01026378,West Lindsey 004A,7,Lives rent free,3
E01026379,West Lindsey 004B,-8,Does not apply,0
E01026379,West Lindsey 004B,0,Owned: Owns outright,291
E01026379,West Lindsey 004B,1,Owned: Owns with a mortgage or loan,212
E01026379,West Lindsey 004B,2,Shared ownership: Shared ownership,2
E01026379,West Lindsey 004B,3,Social rented: Rents from council or Local Authority,13
E01026379,West Lindsey 004B,4,Social rented: Other social rented,53
E01026379,West Lindsey 004B,5,Private rented: Private landlord or letting agency,233
E01026379,West Lindsey 004B,6,Private rented: Other private rented,21
E01026379,West Lindsey 004B,7,Lives rent free,1
E01026380,West Lindsey 002A,-8,Does not apply,0
E01026380,West Lindsey 002A,0,Owned: Owns outright,339
E01026380,West Lindsey 002A,1,Owned: Owns with a mortgage or loan,440
E01026380,West Lindsey 002A,2,Shared ownership: Shared ownership,1
E01026380,West Lindsey 002A,3,Social rented: Rents from council or Local Authority,33
E01026380,West Lindsey 002A,4,Social rented: Other social rented,59
E01026380,West Lindsey 002A,5,Private rented: Private landlord or letting agency,189
E01026380,West Lindsey 002A,6,Private rented: Other private rented,16
E01026380,West Lindsey 002A,7,Lives rent free,0
E01026381,West Lindsey 004C,-8,Does not apply,0
E01026381,West Lindsey 004C,0,Owned: Owns outright,252
E01026381,West Lindsey 004C,1,Owned: Owns with a mortgage or loan,189
E01026381,West Lindsey 004C,2,Shared ownership: Shared ownership,18
E01026381,West Lindsey 004C,3,Social rented: Rents from council or Local Authority,33
E01026381,West Lindsey 004C,4,Social rented: Other social rented,174
E01026381,West Lindsey 004C,5,Private rented: Private landlord or letting agency,197
E01026381,West Lindsey 004C,6,Private rented: Other private rented,14
E01026381,West Lindsey 004C,7,Lives rent free,0
E01026382,West Lindsey 004D,-8,Does not apply,0
E01026382,West Lindsey 004D,0,Owned: Owns outright,260
E01026382,West Lindsey 004D,1,Owned: Owns with a mortgage or loan,225
E01026382,West Lindsey 004D,2,Shared ownership: Shared ownership,4
E01026382,West Lindsey 004D,3,Social rented: Rents from council or Local Authority,10
E01026382,West Lindsey 004D,4,Social rented: Other social rented,41
E01026382,West Lindsey 004D,5,Private rented: Private landlord or letting agency,225
E01026382,West Lindsey 004D,6,Private rented: Other private rented,21
E01026382,West Lindsey 004D,7,Lives rent free,1
E01026383,West Lindsey 004E,-8,Does not apply,0
E01026383,West Lindsey 004E,0,Owned: Owns outright,143
E01026383,West Lindsey 004E,1,Owned: Owns with a mortgage or loan,75
E01026383,West Lindsey 004E,2,Shared ownership: Shared ownership,3
E01026383,West Lindsey 004E,3,Social rented: Rents from council or Local Authority,13
E01026383,West Lindsey 004E,4,Social rented: Other social rented,51
E01026383,West Lindsey 004E,5,Private rented: Private landlord or letting agency,429
E01026383,West Lindsey 004E,6,Private rented: Other private rented,20
E01026383,West Lindsey 004E,7,Lives rent free,0
E01026384,West Lindsey 004F,-8,Does not apply,0
E01026384,West Lindsey 004F,0,Owned: Owns outright,222
E01026384,West Lindsey 004F,1,Owned: Owns with a mortgage or loan,180
E01026384,West Lindsey 004F,2,Shared ownership: Shared ownership,8
E01026384,West Lindsey 004F,3,Social rented: Rents from council or Local Authority,29
E01026384,West Lindsey 004F,4,Social rented: Other social rented,160
E01026384,West Lindsey 004F,5,Private rented: Private landlord or letting agency,477
E01026384,West Lindsey 004F,6,Private rented: Other private rented,26
E01026384,West Lindsey 004F,7,Lives rent free,0
E01026385,West Lindsey 005A,-8,Does not apply,0
E01026385,West Lindsey 005A,0,Owned: Owns outright,252
E01026385,West Lindsey 005A,1,Owned: Owns with a mortgage or loan,115
E01026385,West Lindsey 005A,2,Shared ownership: Shared ownership,4
E01026385,West Lindsey 005A,3,Social rented: Rents from council or Local Authority,7
E01026385,West Lindsey 005A,4,Social rented: Other social rented,21
E01026385,West Lindsey 005A,5,Private rented: Private landlord or letting agency,81
E01026385,West Lindsey 005A,6,Private rented: Other private rented,16
E01026385,West Lindsey 005A,7,Lives rent free,0
E01026386,West Lindsey 005B,-8,Does not apply,0
E01026386,West Lindsey 005B,0,Owned: Owns outright,149
E01026386,West Lindsey 005B,1,Owned: Owns with a mortgage or loan,130
E01026386,West Lindsey 005B,2,Shared ownership: Shared ownership,1
E01026386,West Lindsey 005B,3,Social rented: Rents from council or Local Authority,8
E01026386,West Lindsey 005B,4,Social rented: Other social rented,15
E01026386,West Lindsey 005B,5,Private rented: Private landlord or letting agency,200
E01026386,West Lindsey 005B,6,Private rented: Other private rented,32
E01026386,West Lindsey 005B,7,Lives rent free,0
E01026387,West Lindsey 001C,-8,Does not apply,0
E01026387,West Lindsey 001C,0,Owned: Owns outright,587
E01026387,West Lindsey 001C,1,Owned: Owns with a mortgage or loan,346
E01026387,West Lindsey 001C,2,Shared ownership: Shared ownership,3
E01026387,West Lindsey 001C,3,Social rented: Rents from council or Local Authority,14
E01026387,West Lindsey 001C,4,Social rented: Other social rented,62
E01026387,West Lindsey 001C,5,Private rented: Private landlord or letting agency,92
E01026387,West Lindsey 001C,6,Private rented: Other private rented,38
E01026387,West Lindsey 001C,7,Lives rent free,2
E01026388,West Lindsey 007A,-8,Does not apply,0
E01026388,West Lindsey 007A,0,Owned: Owns outright,535
E01026388,West Lindsey 007A,1,Owned: Owns with a mortgage or loan,289
E01026388,West Lindsey 007A,2,Shared ownership: Shared ownership,5
E01026388,West Lindsey 007A,3,Social rented: Rents from council or Local Authority,3
E01026388,West Lindsey 007A,4,Social rented: Other social rented,34
E01026388,West Lindsey 007A,5,Private rented: Private landlord or letting agency,80
E01026388,West Lindsey 007A,6,Private rented: Other private rented,18
E01026388,West Lindsey 007A,7,Lives rent free,0
E01026389,West Lindsey 003A,-8,Does not apply,0
E01026389,West Lindsey 003A,0,Owned: Owns outright,334
E01026389,West Lindsey 003A,1,Owned: Owns with a mortgage or loan,220
E01026389,West Lindsey 003A,2,Shared ownership: Shared ownership,4
E01026389,West Lindsey 003A,3,Social rented: Rents from council or Local Authority,8
E01026389,West Lindsey 003A,4,Social rented: Other social rented,38
E01026389,West Lindsey 003A,5,Private rented: Private landlord or letting agency,279
E01026389,West Lindsey 003A,6,Private rented: Other private rented,27
E01026389,West Lindsey 003A,7,Lives rent free,0
E01026390,West Lindsey 003B,-8,Does not apply,0
E01026390,West Lindsey 003B,0,Owned: Owns outright,329
E01026390,West Lindsey 003B,1,Owned: Owns with a mortgage or loan,175
E01026390,West Lindsey 003B,2,Shared ownership: Shared ownership,8
E01026390,West Lindsey 003B,3,Social rented: Rents from council or Local Authority,50
E01026390,West Lindsey 003B,4,Social rented: Other social rented,168
E01026390,West Lindsey 003B,5,Private rented: Private landlord or letting agency,130
E01026390,West Lindsey 003B,6,Private rented: Other private rented,15
E01026390,West Lindsey 003B,7,Lives rent free,2
E01026391,West Lindsey 003C,-8,Does not apply,0
E01026391,West Lindsey 003C,0,Owned: Owns outright,478
E01026391,West Lindsey 003C,1,Owned: Owns with a mortgage or loan,226
E01026391,West Lindsey 003C,2,Shared ownership: Shared ownership,13
E01026391,West Lindsey 003C,3,Social rented: Rents from council or Local Authority,8
E01026391,West Lindsey 003C,4,Social rented: Other social rented,36
E01026391,West Lindsey 003C,5,Private rented: Private landlord or letting agency,109
E01026391,West Lindsey 003C,6,Private rented: Other private rented,25
E01026391,West Lindsey 003C,7,Lives rent free,2
E01026392,West Lindsey 003D,-8,Does not apply,0
E01026392,West Lindsey 003D,0,Owned: Owns outright,673
E01026392,West Lindsey 003D,1,Owned: Owns with a mortgage or loan,391
E01026392,West Lindsey 003D,2,Shared ownership: Shared ownership,8
E01026392,West Lindsey 003D,3,Social rented: Rents from council or Local Authority,18
E01026392,West Lindsey 003D,4,Social rented: Other social rented,75
E01026392,West Lindsey 003D,5,Private rented: Private landlord or letting agency,142
E01026392,West Lindsey 003D,6,Private rented: Other private rented,31
E01026392,West Lindsey 003D,7,Lives rent free,0
E01026393,West Lindsey 010A,-8,Does not apply,0
E01026393,West Lindsey 010A,0,Owned: Owns outright,413
E01026393,West Lindsey 010A,1,Owned: Owns with a mortgage or loan,201
E01026393,West Lindsey 010A,2,Shared ownership: Shared ownership,7
E01026393,West Lindsey 010A,3,Social rented: Rents from council or Local Authority,0
E01026393,West Lindsey 010A,4,Social rented: Other social rented,9
E01026393,West Lindsey 010A,5,Private rented: Private landlord or letting agency,40
E01026393,West Lindsey 010A,6,Private rented: Other private rented,18
E01026393,West Lindsey 010A,7,Lives rent free,0
E01026394,West Lindsey 010B,-8,Does not apply,0
E01026394,West Lindsey 010B,0,Owned: Owns outright,325
E01026394,West Lindsey 010B,1,Owned: Owns with a mortgage or loan,403
E01026394,West Lindsey 010B,2,Shared ownership: Shared ownership,5
E01026394,West Lindsey 010B,3,Social rented: Rents from council or Local Authority,18
E01026394,West Lindsey 010B,4,Social rented: Other social rented,60
E01026394,West Lindsey 010B,5,Private rented: Private landlord or letting agency,158
E01026394,West Lindsey 010B,6,Private rented: Other private rented,23
E01026394,West Lindsey 010B,7,Lives rent free,1
E01026395,West Lindsey 010C,-8,Does not apply,0
E01026395,West Lindsey 010C,0,Owned: Owns outright,419
E01026395,West Lindsey 010C,1,Owned: Owns with a mortgage or loan,169
E01026395,West Lindsey 010C,2,Shared ownership: Shared ownership,16
E01026395,West Lindsey 010C,3,Social rented: Rents from council or Local Authority,6
E01026395,West Lindsey 010C,4,Social rented: Other social rented,65
E01026395,West Lindsey 010C,5,Private rented: Private landlord or letting agency,65
E01026395,West Lindsey 010C,6,Private rented: Other private rented,12
E01026395,West Lindsey 010C,7,Lives rent free,0
E01026396,West Lindsey 009A,-8,Does not apply,0
E01026396,West Lindsey 009A,0,Owned: Owns outright,383
E01026396,West Lindsey 009A,1,Owned: Owns with a mortgage or loan,156
E01026396,West Lindsey 009A,2,Shared ownership: Shared ownership,23
E01026396,West Lindsey 009A,3,Social rented: Rents from council or Local Authority,3
E01026396,West Lindsey 009A,4,Social rented: Other social rented,26
E01026396,West Lindsey 009A,5,Private rented: Private landlord or letting agency,37
E01026396,West Lindsey 009A,6,Private rented: Other private rented,11
E01026396,West Lindsey 009A,7,Lives rent free,0
E01026398,West Lindsey 009C,-8,Does not apply,0
E01026398,West Lindsey 009C,0,Owned: Owns outright,289
E01026398,West Lindsey 009C,1,Owned: Owns with a mortgage or loan,199
E01026398,West Lindsey 009C,2,Shared ownership: Shared ownership,25
E01026398,West Lindsey 009C,3,Social rented: Rents from council or Local Authority,31
E01026398,West Lindsey 009C,4,Social rented: Other social rented,127
E01026398,West Lindsey 009C,5,Private rented: Private landlord or letting agency,95
E01026398,West Lindsey 009C,6,Private rented: Other private rented,17
E01026398,West Lindsey 009C,7,Lives rent free,1
E01026399,West Lindsey 005C,-8,Does not apply,0
E01026399,West Lindsey 005C,0,Owned: Owns outright,249
E01026399,West Lindsey 005C,1,Owned: Owns with a mortgage or loan,247
E01026399,West Lindsey 005C,2,Shared ownership: Shared ownership,2
E01026399,West Lindsey 005C,3,Social rented: Rents from council or Local Authority,12
E01026399,West Lindsey 005C,4,Social rented: Other social rented,45
E01026399,West Lindsey 005C,5,Private rented: Private landlord or letting agency,79
E01026399,West Lindsey 005C,6,Private rented: Other private rented,19
E01026399,West Lindsey 005C,7,Lives rent free,0
E01026400,West Lindsey 009D,-8,Does not apply,0
E01026400,West Lindsey 009D,0,Owned: Owns outright,140
E01026400,West Lindsey 009D,1,Owned: Owns with a mortgage or loan,260
E01026400,West Lindsey 009D,2,Shared ownership: Shared ownership,0
E01026400,West Lindsey 009D,3,Social rented: Rents from council or Local Authority,1
E01026400,West Lindsey 009D,4,Social rented: Other social rented,7
E01026400,West Lindsey 009D,5,Private rented: Private landlord or letting agency,105
E01026400,West Lindsey 009D,6,Private rented: Other private rented,95
E01026400,West Lindsey 009D,7,Lives rent free,0
E01026401,West Lindsey 002B,-8,Does not apply,0
E01026401,West Lindsey 002B,0,Owned: Owns outright,363
E01026401,West Lindsey 002B,1,Owned: Owns with a mortgage or loan,221
E01026401,West Lindsey 002B,2,Shared ownership: Shared ownership,0
E01026401,West Lindsey 002B,3,Social rented: Rents from council or Local Authority,3
E01026401,West Lindsey 002B,4,Social rented: Other social rented,4
E01026401,West Lindsey 002B,5,Private rented: Private landlord or letting agency,48
E01026401,West Lindsey 002B,6,Private rented: Other private rented,14
E01026401,West Lindsey 002B,7,Lives rent free,0
E01026402,West Lindsey 002C,-8,Does not apply,0
E01026402,West Lindsey 002C,0,Owned: Owns outright,404
E01026402,West Lindsey 002C,1,Owned: Owns with a mortgage or loan,273
E01026402,West Lindsey 002C,2,Shared ownership: Shared ownership,10
E01026402,West Lindsey 002C,3,Social rented: Rents from council or Local Authority,11
E01026402,West Lindsey 002C,4,Social rented: Other social rented,20
E01026402,West Lindsey 002C,5,Private rented: Private landlord or letting agency,119
E01026402,West Lindsey 002C,6,Private rented: Other private rented,17
E01026402,West Lindsey 002C,7,Lives rent free,0
E01026403,West Lindsey 002D,-8,Does not apply,0
E01026403,West Lindsey 002D,0,Owned: Owns outright,262
E01026403,West Lindsey 002D,1,Owned: Owns with a mortgage or loan,191
E01026403,West Lindsey 002D,2,Shared ownership: Shared ownership,6
E01026403,West Lindsey 002D,3,Social rented: Rents from council or Local Authority,17
E01026403,West Lindsey 002D,4,Social rented: Other social rented,34
E01026403,West Lindsey 002D,5,Private rented: Private landlord or letting agency,32
E01026403,West Lindsey 002D,6,Private rented: Other private rented,14
E01026403,West Lindsey 002D,7,Lives rent free,0
E01026404,West Lindsey 007B,-8,Does not apply,0
E01026404,West Lindsey 007B,0,Owned: Owns outright,470
E01026404,West Lindsey 007B,1,Owned: Owns with a mortgage or loan,366
E01026404,West Lindsey 007B,2,Shared ownership: Shared ownership,2
E01026404,West Lindsey 007B,3,Social rented: Rents from council or Local Authority,26
E01026404,West Lindsey 007B,4,Social rented: Other social rented,69
E01026404,West Lindsey 007B,5,Private rented: Private landlord or letting agency,99
E01026404,West Lindsey 007B,6,Private rented: Other private rented,27
E01026404,West Lindsey 007B,7,Lives rent free,0
E01026405,West Lindsey 010D,-8,Does not apply,0
E01026405,West Lindsey 010D,0,Owned: Owns outright,267
E01026405,West Lindsey 010D,1,Owned: Owns with a mortgage or loan,233
E01026405,West Lindsey 010D,2,Shared ownership: Shared ownership,11
E01026405,West Lindsey 010D,3,Social rented: Rents from council or Local Authority,14
E01026405,West Lindsey 010D,4,Social rented: Other social rented,27
E01026405,West Lindsey 010D,5,Private rented: Private landlord or letting agency,38
E01026405,West Lindsey 010D,6,Private rented: Other private rented,17
E01026405,West Lindsey 010D,7,Lives rent free,0
E01026406,West Lindsey 010E,-8,Does not apply,0
E01026406,West Lindsey 010E,0,Owned: Owns outright,292
E01026406,West Lindsey 010E,1,Owned: Owns with a mortgage or loan,187
E01026406,West Lindsey 010E,2,Shared ownership: Shared ownership,0
E01026406,West Lindsey 010E,3,Social rented: Rents from council or Local Authority,1
E01026406,West Lindsey 010E,4,Social rented: Other social rented,2
E01026406,West Lindsey 010E,5,Private rented: Private landlord or letting agency,20
E01026406,West Lindsey 010E,6,Private rented: Other private rented,12
E01026406,West Lindsey 010E,7,Lives rent free,0
E01026407,West Lindsey 002E,-8,Does not apply,0
E01026407,West Lindsey 002E,0,Owned: Owns outright,224
E01026407,West Lindsey 002E,1,Owned: Owns with a mortgage or loan,210
E01026407,West Lindsey 002E,2,Shared ownership: Shared ownership,2
E01026407,West Lindsey 002E,3,Social rented: Rents from council or Local Authority,24
E01026407,West Lindsey 002E,4,Social rented: Other social rented,43
E01026407,West Lindsey 002E,5,Private rented: Private landlord or letting agency,76
E01026407,West Lindsey 002E,6,Private rented: Other private rented,16
E01026407,West Lindsey 002E,7,Lives rent free,0
E01026408,West Lindsey 002F,-8,Does not apply,0
E01026408,West Lindsey 002F,0,Owned: Owns outright,287
E01026408,West Lindsey 002F,1,Owned: Owns with a mortgage or loan,159
E01026408,West Lindsey 002F,2,Shared ownership: Shared ownership,10
E01026408,West Lindsey 002F,3,Social rented: Rents from council or Local Authority,17
E01026408,West Lindsey 002F,4,Social rented: Other social rented,48
E01026408,West Lindsey 002F,5,Private rented: Private landlord or letting agency,64
E01026408,West Lindsey 002F,6,Private rented: Other private rented,10
E01026408,West Lindsey 002F,7,Lives rent free,0
E01026409,West Lindsey 007C,-8,Does not apply,0
E01026409,West Lindsey 007C,0,Owned: Owns outright,257
E01026409,West Lindsey 007C,1,Owned: Owns with a mortgage or loan,202
E01026409,West Lindsey 007C,2,Shared ownership: Shared ownership,1
E01026409,West Lindsey 007C,3,Social rented: Rents from council or Local Authority,10
E01026409,West Lindsey 007C,4,Social rented: Other social rented,25
E01026409,West Lindsey 007C,5,Private rented: Private landlord or letting agency,41
E01026409,West Lindsey 007C,6,Private rented: Other private rented,28
E01026409,West Lindsey 007C,7,Lives rent free,0
E01026410,West Lindsey 007D,-8,Does not apply,0
E01026410,West Lindsey 007D,0,Owned: Owns outright,528
E01026410,West Lindsey 007D,1,Owned: Owns with a mortgage or loan,138
E01026410,West Lindsey 007D,2,Shared ownership: Shared ownership,2
E01026410,West Lindsey 007D,3,Social rented: Rents from council or Local Authority,13
E01026410,West Lindsey 007D,4,Social rented: Other social rented,37
E01026410,West Lindsey 007D,5,Private rented: Private landlord or letting agency,45
E01026410,West Lindsey 007D,6,Private rented: Other private rented,20
E01026410,West Lindsey 007D,7,Lives rent free,0
E01026411,West Lindsey 005D,-8,Does not apply,0
E01026411,West Lindsey 005D,0,Owned: Owns outright,513
E01026411,West Lindsey 005D,1,Owned: Owns with a mortgage or loan,313
E01026411,West Lindsey 005D,2,Shared ownership: Shared ownership,3
E01026411,West Lindsey 005D,3,Social rented: Rents from council or Local Authority,17
E01026411,West Lindsey 005D,4,Social rented: Other social rented,58
E01026411,West Lindsey 005D,5,Private rented: Private landlord or letting agency,151
E01026411,West Lindsey 005D,6,Private rented: Other private rented,47
E01026411,West Lindsey 005D,7,Lives rent free,0
E01026412,West Lindsey 008B,-8,Does not apply,0
E01026412,West Lindsey 008B,0,Owned: Owns outright,381
E01026412,West Lindsey 008B,1,Owned: Owns with a mortgage or loan,258
E01026412,West Lindsey 008B,2,Shared ownership: Shared ownership,20
E01026412,West Lindsey 008B,3,Social rented: Rents from council or Local Authority,22
E01026412,West Lindsey 008B,4,Social rented: Other social rented,70
E01026412,West Lindsey 008B,5,Private rented: Private landlord or letting agency,74
E01026412,West Lindsey 008B,6,Private rented: Other private rented,21
E01026412,West Lindsey 008B,7,Lives rent free,0
E01026413,West Lindsey 008C,-8,Does not apply,0
E01026413,West Lindsey 008C,0,Owned: Owns outright,465
E01026413,West Lindsey 008C,1,Owned: Owns with a mortgage or loan,305
E01026413,West Lindsey 008C,2,Shared ownership: Shared ownership,7
E01026413,West Lindsey 008C,3,Social rented: Rents from council or Local Authority,2
E01026413,West Lindsey 008C,4,Social rented: Other social rented,30
E01026413,West Lindsey 008C,5,Private rented: Private landlord or letting agency,70
E01026413,West Lindsey 008C,6,Private rented: Other private rented,14
E01026413,West Lindsey 008C,7,Lives rent free,0
E01026414,West Lindsey 008D,-8,Does not apply,0
E01026414,West Lindsey 008D,0,Owned: Owns outright,326
E01026414,West Lindsey 008D,1,Owned: Owns with a mortgage or loan,276
E01026414,West Lindsey 008D,2,Shared ownership: Shared ownership,16
E01026414,West Lindsey 008D,3,Social rented: Rents from council or Local Authority,6
E01026414,West Lindsey 008D,4,Social rented: Other social rented,33
E01026414,West Lindsey 008D,5,Private rented: Private landlord or letting agency,129
E01026414,West Lindsey 008D,6,Private rented: Other private rented,27
E01026414,West Lindsey 008D,7,Lives rent free,0
E01026415,West Lindsey 003E,-8,Does not apply,0
E01026415,West Lindsey 003E,0,Owned: Owns outright,190
E01026415,West Lindsey 003E,1,Owned: Owns with a mortgage or loan,129
E01026415,West Lindsey 003E,2,Shared ownership: Shared ownership,3
E01026415,West Lindsey 003E,3,Social rented: Rents from council or Local Authority,3
E01026415,West Lindsey 003E,4,Social rented: Other social rented,9
E01026415,West Lindsey 003E,5,Private rented: Private landlord or letting agency,138
E01026415,West Lindsey 003E,6,Private rented: Other private rented,22
E01026415,West Lindsey 003E,7,Lives rent free,0
E01026416,West Lindsey 001D,-8,Does not apply,0
E01026416,West Lindsey 001D,0,Owned: Owns outright,221
E01026416,West Lindsey 001D,1,Owned: Owns with a mortgage or loan,129
E01026416,West Lindsey 001D,2,Shared ownership: Shared ownership,8
E01026416,West Lindsey 001D,3,Social rented: Rents from council or Local Authority,20
E01026416,West Lindsey 001D,4,Social rented: Other social rented,62
E01026416,West Lindsey 001D,5,Private rented: Private landlord or letting agency,114
E01026416,West Lindsey 001D,6,Private rented: Other private rented,17
E01026416,West Lindsey 001D,7,Lives rent free,0
E01032683,West Lindsey 001G,-8,Does not apply,0
E01032683,West Lindsey 001G,0,Owned: Owns outright,488
E01032683,West Lindsey 001G,1,Owned: Owns with a mortgage or loan,282
E01032683,West Lindsey 001G,2,Shared ownership: Shared ownership,5
E01032683,West Lindsey 001G,3,Social rented: Rents from council or Local Authority,13
E01032683,West Lindsey 001G,4,Social rented: Other social rented,74
E01032683,West Lindsey 001G,5,Private rented: Private landlord or letting agency,140
E01032683,West Lindsey 001G,6,Private rented: Other private rented,28
E01032683,West Lindsey 001G,7,Lives rent free,1
E01032986,East Lindsey 004D,-8,Does not apply,0
E01032986,East Lindsey 004D,0,Owned: Owns outright,192
E01032986,East Lindsey 004D,1,Owned: Owns with a mortgage or loan,102
E01032986,East Lindsey 004D,2,Shared ownership: Shared ownership,1
E01032986,East Lindsey 004D,3,Social rented: Rents from council or Local Authority,14
E01032986,East Lindsey 004D,4,Social rented: Other social rented,60
E01032986,East Lindsey 004D,5,Private rented: Private landlord or letting agency,218
E01032986,East Lindsey 004D,6,Private rented: Other private rented,8
E01032986,East Lindsey 004D,7,Lives rent free,0
E01032987,East Lindsey 004E,-8,Does not apply,0
E01032987,East Lindsey 004E,0,Owned: Owns outright,212
E01032987,East Lindsey 004E,1,Owned: Owns with a mortgage or loan,178
E01032987,East Lindsey 004E,2,Shared ownership: Shared ownership,22
E01032987,East Lindsey 004E,3,Social rented: Rents from council or Local Authority,19
E01032987,East Lindsey 004E,4,Social rented: Other social rented,73
E01032987,East Lindsey 004E,5,Private rented: Private landlord or letting agency,184
E01032987,East Lindsey 004E,6,Private rented: Other private rented,16
E01032987,East Lindsey 004E,7,Lives rent free,0
E01032988,North Kesteven 013B,-8,Does not apply,0
E01032988,North Kesteven 013B,0,Owned: Owns outright,160
E01032988,North Kesteven 013B,1,Owned: Owns with a mortgage or loan,297
E01032988,North Kesteven 013B,2,Shared ownership: Shared ownership,18
E01032988,North Kesteven 013B,3,Social rented: Rents from council or Local Authority,90
E01032988,North Kesteven 013B,4,Social rented: Other social rented,85
E01032988,North Kesteven 013B,5,Private rented: Private landlord or letting agency,134
E01032988,North Kesteven 013B,6,Private rented: Other private rented,11
E01032988,North Kesteven 013B,7,Lives rent free,2
E01032989,North Kesteven 013C,-8,Does not apply,0
E01032989,North Kesteven 013C,0,Owned: Owns outright,86
E01032989,North Kesteven 013C,1,Owned: Owns with a mortgage or loan,468
E01032989,North Kesteven 013C,2,Shared ownership: Shared ownership,16
E01032989,North Kesteven 013C,3,Social rented: Rents from council or Local Authority,11
E01032989,North Kesteven 013C,4,Social rented: Other social rented,58
E01032989,North Kesteven 013C,5,Private rented: Private landlord or letting agency,164
E01032989,North Kesteven 013C,6,Private rented: Other private rented,10
E01032989,North Kesteven 013C,7,Lives rent free,0
E01032991,North Kesteven 014E,-8,Does not apply,0
E01032991,North Kesteven 014E,0,Owned: Owns outright,297
E01032991,North Kesteven 014E,1,Owned: Owns with a mortgage or loan,443
E01032991,North Kesteven 014E,2,Shared ownership: Shared ownership,9
E01032991,North Kesteven 014E,3,Social rented: Rents from council or Local Authority,33
E01032991,North Kesteven 014E,4,Social rented: Other social rented,18
E01032991,North Kesteven 014E,5,Private rented: Private landlord or letting agency,118
E01032991,North Kesteven 014E,6,Private rented: Other private rented,21
E01032991,North Kesteven 014E,7,Lives rent free,0
E01032992,North Kesteven 014F,-8,Does not apply,0
E01032992,North Kesteven 014F,0,Owned: Owns outright,287
E01032992,North Kesteven 014F,1,Owned: Owns with a mortgage or loan,203
E01032992,North Kesteven 014F,2,Shared ownership: Shared ownership,8
E01032992,North Kesteven 014F,3,Social rented: Rents from council or Local Authority,49
E01032992,North Kesteven 014F,4,Social rented: Other social rented,14
E01032992,North Kesteven 014F,5,Private rented: Private landlord or letting agency,110
E01032992,North Kesteven 014F,6,Private rented: Other private rented,12
E01032992,North Kesteven 014F,7,Lives rent free,0
E01032993,North Kesteven 013D,-8,Does not apply,0
E01032993,North Kesteven 013D,0,Owned: Owns outright,405
E01032993,North Kesteven 013D,1,Owned: Owns with a mortgage or loan,469
E01032993,North Kesteven 013D,2,Shared ownership: Shared ownership,0
E01032993,North Kesteven 013D,3,Social rented: Rents from council or Local Authority,6
E01032993,North Kesteven 013D,4,Social rented: Other social rented,13
E01032993,North Kesteven 013D,5,Private rented: Private landlord or letting agency,122
E01032993,North Kesteven 013D,6,Private rented: Other private rented,33
E01032993,North Kesteven 013D,7,Lives rent free,0
E01032994,North Kesteven 003H,-8,Does not apply,0
E01032994,North Kesteven 003H,0,Owned: Owns outright,233
E01032994,North Kesteven 003H,1,Owned: Owns with a mortgage or loan,236
E01032994,North Kesteven 003H,2,Shared ownership: Shared ownership,36
E01032994,North Kesteven 003H,3,Social rented: Rents from council or Local Authority,18
E01032994,North Kesteven 003H,4,Social rented: Other social rented,36
E01032994,North Kesteven 003H,5,Private rented: Private landlord or letting agency,86
E01032994,North Kesteven 003H,6,Private rented: Other private rented,23
E01032994,North Kesteven 003H,7,Lives rent free,0
E01032995,South Holland 006F,-8,Does not apply,0
E01032995,South Holland 006F,0,Owned: Owns outright,165
E01032995,South Holland 006F,1,Owned: Owns with a mortgage or loan,91
E01032995,South Holland 006F,2,Shared ownership: Shared ownership,9
E01032995,South Holland 006F,3,Social rented: Rents from council or Local Authority,67
E01032995,South Holland 006F,4,Social rented: Other social rented,48
E01032995,South Holland 006F,5,Private rented: Private landlord or letting agency,324
E01032995,South Holland 006F,6,Private rented: Other private rented,23
E01032995,South Holland 006F,7,Lives rent free,3
E01032996,South Holland 006G,-8,Does not apply,0
E01032996,South Holland 006G,0,Owned: Owns outright,278
E01032996,South Holland 006G,1,Owned: Owns with a mortgage or loan,180
E01032996,South Holland 006G,2,Shared ownership: Shared ownership,2
E01032996,South Holland 006G,3,Social rented: Rents from council or Local Authority,32
E01032996,South Holland 006G,4,Social rented: Other social rented,10
E01032996,South Holland 006G,5,Private rented: Private landlord or letting agency,59
E01032996,South Holland 006G,6,Private rented: Other private rented,7
E01032996,South Holland 006G,7,Lives rent free,0
E01032997,South Kesteven 011E,-8,Does not apply,0
E01032997,South Kesteven 011E,0,Owned: Owns outright,101
E01032997,South Kesteven 011E,1,Owned: Owns with a mortgage or loan,192
E01032997,South Kesteven 011E,2,Shared ownership: Shared ownership,46
E01032997,South Kesteven 011E,3,Social rented: Rents from council or Local Authority,8
E01032997,South Kesteven 011E,4,Social rented: Other social rented,48
E01032997,South Kesteven 011E,5,Private rented: Private landlord or letting agency,91
E01032997,South Kesteven 011E,6,Private rented: Other private rented,5
E01032997,South Kesteven 011E,7,Lives rent free,0
E01032998,South Kesteven 011F,-8,Does not apply,0
E01032998,South Kesteven 011F,0,Owned: Owns outright,125
E01032998,South Kesteven 011F,1,Owned: Owns with a mortgage or loan,344
E01032998,South Kesteven 011F,2,Shared ownership: Shared ownership,20
E01032998,South Kesteven 011F,3,Social rented: Rents from council or Local Authority,8
E01032998,South Kesteven 011F,4,Social rented: Other social rented,44
E01032998,South Kesteven 011F,5,Private rented: Private landlord or letting agency,189
E01032998,South Kesteven 011F,6,Private rented: Other private rented,10
E01032998,South Kesteven 011F,7,Lives rent free,0
E01032999,South Kesteven 011G,-8,Does not apply,0
E01032999,South Kesteven 011G,0,Owned: Owns outright,259
E01032999,South Kesteven 011G,1,Owned: Owns with a mortgage or loan,172
E01032999,South Kesteven 011G,2,Shared ownership: Shared ownership,5
E01032999,South Kesteven 011G,3,Social rented: Rents from council or Local Authority,13
E01032999,South Kesteven 011G,4,Social rented: Other social rented,12
E01032999,South Kesteven 011G,5,Private rented: Private landlord or letting agency,96
E01032999,South Kesteven 011G,6,Private rented: Other private rented,8
E01032999,South Kesteven 011G,7,Lives rent free,1
E01034679,Boston 002F,-8,Does not apply,0
E01034679,Boston 002F,0,Owned: Owns outright,143
E01034679,Boston 002F,1,Owned: Owns with a mortgage or loan,147
E01034679,Boston 002F,2,Shared ownership: Shared ownership,2
E01034679,Boston 002F,3,Social rented: Rents from council or Local Authority,28
E01034679,Boston 002F,4,Social rented: Other social rented,28
E01034679,Boston 002F,5,Private rented: Private landlord or letting agency,188
E01034679,Boston 002F,6,Private rented: Other private rented,14
E01034679,Boston 002F,7,Lives rent free,0
E01034680,Boston 002G,-8,Does not apply,0
E01034680,Boston 002G,0,Owned: Owns outright,60
E01034680,Boston 002G,1,Owned: Owns with a mortgage or loan,85
E01034680,Boston 002G,2,Shared ownership: Shared ownership,0
E01034680,Boston 002G,3,Social rented: Rents from council or Local Authority,153
E01034680,Boston 002G,4,Social rented: Other social rented,124
E01034680,Boston 002G,5,Private rented: Private landlord or letting agency,130
E01034680,Boston 002G,6,Private rented: Other private rented,12
E01034680,Boston 002G,7,Lives rent free,1
E01034681,Boston 003E,-8,Does not apply,0
E01034681,Boston 003E,0,Owned: Owns outright,81
E01034681,Boston 003E,1,Owned: Owns with a mortgage or loan,62
E01034681,Boston 003E,2,Shared ownership: Shared ownership,9
E01034681,Boston 003E,3,Social rented: Rents from council or Local Authority,39
E01034681,Boston 003E,4,Social rented: Other social rented,104
E01034681,Boston 003E,5,Private rented: Private landlord or letting agency,295
E01034681,Boston 003E,6,Private rented: Other private rented,10
E01034681,Boston 003E,7,Lives rent free,0
E01034682,Boston 003F,-8,Does not apply,0
E01034682,Boston 003F,0,Owned: Owns outright,84
E01034682,Boston 003F,1,Owned: Owns with a mortgage or loan,117
E01034682,Boston 003F,2,Shared ownership: Shared ownership,5
E01034682,Boston 003F,3,Social rented: Rents from council or Local Authority,39
E01034682,Boston 003F,4,Social rented: Other social rented,60
E01034682,Boston 003F,5,Private rented: Private landlord or letting agency,318
E01034682,Boston 003F,6,Private rented: Other private rented,32
E01034682,Boston 003F,7,Lives rent free,1
E01034683,Boston 009E,-8,Does not apply,0
E01034683,Boston 009E,0,Owned: Owns outright,216
E01034683,Boston 009E,1,Owned: Owns with a mortgage or loan,203
E01034683,Boston 009E,2,Shared ownership: Shared ownership,7
E01034683,Boston 009E,3,Social rented: Rents from council or Local Authority,8
E01034683,Boston 009E,4,Social rented: Other social rented,19
E01034683,Boston 009E,5,Private rented: Private landlord or letting agency,112
E01034683,Boston 009E,6,Private rented: Other private rented,15
E01034683,Boston 009E,7,Lives rent free,0
E01034684,Boston 009F,-8,Does not apply,0
E01034684,Boston 009F,0,Owned: Owns outright,139
E01034684,Boston 009F,1,Owned: Owns with a mortgage or loan,226
E01034684,Boston 009F,2,Shared ownership: Shared ownership,12
E01034684,Boston 009F,3,Social rented: Rents from council or Local Authority,15
E01034684,Boston 009F,4,Social rented: Other social rented,37
E01034684,Boston 009F,5,Private rented: Private landlord or letting agency,122
E01034684,Boston 009F,6,Private rented: Other private rented,10
E01034684,Boston 009F,7,Lives rent free,0
E01034685,East Lindsey 012E,-8,Does not apply,0
E01034685,East Lindsey 012E,0,Owned: Owns outright,462
E01034685,East Lindsey 012E,1,Owned: Owns with a mortgage or loan,87
E01034685,East Lindsey 012E,2,Shared ownership: Shared ownership,4
E01034685,East Lindsey 012E,3,Social rented: Rents from council or Local Authority,2
E01034685,East Lindsey 012E,4,Social rented: Other social rented,12
E01034685,East Lindsey 012E,5,Private rented: Private landlord or letting agency,66
E01034685,East Lindsey 012E,6,Private rented: Other private rented,8
E01034685,East Lindsey 012E,7,Lives rent free,0
E01034686,East Lindsey 012F,-8,Does not apply,0
E01034686,East Lindsey 012F,0,Owned: Owns outright,216
E01034686,East Lindsey 012F,1,Owned: Owns with a mortgage or loan,201
E01034686,East Lindsey 012F,2,Shared ownership: Shared ownership,13
E01034686,East Lindsey 012F,3,Social rented: Rents from council or Local Authority,7
E01034686,East Lindsey 012F,4,Social rented: Other social rented,30
E01034686,East Lindsey 012F,5,Private rented: Private landlord or letting agency,260
E01034686,East Lindsey 012F,6,Private rented: Other private rented,17
E01034686,East Lindsey 012F,7,Lives rent free,1
E01034687,Lincoln 005E,-8,Does not apply,0
E01034687,Lincoln 005E,0,Owned: Owns outright,92
E01034687,Lincoln 005E,1,Owned: Owns with a mortgage or loan,85
E01034687,Lincoln 005E,2,Shared ownership: Shared ownership,1
E01034687,Lincoln 005E,3,Social rented: Rents from council or Local Authority,5
E01034687,Lincoln 005E,4,Social rented: Other social rented,17
E01034687,Lincoln 005E,5,Private rented: Private landlord or letting agency,252
E01034687,Lincoln 005E,6,Private rented: Other private rented,7
E01034687,Lincoln 005E,7,Lives rent free,0
E01034688,Lincoln 005F,-8,Does not apply,0
E01034688,Lincoln 005F,0,Owned: Owns outright,82
E01034688,Lincoln 005F,1,Owned: Owns with a mortgage or loan,65
E01034688,Lincoln 005F,2,Shared ownership: Shared ownership,0
E01034688,Lincoln 005F,3,Social rented: Rents from council or Local Authority,11
E01034688,Lincoln 005F,4,Social rented: Other social rented,17
E01034688,Lincoln 005F,5,Private rented: Private landlord or letting agency,244
E01034688,Lincoln 005F,6,Private rented: Other private rented,14
E01034688,Lincoln 005F,7,Lives rent free,0
E01034689,Lincoln 007E,-8,Does not apply,0
E01034689,Lincoln 007E,0,Owned: Owns outright,114
E01034689,Lincoln 007E,1,Owned: Owns with a mortgage or loan,187
E01034689,Lincoln 007E,2,Shared ownership: Shared ownership,13
E01034689,Lincoln 007E,3,Social rented: Rents from council or Local Authority,29
E01034689,Lincoln 007E,4,Social rented: Other social rented,17
E01034689,Lincoln 007E,5,Private rented: Private landlord or letting agency,143
E01034689,Lincoln 007E,6,Private rented: Other private rented,16
E01034689,Lincoln 007E,7,Lives rent free,0
E01034690,Lincoln 007F,-8,Does not apply,0
E01034690,Lincoln 007F,0,Owned: Owns outright,251
E01034690,Lincoln 007F,1,Owned: Owns with a mortgage or loan,235
E01034690,Lincoln 007F,2,Shared ownership: Shared ownership,3
E01034690,Lincoln 007F,3,Social rented: Rents from council or Local Authority,49
E01034690,Lincoln 007F,4,Social rented: Other social rented,13
E01034690,Lincoln 007F,5,Private rented: Private landlord or letting agency,128
E01034690,Lincoln 007F,6,Private rented: Other private rented,12
E01034690,Lincoln 007F,7,Lives rent free,0
E01034691,Lincoln 008E,-8,Does not apply,0
E01034691,Lincoln 008E,0,Owned: Owns outright,74
E01034691,Lincoln 008E,1,Owned: Owns with a mortgage or loan,76
E01034691,Lincoln 008E,2,Shared ownership: Shared ownership,5
E01034691,Lincoln 008E,3,Social rented: Rents from council or Local Authority,26
E01034691,Lincoln 008E,4,Social rented: Other social rented,141
E01034691,Lincoln 008E,5,Private rented: Private landlord or letting agency,131
E01034691,Lincoln 008E,6,Private rented: Other private rented,9
E01034691,Lincoln 008E,7,Lives rent free,0
E01034692,Lincoln 008F,-8,Does not apply,0
E01034692,Lincoln 008F,0,Owned: Owns outright,132
E01034692,Lincoln 008F,1,Owned: Owns with a mortgage or loan,111
E01034692,Lincoln 008F,2,Shared ownership: Shared ownership,19
E01034692,Lincoln 008F,3,Social rented: Rents from council or Local Authority,13
E01034692,Lincoln 008F,4,Social rented: Other social rented,20
E01034692,Lincoln 008F,5,Private rented: Private landlord or letting agency,328
E01034692,Lincoln 008F,6,Private rented: Other private rented,17
E01034692,Lincoln 008F,7,Lives rent free,0
E01034693,North Kesteven 003I,-8,Does not apply,0
E01034693,North Kesteven 003I,0,Owned: Owns outright,87
E01034693,North Kesteven 003I,1,Owned: Owns with a mortgage or loan,476
E01034693,North Kesteven 003I,2,Shared ownership: Shared ownership,7
E01034693,North Kesteven 003I,3,Social rented: Rents from council or Local Authority,10
E01034693,North Kesteven 003I,4,Social rented: Other social rented,11
E01034693,North Kesteven 003I,5,Private rented: Private landlord or letting agency,67
E01034693,North Kesteven 003I,6,Private rented: Other private rented,15
E01034693,North Kesteven 003I,7,Lives rent free,0
E01034694,North Kesteven 003J,-8,Does not apply,0
E01034694,North Kesteven 003J,0,Owned: Owns outright,108
E01034694,North Kesteven 003J,1,Owned: Owns with a mortgage or loan,399
E01034694,North Kesteven 003J,2,Shared ownership: Shared ownership,2
E01034694,North Kesteven 003J,3,Social rented: Rents from council or Local Authority,13
E01034694,North Kesteven 003J,4,Social rented: Other social rented,3
E01034694,North Kesteven 003J,5,Private rented: Private landlord or letting agency,173
E01034694,North Kesteven 003J,6,Private rented: Other private rented,12
E01034694,North Kesteven 003J,7,Lives rent free,0
E01034695,North Kesteven 011F,-8,Does not apply,0
E01034695,North Kesteven 011F,0,Owned: Owns outright,122
E01034695,North Kesteven 011F,1,Owned: Owns with a mortgage or loan,347
E01034695,North Kesteven 011F,2,Shared ownership: Shared ownership,59
E01034695,North Kesteven 011F,3,Social rented: Rents from council or Local Authority,19
E01034695,North Kesteven 011F,4,Social rented: Other social rented,25
E01034695,North Kesteven 011F,5,Private rented: Private landlord or letting agency,105
E01034695,North Kesteven 011F,6,Private rented: Other private rented,69
E01034695,North Kesteven 011F,7,Lives rent free,1
E01034696,North Kesteven 011G,-8,Does not apply,0
E01034696,North Kesteven 011G,0,Owned: Owns outright,318
E01034696,North Kesteven 011G,1,Owned: Owns with a mortgage or loan,256
E01034696,North Kesteven 011G,2,Shared ownership: Shared ownership,0
E01034696,North Kesteven 011G,3,Social rented: Rents from council or Local Authority,0
E01034696,North Kesteven 011G,4,Social rented: Other social rented,1
E01034696,North Kesteven 011G,5,Private rented: Private landlord or letting agency,35
E01034696,North Kesteven 011G,6,Private rented: Other private rented,13
E01034696,North Kesteven 011G,7,Lives rent free,0
E01034697,South Holland 006H,-8,Does not apply,0
E01034697,South Holland 006H,0,Owned: Owns outright,206
E01034697,South Holland 006H,1,Owned: Owns with a mortgage or loan,264
E01034697,South Holland 006H,2,Shared ownership: Shared ownership,34
E01034697,South Holland 006H,3,Social rented: Rents from council or Local Authority,17
E01034697,South Holland 006H,4,Social rented: Other social rented,24
E01034697,South Holland 006H,5,Private rented: Private landlord or letting agency,97
E01034697,South Holland 006H,6,Private rented: Other private rented,8
E01034697,South Holland 006H,7,Lives rent free,0
E01034698,South Holland 006I,-8,Does not apply,0
E01034698,South Holland 006I,0,Owned: Owns outright,136
E01034698,South Holland 006I,1,Owned: Owns with a mortgage or loan,335
E01034698,South Holland 006I,2,Shared ownership: Shared ownership,18
E01034698,South Holland 006I,3,Social rented: Rents from council or Local Authority,6
E01034698,South Holland 006I,4,Social rented: Other social rented,40
E01034698,South Holland 006I,5,Private rented: Private landlord or letting agency,91
E01034698,South Holland 006I,6,Private rented: Other private rented,5
E01034698,South Holland 006I,7,Lives rent free,0
E01034699,South Holland 009F,-8,Does not apply,0
E01034699,South Holland 009F,0,Owned: Owns outright,115
E01034699,South Holland 009F,1,Owned: Owns with a mortgage or loan,141
E01034699,South Holland 009F,2,Shared ownership: Shared ownership,26
E01034699,South Holland 009F,3,Social rented: Rents from council or Local Authority,13
E01034699,South Holland 009F,4,Social rented: Other social rented,45
E01034699,South Holland 009F,5,Private rented: Private landlord or letting agency,200
E01034699,South Holland 009F,6,Private rented: Other private rented,9
E01034699,South Holland 009F,7,Lives rent free,0
E01034700,South Holland 009G,-8,Does not apply,0
E01034700,South Holland 009G,0,Owned: Owns outright,326
E01034700,South Holland 009G,1,Owned: Owns with a mortgage or loan,162
E01034700,South Holland 009G,2,Shared ownership: Shared ownership,10
E01034700,South Holland 009G,3,Social rented: Rents from council or Local Authority,7
E01034700,South Holland 009G,4,Social rented: Other social rented,28
E01034700,South Holland 009G,5,Private rented: Private landlord or letting agency,129
E01034700,South Holland 009G,6,Private rented: Other private rented,6
E01034700,South Holland 009G,7,Lives rent free,0
E01034701,South Kesteven 004F,-8,Does not apply,0
E01034701,South Kesteven 004F,0,Owned: Owns outright,70
E01034701,South Kesteven 004F,1,Owned: Owns with a mortgage or loan,415
E01034701,South Kesteven 004F,2,Shared ownership: Shared ownership,24
E01034701,South Kesteven 004F,3,Social rented: Rents from council or Local Authority,10
E01034701,South Kesteven 004F,4,Social rented: Other social rented,38
E01034701,South Kesteven 004F,5,Private rented: Private landlord or letting agency,41
E01034701,South Kesteven 004F,6,Private rented: Other private rented,4
E01034701,South Kesteven 004F,7,Lives rent free,0
E01034702,South Kesteven 004G,-8,Does not apply,0
E01034702,South Kesteven 004G,0,Owned: Owns outright,304
E01034702,South Kesteven 004G,1,Owned: Owns with a mortgage or loan,263
E01034702,South Kesteven 004G,2,Shared ownership: Shared ownership,0
E01034702,South Kesteven 004G,3,Social rented: Rents from council or Local Authority,0
E01034702,South Kesteven 004G,4,Social rented: Other social rented,8
E01034702,South Kesteven 004G,5,Private rented: Private landlord or letting agency,66
E01034702,South Kesteven 004G,6,Private rented: Other private rented,8
E01034702,South Kesteven 004G,7,Lives rent free,0
E01034703,South Kesteven 010E,-8,Does not apply,0
E01034703,South Kesteven 010E,0,Owned: Owns outright,324
E01034703,South Kesteven 010E,1,Owned: Owns with a mortgage or loan,153
E01034703,South Kesteven 010E,2,Shared ownership: Shared ownership,1
E01034703,South Kesteven 010E,3,Social rented: Rents from council or Local Authority,5
E01034703,South Kesteven 010E,4,Social rented: Other social rented,12
E01034703,South Kesteven 010E,5,Private rented: Private landlord or letting agency,69
E01034703,South Kesteven 010E,6,Private rented: Other private rented,10
E01034703,South Kesteven 010E,7,Lives rent free,0
E01034704,South Kesteven 010F,-8,Does not apply,0
E01034704,South Kesteven 010F,0,Owned: Owns outright,57
E01034704,South Kesteven 010F,1,Owned: Owns with a mortgage or loan,312
E01034704,South Kesteven 010F,2,Shared ownership: Shared ownership,30
E01034704,South Kesteven 010F,3,Social rented: Rents from council or Local Authority,5
E01034704,South Kesteven 010F,4,Social rented: Other social rented,33
E01034704,South Kesteven 010F,5,Private rented: Private landlord or letting agency,103
E01034704,South Kesteven 010F,6,Private rented: Other private rented,7
E01034704,South Kesteven 010F,7,Lives rent free,0
E01034705,South Kesteven 010G,-8,Does not apply,0
E01034705,South Kesteven 010G,0,Owned: Owns outright,88
E01034705,South Kesteven 010G,1,Owned: Owns with a mortgage or loan,315
E01034705,South Kesteven 010G,2,Shared ownership: Shared ownership,22
E01034705,South Kesteven 010G,3,Social rented: Rents from council or Local Authority,4
E01034705,South Kesteven 010G,4,Social rented: Other social rented,19
E01034705,South Kesteven 010G,5,Private rented: Private landlord or letting agency,89
E01034705,South Kesteven 010G,6,Private rented: Other private rented,10
E01034705,South Kesteven 010G,7,Lives rent free,0
E01034706,West Lindsey 009E,-8,Does not apply,0
E01034706,West Lindsey 009E,0,Owned: Owns outright,237
E01034706,West Lindsey 009E,1,Owned: Owns with a mortgage or loan,279
E01034706,West Lindsey 009E,2,Shared ownership: Shared ownership,16
E01034706,West Lindsey 009E,3,Social rented: Rents from council or Local Authority,6
E01034706,West Lindsey 009E,4,Social rented: Other social rented,31
E01034706,West Lindsey 009E,5,Private rented: Private landlord or letting agency,60
E01034706,West Lindsey 009E,6,Private rented: Other private rented,15
E01034706,West Lindsey 009E,7,Lives rent free,0
E01034707,West Lindsey 009F,-8,Does not apply,0
E01034707,West Lindsey 009F,0,Owned: Owns outright,294
E01034707,West Lindsey 009F,1,Owned: Owns with a mortgage or loan,161
E01034707,West Lindsey 009F,2,Shared ownership: Shared ownership,1
E01034707,West Lindsey 009F,3,Social rented: Rents from council or Local Authority,0
E01034707,West Lindsey 009F,4,Social rented: Other social rented,6
E01034707,West Lindsey 009F,5,Private rented: Private landlord or letting agency,124
E01034707,West Lindsey 009F,6,Private rented: Other private rented,24
E01034707,West Lindsey 009F,7,Lives rent free,0
